In / Out of Top N SubCats by Profit,Measure Names,Product Name,SubCat Group,Margin Rank,Product Group Header,Product Name Group,SubCat Group for Reset,Measure Values
All, Margin ,All,All,All,All,All,Accessories,0.124672172
All, Profit ,All,All,All,All,All,Accessories,"286,397.0217"
All, Sales ,All,All,All,All,All,Accessories,"2,297,200.8603"
In, Margin ,Canon Image Class D660 Copier,Copiers,1,,Canon Image Class D660 Copier,Copiers,0.427272727
In, Profit ,Canon Image Class D660 Copier,Copiers,1,,Canon Image Class D660 Copier,Copiers,"1,691.9718"
In, Sales ,Canon Image Class D660 Copier,Copiers,1,,Canon Image Class D660 Copier,Copiers,"3,959.934"
In, Margin ,Canon imageCLASS 2200 Advanced Copier,Copiers,2,,Canon imageCLASS 2200 Advanced Copier,Copiers,0.409090909
In, Profit ,Canon imageCLASS 2200 Advanced Copier,Copiers,2,,Canon imageCLASS 2200 Advanced Copier,Copiers,"25,199.928"
In, Sales ,Canon imageCLASS 2200 Advanced Copier,Copiers,2,,Canon imageCLASS 2200 Advanced Copier,Copiers,"61,599.824"
In, Margin ,Canon PC940 Copier,Copiers,6,►,All Others,Copiers,0.316055914
In, Profit ,Canon PC940 Copier,Copiers,6,►,All Others,Copiers,"15,521.1368"
In, Sales ,Canon PC940 Copier,Copiers,6,►,All Others,Copiers,"49,108.832"
In, Margin ,Canon PC1060 Personal Laser Copier,Copiers,3,,Canon PC1060 Personal Laser Copier,Copiers,0.393373494
In, Profit ,Canon PC1060 Personal Laser Copier,Copiers,3,,Canon PC1060 Personal Laser Copier,Copiers,"4,570.9347"
In, Sales ,Canon PC1060 Personal Laser Copier,Copiers,3,,Canon PC1060 Personal Laser Copier,Copiers,"11,619.834"
In, Margin ,Hewlett Packard LaserJet 3310 Copier,Copiers,5,,Hewlett Packard LaserJet 3310 Copier,Copiers,0.370700637
In, Profit ,Hewlett Packard LaserJet 3310 Copier,Copiers,5,,Hewlett Packard LaserJet 3310 Copier,Copiers,"6,983.8836"
In, Sales ,Hewlett Packard LaserJet 3310 Copier,Copiers,5,,Hewlett Packard LaserJet 3310 Copier,Copiers,"18,839.686"
In, Margin ,Sharp 1540cs Digital Laser Copier,Copiers,4,,Sharp 1540cs Digital Laser Copier,Copiers,0.375
In, Profit ,Sharp 1540cs Digital Laser Copier,Copiers,4,,Sharp 1540cs Digital Laser Copier,Copiers,"1,649.97"
In, Sales ,Sharp 1540cs Digital Laser Copier,Copiers,4,,Sharp 1540cs Digital Laser Copier,Copiers,"4,399.92"
In, Margin ,All,Copiers,All,All,All,Copiers,0.371955846
In, Profit ,All,Copiers,All,All,All,Copiers,"55,617.8249"
In, Sales ,All,Copiers,All,All,All,Copiers,"149,528.03"
In, Margin ,Innergie mMini Combo Duo USB Travel Charging Kit,Phones,4,,Innergie mMini Combo Duo USB Travel Charging Kit,Phones,0.404819277
In, Profit ,Innergie mMini Combo Duo USB Travel Charging Kit,Phones,4,,Innergie mMini Combo Duo USB Travel Charging Kit,Phones,302.3328
In, Sales ,Innergie mMini Combo Duo USB Travel Charging Kit,Phones,4,,Innergie mMini Combo Duo USB Travel Charging Kit,Phones,746.834
In, Margin ,invisibleSHIELD by ZAGG Smudge-Free Screen Protector,Phones,6,►,All Others,Phones,0.131538117
In, Profit ,invisibleSHIELD by ZAGG Smudge-Free Screen Protector,Phones,6,►,All Others,Phones,"42,901.3114"
In, Sales ,invisibleSHIELD by ZAGG Smudge-Free Screen Protector,Phones,6,►,All Others,Phones,"326,151.176"
In, Margin ,Jackery Bar Premium Fast-charging Portable Charger,Phones,2,,Jackery Bar Premium Fast-charging Portable Charger,Phones,0.411538462
In, Profit ,Jackery Bar Premium Fast-charging Portable Charger,Phones,2,,Jackery Bar Premium Fast-charging Portable Charger,Phones,192.279
In, Sales ,Jackery Bar Premium Fast-charging Portable Charger,Phones,2,,Jackery Bar Premium Fast-charging Portable Charger,Phones,467.22
In, Margin ,Jawbone JAMBOX Wireless Bluetooth Speaker,Phones,1,,Jawbone JAMBOX Wireless Bluetooth Speaker,Phones,0.43125
In, Profit ,Jawbone JAMBOX Wireless Bluetooth Speaker,Phones,1,,Jawbone JAMBOX Wireless Bluetooth Speaker,Phones,872.1048
In, Sales ,Jawbone JAMBOX Wireless Bluetooth Speaker,Phones,1,,Jawbone JAMBOX Wireless Bluetooth Speaker,Phones,"2,022.272"
In, Margin ,PowerGen Dual USB Car Charger,Phones,3,,PowerGen Dual USB Car Charger,Phones,0.409375
In, Profit ,PowerGen Dual USB Car Charger,Phones,3,,PowerGen Dual USB Car Charger,Phones,52.3476
In, Sales ,PowerGen Dual USB Car Charger,Phones,3,,PowerGen Dual USB Car Charger,Phones,127.872
In, Margin ,Samsung HM1900 Bluetooth Headset,Phones,5,,Samsung HM1900 Bluetooth Headset,Phones,0.397321429
In, Profit ,Samsung HM1900 Bluetooth Headset,Phones,5,,Samsung HM1900 Bluetooth Headset,Phones,195.355
In, Sales ,Samsung HM1900 Bluetooth Headset,Phones,5,,Samsung HM1900 Bluetooth Headset,Phones,491.68
In, Margin ,All,Phones,All,All,All,Phones,0.134893270
In, Profit ,All,Phones,All,All,All,Phones,"44,515.7306"
In, Sales ,All,Phones,All,All,All,Phones,"330,007.054"
In, Margin ,Enermax Aurora Lite Keyboard,Accessories,2,,Enermax Aurora Lite Keyboard,Accessories,0.44
In, Profit ,Enermax Aurora Lite Keyboard,Accessories,2,,Enermax Aurora Lite Keyboard,Accessories,722.106
In, Sales ,Enermax Aurora Lite Keyboard,Accessories,2,,Enermax Aurora Lite Keyboard,Accessories,"1,641.15"
In, Margin ,Imation Bio 2GB USB Flash Drive Imation Corp,Accessories,6,►,All Others,Accessories,0.238003731
In, Profit ,Imation Bio 2GB USB Flash Drive Imation Corp,Accessories,6,►,All Others,Accessories,"37,230.3463"
In, Sales ,Imation Bio 2GB USB Flash Drive Imation Corp,Accessories,6,►,All Others,Accessories,"156,427.574"
In, Margin ,Logitech Illuminated - Keyboard,Accessories,1,,Logitech Illuminated - Keyboard,Accessories,0.452631579
In, Profit ,Logitech Illuminated - Keyboard,Accessories,1,,Logitech Illuminated - Keyboard,Accessories,515.914
In, Sales ,Logitech Illuminated - Keyboard,Accessories,1,,Logitech Illuminated - Keyboard,Accessories,"1,139.81"
In, Margin ,Maxell DVD-RAM Discs,Accessories,3,,Maxell DVD-RAM Discs,Accessories,0.43
In, Profit ,Maxell DVD-RAM Discs,Accessories,3,,Maxell DVD-RAM Discs,Accessories,127.5552
In, Sales ,Maxell DVD-RAM Discs,Accessories,3,,Maxell DVD-RAM Discs,Accessories,296.64
In, Margin ,Maxell iVDR EX 500GB Cartridge,Accessories,4,,Maxell iVDR EX 500GB Cartridge,Accessories,0.43
In, Profit ,Maxell iVDR EX 500GB Cartridge,Accessories,4,,Maxell iVDR EX 500GB Cartridge,Accessories,"1,184.822"
In, Sales ,Maxell iVDR EX 500GB Cartridge,Accessories,4,,Maxell iVDR EX 500GB Cartridge,Accessories,"2,755.4"
In, Margin ,Razer Tiamat Over Ear 7.1 Surround Sound PC Gaming Headset,Accessories,5,,Razer Tiamat Over Ear 7.1 Surround Sound PC Gaming Headset,Accessories,0.42109375
In, Profit ,Razer Tiamat Over Ear 7.1 Surround Sound PC Gaming Headset,Accessories,5,,Razer Tiamat Over Ear 7.1 Surround Sound PC Gaming Headset,Accessories,"2,155.8922"
In, Sales ,Razer Tiamat Over Ear 7.1 Surround Sound PC Gaming Headset,Accessories,5,,Razer Tiamat Over Ear 7.1 Surround Sound PC Gaming Headset,Accessories,"5,119.744"
In, Margin ,All,Accessories,All,All,All,Accessories,0.250546995
In, Profit ,All,Accessories,All,All,All,Accessories,"41,936.6357"
In, Sales ,All,Accessories,All,All,All,Accessories,"167,380.318"
Out, Margin ,"1.7 Cubic Foot Compact ""Cube"" Office Refrigerators",All Others,829,▼,"1.7 Cubic Foot Compact ""Cube"" Office Refrigerators",,0.213846154
Out, Profit ,"1.7 Cubic Foot Compact ""Cube"" Office Refrigerators",All Others,829,▼,"1.7 Cubic Foot Compact ""Cube"" Office Refrigerators",,578.6848
Out, Sales ,"1.7 Cubic Foot Compact ""Cube"" Office Refrigerators",All Others,829,▼,"1.7 Cubic Foot Compact ""Cube"" Office Refrigerators",,"2,706.08"
Out, Margin ,"1/4 Fold Party Design Invitations & White Envelopes, 24 8-1/2"" X 11"" Cards, 25 Env./Pack",All Others,132,▼,"1/4 Fold Party Design Invitations & White Envelopes, 24 8-1/2"" X 11"" Cards, 25 Env./Pack",,0.454411765
Out, Profit ,"1/4 Fold Party Design Invitations & White Envelopes, 24 8-1/2"" X 11"" Cards, 25 Env./Pack",All Others,132,▼,"1/4 Fold Party Design Invitations & White Envelopes, 24 8-1/2"" X 11"" Cards, 25 Env./Pack",,22.7115
Out, Sales ,"1/4 Fold Party Design Invitations & White Envelopes, 24 8-1/2"" X 11"" Cards, 25 Env./Pack",All Others,132,▼,"1/4 Fold Party Design Invitations & White Envelopes, 24 8-1/2"" X 11"" Cards, 25 Env./Pack",,49.98
Out, Margin ,3-ring staple pack,All Others,374,▼,3-ring staple pack,,0.396428571
Out, Profit ,3-ring staple pack,All Others,374,▼,3-ring staple pack,,16.6944
Out, Sales ,3-ring staple pack,All Others,374,▼,3-ring staple pack,,42.112
Out, Margin ,3.6 Cubic Foot Counter Height Office Refrigerator,All Others,"1,457",▼,3.6 Cubic Foot Counter Height Office Refrigerator,,-0.296
Out, Profit ,3.6 Cubic Foot Counter Height Office Refrigerator,All Others,"1,457",▼,3.6 Cubic Foot Counter Height Office Refrigerator,,-872.0752
Out, Sales ,3.6 Cubic Foot Counter Height Office Refrigerator,All Others,"1,457",▼,3.6 Cubic Foot Counter Height Office Refrigerator,,"2,946.2"
Out, Margin ,"3D Systems Cube Printer, 2nd Generation, Magenta",All Others,700,▼,"3D Systems Cube Printer, 2nd Generation, Magenta",,0.26
Out, Profit ,"3D Systems Cube Printer, 2nd Generation, Magenta",All Others,700,▼,"3D Systems Cube Printer, 2nd Generation, Magenta",,"3,717.9714"
Out, Sales ,"3D Systems Cube Printer, 2nd Generation, Magenta",All Others,700,▼,"3D Systems Cube Printer, 2nd Generation, Magenta",,"14,299.89"
Out, Margin ,"3D Systems Cube Printer, 2nd Generation, White",All Others,"1,429",▼,"3D Systems Cube Printer, 2nd Generation, White",,-0.2
Out, Profit ,"3D Systems Cube Printer, 2nd Generation, White",All Others,"1,429",▼,"3D Systems Cube Printer, 2nd Generation, White",,-467.9964
Out, Sales ,"3D Systems Cube Printer, 2nd Generation, White",All Others,"1,429",▼,"3D Systems Cube Printer, 2nd Generation, White",,"2,339.982"
Out, Margin ,3M Hangers With Command Adhesive,All Others,523,▼,3M Hangers With Command Adhesive,,0.333219178
Out, Profit ,3M Hangers With Command Adhesive,All Others,523,▼,3M Hangers With Command Adhesive,,36.001
Out, Sales ,3M Hangers With Command Adhesive,All Others,523,▼,3M Hangers With Command Adhesive,,108.04
Out, Margin ,3M Office Air Cleaner,All Others,479,▼,3M Office Air Cleaner,,0.35
Out, Profit ,3M Office Air Cleaner,All Others,479,▼,3M Office Air Cleaner,,90.93
Out, Sales ,3M Office Air Cleaner,All Others,479,▼,3M Office Air Cleaner,,259.8
Out, Margin ,3M Organizer Strips,All Others,"1,047",▼,3M Organizer Strips,,0.122077922
Out, Profit ,3M Organizer Strips,All Others,"1,047",▼,3M Organizer Strips,,10.152
Out, Sales ,3M Organizer Strips,All Others,"1,047",▼,3M Organizer Strips,,83.16
Out, Margin ,3M Polarizing Light Filter Sleeves,All Others,497,▼,3M Polarizing Light Filter Sleeves,,0.348275862
Out, Profit ,3M Polarizing Light Filter Sleeves,All Others,497,▼,3M Polarizing Light Filter Sleeves,,75.346
Out, Sales ,3M Polarizing Light Filter Sleeves,All Others,497,▼,3M Polarizing Light Filter Sleeves,,216.34
Out, Margin ,"3M Polarizing Task Lamp with Clamp Arm, Light Gray",All Others,690,▼,"3M Polarizing Task Lamp with Clamp Arm, Light Gray",,0.26
Out, Profit ,"3M Polarizing Task Lamp with Clamp Arm, Light Gray",All Others,690,▼,"3M Polarizing Task Lamp with Clamp Arm, Light Gray",,569.8368
Out, Sales ,"3M Polarizing Task Lamp with Clamp Arm, Light Gray",All Others,690,▼,"3M Polarizing Task Lamp with Clamp Arm, Light Gray",,"2,191.68"
Out, Margin ,3M Replacement Filter for Office Air Cleaner for 20' x 33' Room,All Others,"1,317",▼,3M Replacement Filter for Office Air Cleaner for 20' x 33' Room,,-0.0675
Out, Profit ,3M Replacement Filter for Office Air Cleaner for 20' x 33' Room,All Others,"1,317",▼,3M Replacement Filter for Office Air Cleaner for 20' x 33' Room,,-20.4768
Out, Sales ,3M Replacement Filter for Office Air Cleaner for 20' x 33' Room,All Others,"1,317",▼,3M Replacement Filter for Office Air Cleaner for 20' x 33' Room,,303.36
Out, Margin ,"6"" Cubicle Wall Clock, Black",All Others,848,▼,"6"" Cubicle Wall Clock, Black",,0.210389610
Out, Profit ,"6"" Cubicle Wall Clock, Black",All Others,848,▼,"6"" Cubicle Wall Clock, Black",,26.2116
Out, Sales ,"6"" Cubicle Wall Clock, Black",All Others,848,▼,"6"" Cubicle Wall Clock, Black",,124.586
Out, Margin ,9-3/4 Diameter Round Wall Clock,All Others,353,▼,9-3/4 Diameter Round Wall Clock,,0.402424242
Out, Profit ,9-3/4 Diameter Round Wall Clock,All Others,353,▼,9-3/4 Diameter Round Wall Clock,,183.1312
Out, Sales ,9-3/4 Diameter Round Wall Clock,All Others,353,▼,9-3/4 Diameter Round Wall Clock,,455.07
Out, Margin ,12 Colored Short Pencils,All Others,952,▼,12 Colored Short Pencils,,0.165714286
Out, Profit ,12 Colored Short Pencils,All Others,952,▼,12 Colored Short Pencils,,3.016
Out, Sales ,12 Colored Short Pencils,All Others,952,▼,12 Colored Short Pencils,,18.2
Out, Margin ,12-1/2 Diameter Round Wall Clock,All Others,954,▼,12-1/2 Diameter Round Wall Clock,,0.165217391
Out, Profit ,12-1/2 Diameter Round Wall Clock,All Others,954,▼,12-1/2 Diameter Round Wall Clock,,91.1088
Out, Sales ,12-1/2 Diameter Round Wall Clock,All Others,954,▼,12-1/2 Diameter Round Wall Clock,,551.448
Out, Margin ,14-7/8 x 11 Blue Bar Computer Printout Paper,All Others,333,▼,14-7/8 x 11 Blue Bar Computer Printout Paper,,0.409090909
Out, Profit ,14-7/8 x 11 Blue Bar Computer Printout Paper,All Others,333,▼,14-7/8 x 11 Blue Bar Computer Printout Paper,,172.944
Out, Sales ,14-7/8 x 11 Blue Bar Computer Printout Paper,All Others,333,▼,14-7/8 x 11 Blue Bar Computer Printout Paper,,422.752
Out, Margin ,"24 Capacity Maxi Data Binder Racks, Pearl",All Others,990,▼,"24 Capacity Maxi Data Binder Racks, Pearl",,0.151785714
Out, Profit ,"24 Capacity Maxi Data Binder Racks, Pearl",All Others,990,▼,"24 Capacity Maxi Data Binder Racks, Pearl",,536.9025
Out, Sales ,"24 Capacity Maxi Data Binder Racks, Pearl",All Others,990,▼,"24 Capacity Maxi Data Binder Racks, Pearl",,"3,537.24"
Out, Margin ,24-Hour Round Wall Clock,All Others,441,▼,24-Hour Round Wall Clock,,0.369262295
Out, Profit ,24-Hour Round Wall Clock,All Others,441,▼,24-Hour Round Wall Clock,,180.0198
Out, Sales ,24-Hour Round Wall Clock,All Others,441,▼,24-Hour Round Wall Clock,,487.512
Out, Margin ,36X48 HARDFLOOR CHAIRMAT,All Others,"1,365",▼,36X48 HARDFLOOR CHAIRMAT,,-0.109659091
Out, Profit ,36X48 HARDFLOOR CHAIRMAT,All Others,"1,365",▼,36X48 HARDFLOOR CHAIRMAT,,-40.4914
Out, Sales ,36X48 HARDFLOOR CHAIRMAT,All Others,"1,365",▼,36X48 HARDFLOOR CHAIRMAT,,369.248
Out, Margin ,50 Colored Long Pencils,All Others,751,▼,50 Colored Long Pencils,,0.238235294
Out, Profit ,50 Colored Long Pencils,All Others,751,▼,50 Colored Long Pencils,,32.9184
Out, Sales ,50 Colored Long Pencils,All Others,751,▼,50 Colored Long Pencils,,138.176
Out, Margin ,2300 Heavy-Duty Transfer File Systems by Perma,All Others,"1,157",▼,2300 Heavy-Duty Transfer File Systems by Perma,,0.060869565
Out, Profit ,2300 Heavy-Duty Transfer File Systems by Perma,All Others,"1,157",▼,2300 Heavy-Duty Transfer File Systems by Perma,,20.9832
Out, Sales ,2300 Heavy-Duty Transfer File Systems by Perma,All Others,"1,157",▼,2300 Heavy-Duty Transfer File Systems by Perma,,344.724
Out, Margin ,4009 Highlighters,All Others,507,▼,4009 Highlighters,,0.34
Out, Profit ,4009 Highlighters,All Others,507,▼,4009 Highlighters,,2.7336
Out, Sales ,4009 Highlighters,All Others,507,▼,4009 Highlighters,,8.04
Out, Margin ,4009 Highlighters by Sanford,All Others,555,▼,4009 Highlighters by Sanford,,0.314418605
Out, Profit ,4009 Highlighters by Sanford,All Others,555,▼,4009 Highlighters by Sanford,,53.8096
Out, Sales ,4009 Highlighters by Sanford,All Others,555,▼,4009 Highlighters by Sanford,,171.14
Out, Margin ,"""While you Were Out"" Message Book, One Form per Page",All Others,313,▼,"""While you Were Out"" Message Book, One Form per Page",,0.411764706
Out, Profit ,"""While you Were Out"" Message Book, One Form per Page",All Others,313,▼,"""While you Were Out"" Message Book, One Form per Page",,10.388
Out, Sales ,"""While you Were Out"" Message Book, One Form per Page",All Others,313,▼,"""While you Were Out"" Message Book, One Form per Page",,25.228
Out, Margin ,#6 3/4 Gummed Flap White Envelopes,All Others,483,▼,#6 3/4 Gummed Flap White Envelopes,,0.35
Out, Profit ,#6 3/4 Gummed Flap White Envelopes,All Others,483,▼,#6 3/4 Gummed Flap White Envelopes,,24.948
Out, Sales ,#6 3/4 Gummed Flap White Envelopes,All Others,483,▼,#6 3/4 Gummed Flap White Envelopes,,71.28
Out, Margin ,"#10 Gummed Flap White Envelopes, 100/Box",All Others,340,▼,"#10 Gummed Flap White Envelopes, 100/Box",,0.406
Out, Profit ,"#10 Gummed Flap White Envelopes, 100/Box",All Others,340,▼,"#10 Gummed Flap White Envelopes, 100/Box",,16.7678
Out, Sales ,"#10 Gummed Flap White Envelopes, 100/Box",All Others,340,▼,"#10 Gummed Flap White Envelopes, 100/Box",,41.3
Out, Margin ,#10 Self-Seal White Envelopes,All Others,45,▼,#10 Self-Seal White Envelopes,,0.479591837
Out, Profit ,#10 Self-Seal White Envelopes,All Others,45,▼,#10 Self-Seal White Envelopes,,52.123
Out, Sales ,#10 Self-Seal White Envelopes,All Others,45,▼,#10 Self-Seal White Envelopes,,108.682
Out, Margin ,"#10 White Business Envelopes,4 1/8 x 9 1/2",All Others,125,▼,"#10 White Business Envelopes,4 1/8 x 9 1/2",,0.456410256
Out, Profit ,"#10 White Business Envelopes,4 1/8 x 9 1/2",All Others,125,▼,"#10 White Business Envelopes,4 1/8 x 9 1/2",,223.1408
Out, Sales ,"#10 White Business Envelopes,4 1/8 x 9 1/2",All Others,125,▼,"#10 White Business Envelopes,4 1/8 x 9 1/2",,488.904
Out, Margin ,"#10- 4 1/8"" x 9 1/2"" Recycled Envelopes",All Others,355,▼,"#10- 4 1/8"" x 9 1/2"" Recycled Envelopes",,0.402134146
Out, Profit ,"#10- 4 1/8"" x 9 1/2"" Recycled Envelopes",All Others,355,▼,"#10- 4 1/8"" x 9 1/2"" Recycled Envelopes",,115.2806
Out, Sales ,"#10- 4 1/8"" x 9 1/2"" Recycled Envelopes",All Others,355,▼,"#10- 4 1/8"" x 9 1/2"" Recycled Envelopes",,286.672
Out, Margin ,"#10- 4 1/8"" x 9 1/2"" Security-Tint Envelopes",All Others,186,▼,"#10- 4 1/8"" x 9 1/2"" Security-Tint Envelopes",,0.4421875
Out, Profit ,"#10- 4 1/8"" x 9 1/2"" Security-Tint Envelopes",All Others,186,▼,"#10- 4 1/8"" x 9 1/2"" Security-Tint Envelopes",,64.8636
Out, Sales ,"#10- 4 1/8"" x 9 1/2"" Security-Tint Envelopes",All Others,186,▼,"#10- 4 1/8"" x 9 1/2"" Security-Tint Envelopes",,146.688
Out, Margin ,"#10-4 1/8"" x 9 1/2"" Premium Diagonal Seam Envelopes",All Others,463,▼,"#10-4 1/8"" x 9 1/2"" Premium Diagonal Seam Envelopes",,0.361607143
Out, Profit ,"#10-4 1/8"" x 9 1/2"" Premium Diagonal Seam Envelopes",All Others,463,▼,"#10-4 1/8"" x 9 1/2"" Premium Diagonal Seam Envelopes",,63.747
Out, Sales ,"#10-4 1/8"" x 9 1/2"" Premium Diagonal Seam Envelopes",All Others,463,▼,"#10-4 1/8"" x 9 1/2"" Premium Diagonal Seam Envelopes",,176.288
Out, Margin ,Acco 3-Hole Punch,All Others,348,▼,Acco 3-Hole Punch,,0.403821656
Out, Profit ,Acco 3-Hole Punch,All Others,348,▼,Acco 3-Hole Punch,,55.5384
Out, Sales ,Acco 3-Hole Punch,All Others,348,▼,Acco 3-Hole Punch,,137.532
Out, Margin ,Acco 6 Outlet Guardian Basic Surge Suppressor,All Others,"1,351",▼,Acco 6 Outlet Guardian Basic Surge Suppressor,,-0.095652174
Out, Profit ,Acco 6 Outlet Guardian Basic Surge Suppressor,All Others,"1,351",▼,Acco 6 Outlet Guardian Basic Surge Suppressor,,-3.6608
Out, Sales ,Acco 6 Outlet Guardian Basic Surge Suppressor,All Others,"1,351",▼,Acco 6 Outlet Guardian Basic Surge Suppressor,,38.272
Out, Margin ,Acco 6 Outlet Guardian Premium Plus Surge Suppressor,All Others,"1,468",▼,Acco 6 Outlet Guardian Premium Plus Surge Suppressor,,-0.393037975
Out, Profit ,Acco 6 Outlet Guardian Premium Plus Surge Suppressor,All Others,"1,468",▼,Acco 6 Outlet Guardian Premium Plus Surge Suppressor,,-113.7672
Out, Sales ,Acco 6 Outlet Guardian Premium Plus Surge Suppressor,All Others,"1,468",▼,Acco 6 Outlet Guardian Premium Plus Surge Suppressor,,289.456
Out, Margin ,Acco 6 Outlet Guardian Premium Surge Suppressor,All Others,"1,016",▼,Acco 6 Outlet Guardian Premium Surge Suppressor,,0.139730640
Out, Profit ,Acco 6 Outlet Guardian Premium Surge Suppressor,All Others,"1,016",▼,Acco 6 Outlet Guardian Premium Surge Suppressor,,60.424
Out, Sales ,Acco 6 Outlet Guardian Premium Surge Suppressor,All Others,"1,016",▼,Acco 6 Outlet Guardian Premium Surge Suppressor,,432.432
Out, Margin ,Acco 6 Outlet Guardian Standard Surge Suppressor,All Others,983,▼,Acco 6 Outlet Guardian Standard Surge Suppressor,,0.153225806
Out, Profit ,Acco 6 Outlet Guardian Standard Surge Suppressor,All Others,983,▼,Acco 6 Outlet Guardian Standard Surge Suppressor,,22.971
Out, Sales ,Acco 6 Outlet Guardian Standard Surge Suppressor,All Others,983,▼,Acco 6 Outlet Guardian Standard Surge Suppressor,,149.916
Out, Margin ,"Acco 7-Outlet Masterpiece Power Center, Wihtout Fax/Phone Line Protection",All Others,"1,030",▼,"Acco 7-Outlet Masterpiece Power Center, Wihtout Fax/Phone Line Protection",,0.132
Out, Profit ,"Acco 7-Outlet Masterpiece Power Center, Wihtout Fax/Phone Line Protection",All Others,"1,030",▼,"Acco 7-Outlet Masterpiece Power Center, Wihtout Fax/Phone Line Protection",,401.214
Out, Sales ,"Acco 7-Outlet Masterpiece Power Center, Wihtout Fax/Phone Line Protection",All Others,"1,030",▼,"Acco 7-Outlet Masterpiece Power Center, Wihtout Fax/Phone Line Protection",,"3,039.5"
Out, Margin ,"Acco Banker's Clasps, 5 3/4""-Long",All Others,191,▼,"Acco Banker's Clasps, 5 3/4""-Long",,0.440140845
Out, Profit ,"Acco Banker's Clasps, 5 3/4""-Long",All Others,191,▼,"Acco Banker's Clasps, 5 3/4""-Long",,18
Out, Sales ,"Acco Banker's Clasps, 5 3/4""-Long",All Others,191,▼,"Acco Banker's Clasps, 5 3/4""-Long",,40.896
Out, Margin ,"Acco Clips to Go Binder Clips, 24 Clips in Two Sizes",All Others,111,▼,"Acco Clips to Go Binder Clips, 24 Clips in Two Sizes",,0.458602151
Out, Profit ,"Acco Clips to Go Binder Clips, 24 Clips in Two Sizes",All Others,111,▼,"Acco Clips to Go Binder Clips, 24 Clips in Two Sizes",,30.2815
Out, Sales ,"Acco Clips to Go Binder Clips, 24 Clips in Two Sizes",All Others,111,▼,"Acco Clips to Go Binder Clips, 24 Clips in Two Sizes",,66.03
Out, Margin ,Acco D-Ring Binder w/DublLock,All Others,"1,471",▼,Acco D-Ring Binder w/DublLock,,-0.437272727
Out, Profit ,Acco D-Ring Binder w/DublLock,All Others,"1,471",▼,Acco D-Ring Binder w/DublLock,,-102.8378
Out, Sales ,Acco D-Ring Binder w/DublLock,All Others,"1,471",▼,Acco D-Ring Binder w/DublLock,,235.18
Out, Margin ,"Acco Data Flex Cable Posts For Top & Bottom Load Binders, 6"" Capacity",All Others,809,▼,"Acco Data Flex Cable Posts For Top & Bottom Load Binders, 6"" Capacity",,0.222826087
Out, Profit ,"Acco Data Flex Cable Posts For Top & Bottom Load Binders, 6"" Capacity",All Others,809,▼,"Acco Data Flex Cable Posts For Top & Bottom Load Binders, 6"" Capacity",,64.1445
Out, Sales ,"Acco Data Flex Cable Posts For Top & Bottom Load Binders, 6"" Capacity",All Others,809,▼,"Acco Data Flex Cable Posts For Top & Bottom Load Binders, 6"" Capacity",,287.868
Out, Margin ,Acco Economy Flexible Poly Round Ring Binder,All Others,"1,480",▼,Acco Economy Flexible Poly Round Ring Binder,,-0.5
Out, Profit ,Acco Economy Flexible Poly Round Ring Binder,All Others,"1,480",▼,Acco Economy Flexible Poly Round Ring Binder,,-5.742
Out, Sales ,Acco Economy Flexible Poly Round Ring Binder,All Others,"1,480",▼,Acco Economy Flexible Poly Round Ring Binder,,11.484
Out, Margin ,Acco Expandable Hanging Binders,All Others,"1,209",▼,Acco Expandable Hanging Binders,,0.026229508
Out, Profit ,Acco Expandable Hanging Binders,All Others,"1,209",▼,Acco Expandable Hanging Binders,,1.0208
Out, Sales ,Acco Expandable Hanging Binders,All Others,"1,209",▼,Acco Expandable Hanging Binders,,38.918
Out, Margin ,"Acco Flexible ACCOHIDE Square Ring Data Binder, Dark Blue, 11 1/2"" X 14"" 7/8""",All Others,656,▼,"Acco Flexible ACCOHIDE Square Ring Data Binder, Dark Blue, 11 1/2"" X 14"" 7/8""",,0.271428571
Out, Profit ,"Acco Flexible ACCOHIDE Square Ring Data Binder, Dark Blue, 11 1/2"" X 14"" 7/8""",All Others,656,▼,"Acco Flexible ACCOHIDE Square Ring Data Binder, Dark Blue, 11 1/2"" X 14"" 7/8""",,111.2868
Out, Sales ,"Acco Flexible ACCOHIDE Square Ring Data Binder, Dark Blue, 11 1/2"" X 14"" 7/8""",All Others,656,▼,"Acco Flexible ACCOHIDE Square Ring Data Binder, Dark Blue, 11 1/2"" X 14"" 7/8""",,410.004
Out, Margin ,"Acco Four Pocket Poly Ring Binder with Label Holder, Smoke, 1""",All Others,"1,155",▼,"Acco Four Pocket Poly Ring Binder with Label Holder, Smoke, 1""",,0.060975610
Out, Profit ,"Acco Four Pocket Poly Ring Binder with Label Holder, Smoke, 1""",All Others,"1,155",▼,"Acco Four Pocket Poly Ring Binder with Label Holder, Smoke, 1""",,7.450000000
Out, Sales ,"Acco Four Pocket Poly Ring Binder with Label Holder, Smoke, 1""",All Others,"1,155",▼,"Acco Four Pocket Poly Ring Binder with Label Holder, Smoke, 1""",,122.18
Out, Margin ,Acco Glide Clips,All Others,19,▼,Acco Glide Clips,,0.49
Out, Profit ,Acco Glide Clips,All Others,19,▼,Acco Glide Clips,,9.604
Out, Sales ,Acco Glide Clips,All Others,19,▼,Acco Glide Clips,,19.6
Out, Margin ,Acco Hanging Data Binders,All Others,881,▼,Acco Hanging Data Binders,,0.196363636
Out, Profit ,Acco Hanging Data Binders,All Others,881,▼,Acco Hanging Data Binders,,8.2296
Out, Sales ,Acco Hanging Data Binders,All Others,881,▼,Acco Hanging Data Binders,,41.91
Out, Margin ,Acco Hot Clips Clips to Go,All Others,416,▼,Acco Hot Clips Clips to Go,,0.379901961
Out, Profit ,Acco Hot Clips Clips to Go,All Others,416,▼,Acco Hot Clips Clips to Go,,25.4975
Out, Sales ,Acco Hot Clips Clips to Go,All Others,416,▼,Acco Hot Clips Clips to Go,,67.116
Out, Margin ,Acco Perma 2700 Stacking Storage Drawers,All Others,"1,206",▼,Acco Perma 2700 Stacking Storage Drawers,,0.028571429
Out, Profit ,Acco Perma 2700 Stacking Storage Drawers,All Others,"1,206",▼,Acco Perma 2700 Stacking Storage Drawers,,5.948000000
Out, Sales ,Acco Perma 2700 Stacking Storage Drawers,All Others,"1,206",▼,Acco Perma 2700 Stacking Storage Drawers,,208.18
Out, Margin ,Acco Perma 3000 Stacking Storage Drawers,All Others,"1,181",▼,Acco Perma 3000 Stacking Storage Drawers,,0.044382022
Out, Profit ,Acco Perma 3000 Stacking Storage Drawers,All Others,"1,181",▼,Acco Perma 3000 Stacking Storage Drawers,,16.5742
Out, Sales ,Acco Perma 3000 Stacking Storage Drawers,All Others,"1,181",▼,Acco Perma 3000 Stacking Storage Drawers,,373.444
Out, Margin ,Acco Perma 4000 Stacking Storage Drawers,All Others,"1,146",▼,Acco Perma 4000 Stacking Storage Drawers,,0.065602837
Out, Profit ,Acco Perma 4000 Stacking Storage Drawers,All Others,"1,146",▼,Acco Perma 4000 Stacking Storage Drawers,,30.044
Out, Sales ,Acco Perma 4000 Stacking Storage Drawers,All Others,"1,146",▼,Acco Perma 4000 Stacking Storage Drawers,,457.968
Out, Margin ,"Acco Pressboard Covers with Storage Hooks, 9 1/2"" x 11"", Executive Red",All Others,407,▼,"Acco Pressboard Covers with Storage Hooks, 9 1/2"" x 11"", Executive Red",,0.381666667
Out, Profit ,"Acco Pressboard Covers with Storage Hooks, 9 1/2"" x 11"", Executive Red",All Others,407,▼,"Acco Pressboard Covers with Storage Hooks, 9 1/2"" x 11"", Executive Red",,34.8996
Out, Sales ,"Acco Pressboard Covers with Storage Hooks, 9 1/2"" x 11"", Executive Red",All Others,407,▼,"Acco Pressboard Covers with Storage Hooks, 9 1/2"" x 11"", Executive Red",,91.44
Out, Margin ,"Acco Pressboard Covers with Storage Hooks, 14 7/8"" x 11"", Dark Blue",All Others,814,▼,"Acco Pressboard Covers with Storage Hooks, 14 7/8"" x 11"", Dark Blue",,0.220382166
Out, Profit ,"Acco Pressboard Covers with Storage Hooks, 14 7/8"" x 11"", Dark Blue",All Others,814,▼,"Acco Pressboard Covers with Storage Hooks, 14 7/8"" x 11"", Dark Blue",,13.1826
Out, Sales ,"Acco Pressboard Covers with Storage Hooks, 14 7/8"" x 11"", Dark Blue",All Others,814,▼,"Acco Pressboard Covers with Storage Hooks, 14 7/8"" x 11"", Dark Blue",,59.817
Out, Margin ,"Acco Pressboard Covers with Storage Hooks, 14 7/8"" x 11"", Executive Red",All Others,"1,434",▼,"Acco Pressboard Covers with Storage Hooks, 14 7/8"" x 11"", Executive Red",,-0.218562874
Out, Profit ,"Acco Pressboard Covers with Storage Hooks, 14 7/8"" x 11"", Executive Red",All Others,"1,434",▼,"Acco Pressboard Covers with Storage Hooks, 14 7/8"" x 11"", Executive Red",,-13.9065
Out, Sales ,"Acco Pressboard Covers with Storage Hooks, 14 7/8"" x 11"", Executive Red",All Others,"1,434",▼,"Acco Pressboard Covers with Storage Hooks, 14 7/8"" x 11"", Executive Red",,63.627
Out, Margin ,"Acco Pressboard Covers with Storage Hooks, 14 7/8"" x 11"", Light Blue",All Others,"1,013",▼,"Acco Pressboard Covers with Storage Hooks, 14 7/8"" x 11"", Light Blue",,0.140449438
Out, Profit ,"Acco Pressboard Covers with Storage Hooks, 14 7/8"" x 11"", Light Blue",All Others,"1,013",▼,"Acco Pressboard Covers with Storage Hooks, 14 7/8"" x 11"", Light Blue",,18.4125
Out, Sales ,"Acco Pressboard Covers with Storage Hooks, 14 7/8"" x 11"", Light Blue",All Others,"1,013",▼,"Acco Pressboard Covers with Storage Hooks, 14 7/8"" x 11"", Light Blue",,131.097
Out, Margin ,"Acco PRESSTEX Data Binder with Storage Hooks, Dark Blue, 9 1/2"" X 11""",All Others,"1,238",▼,"Acco PRESSTEX Data Binder with Storage Hooks, Dark Blue, 9 1/2"" X 11""",,-0.002564103
Out, Profit ,"Acco PRESSTEX Data Binder with Storage Hooks, Dark Blue, 9 1/2"" X 11""",All Others,"1,238",▼,"Acco PRESSTEX Data Binder with Storage Hooks, Dark Blue, 9 1/2"" X 11""",,-0.161400000
Out, Sales ,"Acco PRESSTEX Data Binder with Storage Hooks, Dark Blue, 9 1/2"" X 11""",All Others,"1,238",▼,"Acco PRESSTEX Data Binder with Storage Hooks, Dark Blue, 9 1/2"" X 11""",,62.946
Out, Margin ,"Acco PRESSTEX Data Binder with Storage Hooks, Dark Blue, 14 7/8"" X 11""",All Others,279,▼,"Acco PRESSTEX Data Binder with Storage Hooks, Dark Blue, 14 7/8"" X 11""",,0.421165644
Out, Profit ,"Acco PRESSTEX Data Binder with Storage Hooks, Dark Blue, 14 7/8"" X 11""",All Others,279,▼,"Acco PRESSTEX Data Binder with Storage Hooks, Dark Blue, 14 7/8"" X 11""",,73.8674
Out, Sales ,"Acco PRESSTEX Data Binder with Storage Hooks, Dark Blue, 14 7/8"" X 11""",All Others,279,▼,"Acco PRESSTEX Data Binder with Storage Hooks, Dark Blue, 14 7/8"" X 11""",,175.388
Out, Margin ,"Acco PRESSTEX Data Binder with Storage Hooks, Light Blue, 9 1/2"" X 11""",All Others,595,▼,"Acco PRESSTEX Data Binder with Storage Hooks, Light Blue, 9 1/2"" X 11""",,0.2928
Out, Profit ,"Acco PRESSTEX Data Binder with Storage Hooks, Light Blue, 9 1/2"" X 11""",All Others,595,▼,"Acco PRESSTEX Data Binder with Storage Hooks, Light Blue, 9 1/2"" X 11""",,19.6908
Out, Sales ,"Acco PRESSTEX Data Binder with Storage Hooks, Light Blue, 9 1/2"" X 11""",All Others,595,▼,"Acco PRESSTEX Data Binder with Storage Hooks, Light Blue, 9 1/2"" X 11""",,67.25
Out, Margin ,"Acco Recycled 2"" Capacity Laser Printer Hanging Data Binders",All Others,"1,095",▼,"Acco Recycled 2"" Capacity Laser Printer Hanging Data Binders",,0.101694915
Out, Profit ,"Acco Recycled 2"" Capacity Laser Printer Hanging Data Binders",All Others,"1,095",▼,"Acco Recycled 2"" Capacity Laser Printer Hanging Data Binders",,8.670000000
Out, Sales ,"Acco Recycled 2"" Capacity Laser Printer Hanging Data Binders",All Others,"1,095",▼,"Acco Recycled 2"" Capacity Laser Printer Hanging Data Binders",,85.255
Out, Margin ,Acco Side-Punched Conventional Columnar Pads,All Others,"1,422",▼,Acco Side-Punched Conventional Columnar Pads,,-0.1875
Out, Profit ,Acco Side-Punched Conventional Columnar Pads,All Others,"1,422",▼,Acco Side-Punched Conventional Columnar Pads,,-7.8075
Out, Sales ,Acco Side-Punched Conventional Columnar Pads,All Others,"1,422",▼,Acco Side-Punched Conventional Columnar Pads,,41.64
Out, Margin ,"Acco Six-Outlet Power Strip, 4' Cord Length",All Others,757,▼,"Acco Six-Outlet Power Strip, 4' Cord Length",,0.237688442
Out, Profit ,"Acco Six-Outlet Power Strip, 4' Cord Length",All Others,757,▼,"Acco Six-Outlet Power Strip, 4' Cord Length",,81.5452
Out, Sales ,"Acco Six-Outlet Power Strip, 4' Cord Length",All Others,757,▼,"Acco Six-Outlet Power Strip, 4' Cord Length",,343.076
Out, Margin ,Acco Smartsocket Color-Coded Six-Outlet AC Adapter Model Surge Protectors,All Others,"1,258",▼,Acco Smartsocket Color-Coded Six-Outlet AC Adapter Model Surge Protectors,,-0.015686275
Out, Profit ,Acco Smartsocket Color-Coded Six-Outlet AC Adapter Model Surge Protectors,All Others,"1,258",▼,Acco Smartsocket Color-Coded Six-Outlet AC Adapter Model Surge Protectors,,-7.041600000
Out, Sales ,Acco Smartsocket Color-Coded Six-Outlet AC Adapter Model Surge Protectors,All Others,"1,258",▼,Acco Smartsocket Color-Coded Six-Outlet AC Adapter Model Surge Protectors,,448.902
Out, Margin ,"Acco Smartsocket Table Surge Protector, 6 Color-Coded Adapter Outlets",All Others,775,▼,"Acco Smartsocket Table Surge Protector, 6 Color-Coded Adapter Outlets",,0.232876712
Out, Profit ,"Acco Smartsocket Table Surge Protector, 6 Color-Coded Adapter Outlets",All Others,775,▼,"Acco Smartsocket Table Surge Protector, 6 Color-Coded Adapter Outlets",,105.485
Out, Sales ,"Acco Smartsocket Table Surge Protector, 6 Color-Coded Adapter Outlets",All Others,775,▼,"Acco Smartsocket Table Surge Protector, 6 Color-Coded Adapter Outlets",,452.965
Out, Margin ,Acco Suede Grain Vinyl Round Ring Binder,All Others,"1,380",▼,Acco Suede Grain Vinyl Round Ring Binder,,-0.126618705
Out, Profit ,Acco Suede Grain Vinyl Round Ring Binder,All Others,"1,380",▼,Acco Suede Grain Vinyl Round Ring Binder,,-4.8928
Out, Sales ,Acco Suede Grain Vinyl Round Ring Binder,All Others,"1,380",▼,Acco Suede Grain Vinyl Round Ring Binder,,38.642
Out, Margin ,Acco Translucent Poly Ring Binders,All Others,925,▼,Acco Translucent Poly Ring Binders,,0.177551020
Out, Profit ,Acco Translucent Poly Ring Binders,All Others,925,▼,Acco Translucent Poly Ring Binders,,16.2864
Out, Sales ,Acco Translucent Poly Ring Binders,All Others,925,▼,Acco Translucent Poly Ring Binders,,91.728
Out, Margin ,"ACCOHIDE 3-Ring Binder, Blue, 1""",All Others,502,▼,"ACCOHIDE 3-Ring Binder, Blue, 1""",,0.344943820
Out, Profit ,"ACCOHIDE 3-Ring Binder, Blue, 1""",All Others,502,▼,"ACCOHIDE 3-Ring Binder, Blue, 1""",,50.7164
Out, Sales ,"ACCOHIDE 3-Ring Binder, Blue, 1""",All Others,502,▼,"ACCOHIDE 3-Ring Binder, Blue, 1""",,147.028
Out, Margin ,ACCOHIDE Binder by Acco,All Others,591,▼,ACCOHIDE Binder by Acco,,0.295569620
Out, Profit ,ACCOHIDE Binder by Acco,All Others,591,▼,ACCOHIDE Binder by Acco,,19.2871
Out, Sales ,ACCOHIDE Binder by Acco,All Others,591,▼,ACCOHIDE Binder by Acco,,65.254
Out, Margin ,Accohide Poly Flexible Ring Binders,All Others,"1,474",▼,Accohide Poly Flexible Ring Binders,,-0.452991453
Out, Profit ,Accohide Poly Flexible Ring Binders,All Others,"1,474",▼,Accohide Poly Flexible Ring Binders,,-19.822
Out, Sales ,Accohide Poly Flexible Ring Binders,All Others,"1,474",▼,Accohide Poly Flexible Ring Binders,,43.758
Out, Margin ,"Acme 10"" Easy Grip Assistive Scissors",All Others,610,▼,"Acme 10"" Easy Grip Assistive Scissors",,0.2890625
Out, Profit ,"Acme 10"" Easy Grip Assistive Scissors",All Others,610,▼,"Acme 10"" Easy Grip Assistive Scissors",,129.722
Out, Sales ,"Acme 10"" Easy Grip Assistive Scissors",All Others,610,▼,"Acme 10"" Easy Grip Assistive Scissors",,448.768
Out, Margin ,Acme Box Cutter Scissors,All Others,766,▼,Acme Box Cutter Scissors,,0.235333333
Out, Profit ,Acme Box Cutter Scissors,All Others,766,▼,Acme Box Cutter Scissors,,72.2238
Out, Sales ,Acme Box Cutter Scissors,All Others,766,▼,Acme Box Cutter Scissors,,306.9
Out, Margin ,"Acme Design Line 8"" Stainless Steel Bent Scissors w/Champagne Handles, 3-1/8"" Cut",All Others,800,▼,"Acme Design Line 8"" Stainless Steel Bent Scissors w/Champagne Handles, 3-1/8"" Cut",,0.225757576
Out, Profit ,"Acme Design Line 8"" Stainless Steel Bent Scissors w/Champagne Handles, 3-1/8"" Cut",All Others,800,▼,"Acme Design Line 8"" Stainless Steel Bent Scissors w/Champagne Handles, 3-1/8"" Cut",,10.1916
Out, Sales ,"Acme Design Line 8"" Stainless Steel Bent Scissors w/Champagne Handles, 3-1/8"" Cut",All Others,800,▼,"Acme Design Line 8"" Stainless Steel Bent Scissors w/Champagne Handles, 3-1/8"" Cut",,45.144
Out, Margin ,Acme Design Stainless Steel Bent Scissors,All Others,665,▼,Acme Design Stainless Steel Bent Scissors,,0.27
Out, Profit ,Acme Design Stainless Steel Bent Scissors,All Others,665,▼,Acme Design Stainless Steel Bent Scissors,,24.0084
Out, Sales ,Acme Design Stainless Steel Bent Scissors,All Others,665,▼,Acme Design Stainless Steel Bent Scissors,,88.92
Out, Margin ,Acme Elite Stainless Steel Scissors,All Others,811,▼,Acme Elite Stainless Steel Scissors,,0.221052632
Out, Profit ,Acme Elite Stainless Steel Scissors,All Others,811,▼,Acme Elite Stainless Steel Scissors,,21.0168
Out, Sales ,Acme Elite Stainless Steel Scissors,All Others,811,▼,Acme Elite Stainless Steel Scissors,,95.076
Out, Margin ,Acme Forged Steel Scissors with Black Enamel Handles,All Others,743,▼,Acme Forged Steel Scissors with Black Enamel Handles,,0.242666667
Out, Profit ,Acme Forged Steel Scissors with Black Enamel Handles,All Others,743,▼,Acme Forged Steel Scissors with Black Enamel Handles,,67.7768
Out, Sales ,Acme Forged Steel Scissors with Black Enamel Handles,All Others,743,▼,Acme Forged Steel Scissors with Black Enamel Handles,,279.3
Out, Margin ,Acme Galleria Hot Forged Steel Scissors with Colored Handles,All Others,707,▼,Acme Galleria Hot Forged Steel Scissors with Colored Handles,,0.255645161
Out, Profit ,Acme Galleria Hot Forged Steel Scissors with Colored Handles,All Others,707,▼,Acme Galleria Hot Forged Steel Scissors with Colored Handles,,49.8641
Out, Sales ,Acme Galleria Hot Forged Steel Scissors with Colored Handles,All Others,707,▼,Acme Galleria Hot Forged Steel Scissors with Colored Handles,,195.052
Out, Margin ,"Acme Hot Forged Carbon Steel Scissors with Nickel-Plated Handles, 3 7/8"" Cut, 8""L",All Others,802,▼,"Acme Hot Forged Carbon Steel Scissors with Nickel-Plated Handles, 3 7/8"" Cut, 8""L",,0.225454545
Out, Profit ,"Acme Hot Forged Carbon Steel Scissors with Nickel-Plated Handles, 3 7/8"" Cut, 8""L",All Others,802,▼,"Acme Hot Forged Carbon Steel Scissors with Nickel-Plated Handles, 3 7/8"" Cut, 8""L",,103.416
Out, Sales ,"Acme Hot Forged Carbon Steel Scissors with Nickel-Plated Handles, 3 7/8"" Cut, 8""L",All Others,802,▼,"Acme Hot Forged Carbon Steel Scissors with Nickel-Plated Handles, 3 7/8"" Cut, 8""L",,458.7
Out, Margin ,Acme Kleen Earth Office Shears,All Others,715,▼,Acme Kleen Earth Office Shears,,0.252631579
Out, Profit ,Acme Kleen Earth Office Shears,All Others,715,▼,Acme Kleen Earth Office Shears,,11.1744
Out, Sales ,Acme Kleen Earth Office Shears,All Others,715,▼,Acme Kleen Earth Office Shears,,44.232
Out, Margin ,Acme Kleencut Forged Steel Scissors,All Others,851,▼,Acme Kleencut Forged Steel Scissors,,0.209677419
Out, Profit ,Acme Kleencut Forged Steel Scissors,All Others,851,▼,Acme Kleencut Forged Steel Scissors,,7.462
Out, Sales ,Acme Kleencut Forged Steel Scissors,All Others,851,▼,Acme Kleencut Forged Steel Scissors,,35.588
Out, Margin ,Acme Office Executive Series Stainless Steel Trimmers,All Others,960,▼,Acme Office Executive Series Stainless Steel Trimmers,,0.164516129
Out, Profit ,Acme Office Executive Series Stainless Steel Trimmers,All Others,960,▼,Acme Office Executive Series Stainless Steel Trimmers,,26.2242
Out, Sales ,Acme Office Executive Series Stainless Steel Trimmers,All Others,960,▼,Acme Office Executive Series Stainless Steel Trimmers,,159.402
Out, Margin ,Acme Preferred Stainless Steel Scissors,All Others,598,▼,Acme Preferred Stainless Steel Scissors,,0.29
Out, Profit ,Acme Preferred Stainless Steel Scissors,All Others,598,▼,Acme Preferred Stainless Steel Scissors,,26.3552
Out, Sales ,Acme Preferred Stainless Steel Scissors,All Others,598,▼,Acme Preferred Stainless Steel Scissors,,90.88
Out, Margin ,Acme Rosewood Handle Letter Opener,All Others,"1,335",▼,Acme Rosewood Handle Letter Opener,,-0.08
Out, Profit ,Acme Rosewood Handle Letter Opener,All Others,"1,335",▼,Acme Rosewood Handle Letter Opener,,-3.4936
Out, Sales ,Acme Rosewood Handle Letter Opener,All Others,"1,335",▼,Acme Rosewood Handle Letter Opener,,43.67
Out, Margin ,Acme Serrated Blade Letter Opener,All Others,"1,378",▼,Acme Serrated Blade Letter Opener,,-0.125
Out, Profit ,Acme Serrated Blade Letter Opener,All Others,"1,378",▼,Acme Serrated Blade Letter Opener,,-1.749
Out, Sales ,Acme Serrated Blade Letter Opener,All Others,"1,378",▼,Acme Serrated Blade Letter Opener,,13.992
Out, Margin ,Acme Softgrip Scissors,All Others,872,▼,Acme Softgrip Scissors,,0.199509804
Out, Profit ,Acme Softgrip Scissors,All Others,872,▼,Acme Softgrip Scissors,,33.1298
Out, Sales ,Acme Softgrip Scissors,All Others,872,▼,Acme Softgrip Scissors,,166.056
Out, Margin ,Acme Stainless Steel Office Snips,All Others,986,▼,Acme Stainless Steel Office Snips,,0.152678571
Out, Profit ,Acme Stainless Steel Office Snips,All Others,986,▼,Acme Stainless Steel Office Snips,,12.4317
Out, Sales ,Acme Stainless Steel Office Snips,All Others,986,▼,Acme Stainless Steel Office Snips,,81.424
Out, Margin ,Acme Tagit Stainless Steel Antibacterial Scissors,All Others,899,▼,Acme Tagit Stainless Steel Antibacterial Scissors,,0.188888889
Out, Profit ,Acme Tagit Stainless Steel Antibacterial Scissors,All Others,899,▼,Acme Tagit Stainless Steel Antibacterial Scissors,,37.026
Out, Sales ,Acme Tagit Stainless Steel Antibacterial Scissors,All Others,899,▼,Acme Tagit Stainless Steel Antibacterial Scissors,,196.02
Out, Margin ,Acme Titanium Bonded Scissors,All Others,876,▼,Acme Titanium Bonded Scissors,,0.198333333
Out, Profit ,Acme Titanium Bonded Scissors,All Others,876,▼,Acme Titanium Bonded Scissors,,20.23
Out, Sales ,Acme Titanium Bonded Scissors,All Others,876,▼,Acme Titanium Bonded Scissors,,102
Out, Margin ,Acme Value Line Scissors,All Others,671,▼,Acme Value Line Scissors,,0.266666667
Out, Profit ,Acme Value Line Scissors,All Others,671,▼,Acme Value Line Scissors,,20.44
Out, Sales ,Acme Value Line Scissors,All Others,671,▼,Acme Value Line Scissors,,76.65
Out, Margin ,Acrylic Self-Standing Desk Frames,All Others,495,▼,Acrylic Self-Standing Desk Frames,,0.348295455
Out, Profit ,Acrylic Self-Standing Desk Frames,All Others,495,▼,Acrylic Self-Standing Desk Frames,,32.7342
Out, Sales ,Acrylic Self-Standing Desk Frames,All Others,495,▼,Acrylic Self-Standing Desk Frames,,93.984
Out, Margin ,"Adams ""While You Were Out"" Message Pads",All Others,232,▼,"Adams ""While You Were Out"" Message Pads",,0.431034483
Out, Profit ,"Adams ""While You Were Out"" Message Pads",All Others,232,▼,"Adams ""While You Were Out"" Message Pads",,31.4
Out, Sales ,"Adams ""While You Were Out"" Message Pads",All Others,232,▼,"Adams ""While You Were Out"" Message Pads",,72.848
Out, Margin ,"Adams Phone Message Book, 200 Message Capacity, 8 1/16” x 11”",All Others,103,▼,"Adams Phone Message Book, 200 Message Capacity, 8 1/16” x 11”",,0.46
Out, Profit ,"Adams Phone Message Book, 200 Message Capacity, 8 1/16” x 11”",All Others,103,▼,"Adams Phone Message Book, 200 Message Capacity, 8 1/16” x 11”",,104.4384
Out, Sales ,"Adams Phone Message Book, 200 Message Capacity, 8 1/16” x 11”",All Others,103,▼,"Adams Phone Message Book, 200 Message Capacity, 8 1/16” x 11”",,227.04
Out, Margin ,"Adams Phone Message Book, Professional, 400 Message Capacity, 5 3/6” x 11”",All Others,133,▼,"Adams Phone Message Book, Professional, 400 Message Capacity, 5 3/6” x 11”",,0.454411765
Out, Profit ,"Adams Phone Message Book, Professional, 400 Message Capacity, 5 3/6” x 11”",All Others,133,▼,"Adams Phone Message Book, Professional, 400 Message Capacity, 5 3/6” x 11”",,43.1364
Out, Sales ,"Adams Phone Message Book, Professional, 400 Message Capacity, 5 3/6” x 11”",All Others,133,▼,"Adams Phone Message Book, Professional, 400 Message Capacity, 5 3/6” x 11”",,94.928
Out, Margin ,"Adams Telephone Message Book W/Dividers/Space For Phone Numbers, 5 1/4""X8 1/2"", 200/Messages",All Others,280,▼,"Adams Telephone Message Book W/Dividers/Space For Phone Numbers, 5 1/4""X8 1/2"", 200/Messages",,0.421052632
Out, Profit ,"Adams Telephone Message Book W/Dividers/Space For Phone Numbers, 5 1/4""X8 1/2"", 200/Messages",All Others,280,▼,"Adams Telephone Message Book W/Dividers/Space For Phone Numbers, 5 1/4""X8 1/2"", 200/Messages",,72.704
Out, Sales ,"Adams Telephone Message Book W/Dividers/Space For Phone Numbers, 5 1/4""X8 1/2"", 200/Messages",All Others,280,▼,"Adams Telephone Message Book W/Dividers/Space For Phone Numbers, 5 1/4""X8 1/2"", 200/Messages",,172.672
Out, Margin ,"Adams Telephone Message Book W/Dividers/Space For Phone Numbers, 5 1/4""X8 1/2"", 300/Messages",All Others,113,▼,"Adams Telephone Message Book W/Dividers/Space For Phone Numbers, 5 1/4""X8 1/2"", 300/Messages",,0.458407080
Out, Profit ,"Adams Telephone Message Book W/Dividers/Space For Phone Numbers, 5 1/4""X8 1/2"", 300/Messages",All Others,113,▼,"Adams Telephone Message Book W/Dividers/Space For Phone Numbers, 5 1/4""X8 1/2"", 300/Messages",,60.9168
Out, Sales ,"Adams Telephone Message Book W/Dividers/Space For Phone Numbers, 5 1/4""X8 1/2"", 300/Messages",All Others,113,▼,"Adams Telephone Message Book W/Dividers/Space For Phone Numbers, 5 1/4""X8 1/2"", 300/Messages",,132.888
Out, Margin ,"Adams Telephone Message Book w/Frequently-Called Numbers Space, 400 Messages per Book",All Others,1,,"Adams Telephone Message Book w/Frequently-Called Numbers Space, 400 Messages per Book",,0.5
Out, Profit ,"Adams Telephone Message Book w/Frequently-Called Numbers Space, 400 Messages per Book",All Others,1,,"Adams Telephone Message Book w/Frequently-Called Numbers Space, 400 Messages per Book",,111.72
Out, Sales ,"Adams Telephone Message Book w/Frequently-Called Numbers Space, 400 Messages per Book",All Others,1,,"Adams Telephone Message Book w/Frequently-Called Numbers Space, 400 Messages per Book",,223.44
Out, Margin ,"Adams Telephone Message Books, 5 1/4” x 11”",All Others,336,▼,"Adams Telephone Message Books, 5 1/4” x 11”",,0.406716418
Out, Profit ,"Adams Telephone Message Books, 5 1/4” x 11”",All Others,336,▼,"Adams Telephone Message Books, 5 1/4” x 11”",,32.918
Out, Sales ,"Adams Telephone Message Books, 5 1/4” x 11”",All Others,336,▼,"Adams Telephone Message Books, 5 1/4” x 11”",,80.936
Out, Margin ,"Adams Write n' Stick Phone Message Book, 11"" X 5 1/4"", 200 Messages",All Others,361,▼,"Adams Write n' Stick Phone Message Book, 11"" X 5 1/4"", 200 Messages",,0.4
Out, Profit ,"Adams Write n' Stick Phone Message Book, 11"" X 5 1/4"", 200 Messages",All Others,361,▼,"Adams Write n' Stick Phone Message Book, 11"" X 5 1/4"", 200 Messages",,16.3584
Out, Sales ,"Adams Write n' Stick Phone Message Book, 11"" X 5 1/4"", 200 Messages",All Others,361,▼,"Adams Write n' Stick Phone Message Book, 11"" X 5 1/4"", 200 Messages",,40.896
Out, Margin ,Adjustable Depth Letter/Legal Cart,All Others,725,▼,Adjustable Depth Letter/Legal Cart,,0.25
Out, Profit ,Adjustable Depth Letter/Legal Cart,All Others,725,▼,Adjustable Depth Letter/Legal Cart,,"1,932.549"
Out, Sales ,Adjustable Depth Letter/Legal Cart,All Others,725,▼,Adjustable Depth Letter/Legal Cart,,"7,730.196"
Out, Margin ,Adjustable Personal File Tote,All Others,878,▼,Adjustable Personal File Tote,,0.197590361
Out, Profit ,Adjustable Personal File Tote,All Others,878,▼,Adjustable Personal File Tote,,53.3984
Out, Sales ,Adjustable Personal File Tote,All Others,878,▼,Adjustable Personal File Tote,,270.248
Out, Margin ,"Advantus 10-Drawer Portable Organizer, Chrome Metal Frame, Smoke Drawers",All Others,682,▼,"Advantus 10-Drawer Portable Organizer, Chrome Metal Frame, Smoke Drawers",,0.263636364
Out, Profit ,"Advantus 10-Drawer Portable Organizer, Chrome Metal Frame, Smoke Drawers",All Others,682,▼,"Advantus 10-Drawer Portable Organizer, Chrome Metal Frame, Smoke Drawers",,277.2864
Out, Sales ,"Advantus 10-Drawer Portable Organizer, Chrome Metal Frame, Smoke Drawers",All Others,682,▼,"Advantus 10-Drawer Portable Organizer, Chrome Metal Frame, Smoke Drawers",,"1,051.776"
Out, Margin ,"Advantus Employee of the Month Certificate Frame, 11 x 13-1/2",All Others,420,▼,"Advantus Employee of the Month Certificate Frame, 11 x 13-1/2",,0.378947368
Out, Profit ,"Advantus Employee of the Month Certificate Frame, 11 x 13-1/2",All Others,420,▼,"Advantus Employee of the Month Certificate Frame, 11 x 13-1/2",,311.7744
Out, Sales ,"Advantus Employee of the Month Certificate Frame, 11 x 13-1/2",All Others,420,▼,"Advantus Employee of the Month Certificate Frame, 11 x 13-1/2",,822.738
Out, Margin ,Advantus Map Pennant Flags and Round Head Tacks,All Others,769,▼,Advantus Map Pennant Flags and Round Head Tacks,,0.234234234
Out, Profit ,Advantus Map Pennant Flags and Round Head Tacks,All Others,769,▼,Advantus Map Pennant Flags and Round Head Tacks,,20.54
Out, Sales ,Advantus Map Pennant Flags and Round Head Tacks,All Others,769,▼,Advantus Map Pennant Flags and Round Head Tacks,,87.69
Out, Margin ,Advantus Motivational Note Cards,All Others,308,▼,Advantus Motivational Note Cards,,0.413793103
Out, Profit ,Advantus Motivational Note Cards,All Others,308,▼,Advantus Motivational Note Cards,,94.32
Out, Sales ,Advantus Motivational Note Cards,All Others,308,▼,Advantus Motivational Note Cards,,227.94
Out, Margin ,Advantus Panel Wall Acrylic Frame,All Others,613,▼,Advantus Panel Wall Acrylic Frame,,0.2875
Out, Profit ,Advantus Panel Wall Acrylic Frame,All Others,613,▼,Advantus Panel Wall Acrylic Frame,,25.162
Out, Sales ,Advantus Panel Wall Acrylic Frame,All Others,613,▼,Advantus Panel Wall Acrylic Frame,,87.52
Out, Margin ,Advantus Panel Wall Certificate Holder - 8.5x11,All Others,366,▼,Advantus Panel Wall Certificate Holder - 8.5x11,,0.399099099
Out, Profit ,Advantus Panel Wall Certificate Holder - 8.5x11,All Others,366,▼,Advantus Panel Wall Certificate Holder - 8.5x11,,108.092
Out, Sales ,Advantus Panel Wall Certificate Holder - 8.5x11,All Others,366,▼,Advantus Panel Wall Certificate Holder - 8.5x11,,270.84
Out, Margin ,Advantus Plastic Paper Clips,All Others,120,▼,Advantus Plastic Paper Clips,,0.456888889
Out, Profit ,Advantus Plastic Paper Clips,All Others,120,▼,Advantus Plastic Paper Clips,,102.8
Out, Sales ,Advantus Plastic Paper Clips,All Others,120,▼,Advantus Plastic Paper Clips,,225
Out, Margin ,Advantus Push Pins,All Others,446,▼,Advantus Push Pins,,0.367857143
Out, Profit ,Advantus Push Pins,All Others,446,▼,Advantus Push Pins,,20.2086
Out, Sales ,Advantus Push Pins,All Others,446,▼,Advantus Push Pins,,54.936
Out, Margin ,"Advantus Push Pins, Aluminum Head",All Others,566,▼,"Advantus Push Pins, Aluminum Head",,0.31
Out, Profit ,"Advantus Push Pins, Aluminum Head",All Others,566,▼,"Advantus Push Pins, Aluminum Head",,43.2264
Out, Sales ,"Advantus Push Pins, Aluminum Head",All Others,566,▼,"Advantus Push Pins, Aluminum Head",,139.44
Out, Margin ,Advantus Rolling Drawer Organizers,All Others,853,▼,Advantus Rolling Drawer Organizers,,0.208965517
Out, Profit ,Advantus Rolling Drawer Organizers,All Others,853,▼,Advantus Rolling Drawer Organizers,,233.1888
Out, Sales ,Advantus Rolling Drawer Organizers,All Others,853,▼,Advantus Rolling Drawer Organizers,,"1,115.92"
Out, Margin ,Advantus Rolling Storage Box,All Others,835,▼,Advantus Rolling Storage Box,,0.2116
Out, Profit ,Advantus Rolling Storage Box,All Others,835,▼,Advantus Rolling Storage Box,,90.7235
Out, Sales ,Advantus Rolling Storage Box,All Others,835,▼,Advantus Rolling Storage Box,,428.75
Out, Margin ,Advantus SlideClip Paper Clips,All Others,258,▼,Advantus SlideClip Paper Clips,,0.426470588
Out, Profit ,Advantus SlideClip Paper Clips,All Others,258,▼,Advantus SlideClip Paper Clips,,19.778
Out, Sales ,Advantus SlideClip Paper Clips,All Others,258,▼,Advantus SlideClip Paper Clips,,46.376
Out, Margin ,Advantus T-Pin Paper Clips,All Others,556,▼,Advantus T-Pin Paper Clips,,0.312676056
Out, Profit ,Advantus T-Pin Paper Clips,All Others,556,▼,Advantus T-Pin Paper Clips,,20.0244
Out, Sales ,Advantus T-Pin Paper Clips,All Others,556,▼,Advantus T-Pin Paper Clips,,64.042
Out, Margin ,Airmail Envelopes,All Others,422,▼,Airmail Envelopes,,0.378395062
Out, Profit ,Airmail Envelopes,All Others,422,▼,Airmail Envelopes,,514.4909
Out, Sales ,Airmail Envelopes,All Others,422,▼,Airmail Envelopes,,"1,359.666"
Out, Margin ,Akro Stacking Bins,All Others,"1,330",▼,Akro Stacking Bins,,-0.075862069
Out, Profit ,Akro Stacking Bins,All Others,"1,330",▼,Akro Stacking Bins,,-6.943200000
Out, Sales ,Akro Stacking Bins,All Others,"1,330",▼,Akro Stacking Bins,,91.524
Out, Margin ,Akro-Mils 12-Gallon Tote,All Others,895,▼,Akro-Mils 12-Gallon Tote,,0.190350877
Out, Profit ,Akro-Mils 12-Gallon Tote,All Others,895,▼,Akro-Mils 12-Gallon Tote,,21.5481
Out, Sales ,Akro-Mils 12-Gallon Tote,All Others,895,▼,Akro-Mils 12-Gallon Tote,,113.202
Out, Margin ,"Alliance Big Bands Rubber Bands, 12/Pack",All Others,"1,232",▼,"Alliance Big Bands Rubber Bands, 12/Pack",,0
Out, Profit ,"Alliance Big Bands Rubber Bands, 12/Pack",All Others,"1,232",▼,"Alliance Big Bands Rubber Bands, 12/Pack",,0
Out, Sales ,"Alliance Big Bands Rubber Bands, 12/Pack",All Others,"1,232",▼,"Alliance Big Bands Rubber Bands, 12/Pack",,29.7
Out, Margin ,Alliance Rubber Bands,All Others,"1,190",▼,Alliance Rubber Bands,,0.04
Out, Profit ,Alliance Rubber Bands,All Others,"1,190",▼,Alliance Rubber Bands,,0.537600000
Out, Sales ,Alliance Rubber Bands,All Others,"1,190",▼,Alliance Rubber Bands,,13.44
Out, Margin ,"Alliance Super-Size Bands, Assorted Sizes",All Others,"1,301",▼,"Alliance Super-Size Bands, Assorted Sizes",,-0.052362205
Out, Profit ,"Alliance Super-Size Bands, Assorted Sizes",All Others,"1,301",▼,"Alliance Super-Size Bands, Assorted Sizes",,-10.3474
Out, Sales ,"Alliance Super-Size Bands, Assorted Sizes",All Others,"1,301",▼,"Alliance Super-Size Bands, Assorted Sizes",,197.612
Out, Margin ,Alphabetical Labels for Top Tab Filing,All Others,58,▼,Alphabetical Labels for Top Tab Filing,,0.471428571
Out, Profit ,Alphabetical Labels for Top Tab Filing,All Others,58,▼,Alphabetical Labels for Top Tab Filing,,244.2
Out, Sales ,Alphabetical Labels for Top Tab Filing,All Others,58,▼,Alphabetical Labels for Top Tab Filing,,518
Out, Margin ,Aluminum Document Frame,All Others,785,▼,Aluminum Document Frame,,0.23
Out, Profit ,Aluminum Document Frame,All Others,785,▼,Aluminum Document Frame,,56.212
Out, Sales ,Aluminum Document Frame,All Others,785,▼,Aluminum Document Frame,,244.4
Out, Margin ,Aluminum Screw Posts,All Others,"1,060",▼,Aluminum Screw Posts,,0.116379310
Out, Profit ,Aluminum Screw Posts,All Others,"1,060",▼,Aluminum Screw Posts,,41.202
Out, Sales ,Aluminum Screw Posts,All Others,"1,060",▼,Aluminum Screw Posts,,354.032
Out, Margin ,American Pencil,All Others,607,▼,American Pencil,,0.29
Out, Profit ,American Pencil,All Others,607,▼,American Pencil,,14.1897
Out, Sales ,American Pencil,All Others,607,▼,American Pencil,,48.93
Out, Margin ,Ames Color-File Green Diamond Border X-ray Mailers,All Others,322,▼,Ames Color-File Green Diamond Border X-ray Mailers,,0.411111111
Out, Profit ,Ames Color-File Green Diamond Border X-ray Mailers,All Others,322,▼,Ames Color-File Green Diamond Border X-ray Mailers,,559.3068
Out, Sales ,Ames Color-File Green Diamond Border X-ray Mailers,All Others,322,▼,Ames Color-File Green Diamond Border X-ray Mailers,,"1,360.476"
Out, Margin ,Ampad #10 Peel & Seel Holiday Envelopes,All Others,23,▼,Ampad #10 Peel & Seel Holiday Envelopes,,0.48
Out, Profit ,Ampad #10 Peel & Seel Holiday Envelopes,All Others,23,▼,Ampad #10 Peel & Seel Holiday Envelopes,,25.8048
Out, Sales ,Ampad #10 Peel & Seel Holiday Envelopes,All Others,23,▼,Ampad #10 Peel & Seel Holiday Envelopes,,53.76
Out, Margin ,"Ampad Evidence Wirebond Steno Books, 6"" x 9""",All Others,324,▼,"Ampad Evidence Wirebond Steno Books, 6"" x 9""",,0.411111111
Out, Profit ,"Ampad Evidence Wirebond Steno Books, 6"" x 9""",All Others,324,▼,"Ampad Evidence Wirebond Steno Books, 6"" x 9""",,11.2924
Out, Sales ,"Ampad Evidence Wirebond Steno Books, 6"" x 9""",All Others,324,▼,"Ampad Evidence Wirebond Steno Books, 6"" x 9""",,27.468
Out, Margin ,"Ampad Gold Fibre Wirebound Steno Books, 6"" x 9"", Gregg Ruled",All Others,187,▼,"Ampad Gold Fibre Wirebound Steno Books, 6"" x 9"", Gregg Ruled",,0.442148760
Out, Profit ,"Ampad Gold Fibre Wirebound Steno Books, 6"" x 9"", Gregg Ruled",All Others,187,▼,"Ampad Gold Fibre Wirebound Steno Books, 6"" x 9"", Gregg Ruled",,47.187
Out, Sales ,"Ampad Gold Fibre Wirebound Steno Books, 6"" x 9"", Gregg Ruled",All Others,187,▼,"Ampad Gold Fibre Wirebound Steno Books, 6"" x 9"", Gregg Ruled",,106.722
Out, Margin ,"Ampad Phone Message Book, Recycled, 400 Message Capacity, 5 ¾” x 11”",All Others,153,▼,"Ampad Phone Message Book, Recycled, 400 Message Capacity, 5 ¾” x 11”",,0.45
Out, Profit ,"Ampad Phone Message Book, Recycled, 400 Message Capacity, 5 ¾” x 11”",All Others,153,▼,"Ampad Phone Message Book, Recycled, 400 Message Capacity, 5 ¾” x 11”",,56.16
Out, Sales ,"Ampad Phone Message Book, Recycled, 400 Message Capacity, 5 ¾” x 11”",All Others,153,▼,"Ampad Phone Message Book, Recycled, 400 Message Capacity, 5 ¾” x 11”",,124.8
Out, Margin ,"Ampad Poly Cover Wirebound Steno Book, 6"" x 9"" Assorted Colors, Gregg Ruled",All Others,326,▼,"Ampad Poly Cover Wirebound Steno Book, 6"" x 9"" Assorted Colors, Gregg Ruled",,0.410714286
Out, Profit ,"Ampad Poly Cover Wirebound Steno Book, 6"" x 9"" Assorted Colors, Gregg Ruled",All Others,326,▼,"Ampad Poly Cover Wirebound Steno Book, 6"" x 9"" Assorted Colors, Gregg Ruled",,15.663
Out, Sales ,"Ampad Poly Cover Wirebound Steno Book, 6"" x 9"" Assorted Colors, Gregg Ruled",All Others,326,▼,"Ampad Poly Cover Wirebound Steno Book, 6"" x 9"" Assorted Colors, Gregg Ruled",,38.136
Out, Margin ,Anderson Hickey Conga Table Tops & Accessories,All Others,"1,461",▼,Anderson Hickey Conga Table Tops & Accessories,,-0.338235294
Out, Profit ,Anderson Hickey Conga Table Tops & Accessories,All Others,"1,461",▼,Anderson Hickey Conga Table Tops & Accessories,,-17.5145
Out, Sales ,Anderson Hickey Conga Table Tops & Accessories,All Others,"1,461",▼,Anderson Hickey Conga Table Tops & Accessories,,51.782
Out, Margin ,"Angle-D Binders with Locking Rings, Label Holders",All Others,918,▼,"Angle-D Binders with Locking Rings, Label Holders",,0.178597786
Out, Profit ,"Angle-D Binders with Locking Rings, Label Holders",All Others,918,▼,"Angle-D Binders with Locking Rings, Label Holders",,35.332
Out, Sales ,"Angle-D Binders with Locking Rings, Label Holders",All Others,918,▼,"Angle-D Binders with Locking Rings, Label Holders",,197.83
Out, Margin ,Angle-D Ring Binders,All Others,"1,299",▼,Angle-D Ring Binders,,-0.050000000
Out, Profit ,Angle-D Ring Binders,All Others,"1,299",▼,Angle-D Ring Binders,,-1.9692
Out, Sales ,Angle-D Ring Binders,All Others,"1,299",▼,Angle-D Ring Binders,,39.384
Out, Margin ,APC 7 Outlet Network SurgeArrest Surge Protector,All Others,"1,141",▼,APC 7 Outlet Network SurgeArrest Surge Protector,,0.066666667
Out, Profit ,APC 7 Outlet Network SurgeArrest Surge Protector,All Others,"1,141",▼,APC 7 Outlet Network SurgeArrest Surge Protector,,80.48
Out, Sales ,APC 7 Outlet Network SurgeArrest Surge Protector,All Others,"1,141",▼,APC 7 Outlet Network SurgeArrest Surge Protector,,"1,207.2"
Out, Margin ,Array Memo Cubes,All Others,60,▼,Array Memo Cubes,,0.470754717
Out, Profit ,Array Memo Cubes,All Others,60,▼,Array Memo Cubes,,25.8482
Out, Sales ,Array Memo Cubes,All Others,60,▼,Array Memo Cubes,,54.908
Out, Margin ,"Array Parchment Paper, Assorted Colors",All Others,91,▼,"Array Parchment Paper, Assorted Colors",,0.465753425
Out, Profit ,"Array Parchment Paper, Assorted Colors",All Others,91,▼,"Array Parchment Paper, Assorted Colors",,49.504
Out, Sales ,"Array Parchment Paper, Assorted Colors",All Others,91,▼,"Array Parchment Paper, Assorted Colors",,106.288
Out, Margin ,Artistic Insta-Plaque,All Others,386,▼,Artistic Insta-Plaque,,0.39
Out, Profit ,Artistic Insta-Plaque,All Others,386,▼,Artistic Insta-Plaque,,61.152
Out, Sales ,Artistic Insta-Plaque,All Others,386,▼,Artistic Insta-Plaque,,156.8
Out, Margin ,Assorted Color Push Pins,All Others,703,▼,Assorted Color Push Pins,,0.259473684
Out, Profit ,Assorted Color Push Pins,All Others,703,▼,Assorted Color Push Pins,,8.9233
Out, Sales ,Assorted Color Push Pins,All Others,703,▼,Assorted Color Push Pins,,34.39
Out, Margin ,Astroparche Fine Business Paper,All Others,160,▼,Astroparche Fine Business Paper,,0.449635036
Out, Profit ,Astroparche Fine Business Paper,All Others,160,▼,Astroparche Fine Business Paper,,65.0496
Out, Sales ,Astroparche Fine Business Paper,All Others,160,▼,Astroparche Fine Business Paper,,144.672
Out, Margin ,Ativa MDM8000 8-Sheet Micro-Cut Shredder,All Others,248,▼,Ativa MDM8000 8-Sheet Micro-Cut Shredder,,0.428431373
Out, Profit ,Ativa MDM8000 8-Sheet Micro-Cut Shredder,All Others,248,▼,Ativa MDM8000 8-Sheet Micro-Cut Shredder,,393.2563
Out, Sales ,Ativa MDM8000 8-Sheet Micro-Cut Shredder,All Others,248,▼,Ativa MDM8000 8-Sheet Micro-Cut Shredder,,917.898
Out, Margin ,Ativa V4110MDD Micro-Cut Shredder,All Others,20,▼,Ativa V4110MDD Micro-Cut Shredder,,0.49
Out, Profit ,Ativa V4110MDD Micro-Cut Shredder,All Others,20,▼,Ativa V4110MDD Micro-Cut Shredder,,"3,772.9461"
Out, Sales ,Ativa V4110MDD Micro-Cut Shredder,All Others,20,▼,Ativa V4110MDD Micro-Cut Shredder,,"7,699.89"
Out, Margin ,"Atlantic Metals Mobile 2-Shelf Bookcases, Custom Colors",All Others,"1,454",▼,"Atlantic Metals Mobile 2-Shelf Bookcases, Custom Colors",,-0.283132530
Out, Profit ,"Atlantic Metals Mobile 2-Shelf Bookcases, Custom Colors",All Others,"1,454",▼,"Atlantic Metals Mobile 2-Shelf Bookcases, Custom Colors",,-113.2606
Out, Sales ,"Atlantic Metals Mobile 2-Shelf Bookcases, Custom Colors",All Others,"1,454",▼,"Atlantic Metals Mobile 2-Shelf Bookcases, Custom Colors",,400.0268
Out, Margin ,"Atlantic Metals Mobile 3-Shelf Bookcases, Custom Colors",All Others,"1,091",▼,"Atlantic Metals Mobile 3-Shelf Bookcases, Custom Colors",,0.103496019
Out, Profit ,"Atlantic Metals Mobile 3-Shelf Bookcases, Custom Colors",All Others,"1,091",▼,"Atlantic Metals Mobile 3-Shelf Bookcases, Custom Colors",,780.3302
Out, Sales ,"Atlantic Metals Mobile 3-Shelf Bookcases, Custom Colors",All Others,"1,091",▼,"Atlantic Metals Mobile 3-Shelf Bookcases, Custom Colors",,"7,539.7122"
Out, Margin ,"Atlantic Metals Mobile 4-Shelf Bookcases, Custom Colors",All Others,"1,272",▼,"Atlantic Metals Mobile 4-Shelf Bookcases, Custom Colors",,-0.024390244
Out, Profit ,"Atlantic Metals Mobile 4-Shelf Bookcases, Custom Colors",All Others,"1,272",▼,"Atlantic Metals Mobile 4-Shelf Bookcases, Custom Colors",,-126.441000000
Out, Sales ,"Atlantic Metals Mobile 4-Shelf Bookcases, Custom Colors",All Others,"1,272",▼,"Atlantic Metals Mobile 4-Shelf Bookcases, Custom Colors",,"5,184.081"
Out, Margin ,"Atlantic Metals Mobile 5-Shelf Bookcases, Custom Colors",All Others,"1,229",▼,"Atlantic Metals Mobile 5-Shelf Bookcases, Custom Colors",,0.002739726
Out, Profit ,"Atlantic Metals Mobile 5-Shelf Bookcases, Custom Colors",All Others,"1,229",▼,"Atlantic Metals Mobile 5-Shelf Bookcases, Custom Colors",,15.049000000
Out, Sales ,"Atlantic Metals Mobile 5-Shelf Bookcases, Custom Colors",All Others,"1,229",▼,"Atlantic Metals Mobile 5-Shelf Bookcases, Custom Colors",,"5,492.885"
Out, Margin ,Avanti 1.7 Cu. Ft. Refrigerator,All Others,827,▼,Avanti 1.7 Cu. Ft. Refrigerator,,0.214545455
Out, Profit ,Avanti 1.7 Cu. Ft. Refrigerator,All Others,827,▼,Avanti 1.7 Cu. Ft. Refrigerator,,476.6256
Out, Sales ,Avanti 1.7 Cu. Ft. Refrigerator,All Others,827,▼,Avanti 1.7 Cu. Ft. Refrigerator,,"2,221.56"
Out, Margin ,Avanti 4.4 Cu. Ft. Refrigerator,All Others,"1,078",▼,Avanti 4.4 Cu. Ft. Refrigerator,,0.109278351
Out, Profit ,Avanti 4.4 Cu. Ft. Refrigerator,All Others,"1,078",▼,Avanti 4.4 Cu. Ft. Refrigerator,,383.6776
Out, Sales ,Avanti 4.4 Cu. Ft. Refrigerator,All Others,"1,078",▼,Avanti 4.4 Cu. Ft. Refrigerator,,"3,511.012"
Out, Margin ,"Avery 3 1/2"" Diskette Storage Pages, 10/Pack",All Others,"1,361",▼,"Avery 3 1/2"" Diskette Storage Pages, 10/Pack",,-0.104545455
Out, Profit ,"Avery 3 1/2"" Diskette Storage Pages, 10/Pack",All Others,"1,361",▼,"Avery 3 1/2"" Diskette Storage Pages, 10/Pack",,-14.4072
Out, Sales ,"Avery 3 1/2"" Diskette Storage Pages, 10/Pack",All Others,"1,361",▼,"Avery 3 1/2"" Diskette Storage Pages, 10/Pack",,137.808
Out, Margin ,Avery 5,All Others,7,▼,Avery 5,,0.49
Out, Profit ,Avery 5,All Others,7,▼,Avery 5,,2.8224
Out, Sales ,Avery 5,All Others,7,▼,Avery 5,,5.76
Out, Margin ,Avery 48,All Others,207,▼,Avery 48,,0.4375
Out, Profit ,Avery 48,All Others,207,▼,Avery 48,,39.69
Out, Sales ,Avery 48,All Others,207,▼,Avery 48,,90.72
Out, Margin ,Avery 49,All Others,55,▼,Avery 49,,0.472413793
Out, Profit ,Avery 49,All Others,55,▼,Avery 49,,31.5648
Out, Sales ,Avery 49,All Others,55,▼,Avery 49,,66.816
Out, Margin ,Avery 50,All Others,212,▼,Avery 50,,0.436170213
Out, Profit ,Avery 50,All Others,212,▼,Avery 50,,102.746
Out, Sales ,Avery 50,All Others,212,▼,Avery 50,,235.564
Out, Margin ,Avery 51,All Others,231,▼,Avery 51,,0.431578947
Out, Profit ,Avery 51,All Others,231,▼,Avery 51,,41.328
Out, Sales ,Avery 51,All Others,231,▼,Avery 51,,95.76
Out, Margin ,Avery 52,All Others,112,▼,Avery 52,,0.458602151
Out, Profit ,Avery 52,All Others,112,▼,Avery 52,,31.4757
Out, Sales ,Avery 52,All Others,112,▼,Avery 52,,68.634
Out, Margin ,Avery 473,All Others,26,▼,Avery 473,,0.48
Out, Profit ,Avery 473,All Others,26,▼,Avery 473,,119.232
Out, Sales ,Avery 473,All Others,26,▼,Avery 473,,248.4
Out, Margin ,Avery 474,All Others,209,▼,Avery 474,,0.4375
Out, Profit ,Avery 474,All Others,209,▼,Avery 474,,34.272
Out, Sales ,Avery 474,All Others,209,▼,Avery 474,,78.336
Out, Margin ,Avery 475,All Others,2,,Avery 475,,0.5
Out, Profit ,Avery 475,All Others,2,,Avery 475,,133.2
Out, Sales ,Avery 475,All Others,2,,Avery 475,,266.4
Out, Margin ,Avery 476,All Others,368,▼,Avery 476,,0.398192771
Out, Profit ,Avery 476,All Others,368,▼,Avery 476,,54.5986
Out, Sales ,Avery 476,All Others,368,▼,Avery 476,,137.116
Out, Margin ,Avery 477,All Others,263,▼,Avery 477,,0.425531915
Out, Profit ,Avery 477,All Others,263,▼,Avery 477,,244.24
Out, Sales ,Avery 477,All Others,263,▼,Avery 477,,573.964
Out, Margin ,Avery 478,All Others,13,▼,Avery 478,,0.49
Out, Profit ,Avery 478,All Others,13,▼,Avery 478,,43.3062
Out, Sales ,Avery 478,All Others,13,▼,Avery 478,,88.38
Out, Margin ,Avery 479,All Others,329,▼,Avery 479,,0.409375
Out, Profit ,Avery 479,All Others,329,▼,Avery 479,,6.8382
Out, Sales ,Avery 479,All Others,329,▼,Avery 479,,16.704
Out, Margin ,Avery 480,All Others,49,▼,Avery 480,,0.475630252
Out, Profit ,Avery 480,All Others,49,▼,Avery 480,,42.45
Out, Sales ,Avery 480,All Others,49,▼,Avery 480,,89.25
Out, Margin ,Avery 481,All Others,53,▼,Avery 481,,0.472972973
Out, Profit ,Avery 481,All Others,53,▼,Avery 481,,43.12
Out, Sales ,Avery 481,All Others,53,▼,Avery 481,,91.168
Out, Margin ,Avery 482,All Others,61,▼,Avery 482,,0.47
Out, Profit ,Avery 482,All Others,61,▼,Avery 482,,5.4332
Out, Sales ,Avery 482,All Others,61,▼,Avery 482,,11.56
Out, Margin ,Avery 483,All Others,389,▼,Avery 483,,0.389285714
Out, Profit ,Avery 483,All Others,389,▼,Avery 483,,32.5692
Out, Sales ,Avery 483,All Others,389,▼,Avery 483,,83.664
Out, Margin ,Avery 484,All Others,456,▼,Avery 484,,0.3625
Out, Profit ,Avery 484,All Others,456,▼,Avery 484,,3.3408
Out, Sales ,Avery 484,All Others,456,▼,Avery 484,,9.216
Out, Margin ,Avery 485,All Others,67,▼,Avery 485,,0.47
Out, Profit ,Avery 485,All Others,67,▼,Avery 485,,300.3441
Out, Sales ,Avery 485,All Others,67,▼,Avery 485,,639.03
Out, Margin ,Avery 486,All Others,169,▼,Avery 486,,0.446956522
Out, Profit ,Avery 486,All Others,169,▼,Avery 486,,75.1468
Out, Sales ,Avery 486,All Others,169,▼,Avery 486,,168.13
Out, Margin ,Avery 487,All Others,272,▼,Avery 487,,0.423913043
Out, Profit ,Avery 487,All Others,272,▼,Avery 487,,35.9775
Out, Sales ,Avery 487,All Others,272,▼,Avery 487,,84.87
Out, Margin ,Avery 488,All Others,134,▼,Avery 488,,0.454320988
Out, Profit ,Avery 488,All Others,134,▼,Avery 488,,23.184
Out, Sales ,Avery 488,All Others,134,▼,Avery 488,,51.03
Out, Margin ,Avery 489,All Others,108,▼,Avery 489,,0.459740260
Out, Profit ,Avery 489,All Others,108,▼,Avery 489,,73.278
Out, Sales ,Avery 489,All Others,108,▼,Avery 489,,159.39
Out, Margin ,Avery 490,All Others,114,▼,Avery 490,,0.458333333
Out, Profit ,Avery 490,All Others,114,▼,Avery 490,,81.4
Out, Sales ,Avery 490,All Others,114,▼,Avery 490,,177.6
Out, Margin ,Avery 491,All Others,325,▼,Avery 491,,0.410909091
Out, Profit ,Avery 491,All Others,325,▼,Avery 491,,18.6676
Out, Sales ,Avery 491,All Others,325,▼,Avery 491,,45.43
Out, Margin ,Avery 492,All Others,288,▼,Avery 492,,0.419354839
Out, Profit ,Avery 492,All Others,288,▼,Avery 492,,22.464
Out, Sales ,Avery 492,All Others,288,▼,Avery 492,,53.568
Out, Margin ,Avery 493,All Others,297,▼,Avery 493,,0.418421053
Out, Profit ,Avery 493,All Others,297,▼,Avery 493,,23.4207
Out, Sales ,Avery 493,All Others,297,▼,Avery 493,,55.974
Out, Margin ,Avery 494,All Others,267,▼,Avery 494,,0.425
Out, Profit ,Avery 494,All Others,267,▼,Avery 494,,23.9598
Out, Sales ,Avery 494,All Others,267,▼,Avery 494,,56.376
Out, Margin ,Avery 495,All Others,199,▼,Avery 495,,0.438961039
Out, Profit ,Avery 495,All Others,199,▼,Avery 495,,42.588
Out, Sales ,Avery 495,All Others,199,▼,Avery 495,,97.02
Out, Margin ,Avery 496,All Others,123,▼,Avery 496,,0.456716418
Out, Profit ,Avery 496,All Others,123,▼,Avery 496,,22.95
Out, Sales ,Avery 496,All Others,123,▼,Avery 496,,50.25
Out, Margin ,Avery 497,All Others,87,▼,Avery 497,,0.466666667
Out, Profit ,Avery 497,All Others,87,▼,Avery 497,,11.2112
Out, Sales ,Avery 497,All Others,87,▼,Avery 497,,24.024
Out, Margin ,Avery 498,All Others,215,▼,Avery 498,,0.435245902
Out, Profit ,Avery 498,All Others,215,▼,Avery 498,,15.3459
Out, Sales ,Avery 498,All Others,215,▼,Avery 498,,35.258
Out, Margin ,Avery 499,All Others,388,▼,Avery 499,,0.389830508
Out, Profit ,Avery 499,All Others,388,▼,Avery 499,,68.724
Out, Sales ,Avery 499,All Others,388,▼,Avery 499,,176.292
Out, Margin ,Avery 500,All Others,68,▼,Avery 500,,0.47
Out, Profit ,Avery 500,All Others,68,▼,Avery 500,,27.4856
Out, Sales ,Avery 500,All Others,68,▼,Avery 500,,58.48
Out, Margin ,Avery 501,All Others,477,▼,Avery 501,,0.352222222
Out, Profit ,Avery 501,All Others,477,▼,Avery 501,,23.3946
Out, Sales ,Avery 501,All Others,477,▼,Avery 501,,66.42
Out, Margin ,Avery 502,All Others,480,▼,Avery 502,,0.35
Out, Profit ,Avery 502,All Others,480,▼,Avery 502,,6.174
Out, Sales ,Avery 502,All Others,480,▼,Avery 502,,17.64
Out, Margin ,Avery 503,All Others,32,▼,Avery 503,,0.48
Out, Profit ,Avery 503,All Others,32,▼,Avery 503,,74.52
Out, Sales ,Avery 503,All Others,32,▼,Avery 503,,155.25
Out, Margin ,Avery 505,All Others,176,▼,Avery 505,,0.444444444
Out, Profit ,Avery 505,All Others,176,▼,Avery 505,,165.76
Out, Sales ,Avery 505,All Others,176,▼,Avery 505,,372.96
Out, Margin ,Avery 506,All Others,259,▼,Avery 506,,0.42625
Out, Profit ,Avery 506,All Others,259,▼,Avery 506,,28.1666
Out, Sales ,Avery 506,All Others,259,▼,Avery 506,,66.08
Out, Margin ,Avery 507,All Others,472,▼,Avery 507,,0.357142857
Out, Profit ,Avery 507,All Others,472,▼,Avery 507,,8.64
Out, Sales ,Avery 507,All Others,472,▼,Avery 507,,24.192
Out, Margin ,Avery 508,All Others,130,▼,Avery 508,,0.455617978
Out, Profit ,Avery 508,All Others,130,▼,Avery 508,,39.8201
Out, Sales ,Avery 508,All Others,130,▼,Avery 508,,87.398
Out, Margin ,Avery 509,All Others,221,▼,Avery 509,,0.433870968
Out, Profit ,Avery 509,All Others,221,▼,Avery 509,,14.0418
Out, Sales ,Avery 509,All Others,221,▼,Avery 509,,32.364
Out, Margin ,Avery 510,All Others,433,▼,Avery 510,,0.372413793
Out, Profit ,Avery 510,All Others,433,▼,Avery 510,,8.1
Out, Sales ,Avery 510,All Others,433,▼,Avery 510,,21.75
Out, Margin ,Avery 511,All Others,216,▼,Avery 511,,0.434782609
Out, Profit ,Avery 511,All Others,216,▼,Avery 511,,24.64
Out, Sales ,Avery 511,All Others,216,▼,Avery 511,,56.672
Out, Margin ,Avery 512,All Others,289,▼,Avery 512,,0.419178082
Out, Profit ,Avery 512,All Others,289,▼,Avery 512,,35.3736
Out, Sales ,Avery 512,All Others,289,▼,Avery 512,,84.388
Out, Margin ,Avery 513,All Others,445,▼,Avery 513,,0.368085106
Out, Profit ,Avery 513,All Others,445,▼,Avery 513,,34.4616
Out, Sales ,Avery 513,All Others,445,▼,Avery 513,,93.624
Out, Margin ,Avery 514,All Others,48,▼,Avery 514,,0.477710843
Out, Profit ,Avery 514,All Others,48,▼,Avery 514,,22.8384
Out, Sales ,Avery 514,All Others,48,▼,Avery 514,,47.808
Out, Margin ,Avery 515,All Others,69,▼,Avery 515,,0.47
Out, Profit ,Avery 515,All Others,69,▼,Avery 515,,29.4455
Out, Sales ,Avery 515,All Others,69,▼,Avery 515,,62.65
Out, Margin ,Avery 516,All Others,62,▼,Avery 516,,0.47
Out, Profit ,Avery 516,All Others,62,▼,Avery 516,,51.5355
Out, Sales ,Avery 516,All Others,62,▼,Avery 516,,109.65
Out, Margin ,Avery 517,All Others,261,▼,Avery 517,,0.425833333
Out, Profit ,Avery 517,All Others,261,▼,Avery 517,,18.8559
Out, Sales ,Avery 517,All Others,261,▼,Avery 517,,44.28
Out, Margin ,Avery 518,All Others,100,▼,Avery 518,,0.461538462
Out, Profit ,Avery 518,All Others,100,▼,Avery 518,,49.14
Out, Sales ,Avery 518,All Others,100,▼,Avery 518,,106.47
Out, Margin ,Avery 519,All Others,265,▼,Avery 519,,0.425301205
Out, Profit ,Avery 519,All Others,265,▼,Avery 519,,51.6086
Out, Sales ,Avery 519,All Others,265,▼,Avery 519,,121.346
Out, Margin ,Avery 520,All Others,54,▼,Avery 520,,0.472972973
Out, Profit ,Avery 520,All Others,54,▼,Avery 520,,22.05
Out, Sales ,Avery 520,All Others,54,▼,Avery 520,,46.62
Out, Margin ,"Avery 4027 File Folder Labels for Dot Matrix Printers, 5000 Labels per Box, White",All Others,266,▼,"Avery 4027 File Folder Labels for Dot Matrix Printers, 5000 Labels per Box, White",,0.425247525
Out, Profit ,"Avery 4027 File Folder Labels for Dot Matrix Printers, 5000 Labels per Box, White",All Others,266,▼,"Avery 4027 File Folder Labels for Dot Matrix Printers, 5000 Labels per Box, White",,524.5054
Out, Sales ,"Avery 4027 File Folder Labels for Dot Matrix Printers, 5000 Labels per Box, White",All Others,266,▼,"Avery 4027 File Folder Labels for Dot Matrix Printers, 5000 Labels per Box, White",,"1,233.412"
Out, Margin ,"Avery 05222 Permanent Self-Adhesive File Folder Labels for Typewriters, on Rolls, White, 250/Roll",All Others,104,▼,"Avery 05222 Permanent Self-Adhesive File Folder Labels for Typewriters, on Rolls, White, 250/Roll",,0.46
Out, Profit ,"Avery 05222 Permanent Self-Adhesive File Folder Labels for Typewriters, on Rolls, White, 250/Roll",All Others,104,▼,"Avery 05222 Permanent Self-Adhesive File Folder Labels for Typewriters, on Rolls, White, 250/Roll",,9.499
Out, Sales ,"Avery 05222 Permanent Self-Adhesive File Folder Labels for Typewriters, on Rolls, White, 250/Roll",All Others,104,▼,"Avery 05222 Permanent Self-Adhesive File Folder Labels for Typewriters, on Rolls, White, 250/Roll",,20.65
Out, Margin ,"Avery Address/Shipping Labels for Typewriters, 4"" x 2""",All Others,122,▼,"Avery Address/Shipping Labels for Typewriters, 4"" x 2""",,0.456716418
Out, Profit ,"Avery Address/Shipping Labels for Typewriters, 4"" x 2""",All Others,122,▼,"Avery Address/Shipping Labels for Typewriters, 4"" x 2""",,126.684
Out, Sales ,"Avery Address/Shipping Labels for Typewriters, 4"" x 2""",All Others,122,▼,"Avery Address/Shipping Labels for Typewriters, 4"" x 2""",,277.38
Out, Margin ,Avery Arch Ring Binders,All Others,"1,142",▼,Avery Arch Ring Binders,,0.066079295
Out, Profit ,Avery Arch Ring Binders,All Others,"1,142",▼,Avery Arch Ring Binders,,87.150000000
Out, Sales ,Avery Arch Ring Binders,All Others,"1,142",▼,Avery Arch Ring Binders,,"1,318.87"
Out, Margin ,Avery Binder Labels,All Others,418,▼,Avery Binder Labels,,0.379104478
Out, Profit ,Avery Binder Labels,All Others,418,▼,Avery Binder Labels,,9.8806
Out, Sales ,Avery Binder Labels,All Others,418,▼,Avery Binder Labels,,26.063
Out, Margin ,Avery Binding System Hidden Tab Executive Style Index Sets,All Others,910,▼,Avery Binding System Hidden Tab Executive Style Index Sets,,0.182389937
Out, Profit ,Avery Binding System Hidden Tab Executive Style Index Sets,All Others,910,▼,Avery Binding System Hidden Tab Executive Style Index Sets,,16.733
Out, Sales ,Avery Binding System Hidden Tab Executive Style Index Sets,All Others,910,▼,Avery Binding System Hidden Tab Executive Style Index Sets,,91.743
Out, Margin ,Avery Durable Binders,All Others,972,▼,Avery Durable Binders,,0.158415842
Out, Profit ,Avery Durable Binders,All Others,972,▼,Avery Durable Binders,,13.824
Out, Sales ,Avery Durable Binders,All Others,972,▼,Avery Durable Binders,,87.264
Out, Margin ,"Avery Durable Plastic 1"" Binders",All Others,541,▼,"Avery Durable Plastic 1"" Binders",,0.32265625
Out, Profit ,"Avery Durable Plastic 1"" Binders",All Others,541,▼,"Avery Durable Plastic 1"" Binders",,37.5004
Out, Sales ,"Avery Durable Plastic 1"" Binders",All Others,541,▼,"Avery Durable Plastic 1"" Binders",,116.224
Out, Margin ,Avery Durable Poly Binders,All Others,"1,423",▼,Avery Durable Poly Binders,,-0.188
Out, Profit ,Avery Durable Poly Binders,All Others,"1,423",▼,Avery Durable Poly Binders,,-15.5946
Out, Sales ,Avery Durable Poly Binders,All Others,"1,423",▼,Avery Durable Poly Binders,,82.95
Out, Margin ,Avery Durable Slant Ring Binders,All Others,"1,476",▼,Avery Durable Slant Ring Binders,,-0.461538462
Out, Profit ,Avery Durable Slant Ring Binders,All Others,"1,476",▼,Avery Durable Slant Ring Binders,,-23.76
Out, Sales ,Avery Durable Slant Ring Binders,All Others,"1,476",▼,Avery Durable Slant Ring Binders,,51.48
Out, Margin ,Avery Durable Slant Ring Binders With Label Holder,All Others,"1,020",▼,Avery Durable Slant Ring Binders With Label Holder,,0.137327189
Out, Profit ,Avery Durable Slant Ring Binders With Label Holder,All Others,"1,020",▼,Avery Durable Slant Ring Binders With Label Holder,,12.4564
Out, Sales ,Avery Durable Slant Ring Binders With Label Holder,All Others,"1,020",▼,Avery Durable Slant Ring Binders With Label Holder,,90.706
Out, Margin ,"Avery Durable Slant Ring Binders, No Labels",All Others,989,▼,"Avery Durable Slant Ring Binders, No Labels",,0.152
Out, Profit ,"Avery Durable Slant Ring Binders, No Labels",All Others,989,▼,"Avery Durable Slant Ring Binders, No Labels",,13.6116
Out, Sales ,"Avery Durable Slant Ring Binders, No Labels",All Others,989,▼,"Avery Durable Slant Ring Binders, No Labels",,89.55
Out, Margin ,Avery File Folder Labels,All Others,235,▼,Avery File Folder Labels,,0.430456853
Out, Profit ,Avery File Folder Labels,All Others,235,▼,Avery File Folder Labels,,48.8448
Out, Sales ,Avery File Folder Labels,All Others,235,▼,Avery File Folder Labels,,113.472
Out, Margin ,"Avery Flip-Chart Easel Binder, Black",All Others,975,▼,"Avery Flip-Chart Easel Binder, Black",,0.157943925
Out, Profit ,"Avery Flip-Chart Easel Binder, Black",All Others,975,▼,"Avery Flip-Chart Easel Binder, Black",,37.8222
Out, Sales ,"Avery Flip-Chart Easel Binder, Black",All Others,975,▼,"Avery Flip-Chart Easel Binder, Black",,239.466
Out, Margin ,Avery Fluorescent Highlighter Four-Color Set,All Others,"1,010",▼,Avery Fluorescent Highlighter Four-Color Set,,0.142857143
Out, Profit ,Avery Fluorescent Highlighter Four-Color Set,All Others,"1,010",▼,Avery Fluorescent Highlighter Four-Color Set,,9.352000000
Out, Sales ,Avery Fluorescent Highlighter Four-Color Set,All Others,"1,010",▼,Avery Fluorescent Highlighter Four-Color Set,,65.464
Out, Margin ,"Avery Framed View Binder, EZD Ring (Locking), Navy, 1 1/2""",All Others,"1,243",▼,"Avery Framed View Binder, EZD Ring (Locking), Navy, 1 1/2""",,-0.007000000
Out, Profit ,"Avery Framed View Binder, EZD Ring (Locking), Navy, 1 1/2""",All Others,"1,243",▼,"Avery Framed View Binder, EZD Ring (Locking), Navy, 1 1/2""",,-0.698600000
Out, Sales ,"Avery Framed View Binder, EZD Ring (Locking), Navy, 1 1/2""",All Others,"1,243",▼,"Avery Framed View Binder, EZD Ring (Locking), Navy, 1 1/2""",,99.8
Out, Margin ,Avery Hanging File Binders,All Others,859,▼,Avery Hanging File Binders,,0.206779661
Out, Profit ,Avery Hanging File Binders,All Others,859,▼,Avery Hanging File Binders,,21.8868
Out, Sales ,Avery Hanging File Binders,All Others,859,▼,Avery Hanging File Binders,,105.846
Out, Margin ,Avery Heavy-Duty EZD  Binder With Locking Rings,All Others,678,▼,Avery Heavy-Duty EZD  Binder With Locking Rings,,0.264646465
Out, Profit ,Avery Heavy-Duty EZD  Binder With Locking Rings,All Others,678,▼,Avery Heavy-Duty EZD  Binder With Locking Rings,,29.2392
Out, Sales ,Avery Heavy-Duty EZD  Binder With Locking Rings,All Others,678,▼,Avery Heavy-Duty EZD  Binder With Locking Rings,,110.484
Out, Margin ,Avery Heavy-Duty EZD View Binder with Locking Rings,All Others,941,▼,Avery Heavy-Duty EZD View Binder with Locking Rings,,0.173880597
Out, Profit ,Avery Heavy-Duty EZD View Binder with Locking Rings,All Others,941,▼,Avery Heavy-Duty EZD View Binder with Locking Rings,,29.7308
Out, Sales ,Avery Heavy-Duty EZD View Binder with Locking Rings,All Others,941,▼,Avery Heavy-Duty EZD View Binder with Locking Rings,,170.984
Out, Margin ,"Avery Hi-Liter Comfort Grip Fluorescent Highlighter, Yellow Ink",All Others,387,▼,"Avery Hi-Liter Comfort Grip Fluorescent Highlighter, Yellow Ink",,0.39
Out, Profit ,"Avery Hi-Liter Comfort Grip Fluorescent Highlighter, Yellow Ink",All Others,387,▼,"Avery Hi-Liter Comfort Grip Fluorescent Highlighter, Yellow Ink",,3.042
Out, Sales ,"Avery Hi-Liter Comfort Grip Fluorescent Highlighter, Yellow Ink",All Others,387,▼,"Avery Hi-Liter Comfort Grip Fluorescent Highlighter, Yellow Ink",,7.8
Out, Margin ,"Avery Hi-Liter EverBold Pen Style Fluorescent Highlighters, 4/Pack",All Others,564,▼,"Avery Hi-Liter EverBold Pen Style Fluorescent Highlighters, 4/Pack",,0.311111111
Out, Profit ,"Avery Hi-Liter EverBold Pen Style Fluorescent Highlighters, 4/Pack",All Others,564,▼,"Avery Hi-Liter EverBold Pen Style Fluorescent Highlighters, 4/Pack",,68.376
Out, Sales ,"Avery Hi-Liter EverBold Pen Style Fluorescent Highlighters, 4/Pack",All Others,564,▼,"Avery Hi-Liter EverBold Pen Style Fluorescent Highlighters, 4/Pack",,219.78
Out, Margin ,Avery Hi-Liter Fluorescent Desk Style Markers,All Others,437,▼,Avery Hi-Liter Fluorescent Desk Style Markers,,0.37
Out, Profit ,Avery Hi-Liter Fluorescent Desk Style Markers,All Others,437,▼,Avery Hi-Liter Fluorescent Desk Style Markers,,7.5036
Out, Sales ,Avery Hi-Liter Fluorescent Desk Style Markers,All Others,437,▼,Avery Hi-Liter Fluorescent Desk Style Markers,,20.28
Out, Margin ,"Avery Hi-Liter GlideStik Fluorescent Highlighter, Yellow Ink",All Others,438,▼,"Avery Hi-Liter GlideStik Fluorescent Highlighter, Yellow Ink",,0.37
Out, Profit ,"Avery Hi-Liter GlideStik Fluorescent Highlighter, Yellow Ink",All Others,438,▼,"Avery Hi-Liter GlideStik Fluorescent Highlighter, Yellow Ink",,9.6496
Out, Sales ,"Avery Hi-Liter GlideStik Fluorescent Highlighter, Yellow Ink",All Others,438,▼,"Avery Hi-Liter GlideStik Fluorescent Highlighter, Yellow Ink",,26.08
Out, Margin ,Avery Hi-Liter Pen Style Six-Color Fluorescent Set,All Others,328,▼,Avery Hi-Liter Pen Style Six-Color Fluorescent Set,,0.41
Out, Profit ,Avery Hi-Liter Pen Style Six-Color Fluorescent Set,All Others,328,▼,Avery Hi-Liter Pen Style Six-Color Fluorescent Set,,3.157
Out, Sales ,Avery Hi-Liter Pen Style Six-Color Fluorescent Set,All Others,328,▼,Avery Hi-Liter Pen Style Six-Color Fluorescent Set,,7.7
Out, Margin ,Avery Hi-Liter Smear-Safe Highlighters,All Others,649,▼,Avery Hi-Liter Smear-Safe Highlighters,,0.275471698
Out, Profit ,Avery Hi-Liter Smear-Safe Highlighters,All Others,649,▼,Avery Hi-Liter Smear-Safe Highlighters,,34.1056
Out, Sales ,Avery Hi-Liter Smear-Safe Highlighters,All Others,649,▼,Avery Hi-Liter Smear-Safe Highlighters,,123.808
Out, Margin ,Avery Hidden Tab Dividers for Binding Systems,All Others,"1,437",▼,Avery Hidden Tab Dividers for Binding Systems,,-0.222641509
Out, Profit ,Avery Hidden Tab Dividers for Binding Systems,All Others,"1,437",▼,Avery Hidden Tab Dividers for Binding Systems,,-7.0328
Out, Sales ,Avery Hidden Tab Dividers for Binding Systems,All Others,"1,437",▼,Avery Hidden Tab Dividers for Binding Systems,,31.588
Out, Margin ,Avery Hole Reinforcements,All Others,"1,040",▼,Avery Hole Reinforcements,,0.127272727
Out, Profit ,Avery Hole Reinforcements,All Others,"1,040",▼,Avery Hole Reinforcements,,14.8274
Out, Sales ,Avery Hole Reinforcements,All Others,"1,040",▼,Avery Hole Reinforcements,,116.501
Out, Margin ,Avery Legal 4-Ring Binder,All Others,492,▼,Avery Legal 4-Ring Binder,,0.349593496
Out, Profit ,Avery Legal 4-Ring Binder,All Others,492,▼,Avery Legal 4-Ring Binder,,90.214
Out, Sales ,Avery Legal 4-Ring Binder,All Others,492,▼,Avery Legal 4-Ring Binder,,258.054
Out, Margin ,Avery Metallic Poly Binders,All Others,547,▼,Avery Metallic Poly Binders,,0.319831224
Out, Profit ,Avery Metallic Poly Binders,All Others,547,▼,Avery Metallic Poly Binders,,43.4334
Out, Sales ,Avery Metallic Poly Binders,All Others,547,▼,Avery Metallic Poly Binders,,135.801
Out, Margin ,Avery Non-Stick Binders,All Others,870,▼,Avery Non-Stick Binders,,0.200413223
Out, Profit ,Avery Non-Stick Binders,All Others,870,▼,Avery Non-Stick Binders,,43.553
Out, Sales ,Avery Non-Stick Binders,All Others,870,▼,Avery Non-Stick Binders,,217.316
Out, Margin ,Avery Non-Stick Heavy Duty View Round Locking Ring Binders,All Others,142,▼,Avery Non-Stick Heavy Duty View Round Locking Ring Binders,,0.452631579
Out, Profit ,Avery Non-Stick Heavy Duty View Round Locking Ring Binders,All Others,142,▼,Avery Non-Stick Heavy Duty View Round Locking Ring Binders,,30.8568
Out, Sales ,Avery Non-Stick Heavy Duty View Round Locking Ring Binders,All Others,142,▼,Avery Non-Stick Heavy Duty View Round Locking Ring Binders,,68.172
Out, Margin ,Avery Personal Creations Heavyweight Cards,All Others,453,▼,Avery Personal Creations Heavyweight Cards,,0.364444444
Out, Profit ,Avery Personal Creations Heavyweight Cards,All Others,453,▼,Avery Personal Creations Heavyweight Cards,,37.8512
Out, Sales ,Avery Personal Creations Heavyweight Cards,All Others,453,▼,Avery Personal Creations Heavyweight Cards,,103.86
Out, Margin ,Avery Poly Binder Pockets,All Others,897,▼,Avery Poly Binder Pockets,,0.188990826
Out, Profit ,Avery Poly Binder Pockets,All Others,897,▼,Avery Poly Binder Pockets,,14.7496
Out, Sales ,Avery Poly Binder Pockets,All Others,897,▼,Avery Poly Binder Pockets,,78.044
Out, Margin ,Avery Premier Heavy-Duty Binder with Round Locking Rings,All Others,982,▼,Avery Premier Heavy-Duty Binder with Round Locking Rings,,0.153731343
Out, Profit ,Avery Premier Heavy-Duty Binder with Round Locking Rings,All Others,982,▼,Avery Premier Heavy-Duty Binder with Round Locking Rings,,29.4168
Out, Sales ,Avery Premier Heavy-Duty Binder with Round Locking Rings,All Others,982,▼,Avery Premier Heavy-Duty Binder with Round Locking Rings,,191.352
Out, Margin ,Avery Printable Repositionable Plastic Tabs,All Others,449,▼,Avery Printable Repositionable Plastic Tabs,,0.367164179
Out, Profit ,Avery Printable Repositionable Plastic Tabs,All Others,449,▼,Avery Printable Repositionable Plastic Tabs,,42.312
Out, Sales ,Avery Printable Repositionable Plastic Tabs,All Others,449,▼,Avery Printable Repositionable Plastic Tabs,,115.24
Out, Margin ,Avery Recycled Flexi-View Covers for Binding Systems,All Others,"1,463",▼,Avery Recycled Flexi-View Covers for Binding Systems,,-0.352845528
Out, Profit ,Avery Recycled Flexi-View Covers for Binding Systems,All Others,"1,463",▼,Avery Recycled Flexi-View Covers for Binding Systems,,-69.5702
Out, Sales ,Avery Recycled Flexi-View Covers for Binding Systems,All Others,"1,463",▼,Avery Recycled Flexi-View Covers for Binding Systems,,197.169
Out, Margin ,Avery Reinforcements for Hole-Punch Pages,All Others,"1,481",▼,Avery Reinforcements for Hole-Punch Pages,,-0.565972222
Out, Profit ,Avery Reinforcements for Hole-Punch Pages,All Others,"1,481",▼,Avery Reinforcements for Hole-Punch Pages,,-16.137
Out, Sales ,Avery Reinforcements for Hole-Punch Pages,All Others,"1,481",▼,Avery Reinforcements for Hole-Punch Pages,,28.512
Out, Margin ,Avery Round Ring Poly Binders,All Others,524,▼,Avery Round Ring Poly Binders,,0.333076923
Out, Profit ,Avery Round Ring Poly Binders,All Others,524,▼,Avery Round Ring Poly Binders,,12.2972
Out, Sales ,Avery Round Ring Poly Binders,All Others,524,▼,Avery Round Ring Poly Binders,,36.92
Out, Margin ,Avery Self-Adhesive Photo Pockets for Polaroid Photos,All Others,"1,254",▼,Avery Self-Adhesive Photo Pockets for Polaroid Photos,,-0.015238095
Out, Profit ,Avery Self-Adhesive Photo Pockets for Polaroid Photos,All Others,"1,254",▼,Avery Self-Adhesive Photo Pockets for Polaroid Photos,,-2.179200000
Out, Sales ,Avery Self-Adhesive Photo Pockets for Polaroid Photos,All Others,"1,254",▼,Avery Self-Adhesive Photo Pockets for Polaroid Photos,,143.01
Out, Margin ,"Avery Trapezoid Extra Heavy Duty 4"" Binders",All Others,"1,230",▼,"Avery Trapezoid Extra Heavy Duty 4"" Binders",,6.776754752e-17
Out, Profit ,"Avery Trapezoid Extra Heavy Duty 4"" Binders",All Others,"1,230",▼,"Avery Trapezoid Extra Heavy Duty 4"" Binders",,2.131628207e-14
Out, Sales ,"Avery Trapezoid Extra Heavy Duty 4"" Binders",All Others,"1,230",▼,"Avery Trapezoid Extra Heavy Duty 4"" Binders",,314.55
Out, Margin ,"Avery Trapezoid Ring Binder, 3"" Capacity, Black, 1040 sheets",All Others,979,▼,"Avery Trapezoid Ring Binder, 3"" Capacity, Black, 1040 sheets",,0.156390977
Out, Profit ,"Avery Trapezoid Ring Binder, 3"" Capacity, Black, 1040 sheets",All Others,979,▼,"Avery Trapezoid Ring Binder, 3"" Capacity, Black, 1040 sheets",,85.2384
Out, Sales ,"Avery Trapezoid Ring Binder, 3"" Capacity, Black, 1040 sheets",All Others,979,▼,"Avery Trapezoid Ring Binder, 3"" Capacity, Black, 1040 sheets",,545.034
Out, Margin ,"Avery Triangle Shaped Sheet Lifters, Black, 2/Pack",All Others,"1,426",▼,"Avery Triangle Shaped Sheet Lifters, Black, 2/Pack",,-0.190476190
Out, Profit ,"Avery Triangle Shaped Sheet Lifters, Black, 2/Pack",All Others,"1,426",▼,"Avery Triangle Shaped Sheet Lifters, Black, 2/Pack",,-4.92
Out, Sales ,"Avery Triangle Shaped Sheet Lifters, Black, 2/Pack",All Others,"1,426",▼,"Avery Triangle Shaped Sheet Lifters, Black, 2/Pack",,25.83
Out, Margin ,Avery White Multi-Purpose Labels,All Others,208,▼,Avery White Multi-Purpose Labels,,0.4375
Out, Profit ,Avery White Multi-Purpose Labels,All Others,208,▼,Avery White Multi-Purpose Labels,,41.832
Out, Sales ,Avery White Multi-Purpose Labels,All Others,208,▼,Avery White Multi-Purpose Labels,,95.616
Out, Margin ,Avoid Verbal Orders Carbonless Minifold Book,All Others,202,▼,Avoid Verbal Orders Carbonless Minifold Book,,0.438613861
Out, Profit ,Avoid Verbal Orders Carbonless Minifold Book,All Others,202,▼,Avoid Verbal Orders Carbonless Minifold Book,,29.9468
Out, Sales ,Avoid Verbal Orders Carbonless Minifold Book,All Others,202,▼,Avoid Verbal Orders Carbonless Minifold Book,,68.276
Out, Margin ,Bady BDG101FRU Card Printer,All Others,"1,008",▼,Bady BDG101FRU Card Printer,,0.143103448
Out, Profit ,Bady BDG101FRU Card Printer,All Others,"1,008",▼,Bady BDG101FRU Card Printer,,"1,327.9834"
Out, Sales ,Bady BDG101FRU Card Printer,All Others,"1,008",▼,Bady BDG101FRU Card Printer,,"9,279.884"
Out, Margin ,Bagged Rubber Bands,All Others,"1,224",▼,Bagged Rubber Bands,,0.011764706
Out, Profit ,Bagged Rubber Bands,All Others,"1,224",▼,Bagged Rubber Bands,,0.3024
Out, Sales ,Bagged Rubber Bands,All Others,"1,224",▼,Bagged Rubber Bands,,25.704
Out, Margin ,Balt Solid Wood Rectangular Table,All Others,"1,449",▼,Balt Solid Wood Rectangular Table,,-0.261146497
Out, Profit ,Balt Solid Wood Rectangular Table,All Others,"1,449",▼,Balt Solid Wood Rectangular Table,,-216.2545
Out, Sales ,Balt Solid Wood Rectangular Table,All Others,"1,449",▼,Balt Solid Wood Rectangular Table,,828.0965
Out, Margin ,Balt Solid Wood Round Tables,All Others,"1,419",▼,Balt Solid Wood Round Tables,,-0.184246575
Out, Profit ,Balt Solid Wood Round Tables,All Others,"1,419",▼,Balt Solid Wood Round Tables,,"-1,201.0581"
Out, Sales ,Balt Solid Wood Round Tables,All Others,"1,419",▼,Balt Solid Wood Round Tables,,"6,518.754"
Out, Margin ,Balt Split Level Computer Training Table,All Others,"1,462",▼,Balt Split Level Computer Training Table,,-0.344
Out, Profit ,Balt Split Level Computer Training Table,All Others,"1,462",▼,Balt Split Level Computer Training Table,,-357.975
Out, Sales ,Balt Split Level Computer Training Table,All Others,"1,462",▼,Balt Split Level Computer Training Table,,"1,040.625"
Out, Margin ,Barrel Sharpener,All Others,701,▼,Barrel Sharpener,,0.26
Out, Profit ,Barrel Sharpener,All Others,701,▼,Barrel Sharpener,,17.6358
Out, Sales ,Barrel Sharpener,All Others,701,▼,Barrel Sharpener,,67.83
Out, Margin ,"Barricks 18"" x 48"" Non-Folding Utility Table with Bottom Storage Shelf",All Others,"1,353",▼,"Barricks 18"" x 48"" Non-Folding Utility Table with Bottom Storage Shelf",,-0.096296296
Out, Profit ,"Barricks 18"" x 48"" Non-Folding Utility Table with Bottom Storage Shelf",All Others,"1,353",▼,"Barricks 18"" x 48"" Non-Folding Utility Table with Bottom Storage Shelf",,-104.832
Out, Sales ,"Barricks 18"" x 48"" Non-Folding Utility Table with Bottom Storage Shelf",All Others,"1,353",▼,"Barricks 18"" x 48"" Non-Folding Utility Table with Bottom Storage Shelf",,"1,088.64"
Out, Margin ,"Barricks Non-Folding Utility Table with Steel Legs, Laminate Tops",All Others,"1,069",▼,"Barricks Non-Folding Utility Table with Steel Legs, Laminate Tops",,0.1125
Out, Profit ,"Barricks Non-Folding Utility Table with Steel Legs, Laminate Tops",All Others,"1,069",▼,"Barricks Non-Folding Utility Table with Steel Legs, Laminate Tops",,15.3522
Out, Sales ,"Barricks Non-Folding Utility Table with Steel Legs, Laminate Tops",All Others,"1,069",▼,"Barricks Non-Folding Utility Table with Steel Legs, Laminate Tops",,136.464
Out, Margin ,Belkin 5 Outlet SurgeMaster Power Centers,All Others,"1,059",▼,Belkin 5 Outlet SurgeMaster Power Centers,,0.116564417
Out, Profit ,Belkin 5 Outlet SurgeMaster Power Centers,All Others,"1,059",▼,Belkin 5 Outlet SurgeMaster Power Centers,,207.024
Out, Sales ,Belkin 5 Outlet SurgeMaster Power Centers,All Others,"1,059",▼,Belkin 5 Outlet SurgeMaster Power Centers,,"1,776.048"
Out, Margin ,Belkin 6 Outlet Metallic Surge Strip,All Others,"1,077",▼,Belkin 6 Outlet Metallic Surge Strip,,0.109543568
Out, Profit ,Belkin 6 Outlet Metallic Surge Strip,All Others,"1,077",▼,Belkin 6 Outlet Metallic Surge Strip,,28.7496
Out, Sales ,Belkin 6 Outlet Metallic Surge Strip,All Others,"1,077",▼,Belkin 6 Outlet Metallic Surge Strip,,262.449
Out, Margin ,Belkin 7 Outlet SurgeMaster II,All Others,632,▼,Belkin 7 Outlet SurgeMaster II,,0.28
Out, Profit ,Belkin 7 Outlet SurgeMaster II,All Others,632,▼,Belkin 7 Outlet SurgeMaster II,,176.8704
Out, Sales ,Belkin 7 Outlet SurgeMaster II,All Others,632,▼,Belkin 7 Outlet SurgeMaster II,,631.68
Out, Margin ,Belkin 7 Outlet SurgeMaster Surge Protector with Phone Protection,All Others,"1,068",▼,Belkin 7 Outlet SurgeMaster Surge Protector with Phone Protection,,0.1125
Out, Profit ,Belkin 7 Outlet SurgeMaster Surge Protector with Phone Protection,All Others,"1,068",▼,Belkin 7 Outlet SurgeMaster Surge Protector with Phone Protection,,17.766
Out, Sales ,Belkin 7 Outlet SurgeMaster Surge Protector with Phone Protection,All Others,"1,068",▼,Belkin 7 Outlet SurgeMaster Surge Protector with Phone Protection,,157.92
Out, Margin ,Belkin 7-Outlet SurgeMaster Home Series,All Others,"1,208",▼,Belkin 7-Outlet SurgeMaster Home Series,,0.026315789
Out, Profit ,Belkin 7-Outlet SurgeMaster Home Series,All Others,"1,208",▼,Belkin 7-Outlet SurgeMaster Home Series,,2.794
Out, Sales ,Belkin 7-Outlet SurgeMaster Home Series,All Others,"1,208",▼,Belkin 7-Outlet SurgeMaster Home Series,,106.172
Out, Margin ,Belkin 8 Outlet Surge Protector,All Others,932,▼,Belkin 8 Outlet Surge Protector,,0.175572519
Out, Profit ,Belkin 8 Outlet Surge Protector,All Others,932,▼,Belkin 8 Outlet Surge Protector,,188.508
Out, Sales ,Belkin 8 Outlet Surge Protector,All Others,932,▼,Belkin 8 Outlet Surge Protector,,"1,073.676"
Out, Margin ,Belkin 8 Outlet SurgeMaster II Gold Surge Protector,All Others,"1,048",▼,Belkin 8 Outlet SurgeMaster II Gold Surge Protector,,0.121951220
Out, Profit ,Belkin 8 Outlet SurgeMaster II Gold Surge Protector,All Others,"1,048",▼,Belkin 8 Outlet SurgeMaster II Gold Surge Protector,,89.970000000
Out, Sales ,Belkin 8 Outlet SurgeMaster II Gold Surge Protector,All Others,"1,048",▼,Belkin 8 Outlet SurgeMaster II Gold Surge Protector,,737.754
Out, Margin ,Belkin 8 Outlet SurgeMaster II Gold Surge Protector with Phone Protection,All Others,693,▼,Belkin 8 Outlet SurgeMaster II Gold Surge Protector with Phone Protection,,0.26
Out, Profit ,Belkin 8 Outlet SurgeMaster II Gold Surge Protector with Phone Protection,All Others,693,▼,Belkin 8 Outlet SurgeMaster II Gold Surge Protector with Phone Protection,,168.4384
Out, Sales ,Belkin 8 Outlet SurgeMaster II Gold Surge Protector with Phone Protection,All Others,693,▼,Belkin 8 Outlet SurgeMaster II Gold Surge Protector with Phone Protection,,647.84
Out, Margin ,Belkin 8-Outlet Premiere SurgeMaster II Surge Protectors,All Others,582,▼,Belkin 8-Outlet Premiere SurgeMaster II Surge Protectors,,0.3
Out, Profit ,Belkin 8-Outlet Premiere SurgeMaster II Surge Protectors,All Others,582,▼,Belkin 8-Outlet Premiere SurgeMaster II Surge Protectors,,83.376
Out, Sales ,Belkin 8-Outlet Premiere SurgeMaster II Surge Protectors,All Others,582,▼,Belkin 8-Outlet Premiere SurgeMaster II Surge Protectors,,277.92
Out, Margin ,"Belkin 19"" Center-Weighted Shelf, Gray",All Others,"1,306",▼,"Belkin 19"" Center-Weighted Shelf, Gray",,-0.055555556
Out, Profit ,"Belkin 19"" Center-Weighted Shelf, Gray",All Others,"1,306",▼,"Belkin 19"" Center-Weighted Shelf, Gray",,-47.184
Out, Sales ,"Belkin 19"" Center-Weighted Shelf, Gray",All Others,"1,306",▼,"Belkin 19"" Center-Weighted Shelf, Gray",,849.312
Out, Margin ,"Belkin 19"" Vented Equipment Shelf, Black",All Others,"1,382",▼,"Belkin 19"" Vented Equipment Shelf, Black",,-0.128308824
Out, Profit ,"Belkin 19"" Vented Equipment Shelf, Black",All Others,"1,382",▼,"Belkin 19"" Vented Equipment Shelf, Black",,-179.6652
Out, Sales ,"Belkin 19"" Vented Equipment Shelf, Black",All Others,"1,382",▼,"Belkin 19"" Vented Equipment Shelf, Black",,"1,400.256"
Out, Margin ,"Belkin 325VA UPS Surge Protector, 6'",All Others,"1,002",▼,"Belkin 325VA UPS Surge Protector, 6'",,0.144736842
Out, Profit ,"Belkin 325VA UPS Surge Protector, 6'",All Others,"1,002",▼,"Belkin 325VA UPS Surge Protector, 6'",,199.617
Out, Sales ,"Belkin 325VA UPS Surge Protector, 6'",All Others,"1,002",▼,"Belkin 325VA UPS Surge Protector, 6'",,"1,379.172"
Out, Margin ,Belkin F5C206VTEL 6 Outlet Surge,All Others,758,▼,Belkin F5C206VTEL 6 Outlet Surge,,0.237623762
Out, Profit ,Belkin F5C206VTEL 6 Outlet Surge,All Others,758,▼,Belkin F5C206VTEL 6 Outlet Surge,,110.304
Out, Sales ,Belkin F5C206VTEL 6 Outlet Surge,All Others,758,▼,Belkin F5C206VTEL 6 Outlet Surge,,464.196
Out, Margin ,Belkin F9G930V10-GRY 9 Outlet Surge,All Others,839,▼,Belkin F9G930V10-GRY 9 Outlet Surge,,0.211111111
Out, Profit ,Belkin F9G930V10-GRY 9 Outlet Surge,All Others,839,▼,Belkin F9G930V10-GRY 9 Outlet Surge,,162.5792
Out, Sales ,Belkin F9G930V10-GRY 9 Outlet Surge,All Others,839,▼,Belkin F9G930V10-GRY 9 Outlet Surge,,770.112
Out, Margin ,Belkin F9H710-06 7 Outlet SurgeMaster Surge Protector,All Others,755,▼,Belkin F9H710-06 7 Outlet SurgeMaster Surge Protector,,0.237956204
Out, Profit ,Belkin F9H710-06 7 Outlet SurgeMaster Surge Protector,All Others,755,▼,Belkin F9H710-06 7 Outlet SurgeMaster Surge Protector,,122.8368
Out, Sales ,Belkin F9H710-06 7 Outlet SurgeMaster Surge Protector,All Others,755,▼,Belkin F9H710-06 7 Outlet SurgeMaster Surge Protector,,516.216
Out, Margin ,Belkin F9M820V08 8 Outlet Surge,All Others,914,▼,Belkin F9M820V08 8 Outlet Surge,,0.180769231
Out, Profit ,Belkin F9M820V08 8 Outlet Surge,All Others,914,▼,Belkin F9M820V08 8 Outlet Surge,,101.003
Out, Sales ,Belkin F9M820V08 8 Outlet Surge,All Others,914,▼,Belkin F9M820V08 8 Outlet Surge,,558.74
Out, Margin ,Belkin F9S820V06 8 Outlet Surge,All Others,"1,473",▼,Belkin F9S820V06 8 Outlet Surge,,-0.451219512
Out, Profit ,Belkin F9S820V06 8 Outlet Surge,All Others,"1,473",▼,Belkin F9S820V06 8 Outlet Surge,,-120.176
Out, Sales ,Belkin F9S820V06 8 Outlet Surge,All Others,"1,473",▼,Belkin F9S820V06 8 Outlet Surge,,266.336
Out, Margin ,Belkin OmniView SE Rackmount Kit,All Others,"1,233",▼,Belkin OmniView SE Rackmount Kit,,0
Out, Profit ,Belkin OmniView SE Rackmount Kit,All Others,"1,233",▼,Belkin OmniView SE Rackmount Kit,,0
Out, Sales ,Belkin OmniView SE Rackmount Kit,All Others,"1,233",▼,Belkin OmniView SE Rackmount Kit,,248.36
Out, Margin ,Belkin Premiere Surge Master II 8-outlet surge protector,All Others,"1,161",▼,Belkin Premiere Surge Master II 8-outlet surge protector,,0.058163265
Out, Profit ,Belkin Premiere Surge Master II 8-outlet surge protector,All Others,"1,161",▼,Belkin Premiere Surge Master II 8-outlet surge protector,,55.381200000
Out, Sales ,Belkin Premiere Surge Master II 8-outlet surge protector,All Others,"1,161",▼,Belkin Premiere Surge Master II 8-outlet surge protector,,952.168
Out, Margin ,Berol Giant Pencil Sharpener,All Others,884,▼,Berol Giant Pencil Sharpener,,0.195333333
Out, Profit ,Berol Giant Pencil Sharpener,All Others,884,▼,Berol Giant Pencil Sharpener,,49.7807
Out, Sales ,Berol Giant Pencil Sharpener,All Others,884,▼,Berol Giant Pencil Sharpener,,254.85
Out, Margin ,Bestar Classic Bookcase,All Others,"1,458",▼,Bestar Classic Bookcase,,-0.322971549
Out, Profit ,Bestar Classic Bookcase,All Others,"1,458",▼,Bestar Classic Bookcase,,-612.9387
Out, Sales ,Bestar Classic Bookcase,All Others,"1,458",▼,Bestar Classic Bookcase,,"1,897.8102"
Out, Margin ,Bevis 36 x 72 Conference Tables,All Others,"1,092",▼,Bevis 36 x 72 Conference Tables,,0.103448276
Out, Profit ,Bevis 36 x 72 Conference Tables,All Others,"1,092",▼,Bevis 36 x 72 Conference Tables,,448.164
Out, Sales ,Bevis 36 x 72 Conference Tables,All Others,"1,092",▼,Bevis 36 x 72 Conference Tables,,"4,332.252"
Out, Margin ,Bevis 44 x 96 Conference Tables,All Others,"1,300",▼,Bevis 44 x 96 Conference Tables,,-0.050632911
Out, Profit ,Bevis 44 x 96 Conference Tables,All Others,"1,300",▼,Bevis 44 x 96 Conference Tables,,-164.72
Out, Sales ,Bevis 44 x 96 Conference Tables,All Others,"1,300",▼,Bevis 44 x 96 Conference Tables,,"3,253.22"
Out, Margin ,Bevis Boat-Shaped Conference Table,All Others,"1,415",▼,Bevis Boat-Shaped Conference Table,,-0.175257732
Out, Profit ,Bevis Boat-Shaped Conference Table,All Others,"1,415",▼,Bevis Boat-Shaped Conference Table,,-445.587
Out, Sales ,Bevis Boat-Shaped Conference Table,All Others,"1,415",▼,Bevis Boat-Shaped Conference Table,,"2,542.467"
Out, Margin ,"Bevis Oval Conference Table, Walnut",All Others,"1,377",▼,"Bevis Oval Conference Table, Walnut",,-0.123308271
Out, Profit ,"Bevis Oval Conference Table, Walnut",All Others,"1,377",▼,"Bevis Oval Conference Table, Walnut",,-856.014400000
Out, Sales ,"Bevis Oval Conference Table, Walnut",All Others,"1,377",▼,"Bevis Oval Conference Table, Walnut",,"6,942.068"
Out, Margin ,Bevis Rectangular Conference Tables,All Others,"1,482",▼,Bevis Rectangular Conference Tables,,-0.582608696
Out, Profit ,Bevis Rectangular Conference Tables,All Others,"1,482",▼,Bevis Rectangular Conference Tables,,-586.8396
Out, Sales ,Bevis Rectangular Conference Tables,All Others,"1,482",▼,Bevis Rectangular Conference Tables,,"1,007.262"
Out, Margin ,"Bevis Round Bullnose 29"" High Table Top",All Others,"1,294",▼,"Bevis Round Bullnose 29"" High Table Top",,-0.042285714
Out, Profit ,"Bevis Round Bullnose 29"" High Table Top",All Others,"1,294",▼,"Bevis Round Bullnose 29"" High Table Top",,-192.1854
Out, Sales ,"Bevis Round Bullnose 29"" High Table Top",All Others,"1,294",▼,"Bevis Round Bullnose 29"" High Table Top",,"4,544.925"
Out, Margin ,Bevis Round Conference Room Tables and Bases,All Others,"1,329",▼,Bevis Round Conference Room Tables and Bases,,-0.075862069
Out, Profit ,Bevis Round Conference Room Tables and Bases,All Others,"1,329",▼,Bevis Round Conference Room Tables and Bases,,-39.443800000
Out, Sales ,Bevis Round Conference Room Tables and Bases,All Others,"1,329",▼,Bevis Round Conference Room Tables and Bases,,519.941
Out, Margin ,Bevis Round Conference Table Top & Single Column Base,All Others,"1,184",▼,Bevis Round Conference Table Top & Single Column Base,,0.043949045
Out, Profit ,Bevis Round Conference Table Top & Single Column Base,All Others,"1,184",▼,Bevis Round Conference Table Top & Single Column Base,,100.9746
Out, Sales ,Bevis Round Conference Table Top & Single Column Base,All Others,"1,184",▼,Bevis Round Conference Table Top & Single Column Base,,"2,297.538"
Out, Margin ,"Bevis Round Conference Table Top, X-Base",All Others,"1,428",▼,"Bevis Round Conference Table Top, X-Base",,-0.194630872
Out, Profit ,"Bevis Round Conference Table Top, X-Base",All Others,"1,428",▼,"Bevis Round Conference Table Top, X-Base",,-519.941
Out, Sales ,"Bevis Round Conference Table Top, X-Base",All Others,"1,428",▼,"Bevis Round Conference Table Top, X-Base",,"2,671.421"
Out, Margin ,Bevis Steel Folding Chairs,All Others,"1,143",▼,Bevis Steel Folding Chairs,,0.065945946
Out, Profit ,Bevis Steel Folding Chairs,All Others,"1,143",▼,Bevis Steel Folding Chairs,,117.059
Out, Sales ,Bevis Steel Folding Chairs,All Others,"1,143",▼,Bevis Steel Folding Chairs,,"1,775.075"
Out, Margin ,"Bevis Traditional Conference Table Top, Plinth Base",All Others,"1,439",▼,"Bevis Traditional Conference Table Top, Plinth Base",,-0.224590164
Out, Profit ,"Bevis Traditional Conference Table Top, Plinth Base",All Others,"1,439",▼,"Bevis Traditional Conference Table Top, Plinth Base",,-456.7032
Out, Sales ,"Bevis Traditional Conference Table Top, Plinth Base",All Others,"1,439",▼,"Bevis Traditional Conference Table Top, Plinth Base",,"2,033.496"
Out, Margin ,BIC Brite Liner Grip Highlighters,All Others,443,▼,BIC Brite Liner Grip Highlighters,,0.368243243
Out, Profit ,BIC Brite Liner Grip Highlighters,All Others,443,▼,BIC Brite Liner Grip Highlighters,,8.938
Out, Sales ,BIC Brite Liner Grip Highlighters,All Others,443,▼,BIC Brite Liner Grip Highlighters,,24.272
Out, Margin ,"BIC Brite Liner Grip Highlighters, Assorted, 5/Pack",All Others,444,▼,"BIC Brite Liner Grip Highlighters, Assorted, 5/Pack",,0.368214286
Out, Profit ,"BIC Brite Liner Grip Highlighters, Assorted, 5/Pack",All Others,444,▼,"BIC Brite Liner Grip Highlighters, Assorted, 5/Pack",,43.7144
Out, Sales ,"BIC Brite Liner Grip Highlighters, Assorted, 5/Pack",All Others,444,▼,"BIC Brite Liner Grip Highlighters, Assorted, 5/Pack",,118.72
Out, Margin ,BIC Brite Liner Highlighters,All Others,469,▼,BIC Brite Liner Highlighters,,0.358653846
Out, Profit ,BIC Brite Liner Highlighters,All Others,469,▼,BIC Brite Liner Highlighters,,30.8844
Out, Sales ,BIC Brite Liner Highlighters,All Others,469,▼,BIC Brite Liner Highlighters,,86.112
Out, Margin ,"BIC Brite Liner Highlighters, Chisel Tip",All Others,730,▼,"BIC Brite Liner Highlighters, Chisel Tip",,0.248421053
Out, Profit ,"BIC Brite Liner Highlighters, Chisel Tip",All Others,730,▼,"BIC Brite Liner Highlighters, Chisel Tip",,30.5856
Out, Sales ,"BIC Brite Liner Highlighters, Chisel Tip",All Others,730,▼,"BIC Brite Liner Highlighters, Chisel Tip",,123.12
Out, Margin ,BIC Liqua Brite Liner,All Others,570,▼,BIC Liqua Brite Liner,,0.3088
Out, Profit ,BIC Liqua Brite Liner,All Others,570,▼,BIC Liqua Brite Liner,,53.5768
Out, Sales ,BIC Liqua Brite Liner,All Others,570,▼,BIC Liqua Brite Liner,,173.5
Out, Margin ,Binder Clips by OIC,All Others,269,▼,Binder Clips by OIC,,0.424590164
Out, Profit ,Binder Clips by OIC,All Others,269,▼,Binder Clips by OIC,,15.3328
Out, Sales ,Binder Clips by OIC,All Others,269,▼,Binder Clips by OIC,,36.112
Out, Margin ,Binder Posts,All Others,"1,021",▼,Binder Posts,,0.136
Out, Profit ,Binder Posts,All Others,"1,021",▼,Binder Posts,,7.8064
Out, Sales ,Binder Posts,All Others,"1,021",▼,Binder Posts,,57.4
Out, Margin ,Binding Machine Supplies,All Others,653,▼,Binding Machine Supplies,,0.273362445
Out, Profit ,Binding Machine Supplies,All Others,653,▼,Binding Machine Supplies,,182.6042
Out, Sales ,Binding Machine Supplies,All Others,653,▼,Binding Machine Supplies,,667.993
Out, Margin ,"Binney & Smith Crayola Metallic Colored Pencils, 8-Color Set",All Others,577,▼,"Binney & Smith Crayola Metallic Colored Pencils, 8-Color Set",,0.302083333
Out, Profit ,"Binney & Smith Crayola Metallic Colored Pencils, 8-Color Set",All Others,577,▼,"Binney & Smith Crayola Metallic Colored Pencils, 8-Color Set",,26.854
Out, Sales ,"Binney & Smith Crayola Metallic Colored Pencils, 8-Color Set",All Others,577,▼,"Binney & Smith Crayola Metallic Colored Pencils, 8-Color Set",,88.896
Out, Margin ,"Binney & Smith Crayola Metallic Crayons, 16-Color Pack",All Others,300,▼,"Binney & Smith Crayola Metallic Crayons, 16-Color Pack",,0.416666667
Out, Profit ,"Binney & Smith Crayola Metallic Crayons, 16-Color Pack",All Others,300,▼,"Binney & Smith Crayola Metallic Crayons, 16-Color Pack",,6.74
Out, Sales ,"Binney & Smith Crayola Metallic Crayons, 16-Color Pack",All Others,300,▼,"Binney & Smith Crayola Metallic Crayons, 16-Color Pack",,16.176
Out, Margin ,"Binney & Smith inkTank Desk Highlighter, Chisel Tip, Yellow, 12/Box",All Others,587,▼,"Binney & Smith inkTank Desk Highlighter, Chisel Tip, Yellow, 12/Box",,0.298095238
Out, Profit ,"Binney & Smith inkTank Desk Highlighter, Chisel Tip, Yellow, 12/Box",All Others,587,▼,"Binney & Smith inkTank Desk Highlighter, Chisel Tip, Yellow, 12/Box",,13.459
Out, Sales ,"Binney & Smith inkTank Desk Highlighter, Chisel Tip, Yellow, 12/Box",All Others,587,▼,"Binney & Smith inkTank Desk Highlighter, Chisel Tip, Yellow, 12/Box",,45.15
Out, Margin ,"Binney & Smith inkTank Erasable Desk Highlighter, Chisel Tip, Yellow, 12/Box",All Others,533,▼,"Binney & Smith inkTank Erasable Desk Highlighter, Chisel Tip, Yellow, 12/Box",,0.325714286
Out, Profit ,"Binney & Smith inkTank Erasable Desk Highlighter, Chisel Tip, Yellow, 12/Box",All Others,533,▼,"Binney & Smith inkTank Erasable Desk Highlighter, Chisel Tip, Yellow, 12/Box",,5.7456
Out, Sales ,"Binney & Smith inkTank Erasable Desk Highlighter, Chisel Tip, Yellow, 12/Box",All Others,533,▼,"Binney & Smith inkTank Erasable Desk Highlighter, Chisel Tip, Yellow, 12/Box",,17.64
Out, Margin ,"Binney & Smith inkTank Erasable Pocket Highlighter, Chisel Tip, Yellow",All Others,327,▼,"Binney & Smith inkTank Erasable Pocket Highlighter, Chisel Tip, Yellow",,0.410526316
Out, Profit ,"Binney & Smith inkTank Erasable Pocket Highlighter, Chisel Tip, Yellow",All Others,327,▼,"Binney & Smith inkTank Erasable Pocket Highlighter, Chisel Tip, Yellow",,10.6704
Out, Sales ,"Binney & Smith inkTank Erasable Pocket Highlighter, Chisel Tip, Yellow",All Others,327,▼,"Binney & Smith inkTank Erasable Pocket Highlighter, Chisel Tip, Yellow",,25.992
Out, Margin ,Bionaire 99.97% HEPA Air Cleaner,All Others,"1,113",▼,Bionaire 99.97% HEPA Air Cleaner,,0.087719298
Out, Profit ,Bionaire 99.97% HEPA Air Cleaner,All Others,"1,113",▼,Bionaire 99.97% HEPA Air Cleaner,,17.52
Out, Sales ,Bionaire 99.97% HEPA Air Cleaner,All Others,"1,113",▼,Bionaire 99.97% HEPA Air Cleaner,,199.728
Out, Margin ,Bionaire Personal Warm Mist Humidifier/Vaporizer,All Others,383,▼,Bionaire Personal Warm Mist Humidifier/Vaporizer,,0.39
Out, Profit ,Bionaire Personal Warm Mist Humidifier/Vaporizer,All Others,383,▼,Bionaire Personal Warm Mist Humidifier/Vaporizer,,201.1581
Out, Sales ,Bionaire Personal Warm Mist Humidifier/Vaporizer,All Others,383,▼,Bionaire Personal Warm Mist Humidifier/Vaporizer,,515.79
Out, Margin ,Black & Decker Filter for Double Action Dustbuster Cordless Vac BLDV7210,All Others,772,▼,Black & Decker Filter for Double Action Dustbuster Cordless Vac BLDV7210,,0.233576642
Out, Profit ,Black & Decker Filter for Double Action Dustbuster Cordless Vac BLDV7210,All Others,772,▼,Black & Decker Filter for Double Action Dustbuster Cordless Vac BLDV7210,,53.696
Out, Sales ,Black & Decker Filter for Double Action Dustbuster Cordless Vac BLDV7210,All Others,772,▼,Black & Decker Filter for Double Action Dustbuster Cordless Vac BLDV7210,,229.886
Out, Margin ,"Black Avery Memo-Size 3-Ring Binder, 5 1/2"" x 8 1/2""",All Others,505,▼,"Black Avery Memo-Size 3-Ring Binder, 5 1/2"" x 8 1/2""",,0.341935484
Out, Profit ,"Black Avery Memo-Size 3-Ring Binder, 5 1/2"" x 8 1/2""",All Others,505,▼,"Black Avery Memo-Size 3-Ring Binder, 5 1/2"" x 8 1/2""",,15.5608
Out, Sales ,"Black Avery Memo-Size 3-Ring Binder, 5 1/2"" x 8 1/2""",All Others,505,▼,"Black Avery Memo-Size 3-Ring Binder, 5 1/2"" x 8 1/2""",,45.508
Out, Margin ,"Black Print Carbonless 8 1/2"" x 8 1/4"" Rapid Memo Book",All Others,538,▼,"Black Print Carbonless 8 1/2"" x 8 1/4"" Rapid Memo Book",,0.325
Out, Profit ,"Black Print Carbonless 8 1/2"" x 8 1/4"" Rapid Memo Book",All Others,538,▼,"Black Print Carbonless 8 1/2"" x 8 1/4"" Rapid Memo Book",,20.8208
Out, Sales ,"Black Print Carbonless 8 1/2"" x 8 1/4"" Rapid Memo Book",All Others,538,▼,"Black Print Carbonless 8 1/2"" x 8 1/4"" Rapid Memo Book",,64.064
Out, Margin ,"Black Print Carbonless Snap-Off Rapid Letter, 8 1/2"" x 7""",All Others,339,▼,"Black Print Carbonless Snap-Off Rapid Letter, 8 1/2"" x 7""",,0.40625
Out, Profit ,"Black Print Carbonless Snap-Off Rapid Letter, 8 1/2"" x 7""",All Others,339,▼,"Black Print Carbonless Snap-Off Rapid Letter, 8 1/2"" x 7""",,65.1365
Out, Sales ,"Black Print Carbonless Snap-Off Rapid Letter, 8 1/2"" x 7""",All Others,339,▼,"Black Print Carbonless Snap-Off Rapid Letter, 8 1/2"" x 7""",,160.336
Out, Margin ,Blackstonian Pencils,All Others,706,▼,Blackstonian Pencils,,0.256521739
Out, Profit ,Blackstonian Pencils,All Others,706,▼,Blackstonian Pencils,,12.6024
Out, Sales ,Blackstonian Pencils,All Others,706,▼,Blackstonian Pencils,,49.128
Out, Margin ,"Blue String-Tie & Button Interoffice Envelopes, 10 x 13",All Others,406,▼,"Blue String-Tie & Button Interoffice Envelopes, 10 x 13",,0.382653061
Out, Profit ,"Blue String-Tie & Button Interoffice Envelopes, 10 x 13",All Others,406,▼,"Blue String-Tie & Button Interoffice Envelopes, 10 x 13",,299.85
Out, Sales ,"Blue String-Tie & Button Interoffice Envelopes, 10 x 13",All Others,406,▼,"Blue String-Tie & Button Interoffice Envelopes, 10 x 13",,783.608
Out, Margin ,Boston 1645 Deluxe Heavier-Duty Electric Pencil Sharpener,All Others,892,▼,Boston 1645 Deluxe Heavier-Duty Electric Pencil Sharpener,,0.192213115
Out, Profit ,Boston 1645 Deluxe Heavier-Duty Electric Pencil Sharpener,All Others,892,▼,Boston 1645 Deluxe Heavier-Duty Electric Pencil Sharpener,,206.2662
Out, Sales ,Boston 1645 Deluxe Heavier-Duty Electric Pencil Sharpener,All Others,892,▼,Boston 1645 Deluxe Heavier-Duty Electric Pencil Sharpener,,"1,073.112"
Out, Margin ,Boston 1730 StandUp Electric Pencil Sharpener,All Others,702,▼,Boston 1730 StandUp Electric Pencil Sharpener,,0.26
Out, Profit ,Boston 1730 StandUp Electric Pencil Sharpener,All Others,702,▼,Boston 1730 StandUp Electric Pencil Sharpener,,44.4704
Out, Sales ,Boston 1730 StandUp Electric Pencil Sharpener,All Others,702,▼,Boston 1730 StandUp Electric Pencil Sharpener,,171.04
Out, Margin ,Boston 1799 Powerhouse Electric Pencil Sharpener,All Others,639,▼,Boston 1799 Powerhouse Electric Pencil Sharpener,,0.28
Out, Profit ,Boston 1799 Powerhouse Electric Pencil Sharpener,All Others,639,▼,Boston 1799 Powerhouse Electric Pencil Sharpener,,109.116
Out, Sales ,Boston 1799 Powerhouse Electric Pencil Sharpener,All Others,639,▼,Boston 1799 Powerhouse Electric Pencil Sharpener,,389.7
Out, Margin ,"Boston 1827 Commercial Additional Cutter, Drive Gear & Gear Rack for 1606",All Others,580,▼,"Boston 1827 Commercial Additional Cutter, Drive Gear & Gear Rack for 1606",,0.3
Out, Profit ,"Boston 1827 Commercial Additional Cutter, Drive Gear & Gear Rack for 1606",All Others,580,▼,"Boston 1827 Commercial Additional Cutter, Drive Gear & Gear Rack for 1606",,17.847
Out, Sales ,"Boston 1827 Commercial Additional Cutter, Drive Gear & Gear Rack for 1606",All Others,580,▼,"Boston 1827 Commercial Additional Cutter, Drive Gear & Gear Rack for 1606",,59.49
Out, Margin ,Boston 1900 Electric Pencil Sharpener,All Others,578,▼,Boston 1900 Electric Pencil Sharpener,,0.3
Out, Profit ,Boston 1900 Electric Pencil Sharpener,All Others,578,▼,Boston 1900 Electric Pencil Sharpener,,4.494
Out, Sales ,Boston 1900 Electric Pencil Sharpener,All Others,578,▼,Boston 1900 Electric Pencil Sharpener,,14.98
Out, Margin ,Boston 16701 Slimline Battery Pencil Sharpener,All Others,810,▼,Boston 16701 Slimline Battery Pencil Sharpener,,0.222222222
Out, Profit ,Boston 16701 Slimline Battery Pencil Sharpener,All Others,810,▼,Boston 16701 Slimline Battery Pencil Sharpener,,19.128
Out, Sales ,Boston 16701 Slimline Battery Pencil Sharpener,All Others,810,▼,Boston 16701 Slimline Battery Pencil Sharpener,,86.076
Out, Margin ,Boston 16750 Black Compact Battery Pencil Sharpener,All Others,581,▼,Boston 16750 Black Compact Battery Pencil Sharpener,,0.3
Out, Profit ,Boston 16750 Black Compact Battery Pencil Sharpener,All Others,581,▼,Boston 16750 Black Compact Battery Pencil Sharpener,,13.125
Out, Sales ,Boston 16750 Black Compact Battery Pencil Sharpener,All Others,581,▼,Boston 16750 Black Compact Battery Pencil Sharpener,,43.75
Out, Margin ,Boston 16765 Mini Stand Up Battery Pencil Sharpener,All Others,970,▼,Boston 16765 Mini Stand Up Battery Pencil Sharpener,,0.159090909
Out, Profit ,Boston 16765 Mini Stand Up Battery Pencil Sharpener,All Others,970,▼,Boston 16765 Mini Stand Up Battery Pencil Sharpener,,16.324
Out, Sales ,Boston 16765 Mini Stand Up Battery Pencil Sharpener,All Others,970,▼,Boston 16765 Mini Stand Up Battery Pencil Sharpener,,102.608
Out, Margin ,Boston 16801 Nautilus Battery Pencil Sharpener,All Others,978,▼,Boston 16801 Nautilus Battery Pencil Sharpener,,0.157425743
Out, Profit ,Boston 16801 Nautilus Battery Pencil Sharpener,All Others,978,▼,Boston 16801 Nautilus Battery Pencil Sharpener,,69.9918
Out, Sales ,Boston 16801 Nautilus Battery Pencil Sharpener,All Others,978,▼,Boston 16801 Nautilus Battery Pencil Sharpener,,444.602
Out, Margin ,Boston 19500 Mighty Mite Electric Pencil Sharpener,All Others,660,▼,Boston 19500 Mighty Mite Electric Pencil Sharpener,,0.27
Out, Profit ,Boston 19500 Mighty Mite Electric Pencil Sharpener,All Others,660,▼,Boston 19500 Mighty Mite Electric Pencil Sharpener,,92.4885
Out, Sales ,Boston 19500 Mighty Mite Electric Pencil Sharpener,All Others,660,▼,Boston 19500 Mighty Mite Electric Pencil Sharpener,,342.55
Out, Margin ,"Boston Electric Pencil Sharpener, Model 1818, Charcoal Black",All Others,799,▼,"Boston Electric Pencil Sharpener, Model 1818, Charcoal Black",,0.225806452
Out, Profit ,"Boston Electric Pencil Sharpener, Model 1818, Charcoal Black",All Others,799,▼,"Boston Electric Pencil Sharpener, Model 1818, Charcoal Black",,118.23
Out, Sales ,"Boston Electric Pencil Sharpener, Model 1818, Charcoal Black",All Others,799,▼,"Boston Electric Pencil Sharpener, Model 1818, Charcoal Black",,523.59
Out, Margin ,Boston Heavy-Duty Trimline Electric Pencil Sharpeners,All Others,673,▼,Boston Heavy-Duty Trimline Electric Pencil Sharpeners,,0.266528926
Out, Profit ,Boston Heavy-Duty Trimline Electric Pencil Sharpeners,All Others,673,▼,Boston Heavy-Duty Trimline Electric Pencil Sharpeners,,310.89
Out, Sales ,Boston Heavy-Duty Trimline Electric Pencil Sharpeners,All Others,673,▼,Boston Heavy-Duty Trimline Electric Pencil Sharpeners,,"1,166.44"
Out, Margin ,Boston Home & Office Model 2000 Electric Pencil Sharpeners,All Others,764,▼,Boston Home & Office Model 2000 Electric Pencil Sharpeners,,0.236507937
Out, Profit ,Boston Home & Office Model 2000 Electric Pencil Sharpeners,All Others,764,▼,Boston Home & Office Model 2000 Electric Pencil Sharpeners,,70.477
Out, Sales ,Boston Home & Office Model 2000 Electric Pencil Sharpeners,All Others,764,▼,Boston Home & Office Model 2000 Electric Pencil Sharpeners,,297.99
Out, Margin ,Boston KS Multi-Size Manual Pencil Sharpener,All Others,804,▼,Boston KS Multi-Size Manual Pencil Sharpener,,0.224137931
Out, Profit ,Boston KS Multi-Size Manual Pencil Sharpener,All Others,804,▼,Boston KS Multi-Size Manual Pencil Sharpener,,119.548
Out, Sales ,Boston KS Multi-Size Manual Pencil Sharpener,All Others,804,▼,Boston KS Multi-Size Manual Pencil Sharpener,,533.368
Out, Margin ,"Boston Model 1800 Electric Pencil Sharpener, Gray",All Others,657,▼,"Boston Model 1800 Electric Pencil Sharpener, Gray",,0.270833333
Out, Profit ,"Boston Model 1800 Electric Pencil Sharpener, Gray",All Others,657,▼,"Boston Model 1800 Electric Pencil Sharpener, Gray",,109.785
Out, Sales ,"Boston Model 1800 Electric Pencil Sharpener, Gray",All Others,657,▼,"Boston Model 1800 Electric Pencil Sharpener, Gray",,405.36
Out, Margin ,"BOSTON Model 1800 Electric Pencil Sharpeners, Putty/Woodgrain",All Others,795,▼,"BOSTON Model 1800 Electric Pencil Sharpeners, Putty/Woodgrain",,0.228260870
Out, Profit ,"BOSTON Model 1800 Electric Pencil Sharpeners, Putty/Woodgrain",All Others,795,▼,"BOSTON Model 1800 Electric Pencil Sharpeners, Putty/Woodgrain",,113.274
Out, Sales ,"BOSTON Model 1800 Electric Pencil Sharpeners, Putty/Woodgrain",All Others,795,▼,"BOSTON Model 1800 Electric Pencil Sharpeners, Putty/Woodgrain",,496.248
Out, Margin ,"BOSTON Ranger #55 Pencil Sharpener, Black",All Others,887,▼,"BOSTON Ranger #55 Pencil Sharpener, Black",,0.194537815
Out, Profit ,"BOSTON Ranger #55 Pencil Sharpener, Black",All Others,887,▼,"BOSTON Ranger #55 Pencil Sharpener, Black",,120.3337
Out, Sales ,"BOSTON Ranger #55 Pencil Sharpener, Black",All Others,887,▼,"BOSTON Ranger #55 Pencil Sharpener, Black",,618.562
Out, Margin ,"Boston School Pro Electric Pencil Sharpener, 1670",All Others,943,▼,"Boston School Pro Electric Pencil Sharpener, 1670",,0.171631206
Out, Profit ,"Boston School Pro Electric Pencil Sharpener, 1670",All Others,943,▼,"Boston School Pro Electric Pencil Sharpener, 1670",,149.9432
Out, Sales ,"Boston School Pro Electric Pencil Sharpener, 1670",All Others,943,▼,"Boston School Pro Electric Pencil Sharpener, 1670",,873.636
Out, Margin ,BoxOffice By Design Rectangular and Half-Moon Meeting Room Tables,All Others,"1,485",▼,BoxOffice By Design Rectangular and Half-Moon Meeting Room Tables,,-0.673076923
Out, Profit ,BoxOffice By Design Rectangular and Half-Moon Meeting Room Tables,All Others,"1,485",▼,BoxOffice By Design Rectangular and Half-Moon Meeting Room Tables,,"-1,148.4375"
Out, Sales ,BoxOffice By Design Rectangular and Half-Moon Meeting Room Tables,All Others,"1,485",▼,BoxOffice By Design Rectangular and Half-Moon Meeting Room Tables,,"1,706.25"
Out, Margin ,BPI Conference Tables,All Others,"1,464",▼,BPI Conference Tables,,-0.355048860
Out, Profit ,BPI Conference Tables,All Others,"1,464",▼,BPI Conference Tables,,-795.9725
Out, Sales ,BPI Conference Tables,All Others,"1,464",▼,BPI Conference Tables,,"2,241.8675"
Out, Margin ,"Bravo II Megaboss 12-Amp Hard Body Upright, Replacement Belts, 2 Belts per Pack",All Others,762,▼,"Bravo II Megaboss 12-Amp Hard Body Upright, Replacement Belts, 2 Belts per Pack",,0.237407407
Out, Profit ,"Bravo II Megaboss 12-Amp Hard Body Upright, Replacement Belts, 2 Belts per Pack",All Others,762,▼,"Bravo II Megaboss 12-Amp Hard Body Upright, Replacement Belts, 2 Belts per Pack",,20.8325
Out, Sales ,"Bravo II Megaboss 12-Amp Hard Body Upright, Replacement Belts, 2 Belts per Pack",All Others,762,▼,"Bravo II Megaboss 12-Amp Hard Body Upright, Replacement Belts, 2 Belts per Pack",,87.75
Out, Margin ,Bretford “Just In Time” Height-Adjustable Multi-Task Work Tables,All Others,"1,410",▼,Bretford “Just In Time” Height-Adjustable Multi-Task Work Tables,,-0.171111111
Out, Profit ,Bretford “Just In Time” Height-Adjustable Multi-Task Work Tables,All Others,"1,410",▼,Bretford “Just In Time” Height-Adjustable Multi-Task Work Tables,,-964.194000000
Out, Sales ,Bretford “Just In Time” Height-Adjustable Multi-Task Work Tables,All Others,"1,410",▼,Bretford “Just In Time” Height-Adjustable Multi-Task Work Tables,,"5,634.9"
Out, Margin ,Bretford CR4500 Series Slim Rectangular Table,All Others,"1,325",▼,Bretford CR4500 Series Slim Rectangular Table,,-0.073557692
Out, Profit ,Bretford CR4500 Series Slim Rectangular Table,All Others,"1,325",▼,Bretford CR4500 Series Slim Rectangular Table,,-532.7613
Out, Sales ,Bretford CR4500 Series Slim Rectangular Table,All Others,"1,325",▼,Bretford CR4500 Series Slim Rectangular Table,,"7,242.768"
Out, Margin ,Bretford CR8500 Series Meeting Room Furniture,All Others,"1,138",▼,Bretford CR8500 Series Meeting Room Furniture,,0.068047337
Out, Profit ,Bretford CR8500 Series Meeting Room Furniture,All Others,"1,138",▼,Bretford CR8500 Series Meeting Room Furniture,,461.127
Out, Sales ,Bretford CR8500 Series Meeting Room Furniture,All Others,"1,138",▼,Bretford CR8500 Series Meeting Room Furniture,,"6,776.562"
Out, Margin ,Bretford Rectangular Conference Table Tops,All Others,"1,273",▼,Bretford Rectangular Conference Table Tops,,-0.025180897
Out, Profit ,Bretford Rectangular Conference Table Tops,All Others,"1,273",▼,Bretford Rectangular Conference Table Tops,,-327.233100000
Out, Sales ,Bretford Rectangular Conference Table Tops,All Others,"1,273",▼,Bretford Rectangular Conference Table Tops,,"12,995.2915"
Out, Margin ,"Brites Rubber Bands, 1 1/2 oz. Box",All Others,"1,288",▼,"Brites Rubber Bands, 1 1/2 oz. Box",,-0.039393939
Out, Profit ,"Brites Rubber Bands, 1 1/2 oz. Box",All Others,"1,288",▼,"Brites Rubber Bands, 1 1/2 oz. Box",,-0.514800000
Out, Sales ,"Brites Rubber Bands, 1 1/2 oz. Box",All Others,"1,288",▼,"Brites Rubber Bands, 1 1/2 oz. Box",,13.068
Out, Margin ,"Brother MFC-9340CDW LED All-In-One Printer, Copier Scanner",All Others,"1,495",▼,"Brother MFC-9340CDW LED All-In-One Printer, Copier Scanner",,-0.933333333
Out, Profit ,"Brother MFC-9340CDW LED All-In-One Printer, Copier Scanner",All Others,"1,495",▼,"Brother MFC-9340CDW LED All-In-One Printer, Copier Scanner",,-319.1916
Out, Sales ,"Brother MFC-9340CDW LED All-In-One Printer, Copier Scanner",All Others,"1,495",▼,"Brother MFC-9340CDW LED All-In-One Printer, Copier Scanner",,341.991
Out, Margin ,Brown Kraft Recycled Envelopes,All Others,47,▼,Brown Kraft Recycled Envelopes,,0.479166667
Out, Profit ,Brown Kraft Recycled Envelopes,All Others,47,▼,Brown Kraft Recycled Envelopes,,117.162
Out, Sales ,Brown Kraft Recycled Envelopes,All Others,47,▼,Brown Kraft Recycled Envelopes,,244.512
Out, Margin ,Bulldog Table or Wall-Mount Pencil Sharpener,All Others,602,▼,Bulldog Table or Wall-Mount Pencil Sharpener,,0.29
Out, Profit ,Bulldog Table or Wall-Mount Pencil Sharpener,All Others,602,▼,Bulldog Table or Wall-Mount Pencil Sharpener,,22.5823
Out, Sales ,Bulldog Table or Wall-Mount Pencil Sharpener,All Others,602,▼,Bulldog Table or Wall-Mount Pencil Sharpener,,77.87
Out, Margin ,Bulldog Vacuum Base Pencil Sharpener,All Others,915,▼,Bulldog Vacuum Base Pencil Sharpener,,0.180072464
Out, Profit ,Bulldog Vacuum Base Pencil Sharpener,All Others,915,▼,Bulldog Vacuum Base Pencil Sharpener,,59.5903
Out, Sales ,Bulldog Vacuum Base Pencil Sharpener,All Others,915,▼,Bulldog Vacuum Base Pencil Sharpener,,330.924
Out, Margin ,Bush Advantage Collection Racetrack Conference Table,All Others,"1,431",▼,Bush Advantage Collection Racetrack Conference Table,,-0.202666667
Out, Profit ,Bush Advantage Collection Racetrack Conference Table,All Others,"1,431",▼,Bush Advantage Collection Racetrack Conference Table,,"-1,934.3976"
Out, Sales ,Bush Advantage Collection Racetrack Conference Table,All Others,"1,431",▼,Bush Advantage Collection Racetrack Conference Table,,"9,544.725"
Out, Margin ,Bush Advantage Collection Round Conference Table,All Others,"1,154",▼,Bush Advantage Collection Round Conference Table,,0.061875000
Out, Profit ,Bush Advantage Collection Round Conference Table,All Others,"1,154",▼,Bush Advantage Collection Round Conference Table,,210.474
Out, Sales ,Bush Advantage Collection Round Conference Table,All Others,"1,154",▼,Bush Advantage Collection Round Conference Table,,"3,401.6"
Out, Margin ,"Bush Andora Bookcase, Maple/Graphite Gray Finish",All Others,"1,187",▼,"Bush Andora Bookcase, Maple/Graphite Gray Finish",,0.040867993
Out, Profit ,"Bush Andora Bookcase, Maple/Graphite Gray Finish",All Others,"1,187",▼,"Bush Andora Bookcase, Maple/Graphite Gray Finish",,135.5887
Out, Sales ,"Bush Andora Bookcase, Maple/Graphite Gray Finish",All Others,"1,187",▼,"Bush Andora Bookcase, Maple/Graphite Gray Finish",,"3,317.7235"
Out, Margin ,"Bush Andora Conference Table, Maple/Graphite Gray Finish",All Others,"1,358",▼,"Bush Andora Conference Table, Maple/Graphite Gray Finish",,-0.1
Out, Profit ,"Bush Andora Conference Table, Maple/Graphite Gray Finish",All Others,"1,358",▼,"Bush Andora Conference Table, Maple/Graphite Gray Finish",,-143.6232
Out, Sales ,"Bush Andora Conference Table, Maple/Graphite Gray Finish",All Others,"1,358",▼,"Bush Andora Conference Table, Maple/Graphite Gray Finish",,"1,436.232"
Out, Margin ,"Bush Birmingham Collection Bookcase, Dark Cherry",All Others,"1,396",▼,"Bush Birmingham Collection Bookcase, Dark Cherry",,-0.142857143
Out, Profit ,"Bush Birmingham Collection Bookcase, Dark Cherry",All Others,"1,396",▼,"Bush Birmingham Collection Bookcase, Dark Cherry",,-117.882
Out, Sales ,"Bush Birmingham Collection Bookcase, Dark Cherry",All Others,"1,396",▼,"Bush Birmingham Collection Bookcase, Dark Cherry",,825.174
Out, Margin ,"Bush Cubix Collection Bookcases, Fully Assembled",All Others,"1,140",▼,"Bush Cubix Collection Bookcases, Fully Assembled",,0.066666667
Out, Profit ,"Bush Cubix Collection Bookcases, Fully Assembled",All Others,"1,140",▼,"Bush Cubix Collection Bookcases, Fully Assembled",,48.6156
Out, Sales ,"Bush Cubix Collection Bookcases, Fully Assembled",All Others,"1,140",▼,"Bush Cubix Collection Bookcases, Fully Assembled",,729.234
Out, Margin ,"Bush Cubix Conference Tables, Fully Assembled",All Others,"1,117",▼,"Bush Cubix Conference Tables, Fully Assembled",,0.086538462
Out, Profit ,"Bush Cubix Conference Tables, Fully Assembled",All Others,"1,117",▼,"Bush Cubix Conference Tables, Fully Assembled",,311.823
Out, Sales ,"Bush Cubix Conference Tables, Fully Assembled",All Others,"1,117",▼,"Bush Cubix Conference Tables, Fully Assembled",,"3,603.288"
Out, Margin ,"Bush Heritage Pine Collection 5-Shelf Bookcase, Albany Pine Finish, *Special Order",All Others,"1,309",▼,"Bush Heritage Pine Collection 5-Shelf Bookcase, Albany Pine Finish, *Special Order",,-0.057542768
Out, Profit ,"Bush Heritage Pine Collection 5-Shelf Bookcase, Albany Pine Finish, *Special Order",All Others,"1,309",▼,"Bush Heritage Pine Collection 5-Shelf Bookcase, Albany Pine Finish, *Special Order",,-208.6504
Out, Sales ,"Bush Heritage Pine Collection 5-Shelf Bookcase, Albany Pine Finish, *Special Order",All Others,"1,309",▼,"Bush Heritage Pine Collection 5-Shelf Bookcase, Albany Pine Finish, *Special Order",,"3,626.0056"
Out, Margin ,Bush Mission Pointe Library,All Others,"1,200",▼,Bush Mission Pointe Library,,0.032258065
Out, Profit ,Bush Mission Pointe Library,All Others,"1,200",▼,Bush Mission Pointe Library,,24.1568
Out, Sales ,Bush Mission Pointe Library,All Others,"1,200",▼,Bush Mission Pointe Library,,748.8608
Out, Margin ,"Bush Saratoga Collection 5-Shelf Bookcase, Hanover Cherry, *Special Order",All Others,"1,364",▼,"Bush Saratoga Collection 5-Shelf Bookcase, Hanover Cherry, *Special Order",,-0.105882353
Out, Profit ,"Bush Saratoga Collection 5-Shelf Bookcase, Hanover Cherry, *Special Order",All Others,"1,364",▼,"Bush Saratoga Collection 5-Shelf Bookcase, Hanover Cherry, *Special Order",,-12.6882
Out, Sales ,"Bush Saratoga Collection 5-Shelf Bookcase, Hanover Cherry, *Special Order",All Others,"1,364",▼,"Bush Saratoga Collection 5-Shelf Bookcase, Hanover Cherry, *Special Order",,119.833
Out, Margin ,Bush Somerset Collection Bookcase,All Others,"1,298",▼,Bush Somerset Collection Bookcase,,-0.044559585
Out, Profit ,Bush Somerset Collection Bookcase,All Others,"1,298",▼,Bush Somerset Collection Bookcase,,-56.3214
Out, Sales ,Bush Somerset Collection Bookcase,All Others,"1,298",▼,Bush Somerset Collection Bookcase,,"1,263.957"
Out, Margin ,"Bush Westfield Collection Bookcases, Dark Cherry Finish",All Others,"1,401",▼,"Bush Westfield Collection Bookcases, Dark Cherry Finish",,-0.15
Out, Profit ,"Bush Westfield Collection Bookcases, Dark Cherry Finish",All Others,"1,401",▼,"Bush Westfield Collection Bookcases, Dark Cherry Finish",,-97.4064
Out, Sales ,"Bush Westfield Collection Bookcases, Dark Cherry Finish",All Others,"1,401",▼,"Bush Westfield Collection Bookcases, Dark Cherry Finish",,649.376
Out, Margin ,"Bush Westfield Collection Bookcases, Dark Cherry Finish, Fully Assembled",All Others,"1,500",▼,"Bush Westfield Collection Bookcases, Dark Cherry Finish, Fully Assembled",,-2.1
Out, Profit ,"Bush Westfield Collection Bookcases, Dark Cherry Finish, Fully Assembled",All Others,"1,500",▼,"Bush Westfield Collection Bookcases, Dark Cherry Finish, Fully Assembled",,-190.8522
Out, Sales ,"Bush Westfield Collection Bookcases, Dark Cherry Finish, Fully Assembled",All Others,"1,500",▼,"Bush Westfield Collection Bookcases, Dark Cherry Finish, Fully Assembled",,90.882
Out, Margin ,"Bush Westfield Collection Bookcases, Fully Assembled",All Others,"1,170",▼,"Bush Westfield Collection Bookcases, Fully Assembled",,0.050034270
Out, Profit ,"Bush Westfield Collection Bookcases, Fully Assembled",All Others,"1,170",▼,"Bush Westfield Collection Bookcases, Fully Assembled",,73.715400000
Out, Sales ,"Bush Westfield Collection Bookcases, Fully Assembled",All Others,"1,170",▼,"Bush Westfield Collection Bookcases, Fully Assembled",,"1,473.2982"
Out, Margin ,"Bush Westfield Collection Bookcases, Medium Cherry Finish",All Others,"1,252",▼,"Bush Westfield Collection Bookcases, Medium Cherry Finish",,-0.014221861
Out, Profit ,"Bush Westfield Collection Bookcases, Medium Cherry Finish",All Others,"1,252",▼,"Bush Westfield Collection Bookcases, Medium Cherry Finish",,-20.293000000
Out, Sales ,"Bush Westfield Collection Bookcases, Medium Cherry Finish",All Others,"1,252",▼,"Bush Westfield Collection Bookcases, Medium Cherry Finish",,"1,426.8878"
Out, Margin ,"C-Line Cubicle Keepers Polyproplyene Holder w/Velcro Back, 8-1/2x11, 25/Bx",All Others,"1,177",▼,"C-Line Cubicle Keepers Polyproplyene Holder w/Velcro Back, 8-1/2x11, 25/Bx",,0.045744681
Out, Profit ,"C-Line Cubicle Keepers Polyproplyene Holder w/Velcro Back, 8-1/2x11, 25/Bx",All Others,"1,177",▼,"C-Line Cubicle Keepers Polyproplyene Holder w/Velcro Back, 8-1/2x11, 25/Bx",,23.5382
Out, Sales ,"C-Line Cubicle Keepers Polyproplyene Holder w/Velcro Back, 8-1/2x11, 25/Bx",All Others,"1,177",▼,"C-Line Cubicle Keepers Polyproplyene Holder w/Velcro Back, 8-1/2x11, 25/Bx",,514.556
Out, Margin ,C-Line Cubicle Keepers Polyproplyene Holder With Velcro Backings,All Others,498,▼,C-Line Cubicle Keepers Polyproplyene Holder With Velcro Backings,,0.347931034
Out, Profit ,C-Line Cubicle Keepers Polyproplyene Holder With Velcro Backings,All Others,498,▼,C-Line Cubicle Keepers Polyproplyene Holder With Velcro Backings,,47.7257
Out, Sales ,C-Line Cubicle Keepers Polyproplyene Holder With Velcro Backings,All Others,498,▼,C-Line Cubicle Keepers Polyproplyene Holder With Velcro Backings,,137.17
Out, Margin ,"C-Line Magnetic Cubicle Keepers, Clear Polypropylene",All Others,315,▼,"C-Line Magnetic Cubicle Keepers, Clear Polypropylene",,0.411594203
Out, Profit ,"C-Line Magnetic Cubicle Keepers, Clear Polypropylene",All Others,315,▼,"C-Line Magnetic Cubicle Keepers, Clear Polypropylene",,56.1184
Out, Sales ,"C-Line Magnetic Cubicle Keepers, Clear Polypropylene",All Others,315,▼,"C-Line Magnetic Cubicle Keepers, Clear Polypropylene",,136.344
Out, Margin ,"C-Line Peel & Stick Add-On Filing Pockets, 8-3/4 x 5-1/8, 10/Pack",All Others,933,▼,"C-Line Peel & Stick Add-On Filing Pockets, 8-3/4 x 5-1/8, 10/Pack",,0.175555556
Out, Profit ,"C-Line Peel & Stick Add-On Filing Pockets, 8-3/4 x 5-1/8, 10/Pack",All Others,933,▼,"C-Line Peel & Stick Add-On Filing Pockets, 8-3/4 x 5-1/8, 10/Pack",,15.0969
Out, Sales ,"C-Line Peel & Stick Add-On Filing Pockets, 8-3/4 x 5-1/8, 10/Pack",All Others,933,▼,"C-Line Peel & Stick Add-On Filing Pockets, 8-3/4 x 5-1/8, 10/Pack",,85.995
Out, Margin ,Cameo Buff Policy Envelopes,All Others,338,▼,Cameo Buff Policy Envelopes,,0.4064
Out, Profit ,Cameo Buff Policy Envelopes,All Others,338,▼,Cameo Buff Policy Envelopes,,632.2568
Out, Sales ,Cameo Buff Policy Envelopes,All Others,338,▼,Cameo Buff Policy Envelopes,,"1,555.75"
Out, Margin ,"Canon Color ImageCLASS MF8580Cdw Wireless Laser All-In-One Printer, Copier, Scanner",All Others,"1,185",▼,"Canon Color ImageCLASS MF8580Cdw Wireless Laser All-In-One Printer, Copier, Scanner",,0.042857143
Out, Profit ,"Canon Color ImageCLASS MF8580Cdw Wireless Laser All-In-One Printer, Copier, Scanner",All Others,"1,185",▼,"Canon Color ImageCLASS MF8580Cdw Wireless Laser All-In-One Printer, Copier, Scanner",,43.1991
Out, Sales ,"Canon Color ImageCLASS MF8580Cdw Wireless Laser All-In-One Printer, Copier, Scanner",All Others,"1,185",▼,"Canon Color ImageCLASS MF8580Cdw Wireless Laser All-In-One Printer, Copier, Scanner",,"1,007.979"
Out, Margin ,Canon imageCLASS MF7460 Monochrome Digital Laser Multifunction Copier,All Others,3,,Canon imageCLASS MF7460 Monochrome Digital Laser Multifunction Copier,,0.5
Out, Profit ,Canon imageCLASS MF7460 Monochrome Digital Laser Multifunction Copier,All Others,3,,Canon imageCLASS MF7460 Monochrome Digital Laser Multifunction Copier,,"1,995.99"
Out, Sales ,Canon imageCLASS MF7460 Monochrome Digital Laser Multifunction Copier,All Others,3,,Canon imageCLASS MF7460 Monochrome Digital Laser Multifunction Copier,,"3,991.98"
Out, Margin ,Canon PC170 Desktop Personal Copier,All Others,"1,056",▼,Canon PC170 Desktop Personal Copier,,0.116666667
Out, Profit ,Canon PC170 Desktop Personal Copier,All Others,"1,056",▼,Canon PC170 Desktop Personal Copier,,67.179
Out, Sales ,Canon PC170 Desktop Personal Copier,All Others,"1,056",▼,Canon PC170 Desktop Personal Copier,,575.82
Out, Margin ,Canvas Sectional Post Binders,All Others,"1,015",▼,Canvas Sectional Post Binders,,0.139759036
Out, Profit ,Canvas Sectional Post Binders,All Others,"1,015",▼,Canvas Sectional Post Binders,,59.0672
Out, Sales ,Canvas Sectional Post Binders,All Others,"1,015",▼,Canvas Sectional Post Binders,,422.636
Out, Margin ,Cardinal EasyOpen D-Ring Binders,All Others,"1,041",▼,Cardinal EasyOpen D-Ring Binders,,0.126637555
Out, Profit ,Cardinal EasyOpen D-Ring Binders,All Others,"1,041",▼,Cardinal EasyOpen D-Ring Binders,,26.506
Out, Sales ,Cardinal EasyOpen D-Ring Binders,All Others,"1,041",▼,Cardinal EasyOpen D-Ring Binders,,209.306
Out, Margin ,Cardinal Hold-It CD Pocket,All Others,"1,459",▼,Cardinal Hold-It CD Pocket,,-0.325
Out, Profit ,Cardinal Hold-It CD Pocket,All Others,"1,459",▼,Cardinal Hold-It CD Pocket,,-12.4488
Out, Sales ,Cardinal Hold-It CD Pocket,All Others,"1,459",▼,Cardinal Hold-It CD Pocket,,38.304
Out, Margin ,Cardinal Holdit Business Card Pockets,All Others,686,▼,Cardinal Holdit Business Card Pockets,,0.261363636
Out, Profit ,Cardinal Holdit Business Card Pockets,All Others,686,▼,Cardinal Holdit Business Card Pockets,,22.908
Out, Sales ,Cardinal Holdit Business Card Pockets,All Others,686,▼,Cardinal Holdit Business Card Pockets,,87.648
Out, Margin ,Cardinal Holdit Data Disk Pockets,All Others,399,▼,Cardinal Holdit Data Disk Pockets,,0.385507246
Out, Profit ,Cardinal Holdit Data Disk Pockets,All Others,399,▼,Cardinal Holdit Data Disk Pockets,,38.7296
Out, Sales ,Cardinal Holdit Data Disk Pockets,All Others,399,▼,Cardinal Holdit Data Disk Pockets,,100.464
Out, Margin ,"Cardinal HOLDit! Binder Insert Strips,Extra Strips",All Others,"1,201",▼,"Cardinal HOLDit! Binder Insert Strips,Extra Strips",,0.031944444
Out, Profit ,"Cardinal HOLDit! Binder Insert Strips,Extra Strips",All Others,"1,201",▼,"Cardinal HOLDit! Binder Insert Strips,Extra Strips",,4.3677
Out, Sales ,"Cardinal HOLDit! Binder Insert Strips,Extra Strips",All Others,"1,201",▼,"Cardinal HOLDit! Binder Insert Strips,Extra Strips",,136.728
Out, Margin ,Cardinal Poly Pocket Divider Pockets for Ring Binders,All Others,557,▼,Cardinal Poly Pocket Divider Pockets for Ring Binders,,0.3125
Out, Profit ,Cardinal Poly Pocket Divider Pockets for Ring Binders,All Others,557,▼,Cardinal Poly Pocket Divider Pockets for Ring Binders,,12.6
Out, Sales ,Cardinal Poly Pocket Divider Pockets for Ring Binders,All Others,557,▼,Cardinal Poly Pocket Divider Pockets for Ring Binders,,40.32
Out, Margin ,"Cardinal Slant-D Ring Binder, Heavy Gauge Vinyl",All Others,"1,203",▼,"Cardinal Slant-D Ring Binder, Heavy Gauge Vinyl",,0.030097087
Out, Profit ,"Cardinal Slant-D Ring Binder, Heavy Gauge Vinyl",All Others,"1,203",▼,"Cardinal Slant-D Ring Binder, Heavy Gauge Vinyl",,5.3878
Out, Sales ,"Cardinal Slant-D Ring Binder, Heavy Gauge Vinyl",All Others,"1,203",▼,"Cardinal Slant-D Ring Binder, Heavy Gauge Vinyl",,179.014
Out, Margin ,Cardinal Slant-D Ring Binders,All Others,404,▼,Cardinal Slant-D Ring Binders,,0.384057971
Out, Profit ,Cardinal Slant-D Ring Binders,All Others,404,▼,Cardinal Slant-D Ring Binders,,46.057
Out, Sales ,Cardinal Slant-D Ring Binders,All Others,404,▼,Cardinal Slant-D Ring Binders,,119.922
Out, Margin ,"Career Cubicle Clock, 8 1/4"", Black",All Others,476,▼,"Career Cubicle Clock, 8 1/4"", Black",,0.354166667
Out, Profit ,"Career Cubicle Clock, 8 1/4"", Black",All Others,476,▼,"Career Cubicle Clock, 8 1/4"", Black",,68.952
Out, Sales ,"Career Cubicle Clock, 8 1/4"", Black",All Others,476,▼,"Career Cubicle Clock, 8 1/4"", Black",,194.688
Out, Margin ,"Carina 42""Hx23 3/4""W Media Storage Unit",All Others,"1,316",▼,"Carina 42""Hx23 3/4""W Media Storage Unit",,-0.067326733
Out, Profit ,"Carina 42""Hx23 3/4""W Media Storage Unit",All Others,"1,316",▼,"Carina 42""Hx23 3/4""W Media Storage Unit",,-110.1328
Out, Sales ,"Carina 42""Hx23 3/4""W Media Storage Unit",All Others,"1,316",▼,"Carina 42""Hx23 3/4""W Media Storage Unit",,"1,635.796"
Out, Margin ,Carina Double Wide Media Storage Towers in Natural & Black,All Others,"1,236",▼,Carina Double Wide Media Storage Towers in Natural & Black,,-0.001069519
Out, Profit ,Carina Double Wide Media Storage Towers in Natural & Black,All Others,"1,236",▼,Carina Double Wide Media Storage Towers in Natural & Black,,-3.239200000
Out, Sales ,Carina Double Wide Media Storage Towers in Natural & Black,All Others,"1,236",▼,Carina Double Wide Media Storage Towers in Natural & Black,,"3,028.652"
Out, Margin ,Carina Media Storage Towers in Natural & Black,All Others,"1,369",▼,Carina Media Storage Towers in Natural & Black,,-0.113636364
Out, Profit ,Carina Media Storage Towers in Natural & Black,All Others,"1,369",▼,Carina Media Storage Towers in Natural & Black,,-121.96
Out, Sales ,Carina Media Storage Towers in Natural & Black,All Others,"1,369",▼,Carina Media Storage Towers in Natural & Black,,"1,073.248"
Out, Margin ,"Carina Mini System Audio Rack, Model AR050B",All Others,"1,274",▼,"Carina Mini System Audio Rack, Model AR050B",,-0.025203252
Out, Profit ,"Carina Mini System Audio Rack, Model AR050B",All Others,"1,274",▼,"Carina Mini System Audio Rack, Model AR050B",,-68.807600000
Out, Sales ,"Carina Mini System Audio Rack, Model AR050B",All Others,"1,274",▼,"Carina Mini System Audio Rack, Model AR050B",,"2,730.108"
Out, Margin ,Catalog Binders with Expanding Posts,All Others,"1,436",▼,Catalog Binders with Expanding Posts,,-0.222222222
Out, Profit ,Catalog Binders with Expanding Posts,All Others,"1,436",▼,Catalog Binders with Expanding Posts,,-242.208
Out, Sales ,Catalog Binders with Expanding Posts,All Others,"1,436",▼,Catalog Binders with Expanding Posts,,"1,089.936"
Out, Margin ,"Chromcraft 48"" x 96"" Racetrack Double Pedestal Table",All Others,"1,334",▼,"Chromcraft 48"" x 96"" Racetrack Double Pedestal Table",,-0.079245283
Out, Profit ,"Chromcraft 48"" x 96"" Racetrack Double Pedestal Table",All Others,"1,334",▼,"Chromcraft 48"" x 96"" Racetrack Double Pedestal Table",,-404.0064
Out, Sales ,"Chromcraft 48"" x 96"" Racetrack Double Pedestal Table",All Others,"1,334",▼,"Chromcraft 48"" x 96"" Racetrack Double Pedestal Table",,"5,098.176"
Out, Margin ,"Chromcraft Bull-Nose Wood 48"" x 96"" Rectangular Conference Tables",All Others,"1,395",▼,"Chromcraft Bull-Nose Wood 48"" x 96"" Rectangular Conference Tables",,-0.142307692
Out, Profit ,"Chromcraft Bull-Nose Wood 48"" x 96"" Rectangular Conference Tables",All Others,"1,395",▼,"Chromcraft Bull-Nose Wood 48"" x 96"" Rectangular Conference Tables",,-611.5878
Out, Sales ,"Chromcraft Bull-Nose Wood 48"" x 96"" Rectangular Conference Tables",All Others,"1,395",▼,"Chromcraft Bull-Nose Wood 48"" x 96"" Rectangular Conference Tables",,"4,297.644"
Out, Margin ,Chromcraft Bull-Nose Wood Oval Conference Tables & Bases,All Others,"1,455",▼,Chromcraft Bull-Nose Wood Oval Conference Tables & Bases,,-0.29
Out, Profit ,Chromcraft Bull-Nose Wood Oval Conference Tables & Bases,All Others,"1,455",▼,Chromcraft Bull-Nose Wood Oval Conference Tables & Bases,,"-2,876.1156"
Out, Sales ,Chromcraft Bull-Nose Wood Oval Conference Tables & Bases,All Others,"1,455",▼,Chromcraft Bull-Nose Wood Oval Conference Tables & Bases,,"9,917.64"
Out, Margin ,"Chromcraft Bull-Nose Wood Round Conference Table Top, Wood Base",All Others,"1,205",▼,"Chromcraft Bull-Nose Wood Round Conference Table Top, Wood Base",,0.029870130
Out, Profit ,"Chromcraft Bull-Nose Wood Round Conference Table Top, Wood Base",All Others,"1,205",▼,"Chromcraft Bull-Nose Wood Round Conference Table Top, Wood Base",,100.211
Out, Sales ,"Chromcraft Bull-Nose Wood Round Conference Table Top, Wood Base",All Others,"1,205",▼,"Chromcraft Bull-Nose Wood Round Conference Table Top, Wood Base",,"3,354.89"
Out, Margin ,Chromcraft Rectangular Conference Tables,All Others,"1,347",▼,Chromcraft Rectangular Conference Tables,,-0.090909091
Out, Profit ,Chromcraft Rectangular Conference Tables,All Others,"1,347",▼,Chromcraft Rectangular Conference Tables,,-450.243000000
Out, Sales ,Chromcraft Rectangular Conference Tables,All Others,"1,347",▼,Chromcraft Rectangular Conference Tables,,"4,952.673"
Out, Margin ,Chromcraft Round Conference Tables,All Others,"1,270",▼,Chromcraft Round Conference Tables,,-0.023142251
Out, Profit ,Chromcraft Round Conference Tables,All Others,"1,270",▼,Chromcraft Round Conference Tables,,-189.9761
Out, Sales ,Chromcraft Round Conference Tables,All Others,"1,270",▼,Chromcraft Round Conference Tables,,"8,209.059"
Out, Margin ,Cisco 8961 IP Phone Charcoal,All Others,"1,489",▼,Cisco 8961 IP Phone Charcoal,,-0.733333333
Out, Profit ,Cisco 8961 IP Phone Charcoal,All Others,"1,489",▼,Cisco 8961 IP Phone Charcoal,,-164.9538
Out, Sales ,Cisco 8961 IP Phone Charcoal,All Others,"1,489",▼,Cisco 8961 IP Phone Charcoal,,224.937
Out, Margin ,Cisco 9971 IP Video Phone Charcoal,All Others,"1,079",▼,Cisco 9971 IP Video Phone Charcoal,,0.109278351
Out, Profit ,Cisco 9971 IP Video Phone Charcoal,All Others,"1,079",▼,Cisco 9971 IP Video Phone Charcoal,,466.4
Out, Sales ,Cisco 9971 IP Video Phone Charcoal,All Others,"1,079",▼,Cisco 9971 IP Video Phone Charcoal,,"4,268"
Out, Margin ,Cisco CP-7937G Unified IP Conference Station Phone,All Others,"1,289",▼,Cisco CP-7937G Unified IP Conference Station Phone,,-0.04
Out, Profit ,Cisco CP-7937G Unified IP Conference Station Phone,All Others,"1,289",▼,Cisco CP-7937G Unified IP Conference Station Phone,,-55.656000000
Out, Sales ,Cisco CP-7937G Unified IP Conference Station Phone,All Others,"1,289",▼,Cisco CP-7937G Unified IP Conference Station Phone,,"1,391.4"
Out, Margin ,Cisco Desktop Collaboration Experience DX650 IP Video Phone,All Others,518,▼,Cisco Desktop Collaboration Experience DX650 IP Video Phone,,0.3375
Out, Profit ,Cisco Desktop Collaboration Experience DX650 IP Video Phone,All Others,518,▼,Cisco Desktop Collaboration Experience DX650 IP Video Phone,,130.2075
Out, Sales ,Cisco Desktop Collaboration Experience DX650 IP Video Phone,All Others,518,▼,Cisco Desktop Collaboration Experience DX650 IP Video Phone,,385.8
Out, Margin ,Cisco SPA525G2 5-Line IP Phone,All Others,70,▼,Cisco SPA525G2 5-Line IP Phone,,0.47
Out, Profit ,Cisco SPA525G2 5-Line IP Phone,All Others,70,▼,Cisco SPA525G2 5-Line IP Phone,,648.5624
Out, Sales ,Cisco SPA525G2 5-Line IP Phone,All Others,70,▼,Cisco SPA525G2 5-Line IP Phone,,"1,379.92"
Out, Margin ,Cisco TelePresence System EX90 Videoconferencing Unit,All Others,"1,336",▼,Cisco TelePresence System EX90 Videoconferencing Unit,,-0.080000000
Out, Profit ,Cisco TelePresence System EX90 Videoconferencing Unit,All Others,"1,336",▼,Cisco TelePresence System EX90 Videoconferencing Unit,,"-1,811.0784"
Out, Sales ,Cisco TelePresence System EX90 Videoconferencing Unit,All Others,"1,336",▼,Cisco TelePresence System EX90 Videoconferencing Unit,,"22,638.48"
Out, Margin ,Clear Mylar Reinforcing Strips,All Others,750,▼,Clear Mylar Reinforcing Strips,,0.239108911
Out, Profit ,Clear Mylar Reinforcing Strips,All Others,750,▼,Clear Mylar Reinforcing Strips,,90.2727
Out, Sales ,Clear Mylar Reinforcing Strips,All Others,750,▼,Clear Mylar Reinforcing Strips,,377.538
Out, Margin ,Col-Erase Pencils with Erasers,All Others,874,▼,Col-Erase Pencils with Erasers,,0.198387097
Out, Profit ,Col-Erase Pencils with Erasers,All Others,874,▼,Col-Erase Pencils with Erasers,,7.4784
Out, Sales ,Col-Erase Pencils with Erasers,All Others,874,▼,Col-Erase Pencils with Erasers,,37.696
Out, Margin ,Color-Coded Legal Exhibit Labels,All Others,14,▼,Color-Coded Legal Exhibit Labels,,0.49
Out, Profit ,Color-Coded Legal Exhibit Labels,All Others,14,▼,Color-Coded Legal Exhibit Labels,,7.2177
Out, Sales ,Color-Coded Legal Exhibit Labels,All Others,14,▼,Color-Coded Legal Exhibit Labels,,14.73
Out, Margin ,Colored Envelopes,All Others,431,▼,Colored Envelopes,,0.373913043
Out, Profit ,Colored Envelopes,All Others,431,▼,Colored Envelopes,,19.0404
Out, Sales ,Colored Envelopes,All Others,431,▼,Colored Envelopes,,50.922
Out, Margin ,Colored Push Pins,All Others,576,▼,Colored Push Pins,,0.304347826
Out, Profit ,Colored Push Pins,All Others,576,▼,Colored Push Pins,,7.602
Out, Sales ,Colored Push Pins,All Others,576,▼,Colored Push Pins,,24.978
Out, Margin ,Coloredge Poster Frame,All Others,384,▼,Coloredge Poster Frame,,0.39
Out, Profit ,Coloredge Poster Frame,All Others,384,▼,Coloredge Poster Frame,,116.298
Out, Sales ,Coloredge Poster Frame,All Others,384,▼,Coloredge Poster Frame,,298.2
Out, Margin ,Colorific Watercolor Pencils,All Others,820,▼,Colorific Watercolor Pencils,,0.219
Out, Profit ,Colorific Watercolor Pencils,All Others,820,▼,Colorific Watercolor Pencils,,11.3004
Out, Sales ,Colorific Watercolor Pencils,All Others,820,▼,Colorific Watercolor Pencils,,51.6
Out, Margin ,"Commercial WindTunnel Clean Air Upright Vacuum, Replacement Belts, Filtration Bags",All Others,"1,199",▼,"Commercial WindTunnel Clean Air Upright Vacuum, Replacement Belts, Filtration Bags",,0.032307692
Out, Profit ,"Commercial WindTunnel Clean Air Upright Vacuum, Replacement Belts, Filtration Bags",All Others,"1,199",▼,"Commercial WindTunnel Clean Air Upright Vacuum, Replacement Belts, Filtration Bags",,1.6338
Out, Sales ,"Commercial WindTunnel Clean Air Upright Vacuum, Replacement Belts, Filtration Bags",All Others,"1,199",▼,"Commercial WindTunnel Clean Air Upright Vacuum, Replacement Belts, Filtration Bags",,50.57
Out, Margin ,Compact Automatic Electric Letter Opener,All Others,"1,265",▼,Compact Automatic Electric Letter Opener,,-0.0192
Out, Profit ,Compact Automatic Electric Letter Opener,All Others,"1,265",▼,Compact Automatic Electric Letter Opener,,-57.2688
Out, Sales ,Compact Automatic Electric Letter Opener,All Others,"1,265",▼,Compact Automatic Electric Letter Opener,,"2,982.75"
Out, Margin ,"Companion Letter/Legal File, Black",All Others,741,▼,"Companion Letter/Legal File, Black",,0.244444444
Out, Profit ,"Companion Letter/Legal File, Black",All Others,741,▼,"Companion Letter/Legal File, Black",,149.5296
Out, Sales ,"Companion Letter/Legal File, Black",All Others,741,▼,"Companion Letter/Legal File, Black",,611.712
Out, Margin ,Computer Printout Index Tabs,All Others,"1,416",▼,Computer Printout Index Tabs,,-0.181818182
Out, Profit ,Computer Printout Index Tabs,All Others,"1,416",▼,Computer Printout Index Tabs,,-2.016
Out, Sales ,Computer Printout Index Tabs,All Others,"1,416",▼,Computer Printout Index Tabs,,11.088
Out, Margin ,Computer Printout Paper with Letter-Trim Fine Perforations,All Others,33,▼,Computer Printout Paper with Letter-Trim Fine Perforations,,0.48
Out, Profit ,Computer Printout Paper with Letter-Trim Fine Perforations,All Others,33,▼,Computer Printout Paper with Letter-Trim Fine Perforations,,91.968
Out, Sales ,Computer Printout Paper with Letter-Trim Fine Perforations,All Others,33,▼,Computer Printout Paper with Letter-Trim Fine Perforations,,191.6
Out, Margin ,Computer Printout Paper with Letter-Trim Perforations,All Others,299,▼,Computer Printout Paper with Letter-Trim Perforations,,0.416822430
Out, Profit ,Computer Printout Paper with Letter-Trim Perforations,All Others,299,▼,Computer Printout Paper with Letter-Trim Perforations,,169.2124
Out, Sales ,Computer Printout Paper with Letter-Trim Perforations,All Others,299,▼,Computer Printout Paper with Letter-Trim Perforations,,405.958
Out, Margin ,"Computer Room Manger, 14""",All Others,624,▼,"Computer Room Manger, 14""",,0.281632653
Out, Profit ,"Computer Room Manger, 14""",All Others,624,▼,"Computer Room Manger, 14""",,179.2896
Out, Sales ,"Computer Room Manger, 14""",All Others,624,▼,"Computer Room Manger, 14""",,636.608
Out, Margin ,"Conquest 14 Commercial Heavy-Duty Upright Vacuum, Collection System, Accessory Kit",All Others,"1,073",▼,"Conquest 14 Commercial Heavy-Duty Upright Vacuum, Collection System, Accessory Kit",,0.1125
Out, Profit ,"Conquest 14 Commercial Heavy-Duty Upright Vacuum, Collection System, Accessory Kit",All Others,"1,073",▼,"Conquest 14 Commercial Heavy-Duty Upright Vacuum, Collection System, Accessory Kit",,61.516800000
Out, Sales ,"Conquest 14 Commercial Heavy-Duty Upright Vacuum, Collection System, Accessory Kit",All Others,"1,073",▼,"Conquest 14 Commercial Heavy-Duty Upright Vacuum, Collection System, Accessory Kit",,546.816
Out, Margin ,Contemporary Borderless Frame,All Others,"1,100",▼,Contemporary Borderless Frame,,0.1
Out, Profit ,Contemporary Borderless Frame,All Others,"1,100",▼,Contemporary Borderless Frame,,3.6162
Out, Sales ,Contemporary Borderless Frame,All Others,"1,100",▼,Contemporary Borderless Frame,,36.162
Out, Margin ,Contemporary Wood/Metal Frame,All Others,"1,210",▼,Contemporary Wood/Metal Frame,,0.025000000
Out, Profit ,Contemporary Wood/Metal Frame,All Others,"1,210",▼,Contemporary Wood/Metal Frame,,4.848000000
Out, Sales ,Contemporary Wood/Metal Frame,All Others,"1,210",▼,Contemporary Wood/Metal Frame,,193.92
Out, Margin ,"Contico 72""H Heavy-Duty Storage System",All Others,"1,352",▼,"Contico 72""H Heavy-Duty Storage System",,-0.095890411
Out, Profit ,"Contico 72""H Heavy-Duty Storage System",All Others,"1,352",▼,"Contico 72""H Heavy-Duty Storage System",,-57.372
Out, Sales ,"Contico 72""H Heavy-Duty Storage System",All Others,"1,352",▼,"Contico 72""H Heavy-Duty Storage System",,598.308
Out, Margin ,"Contract Clock, 14"", Brown",All Others,"1,111",▼,"Contract Clock, 14"", Brown",,0.088157895
Out, Profit ,"Contract Clock, 14"", Brown",All Others,"1,111",▼,"Contract Clock, 14"", Brown",,29.4532
Out, Sales ,"Contract Clock, 14"", Brown",All Others,"1,111",▼,"Contract Clock, 14"", Brown",,334.096
Out, Margin ,Convenience Packs of Business Envelopes,All Others,321,▼,Convenience Packs of Business Envelopes,,0.411111111
Out, Profit ,Convenience Packs of Business Envelopes,All Others,321,▼,Convenience Packs of Business Envelopes,,24.1092
Out, Sales ,Convenience Packs of Business Envelopes,All Others,321,▼,Convenience Packs of Business Envelopes,,58.644
Out, Margin ,Crate-A-Files,All Others,923,▼,Crate-A-Files,,0.177777778
Out, Profit ,Crate-A-Files,All Others,923,▼,Crate-A-Files,,31.392
Out, Sales ,Crate-A-Files,All Others,923,▼,Crate-A-Files,,176.58
Out, Margin ,"Crayola Anti Dust Chalk, 12/Pack",All Others,309,▼,"Crayola Anti Dust Chalk, 12/Pack",,0.413109756
Out, Profit ,"Crayola Anti Dust Chalk, 12/Pack",All Others,309,▼,"Crayola Anti Dust Chalk, 12/Pack",,24.661
Out, Sales ,"Crayola Anti Dust Chalk, 12/Pack",All Others,309,▼,"Crayola Anti Dust Chalk, 12/Pack",,59.696
Out, Margin ,Crayola Colored Pencils,All Others,655,▼,Crayola Colored Pencils,,0.271739130
Out, Profit ,Crayola Colored Pencils,All Others,655,▼,Crayola Colored Pencils,,32.8
Out, Sales ,Crayola Colored Pencils,All Others,655,▼,Crayola Colored Pencils,,120.704
Out, Margin ,Cubify CubeX 3D Printer Double Head Print,All Others,"1,491",▼,Cubify CubeX 3D Printer Double Head Print,,-0.8
Out, Profit ,Cubify CubeX 3D Printer Double Head Print,All Others,"1,491",▼,Cubify CubeX 3D Printer Double Head Print,,"-8,879.9704"
Out, Sales ,Cubify CubeX 3D Printer Double Head Print,All Others,"1,491",▼,Cubify CubeX 3D Printer Double Head Print,,"11,099.963"
Out, Margin ,Cubify CubeX 3D Printer Triple Head Print,All Others,"1,478",▼,Cubify CubeX 3D Printer Triple Head Print,,-0.48
Out, Profit ,Cubify CubeX 3D Printer Triple Head Print,All Others,"1,478",▼,Cubify CubeX 3D Printer Triple Head Print,,"-3,839.9904"
Out, Sales ,Cubify CubeX 3D Printer Triple Head Print,All Others,"1,478",▼,Cubify CubeX 3D Printer Triple Head Print,,"7,999.98"
Out, Margin ,"Dana Fluorescent Magnifying Lamp, White, 36""",All Others,"1,014",▼,"Dana Fluorescent Magnifying Lamp, White, 36""",,0.140350877
Out, Profit ,"Dana Fluorescent Magnifying Lamp, White, 36""",All Others,"1,014",▼,"Dana Fluorescent Magnifying Lamp, White, 36""",,81.568
Out, Sales ,"Dana Fluorescent Magnifying Lamp, White, 36""",All Others,"1,014",▼,"Dana Fluorescent Magnifying Lamp, White, 36""",,581.172
Out, Margin ,Dana Halogen Swing-Arm Architect Lamp,All Others,705,▼,Dana Halogen Swing-Arm Architect Lamp,,0.258823529
Out, Profit ,Dana Halogen Swing-Arm Architect Lamp,All Others,705,▼,Dana Halogen Swing-Arm Architect Lamp,,288.4288
Out, Sales ,Dana Halogen Swing-Arm Architect Lamp,All Others,705,▼,Dana Halogen Swing-Arm Architect Lamp,,"1,114.384"
Out, Margin ,Dana Swing-Arm Lamps,All Others,"1,360",▼,Dana Swing-Arm Lamps,,-0.102941176
Out, Profit ,Dana Swing-Arm Lamps,All Others,"1,360",▼,Dana Swing-Arm Lamps,,-11.214
Out, Sales ,Dana Swing-Arm Lamps,All Others,"1,360",▼,Dana Swing-Arm Lamps,,108.936
Out, Margin ,"DataProducts Ampli Magnifier Task Lamp, Black,",All Others,883,▼,"DataProducts Ampli Magnifier Task Lamp, Black,",,0.195744681
Out, Profit ,"DataProducts Ampli Magnifier Task Lamp, Black,",All Others,883,▼,"DataProducts Ampli Magnifier Task Lamp, Black,",,99.5808
Out, Sales ,"DataProducts Ampli Magnifier Task Lamp, Black,",All Others,883,▼,"DataProducts Ampli Magnifier Task Lamp, Black,",,508.728
Out, Margin ,DAX Black Cherry Wood-Tone Poster Frame,All Others,"1,022",▼,DAX Black Cherry Wood-Tone Poster Frame,,0.134883721
Out, Profit ,DAX Black Cherry Wood-Tone Poster Frame,All Others,"1,022",▼,DAX Black Cherry Wood-Tone Poster Frame,,61.4336
Out, Sales ,DAX Black Cherry Wood-Tone Poster Frame,All Others,"1,022",▼,DAX Black Cherry Wood-Tone Poster Frame,,455.456
Out, Margin ,"DAX Charcoal/Nickel-Tone Document Frame, 5 x 7",All Others,609,▼,"DAX Charcoal/Nickel-Tone Document Frame, 5 x 7",,0.289325843
Out, Profit ,"DAX Charcoal/Nickel-Tone Document Frame, 5 x 7",All Others,609,▼,"DAX Charcoal/Nickel-Tone Document Frame, 5 x 7",,48.822
Out, Sales ,"DAX Charcoal/Nickel-Tone Document Frame, 5 x 7",All Others,609,▼,"DAX Charcoal/Nickel-Tone Document Frame, 5 x 7",,168.744
Out, Margin ,Dax Clear Box Frame,All Others,968,▼,Dax Clear Box Frame,,0.16
Out, Profit ,Dax Clear Box Frame,All Others,968,▼,Dax Clear Box Frame,,15.3648
Out, Sales ,Dax Clear Box Frame,All Others,968,▼,Dax Clear Box Frame,,96.03
Out, Margin ,DAX Clear Channel Poster Frame,All Others,779,▼,DAX Clear Channel Poster Frame,,0.231707317
Out, Profit ,DAX Clear Channel Poster Frame,All Others,779,▼,DAX Clear Channel Poster Frame,,27.702
Out, Sales ,DAX Clear Channel Poster Frame,All Others,779,▼,DAX Clear Channel Poster Frame,,119.556
Out, Margin ,"DAX Contemporary Wood Frame with Silver Metal Mat, Desktop, 11 x 14 Size",All Others,522,▼,"DAX Contemporary Wood Frame with Silver Metal Mat, Desktop, 11 x 14 Size",,0.333333333
Out, Profit ,"DAX Contemporary Wood Frame with Silver Metal Mat, Desktop, 11 x 14 Size",All Others,522,▼,"DAX Contemporary Wood Frame with Silver Metal Mat, Desktop, 11 x 14 Size",,97.152
Out, Sales ,"DAX Contemporary Wood Frame with Silver Metal Mat, Desktop, 11 x 14 Size",All Others,522,▼,"DAX Contemporary Wood Frame with Silver Metal Mat, Desktop, 11 x 14 Size",,291.456
Out, Margin ,"DAX Copper Panel Document Frame, 5 x 7 Size",All Others,776,▼,"DAX Copper Panel Document Frame, 5 x 7 Size",,0.232352941
Out, Profit ,"DAX Copper Panel Document Frame, 5 x 7 Size",All Others,776,▼,"DAX Copper Panel Document Frame, 5 x 7 Size",,39.7528
Out, Sales ,"DAX Copper Panel Document Frame, 5 x 7 Size",All Others,776,▼,"DAX Copper Panel Document Frame, 5 x 7 Size",,171.088
Out, Margin ,DAX Cubicle Frames - 8x10,All Others,955,▼,DAX Cubicle Frames - 8x10,,0.165137615
Out, Profit ,DAX Cubicle Frames - 8x10,All Others,955,▼,DAX Cubicle Frames - 8x10,,20.772
Out, Sales ,DAX Cubicle Frames - 8x10,All Others,955,▼,DAX Cubicle Frames - 8x10,,125.786
Out, Margin ,"DAX Cubicle Frames, 8-1/2 x 11",All Others,466,▼,"DAX Cubicle Frames, 8-1/2 x 11",,0.36
Out, Profit ,"DAX Cubicle Frames, 8-1/2 x 11",All Others,466,▼,"DAX Cubicle Frames, 8-1/2 x 11",,52.4484
Out, Sales ,"DAX Cubicle Frames, 8-1/2 x 11",All Others,466,▼,"DAX Cubicle Frames, 8-1/2 x 11",,145.69
Out, Margin ,"DAX Executive Solid Wood Document Frame, Desktop or Hang, Mahogany, 5 x 7",All Others,627,▼,"DAX Executive Solid Wood Document Frame, Desktop or Hang, Mahogany, 5 x 7",,0.280769231
Out, Profit ,"DAX Executive Solid Wood Document Frame, Desktop or Hang, Mahogany, 5 x 7",All Others,627,▼,"DAX Executive Solid Wood Document Frame, Desktop or Hang, Mahogany, 5 x 7",,55.1004
Out, Sales ,"DAX Executive Solid Wood Document Frame, Desktop or Hang, Mahogany, 5 x 7",All Others,627,▼,"DAX Executive Solid Wood Document Frame, Desktop or Hang, Mahogany, 5 x 7",,196.248
Out, Margin ,"DAX Metal Frame, Desktop, Stepped-Edge",All Others,967,▼,"DAX Metal Frame, Desktop, Stepped-Edge",,0.16125
Out, Profit ,"DAX Metal Frame, Desktop, Stepped-Edge",All Others,967,▼,"DAX Metal Frame, Desktop, Stepped-Edge",,26.1096
Out, Sales ,"DAX Metal Frame, Desktop, Stepped-Edge",All Others,967,▼,"DAX Metal Frame, Desktop, Stepped-Edge",,161.92
Out, Margin ,DAX Natural Wood-Tone Poster Frame,All Others,746,▼,DAX Natural Wood-Tone Poster Frame,,0.241237113
Out, Profit ,DAX Natural Wood-Tone Poster Frame,All Others,746,▼,DAX Natural Wood-Tone Poster Frame,,123.9264
Out, Sales ,DAX Natural Wood-Tone Poster Frame,All Others,746,▼,DAX Natural Wood-Tone Poster Frame,,513.712
Out, Margin ,DAX Solid Wood Frames,All Others,593,▼,DAX Solid Wood Frames,,0.293965517
Out, Profit ,DAX Solid Wood Frames,All Others,593,▼,DAX Solid Wood Frames,,33.3157
Out, Sales ,DAX Solid Wood Frames,All Others,593,▼,DAX Solid Wood Frames,,113.332
Out, Margin ,"DAX Two-Tone Rosewood/Black Document Frame, Desktop, 5 x 7",All Others,504,▼,"DAX Two-Tone Rosewood/Black Document Frame, Desktop, 5 x 7",,0.342105263
Out, Profit ,"DAX Two-Tone Rosewood/Black Document Frame, Desktop, 5 x 7",All Others,504,▼,"DAX Two-Tone Rosewood/Black Document Frame, Desktop, 5 x 7",,73.944
Out, Sales ,"DAX Two-Tone Rosewood/Black Document Frame, Desktop, 5 x 7",All Others,504,▼,"DAX Two-Tone Rosewood/Black Document Frame, Desktop, 5 x 7",,216.144
Out, Margin ,DAX Two-Tone Silver Metal Document Frame,All Others,465,▼,DAX Two-Tone Silver Metal Document Frame,,0.361206897
Out, Profit ,DAX Two-Tone Silver Metal Document Frame,All Others,465,▼,DAX Two-Tone Silver Metal Document Frame,,84.8056
Out, Sales ,DAX Two-Tone Silver Metal Document Frame,All Others,465,▼,DAX Two-Tone Silver Metal Document Frame,,234.784
Out, Margin ,"DAX Value U-Channel Document Frames, Easel Back",All Others,586,▼,"DAX Value U-Channel Document Frames, Easel Back",,0.298305085
Out, Profit ,"DAX Value U-Channel Document Frames, Easel Back",All Others,586,▼,"DAX Value U-Channel Document Frames, Easel Back",,52.4832
Out, Sales ,"DAX Value U-Channel Document Frames, Easel Back",All Others,586,▼,"DAX Value U-Channel Document Frames, Easel Back",,175.938
Out, Margin ,DAX Wood Document Frame,All Others,679,▼,DAX Wood Document Frame,,0.264367816
Out, Profit ,DAX Wood Document Frame,All Others,679,▼,DAX Wood Document Frame,,126.316
Out, Sales ,DAX Wood Document Frame,All Others,679,▼,DAX Wood Document Frame,,477.804
Out, Margin ,DAX Wood Document Frame.,All Others,"1,174",▼,DAX Wood Document Frame.,,0.048275862
Out, Profit ,DAX Wood Document Frame.,All Others,"1,174",▼,DAX Wood Document Frame.,,7.688800000
Out, Sales ,DAX Wood Document Frame.,All Others,"1,174",▼,DAX Wood Document Frame.,,159.268
Out, Margin ,Decoflex Hanging Personal Folder File,All Others,694,▼,Decoflex Hanging Personal Folder File,,0.26
Out, Profit ,Decoflex Hanging Personal Folder File,All Others,694,▼,Decoflex Hanging Personal Folder File,,12.0276
Out, Sales ,Decoflex Hanging Personal Folder File,All Others,694,▼,Decoflex Hanging Personal Folder File,,46.26
Out, Margin ,"Decoflex Hanging Personal Folder File, Blue",All Others,748,▼,"Decoflex Hanging Personal Folder File, Blue",,0.239583333
Out, Profit ,"Decoflex Hanging Personal Folder File, Blue",All Others,748,▼,"Decoflex Hanging Personal Folder File, Blue",,124.131
Out, Sales ,"Decoflex Hanging Personal Folder File, Blue",All Others,748,▼,"Decoflex Hanging Personal Folder File, Blue",,518.112
Out, Margin ,Deflect-o DuraMat Antistatic Studded Beveled Mat for Medium Pile Carpeting,All Others,"1,001",▼,Deflect-o DuraMat Antistatic Studded Beveled Mat for Medium Pile Carpeting,,0.145
Out, Profit ,Deflect-o DuraMat Antistatic Studded Beveled Mat for Medium Pile Carpeting,All Others,"1,001",▼,Deflect-o DuraMat Antistatic Studded Beveled Mat for Medium Pile Carpeting,,244.3888
Out, Sales ,Deflect-o DuraMat Antistatic Studded Beveled Mat for Medium Pile Carpeting,All Others,"1,001",▼,Deflect-o DuraMat Antistatic Studded Beveled Mat for Medium Pile Carpeting,,"1,685.44"
Out, Margin ,"Deflect-o DuraMat Lighweight, Studded, Beveled Mat for Low Pile Carpeting",All Others,"1,082",▼,"Deflect-o DuraMat Lighweight, Studded, Beveled Mat for Low Pile Carpeting",,0.106962025
Out, Profit ,"Deflect-o DuraMat Lighweight, Studded, Beveled Mat for Low Pile Carpeting",All Others,"1,082",▼,"Deflect-o DuraMat Lighweight, Studded, Beveled Mat for Low Pile Carpeting",,72.078500000
Out, Sales ,"Deflect-o DuraMat Lighweight, Studded, Beveled Mat for Low Pile Carpeting",All Others,"1,082",▼,"Deflect-o DuraMat Lighweight, Studded, Beveled Mat for Low Pile Carpeting",,673.87
Out, Margin ,"Deflect-o EconoMat Nonstudded, No Bevel Mat",All Others,929,▼,"Deflect-o EconoMat Nonstudded, No Bevel Mat",,0.176470588
Out, Profit ,"Deflect-o EconoMat Nonstudded, No Bevel Mat",All Others,929,▼,"Deflect-o EconoMat Nonstudded, No Bevel Mat",,123.96
Out, Sales ,"Deflect-o EconoMat Nonstudded, No Bevel Mat",All Others,929,▼,"Deflect-o EconoMat Nonstudded, No Bevel Mat",,702.44
Out, Margin ,"Deflect-o EconoMat Studded, No Bevel Mat for Low Pile Carpeting",All Others,"1,366",▼,"Deflect-o EconoMat Studded, No Bevel Mat for Low Pile Carpeting",,-0.112222222
Out, Profit ,"Deflect-o EconoMat Studded, No Bevel Mat for Low Pile Carpeting",All Others,"1,366",▼,"Deflect-o EconoMat Studded, No Bevel Mat for Low Pile Carpeting",,-125.1996
Out, Sales ,"Deflect-o EconoMat Studded, No Bevel Mat for Low Pile Carpeting",All Others,"1,366",▼,"Deflect-o EconoMat Studded, No Bevel Mat for Low Pile Carpeting",,"1,115.64"
Out, Margin ,Deflect-o Glass Clear Studded Chair Mats,All Others,867,▼,Deflect-o Glass Clear Studded Chair Mats,,0.201574803
Out, Profit ,Deflect-o Glass Clear Studded Chair Mats,All Others,867,▼,Deflect-o Glass Clear Studded Chair Mats,,318.3616
Out, Sales ,Deflect-o Glass Clear Studded Chair Mats,All Others,867,▼,Deflect-o Glass Clear Studded Chair Mats,,"1,579.372"
Out, Margin ,Deflect-O Glasstique Clear Desk Accessories,All Others,590,▼,Deflect-O Glasstique Clear Desk Accessories,,0.296913580
Out, Profit ,Deflect-O Glasstique Clear Desk Accessories,All Others,590,▼,Deflect-O Glasstique Clear Desk Accessories,,37.037
Out, Sales ,Deflect-O Glasstique Clear Desk Accessories,All Others,590,▼,Deflect-O Glasstique Clear Desk Accessories,,124.74
Out, Margin ,"Deflect-o RollaMat Studded, Beveled Mat for Medium Pile Carpeting",All Others,"1,432",▼,"Deflect-o RollaMat Studded, Beveled Mat for Medium Pile Carpeting",,-0.211363636
Out, Profit ,"Deflect-o RollaMat Studded, Beveled Mat for Medium Pile Carpeting",All Others,"1,432",▼,"Deflect-o RollaMat Studded, Beveled Mat for Medium Pile Carpeting",,-343.0956
Out, Sales ,"Deflect-o RollaMat Studded, Beveled Mat for Medium Pile Carpeting",All Others,"1,432",▼,"Deflect-o RollaMat Studded, Beveled Mat for Medium Pile Carpeting",,"1,623.248"
Out, Margin ,"Deflect-o SuperTray Unbreakable Stackable Tray, Letter, Black",All Others,552,▼,"Deflect-o SuperTray Unbreakable Stackable Tray, Letter, Black",,0.316
Out, Profit ,"Deflect-o SuperTray Unbreakable Stackable Tray, Letter, Black",All Others,552,▼,"Deflect-o SuperTray Unbreakable Stackable Tray, Letter, Black",,138.3132
Out, Sales ,"Deflect-o SuperTray Unbreakable Stackable Tray, Letter, Black",All Others,552,▼,"Deflect-o SuperTray Unbreakable Stackable Tray, Letter, Black",,437.7
Out, Margin ,Deluxe Chalkboard Eraser Cleaner,All Others,290,▼,Deluxe Chalkboard Eraser Cleaner,,0.418987342
Out, Profit ,Deluxe Chalkboard Eraser Cleaner,All Others,290,▼,Deluxe Chalkboard Eraser Cleaner,,76.461
Out, Sales ,Deluxe Chalkboard Eraser Cleaner,All Others,290,▼,Deluxe Chalkboard Eraser Cleaner,,182.49
Out, Margin ,Deluxe Heavy-Duty Vinyl Round Ring Binder,All Others,936,▼,Deluxe Heavy-Duty Vinyl Round Ring Binder,,0.175
Out, Profit ,Deluxe Heavy-Duty Vinyl Round Ring Binder,All Others,936,▼,Deluxe Heavy-Duty Vinyl Round Ring Binder,,88.242
Out, Sales ,Deluxe Heavy-Duty Vinyl Round Ring Binder,All Others,936,▼,Deluxe Heavy-Duty Vinyl Round Ring Binder,,504.24
Out, Margin ,Deluxe Rollaway Locking File with Drawer,All Others,732,▼,Deluxe Rollaway Locking File with Drawer,,0.247761194
Out, Profit ,Deluxe Rollaway Locking File with Drawer,All Others,732,▼,Deluxe Rollaway Locking File with Drawer,,"1,380.7216"
Out, Sales ,Deluxe Rollaway Locking File with Drawer,All Others,732,▼,Deluxe Rollaway Locking File with Drawer,,"5,572.792"
Out, Margin ,Design Ebony Sketching Pencil,All Others,946,▼,Design Ebony Sketching Pencil,,0.169387755
Out, Profit ,Design Ebony Sketching Pencil,All Others,946,▼,Design Ebony Sketching Pencil,,2.3074
Out, Sales ,Design Ebony Sketching Pencil,All Others,946,▼,Design Ebony Sketching Pencil,,13.622
Out, Margin ,Desktop 3-Pocket Hot File,All Others,789,▼,Desktop 3-Pocket Hot File,,0.229166667
Out, Profit ,Desktop 3-Pocket Hot File,All Others,789,▼,Desktop 3-Pocket Hot File,,59.51
Out, Sales ,Desktop 3-Pocket Hot File,All Others,789,▼,Desktop 3-Pocket Hot File,,259.68
Out, Margin ,Disposable Triple-Filter Dust Bags,All Others,695,▼,Disposable Triple-Filter Dust Bags,,0.26
Out, Profit ,Disposable Triple-Filter Dust Bags,All Others,695,▼,Disposable Triple-Filter Dust Bags,,11.362
Out, Sales ,Disposable Triple-Filter Dust Bags,All Others,695,▼,Disposable Triple-Filter Dust Bags,,43.7
Out, Margin ,"Dixon My First Ticonderoga Pencil, #2",All Others,926,▼,"Dixon My First Ticonderoga Pencil, #2",,0.177439024
Out, Profit ,"Dixon My First Ticonderoga Pencil, #2",All Others,926,▼,"Dixon My First Ticonderoga Pencil, #2",,17.0235
Out, Sales ,"Dixon My First Ticonderoga Pencil, #2",All Others,926,▼,"Dixon My First Ticonderoga Pencil, #2",,95.94
Out, Margin ,DIXON Oriole Pencils,All Others,893,▼,DIXON Oriole Pencils,,0.191954023
Out, Profit ,DIXON Oriole Pencils,All Others,893,▼,DIXON Oriole Pencils,,8.6172
Out, Sales ,DIXON Oriole Pencils,All Others,893,▼,DIXON Oriole Pencils,,44.892
Out, Margin ,"Dixon Prang Watercolor Pencils, 10-Color Set with Brush",All Others,395,▼,"Dixon Prang Watercolor Pencils, 10-Color Set with Brush",,0.387307692
Out, Profit ,"Dixon Prang Watercolor Pencils, 10-Color Set with Brush",All Others,395,▼,"Dixon Prang Watercolor Pencils, 10-Color Set with Brush",,42.8982
Out, Sales ,"Dixon Prang Watercolor Pencils, 10-Color Set with Brush",All Others,395,▼,"Dixon Prang Watercolor Pencils, 10-Color Set with Brush",,110.76
Out, Margin ,Dixon Ticonderoga Core-Lock Colored Pencils,All Others,708,▼,Dixon Ticonderoga Core-Lock Colored Pencils,,0.255555556
Out, Profit ,Dixon Ticonderoga Core-Lock Colored Pencils,All Others,708,▼,Dixon Ticonderoga Core-Lock Colored Pencils,,58.6684
Out, Sales ,Dixon Ticonderoga Core-Lock Colored Pencils,All Others,708,▼,Dixon Ticonderoga Core-Lock Colored Pencils,,229.572
Out, Margin ,"Dixon Ticonderoga Core-Lock Colored Pencils, 48-Color Set",All Others,405,▼,"Dixon Ticonderoga Core-Lock Colored Pencils, 48-Color Set",,0.383050847
Out, Profit ,"Dixon Ticonderoga Core-Lock Colored Pencils, 48-Color Set",All Others,405,▼,"Dixon Ticonderoga Core-Lock Colored Pencils, 48-Color Set",,165.206
Out, Sales ,"Dixon Ticonderoga Core-Lock Colored Pencils, 48-Color Set",All Others,405,▼,"Dixon Ticonderoga Core-Lock Colored Pencils, 48-Color Set",,431.29
Out, Margin ,DIXON Ticonderoga Erasable Checking Pencils,All Others,621,▼,DIXON Ticonderoga Erasable Checking Pencils,,0.282352941
Out, Profit ,DIXON Ticonderoga Erasable Checking Pencils,All Others,621,▼,DIXON Ticonderoga Erasable Checking Pencils,,26.784
Out, Sales ,DIXON Ticonderoga Erasable Checking Pencils,All Others,621,▼,DIXON Ticonderoga Erasable Checking Pencils,,94.86
Out, Margin ,"Dixon Ticonderoga Erasable Colored Pencil Set, 12-Color",All Others,672,▼,"Dixon Ticonderoga Erasable Colored Pencil Set, 12-Color",,0.266666667
Out, Profit ,"Dixon Ticonderoga Erasable Colored Pencil Set, 12-Color",All Others,672,▼,"Dixon Ticonderoga Erasable Colored Pencil Set, 12-Color",,20.0928
Out, Sales ,"Dixon Ticonderoga Erasable Colored Pencil Set, 12-Color",All Others,672,▼,"Dixon Ticonderoga Erasable Colored Pencil Set, 12-Color",,75.348
Out, Margin ,"Dixon Ticonderoga Maple Cedar Pencil, #2",All Others,846,▼,"Dixon Ticonderoga Maple Cedar Pencil, #2",,0.210526316
Out, Profit ,"Dixon Ticonderoga Maple Cedar Pencil, #2",All Others,846,▼,"Dixon Ticonderoga Maple Cedar Pencil, #2",,4.912
Out, Sales ,"Dixon Ticonderoga Maple Cedar Pencil, #2",All Others,846,▼,"Dixon Ticonderoga Maple Cedar Pencil, #2",,23.332
Out, Margin ,Dixon Ticonderoga Pencils,All Others,735,▼,Dixon Ticonderoga Pencils,,0.246825397
Out, Profit ,Dixon Ticonderoga Pencils,All Others,735,▼,Dixon Ticonderoga Pencils,,9.2678
Out, Sales ,Dixon Ticonderoga Pencils,All Others,735,▼,Dixon Ticonderoga Pencils,,37.548
Out, Margin ,DMI Arturo Collection Mission-style Design Wood Chair,All Others,"1,088",▼,DMI Arturo Collection Mission-style Design Wood Chair,,0.105228758
Out, Profit ,DMI Arturo Collection Mission-style Design Wood Chair,All Others,"1,088",▼,DMI Arturo Collection Mission-style Design Wood Chair,,486.1556
Out, Sales ,DMI Arturo Collection Mission-style Design Wood Chair,All Others,"1,088",▼,DMI Arturo Collection Mission-style Design Wood Chair,,"4,619.988"
Out, Margin ,DMI Eclipse Executive Suite Bookcases,All Others,"1,227",▼,DMI Eclipse Executive Suite Bookcases,,0.008163265
Out, Profit ,DMI Eclipse Executive Suite Bookcases,All Others,"1,227",▼,DMI Eclipse Executive Suite Bookcases,,90.176400000
Out, Sales ,DMI Eclipse Executive Suite Bookcases,All Others,"1,227",▼,DMI Eclipse Executive Suite Bookcases,,"11,046.609"
Out, Margin ,Document Clip Frames,All Others,474,▼,Document Clip Frames,,0.355555556
Out, Profit ,Document Clip Frames,All Others,474,▼,Document Clip Frames,,16.0128
Out, Sales ,Document Clip Frames,All Others,474,▼,Document Clip Frames,,45.036
Out, Margin ,"Dot Matrix Printer Tape Reel Labels, White, 5000/Box",All Others,121,▼,"Dot Matrix Printer Tape Reel Labels, White, 5000/Box",,0.456804734
Out, Profit ,"Dot Matrix Printer Tape Reel Labels, White, 5000/Box",All Others,121,▼,"Dot Matrix Printer Tape Reel Labels, White, 5000/Box",,"1,517.9064"
Out, Sales ,"Dot Matrix Printer Tape Reel Labels, White, 5000/Box",All Others,121,▼,"Dot Matrix Printer Tape Reel Labels, White, 5000/Box",,"3,322.878"
Out, Margin ,"Dual Level, Single-Width Filing Carts",All Others,726,▼,"Dual Level, Single-Width Filing Carts",,0.249528302
Out, Profit ,"Dual Level, Single-Width Filing Carts",All Others,726,▼,"Dual Level, Single-Width Filing Carts",,"1,640.5348"
Out, Sales ,"Dual Level, Single-Width Filing Carts",All Others,726,▼,"Dual Level, Single-Width Filing Carts",,"6,574.544"
Out, Margin ,Durable Pressboard Binders,All Others,342,▼,Durable Pressboard Binders,,0.405102041
Out, Profit ,Durable Pressboard Binders,All Others,342,▼,Durable Pressboard Binders,,15.086
Out, Sales ,Durable Pressboard Binders,All Others,342,▼,Durable Pressboard Binders,,37.24
Out, Margin ,DXL Angle-View Binders with Locking Rings by Samsill,All Others,565,▼,DXL Angle-View Binders with Locking Rings by Samsill,,0.310035842
Out, Profit ,DXL Angle-View Binders with Locking Rings by Samsill,All Others,565,▼,DXL Angle-View Binders with Locking Rings by Samsill,,66.6915
Out, Sales ,DXL Angle-View Binders with Locking Rings by Samsill,All Others,565,▼,DXL Angle-View Binders with Locking Rings by Samsill,,215.109
Out, Margin ,"DXL Angle-View Binders with Locking Rings, Black",All Others,513,▼,"DXL Angle-View Binders with Locking Rings, Black",,0.3375
Out, Profit ,"DXL Angle-View Binders with Locking Rings, Black",All Others,513,▼,"DXL Angle-View Binders with Locking Rings, Black",,42.0498
Out, Sales ,"DXL Angle-View Binders with Locking Rings, Black",All Others,513,▼,"DXL Angle-View Binders with Locking Rings, Black",,124.592
Out, Margin ,DYMO CardScan Personal V9 Business Card Scanner,All Others,501,▼,DYMO CardScan Personal V9 Business Card Scanner,,0.345238095
Out, Profit ,DYMO CardScan Personal V9 Business Card Scanner,All Others,501,▼,DYMO CardScan Personal V9 Business Card Scanner,,463.971
Out, Sales ,DYMO CardScan Personal V9 Business Card Scanner,All Others,501,▼,DYMO CardScan Personal V9 Business Card Scanner,,"1,343.916"
Out, Margin ,Easy-staple paper,All Others,206,▼,Easy-staple paper,,0.437677782
Out, Profit ,Easy-staple paper,All Others,206,▼,Easy-staple paper,,"1,096.0292"
Out, Sales ,Easy-staple paper,All Others,206,▼,Easy-staple paper,,"2,504.192"
Out, Margin ,"Eaton Premium Continuous-Feed Paper, 25% Cotton, Letter Size, White, 1000 Shts/Box",All Others,164,▼,"Eaton Premium Continuous-Feed Paper, 25% Cotton, Letter Size, White, 1000 Shts/Box",,0.448484848
Out, Profit ,"Eaton Premium Continuous-Feed Paper, 25% Cotton, Letter Size, White, 1000 Shts/Box",All Others,164,▼,"Eaton Premium Continuous-Feed Paper, 25% Cotton, Letter Size, White, 1000 Shts/Box",,492.6624
Out, Sales ,"Eaton Premium Continuous-Feed Paper, 25% Cotton, Letter Size, White, 1000 Shts/Box",All Others,164,▼,"Eaton Premium Continuous-Feed Paper, 25% Cotton, Letter Size, White, 1000 Shts/Box",,"1,098.504"
Out, Margin ,"Eberhard Faber 3 1/2"" Golf Pencils",All Others,865,▼,"Eberhard Faber 3 1/2"" Golf Pencils",,0.202127660
Out, Profit ,"Eberhard Faber 3 1/2"" Golf Pencils",All Others,865,▼,"Eberhard Faber 3 1/2"" Golf Pencils",,28.272
Out, Sales ,"Eberhard Faber 3 1/2"" Golf Pencils",All Others,865,▼,"Eberhard Faber 3 1/2"" Golf Pencils",,139.872
Out, Margin ,Economy #2 Pencils,All Others,696,▼,Economy #2 Pencils,,0.26
Out, Profit ,Economy #2 Pencils,All Others,696,▼,Economy #2 Pencils,,8.9908
Out, Sales ,Economy #2 Pencils,All Others,696,▼,Economy #2 Pencils,,34.58
Out, Margin ,Economy Binders,All Others,531,▼,Economy Binders,,0.327083333
Out, Profit ,Economy Binders,All Others,531,▼,Economy Binders,,9.7968
Out, Sales ,Economy Binders,All Others,531,▼,Economy Binders,,29.952
Out, Margin ,Economy Rollaway Files,All Others,813,▼,Economy Rollaway Files,,0.221052632
Out, Profit ,Economy Rollaway Files,All Others,813,▼,Economy Rollaway Files,,693.84
Out, Sales ,Economy Rollaway Files,All Others,813,▼,Economy Rollaway Files,,"3,138.8"
Out, Margin ,EcoTones Memo Sheets,All Others,330,▼,EcoTones Memo Sheets,,0.409090909
Out, Profit ,EcoTones Memo Sheets,All Others,330,▼,EcoTones Memo Sheets,,21.6
Out, Sales ,EcoTones Memo Sheets,All Others,330,▼,EcoTones Memo Sheets,,52.8
Out, Margin ,Eldon 100 Class Desk Accessories,All Others,"1,387",▼,Eldon 100 Class Desk Accessories,,-0.133333333
Out, Profit ,Eldon 100 Class Desk Accessories,All Others,"1,387",▼,Eldon 100 Class Desk Accessories,,-4.8528
Out, Sales ,Eldon 100 Class Desk Accessories,All Others,"1,387",▼,Eldon 100 Class Desk Accessories,,36.396
Out, Margin ,Eldon 200 Class Desk Accessories,All Others,592,▼,Eldon 200 Class Desk Accessories,,0.294339623
Out, Profit ,Eldon 200 Class Desk Accessories,All Others,592,▼,Eldon 200 Class Desk Accessories,,39.1872
Out, Sales ,Eldon 200 Class Desk Accessories,All Others,592,▼,Eldon 200 Class Desk Accessories,,133.136
Out, Margin ,"Eldon 200 Class Desk Accessories, Black",All Others,413,▼,"Eldon 200 Class Desk Accessories, Black",,0.38
Out, Profit ,"Eldon 200 Class Desk Accessories, Black",All Others,413,▼,"Eldon 200 Class Desk Accessories, Black",,28.6368
Out, Sales ,"Eldon 200 Class Desk Accessories, Black",All Others,413,▼,"Eldon 200 Class Desk Accessories, Black",,75.36
Out, Margin ,"Eldon 200 Class Desk Accessories, Burgundy",All Others,529,▼,"Eldon 200 Class Desk Accessories, Burgundy",,0.328703704
Out, Profit ,"Eldon 200 Class Desk Accessories, Burgundy",All Others,529,▼,"Eldon 200 Class Desk Accessories, Burgundy",,44.588
Out, Sales ,"Eldon 200 Class Desk Accessories, Burgundy",All Others,529,▼,"Eldon 200 Class Desk Accessories, Burgundy",,135.648
Out, Margin ,"Eldon 200 Class Desk Accessories, Smoke",All Others,284,▼,"Eldon 200 Class Desk Accessories, Smoke",,0.42
Out, Profit ,"Eldon 200 Class Desk Accessories, Smoke",All Others,284,▼,"Eldon 200 Class Desk Accessories, Smoke",,58.0272
Out, Sales ,"Eldon 200 Class Desk Accessories, Smoke",All Others,284,▼,"Eldon 200 Class Desk Accessories, Smoke",,138.16
Out, Margin ,"Eldon 300 Class Desk Accessories, Black",All Others,192,▼,"Eldon 300 Class Desk Accessories, Black",,0.44
Out, Profit ,"Eldon 300 Class Desk Accessories, Black",All Others,192,▼,"Eldon 300 Class Desk Accessories, Black",,13.068
Out, Sales ,"Eldon 300 Class Desk Accessories, Black",All Others,192,▼,"Eldon 300 Class Desk Accessories, Black",,29.7
Out, Margin ,"Eldon 400 Class Desk Accessories, Black Carbon",All Others,584,▼,"Eldon 400 Class Desk Accessories, Black Carbon",,0.298901099
Out, Profit ,"Eldon 400 Class Desk Accessories, Black Carbon",All Others,584,▼,"Eldon 400 Class Desk Accessories, Black Carbon",,47.6
Out, Sales ,"Eldon 400 Class Desk Accessories, Black Carbon",All Others,584,▼,"Eldon 400 Class Desk Accessories, Black Carbon",,159.25
Out, Margin ,Eldon 500 Class Desk Accessories,All Others,574,▼,Eldon 500 Class Desk Accessories,,0.305487805
Out, Profit ,Eldon 500 Class Desk Accessories,All Others,574,▼,Eldon 500 Class Desk Accessories,,60.4707
Out, Sales ,Eldon 500 Class Desk Accessories,All Others,574,▼,Eldon 500 Class Desk Accessories,,197.948
Out, Margin ,"Eldon ""L"" Workstation Diamond Chairmat",All Others,"1,450",▼,"Eldon ""L"" Workstation Diamond Chairmat",,-0.266666667
Out, Profit ,"Eldon ""L"" Workstation Diamond Chairmat",All Others,"1,450",▼,"Eldon ""L"" Workstation Diamond Chairmat",,-267.4496
Out, Sales ,"Eldon ""L"" Workstation Diamond Chairmat",All Others,"1,450",▼,"Eldon ""L"" Workstation Diamond Chairmat",,"1,002.936"
Out, Margin ,Eldon Advantage Chair Mats for Low to Medium Pile Carpets,All Others,"1,105",▼,Eldon Advantage Chair Mats for Low to Medium Pile Carpets,,0.100000000
Out, Profit ,Eldon Advantage Chair Mats for Low to Medium Pile Carpets,All Others,"1,105",▼,Eldon Advantage Chair Mats for Low to Medium Pile Carpets,,56.303000000
Out, Sales ,Eldon Advantage Chair Mats for Low to Medium Pile Carpets,All Others,"1,105",▼,Eldon Advantage Chair Mats for Low to Medium Pile Carpets,,563.03
Out, Margin ,Eldon Advantage Foldable Chair Mats for Low Pile Carpets,All Others,"1,383",▼,Eldon Advantage Foldable Chair Mats for Low Pile Carpets,,-0.128571429
Out, Profit ,Eldon Advantage Foldable Chair Mats for Low Pile Carpets,All Others,"1,383",▼,Eldon Advantage Foldable Chair Mats for Low Pile Carpets,,-48.78
Out, Sales ,Eldon Advantage Foldable Chair Mats for Low Pile Carpets,All Others,"1,383",▼,Eldon Advantage Foldable Chair Mats for Low Pile Carpets,,379.4
Out, Margin ,Eldon Antistatic Chair Mats for Low to Medium Pile Carpets,All Others,"1,198",▼,Eldon Antistatic Chair Mats for Low to Medium Pile Carpets,,0.032352941
Out, Profit ,Eldon Antistatic Chair Mats for Low to Medium Pile Carpets,All Others,"1,198",▼,Eldon Antistatic Chair Mats for Low to Medium Pile Carpets,,46.327600000
Out, Sales ,Eldon Antistatic Chair Mats for Low to Medium Pile Carpets,All Others,"1,198",▼,Eldon Antistatic Chair Mats for Low to Medium Pile Carpets,,"1,431.944"
Out, Margin ,"Eldon Base for stackable storage shelf, platinum",All Others,"1,312",▼,"Eldon Base for stackable storage shelf, platinum",,-0.060267857
Out, Profit ,"Eldon Base for stackable storage shelf, platinum",All Others,"1,312",▼,"Eldon Base for stackable storage shelf, platinum",,-52.569000000
Out, Sales ,"Eldon Base for stackable storage shelf, platinum",All Others,"1,312",▼,"Eldon Base for stackable storage shelf, platinum",,872.256
Out, Margin ,Eldon Cleatmat Chair Mats for Medium Pile Carpets,All Others,"1,376",▼,Eldon Cleatmat Chair Mats for Medium Pile Carpets,,-0.122580645
Out, Profit ,Eldon Cleatmat Chair Mats for Medium Pile Carpets,All Others,"1,376",▼,Eldon Cleatmat Chair Mats for Medium Pile Carpets,,-42.18
Out, Sales ,Eldon Cleatmat Chair Mats for Medium Pile Carpets,All Others,"1,376",▼,Eldon Cleatmat Chair Mats for Medium Pile Carpets,,344.1
Out, Margin ,Eldon Cleatmat Plus Chair Mats for High Pile Carpets,All Others,"1,341",▼,Eldon Cleatmat Plus Chair Mats for High Pile Carpets,,-0.085365854
Out, Profit ,Eldon Cleatmat Plus Chair Mats for High Pile Carpets,All Others,"1,341",▼,Eldon Cleatmat Plus Chair Mats for High Pile Carpets,,-111.328
Out, Sales ,Eldon Cleatmat Plus Chair Mats for High Pile Carpets,All Others,"1,341",▼,Eldon Cleatmat Plus Chair Mats for High Pile Carpets,,"1,304.128"
Out, Margin ,Eldon ClusterMat Chair Mat with Cordless Antistatic Protection,All Others,"1,433",▼,Eldon ClusterMat Chair Mat with Cordless Antistatic Protection,,-0.213636364
Out, Profit ,Eldon ClusterMat Chair Mat with Cordless Antistatic Protection,All Others,"1,433",▼,Eldon ClusterMat Chair Mat with Cordless Antistatic Protection,,-256.5636
Out, Sales ,Eldon ClusterMat Chair Mat with Cordless Antistatic Protection,All Others,"1,433",▼,Eldon ClusterMat Chair Mat with Cordless Antistatic Protection,,"1,200.936"
Out, Margin ,"Eldon Delta Triangular Chair Mat, 52"" x 58"", Clear",All Others,"1,202",▼,"Eldon Delta Triangular Chair Mat, 52"" x 58"", Clear",,0.031944444
Out, Profit ,"Eldon Delta Triangular Chair Mat, 52"" x 58"", Clear",All Others,"1,202",▼,"Eldon Delta Triangular Chair Mat, 52"" x 58"", Clear",,17.4478
Out, Sales ,"Eldon Delta Triangular Chair Mat, 52"" x 58"", Clear",All Others,"1,202",▼,"Eldon Delta Triangular Chair Mat, 52"" x 58"", Clear",,546.192
Out, Margin ,Eldon Econocleat Chair Mats for Low Pile Carpets,All Others,"1,050",▼,Eldon Econocleat Chair Mats for Low Pile Carpets,,0.12
Out, Profit ,Eldon Econocleat Chair Mats for Low Pile Carpets,All Others,"1,050",▼,Eldon Econocleat Chair Mats for Low Pile Carpets,,39.8112
Out, Sales ,Eldon Econocleat Chair Mats for Low Pile Carpets,All Others,"1,050",▼,Eldon Econocleat Chair Mats for Low Pile Carpets,,331.76
Out, Margin ,Eldon Executive Woodline II Cherry Finish Desk Accessories,All Others,"1,490",▼,Eldon Executive Woodline II Cherry Finish Desk Accessories,,-0.8
Out, Profit ,Eldon Executive Woodline II Cherry Finish Desk Accessories,All Others,"1,490",▼,Eldon Executive Woodline II Cherry Finish Desk Accessories,,-78.5088
Out, Sales ,Eldon Executive Woodline II Cherry Finish Desk Accessories,All Others,"1,490",▼,Eldon Executive Woodline II Cherry Finish Desk Accessories,,98.136
Out, Margin ,"Eldon Executive Woodline II Desk Accessories, Mahogany",All Others,"1,018",▼,"Eldon Executive Woodline II Desk Accessories, Mahogany",,0.138194444
Out, Profit ,"Eldon Executive Woodline II Desk Accessories, Mahogany",All Others,"1,018",▼,"Eldon Executive Woodline II Desk Accessories, Mahogany",,50.0087
Out, Sales ,"Eldon Executive Woodline II Desk Accessories, Mahogany",All Others,"1,018",▼,"Eldon Executive Woodline II Desk Accessories, Mahogany",,361.872
Out, Margin ,"Eldon Expressions Desk Accessory, Wood Pencil Holder, Oak",All Others,"1,152",▼,"Eldon Expressions Desk Accessory, Wood Pencil Holder, Oak",,0.062500000
Out, Profit ,"Eldon Expressions Desk Accessory, Wood Pencil Holder, Oak",All Others,"1,152",▼,"Eldon Expressions Desk Accessory, Wood Pencil Holder, Oak",,6.755000000
Out, Sales ,"Eldon Expressions Desk Accessory, Wood Pencil Holder, Oak",All Others,"1,152",▼,"Eldon Expressions Desk Accessory, Wood Pencil Holder, Oak",,108.08
Out, Margin ,"Eldon Expressions Desk Accessory, Wood Photo Frame, Mahogany",All Others,"1,279",▼,"Eldon Expressions Desk Accessory, Wood Photo Frame, Mahogany",,-0.028985507
Out, Profit ,"Eldon Expressions Desk Accessory, Wood Photo Frame, Mahogany",All Others,"1,279",▼,"Eldon Expressions Desk Accessory, Wood Photo Frame, Mahogany",,-7.616000000
Out, Sales ,"Eldon Expressions Desk Accessory, Wood Photo Frame, Mahogany",All Others,"1,279",▼,"Eldon Expressions Desk Accessory, Wood Photo Frame, Mahogany",,262.752
Out, Margin ,Eldon Expressions Mahogany Wood Desk Collection,All Others,719,▼,Eldon Expressions Mahogany Wood Desk Collection,,0.25
Out, Profit ,Eldon Expressions Mahogany Wood Desk Collection,All Others,719,▼,Eldon Expressions Mahogany Wood Desk Collection,,23.4
Out, Sales ,Eldon Expressions Mahogany Wood Desk Collection,All Others,719,▼,Eldon Expressions Mahogany Wood Desk Collection,,93.6
Out, Margin ,"Eldon Expressions Punched Metal & Wood Desk Accessories, Black & Cherry",All Others,"1,028",▼,"Eldon Expressions Punched Metal & Wood Desk Accessories, Black & Cherry",,0.132530120
Out, Profit ,"Eldon Expressions Punched Metal & Wood Desk Accessories, Black & Cherry",All Others,"1,028",▼,"Eldon Expressions Punched Metal & Wood Desk Accessories, Black & Cherry",,20.636
Out, Sales ,"Eldon Expressions Punched Metal & Wood Desk Accessories, Black & Cherry",All Others,"1,028",▼,"Eldon Expressions Punched Metal & Wood Desk Accessories, Black & Cherry",,155.708
Out, Margin ,"Eldon Expressions Punched Metal & Wood Desk Accessories, Pewter & Cherry",All Others,917,▼,"Eldon Expressions Punched Metal & Wood Desk Accessories, Pewter & Cherry",,0.178947368
Out, Profit ,"Eldon Expressions Punched Metal & Wood Desk Accessories, Pewter & Cherry",All Others,917,▼,"Eldon Expressions Punched Metal & Wood Desk Accessories, Pewter & Cherry",,21.7056
Out, Sales ,"Eldon Expressions Punched Metal & Wood Desk Accessories, Pewter & Cherry",All Others,917,▼,"Eldon Expressions Punched Metal & Wood Desk Accessories, Pewter & Cherry",,121.296
Out, Margin ,"Eldon Expressions Wood and Plastic Desk Accessories, Cherry Wood",All Others,605,▼,"Eldon Expressions Wood and Plastic Desk Accessories, Cherry Wood",,0.29
Out, Profit ,"Eldon Expressions Wood and Plastic Desk Accessories, Cherry Wood",All Others,605,▼,"Eldon Expressions Wood and Plastic Desk Accessories, Cherry Wood",,46.5566
Out, Sales ,"Eldon Expressions Wood and Plastic Desk Accessories, Cherry Wood",All Others,605,▼,"Eldon Expressions Wood and Plastic Desk Accessories, Cherry Wood",,160.54
Out, Margin ,"Eldon Expressions Wood and Plastic Desk Accessories, Oak",All Others,633,▼,"Eldon Expressions Wood and Plastic Desk Accessories, Oak",,0.28
Out, Profit ,"Eldon Expressions Wood and Plastic Desk Accessories, Oak",All Others,633,▼,"Eldon Expressions Wood and Plastic Desk Accessories, Oak",,41.916
Out, Sales ,"Eldon Expressions Wood and Plastic Desk Accessories, Oak",All Others,633,▼,"Eldon Expressions Wood and Plastic Desk Accessories, Oak",,149.7
Out, Margin ,"Eldon Expressions Wood Desk Accessories, Oak",All Others,"1,164",▼,"Eldon Expressions Wood Desk Accessories, Oak",,0.055241935
Out, Profit ,"Eldon Expressions Wood Desk Accessories, Oak",All Others,"1,164",▼,"Eldon Expressions Wood Desk Accessories, Oak",,10.1106
Out, Sales ,"Eldon Expressions Wood Desk Accessories, Oak",All Others,"1,164",▼,"Eldon Expressions Wood Desk Accessories, Oak",,183.024
Out, Margin ,Eldon File Chest Portable File,All Others,"1,128",▼,Eldon File Chest Portable File,,0.075000000
Out, Profit ,Eldon File Chest Portable File,All Others,"1,128",▼,Eldon File Chest Portable File,,5.955000000
Out, Sales ,Eldon File Chest Portable File,All Others,"1,128",▼,Eldon File Chest Portable File,,79.4
Out, Margin ,Eldon Fold 'N Roll Cart System,All Others,837,▼,Eldon Fold 'N Roll Cart System,,0.211111111
Out, Profit ,Eldon Fold 'N Roll Cart System,All Others,837,▼,Eldon Fold 'N Roll Cart System,,63.7488
Out, Sales ,Eldon Fold 'N Roll Cart System,All Others,837,▼,Eldon Fold 'N Roll Cart System,,301.968
Out, Margin ,Eldon Gobal File Keepers,All Others,"1,237",▼,Eldon Gobal File Keepers,,-0.001739130
Out, Profit ,Eldon Gobal File Keepers,All Others,"1,237",▼,Eldon Gobal File Keepers,,-0.605600000
Out, Sales ,Eldon Gobal File Keepers,All Others,"1,237",▼,Eldon Gobal File Keepers,,348.22
Out, Margin ,Eldon Image Series Black Desk Accessories,All Others,493,▼,Eldon Image Series Black Desk Accessories,,0.349152542
Out, Profit ,Eldon Image Series Black Desk Accessories,All Others,493,▼,Eldon Image Series Black Desk Accessories,,17.0568
Out, Sales ,Eldon Image Series Black Desk Accessories,All Others,493,▼,Eldon Image Series Black Desk Accessories,,48.852
Out, Margin ,"Eldon Image Series Desk Accessories, Burgundy",All Others,711,▼,"Eldon Image Series Desk Accessories, Burgundy",,0.254135338
Out, Profit ,"Eldon Image Series Desk Accessories, Burgundy",All Others,711,▼,"Eldon Image Series Desk Accessories, Burgundy",,28.2568
Out, Sales ,"Eldon Image Series Desk Accessories, Burgundy",All Others,711,▼,"Eldon Image Series Desk Accessories, Burgundy",,111.188
Out, Margin ,"Eldon Imàge Series Desk Accessories, Clear",All Others,"1,052",▼,"Eldon Imàge Series Desk Accessories, Clear",,0.119090909
Out, Profit ,"Eldon Imàge Series Desk Accessories, Clear",All Others,"1,052",▼,"Eldon Imàge Series Desk Accessories, Clear",,6.366600000
Out, Sales ,"Eldon Imàge Series Desk Accessories, Clear",All Others,"1,052",▼,"Eldon Imàge Series Desk Accessories, Clear",,53.46
Out, Margin ,"Eldon Image Series Desk Accessories, Ebony",All Others,569,▼,"Eldon Image Series Desk Accessories, Ebony",,0.309589041
Out, Profit ,"Eldon Image Series Desk Accessories, Ebony",All Others,569,▼,"Eldon Image Series Desk Accessories, Ebony",,55.822
Out, Sales ,"Eldon Image Series Desk Accessories, Ebony",All Others,569,▼,"Eldon Image Series Desk Accessories, Ebony",,180.31
Out, Margin ,Eldon Jumbo ProFile Portable File Boxes Graphite/Black,All Others,"1,097",▼,Eldon Jumbo ProFile Portable File Boxes Graphite/Black,,0.1
Out, Profit ,Eldon Jumbo ProFile Portable File Boxes Graphite/Black,All Others,"1,097",▼,Eldon Jumbo ProFile Portable File Boxes Graphite/Black,,3.6744
Out, Sales ,Eldon Jumbo ProFile Portable File Boxes Graphite/Black,All Others,"1,097",▼,Eldon Jumbo ProFile Portable File Boxes Graphite/Black,,36.744
Out, Margin ,Eldon Mobile Mega Data Cart  Mega Stackable  Add-On Trays,All Others,599,▼,Eldon Mobile Mega Data Cart  Mega Stackable  Add-On Trays,,0.29
Out, Profit ,Eldon Mobile Mega Data Cart  Mega Stackable  Add-On Trays,All Others,599,▼,Eldon Mobile Mega Data Cart  Mega Stackable  Add-On Trays,,205.755
Out, Sales ,Eldon Mobile Mega Data Cart  Mega Stackable  Add-On Trays,All Others,599,▼,Eldon Mobile Mega Data Cart  Mega Stackable  Add-On Trays,,709.5
Out, Margin ,Eldon Pizzaz Desk Accessories,All Others,450,▼,Eldon Pizzaz Desk Accessories,,0.366666667
Out, Profit ,Eldon Pizzaz Desk Accessories,All Others,450,▼,Eldon Pizzaz Desk Accessories,,13.7368
Out, Sales ,Eldon Pizzaz Desk Accessories,All Others,450,▼,Eldon Pizzaz Desk Accessories,,37.464
Out, Margin ,Eldon Portable Mobile Manager,All Others,817,▼,Eldon Portable Mobile Manager,,0.219496855
Out, Profit ,Eldon Portable Mobile Manager,All Others,817,▼,Eldon Portable Mobile Manager,,197.3944
Out, Sales ,Eldon Portable Mobile Manager,All Others,817,▼,Eldon Portable Mobile Manager,,899.304
Out, Margin ,Eldon ProFile File 'N Store Portable File Tub Letter/Legal Size Black,All Others,855,▼,Eldon ProFile File 'N Store Portable File Tub Letter/Legal Size Black,,0.207547170
Out, Profit ,Eldon ProFile File 'N Store Portable File Tub Letter/Legal Size Black,All Others,855,▼,Eldon ProFile File 'N Store Portable File Tub Letter/Legal Size Black,,127.446
Out, Sales ,Eldon ProFile File 'N Store Portable File Tub Letter/Legal Size Black,All Others,855,▼,Eldon ProFile File 'N Store Portable File Tub Letter/Legal Size Black,,614.058
Out, Margin ,Eldon Radial Chair Mat for Low to Medium Pile Carpets,All Others,934,▼,Eldon Radial Chair Mat for Low to Medium Pile Carpets,,0.175257732
Out, Profit ,Eldon Radial Chair Mat for Low to Medium Pile Carpets,All Others,934,▼,Eldon Radial Chair Mat for Low to Medium Pile Carpets,,135.932
Out, Sales ,Eldon Radial Chair Mat for Low to Medium Pile Carpets,All Others,934,▼,Eldon Radial Chair Mat for Low to Medium Pile Carpets,,775.612
Out, Margin ,"Eldon Regeneration Recycled Desk Accessories, Black",All Others,527,▼,"Eldon Regeneration Recycled Desk Accessories, Black",,0.330487805
Out, Profit ,"Eldon Regeneration Recycled Desk Accessories, Black",All Others,527,▼,"Eldon Regeneration Recycled Desk Accessories, Black",,13.1164
Out, Sales ,"Eldon Regeneration Recycled Desk Accessories, Black",All Others,527,▼,"Eldon Regeneration Recycled Desk Accessories, Black",,39.688
Out, Margin ,"Eldon Regeneration Recycled Desk Accessories, Smoke",All Others,681,▼,"Eldon Regeneration Recycled Desk Accessories, Smoke",,0.263917526
Out, Profit ,"Eldon Regeneration Recycled Desk Accessories, Smoke",All Others,681,▼,"Eldon Regeneration Recycled Desk Accessories, Smoke",,8.9088
Out, Sales ,"Eldon Regeneration Recycled Desk Accessories, Smoke",All Others,681,▼,"Eldon Regeneration Recycled Desk Accessories, Smoke",,33.756
Out, Margin ,Eldon Shelf Savers Cubes and Bins,All Others,"1,276",▼,Eldon Shelf Savers Cubes and Bins,,-0.025581395
Out, Profit ,Eldon Shelf Savers Cubes and Bins,All Others,"1,276",▼,Eldon Shelf Savers Cubes and Bins,,-7.678000000
Out, Sales ,Eldon Shelf Savers Cubes and Bins,All Others,"1,276",▼,Eldon Shelf Savers Cubes and Bins,,300.14
Out, Margin ,Eldon Simplefile Box Office,All Others,807,▼,Eldon Simplefile Box Office,,0.223021583
Out, Profit ,Eldon Simplefile Box Office,All Others,807,▼,Eldon Simplefile Box Office,,77.128
Out, Sales ,Eldon Simplefile Box Office,All Others,807,▼,Eldon Simplefile Box Office,,345.832
Out, Margin ,"Eldon Spacemaker Box, Quick-Snap Lid, Clear",All Others,909,▼,"Eldon Spacemaker Box, Quick-Snap Lid, Clear",,0.182894737
Out, Profit ,"Eldon Spacemaker Box, Quick-Snap Lid, Clear",All Others,909,▼,"Eldon Spacemaker Box, Quick-Snap Lid, Clear",,9.285200000
Out, Sales ,"Eldon Spacemaker Box, Quick-Snap Lid, Clear",All Others,909,▼,"Eldon Spacemaker Box, Quick-Snap Lid, Clear",,50.768
Out, Margin ,"Eldon Stackable Tray, Side-Load, Legal, Smoke",All Others,506,▼,"Eldon Stackable Tray, Side-Load, Legal, Smoke",,0.34
Out, Profit ,"Eldon Stackable Tray, Side-Load, Legal, Smoke",All Others,506,▼,"Eldon Stackable Tray, Side-Load, Legal, Smoke",,52.8292
Out, Sales ,"Eldon Stackable Tray, Side-Load, Legal, Smoke",All Others,506,▼,"Eldon Stackable Tray, Side-Load, Legal, Smoke",,155.38
Out, Margin ,Eldon Wave Desk Accessories,All Others,436,▼,Eldon Wave Desk Accessories,,0.371160349
Out, Profit ,Eldon Wave Desk Accessories,All Others,436,▼,Eldon Wave Desk Accessories,,98.9996
Out, Sales ,Eldon Wave Desk Accessories,All Others,436,▼,Eldon Wave Desk Accessories,,266.73
Out, Margin ,Electrix 20W Halogen Replacement Bulb for Zoom-In Desk Lamp,All Others,95,▼,Electrix 20W Halogen Replacement Bulb for Zoom-In Desk Lamp,,0.463492063
Out, Profit ,Electrix 20W Halogen Replacement Bulb for Zoom-In Desk Lamp,All Others,95,▼,Electrix 20W Halogen Replacement Bulb for Zoom-In Desk Lamp,,78.256
Out, Sales ,Electrix 20W Halogen Replacement Bulb for Zoom-In Desk Lamp,All Others,95,▼,Electrix 20W Halogen Replacement Bulb for Zoom-In Desk Lamp,,168.84
Out, Margin ,"Electrix Architect's Clamp-On Swing Arm Lamp, Black",All Others,818,▼,"Electrix Architect's Clamp-On Swing Arm Lamp, Black",,0.219
Out, Profit ,"Electrix Architect's Clamp-On Swing Arm Lamp, Black",All Others,818,▼,"Electrix Architect's Clamp-On Swing Arm Lamp, Black",,627.1722
Out, Sales ,"Electrix Architect's Clamp-On Swing Arm Lamp, Black",All Others,818,▼,"Electrix Architect's Clamp-On Swing Arm Lamp, Black",,"2,863.8"
Out, Margin ,Electrix Fluorescent Magnifier Lamps & Weighted Base,All Others,976,▼,Electrix Fluorescent Magnifier Lamps & Weighted Base,,0.157446809
Out, Profit ,Electrix Fluorescent Magnifier Lamps & Weighted Base,All Others,976,▼,Electrix Fluorescent Magnifier Lamps & Weighted Base,,73.0232
Out, Sales ,Electrix Fluorescent Magnifier Lamps & Weighted Base,All Others,976,▼,Electrix Fluorescent Magnifier Lamps & Weighted Base,,463.796
Out, Margin ,Electrix Halogen Magnifier Lamp,All Others,"1,065",▼,Electrix Halogen Magnifier Lamp,,0.114084507
Out, Profit ,Electrix Halogen Magnifier Lamp,All Others,"1,065",▼,Electrix Halogen Magnifier Lamp,,314.766
Out, Sales ,Electrix Halogen Magnifier Lamp,All Others,"1,065",▼,Electrix Halogen Magnifier Lamp,,"2,759.06"
Out, Margin ,"Electrix Incandescent Magnifying Lamp, Black",All Others,"1,393",▼,"Electrix Incandescent Magnifying Lamp, Black",,-0.140625
Out, Profit ,"Electrix Incandescent Magnifying Lamp, Black",All Others,"1,393",▼,"Electrix Incandescent Magnifying Lamp, Black",,-16.4925
Out, Sales ,"Electrix Incandescent Magnifying Lamp, Black",All Others,"1,393",▼,"Electrix Incandescent Magnifying Lamp, Black",,117.28
Out, Margin ,"Elite 5"" Scissors",All Others,856,▼,"Elite 5"" Scissors",,0.207547170
Out, Profit ,"Elite 5"" Scissors",All Others,856,▼,"Elite 5"" Scissors",,37.18
Out, Sales ,"Elite 5"" Scissors",All Others,856,▼,"Elite 5"" Scissors",,179.14
Out, Margin ,Embossed Ink Jet Note Cards,All Others,410,▼,Embossed Ink Jet Note Cards,,0.380952381
Out, Profit ,Embossed Ink Jet Note Cards,All Others,410,▼,Embossed Ink Jet Note Cards,,108.336
Out, Sales ,Embossed Ink Jet Note Cards,All Others,410,▼,Embossed Ink Jet Note Cards,,284.382
Out, Margin ,Epson Perfection V600 Photo Scanner,All Others,"1,493",▼,Epson Perfection V600 Photo Scanner,,-0.833333333
Out, Profit ,Epson Perfection V600 Photo Scanner,All Others,"1,493",▼,Epson Perfection V600 Photo Scanner,,-172.4925
Out, Sales ,Epson Perfection V600 Photo Scanner,All Others,"1,493",▼,Epson Perfection V600 Photo Scanner,,206.991
Out, Margin ,Epson TM-T88V Direct Thermal Printer - Monochrome - Desktop,All Others,"1,494",▼,Epson TM-T88V Direct Thermal Printer - Monochrome - Desktop,,-0.871794872
Out, Profit ,Epson TM-T88V Direct Thermal Printer - Monochrome - Desktop,All Others,"1,494",▼,Epson TM-T88V Direct Thermal Printer - Monochrome - Desktop,,"-1,057.23"
Out, Sales ,Epson TM-T88V Direct Thermal Printer - Monochrome - Desktop,All Others,"1,494",▼,Epson TM-T88V Direct Thermal Printer - Monochrome - Desktop,,"1,212.705"
Out, Margin ,"Epson WorkForce WF-2530 All-in-One Printer, Copier Scanner",All Others,236,▼,"Epson WorkForce WF-2530 All-in-One Printer, Copier Scanner",,0.43
Out, Profit ,"Epson WorkForce WF-2530 All-in-One Printer, Copier Scanner",All Others,236,▼,"Epson WorkForce WF-2530 All-in-One Printer, Copier Scanner",,120.3828
Out, Sales ,"Epson WorkForce WF-2530 All-in-One Printer, Copier Scanner",All Others,236,▼,"Epson WorkForce WF-2530 All-in-One Printer, Copier Scanner",,279.96
Out, Margin ,Eureka Disposable Bags for Sanitaire Vibra Groomer I Upright Vac,All Others,"1,501",▼,Eureka Disposable Bags for Sanitaire Vibra Groomer I Upright Vac,,-2.75
Out, Profit ,Eureka Disposable Bags for Sanitaire Vibra Groomer I Upright Vac,All Others,"1,501",▼,Eureka Disposable Bags for Sanitaire Vibra Groomer I Upright Vac,,-4.466
Out, Sales ,Eureka Disposable Bags for Sanitaire Vibra Groomer I Upright Vac,All Others,"1,501",▼,Eureka Disposable Bags for Sanitaire Vibra Groomer I Upright Vac,,1.624
Out, Margin ,"Eureka Hand Vacuum, Bagless",All Others,634,▼,"Eureka Hand Vacuum, Bagless",,0.28
Out, Profit ,"Eureka Hand Vacuum, Bagless",All Others,634,▼,"Eureka Hand Vacuum, Bagless",,55.3616
Out, Sales ,"Eureka Hand Vacuum, Bagless",All Others,634,▼,"Eureka Hand Vacuum, Bagless",,197.72
Out, Margin ,"Eureka Recycled Copy Paper 8 1/2"" x 11"", Ream",All Others,292,▼,"Eureka Recycled Copy Paper 8 1/2"" x 11"", Ream",,0.418823529
Out, Profit ,"Eureka Recycled Copy Paper 8 1/2"" x 11"", Ream",All Others,292,▼,"Eureka Recycled Copy Paper 8 1/2"" x 11"", Ream",,46.1376
Out, Sales ,"Eureka Recycled Copy Paper 8 1/2"" x 11"", Ream",All Others,292,▼,"Eureka Recycled Copy Paper 8 1/2"" x 11"", Ream",,110.16
Out, Margin ,Eureka Sanitaire  Commercial Upright,All Others,"1,197",▼,Eureka Sanitaire  Commercial Upright,,0.034782609
Out, Profit ,Eureka Sanitaire  Commercial Upright,All Others,"1,197",▼,Eureka Sanitaire  Commercial Upright,,53.0272
Out, Sales ,Eureka Sanitaire  Commercial Upright,All Others,"1,197",▼,Eureka Sanitaire  Commercial Upright,,"1,524.532"
Out, Margin ,"Eureka Sanitaire  Multi-Pro Heavy-Duty Upright, Disposable Bags",All Others,988,▼,"Eureka Sanitaire  Multi-Pro Heavy-Duty Upright, Disposable Bags",,0.152083333
Out, Profit ,"Eureka Sanitaire  Multi-Pro Heavy-Duty Upright, Disposable Bags",All Others,988,▼,"Eureka Sanitaire  Multi-Pro Heavy-Duty Upright, Disposable Bags",,12.7604
Out, Sales ,"Eureka Sanitaire  Multi-Pro Heavy-Duty Upright, Disposable Bags",All Others,988,▼,"Eureka Sanitaire  Multi-Pro Heavy-Duty Upright, Disposable Bags",,83.904
Out, Margin ,Eureka The Boss Cordless Rechargeable Stick Vac,All Others,710,▼,Eureka The Boss Cordless Rechargeable Stick Vac,,0.254301075
Out, Profit ,Eureka The Boss Cordless Rechargeable Stick Vac,All Others,710,▼,Eureka The Boss Cordless Rechargeable Stick Vac,,241.1354
Out, Sales ,Eureka The Boss Cordless Rechargeable Stick Vac,All Others,710,▼,Eureka The Boss Cordless Rechargeable Stick Vac,,948.228
Out, Margin ,"Eureka The Boss Lite 10-Amp Upright Vacuum, Blue",All Others,629,▼,"Eureka The Boss Lite 10-Amp Upright Vacuum, Blue",,0.28
Out, Profit ,"Eureka The Boss Lite 10-Amp Upright Vacuum, Blue",All Others,629,▼,"Eureka The Boss Lite 10-Amp Upright Vacuum, Blue",,291.7824
Out, Sales ,"Eureka The Boss Lite 10-Amp Upright Vacuum, Blue",All Others,629,▼,"Eureka The Boss Lite 10-Amp Upright Vacuum, Blue",,"1,042.08"
Out, Margin ,"Eureka The Boss Plus 12-Amp Hard Box Upright Vacuum, Red",All Others,"1,114",▼,"Eureka The Boss Plus 12-Amp Hard Box Upright Vacuum, Red",,0.087500000
Out, Profit ,"Eureka The Boss Plus 12-Amp Hard Box Upright Vacuum, Red",All Others,"1,114",▼,"Eureka The Boss Plus 12-Amp Hard Box Upright Vacuum, Red",,146.51
Out, Sales ,"Eureka The Boss Plus 12-Amp Hard Box Upright Vacuum, Red",All Others,"1,114",▼,"Eureka The Boss Plus 12-Amp Hard Box Upright Vacuum, Red",,"1,674.4"
Out, Margin ,Euro Pro Shark Stick Mini Vacuum,All Others,"1,499",▼,Euro Pro Shark Stick Mini Vacuum,,-1.907142857
Out, Profit ,Euro Pro Shark Stick Mini Vacuum,All Others,"1,499",▼,Euro Pro Shark Stick Mini Vacuum,,-325.6332
Out, Sales ,Euro Pro Shark Stick Mini Vacuum,All Others,"1,499",▼,Euro Pro Shark Stick Mini Vacuum,,170.744
Out, Margin ,Euro-Pro Shark Turbo Vacuum,All Others,857,▼,Euro-Pro Shark Turbo Vacuum,,0.207142857
Out, Profit ,Euro-Pro Shark Turbo Vacuum,All Others,857,▼,Euro-Pro Shark Turbo Vacuum,,143.7472
Out, Sales ,Euro-Pro Shark Turbo Vacuum,All Others,857,▼,Euro-Pro Shark Turbo Vacuum,,693.952
Out, Margin ,"Executive Impressions 8-1/2"" Career Panel/Partition Cubicle Clock",All Others,643,▼,"Executive Impressions 8-1/2"" Career Panel/Partition Cubicle Clock",,0.278125
Out, Profit ,"Executive Impressions 8-1/2"" Career Panel/Partition Cubicle Clock",All Others,643,▼,"Executive Impressions 8-1/2"" Career Panel/Partition Cubicle Clock",,18.512
Out, Sales ,"Executive Impressions 8-1/2"" Career Panel/Partition Cubicle Clock",All Others,643,▼,"Executive Impressions 8-1/2"" Career Panel/Partition Cubicle Clock",,66.56
Out, Margin ,"Executive Impressions 10"" Spectator Wall Clock",All Others,509,▼,"Executive Impressions 10"" Spectator Wall Clock",,0.34
Out, Profit ,"Executive Impressions 10"" Spectator Wall Clock",All Others,509,▼,"Executive Impressions 10"" Spectator Wall Clock",,87.9648
Out, Sales ,"Executive Impressions 10"" Spectator Wall Clock",All Others,509,▼,"Executive Impressions 10"" Spectator Wall Clock",,258.72
Out, Margin ,"Executive Impressions 12"" Wall Clock",All Others,"1,029",▼,"Executive Impressions 12"" Wall Clock",,0.132
Out, Profit ,"Executive Impressions 12"" Wall Clock",All Others,"1,029",▼,"Executive Impressions 12"" Wall Clock",,23.3244
Out, Sales ,"Executive Impressions 12"" Wall Clock",All Others,"1,029",▼,"Executive Impressions 12"" Wall Clock",,176.7
Out, Margin ,"Executive Impressions 13-1/2"" Indoor/Outdoor Wall Clock",All Others,414,▼,"Executive Impressions 13-1/2"" Indoor/Outdoor Wall Clock",,0.38
Out, Profit ,"Executive Impressions 13-1/2"" Indoor/Outdoor Wall Clock",All Others,414,▼,"Executive Impressions 13-1/2"" Indoor/Outdoor Wall Clock",,21.318
Out, Sales ,"Executive Impressions 13-1/2"" Indoor/Outdoor Wall Clock",All Others,414,▼,"Executive Impressions 13-1/2"" Indoor/Outdoor Wall Clock",,56.1
Out, Margin ,"Executive Impressions 13"" Chairman Wall Clock",All Others,616,▼,"Executive Impressions 13"" Chairman Wall Clock",,0.285
Out, Profit ,"Executive Impressions 13"" Chairman Wall Clock",All Others,616,▼,"Executive Impressions 13"" Chairman Wall Clock",,72.333
Out, Sales ,"Executive Impressions 13"" Chairman Wall Clock",All Others,616,▼,"Executive Impressions 13"" Chairman Wall Clock",,253.8
Out, Margin ,"Executive Impressions 13"" Clairmont Wall Clock",All Others,628,▼,"Executive Impressions 13"" Clairmont Wall Clock",,0.280487805
Out, Profit ,"Executive Impressions 13"" Clairmont Wall Clock",All Others,628,▼,"Executive Impressions 13"" Clairmont Wall Clock",,88.458
Out, Sales ,"Executive Impressions 13"" Clairmont Wall Clock",All Others,628,▼,"Executive Impressions 13"" Clairmont Wall Clock",,315.372
Out, Margin ,"Executive Impressions 14""",All Others,194,▼,"Executive Impressions 14""",,0.44
Out, Profit ,"Executive Impressions 14""",All Others,194,▼,"Executive Impressions 14""",,166.2804
Out, Sales ,"Executive Impressions 14""",All Others,194,▼,"Executive Impressions 14""",,377.91
Out, Margin ,"Executive Impressions 14"" Contract Wall Clock",All Others,666,▼,"Executive Impressions 14"" Contract Wall Clock",,0.269871795
Out, Profit ,"Executive Impressions 14"" Contract Wall Clock",All Others,666,▼,"Executive Impressions 14"" Contract Wall Clock",,93.5883
Out, Sales ,"Executive Impressions 14"" Contract Wall Clock",All Others,666,▼,"Executive Impressions 14"" Contract Wall Clock",,346.788
Out, Margin ,"Executive Impressions 14"" Contract Wall Clock with Quartz Movement",All Others,"1,262",▼,"Executive Impressions 14"" Contract Wall Clock with Quartz Movement",,-0.018181818
Out, Profit ,"Executive Impressions 14"" Contract Wall Clock with Quartz Movement",All Others,"1,262",▼,"Executive Impressions 14"" Contract Wall Clock with Quartz Movement",,-1.778400000
Out, Sales ,"Executive Impressions 14"" Contract Wall Clock with Quartz Movement",All Others,"1,262",▼,"Executive Impressions 14"" Contract Wall Clock with Quartz Movement",,97.812
Out, Margin ,"Executive Impressions 14"" Two-Color Numerals Wall Clock",All Others,573,▼,"Executive Impressions 14"" Two-Color Numerals Wall Clock",,0.305882353
Out, Profit ,"Executive Impressions 14"" Two-Color Numerals Wall Clock",All Others,573,▼,"Executive Impressions 14"" Two-Color Numerals Wall Clock",,94.5152
Out, Sales ,"Executive Impressions 14"" Two-Color Numerals Wall Clock",All Others,573,▼,"Executive Impressions 14"" Two-Color Numerals Wall Clock",,308.992
Out, Margin ,"Executive Impressions 16-1/2"" Circular Wall Clock",All Others,"1,263",▼,"Executive Impressions 16-1/2"" Circular Wall Clock",,-0.018181818
Out, Profit ,"Executive Impressions 16-1/2"" Circular Wall Clock",All Others,"1,263",▼,"Executive Impressions 16-1/2"" Circular Wall Clock",,-1.068800000
Out, Sales ,"Executive Impressions 16-1/2"" Circular Wall Clock",All Others,"1,263",▼,"Executive Impressions 16-1/2"" Circular Wall Clock",,58.784
Out, Margin ,Executive Impressions Supervisor Wall Clock,All Others,572,▼,Executive Impressions Supervisor Wall Clock,,0.306796117
Out, Profit ,Executive Impressions Supervisor Wall Clock,All Others,572,▼,Executive Impressions Supervisor Wall Clock,,266.072
Out, Sales ,Executive Impressions Supervisor Wall Clock,All Others,572,▼,Executive Impressions Supervisor Wall Clock,,867.26
Out, Margin ,Faber Castell Col-Erase Pencils,All Others,421,▼,Faber Castell Col-Erase Pencils,,0.378947368
Out, Profit ,Faber Castell Col-Erase Pencils,All Others,421,▼,Faber Castell Col-Erase Pencils,,14.0832
Out, Sales ,Faber Castell Col-Erase Pencils,All Others,421,▼,Faber Castell Col-Erase Pencils,,37.164
Out, Margin ,Fashion Color Clasp Envelopes,All Others,81,▼,Fashion Color Clasp Envelopes,,0.46875
Out, Profit ,Fashion Color Clasp Envelopes,All Others,81,▼,Fashion Color Clasp Envelopes,,36.5175
Out, Sales ,Fashion Color Clasp Envelopes,All Others,81,▼,Fashion Color Clasp Envelopes,,77.904
Out, Margin ,Fellowes 8 Outlet Superior Workstation Surge Protector,All Others,816,▼,Fellowes 8 Outlet Superior Workstation Surge Protector,,0.219780220
Out, Profit ,Fellowes 8 Outlet Superior Workstation Surge Protector,All Others,816,▼,Fellowes 8 Outlet Superior Workstation Surge Protector,,166.84
Out, Sales ,Fellowes 8 Outlet Superior Workstation Surge Protector,All Others,816,▼,Fellowes 8 Outlet Superior Workstation Surge Protector,,759.122
Out, Margin ,Fellowes 8 Outlet Superior Workstation Surge Protector w/o Phone/Fax/Modem Protection,All Others,"1,145",▼,Fellowes 8 Outlet Superior Workstation Surge Protector w/o Phone/Fax/Modem Protection,,0.065656566
Out, Profit ,Fellowes 8 Outlet Superior Workstation Surge Protector w/o Phone/Fax/Modem Protection,All Others,"1,145",▼,Fellowes 8 Outlet Superior Workstation Surge Protector w/o Phone/Fax/Modem Protection,,43.706
Out, Sales ,Fellowes 8 Outlet Superior Workstation Surge Protector w/o Phone/Fax/Modem Protection,All Others,"1,145",▼,Fellowes 8 Outlet Superior Workstation Surge Protector w/o Phone/Fax/Modem Protection,,665.676
Out, Margin ,Fellowes Advanced 8 Outlet Surge Suppressor with Phone/Fax Protection,All Others,944,▼,Fellowes Advanced 8 Outlet Surge Suppressor with Phone/Fax Protection,,0.170454545
Out, Profit ,Fellowes Advanced 8 Outlet Surge Suppressor with Phone/Fax Protection,All Others,944,▼,Fellowes Advanced 8 Outlet Surge Suppressor with Phone/Fax Protection,,41.64
Out, Sales ,Fellowes Advanced 8 Outlet Surge Suppressor with Phone/Fax Protection,All Others,944,▼,Fellowes Advanced 8 Outlet Surge Suppressor with Phone/Fax Protection,,244.288
Out, Margin ,Fellowes Advanced Computer Series Surge Protectors,All Others,689,▼,Fellowes Advanced Computer Series Surge Protectors,,0.260273973
Out, Profit ,Fellowes Advanced Computer Series Surge Protectors,All Others,689,▼,Fellowes Advanced Computer Series Surge Protectors,,100.662
Out, Sales ,Fellowes Advanced Computer Series Surge Protectors,All Others,689,▼,Fellowes Advanced Computer Series Surge Protectors,,386.754
Out, Margin ,Fellowes Bankers Box Recycled Super Stor/Drawer,All Others,"1,275",▼,Fellowes Bankers Box Recycled Super Stor/Drawer,,-0.025454545
Out, Profit ,Fellowes Bankers Box Recycled Super Stor/Drawer,All Others,"1,275",▼,Fellowes Bankers Box Recycled Super Stor/Drawer,,-30.2288
Out, Sales ,Fellowes Bankers Box Recycled Super Stor/Drawer,All Others,"1,275",▼,Fellowes Bankers Box Recycled Super Stor/Drawer,,"1,187.56"
Out, Margin ,Fellowes Bankers Box Staxonsteel Drawer File/Stacking System,All Others,"1,160",▼,Fellowes Bankers Box Staxonsteel Drawer File/Stacking System,,0.058706468
Out, Profit ,Fellowes Bankers Box Staxonsteel Drawer File/Stacking System,All Others,"1,160",▼,Fellowes Bankers Box Staxonsteel Drawer File/Stacking System,,153.3528
Out, Sales ,Fellowes Bankers Box Staxonsteel Drawer File/Stacking System,All Others,"1,160",▼,Fellowes Bankers Box Staxonsteel Drawer File/Stacking System,,"2,612.196"
Out, Margin ,Fellowes Bankers Box Stor/Drawer Steel Plus,All Others,"1,246",▼,Fellowes Bankers Box Stor/Drawer Steel Plus,,-0.008968610
Out, Profit ,Fellowes Bankers Box Stor/Drawer Steel Plus,All Others,"1,246",▼,Fellowes Bankers Box Stor/Drawer Steel Plus,,-12.792
Out, Sales ,Fellowes Bankers Box Stor/Drawer Steel Plus,All Others,"1,246",▼,Fellowes Bankers Box Stor/Drawer Steel Plus,,"1,426.308"
Out, Margin ,Fellowes Bases and Tops For Staxonsteel/High-Stak Systems,All Others,770,▼,Fellowes Bases and Tops For Staxonsteel/High-Stak Systems,,0.234108527
Out, Profit ,Fellowes Bases and Tops For Staxonsteel/High-Stak Systems,All Others,770,▼,Fellowes Bases and Tops For Staxonsteel/High-Stak Systems,,201.0716
Out, Sales ,Fellowes Bases and Tops For Staxonsteel/High-Stak Systems,All Others,770,▼,Fellowes Bases and Tops For Staxonsteel/High-Stak Systems,,858.882
Out, Margin ,Fellowes Basic Home/Office Series Surge Protectors,All Others,"1,023",▼,Fellowes Basic Home/Office Series Surge Protectors,,0.133630952
Out, Profit ,Fellowes Basic Home/Office Series Surge Protectors,All Others,"1,023",▼,Fellowes Basic Home/Office Series Surge Protectors,,58.2802
Out, Sales ,Fellowes Basic Home/Office Series Surge Protectors,All Others,"1,023",▼,Fellowes Basic Home/Office Series Surge Protectors,,436.128
Out, Margin ,Fellowes Binding Cases,All Others,675,▼,Fellowes Binding Cases,,0.265086207
Out, Profit ,Fellowes Binding Cases,All Others,675,▼,Fellowes Binding Cases,,71.955
Out, Sales ,Fellowes Binding Cases,All Others,675,▼,Fellowes Binding Cases,,271.44
Out, Margin ,Fellowes Black Plastic Comb Bindings,All Others,"1,297",▼,Fellowes Black Plastic Comb Bindings,,-0.043181818
Out, Profit ,Fellowes Black Plastic Comb Bindings,All Others,"1,297",▼,Fellowes Black Plastic Comb Bindings,,-4.4156
Out, Sales ,Fellowes Black Plastic Comb Bindings,All Others,"1,297",▼,Fellowes Black Plastic Comb Bindings,,102.256
Out, Margin ,Fellowes Command Center 5-outlet power strip,All Others,"1,372",▼,Fellowes Command Center 5-outlet power strip,,-0.117346939
Out, Profit ,Fellowes Command Center 5-outlet power strip,All Others,"1,372",▼,Fellowes Command Center 5-outlet power strip,,-78.016
Out, Sales ,Fellowes Command Center 5-outlet power strip,All Others,"1,372",▼,Fellowes Command Center 5-outlet power strip,,664.832
Out, Margin ,Fellowes Desktop Hanging File Manager,All Others,720,▼,Fellowes Desktop Hanging File Manager,,0.25
Out, Profit ,Fellowes Desktop Hanging File Manager,All Others,720,▼,Fellowes Desktop Hanging File Manager,,50.3625
Out, Sales ,Fellowes Desktop Hanging File Manager,All Others,720,▼,Fellowes Desktop Hanging File Manager,,201.45
Out, Margin ,Fellowes Econo/Stor Drawers,All Others,"1,354",▼,Fellowes Econo/Stor Drawers,,-0.096666667
Out, Profit ,Fellowes Econo/Stor Drawers,All Others,"1,354",▼,Fellowes Econo/Stor Drawers,,-56.2194
Out, Sales ,Fellowes Econo/Stor Drawers,All Others,"1,354",▼,Fellowes Econo/Stor Drawers,,581.58
Out, Margin ,Fellowes High-Stak Drawer Files,All Others,"1,086",▼,Fellowes High-Stak Drawer Files,,0.10625
Out, Profit ,Fellowes High-Stak Drawer Files,All Others,"1,086",▼,Fellowes High-Stak Drawer Files,,419.3322
Out, Sales ,Fellowes High-Stak Drawer Files,All Others,"1,086",▼,Fellowes High-Stak Drawer Files,,"3,946.656"
Out, Margin ,Fellowes Mighty 8 Compact Surge Protector,All Others,885,▼,Fellowes Mighty 8 Compact Surge Protector,,0.195294118
Out, Profit ,Fellowes Mighty 8 Compact Surge Protector,All Others,885,▼,Fellowes Mighty 8 Compact Surge Protector,,67.2964
Out, Sales ,Fellowes Mighty 8 Compact Surge Protector,All Others,885,▼,Fellowes Mighty 8 Compact Surge Protector,,344.59
Out, Margin ,"Fellowes Mobile File Cart, Black",All Others,842,▼,"Fellowes Mobile File Cart, Black",,0.210810811
Out, Profit ,"Fellowes Mobile File Cart, Black",All Others,842,▼,"Fellowes Mobile File Cart, Black",,485.004
Out, Sales ,"Fellowes Mobile File Cart, Black",All Others,842,▼,"Fellowes Mobile File Cart, Black",,"2,300.66"
Out, Margin ,Fellowes Neat Ideas Storage Cubes,All Others,"1,285",▼,Fellowes Neat Ideas Storage Cubes,,-0.037837838
Out, Profit ,Fellowes Neat Ideas Storage Cubes,All Others,"1,285",▼,Fellowes Neat Ideas Storage Cubes,,-18.1888
Out, Sales ,Fellowes Neat Ideas Storage Cubes,All Others,"1,285",▼,Fellowes Neat Ideas Storage Cubes,,480.704
Out, Margin ,Fellowes Officeware Wire Shelving,All Others,"1,326",▼,Fellowes Officeware Wire Shelving,,-0.073705179
Out, Profit ,Fellowes Officeware Wire Shelving,All Others,"1,326",▼,Fellowes Officeware Wire Shelving,,-332.371
Out, Sales ,Fellowes Officeware Wire Shelving,All Others,"1,326",▼,Fellowes Officeware Wire Shelving,,"4,509.466"
Out, Margin ,Fellowes PB200 Plastic Comb Binding Machine,All Others,950,▼,Fellowes PB200 Plastic Comb Binding Machine,,0.165853659
Out, Profit ,Fellowes PB200 Plastic Comb Binding Machine,All Others,950,▼,Fellowes PB200 Plastic Comb Binding Machine,,693.5592
Out, Sales ,Fellowes PB200 Plastic Comb Binding Machine,All Others,950,▼,Fellowes PB200 Plastic Comb Binding Machine,,"4,181.754"
Out, Margin ,Fellowes PB300 Plastic Comb Binding Machine,All Others,563,▼,Fellowes PB300 Plastic Comb Binding Machine,,0.312019231
Out, Profit ,Fellowes PB300 Plastic Comb Binding Machine,All Others,563,▼,Fellowes PB300 Plastic Comb Binding Machine,,"2,518.0551"
Out, Sales ,Fellowes PB300 Plastic Comb Binding Machine,All Others,563,▼,Fellowes PB300 Plastic Comb Binding Machine,,"8,070.192"
Out, Margin ,Fellowes PB500 Electric Punch Plastic Comb Binding Machine with Manual Bind,All Others,620,▼,Fellowes PB500 Electric Punch Plastic Comb Binding Machine with Manual Bind,,0.282407407
Out, Profit ,Fellowes PB500 Electric Punch Plastic Comb Binding Machine with Manual Bind,All Others,620,▼,Fellowes PB500 Electric Punch Plastic Comb Binding Machine with Manual Bind,,"7,753.039"
Out, Sales ,Fellowes PB500 Electric Punch Plastic Comb Binding Machine with Manual Bind,All Others,620,▼,Fellowes PB500 Electric Punch Plastic Comb Binding Machine with Manual Bind,,"27,453.384"
Out, Margin ,"Fellowes Personal Hanging Folder Files, Navy",All Others,906,▼,"Fellowes Personal Hanging Folder Files, Navy",,0.184905660
Out, Profit ,"Fellowes Personal Hanging Folder Files, Navy",All Others,906,▼,"Fellowes Personal Hanging Folder Files, Navy",,52.6456
Out, Sales ,"Fellowes Personal Hanging Folder Files, Navy",All Others,906,▼,"Fellowes Personal Hanging Folder Files, Navy",,284.716
Out, Margin ,Fellowes Powershred HS-440 4-Sheet High Security Shredder,All Others,240,▼,Fellowes Powershred HS-440 4-Sheet High Security Shredder,,0.429878049
Out, Profit ,Fellowes Powershred HS-440 4-Sheet High Security Shredder,All Others,240,▼,Fellowes Powershred HS-440 4-Sheet High Security Shredder,,"1,092.6795"
Out, Sales ,Fellowes Powershred HS-440 4-Sheet High Security Shredder,All Others,240,▼,Fellowes Powershred HS-440 4-Sheet High Security Shredder,,"2,541.836"
Out, Margin ,"Fellowes Premier Superior Surge Suppressor, 10-Outlet, With Phone and Remote",All Others,911,▼,"Fellowes Premier Superior Surge Suppressor, 10-Outlet, With Phone and Remote",,0.182105263
Out, Profit ,"Fellowes Premier Superior Surge Suppressor, 10-Outlet, With Phone and Remote",All Others,911,▼,"Fellowes Premier Superior Surge Suppressor, 10-Outlet, With Phone and Remote",,169.2632
Out, Sales ,"Fellowes Premier Superior Surge Suppressor, 10-Outlet, With Phone and Remote",All Others,911,▼,"Fellowes Premier Superior Surge Suppressor, 10-Outlet, With Phone and Remote",,929.48
Out, Margin ,Fellowes Presentation Covers for Comb Binding Machines,All Others,963,▼,Fellowes Presentation Covers for Comb Binding Machines,,0.163043478
Out, Profit ,Fellowes Presentation Covers for Comb Binding Machines,All Others,963,▼,Fellowes Presentation Covers for Comb Binding Machines,,21.825
Out, Sales ,Fellowes Presentation Covers for Comb Binding Machines,All Others,963,▼,Fellowes Presentation Covers for Comb Binding Machines,,133.86
Out, Margin ,Fellowes Recycled Storage Drawers,All Others,"1,193",▼,Fellowes Recycled Storage Drawers,,0.037931034
Out, Profit ,Fellowes Recycled Storage Drawers,All Others,"1,193",▼,Fellowes Recycled Storage Drawers,,48.853200000
Out, Sales ,Fellowes Recycled Storage Drawers,All Others,"1,193",▼,Fellowes Recycled Storage Drawers,,"1,287.948"
Out, Margin ,"Fellowes Smart Surge Ten-Outlet Protector, Platinum",All Others,635,▼,"Fellowes Smart Surge Ten-Outlet Protector, Platinum",,0.28
Out, Profit ,"Fellowes Smart Surge Ten-Outlet Protector, Platinum",All Others,635,▼,"Fellowes Smart Surge Ten-Outlet Protector, Platinum",,50.5848
Out, Sales ,"Fellowes Smart Surge Ten-Outlet Protector, Platinum",All Others,635,▼,"Fellowes Smart Surge Ten-Outlet Protector, Platinum",,180.66
Out, Margin ,Fellowes Staxonsteel Drawer Files,All Others,"1,087",▼,Fellowes Staxonsteel Drawer Files,,0.1056
Out, Profit ,Fellowes Staxonsteel Drawer Files,All Others,"1,087",▼,Fellowes Staxonsteel Drawer Files,,509.9688
Out, Sales ,Fellowes Staxonsteel Drawer Files,All Others,"1,087",▼,Fellowes Staxonsteel Drawer Files,,"4,829.25"
Out, Margin ,Fellowes Stor/Drawer Steel Plus Storage Drawers,All Others,"1,212",▼,Fellowes Stor/Drawer Steel Plus Storage Drawers,,0.023033708
Out, Profit ,Fellowes Stor/Drawer Steel Plus Storage Drawers,All Others,"1,212",▼,Fellowes Stor/Drawer Steel Plus Storage Drawers,,78.252600000
Out, Sales ,Fellowes Stor/Drawer Steel Plus Storage Drawers,All Others,"1,212",▼,Fellowes Stor/Drawer Steel Plus Storage Drawers,,"3,397.308"
Out, Margin ,"Fellowes Strictly Business Drawer File, Letter/Legal Size",All Others,"1,116",▼,"Fellowes Strictly Business Drawer File, Letter/Legal Size",,0.086792453
Out, Profit ,"Fellowes Strictly Business Drawer File, Letter/Legal Size",All Others,"1,116",▼,"Fellowes Strictly Business Drawer File, Letter/Legal Size",,388.746
Out, Sales ,"Fellowes Strictly Business Drawer File, Letter/Legal Size",All Others,"1,116",▼,"Fellowes Strictly Business Drawer File, Letter/Legal Size",,"4,479.03"
Out, Margin ,Fellowes Super Stor/Drawer,All Others,"1,011",▼,Fellowes Super Stor/Drawer,,0.141860465
Out, Profit ,Fellowes Super Stor/Drawer,All Others,"1,011",▼,Fellowes Super Stor/Drawer,,67.71
Out, Sales ,Fellowes Super Stor/Drawer,All Others,"1,011",▼,Fellowes Super Stor/Drawer,,477.3
Out, Margin ,Fellowes Super Stor/Drawer Files,All Others,"1,054",▼,Fellowes Super Stor/Drawer Files,,0.118145161
Out, Profit ,Fellowes Super Stor/Drawer Files,All Others,"1,054",▼,Fellowes Super Stor/Drawer Files,,473.3415
Out, Sales ,Fellowes Super Stor/Drawer Files,All Others,"1,054",▼,Fellowes Super Stor/Drawer Files,,"4,006.44"
Out, Margin ,Fellowes Superior 10 Outlet Split Surge Protector,All Others,"1,144",▼,Fellowes Superior 10 Outlet Split Surge Protector,,0.065789474
Out, Profit ,Fellowes Superior 10 Outlet Split Surge Protector,All Others,"1,144",▼,Fellowes Superior 10 Outlet Split Surge Protector,,57.090000000
Out, Sales ,Fellowes Superior 10 Outlet Split Surge Protector,All Others,"1,144",▼,Fellowes Superior 10 Outlet Split Surge Protector,,867.768
Out, Margin ,"Fellowes Twister Kit, Gray/Clear, 3/pkg",All Others,"1,261",▼,"Fellowes Twister Kit, Gray/Clear, 3/pkg",,-0.017621145
Out, Profit ,"Fellowes Twister Kit, Gray/Clear, 3/pkg",All Others,"1,261",▼,"Fellowes Twister Kit, Gray/Clear, 3/pkg",,-3.216000000
Out, Sales ,"Fellowes Twister Kit, Gray/Clear, 3/pkg",All Others,"1,261",▼,"Fellowes Twister Kit, Gray/Clear, 3/pkg",,182.508
Out, Margin ,File Shuttle I and Handi-File,All Others,882,▼,File Shuttle I and Handi-File,,0.195762712
Out, Profit ,File Shuttle I and Handi-File,All Others,882,▼,File Shuttle I and Handi-File,,51.4206
Out, Sales ,File Shuttle I and Handi-File,All Others,882,▼,File Shuttle I and Handi-File,,262.668
Out, Margin ,"File Shuttle II and Handi-File, Black",All Others,778,▼,"File Shuttle II and Handi-File, Black",,0.231927711
Out, Profit ,"File Shuttle II and Handi-File, Black",All Others,778,▼,"File Shuttle II and Handi-File, Black",,260.953
Out, Sales ,"File Shuttle II and Handi-File, Black",All Others,778,▼,"File Shuttle II and Handi-File, Black",,"1,125.148"
Out, Margin ,"Fiskars 8"" Scissors, 2/Pack",All Others,840,▼,"Fiskars 8"" Scissors, 2/Pack",,0.211111111
Out, Profit ,"Fiskars 8"" Scissors, 2/Pack",All Others,840,▼,"Fiskars 8"" Scissors, 2/Pack",,45.8584
Out, Sales ,"Fiskars 8"" Scissors, 2/Pack",All Others,840,▼,"Fiskars 8"" Scissors, 2/Pack",,217.224
Out, Margin ,Fiskars Home & Office Scissors,All Others,630,▼,Fiskars Home & Office Scissors,,0.28
Out, Profit ,Fiskars Home & Office Scissors,All Others,630,▼,Fiskars Home & Office Scissors,,27.3504
Out, Sales ,Fiskars Home & Office Scissors,All Others,630,▼,Fiskars Home & Office Scissors,,97.68
Out, Margin ,Fiskars Softgrip Scissors,All Others,636,▼,Fiskars Softgrip Scissors,,0.28
Out, Profit ,Fiskars Softgrip Scissors,All Others,636,▼,Fiskars Softgrip Scissors,,86.0832
Out, Sales ,Fiskars Softgrip Scissors,All Others,636,▼,Fiskars Softgrip Scissors,,307.44
Out, Margin ,Fiskars Spring-Action Scissors,All Others,924,▼,Fiskars Spring-Action Scissors,,0.177777778
Out, Profit ,Fiskars Spring-Action Scissors,All Others,924,▼,Fiskars Spring-Action Scissors,,13.4208
Out, Sales ,Fiskars Spring-Action Scissors,All Others,924,▼,Fiskars Spring-Action Scissors,,75.492
Out, Margin ,Flat Face Poster Frame,All Others,919,▼,Flat Face Poster Frame,,0.178333333
Out, Profit ,Flat Face Poster Frame,All Others,919,▼,Flat Face Poster Frame,,120.9528
Out, Sales ,Flat Face Poster Frame,All Others,919,▼,Flat Face Poster Frame,,678.24
Out, Margin ,Flexible Leather- Look Classic Collection Ring Binder,All Others,"1,024",▼,Flexible Leather- Look Classic Collection Ring Binder,,0.133333333
Out, Profit ,Flexible Leather- Look Classic Collection Ring Binder,All Others,"1,024",▼,Flexible Leather- Look Classic Collection Ring Binder,,18.94
Out, Sales ,Flexible Leather- Look Classic Collection Ring Binder,All Others,"1,024",▼,Flexible Leather- Look Classic Collection Ring Binder,,142.05
Out, Margin ,"Floodlight Indoor Halogen Bulbs, 1 Bulb per Pack, 60 Watts",All Others,136,▼,"Floodlight Indoor Halogen Bulbs, 1 Bulb per Pack, 60 Watts",,0.453571429
Out, Profit ,"Floodlight Indoor Halogen Bulbs, 1 Bulb per Pack, 60 Watts",All Others,136,▼,"Floodlight Indoor Halogen Bulbs, 1 Bulb per Pack, 60 Watts",,197.104
Out, Sales ,"Floodlight Indoor Halogen Bulbs, 1 Bulb per Pack, 60 Watts",All Others,136,▼,"Floodlight Indoor Halogen Bulbs, 1 Bulb per Pack, 60 Watts",,434.56
Out, Margin ,Fluorescent Highlighters by Dixon,All Others,733,▼,Fluorescent Highlighters by Dixon,,0.247368421
Out, Profit ,Fluorescent Highlighters by Dixon,All Others,733,▼,Fluorescent Highlighters by Dixon,,22.4472
Out, Sales ,Fluorescent Highlighters by Dixon,All Others,733,▼,Fluorescent Highlighters by Dixon,,90.744
Out, Margin ,G.E. Halogen Desk Lamp Bulbs,All Others,454,▼,G.E. Halogen Desk Lamp Bulbs,,0.364444444
Out, Profit ,G.E. Halogen Desk Lamp Bulbs,All Others,454,▼,G.E. Halogen Desk Lamp Bulbs,,22.8944
Out, Sales ,G.E. Halogen Desk Lamp Bulbs,All Others,454,▼,G.E. Halogen Desk Lamp Bulbs,,62.82
Out, Margin ,G.E. Longer-Life Indoor Recessed Floodlight Bulbs,All Others,548,▼,G.E. Longer-Life Indoor Recessed Floodlight Bulbs,,0.318032787
Out, Profit ,G.E. Longer-Life Indoor Recessed Floodlight Bulbs,All Others,548,▼,G.E. Longer-Life Indoor Recessed Floodlight Bulbs,,25.7632
Out, Sales ,G.E. Longer-Life Indoor Recessed Floodlight Bulbs,All Others,548,▼,G.E. Longer-Life Indoor Recessed Floodlight Bulbs,,81.008
Out, Margin ,GBC Binding covers,All Others,245,▼,GBC Binding covers,,0.429245283
Out, Profit ,GBC Binding covers,All Others,245,▼,GBC Binding covers,,58.9225
Out, Sales ,GBC Binding covers,All Others,245,▼,GBC Binding covers,,137.27
Out, Margin ,"GBC Clear Cover, 8-1/2 x 11, unpunched, 25 covers per pack",All Others,"1,102",▼,"GBC Clear Cover, 8-1/2 x 11, unpunched, 25 covers per pack",,0.100000000
Out, Profit ,"GBC Clear Cover, 8-1/2 x 11, unpunched, 25 covers per pack",All Others,"1,102",▼,"GBC Clear Cover, 8-1/2 x 11, unpunched, 25 covers per pack",,13.644
Out, Sales ,"GBC Clear Cover, 8-1/2 x 11, unpunched, 25 covers per pack",All Others,"1,102",▼,"GBC Clear Cover, 8-1/2 x 11, unpunched, 25 covers per pack",,136.44
Out, Margin ,GBC DocuBind 200 Manual Binding Machine,All Others,721,▼,GBC DocuBind 200 Manual Binding Machine,,0.25
Out, Profit ,GBC DocuBind 200 Manual Binding Machine,All Others,721,▼,GBC DocuBind 200 Manual Binding Machine,,"1,052.45"
Out, Sales ,GBC DocuBind 200 Manual Binding Machine,All Others,721,▼,GBC DocuBind 200 Manual Binding Machine,,"4,209.8"
Out, Margin ,GBC DocuBind 300 Electric Binding Machine,All Others,"1,135",▼,GBC DocuBind 300 Electric Binding Machine,,0.072868217
Out, Profit ,GBC DocuBind 300 Electric Binding Machine,All Others,"1,135",▼,GBC DocuBind 300 Electric Binding Machine,,494.4212
Out, Sales ,GBC DocuBind 300 Electric Binding Machine,All Others,"1,135",▼,GBC DocuBind 300 Electric Binding Machine,,"6,785.142"
Out, Margin ,GBC DocuBind P50 Personal Binding Machine,All Others,717,▼,GBC DocuBind P50 Personal Binding Machine,,0.251412429
Out, Profit ,GBC DocuBind P50 Personal Binding Machine,All Others,717,▼,GBC DocuBind P50 Personal Binding Machine,,569.422
Out, Sales ,GBC DocuBind P50 Personal Binding Machine,All Others,717,▼,GBC DocuBind P50 Personal Binding Machine,,"2,264.892"
Out, Margin ,GBC DocuBind P100 Manual Binding Machine,All Others,951,▼,GBC DocuBind P100 Manual Binding Machine,,0.165730337
Out, Profit ,GBC DocuBind P100 Manual Binding Machine,All Others,951,▼,GBC DocuBind P100 Manual Binding Machine,,489.641
Out, Sales ,GBC DocuBind P100 Manual Binding Machine,All Others,951,▼,GBC DocuBind P100 Manual Binding Machine,,"2,954.444"
Out, Margin ,GBC DocuBind P400 Electric Binding System,All Others,"1,362",▼,GBC DocuBind P400 Electric Binding System,,-0.104545455
Out, Profit ,GBC DocuBind P400 Electric Binding System,All Others,"1,362",▼,GBC DocuBind P400 Electric Binding System,,"-1,878.1662"
Out, Sales ,GBC DocuBind P400 Electric Binding System,All Others,"1,362",▼,GBC DocuBind P400 Electric Binding System,,"17,965.068"
Out, Margin ,GBC DocuBind TL200 Manual Binding Machine,All Others,442,▼,GBC DocuBind TL200 Manual Binding Machine,,0.368393782
Out, Profit ,GBC DocuBind TL200 Manual Binding Machine,All Others,442,▼,GBC DocuBind TL200 Manual Binding Machine,,"1,592.4978"
Out, Sales ,GBC DocuBind TL200 Manual Binding Machine,All Others,442,▼,GBC DocuBind TL200 Manual Binding Machine,,"4,322.814"
Out, Margin ,GBC DocuBind TL300 Electric Binding System,All Others,"1,067",▼,GBC DocuBind TL300 Electric Binding System,,0.112669683
Out, Profit ,GBC DocuBind TL300 Electric Binding System,All Others,"1,067",▼,GBC DocuBind TL300 Electric Binding System,,"2,233.5051"
Out, Sales ,GBC DocuBind TL300 Electric Binding System,All Others,"1,067",▼,GBC DocuBind TL300 Electric Binding System,,"19,823.479"
Out, Margin ,GBC Durable Plastic Covers,All Others,"1,191",▼,GBC Durable Plastic Covers,,0.038743455
Out, Profit ,GBC Durable Plastic Covers,All Others,"1,191",▼,GBC Durable Plastic Covers,,14.319
Out, Sales ,GBC Durable Plastic Covers,All Others,"1,191",▼,GBC Durable Plastic Covers,,369.585
Out, Margin ,GBC Ibimaster 500 Manual ProClick Binding System,All Others,"1,188",▼,GBC Ibimaster 500 Manual ProClick Binding System,,0.04
Out, Profit ,GBC Ibimaster 500 Manual ProClick Binding System,All Others,"1,188",▼,GBC Ibimaster 500 Manual ProClick Binding System,,760.98
Out, Sales ,GBC Ibimaster 500 Manual ProClick Binding System,All Others,"1,188",▼,GBC Ibimaster 500 Manual ProClick Binding System,,"19,024.5"
Out, Margin ,GBC Imprintable Covers,All Others,953,▼,GBC Imprintable Covers,,0.165454545
Out, Profit ,GBC Imprintable Covers,All Others,953,▼,GBC Imprintable Covers,,39.9672
Out, Sales ,GBC Imprintable Covers,All Others,953,▼,GBC Imprintable Covers,,241.56
Out, Margin ,GBC Instant Index System for Binding Systems,All Others,"1,412",▼,GBC Instant Index System for Binding Systems,,-0.172839506
Out, Profit ,GBC Instant Index System for Binding Systems,All Others,"1,412",▼,GBC Instant Index System for Binding Systems,,-12.432
Out, Sales ,GBC Instant Index System for Binding Systems,All Others,"1,412",▼,GBC Instant Index System for Binding Systems,,71.928
Out, Margin ,GBC Instant Report Kit,All Others,"1,217",▼,GBC Instant Report Kit,,0.019607843
Out, Profit ,GBC Instant Report Kit,All Others,"1,217",▼,GBC Instant Report Kit,,3.235000000
Out, Sales ,GBC Instant Report Kit,All Others,"1,217",▼,GBC Instant Report Kit,,164.985
Out, Margin ,"GBC Laser Imprintable Binding System Covers, Desert Sand",All Others,"1,043",▼,"GBC Laser Imprintable Binding System Covers, Desert Sand",,0.125242718
Out, Profit ,"GBC Laser Imprintable Binding System Covers, Desert Sand",All Others,"1,043",▼,"GBC Laser Imprintable Binding System Covers, Desert Sand",,18.4083
Out, Sales ,"GBC Laser Imprintable Binding System Covers, Desert Sand",All Others,"1,043",▼,"GBC Laser Imprintable Binding System Covers, Desert Sand",,146.981
Out, Margin ,GBC Linen Binding Covers,All Others,"1,469",▼,GBC Linen Binding Covers,,-0.397014925
Out, Profit ,GBC Linen Binding Covers,All Others,"1,469",▼,GBC Linen Binding Covers,,-82.4068
Out, Sales ,GBC Linen Binding Covers,All Others,"1,469",▼,GBC Linen Binding Covers,,207.566
Out, Margin ,GBC Personal VeloBind Strips,All Others,"1,322",▼,GBC Personal VeloBind Strips,,-0.071755725
Out, Profit ,GBC Personal VeloBind Strips,All Others,"1,322",▼,GBC Personal VeloBind Strips,,-11.2612
Out, Sales ,GBC Personal VeloBind Strips,All Others,"1,322",▼,GBC Personal VeloBind Strips,,156.938
Out, Margin ,GBC Plastic Binding Combs,All Others,500,▼,GBC Plastic Binding Combs,,0.346153846
Out, Profit ,GBC Plastic Binding Combs,All Others,500,▼,GBC Plastic Binding Combs,,59.778
Out, Sales ,GBC Plastic Binding Combs,All Others,500,▼,GBC Plastic Binding Combs,,172.692
Out, Margin ,GBC Plasticlear Binding Covers,All Others,"1,496",▼,GBC Plasticlear Binding Covers,,-0.993333333
Out, Profit ,GBC Plasticlear Binding Covers,All Others,"1,496",▼,GBC Plasticlear Binding Covers,,-68.4208
Out, Sales ,GBC Plasticlear Binding Covers,All Others,"1,496",▼,GBC Plasticlear Binding Covers,,68.88
Out, Margin ,GBC Poly Designer Binding Covers,All Others,359,▼,GBC Poly Designer Binding Covers,,0.4
Out, Profit ,GBC Poly Designer Binding Covers,All Others,359,▼,GBC Poly Designer Binding Covers,,102.4488
Out, Sales ,GBC Poly Designer Binding Covers,All Others,359,▼,GBC Poly Designer Binding Covers,,256.122
Out, Margin ,"GBC Pre-Punched Binding Paper, Plastic, White, 8-1/2"" x 11""",All Others,947,▼,"GBC Pre-Punched Binding Paper, Plastic, White, 8-1/2"" x 11""",,0.169072165
Out, Profit ,"GBC Pre-Punched Binding Paper, Plastic, White, 8-1/2"" x 11""",All Others,947,▼,"GBC Pre-Punched Binding Paper, Plastic, White, 8-1/2"" x 11""",,52.4472
Out, Sales ,"GBC Pre-Punched Binding Paper, Plastic, White, 8-1/2"" x 11""",All Others,947,▼,"GBC Pre-Punched Binding Paper, Plastic, White, 8-1/2"" x 11""",,310.206
Out, Margin ,GBC Premium Transparent Covers with Diagonal Lined Pattern,All Others,"1,151",▼,GBC Premium Transparent Covers with Diagonal Lined Pattern,,0.063440860
Out, Profit ,GBC Premium Transparent Covers with Diagonal Lined Pattern,All Others,"1,151",▼,GBC Premium Transparent Covers with Diagonal Lined Pattern,,49.512800000
Out, Sales ,GBC Premium Transparent Covers with Diagonal Lined Pattern,All Others,"1,151",▼,GBC Premium Transparent Covers with Diagonal Lined Pattern,,780.456
Out, Margin ,"GBC Prepunched Paper, 19-Hole, for Binding Systems, 24-lb",All Others,608,▼,"GBC Prepunched Paper, 19-Hole, for Binding Systems, 24-lb",,0.289965398
Out, Profit ,"GBC Prepunched Paper, 19-Hole, for Binding Systems, 24-lb",All Others,608,▼,"GBC Prepunched Paper, 19-Hole, for Binding Systems, 24-lb",,125.7838
Out, Sales ,"GBC Prepunched Paper, 19-Hole, for Binding Systems, 24-lb",All Others,608,▼,"GBC Prepunched Paper, 19-Hole, for Binding Systems, 24-lb",,433.789
Out, Margin ,GBC Prestige Therm-A-Bind Covers,All Others,510,▼,GBC Prestige Therm-A-Bind Covers,,0.339616613
Out, Profit ,GBC Prestige Therm-A-Bind Covers,All Others,510,▼,GBC Prestige Therm-A-Bind Covers,,364.7153
Out, Sales ,GBC Prestige Therm-A-Bind Covers,All Others,510,▼,GBC Prestige Therm-A-Bind Covers,,"1,073.903"
Out, Margin ,GBC ProClick 150 Presentation Binding System,All Others,"1,397",▼,GBC ProClick 150 Presentation Binding System,,-0.143137255
Out, Profit ,GBC ProClick 150 Presentation Binding System,All Others,"1,397",▼,GBC ProClick 150 Presentation Binding System,,-461.3308
Out, Sales ,GBC ProClick 150 Presentation Binding System,All Others,"1,397",▼,GBC ProClick 150 Presentation Binding System,,"3,222.996"
Out, Margin ,GBC ProClick Punch Binding System,All Others,471,▼,GBC ProClick Punch Binding System,,0.357317073
Out, Profit ,GBC ProClick Punch Binding System,All Others,471,▼,GBC ProClick Punch Binding System,,562.3842
Out, Sales ,GBC ProClick Punch Binding System,All Others,471,▼,GBC ProClick Punch Binding System,,"1,573.908"
Out, Margin ,GBC ProClick Spines for 32-Hole Punch,All Others,"1,430",▼,GBC ProClick Spines for 32-Hole Punch,,-0.2
Out, Profit ,GBC ProClick Spines for 32-Hole Punch,All Others,"1,430",▼,GBC ProClick Spines for 32-Hole Punch,,-13.2818
Out, Sales ,GBC ProClick Spines for 32-Hole Punch,All Others,"1,430",▼,GBC ProClick Spines for 32-Hole Punch,,66.409
Out, Margin ,GBC Recycled Grain Textured Covers,All Others,788,▼,GBC Recycled Grain Textured Covers,,0.229629630
Out, Profit ,GBC Recycled Grain Textured Covers,All Others,788,▼,GBC Recycled Grain Textured Covers,,107.074
Out, Sales ,GBC Recycled Grain Textured Covers,All Others,788,▼,GBC Recycled Grain Textured Covers,,466.29
Out, Margin ,GBC Recycled Regency Composition Covers,All Others,484,▼,GBC Recycled Regency Composition Covers,,0.35
Out, Profit ,GBC Recycled Regency Composition Covers,All Others,484,▼,GBC Recycled Regency Composition Covers,,451.9368
Out, Sales ,GBC Recycled Regency Composition Covers,All Others,484,▼,GBC Recycled Regency Composition Covers,,"1,291.248"
Out, Margin ,GBC Recycled VeloBinder Covers,All Others,858,▼,GBC Recycled VeloBinder Covers,,0.206993007
Out, Profit ,GBC Recycled VeloBinder Covers,All Others,858,▼,GBC Recycled VeloBinder Covers,,100.8768
Out, Sales ,GBC Recycled VeloBinder Covers,All Others,858,▼,GBC Recycled VeloBinder Covers,,487.344
Out, Margin ,GBC Standard Plastic Binding Systems Combs,All Others,"1,302",▼,GBC Standard Plastic Binding Systems Combs,,-0.052380952
Out, Profit ,GBC Standard Plastic Binding Systems Combs,All Others,"1,302",▼,GBC Standard Plastic Binding Systems Combs,,-2.9205
Out, Sales ,GBC Standard Plastic Binding Systems Combs,All Others,"1,302",▼,GBC Standard Plastic Binding Systems Combs,,55.755
Out, Margin ,GBC Standard Plastic Binding Systems' Combs,All Others,"1,176",▼,GBC Standard Plastic Binding Systems' Combs,,0.046242775
Out, Profit ,GBC Standard Plastic Binding Systems' Combs,All Others,"1,176",▼,GBC Standard Plastic Binding Systems' Combs,,5.024000000
Out, Sales ,GBC Standard Plastic Binding Systems' Combs,All Others,"1,176",▼,GBC Standard Plastic Binding Systems' Combs,,108.644
Out, Margin ,"GBC Standard Recycled Report Covers, Clear Plastic Sheets",All Others,"1,363",▼,"GBC Standard Recycled Report Covers, Clear Plastic Sheets",,-0.105
Out, Profit ,"GBC Standard Recycled Report Covers, Clear Plastic Sheets",All Others,"1,363",▼,"GBC Standard Recycled Report Covers, Clear Plastic Sheets",,-27.1656
Out, Sales ,"GBC Standard Recycled Report Covers, Clear Plastic Sheets",All Others,"1,363",▼,"GBC Standard Recycled Report Covers, Clear Plastic Sheets",,258.72
Out, Margin ,GBC Standard Therm-A-Bind Covers,All Others,"1,222",▼,GBC Standard Therm-A-Bind Covers,,0.018181818
Out, Profit ,GBC Standard Therm-A-Bind Covers,All Others,"1,222",▼,GBC Standard Therm-A-Bind Covers,,8.472800000
Out, Sales ,GBC Standard Therm-A-Bind Covers,All Others,"1,222",▼,GBC Standard Therm-A-Bind Covers,,466.004
Out, Margin ,GBC Therma-A-Bind 250T Electric Binding System,All Others,481,▼,GBC Therma-A-Bind 250T Electric Binding System,,0.35
Out, Profit ,GBC Therma-A-Bind 250T Electric Binding System,All Others,481,▼,GBC Therma-A-Bind 250T Electric Binding System,,413.2464
Out, Sales ,GBC Therma-A-Bind 250T Electric Binding System,All Others,481,▼,GBC Therma-A-Bind 250T Electric Binding System,,"1,180.704"
Out, Margin ,GBC Twin Loop Wire Binding Elements,All Others,728,▼,GBC Twin Loop Wire Binding Elements,,0.249201278
Out, Profit ,GBC Twin Loop Wire Binding Elements,All Others,728,▼,GBC Twin Loop Wire Binding Elements,,259.584
Out, Sales ,GBC Twin Loop Wire Binding Elements,All Others,728,▼,GBC Twin Loop Wire Binding Elements,,"1,041.664"
Out, Margin ,"GBC Twin Loop Wire Binding Elements, 9/16"" Spine, Black",All Others,"1,245",▼,"GBC Twin Loop Wire Binding Elements, 9/16"" Spine, Black",,-0.008474576
Out, Profit ,"GBC Twin Loop Wire Binding Elements, 9/16"" Spine, Black",All Others,"1,245",▼,"GBC Twin Loop Wire Binding Elements, 9/16"" Spine, Black",,-2.283000000
Out, Sales ,"GBC Twin Loop Wire Binding Elements, 9/16"" Spine, Black",All Others,"1,245",▼,"GBC Twin Loop Wire Binding Elements, 9/16"" Spine, Black",,269.394
Out, Margin ,GBC VeloBind Cover Sets,All Others,"1,167",▼,GBC VeloBind Cover Sets,,0.054054054
Out, Profit ,GBC VeloBind Cover Sets,All Others,"1,167",▼,GBC VeloBind Cover Sets,,18.528
Out, Sales ,GBC VeloBind Cover Sets,All Others,"1,167",▼,GBC VeloBind Cover Sets,,342.768
Out, Margin ,"GBC Velobind Prepunched Cover Sets, Regency Series",All Others,"1,251",▼,"GBC Velobind Prepunched Cover Sets, Regency Series",,-0.013966480
Out, Profit ,"GBC Velobind Prepunched Cover Sets, Regency Series",All Others,"1,251",▼,"GBC Velobind Prepunched Cover Sets, Regency Series",,-9.245000000
Out, Sales ,"GBC Velobind Prepunched Cover Sets, Regency Series",All Others,"1,251",▼,"GBC Velobind Prepunched Cover Sets, Regency Series",,661.942
Out, Margin ,GBC VeloBinder Electric Binding Machine,All Others,"1,492",▼,GBC VeloBinder Electric Binding Machine,,-0.829268293
Out, Profit ,GBC VeloBinder Electric Binding Machine,All Others,"1,492",▼,GBC VeloBinder Electric Binding Machine,,-411.332
Out, Sales ,GBC VeloBinder Electric Binding Machine,All Others,"1,492",▼,GBC VeloBinder Electric Binding Machine,,496.018
Out, Margin ,GBC VeloBinder Manual Binding System,All Others,521,▼,GBC VeloBinder Manual Binding System,,0.333333333
Out, Profit ,GBC VeloBinder Manual Binding System,All Others,521,▼,GBC VeloBinder Manual Binding System,,280.722
Out, Sales ,GBC VeloBinder Manual Binding System,All Others,521,▼,GBC VeloBinder Manual Binding System,,842.166
Out, Margin ,GBC VeloBinder Strips,All Others,"1,472",▼,GBC VeloBinder Strips,,-0.449275362
Out, Profit ,GBC VeloBinder Strips,All Others,"1,472",▼,GBC VeloBinder Strips,,-23.808
Out, Sales ,GBC VeloBinder Strips,All Others,"1,472",▼,GBC VeloBinder Strips,,52.992
Out, Margin ,"GBC White Gloss Covers, Plain Front",All Others,"1,055",▼,"GBC White Gloss Covers, Plain Front",,0.116666667
Out, Profit ,"GBC White Gloss Covers, Plain Front",All Others,"1,055",▼,"GBC White Gloss Covers, Plain Front",,31.4216
Out, Sales ,"GBC White Gloss Covers, Plain Front",All Others,"1,055",▼,"GBC White Gloss Covers, Plain Front",,269.328
Out, Margin ,GBC Wire Binding Combs,All Others,798,▼,GBC Wire Binding Combs,,0.225842697
Out, Profit ,GBC Wire Binding Combs,All Others,798,▼,GBC Wire Binding Combs,,41.5668
Out, Sales ,GBC Wire Binding Combs,All Others,798,▼,GBC Wire Binding Combs,,184.052
Out, Margin ,GBC Wire Binding Strips,All Others,"1,342",▼,GBC Wire Binding Strips,,-0.086567164
Out, Profit ,GBC Wire Binding Strips,All Others,"1,342",▼,GBC Wire Binding Strips,,-18.4092
Out, Sales ,GBC Wire Binding Strips,All Others,"1,342",▼,GBC Wire Binding Strips,,212.658
Out, Margin ,"GE 4 Foot Flourescent Tube, 40 Watt",All Others,255,▼,"GE 4 Foot Flourescent Tube, 40 Watt",,0.427272727
Out, Profit ,"GE 4 Foot Flourescent Tube, 40 Watt",All Others,255,▼,"GE 4 Foot Flourescent Tube, 40 Watt",,42.2436
Out, Sales ,"GE 4 Foot Flourescent Tube, 40 Watt",All Others,255,▼,"GE 4 Foot Flourescent Tube, 40 Watt",,98.868
Out, Margin ,"GE 48"" Fluorescent Tube, Cool White Energy Saver, 34 Watts, 30/Box",All Others,84,▼,"GE 48"" Fluorescent Tube, Cool White Energy Saver, 34 Watts, 30/Box",,0.466911765
Out, Profit ,"GE 48"" Fluorescent Tube, Cool White Energy Saver, 34 Watts, 30/Box",All Others,84,▼,"GE 48"" Fluorescent Tube, Cool White Energy Saver, 34 Watts, 30/Box",,"1,260.221"
Out, Sales ,"GE 48"" Fluorescent Tube, Cool White Energy Saver, 34 Watts, 30/Box",All Others,84,▼,"GE 48"" Fluorescent Tube, Cool White Energy Saver, 34 Watts, 30/Box",,"2,699.056"
Out, Margin ,"GE General Purpose, Extra Long Life, Showcase & Floodlight Incandescent Bulbs",All Others,546,▼,"GE General Purpose, Extra Long Life, Showcase & Floodlight Incandescent Bulbs",,0.320512821
Out, Profit ,"GE General Purpose, Extra Long Life, Showcase & Floodlight Incandescent Bulbs",All Others,546,▼,"GE General Purpose, Extra Long Life, Showcase & Floodlight Incandescent Bulbs",,14.55
Out, Sales ,"GE General Purpose, Extra Long Life, Showcase & Floodlight Incandescent Bulbs",All Others,546,▼,"GE General Purpose, Extra Long Life, Showcase & Floodlight Incandescent Bulbs",,45.396
Out, Margin ,"GE General Use Halogen Bulbs, 100 Watts, 1 Bulb per Pack",All Others,"1,218",▼,"GE General Use Halogen Bulbs, 100 Watts, 1 Bulb per Pack",,0.019230769
Out, Profit ,"GE General Use Halogen Bulbs, 100 Watts, 1 Bulb per Pack",All Others,"1,218",▼,"GE General Use Halogen Bulbs, 100 Watts, 1 Bulb per Pack",,3.141000000
Out, Sales ,"GE General Use Halogen Bulbs, 100 Watts, 1 Bulb per Pack",All Others,"1,218",▼,"GE General Use Halogen Bulbs, 100 Watts, 1 Bulb per Pack",,163.332
Out, Margin ,"Geographics Note Cards, Blank, White, 8 1/2"" x 11""",All Others,394,▼,"Geographics Note Cards, Blank, White, 8 1/2"" x 11""",,0.388235294
Out, Profit ,"Geographics Note Cards, Blank, White, 8 1/2"" x 11""",All Others,394,▼,"Geographics Note Cards, Blank, White, 8 1/2"" x 11""",,29.5416
Out, Sales ,"Geographics Note Cards, Blank, White, 8 1/2"" x 11""",All Others,394,▼,"Geographics Note Cards, Blank, White, 8 1/2"" x 11""",,76.092
Out, Margin ,"Global Adaptabilites Bookcase, Cherry/Storm Gray Finish",All Others,"1,159",▼,"Global Adaptabilites Bookcase, Cherry/Storm Gray Finish",,0.060000000
Out, Profit ,"Global Adaptabilites Bookcase, Cherry/Storm Gray Finish",All Others,"1,159",▼,"Global Adaptabilites Bookcase, Cherry/Storm Gray Finish",,206.8704
Out, Sales ,"Global Adaptabilites Bookcase, Cherry/Storm Gray Finish",All Others,"1,159",▼,"Global Adaptabilites Bookcase, Cherry/Storm Gray Finish",,"3,447.84"
Out, Margin ,Global Adaptabilities Conference Tables,All Others,"1,099",▼,Global Adaptabilities Conference Tables,,0.1
Out, Profit ,Global Adaptabilities Conference Tables,All Others,"1,099",▼,Global Adaptabilities Conference Tables,,354.0348
Out, Sales ,Global Adaptabilities Conference Tables,All Others,"1,099",▼,Global Adaptabilities Conference Tables,,"3,540.348"
Out, Margin ,"Global Airflow Leather Mesh Back Chair, Black",All Others,"1,000",▼,"Global Airflow Leather Mesh Back Chair, Black",,0.145038168
Out, Profit ,"Global Airflow Leather Mesh Back Chair, Black",All Others,"1,000",▼,"Global Airflow Leather Mesh Back Chair, Black",,573.724
Out, Sales ,"Global Airflow Leather Mesh Back Chair, Black",All Others,"1,000",▼,"Global Airflow Leather Mesh Back Chair, Black",,"3,955.676"
Out, Margin ,"Global Armless Task Chair, Royal Blue",All Others,"1,253",▼,"Global Armless Task Chair, Royal Blue",,-0.014847162
Out, Profit ,"Global Armless Task Chair, Royal Blue",All Others,"1,253",▼,"Global Armless Task Chair, Royal Blue",,-20.7332
Out, Sales ,"Global Armless Task Chair, Royal Blue",All Others,"1,253",▼,"Global Armless Task Chair, Royal Blue",,"1,396.442"
Out, Margin ,Global Chrome Stack Chair,All Others,"1,220",▼,Global Chrome Stack Chair,,0.018487395
Out, Profit ,Global Chrome Stack Chair,All Others,"1,220",▼,Global Chrome Stack Chair,,15.0832
Out, Sales ,Global Chrome Stack Chair,All Others,"1,220",▼,Global Chrome Stack Chair,,815.864
Out, Margin ,Global Comet Stacking Arm Chair,All Others,"1,064",▼,Global Comet Stacking Arm Chair,,0.114583333
Out, Profit ,Global Comet Stacking Arm Chair,All Others,"1,064",▼,Global Comet Stacking Arm Chair,,697.1415
Out, Sales ,Global Comet Stacking Arm Chair,All Others,"1,064",▼,Global Comet Stacking Arm Chair,,"6,084.144"
Out, Margin ,Global Comet Stacking Armless Chair,All Others,999,▼,Global Comet Stacking Armless Chair,,0.145762712
Out, Profit ,Global Comet Stacking Armless Chair,All Others,999,▼,Global Comet Stacking Armless Chair,,514.366
Out, Sales ,Global Comet Stacking Armless Chair,All Others,999,▼,Global Comet Stacking Armless Chair,,"3,528.79"
Out, Margin ,Global Commerce Series High-Back Swivel/Tilt Chairs,All Others,"1,062",▼,Global Commerce Series High-Back Swivel/Tilt Chairs,,0.116071429
Out, Profit ,Global Commerce Series High-Back Swivel/Tilt Chairs,All Others,"1,062",▼,Global Commerce Series High-Back Swivel/Tilt Chairs,,926.185
Out, Sales ,Global Commerce Series High-Back Swivel/Tilt Chairs,All Others,"1,062",▼,Global Commerce Series High-Back Swivel/Tilt Chairs,,"7,979.44"
Out, Margin ,Global Commerce Series Low-Back Swivel/Tilt Chairs,All Others,"1,225",▼,Global Commerce Series Low-Back Swivel/Tilt Chairs,,0.009302326
Out, Profit ,Global Commerce Series Low-Back Swivel/Tilt Chairs,All Others,"1,225",▼,Global Commerce Series Low-Back Swivel/Tilt Chairs,,41.116800000
Out, Sales ,Global Commerce Series Low-Back Swivel/Tilt Chairs,All Others,"1,225",▼,Global Commerce Series Low-Back Swivel/Tilt Chairs,,"4,420.056"
Out, Margin ,Global Deluxe High-Back Manager's Chair,All Others,916,▼,Global Deluxe High-Back Manager's Chair,,0.179867987
Out, Profit ,Global Deluxe High-Back Manager's Chair,All Others,916,▼,Global Deluxe High-Back Manager's Chair,,"1,558.591"
Out, Sales ,Global Deluxe High-Back Manager's Chair,All Others,916,▼,Global Deluxe High-Back Manager's Chair,,"8,665.194"
Out, Margin ,Global Deluxe High-Back Office Chair in Storm,All Others,"1,391",▼,Global Deluxe High-Back Office Chair in Storm,,-0.1375
Out, Profit ,Global Deluxe High-Back Office Chair in Storm,All Others,"1,391",▼,Global Deluxe High-Back Office Chair in Storm,,-149.589
Out, Sales ,Global Deluxe High-Back Office Chair in Storm,All Others,"1,391",▼,Global Deluxe High-Back Office Chair in Storm,,"1,087.92"
Out, Margin ,Global Deluxe Office Fabric Chairs,All Others,966,▼,Global Deluxe Office Fabric Chairs,,0.161486486
Out, Profit ,Global Deluxe Office Fabric Chairs,All Others,966,▼,Global Deluxe Office Fabric Chairs,,229.3922
Out, Sales ,Global Deluxe Office Fabric Chairs,All Others,966,▼,Global Deluxe Office Fabric Chairs,,"1,420.504"
Out, Margin ,"Global Deluxe Stacking Chair, Gray",All Others,"1,096",▼,"Global Deluxe Stacking Chair, Gray",,0.100666667
Out, Profit ,"Global Deluxe Stacking Chair, Gray",All Others,"1,096",▼,"Global Deluxe Stacking Chair, Gray",,76.9798
Out, Sales ,"Global Deluxe Stacking Chair, Gray",All Others,"1,096",▼,"Global Deluxe Stacking Chair, Gray",,764.7
Out, Margin ,Global Deluxe Steno Chair,All Others,"1,375",▼,Global Deluxe Steno Chair,,-0.122173913
Out, Profit ,Global Deluxe Steno Chair,All Others,"1,375",▼,Global Deluxe Steno Chair,,-216.3138
Out, Sales ,Global Deluxe Steno Chair,All Others,"1,375",▼,Global Deluxe Steno Chair,,"1,770.54"
Out, Margin ,Global Enterprise Series Seating High-Back Swivel/Tilt Chairs,All Others,"1,440",▼,Global Enterprise Series Seating High-Back Swivel/Tilt Chairs,,-0.226666667
Out, Profit ,Global Enterprise Series Seating High-Back Swivel/Tilt Chairs,All Others,"1,440",▼,Global Enterprise Series Seating High-Back Swivel/Tilt Chairs,,-460.666
Out, Sales ,Global Enterprise Series Seating High-Back Swivel/Tilt Chairs,All Others,"1,440",▼,Global Enterprise Series Seating High-Back Swivel/Tilt Chairs,,"2,032.35"
Out, Margin ,Global Enterprise Series Seating Low-Back Swivel/Tilt Chairs,All Others,"1,044",▼,Global Enterprise Series Seating Low-Back Swivel/Tilt Chairs,,0.125
Out, Profit ,Global Enterprise Series Seating Low-Back Swivel/Tilt Chairs,All Others,"1,044",▼,Global Enterprise Series Seating Low-Back Swivel/Tilt Chairs,,25.898
Out, Sales ,Global Enterprise Series Seating Low-Back Swivel/Tilt Chairs,All Others,"1,044",▼,Global Enterprise Series Seating Low-Back Swivel/Tilt Chairs,,207.184
Out, Margin ,Global Ergonomic Managers Chair,All Others,"1,032",▼,Global Ergonomic Managers Chair,,0.130722892
Out, Profit ,Global Ergonomic Managers Chair,All Others,"1,032",▼,Global Ergonomic Managers Chair,,785.4532
Out, Sales ,Global Ergonomic Managers Chair,All Others,"1,032",▼,Global Ergonomic Managers Chair,,"6,008.536"
Out, Margin ,Global Executive Mid-Back Manager's Chair,All Others,965,▼,Global Executive Mid-Back Manager's Chair,,0.162264151
Out, Profit ,Global Executive Mid-Back Manager's Chair,All Others,965,▼,Global Executive Mid-Back Manager's Chair,,750.7284
Out, Sales ,Global Executive Mid-Back Manager's Chair,All Others,965,▼,Global Executive Mid-Back Manager's Chair,,"4,626.582"
Out, Margin ,"Global Fabric Manager's Chair, Dark Gray",All Others,971,▼,"Global Fabric Manager's Chair, Dark Gray",,0.158653846
Out, Profit ,"Global Fabric Manager's Chair, Dark Gray",All Others,971,▼,"Global Fabric Manager's Chair, Dark Gray",,499.851
Out, Sales ,"Global Fabric Manager's Chair, Dark Gray",All Others,971,▼,"Global Fabric Manager's Chair, Dark Gray",,"3,150.576"
Out, Margin ,"Global Geo Office Task Chair, Gray",All Others,"1,350",▼,"Global Geo Office Task Chair, Gray",,-0.094470046
Out, Profit ,"Global Geo Office Task Chair, Gray",All Others,"1,350",▼,"Global Geo Office Task Chair, Gray",,-166.009
Out, Sales ,"Global Geo Office Task Chair, Gray",All Others,"1,350",▼,"Global Geo Office Task Chair, Gray",,"1,757.266"
Out, Margin ,"Global High-Back Leather Tilter, Burgundy",All Others,"1,344",▼,"Global High-Back Leather Tilter, Burgundy",,-0.087330317
Out, Profit ,"Global High-Back Leather Tilter, Burgundy",All Others,"1,344",▼,"Global High-Back Leather Tilter, Burgundy",,-474.7414
Out, Sales ,"Global High-Back Leather Tilter, Burgundy",All Others,"1,344",▼,"Global High-Back Leather Tilter, Burgundy",,"5,436.158"
Out, Margin ,Global Highback Leather Tilter in Burgundy,All Others,"1,219",▼,Global Highback Leather Tilter in Burgundy,,0.018556701
Out, Profit ,Global Highback Leather Tilter in Burgundy,All Others,"1,219",▼,Global Highback Leather Tilter in Burgundy,,49.134600000
Out, Sales ,Global Highback Leather Tilter in Burgundy,All Others,"1,219",▼,Global Highback Leather Tilter in Burgundy,,"2,647.809"
Out, Margin ,Global Italian Leather Office Chair,All Others,843,▼,Global Italian Leather Office Chair,,0.210810811
Out, Profit ,Global Italian Leather Office Chair,All Others,843,▼,Global Italian Leather Office Chair,,204.3288
Out, Sales ,Global Italian Leather Office Chair,All Others,843,▼,Global Italian Leather Office Chair,,969.252
Out, Margin ,"Global Leather & Oak Executive Chair, Burgundy",All Others,"1,318",▼,"Global Leather & Oak Executive Chair, Burgundy",,-0.067857143
Out, Profit ,"Global Leather & Oak Executive Chair, Burgundy",All Others,"1,318",▼,"Global Leather & Oak Executive Chair, Burgundy",,-114.6764
Out, Sales ,"Global Leather & Oak Executive Chair, Burgundy",All Others,"1,318",▼,"Global Leather & Oak Executive Chair, Burgundy",,"1,689.968"
Out, Margin ,"Global Leather and Oak Executive Chair, Black",All Others,"1,026",▼,"Global Leather and Oak Executive Chair, Black",,0.133333333
Out, Profit ,"Global Leather and Oak Executive Chair, Black",All Others,"1,026",▼,"Global Leather and Oak Executive Chair, Black",,854.783200000
Out, Sales ,"Global Leather and Oak Executive Chair, Black",All Others,"1,026",▼,"Global Leather and Oak Executive Chair, Black",,"6,410.874"
Out, Margin ,Global Leather Executive Chair,All Others,"1,051",▼,Global Leather Executive Chair,,0.119760479
Out, Profit ,Global Leather Executive Chair,All Others,"1,051",▼,Global Leather Executive Chair,,701.980000000
Out, Sales ,Global Leather Executive Chair,All Others,"1,051",▼,Global Leather Executive Chair,,"5,861.533"
Out, Margin ,"Global Leather Highback Executive Chair with Pneumatic Height Adjustment, Black",All Others,"1,179",▼,"Global Leather Highback Executive Chair with Pneumatic Height Adjustment, Black",,0.044630872
Out, Profit ,"Global Leather Highback Executive Chair with Pneumatic Height Adjustment, Black",All Others,"1,179",▼,"Global Leather Highback Executive Chair with Pneumatic Height Adjustment, Black",,267.3034
Out, Sales ,"Global Leather Highback Executive Chair with Pneumatic Height Adjustment, Black",All Others,"1,179",▼,"Global Leather Highback Executive Chair with Pneumatic Height Adjustment, Black",,"5,989.204"
Out, Margin ,"Global Leather Task Chair, Black",All Others,"1,183",▼,"Global Leather Task Chair, Black",,0.044099379
Out, Profit ,"Global Leather Task Chair, Black",All Others,"1,183",▼,"Global Leather Task Chair, Black",,63.892900000
Out, Sales ,"Global Leather Task Chair, Black",All Others,"1,183",▼,"Global Leather Task Chair, Black",,"1,448.839"
Out, Margin ,Global Low Back Tilter Chair,All Others,"1,394",▼,Global Low Back Tilter Chair,,-0.141040462
Out, Profit ,Global Low Back Tilter Chair,All Others,"1,394",▼,Global Low Back Tilter Chair,,-246.3912
Out, Sales ,Global Low Back Tilter Chair,All Others,"1,394",▼,Global Low Back Tilter Chair,,"1,746.954"
Out, Margin ,"Global Manager's Adjustable Task Chair, Storm",All Others,949,▼,"Global Manager's Adjustable Task Chair, Storm",,0.166836735
Out, Profit ,"Global Manager's Adjustable Task Chair, Storm",All Others,949,▼,"Global Manager's Adjustable Task Chair, Storm",,493.7046
Out, Sales ,"Global Manager's Adjustable Task Chair, Storm",All Others,949,▼,"Global Manager's Adjustable Task Chair, Storm",,"2,959.208"
Out, Margin ,"Global Push Button Manager's Chair, Indigo",All Others,"1,036",▼,"Global Push Button Manager's Chair, Indigo",,0.129805014
Out, Profit ,"Global Push Button Manager's Chair, Indigo",All Others,"1,036",▼,"Global Push Button Manager's Chair, Indigo",,283.7474
Out, Sales ,"Global Push Button Manager's Chair, Indigo",All Others,"1,036",▼,"Global Push Button Manager's Chair, Indigo",,"2,185.951"
Out, Margin ,"Global Stack Chair with Arms, Black",All Others,980,▼,"Global Stack Chair with Arms, Black",,0.155597015
Out, Profit ,"Global Stack Chair with Arms, Black",All Others,980,▼,"Global Stack Chair with Arms, Black",,125.0166
Out, Sales ,"Global Stack Chair with Arms, Black",All Others,980,▼,"Global Stack Chair with Arms, Black",,803.464
Out, Margin ,"Global Stack Chair without Arms, Black",All Others,"1,172",▼,"Global Stack Chair without Arms, Black",,0.048991354
Out, Profit ,"Global Stack Chair without Arms, Black",All Others,"1,172",▼,"Global Stack Chair without Arms, Black",,44.166
Out, Sales ,"Global Stack Chair without Arms, Black",All Others,"1,172",▼,"Global Stack Chair without Arms, Black",,901.506
Out, Margin ,Global Super Steno Chair,All Others,"1,235",▼,Global Super Steno Chair,,-8.473346593e-17
Out, Profit ,Global Super Steno Chair,All Others,"1,235",▼,Global Super Steno Chair,,-2.025046797e-13
Out, Sales ,Global Super Steno Chair,All Others,"1,235",▼,Global Super Steno Chair,,"2,389.902"
Out, Margin ,"Global Task Chair, Black",All Others,"1,413",▼,"Global Task Chair, Black",,-0.173626374
Out, Profit ,"Global Task Chair, Black",All Others,"1,413",▼,"Global Task Chair, Black",,-80.4062
Out, Sales ,"Global Task Chair, Black",All Others,"1,413",▼,"Global Task Chair, Black",,463.099
Out, Margin ,Global Troy Executive Leather Low-Back Tilter,All Others,"1,133",▼,Global Troy Executive Leather Low-Back Tilter,,0.073359073
Out, Profit ,Global Troy Executive Leather Low-Back Tilter,All Others,"1,133",▼,Global Troy Executive Leather Low-Back Tilter,,951.862
Out, Sales ,Global Troy Executive Leather Low-Back Tilter,All Others,"1,133",▼,Global Troy Executive Leather Low-Back Tilter,,"12,975.382"
Out, Margin ,"Global Value Mid-Back Manager's Chair, Gray",All Others,"1,104",▼,"Global Value Mid-Back Manager's Chair, Gray",,0.100000000
Out, Profit ,"Global Value Mid-Back Manager's Chair, Gray",All Others,"1,104",▼,"Global Value Mid-Back Manager's Chair, Gray",,197.8925
Out, Sales ,"Global Value Mid-Back Manager's Chair, Gray",All Others,"1,104",▼,"Global Value Mid-Back Manager's Chair, Gray",,"1,978.925"
Out, Margin ,"Global Value Steno Chair, Gray",All Others,"1,075",▼,"Global Value Steno Chair, Gray",,0.111570248
Out, Profit ,"Global Value Steno Chair, Gray",All Others,"1,075",▼,"Global Value Steno Chair, Gray",,245.997
Out, Sales ,"Global Value Steno Chair, Gray",All Others,"1,075",▼,"Global Value Steno Chair, Gray",,"2,204.862"
Out, Margin ,"Global Wood Trimmed Manager's Task Chair, Khaki",All Others,"1,374",▼,"Global Wood Trimmed Manager's Task Chair, Khaki",,-0.120742358
Out, Profit ,"Global Wood Trimmed Manager's Task Chair, Khaki",All Others,"1,374",▼,"Global Wood Trimmed Manager's Task Chair, Khaki",,-503.1194
Out, Sales ,"Global Wood Trimmed Manager's Task Chair, Khaki",All Others,"1,374",▼,"Global Wood Trimmed Manager's Task Chair, Khaki",,"4,166.884"
Out, Margin ,Globe Weis Peel & Seel First Class Envelopes,All Others,201,▼,Globe Weis Peel & Seel First Class Envelopes,,0.438775510
Out, Profit ,Globe Weis Peel & Seel First Class Envelopes,All Others,201,▼,Globe Weis Peel & Seel First Class Envelopes,,164.862
Out, Sales ,Globe Weis Peel & Seel First Class Envelopes,All Others,201,▼,Globe Weis Peel & Seel First Class Envelopes,,375.732
Out, Margin ,"Gould Plastics 9-Pocket Panel Bin, 18-3/8w x 5-1/4d x 20-1/2h, Black",All Others,"1,315",▼,"Gould Plastics 9-Pocket Panel Bin, 18-3/8w x 5-1/4d x 20-1/2h, Black",,-0.066666667
Out, Profit ,"Gould Plastics 9-Pocket Panel Bin, 18-3/8w x 5-1/4d x 20-1/2h, Black",All Others,"1,315",▼,"Gould Plastics 9-Pocket Panel Bin, 18-3/8w x 5-1/4d x 20-1/2h, Black",,-63.588
Out, Sales ,"Gould Plastics 9-Pocket Panel Bin, 18-3/8w x 5-1/4d x 20-1/2h, Black",All Others,"1,315",▼,"Gould Plastics 9-Pocket Panel Bin, 18-3/8w x 5-1/4d x 20-1/2h, Black",,953.82
Out, Margin ,"Gould Plastics 18-Pocket Panel Bin, 34w x 5-1/4d x 20-1/2h",All Others,"1,327",▼,"Gould Plastics 18-Pocket Panel Bin, 34w x 5-1/4d x 20-1/2h",,-0.075200000
Out, Profit ,"Gould Plastics 18-Pocket Panel Bin, 34w x 5-1/4d x 20-1/2h",All Others,"1,327",▼,"Gould Plastics 18-Pocket Panel Bin, 34w x 5-1/4d x 20-1/2h",,-172.9412
Out, Sales ,"Gould Plastics 18-Pocket Panel Bin, 34w x 5-1/4d x 20-1/2h",All Others,"1,327",▼,"Gould Plastics 18-Pocket Panel Bin, 34w x 5-1/4d x 20-1/2h",,"2,299.75"
Out, Margin ,Great White Multi-Use Recycled Paper (20Lb. and 84 Bright),All Others,411,▼,Great White Multi-Use Recycled Paper (20Lb. and 84 Bright),,0.380281690
Out, Profit ,Great White Multi-Use Recycled Paper (20Lb. and 84 Bright),All Others,411,▼,Great White Multi-Use Recycled Paper (20Lb. and 84 Bright),,64.584
Out, Sales ,Great White Multi-Use Recycled Paper (20Lb. and 84 Bright),All Others,411,▼,Great White Multi-Use Recycled Paper (20Lb. and 84 Bright),,169.832
Out, Margin ,Green Bar Computer Printout Paper,All Others,179,▼,Green Bar Computer Printout Paper,,0.444230769
Out, Profit ,Green Bar Computer Printout Paper,All Others,179,▼,Green Bar Computer Printout Paper,,380.8728
Out, Sales ,Green Bar Computer Printout Paper,All Others,179,▼,Green Bar Computer Printout Paper,,857.376
Out, Margin ,"Green Canvas Binder for 8-1/2"" x 14"" Sheets",All Others,615,▼,"Green Canvas Binder for 8-1/2"" x 14"" Sheets",,0.285714286
Out, Profit ,"Green Canvas Binder for 8-1/2"" x 14"" Sheets",All Others,615,▼,"Green Canvas Binder for 8-1/2"" x 14"" Sheets",,162.64
Out, Sales ,"Green Canvas Binder for 8-1/2"" x 14"" Sheets",All Others,615,▼,"Green Canvas Binder for 8-1/2"" x 14"" Sheets",,569.24
Out, Margin ,Grip Seal Envelopes,All Others,511,▼,Grip Seal Envelopes,,0.3375
Out, Profit ,Grip Seal Envelopes,All Others,511,▼,Grip Seal Envelopes,,2.3868
Out, Sales ,Grip Seal Envelopes,All Others,511,▼,Grip Seal Envelopes,,7.072
Out, Margin ,GuestStacker Chair with Chrome Finish Legs,All Others,"1,118",▼,GuestStacker Chair with Chrome Finish Legs,,0.085245902
Out, Profit ,GuestStacker Chair with Chrome Finish Legs,All Others,"1,118",▼,GuestStacker Chair with Chrome Finish Legs,,773.2608
Out, Sales ,GuestStacker Chair with Chrome Finish Legs,All Others,"1,118",▼,GuestStacker Chair with Chrome Finish Legs,,"9,070.944"
Out, Margin ,Hammermill Color Copier Paper (28Lb. and 96 Bright),All Others,150,▼,Hammermill Color Copier Paper (28Lb. and 96 Bright),,0.45
Out, Profit ,Hammermill Color Copier Paper (28Lb. and 96 Bright),All Others,150,▼,Hammermill Color Copier Paper (28Lb. and 96 Bright),,13.4865
Out, Sales ,Hammermill Color Copier Paper (28Lb. and 96 Bright),All Others,150,▼,Hammermill Color Copier Paper (28Lb. and 96 Bright),,29.97
Out, Margin ,Hammermill CopyPlus Copy Paper (20Lb. and 84 Bright),All Others,110,▼,Hammermill CopyPlus Copy Paper (20Lb. and 84 Bright),,0.459090909
Out, Profit ,Hammermill CopyPlus Copy Paper (20Lb. and 84 Bright),All Others,110,▼,Hammermill CopyPlus Copy Paper (20Lb. and 84 Bright),,15.0894
Out, Sales ,Hammermill CopyPlus Copy Paper (20Lb. and 84 Bright),All Others,110,▼,Hammermill CopyPlus Copy Paper (20Lb. and 84 Bright),,32.868
Out, Margin ,Hand-Finished Solid Wood Document Frame,All Others,683,▼,Hand-Finished Solid Wood Document Frame,,0.263157895
Out, Profit ,Hand-Finished Solid Wood Document Frame,All Others,683,▼,Hand-Finished Solid Wood Document Frame,,68.46
Out, Sales ,Hand-Finished Solid Wood Document Frame,All Others,683,▼,Hand-Finished Solid Wood Document Frame,,260.148
Out, Margin ,Hanging Personal Folder File,All Others,863,▼,Hanging Personal Folder File,,0.203125
Out, Profit ,Hanging Personal Folder File,All Others,863,▼,Hanging Personal Folder File,,51.025
Out, Sales ,Hanging Personal Folder File,All Others,863,▼,Hanging Personal Folder File,,251.2
Out, Margin ,Harbour Creations 67200 Series Stacking Chairs,All Others,945,▼,Harbour Creations 67200 Series Stacking Chairs,,0.169668246
Out, Profit ,Harbour Creations 67200 Series Stacking Chairs,All Others,945,▼,Harbour Creations 67200 Series Stacking Chairs,,254.8244
Out, Sales ,Harbour Creations 67200 Series Stacking Chairs,All Others,945,▼,Harbour Creations 67200 Series Stacking Chairs,,"1,501.898"
Out, Margin ,Harbour Creations Steel Folding Chair,All Others,"1,012",▼,Harbour Creations Steel Folding Chair,,0.140794224
Out, Profit ,Harbour Creations Steel Folding Chair,All Others,"1,012",▼,Harbour Creations Steel Folding Chair,,336.375
Out, Sales ,Harbour Creations Steel Folding Chair,All Others,"1,012",▼,Harbour Creations Steel Folding Chair,,"2,389.125"
Out, Margin ,Harmony Air Purifier,All Others,891,▼,Harmony Air Purifier,,0.192233010
Out, Profit ,Harmony Air Purifier,All Others,891,▼,Harmony Air Purifier,,374.22
Out, Sales ,Harmony Air Purifier,All Others,891,▼,Harmony Air Purifier,,"1,946.7"
Out, Margin ,Harmony HEPA Quiet Air Purifiers,All Others,596,▼,Harmony HEPA Quiet Air Purifiers,,0.290909091
Out, Profit ,Harmony HEPA Quiet Air Purifiers,All Others,596,▼,Harmony HEPA Quiet Air Purifiers,,37.44
Out, Sales ,Harmony HEPA Quiet Air Purifiers,All Others,596,▼,Harmony HEPA Quiet Air Purifiers,,128.7
Out, Margin ,Heavy-Duty E-Z-D Binders,All Others,"1,169",▼,Heavy-Duty E-Z-D Binders,,0.051234568
Out, Profit ,Heavy-Duty E-Z-D Binders,All Others,"1,169",▼,Heavy-Duty E-Z-D Binders,,9.055300000
Out, Sales ,Heavy-Duty E-Z-D Binders,All Others,"1,169",▼,Heavy-Duty E-Z-D Binders,,176.742
Out, Margin ,Hewlett-Packard 300S Scientific Calculator,All Others,106,▼,Hewlett-Packard 300S Scientific Calculator,,0.46
Out, Profit ,Hewlett-Packard 300S Scientific Calculator,All Others,106,▼,Hewlett-Packard 300S Scientific Calculator,,60.306
Out, Sales ,Hewlett-Packard 300S Scientific Calculator,All Others,106,▼,Hewlett-Packard 300S Scientific Calculator,,131.1
Out, Margin ,Hewlett-Packard Deskjet 3050a All-in-One Color Inkjet Printer,All Others,27,▼,Hewlett-Packard Deskjet 3050a All-in-One Color Inkjet Printer,,0.48
Out, Profit ,Hewlett-Packard Deskjet 3050a All-in-One Color Inkjet Printer,All Others,27,▼,Hewlett-Packard Deskjet 3050a All-in-One Color Inkjet Printer,,"1,459.2"
Out, Sales ,Hewlett-Packard Deskjet 3050a All-in-One Color Inkjet Printer,All Others,27,▼,Hewlett-Packard Deskjet 3050a All-in-One Color Inkjet Printer,,"3,040"
Out, Margin ,Hewlett-Packard Deskjet 5550 Printer,All Others,"1,121",▼,Hewlett-Packard Deskjet 5550 Printer,,0.083333333
Out, Profit ,Hewlett-Packard Deskjet 5550 Printer,All Others,"1,121",▼,Hewlett-Packard Deskjet 5550 Printer,,49.761
Out, Sales ,Hewlett-Packard Deskjet 5550 Printer,All Others,"1,121",▼,Hewlett-Packard Deskjet 5550 Printer,,597.132
Out, Margin ,Hewlett-Packard Deskjet 6540 Color Inkjet Printer,All Others,"1,103",▼,Hewlett-Packard Deskjet 6540 Color Inkjet Printer,,0.100000000
Out, Profit ,Hewlett-Packard Deskjet 6540 Color Inkjet Printer,All Others,"1,103",▼,Hewlett-Packard Deskjet 6540 Color Inkjet Printer,,139.621
Out, Sales ,Hewlett-Packard Deskjet 6540 Color Inkjet Printer,All Others,"1,103",▼,Hewlett-Packard Deskjet 6540 Color Inkjet Printer,,"1,396.21"
Out, Margin ,Hewlett-Packard Deskjet D4360 Printer,All Others,560,▼,Hewlett-Packard Deskjet D4360 Printer,,0.3125
Out, Profit ,Hewlett-Packard Deskjet D4360 Printer,All Others,560,▼,Hewlett-Packard Deskjet D4360 Printer,,139.99
Out, Sales ,Hewlett-Packard Deskjet D4360 Printer,All Others,560,▼,Hewlett-Packard Deskjet D4360 Printer,,447.968
Out, Margin ,Hewlett-Packard Deskjet F4180 All-in-One Color Ink-jet - Printer / copier / scanner,All Others,"1,487",▼,Hewlett-Packard Deskjet F4180 All-in-One Color Ink-jet - Printer / copier / scanner,,-0.7
Out, Profit ,Hewlett-Packard Deskjet F4180 All-in-One Color Ink-jet - Printer / copier / scanner,All Others,"1,487",▼,Hewlett-Packard Deskjet F4180 All-in-One Color Ink-jet - Printer / copier / scanner,,-71.3958
Out, Sales ,Hewlett-Packard Deskjet F4180 All-in-One Color Ink-jet - Printer / copier / scanner,All Others,"1,487",▼,Hewlett-Packard Deskjet F4180 All-in-One Color Ink-jet - Printer / copier / scanner,,101.994
Out, Margin ,Hewlett-Packard Desktjet 6988DT Refurbished Printer,All Others,15,▼,Hewlett-Packard Desktjet 6988DT Refurbished Printer,,0.49
Out, Profit ,Hewlett-Packard Desktjet 6988DT Refurbished Printer,All Others,15,▼,Hewlett-Packard Desktjet 6988DT Refurbished Printer,,"1,668.205"
Out, Sales ,Hewlett-Packard Desktjet 6988DT Refurbished Printer,All Others,15,▼,Hewlett-Packard Desktjet 6988DT Refurbished Printer,,"3,404.5"
Out, Margin ,High Speed Automatic Electric Letter Opener,All Others,"1,257",▼,High Speed Automatic Electric Letter Opener,,-0.015384615
Out, Profit ,High Speed Automatic Electric Letter Opener,All Others,"1,257",▼,High Speed Automatic Electric Letter Opener,,-262.004800000
Out, Sales ,High Speed Automatic Electric Letter Opener,All Others,"1,257",▼,High Speed Automatic Electric Letter Opener,,"17,030.312"
Out, Margin ,High-Back Leather Manager's Chair,All Others,"1,292",▼,High-Back Leather Manager's Chair,,-0.041416894
Out, Profit ,High-Back Leather Manager's Chair,All Others,"1,292",▼,High-Back Leather Manager's Chair,,-197.5848
Out, Sales ,High-Back Leather Manager's Chair,All Others,"1,292",▼,High-Back Leather Manager's Chair,,"4,770.633"
Out, Margin ,Holmes 99% HEPA Air Purifier,All Others,688,▼,Holmes 99% HEPA Air Purifier,,0.260389610
Out, Profit ,Holmes 99% HEPA Air Purifier,All Others,688,▼,Holmes 99% HEPA Air Purifier,,86.8566
Out, Sales ,Holmes 99% HEPA Air Purifier,All Others,688,▼,Holmes 99% HEPA Air Purifier,,333.564
Out, Margin ,"Holmes Cool Mist Humidifier for the Whole House with 8-Gallon Output per Day, Extended Life Filter",All Others,525,▼,"Holmes Cool Mist Humidifier for the Whole House with 8-Gallon Output per Day, Extended Life Filter",,0.331081081
Out, Profit ,"Holmes Cool Mist Humidifier for the Whole House with 8-Gallon Output per Day, Extended Life Filter",All Others,525,▼,"Holmes Cool Mist Humidifier for the Whole House with 8-Gallon Output per Day, Extended Life Filter",,48.755
Out, Sales ,"Holmes Cool Mist Humidifier for the Whole House with 8-Gallon Output per Day, Extended Life Filter",All Others,525,▼,"Holmes Cool Mist Humidifier for the Whole House with 8-Gallon Output per Day, Extended Life Filter",,147.26
Out, Margin ,Holmes Harmony HEPA Air Purifier for 17 x 20 Room,All Others,239,▼,Holmes Harmony HEPA Air Purifier for 17 x 20 Room,,0.43
Out, Profit ,Holmes Harmony HEPA Air Purifier for 17 x 20 Room,All Others,239,▼,Holmes Harmony HEPA Air Purifier for 17 x 20 Room,,290.3016
Out, Sales ,Holmes Harmony HEPA Air Purifier for 17 x 20 Room,All Others,239,▼,Holmes Harmony HEPA Air Purifier for 17 x 20 Room,,675.12
Out, Margin ,Holmes HEPA Air Purifier,All Others,942,▼,Holmes HEPA Air Purifier,,0.172727273
Out, Profit ,Holmes HEPA Air Purifier,All Others,942,▼,Holmes HEPA Air Purifier,,41.382
Out, Sales ,Holmes HEPA Air Purifier,All Others,942,▼,Holmes HEPA Air Purifier,,239.58
Out, Margin ,Holmes Odor Grabber,All Others,896,▼,Holmes Odor Grabber,,0.189516129
Out, Profit ,Holmes Odor Grabber,All Others,896,▼,Holmes Odor Grabber,,67.774
Out, Sales ,Holmes Odor Grabber,All Others,896,▼,Holmes Odor Grabber,,357.616
Out, Margin ,"Holmes Replacement Filter for HEPA Air Cleaner, Large Room",All Others,549,▼,"Holmes Replacement Filter for HEPA Air Cleaner, Large Room",,0.317647059
Out, Profit ,"Holmes Replacement Filter for HEPA Air Cleaner, Large Room",All Others,549,▼,"Holmes Replacement Filter for HEPA Air Cleaner, Large Room",,47.9844
Out, Sales ,"Holmes Replacement Filter for HEPA Air Cleaner, Large Room",All Others,549,▼,"Holmes Replacement Filter for HEPA Air Cleaner, Large Room",,151.062
Out, Margin ,"Holmes Replacement Filter for HEPA Air Cleaner, Medium Room",All Others,237,▼,"Holmes Replacement Filter for HEPA Air Cleaner, Medium Room",,0.43
Out, Profit ,"Holmes Replacement Filter for HEPA Air Cleaner, Medium Room",All Others,237,▼,"Holmes Replacement Filter for HEPA Air Cleaner, Medium Room",,87.6942
Out, Sales ,"Holmes Replacement Filter for HEPA Air Cleaner, Medium Room",All Others,237,▼,"Holmes Replacement Filter for HEPA Air Cleaner, Medium Room",,203.94
Out, Margin ,"Holmes Replacement Filter for HEPA Air Cleaner, Very Large Room, HEPA Filter",All Others,648,▼,"Holmes Replacement Filter for HEPA Air Cleaner, Very Large Room, HEPA Filter",,0.275621891
Out, Profit ,"Holmes Replacement Filter for HEPA Air Cleaner, Very Large Room, HEPA Filter",All Others,648,▼,"Holmes Replacement Filter for HEPA Air Cleaner, Very Large Room, HEPA Filter",,381.2074
Out, Sales ,"Holmes Replacement Filter for HEPA Air Cleaner, Very Large Room, HEPA Filter",All Others,648,▼,"Holmes Replacement Filter for HEPA Air Cleaner, Very Large Room, HEPA Filter",,"1,383.081"
Out, Margin ,"Holmes Visible Mist Ultrasonic Humidifier with 2.3-Gallon Output per Day, Replacement Filter",All Others,828,▼,"Holmes Visible Mist Ultrasonic Humidifier with 2.3-Gallon Output per Day, Replacement Filter",,0.214285714
Out, Profit ,"Holmes Visible Mist Ultrasonic Humidifier with 2.3-Gallon Output per Day, Replacement Filter",All Others,828,▼,"Holmes Visible Mist Ultrasonic Humidifier with 2.3-Gallon Output per Day, Replacement Filter",,10.188
Out, Sales ,"Holmes Visible Mist Ultrasonic Humidifier with 2.3-Gallon Output per Day, Replacement Filter",All Others,828,▼,"Holmes Visible Mist Ultrasonic Humidifier with 2.3-Gallon Output per Day, Replacement Filter",,47.544
Out, Margin ,Home/Office Personal File Carts,All Others,866,▼,Home/Office Personal File Carts,,0.202127660
Out, Profit ,Home/Office Personal File Carts,All Others,866,▼,Home/Office Personal File Carts,,198.132
Out, Sales ,Home/Office Personal File Carts,All Others,866,▼,Home/Office Personal File Carts,,980.232
Out, Margin ,Hon 4-Shelf Metal Bookcases,All Others,"1,386",▼,Hon 4-Shelf Metal Bookcases,,-0.130136986
Out, Profit ,Hon 4-Shelf Metal Bookcases,All Others,"1,386",▼,Hon 4-Shelf Metal Bookcases,,-191.862
Out, Sales ,Hon 4-Shelf Metal Bookcases,All Others,"1,386",▼,Hon 4-Shelf Metal Bookcases,,"1,474.308"
Out, Margin ,"Hon 30"" x 60"" Table with Locking Drawer",All Others,"1,390",▼,"Hon 30"" x 60"" Table with Locking Drawer",,-0.136842105
Out, Profit ,"Hon 30"" x 60"" Table with Locking Drawer",All Others,"1,390",▼,"Hon 30"" x 60"" Table with Locking Drawer",,-177.3512
Out, Sales ,"Hon 30"" x 60"" Table with Locking Drawer",All Others,"1,390",▼,"Hon 30"" x 60"" Table with Locking Drawer",,"1,296.028"
Out, Margin ,Hon 2090 “Pillow Soft” Series Mid Back Swivel/Tilt Chairs,All Others,"1,421",▼,Hon 2090 “Pillow Soft” Series Mid Back Swivel/Tilt Chairs,,-0.187234043
Out, Profit ,Hon 2090 “Pillow Soft” Series Mid Back Swivel/Tilt Chairs,All Others,"1,421",▼,Hon 2090 “Pillow Soft” Series Mid Back Swivel/Tilt Chairs,,-989.049600000
Out, Sales ,Hon 2090 “Pillow Soft” Series Mid Back Swivel/Tilt Chairs,All Others,"1,421",▼,Hon 2090 “Pillow Soft” Series Mid Back Swivel/Tilt Chairs,,"5,282.424"
Out, Margin ,Hon 2111 Invitation Series Corner Table,All Others,"1,381",▼,Hon 2111 Invitation Series Corner Table,,-0.128
Out, Profit ,Hon 2111 Invitation Series Corner Table,All Others,"1,381",▼,Hon 2111 Invitation Series Corner Table,,-401.9904
Out, Sales ,Hon 2111 Invitation Series Corner Table,All Others,"1,381",▼,Hon 2111 Invitation Series Corner Table,,"3,140.55"
Out, Margin ,Hon 2111 Invitation Series Straight Table,All Others,"1,308",▼,Hon 2111 Invitation Series Straight Table,,-0.056521739
Out, Profit ,Hon 2111 Invitation Series Straight Table,All Others,"1,308",▼,Hon 2111 Invitation Series Straight Table,,-115.3074
Out, Sales ,Hon 2111 Invitation Series Straight Table,All Others,"1,308",▼,Hon 2111 Invitation Series Straight Table,,"2,040.054"
Out, Margin ,Hon 4060 Series Tables,All Others,"1,127",▼,Hon 4060 Series Tables,,0.078181818
Out, Profit ,Hon 4060 Series Tables,All Others,"1,127",▼,Hon 4060 Series Tables,,96.285600000
Out, Sales ,Hon 4060 Series Tables,All Others,"1,127",▼,Hon 4060 Series Tables,,"1,231.56"
Out, Margin ,Hon 4070 Series Pagoda Armless Upholstered Stacking Chairs,All Others,958,▼,Hon 4070 Series Pagoda Armless Upholstered Stacking Chairs,,0.164705882
Out, Profit ,Hon 4070 Series Pagoda Armless Upholstered Stacking Chairs,All Others,958,▼,Hon 4070 Series Pagoda Armless Upholstered Stacking Chairs,,"1,388.6348"
Out, Sales ,Hon 4070 Series Pagoda Armless Upholstered Stacking Chairs,All Others,958,▼,Hon 4070 Series Pagoda Armless Upholstered Stacking Chairs,,"8,430.997"
Out, Margin ,Hon 4070 Series Pagoda Round Back Stacking Chairs,All Others,920,▼,Hon 4070 Series Pagoda Round Back Stacking Chairs,,0.178260870
Out, Profit ,Hon 4070 Series Pagoda Round Back Stacking Chairs,All Others,920,▼,Hon 4070 Series Pagoda Round Back Stacking Chairs,,"1,052.8144"
Out, Sales ,Hon 4070 Series Pagoda Round Back Stacking Chairs,All Others,920,▼,Hon 4070 Series Pagoda Round Back Stacking Chairs,,"5,906.032"
Out, Margin ,Hon 4700 Series Mobuis Mid-Back Task Chairs with Adjustable Arms,All Others,"1,076",▼,Hon 4700 Series Mobuis Mid-Back Task Chairs with Adjustable Arms,,0.109859155
Out, Profit ,Hon 4700 Series Mobuis Mid-Back Task Chairs with Adjustable Arms,All Others,"1,076",▼,Hon 4700 Series Mobuis Mid-Back Task Chairs with Adjustable Arms,,832.993200000
Out, Sales ,Hon 4700 Series Mobuis Mid-Back Task Chairs with Adjustable Arms,All Others,"1,076",▼,Hon 4700 Series Mobuis Mid-Back Task Chairs with Adjustable Arms,,"7,582.374"
Out, Margin ,Hon 5100 Series Wood Tables,All Others,"1,290",▼,Hon 5100 Series Wood Tables,,-0.040000000
Out, Profit ,Hon 5100 Series Wood Tables,All Others,"1,290",▼,Hon 5100 Series Wood Tables,,-238.6036
Out, Sales ,Hon 5100 Series Wood Tables,All Others,"1,290",▼,Hon 5100 Series Wood Tables,,"5,965.09"
Out, Margin ,HON 5400 Series Task Chairs for Big and Tall,All Others,"1,231",▼,HON 5400 Series Task Chairs for Big and Tall,,1.819357350e-17
Out, Profit ,HON 5400 Series Task Chairs for Big and Tall,All Others,"1,231",▼,HON 5400 Series Task Chairs for Big and Tall,,3.979039320e-13
Out, Sales ,HON 5400 Series Task Chairs for Big and Tall,All Others,"1,231",▼,HON 5400 Series Task Chairs for Big and Tall,,"21,870.576"
Out, Margin ,Hon 61000 Series Interactive Training Tables,All Others,"1,441",▼,Hon 61000 Series Interactive Training Tables,,-0.227210884
Out, Profit ,Hon 61000 Series Interactive Training Tables,All Others,"1,441",▼,Hon 61000 Series Interactive Training Tables,,-148.3962
Out, Sales ,Hon 61000 Series Interactive Training Tables,All Others,"1,441",▼,Hon 61000 Series Interactive Training Tables,,653.121
Out, Margin ,Hon 94000 Series Round Tables,All Others,"1,348",▼,Hon 94000 Series Round Tables,,-0.092
Out, Profit ,Hon 94000 Series Round Tables,All Others,"1,348",▼,Hon 94000 Series Round Tables,,-681.214
Out, Sales ,Hon 94000 Series Round Tables,All Others,"1,348",▼,Hon 94000 Series Round Tables,,"7,404.5"
Out, Margin ,Hon Comfortask Task/Swivel Chairs,All Others,"1,268",▼,Hon Comfortask Task/Swivel Chairs,,-0.021621622
Out, Profit ,Hon Comfortask Task/Swivel Chairs,All Others,"1,268",▼,Hon Comfortask Task/Swivel Chairs,,-36.4736
Out, Sales ,Hon Comfortask Task/Swivel Chairs,All Others,"1,268",▼,Hon Comfortask Task/Swivel Chairs,,"1,686.904"
Out, Margin ,Hon Deluxe Fabric Upholstered Stacking Chairs,All Others,"1,264",▼,Hon Deluxe Fabric Upholstered Stacking Chairs,,-0.018867925
Out, Profit ,Hon Deluxe Fabric Upholstered Stacking Chairs,All Others,"1,264",▼,Hon Deluxe Fabric Upholstered Stacking Chairs,,-48.796000000
Out, Sales ,Hon Deluxe Fabric Upholstered Stacking Chairs,All Others,"1,264",▼,Hon Deluxe Fabric Upholstered Stacking Chairs,,"2,586.188"
Out, Margin ,"Hon Deluxe Fabric Upholstered Stacking Chairs, Rounded Back",All Others,913,▼,"Hon Deluxe Fabric Upholstered Stacking Chairs, Rounded Back",,0.181192661
Out, Profit ,"Hon Deluxe Fabric Upholstered Stacking Chairs, Rounded Back",All Others,913,▼,"Hon Deluxe Fabric Upholstered Stacking Chairs, Rounded Back",,"1,927.442"
Out, Sales ,"Hon Deluxe Fabric Upholstered Stacking Chairs, Rounded Back",All Others,913,▼,"Hon Deluxe Fabric Upholstered Stacking Chairs, Rounded Back",,"10,637.528"
Out, Margin ,"Hon Deluxe Fabric Upholstered Stacking Chairs, Squared Back",All Others,"1,162",▼,"Hon Deluxe Fabric Upholstered Stacking Chairs, Squared Back",,0.057692308
Out, Profit ,"Hon Deluxe Fabric Upholstered Stacking Chairs, Squared Back",All Others,"1,162",▼,"Hon Deluxe Fabric Upholstered Stacking Chairs, Squared Back",,73.194
Out, Sales ,"Hon Deluxe Fabric Upholstered Stacking Chairs, Squared Back",All Others,"1,162",▼,"Hon Deluxe Fabric Upholstered Stacking Chairs, Squared Back",,"1,268.696"
Out, Margin ,Hon Every-Day Chair Series Swivel Task Chairs,All Others,"1,223",▼,Hon Every-Day Chair Series Swivel Task Chairs,,0.0125
Out, Profit ,Hon Every-Day Chair Series Swivel Task Chairs,All Others,"1,223",▼,Hon Every-Day Chair Series Swivel Task Chairs,,12.098
Out, Sales ,Hon Every-Day Chair Series Swivel Task Chairs,All Others,"1,223",▼,Hon Every-Day Chair Series Swivel Task Chairs,,967.84
Out, Margin ,Hon Every-Day Series Multi-Task Chairs,All Others,"1,186",▼,Hon Every-Day Series Multi-Task Chairs,,0.041782730
Out, Profit ,Hon Every-Day Series Multi-Task Chairs,All Others,"1,186",▼,Hon Every-Day Series Multi-Task Chairs,,281.97
Out, Sales ,Hon Every-Day Series Multi-Task Chairs,All Others,"1,186",▼,Hon Every-Day Series Multi-Task Chairs,,"6,748.482"
Out, Margin ,Hon GuestStacker Chair,All Others,922,▼,Hon GuestStacker Chair,,0.177777778
Out, Profit ,Hon GuestStacker Chair,All Others,922,▼,Hon GuestStacker Chair,,"1,233.0848"
Out, Sales ,Hon GuestStacker Chair,All Others,922,▼,Hon GuestStacker Chair,,"6,936.102"
Out, Margin ,"Hon Metal Bookcases, Black",All Others,"1,260",▼,"Hon Metal Bookcases, Black",,-0.017179024
Out, Profit ,"Hon Metal Bookcases, Black",All Others,"1,260",▼,"Hon Metal Bookcases, Black",,-26.972400000
Out, Sales ,"Hon Metal Bookcases, Black",All Others,"1,260",▼,"Hon Metal Bookcases, Black",,"1,570.0776"
Out, Margin ,"Hon Metal Bookcases, Gray",All Others,661,▼,"Hon Metal Bookcases, Gray",,0.27
Out, Profit ,"Hon Metal Bookcases, Gray",All Others,661,▼,"Hon Metal Bookcases, Gray",,229.9752
Out, Sales ,"Hon Metal Bookcases, Gray",All Others,661,▼,"Hon Metal Bookcases, Gray",,851.76
Out, Margin ,"Hon Metal Bookcases, Putty",All Others,650,▼,"Hon Metal Bookcases, Putty",,0.274731183
Out, Profit ,"Hon Metal Bookcases, Putty",All Others,650,▼,"Hon Metal Bookcases, Putty",,362.7078
Out, Sales ,"Hon Metal Bookcases, Putty",All Others,650,▼,"Hon Metal Bookcases, Putty",,"1,320.228"
Out, Margin ,Hon Mobius Operator's Chair,All Others,908,▼,Hon Mobius Operator's Chair,,0.184545455
Out, Profit ,Hon Mobius Operator's Chair,All Others,908,▼,Hon Mobius Operator's Chair,,499.3394
Out, Sales ,Hon Mobius Operator's Chair,All Others,908,▼,Hon Mobius Operator's Chair,,"2,705.78"
Out, Margin ,Hon Multipurpose Stacking Arm Chairs,All Others,"1,046",▼,Hon Multipurpose Stacking Arm Chairs,,0.123684211
Out, Profit ,Hon Multipurpose Stacking Arm Chairs,All Others,"1,046",▼,Hon Multipurpose Stacking Arm Chairs,,814.416
Out, Sales ,Hon Multipurpose Stacking Arm Chairs,All Others,"1,046",▼,Hon Multipurpose Stacking Arm Chairs,,"6,584.64"
Out, Margin ,Hon Non-Folding Utility Tables,All Others,"1,007",▼,Hon Non-Folding Utility Tables,,0.143459916
Out, Profit ,Hon Non-Folding Utility Tables,All Others,"1,007",▼,Hon Non-Folding Utility Tables,,541.654
Out, Sales ,Hon Non-Folding Utility Tables,All Others,"1,007",▼,Hon Non-Folding Utility Tables,,"3,775.647"
Out, Margin ,Hon Olson Stacker Chairs,All Others,753,▼,Hon Olson Stacker Chairs,,0.238048780
Out, Profit ,Hon Olson Stacker Chairs,All Others,753,▼,Hon Olson Stacker Chairs,,"1,292.1264"
Out, Sales ,Hon Olson Stacker Chairs,All Others,753,▼,Hon Olson Stacker Chairs,,"5,427.99"
Out, Margin ,Hon Olson Stacker Stools,All Others,977,▼,Hon Olson Stacker Stools,,0.157446809
Out, Profit ,Hon Olson Stacker Stools,All Others,977,▼,Hon Olson Stacker Stools,,833.5952
Out, Sales ,Hon Olson Stacker Stools,All Others,977,▼,Hon Olson Stacker Stools,,"5,294.456"
Out, Margin ,Hon Pagoda Stacking Chairs,All Others,759,▼,Hon Pagoda Stacking Chairs,,0.237623762
Out, Profit ,Hon Pagoda Stacking Chairs,All Others,759,▼,Hon Pagoda Stacking Chairs,,"1,540.704"
Out, Sales ,Hon Pagoda Stacking Chairs,All Others,759,▼,Hon Pagoda Stacking Chairs,,"6,483.796"
Out, Margin ,"Hon Practical Foundations 30 x 60 Training Table, Light Gray/Charcoal",All Others,"1,106",▼,"Hon Practical Foundations 30 x 60 Training Table, Light Gray/Charcoal",,0.099212598
Out, Profit ,"Hon Practical Foundations 30 x 60 Training Table, Light Gray/Charcoal",All Others,"1,106",▼,"Hon Practical Foundations 30 x 60 Training Table, Light Gray/Charcoal",,430.0695
Out, Sales ,"Hon Practical Foundations 30 x 60 Training Table, Light Gray/Charcoal",All Others,"1,106",▼,"Hon Practical Foundations 30 x 60 Training Table, Light Gray/Charcoal",,"4,334.8275"
Out, Margin ,Hon Racetrack Conference Tables,All Others,"1,403",▼,Hon Racetrack Conference Tables,,-0.150993377
Out, Profit ,Hon Racetrack Conference Tables,All Others,"1,403",▼,Hon Racetrack Conference Tables,,-598.5228
Out, Sales ,Hon Racetrack Conference Tables,All Others,"1,403",▼,Hon Racetrack Conference Tables,,"3,963.901"
Out, Margin ,Hon Rectangular Conference Tables,All Others,"1,340",▼,Hon Rectangular Conference Tables,,-0.084967320
Out, Profit ,Hon Rectangular Conference Tables,All Others,"1,340",▼,Hon Rectangular Conference Tables,,-295.815000000
Out, Sales ,Hon Rectangular Conference Tables,All Others,"1,340",▼,Hon Rectangular Conference Tables,,"3,481.515"
Out, Margin ,Hon Valutask Swivel Chairs,All Others,"1,074",▼,Hon Valutask Swivel Chairs,,0.112195122
Out, Profit ,Hon Valutask Swivel Chairs,All Others,"1,074",▼,Hon Valutask Swivel Chairs,,139.3524
Out, Sales ,Hon Valutask Swivel Chairs,All Others,"1,074",▼,Hon Valutask Swivel Chairs,,"1,242.054"
Out, Margin ,Honeywell Enviracaire Portable Air Cleaner for up to 8 x 10 Room,All Others,"1,483",▼,Honeywell Enviracaire Portable Air Cleaner for up to 8 x 10 Room,,-0.592307692
Out, Profit ,Honeywell Enviracaire Portable Air Cleaner for up to 8 x 10 Room,All Others,"1,483",▼,Honeywell Enviracaire Portable Air Cleaner for up to 8 x 10 Room,,-177.2232
Out, Sales ,Honeywell Enviracaire Portable Air Cleaner for up to 8 x 10 Room,All Others,"1,483",▼,Honeywell Enviracaire Portable Air Cleaner for up to 8 x 10 Room,,299.208
Out, Margin ,Honeywell Enviracaire Portable HEPA Air Cleaner for 16' x 20' Room,All Others,385,▼,Honeywell Enviracaire Portable HEPA Air Cleaner for 16' x 20' Room,,0.39
Out, Profit ,Honeywell Enviracaire Portable HEPA Air Cleaner for 16' x 20' Room,All Others,385,▼,Honeywell Enviracaire Portable HEPA Air Cleaner for 16' x 20' Room,,"1,503.5202"
Out, Sales ,Honeywell Enviracaire Portable HEPA Air Cleaner for 16' x 20' Room,All Others,385,▼,Honeywell Enviracaire Portable HEPA Air Cleaner for 16' x 20' Room,,"3,855.18"
Out, Margin ,Honeywell Enviracaire Portable HEPA Air Cleaner for 17' x 22' Room,All Others,614,▼,Honeywell Enviracaire Portable HEPA Air Cleaner for 17' x 22' Room,,0.287234043
Out, Profit ,Honeywell Enviracaire Portable HEPA Air Cleaner for 17' x 22' Room,All Others,614,▼,Honeywell Enviracaire Portable HEPA Air Cleaner for 17' x 22' Room,,"3,247.02"
Out, Sales ,Honeywell Enviracaire Portable HEPA Air Cleaner for 17' x 22' Room,All Others,614,▼,Honeywell Enviracaire Portable HEPA Air Cleaner for 17' x 22' Room,,"11,304.44"
Out, Margin ,Honeywell Enviracaire Portable HEPA Air Cleaner for up to 10 x 16 Room,All Others,553,▼,Honeywell Enviracaire Portable HEPA Air Cleaner for up to 10 x 16 Room,,0.315887850
Out, Profit ,Honeywell Enviracaire Portable HEPA Air Cleaner for up to 10 x 16 Room,All Others,553,▼,Honeywell Enviracaire Portable HEPA Air Cleaner for up to 10 x 16 Room,,417.0244
Out, Sales ,Honeywell Enviracaire Portable HEPA Air Cleaner for up to 10 x 16 Room,All Others,553,▼,Honeywell Enviracaire Portable HEPA Air Cleaner for up to 10 x 16 Room,,"1,320.166"
Out, Margin ,Honeywell Quietcare HEPA Air Cleaner,All Others,562,▼,Honeywell Quietcare HEPA Air Cleaner,,0.312053571
Out, Profit ,Honeywell Quietcare HEPA Air Cleaner,All Others,562,▼,Honeywell Quietcare HEPA Air Cleaner,,549.7635
Out, Sales ,Honeywell Quietcare HEPA Air Cleaner,All Others,562,▼,Honeywell Quietcare HEPA Air Cleaner,,"1,761.76"
Out, Margin ,Hoover Commercial Lightweight Upright Vacuum,All Others,"1,392",▼,Hoover Commercial Lightweight Upright Vacuum,,-0.138461538
Out, Profit ,Hoover Commercial Lightweight Upright Vacuum,All Others,"1,392",▼,Hoover Commercial Lightweight Upright Vacuum,,-2.5056
Out, Sales ,Hoover Commercial Lightweight Upright Vacuum,All Others,"1,392",▼,Hoover Commercial Lightweight Upright Vacuum,,18.096
Out, Margin ,Hoover Commercial Lightweight Upright Vacuum with E-Z Empty Dirt Cup,All Others,"1,247",▼,Hoover Commercial Lightweight Upright Vacuum with E-Z Empty Dirt Cup,,-0.009090909
Out, Profit ,Hoover Commercial Lightweight Upright Vacuum with E-Z Empty Dirt Cup,All Others,"1,247",▼,Hoover Commercial Lightweight Upright Vacuum with E-Z Empty Dirt Cup,,-9.303200000
Out, Sales ,Hoover Commercial Lightweight Upright Vacuum with E-Z Empty Dirt Cup,All Others,"1,247",▼,Hoover Commercial Lightweight Upright Vacuum with E-Z Empty Dirt Cup,,"1,023.352"
Out, Margin ,Hoover Commercial Soft Guard Upright Vacuum And Disposable Filtration Bags,All Others,"1,368",▼,Hoover Commercial Soft Guard Upright Vacuum And Disposable Filtration Bags,,-0.113559322
Out, Profit ,Hoover Commercial Soft Guard Upright Vacuum And Disposable Filtration Bags,All Others,"1,368",▼,Hoover Commercial Soft Guard Upright Vacuum And Disposable Filtration Bags,,-10.4118
Out, Sales ,Hoover Commercial Soft Guard Upright Vacuum And Disposable Filtration Bags,All Others,"1,368",▼,Hoover Commercial Soft Guard Upright Vacuum And Disposable Filtration Bags,,91.686
Out, Margin ,Hoover Commercial SteamVac,All Others,850,▼,Hoover Commercial SteamVac,,0.209677419
Out, Profit ,Hoover Commercial SteamVac,All Others,850,▼,Hoover Commercial SteamVac,,35.308
Out, Sales ,Hoover Commercial SteamVac,All Others,850,▼,Hoover Commercial SteamVac,,168.392
Out, Margin ,Hoover Portapower Portable Vacuum,All Others,"1,215",▼,Hoover Portapower Portable Vacuum,,0.021739130
Out, Profit ,Hoover Portapower Portable Vacuum,All Others,"1,215",▼,Hoover Portapower Portable Vacuum,,1.344
Out, Sales ,Hoover Portapower Portable Vacuum,All Others,"1,215",▼,Hoover Portapower Portable Vacuum,,61.824
Out, Margin ,Hoover Replacement Belt for Commercial Guardsman Heavy-Duty Upright Vacuum,All Others,"1,178",▼,Hoover Replacement Belt for Commercial Guardsman Heavy-Duty Upright Vacuum,,0.045454545
Out, Profit ,Hoover Replacement Belt for Commercial Guardsman Heavy-Duty Upright Vacuum,All Others,"1,178",▼,Hoover Replacement Belt for Commercial Guardsman Heavy-Duty Upright Vacuum,,0.444000000
Out, Sales ,Hoover Replacement Belt for Commercial Guardsman Heavy-Duty Upright Vacuum,All Others,"1,178",▼,Hoover Replacement Belt for Commercial Guardsman Heavy-Duty Upright Vacuum,,9.768
Out, Margin ,"Hoover Replacement Belts For Soft Guard & Commercial Ltweight Upright Vacs, 2/Pk",All Others,"1,153",▼,"Hoover Replacement Belts For Soft Guard & Commercial Ltweight Upright Vacs, 2/Pk",,0.061971831
Out, Profit ,"Hoover Replacement Belts For Soft Guard & Commercial Ltweight Upright Vacs, 2/Pk",All Others,"1,153",▼,"Hoover Replacement Belts For Soft Guard & Commercial Ltweight Upright Vacs, 2/Pk",,3.476
Out, Sales ,"Hoover Replacement Belts For Soft Guard & Commercial Ltweight Upright Vacs, 2/Pk",All Others,"1,153",▼,"Hoover Replacement Belts For Soft Guard & Commercial Ltweight Upright Vacs, 2/Pk",,56.09
Out, Margin ,Hoover Shoulder Vac Commercial Portable Vacuum,All Others,"1,009",▼,Hoover Shoulder Vac Commercial Portable Vacuum,,0.142857143
Out, Profit ,Hoover Shoulder Vac Commercial Portable Vacuum,All Others,"1,009",▼,Hoover Shoulder Vac Commercial Portable Vacuum,,715.64
Out, Sales ,Hoover Shoulder Vac Commercial Portable Vacuum,All Others,"1,009",▼,Hoover Shoulder Vac Commercial Portable Vacuum,,"5,009.48"
Out, Margin ,Hoover Upright Vacuum With Dirt Cup,All Others,"1,139",▼,Hoover Upright Vacuum With Dirt Cup,,0.067372881
Out, Profit ,Hoover Upright Vacuum With Dirt Cup,All Others,"1,139",▼,Hoover Upright Vacuum With Dirt Cup,,460.352700000
Out, Sales ,Hoover Upright Vacuum With Dirt Cup,All Others,"1,139",▼,Hoover Upright Vacuum With Dirt Cup,,"6,832.908"
Out, Margin ,Hoover WindTunnel Plus Canister Vacuum,All Others,793,▼,Hoover WindTunnel Plus Canister Vacuum,,0.228571429
Out, Profit ,Hoover WindTunnel Plus Canister Vacuum,All Others,793,▼,Hoover WindTunnel Plus Canister Vacuum,,697.44
Out, Sales ,Hoover WindTunnel Plus Canister Vacuum,All Others,793,▼,Hoover WindTunnel Plus Canister Vacuum,,"3,051.3"
Out, Margin ,"Hot File 7-Pocket, Floor Stand",All Others,731,▼,"Hot File 7-Pocket, Floor Stand",,0.247807018
Out, Profit ,"Hot File 7-Pocket, Floor Stand",All Others,731,▼,"Hot File 7-Pocket, Floor Stand",,"2,016.711"
Out, Sales ,"Hot File 7-Pocket, Floor Stand",All Others,731,▼,"Hot File 7-Pocket, Floor Stand",,"8,138.232"
Out, Margin ,"Howard Miller 11-1/2"" Diameter Brentwood Wall Clock",All Others,427,▼,"Howard Miller 11-1/2"" Diameter Brentwood Wall Clock",,0.375949367
Out, Profit ,"Howard Miller 11-1/2"" Diameter Brentwood Wall Clock",All Others,427,▼,"Howard Miller 11-1/2"" Diameter Brentwood Wall Clock",,256.1922
Out, Sales ,"Howard Miller 11-1/2"" Diameter Brentwood Wall Clock",All Others,427,▼,"Howard Miller 11-1/2"" Diameter Brentwood Wall Clock",,681.454
Out, Margin ,"Howard Miller 11-1/2"" Diameter Grantwood Wall Clock",All Others,862,▼,"Howard Miller 11-1/2"" Diameter Grantwood Wall Clock",,0.203448276
Out, Profit ,"Howard Miller 11-1/2"" Diameter Grantwood Wall Clock",All Others,862,▼,"Howard Miller 11-1/2"" Diameter Grantwood Wall Clock",,101.7868
Out, Sales ,"Howard Miller 11-1/2"" Diameter Grantwood Wall Clock",All Others,862,▼,"Howard Miller 11-1/2"" Diameter Grantwood Wall Clock",,500.308
Out, Margin ,"Howard Miller 11-1/2"" Diameter Ridgewood Wall Clock",All Others,419,▼,"Howard Miller 11-1/2"" Diameter Ridgewood Wall Clock",,0.378947368
Out, Profit ,"Howard Miller 11-1/2"" Diameter Ridgewood Wall Clock",All Others,419,▼,"Howard Miller 11-1/2"" Diameter Ridgewood Wall Clock",,448.7616
Out, Sales ,"Howard Miller 11-1/2"" Diameter Ridgewood Wall Clock",All Others,419,▼,"Howard Miller 11-1/2"" Diameter Ridgewood Wall Clock",,"1,184.232"
Out, Margin ,Howard Miller 12-3/4 Diameter Accuwave DS  Wall Clock,All Others,900,▼,Howard Miller 12-3/4 Diameter Accuwave DS  Wall Clock,,0.188
Out, Profit ,Howard Miller 12-3/4 Diameter Accuwave DS  Wall Clock,All Others,900,▼,Howard Miller 12-3/4 Diameter Accuwave DS  Wall Clock,,147.9372
Out, Sales ,Howard Miller 12-3/4 Diameter Accuwave DS  Wall Clock,All Others,900,▼,Howard Miller 12-3/4 Diameter Accuwave DS  Wall Clock,,786.9
Out, Margin ,"Howard Miller 12"" Round Wall Clock",All Others,674,▼,"Howard Miller 12"" Round Wall Clock",,0.265573770
Out, Profit ,"Howard Miller 12"" Round Wall Clock",All Others,674,▼,"Howard Miller 12"" Round Wall Clock",,127.2996
Out, Sales ,"Howard Miller 12"" Round Wall Clock",All Others,674,▼,"Howard Miller 12"" Round Wall Clock",,479.338
Out, Margin ,"Howard Miller 13-1/2"" Diameter Rosebrook Wall Clock",All Others,687,▼,"Howard Miller 13-1/2"" Diameter Rosebrook Wall Clock",,0.260869565
Out, Profit ,"Howard Miller 13-1/2"" Diameter Rosebrook Wall Clock",All Others,687,▼,"Howard Miller 13-1/2"" Diameter Rosebrook Wall Clock",,247.572
Out, Sales ,"Howard Miller 13-1/2"" Diameter Rosebrook Wall Clock",All Others,687,▼,"Howard Miller 13-1/2"" Diameter Rosebrook Wall Clock",,949.026
Out, Margin ,"Howard Miller 13-3/4"" Diameter Brushed Chrome Round Wall Clock",All Others,987,▼,"Howard Miller 13-3/4"" Diameter Brushed Chrome Round Wall Clock",,0.15234375
Out, Profit ,"Howard Miller 13-3/4"" Diameter Brushed Chrome Round Wall Clock",All Others,987,▼,"Howard Miller 13-3/4"" Diameter Brushed Chrome Round Wall Clock",,201.825
Out, Sales ,"Howard Miller 13-3/4"" Diameter Brushed Chrome Round Wall Clock",All Others,987,▼,"Howard Miller 13-3/4"" Diameter Brushed Chrome Round Wall Clock",,"1,324.8"
Out, Margin ,"Howard Miller 13"" Diameter Goldtone Round Wall Clock",All Others,619,▼,"Howard Miller 13"" Diameter Goldtone Round Wall Clock",,0.282432432
Out, Profit ,"Howard Miller 13"" Diameter Goldtone Round Wall Clock",All Others,619,▼,"Howard Miller 13"" Diameter Goldtone Round Wall Clock",,294.3138
Out, Sales ,"Howard Miller 13"" Diameter Goldtone Round Wall Clock",All Others,619,▼,"Howard Miller 13"" Diameter Goldtone Round Wall Clock",,"1,042.068"
Out, Margin ,"Howard Miller 13"" Diameter Pewter Finish Round Wall Clock",All Others,534,▼,"Howard Miller 13"" Diameter Pewter Finish Round Wall Clock",,0.325
Out, Profit ,"Howard Miller 13"" Diameter Pewter Finish Round Wall Clock",All Others,534,▼,"Howard Miller 13"" Diameter Pewter Finish Round Wall Clock",,340.5142
Out, Sales ,"Howard Miller 13"" Diameter Pewter Finish Round Wall Clock",All Others,534,▼,"Howard Miller 13"" Diameter Pewter Finish Round Wall Clock",,"1,047.736"
Out, Margin ,"Howard Miller 14-1/2"" Diameter Chrome Round Wall Clock",All Others,786,▼,"Howard Miller 14-1/2"" Diameter Chrome Round Wall Clock",,0.2296875
Out, Profit ,"Howard Miller 14-1/2"" Diameter Chrome Round Wall Clock",All Others,786,▼,"Howard Miller 14-1/2"" Diameter Chrome Round Wall Clock",,375.9672
Out, Sales ,"Howard Miller 14-1/2"" Diameter Chrome Round Wall Clock",All Others,786,▼,"Howard Miller 14-1/2"" Diameter Chrome Round Wall Clock",,"1,636.864"
Out, Margin ,"Howard Miller 16"" Diameter Gallery Wall Clock",All Others,902,▼,"Howard Miller 16"" Diameter Gallery Wall Clock",,0.186666667
Out, Profit ,"Howard Miller 16"" Diameter Gallery Wall Clock",All Others,902,▼,"Howard Miller 16"" Diameter Gallery Wall Clock",,107.4192
Out, Sales ,"Howard Miller 16"" Diameter Gallery Wall Clock",All Others,902,▼,"Howard Miller 16"" Diameter Gallery Wall Clock",,575.46
Out, Margin ,Howard Miller Distant Time Traveler Alarm Clock,All Others,464,▼,Howard Miller Distant Time Traveler Alarm Clock,,0.361340206
Out, Profit ,Howard Miller Distant Time Traveler Alarm Clock,All Others,464,▼,Howard Miller Distant Time Traveler Alarm Clock,,192.2142
Out, Sales ,Howard Miller Distant Time Traveler Alarm Clock,All Others,464,▼,Howard Miller Distant Time Traveler Alarm Clock,,531.948
Out, Margin ,"HP Designjet T520 Inkjet Large Format Printer - 24"" Color",All Others,808,▼,"HP Designjet T520 Inkjet Large Format Printer - 24"" Color",,0.222857143
Out, Profit ,"HP Designjet T520 Inkjet Large Format Printer - 24"" Color",All Others,808,▼,"HP Designjet T520 Inkjet Large Format Printer - 24"" Color",,"4,094.9766"
Out, Sales ,"HP Designjet T520 Inkjet Large Format Printer - 24"" Color",All Others,808,▼,"HP Designjet T520 Inkjet Large Format Printer - 24"" Color",,"18,374.895"
Out, Margin ,HP Office Paper (20Lb. and 87 Bright),All Others,196,▼,HP Office Paper (20Lb. and 87 Bright),,0.44
Out, Profit ,HP Office Paper (20Lb. and 87 Bright),All Others,196,▼,HP Office Paper (20Lb. and 87 Bright),,38.2096
Out, Sales ,HP Office Paper (20Lb. and 87 Bright),All Others,196,▼,HP Office Paper (20Lb. and 87 Bright),,86.84
Out, Margin ,HP Office Recycled Paper (20Lb. and 87 Bright),All Others,52,▼,HP Office Recycled Paper (20Lb. and 87 Bright),,0.473369565
Out, Profit ,HP Office Recycled Paper (20Lb. and 87 Bright),All Others,52,▼,HP Office Recycled Paper (20Lb. and 87 Bright),,50.3438
Out, Sales ,HP Office Recycled Paper (20Lb. and 87 Bright),All Others,52,▼,HP Office Recycled Paper (20Lb. and 87 Bright),,106.352
Out, Margin ,"HP Officejet Pro 8600 e-All-In-One Printer, Copier, Scanner, Fax",All Others,"1,085",▼,"HP Officejet Pro 8600 e-All-In-One Printer, Copier, Scanner, Fax",,0.106666667
Out, Profit ,"HP Officejet Pro 8600 e-All-In-One Printer, Copier, Scanner, Fax",All Others,"1,085",▼,"HP Officejet Pro 8600 e-All-In-One Printer, Copier, Scanner, Fax",,47.9968
Out, Sales ,"HP Officejet Pro 8600 e-All-In-One Printer, Copier, Scanner, Fax",All Others,"1,085",▼,"HP Officejet Pro 8600 e-All-In-One Printer, Copier, Scanner, Fax",,449.97
Out, Margin ,"Hunt BOSTON Model 1606 High-Volume Electric Pencil Sharpener, Beige",All Others,"1,101",▼,"Hunt BOSTON Model 1606 High-Volume Electric Pencil Sharpener, Beige",,0.1
Out, Profit ,"Hunt BOSTON Model 1606 High-Volume Electric Pencil Sharpener, Beige",All Others,"1,101",▼,"Hunt BOSTON Model 1606 High-Volume Electric Pencil Sharpener, Beige",,111.3024
Out, Sales ,"Hunt BOSTON Model 1606 High-Volume Electric Pencil Sharpener, Beige",All Others,"1,101",▼,"Hunt BOSTON Model 1606 High-Volume Electric Pencil Sharpener, Beige",,"1,113.024"
Out, Margin ,Hunt Boston Vacuum Mount KS Pencil Sharpener,All Others,790,▼,Hunt Boston Vacuum Mount KS Pencil Sharpener,,0.229166667
Out, Profit ,Hunt Boston Vacuum Mount KS Pencil Sharpener,All Others,790,▼,Hunt Boston Vacuum Mount KS Pencil Sharpener,,153.956
Out, Sales ,Hunt Boston Vacuum Mount KS Pencil Sharpener,All Others,790,▼,Hunt Boston Vacuum Mount KS Pencil Sharpener,,671.808
Out, Margin ,"Hunt BOSTON Vista Battery-Operated Pencil Sharpener, Black",All Others,898,▼,"Hunt BOSTON Vista Battery-Operated Pencil Sharpener, Black",,0.188888889
Out, Profit ,"Hunt BOSTON Vista Battery-Operated Pencil Sharpener, Black",All Others,898,▼,"Hunt BOSTON Vista Battery-Operated Pencil Sharpener, Black",,15.8576
Out, Sales ,"Hunt BOSTON Vista Battery-Operated Pencil Sharpener, Black",All Others,898,▼,"Hunt BOSTON Vista Battery-Operated Pencil Sharpener, Black",,83.952
Out, Margin ,"Hunt PowerHouse Electric Pencil Sharpener, Blue",All Others,645,▼,"Hunt PowerHouse Electric Pencil Sharpener, Blue",,0.276995305
Out, Profit ,"Hunt PowerHouse Electric Pencil Sharpener, Blue",All Others,645,▼,"Hunt PowerHouse Electric Pencil Sharpener, Blue",,448.164
Out, Sales ,"Hunt PowerHouse Electric Pencil Sharpener, Blue",All Others,645,▼,"Hunt PowerHouse Electric Pencil Sharpener, Blue",,"1,617.948"
Out, Margin ,I.R.I.S IRISCard Anywhere 5 Card Scanner,All Others,226,▼,I.R.I.S IRISCard Anywhere 5 Card Scanner,,0.433333333
Out, Profit ,I.R.I.S IRISCard Anywhere 5 Card Scanner,All Others,226,▼,I.R.I.S IRISCard Anywhere 5 Card Scanner,,152.0883
Out, Sales ,I.R.I.S IRISCard Anywhere 5 Card Scanner,All Others,226,▼,I.R.I.S IRISCard Anywhere 5 Card Scanner,,350.973
Out, Margin ,Ibico Covers for Plastic or Wire Binding Elements,All Others,558,▼,Ibico Covers for Plastic or Wire Binding Elements,,0.3125
Out, Profit ,Ibico Covers for Plastic or Wire Binding Elements,All Others,558,▼,Ibico Covers for Plastic or Wire Binding Elements,,57.5
Out, Sales ,Ibico Covers for Plastic or Wire Binding Elements,All Others,558,▼,Ibico Covers for Plastic or Wire Binding Elements,,184
Out, Margin ,Ibico EB-19 Dual Function Manual Binding System,All Others,520,▼,Ibico EB-19 Dual Function Manual Binding System,,0.335828877
Out, Profit ,Ibico EB-19 Dual Function Manual Binding System,All Others,520,▼,Ibico EB-19 Dual Function Manual Binding System,,"1,086.3772"
Out, Sales ,Ibico EB-19 Dual Function Manual Binding System,All Others,520,▼,Ibico EB-19 Dual Function Manual Binding System,,"3,234.913"
Out, Margin ,Ibico EPK-21 Electric Binding System,All Others,844,▼,Ibico EPK-21 Electric Binding System,,0.210714286
Out, Profit ,Ibico EPK-21 Electric Binding System,All Others,844,▼,Ibico EPK-21 Electric Binding System,,"3,345.2823"
Out, Sales ,Ibico EPK-21 Electric Binding System,All Others,844,▼,Ibico EPK-21 Electric Binding System,,"15,875.916"
Out, Margin ,Ibico Hi-Tech Manual Binding System,All Others,"1,307",▼,Ibico Hi-Tech Manual Binding System,,-0.056497175
Out, Profit ,Ibico Hi-Tech Manual Binding System,All Others,"1,307",▼,Ibico Hi-Tech Manual Binding System,,-304.990000000
Out, Sales ,Ibico Hi-Tech Manual Binding System,All Others,"1,307",▼,Ibico Hi-Tech Manual Binding System,,"5,398.323"
Out, Margin ,Ibico Ibimaster 300 Manual Binding System,All Others,597,▼,Ibico Ibimaster 300 Manual Binding System,,0.290322581
Out, Profit ,Ibico Ibimaster 300 Manual Binding System,All Others,597,▼,Ibico Ibimaster 300 Manual Binding System,,"2,318.337"
Out, Sales ,Ibico Ibimaster 300 Manual Binding System,All Others,597,▼,Ibico Ibimaster 300 Manual Binding System,,"7,985.383"
Out, Margin ,Ibico Laser Imprintable Binding System Covers,All Others,"1,042",▼,Ibico Laser Imprintable Binding System Covers,,0.125714286
Out, Profit ,Ibico Laser Imprintable Binding System Covers,All Others,"1,042",▼,Ibico Laser Imprintable Binding System Covers,,138.336
Out, Sales ,Ibico Laser Imprintable Binding System Covers,All Others,"1,042",▼,Ibico Laser Imprintable Binding System Covers,,"1,100.4"
Out, Margin ,Ibico Plastic and Wire Spiral Binding Combs,All Others,"1,090",▼,Ibico Plastic and Wire Spiral Binding Combs,,0.103643725
Out, Profit ,Ibico Plastic and Wire Spiral Binding Combs,All Others,"1,090",▼,Ibico Plastic and Wire Spiral Binding Combs,,21.5808
Out, Sales ,Ibico Plastic and Wire Spiral Binding Combs,All Others,"1,090",▼,Ibico Plastic and Wire Spiral Binding Combs,,208.221
Out, Margin ,Ibico Plastic Spiral Binding Combs,All Others,585,▼,Ibico Plastic Spiral Binding Combs,,0.298895028
Out, Profit ,Ibico Plastic Spiral Binding Combs,All Others,585,▼,Ibico Plastic Spiral Binding Combs,,328.928
Out, Sales ,Ibico Plastic Spiral Binding Combs,All Others,585,▼,Ibico Plastic Spiral Binding Combs,,"1,100.48"
Out, Margin ,Ibico Presentation Index for Binding Systems,All Others,852,▼,Ibico Presentation Index for Binding Systems,,0.209392265
Out, Profit ,Ibico Presentation Index for Binding Systems,All Others,852,▼,Ibico Presentation Index for Binding Systems,,15.0842
Out, Sales ,Ibico Presentation Index for Binding Systems,All Others,852,▼,Ibico Presentation Index for Binding Systems,,72.038
Out, Margin ,Ibico Recycled Grain-Textured Covers,All Others,"1,211",▼,Ibico Recycled Grain-Textured Covers,,0.024390244
Out, Profit ,Ibico Recycled Grain-Textured Covers,All Others,"1,211",▼,Ibico Recycled Grain-Textured Covers,,3.454000000
Out, Sales ,Ibico Recycled Grain-Textured Covers,All Others,"1,211",▼,Ibico Recycled Grain-Textured Covers,,141.614
Out, Margin ,Ibico Recycled Linen-Style Covers,All Others,490,▼,Ibico Recycled Linen-Style Covers,,0.35
Out, Profit ,Ibico Recycled Linen-Style Covers,All Others,490,▼,Ibico Recycled Linen-Style Covers,,262.4832
Out, Sales ,Ibico Recycled Linen-Style Covers,All Others,490,▼,Ibico Recycled Linen-Style Covers,,749.952
Out, Margin ,Ibico Standard Transparent Covers,All Others,668,▼,Ibico Standard Transparent Covers,,0.268354430
Out, Profit ,Ibico Standard Transparent Covers,All Others,668,▼,Ibico Standard Transparent Covers,,104.8128
Out, Sales ,Ibico Standard Transparent Covers,All Others,668,▼,Ibico Standard Transparent Covers,,390.576
Out, Margin ,"IBM Multi-Purpose Copy Paper, 8 1/2 x 11"", Case",All Others,341,▼,"IBM Multi-Purpose Copy Paper, 8 1/2 x 11"", Case",,0.405405405
Out, Profit ,"IBM Multi-Purpose Copy Paper, 8 1/2 x 11"", Case",All Others,341,▼,"IBM Multi-Purpose Copy Paper, 8 1/2 x 11"", Case",,185.88
Out, Sales ,"IBM Multi-Purpose Copy Paper, 8 1/2 x 11"", Case",All Others,341,▼,"IBM Multi-Purpose Copy Paper, 8 1/2 x 11"", Case",,458.504
Out, Margin ,Iceberg Mobile Mega Data/Printer Cart,All Others,745,▼,Iceberg Mobile Mega Data/Printer Cart,,0.241422594
Out, Profit ,Iceberg Mobile Mega Data/Printer Cart,All Others,745,▼,Iceberg Mobile Mega Data/Printer Cart,,"1,388.6082"
Out, Sales ,Iceberg Mobile Mega Data/Printer Cart,All Others,745,▼,Iceberg Mobile Mega Data/Printer Cart,,"5,751.774"
Out, Margin ,"Iceberg Nesting Folding Chair, 19w x 6d x 43h",All Others,969,▼,"Iceberg Nesting Folding Chair, 19w x 6d x 43h",,0.159706960
Out, Profit ,"Iceberg Nesting Folding Chair, 19w x 6d x 43h",All Others,969,▼,"Iceberg Nesting Folding Chair, 19w x 6d x 43h",,253.8392
Out, Sales ,"Iceberg Nesting Folding Chair, 19w x 6d x 43h",All Others,969,▼,"Iceberg Nesting Folding Chair, 19w x 6d x 43h",,"1,589.406"
Out, Margin ,"Iceberg OfficeWorks 42"" Round Tables",All Others,"1,367",▼,"Iceberg OfficeWorks 42"" Round Tables",,-0.113537118
Out, Profit ,"Iceberg OfficeWorks 42"" Round Tables",All Others,"1,367",▼,"Iceberg OfficeWorks 42"" Round Tables",,-392.548
Out, Sales ,"Iceberg OfficeWorks 42"" Round Tables",All Others,"1,367",▼,"Iceberg OfficeWorks 42"" Round Tables",,"3,457.442"
Out, Margin ,Ideal Clamps,All Others,274,▼,Ideal Clamps,,0.423630137
Out, Profit ,Ideal Clamps,All Others,274,▼,Ideal Clamps,,24.8637
Out, Sales ,Ideal Clamps,All Others,274,▼,Ideal Clamps,,58.692
Out, Margin ,"Important Message Pads, 50 4-1/4 x 5-1/2 Forms per Pad",All Others,319,▼,"Important Message Pads, 50 4-1/4 x 5-1/2 Forms per Pad",,0.411538462
Out, Profit ,"Important Message Pads, 50 4-1/4 x 5-1/2 Forms per Pad",All Others,319,▼,"Important Message Pads, 50 4-1/4 x 5-1/2 Forms per Pad",,22.47
Out, Sales ,"Important Message Pads, 50 4-1/4 x 5-1/2 Forms per Pad",All Others,319,▼,"Important Message Pads, 50 4-1/4 x 5-1/2 Forms per Pad",,54.6
Out, Margin ,"Ink Jet Note and Greeting Cards, 8-1/2"" x 5-1/2"" Card Size",All Others,360,▼,"Ink Jet Note and Greeting Cards, 8-1/2"" x 5-1/2"" Card Size",,0.4
Out, Profit ,"Ink Jet Note and Greeting Cards, 8-1/2"" x 5-1/2"" Card Size",All Others,360,▼,"Ink Jet Note and Greeting Cards, 8-1/2"" x 5-1/2"" Card Size",,48.5568
Out, Sales ,"Ink Jet Note and Greeting Cards, 8-1/2"" x 5-1/2"" Card Size",All Others,360,▼,"Ink Jet Note and Greeting Cards, 8-1/2"" x 5-1/2"" Card Size",,121.392
Out, Margin ,Insertable Tab Indexes For Data Binders,All Others,"1,452",▼,Insertable Tab Indexes For Data Binders,,-0.276363636
Out, Profit ,Insertable Tab Indexes For Data Binders,All Others,"1,452",▼,Insertable Tab Indexes For Data Binders,,-4.8336
Out, Sales ,Insertable Tab Indexes For Data Binders,All Others,"1,452",▼,Insertable Tab Indexes For Data Binders,,17.49
Out, Margin ,Insertable Tab Post Binder Dividers,All Others,"1,484",▼,Insertable Tab Post Binder Dividers,,-0.596385542
Out, Profit ,Insertable Tab Post Binder Dividers,All Others,"1,484",▼,Insertable Tab Post Binder Dividers,,-39.699
Out, Sales ,Insertable Tab Post Binder Dividers,All Others,"1,484",▼,Insertable Tab Post Binder Dividers,,66.566
Out, Margin ,"Inter-Office Recycled Envelopes, Brown Kraft, Button-String,10"" x 13"" , 100/Box",All Others,320,▼,"Inter-Office Recycled Envelopes, Brown Kraft, Button-String,10"" x 13"" , 100/Box",,0.411111111
Out, Profit ,"Inter-Office Recycled Envelopes, Brown Kraft, Button-String,10"" x 13"" , 100/Box",All Others,320,▼,"Inter-Office Recycled Envelopes, Brown Kraft, Button-String,10"" x 13"" , 100/Box",,81.326
Out, Sales ,"Inter-Office Recycled Envelopes, Brown Kraft, Button-String,10"" x 13"" , 100/Box",All Others,320,▼,"Inter-Office Recycled Envelopes, Brown Kraft, Button-String,10"" x 13"" , 100/Box",,197.82
Out, Margin ,"Iris 3-Drawer Stacking Bin, Black",All Others,"1,407",▼,"Iris 3-Drawer Stacking Bin, Black",,-0.152941176
Out, Profit ,"Iris 3-Drawer Stacking Bin, Black",All Others,"1,407",▼,"Iris 3-Drawer Stacking Bin, Black",,-43.4512
Out, Sales ,"Iris 3-Drawer Stacking Bin, Black",All Others,"1,407",▼,"Iris 3-Drawer Stacking Bin, Black",,284.104
Out, Margin ,Iris Project Case,All Others,831,▼,Iris Project Case,,0.212765957
Out, Profit ,Iris Project Case,All Others,831,▼,Iris Project Case,,47.88
Out, Sales ,Iris Project Case,All Others,831,▼,Iris Project Case,,225.036
Out, Margin ,"It's Hot Message Books with Stickers, 2 3/4"" x 5""",All Others,440,▼,"It's Hot Message Books with Stickers, 2 3/4"" x 5""",,0.369266055
Out, Profit ,"It's Hot Message Books with Stickers, 2 3/4"" x 5""",All Others,440,▼,"It's Hot Message Books with Stickers, 2 3/4"" x 5""",,59.57
Out, Sales ,"It's Hot Message Books with Stickers, 2 3/4"" x 5""",All Others,440,▼,"It's Hot Message Books with Stickers, 2 3/4"" x 5""",,161.32
Out, Margin ,Jet-Pak Recycled Peel 'N' Seal Padded Mailers,All Others,545,▼,Jet-Pak Recycled Peel 'N' Seal Padded Mailers,,0.321428571
Out, Profit ,Jet-Pak Recycled Peel 'N' Seal Padded Mailers,All Others,545,▼,Jet-Pak Recycled Peel 'N' Seal Padded Mailers,,177.6555
Out, Sales ,Jet-Pak Recycled Peel 'N' Seal Padded Mailers,All Others,545,▼,Jet-Pak Recycled Peel 'N' Seal Padded Mailers,,552.706
Out, Margin ,Jiffy Padded Mailers with Self-Seal Closure,All Others,461,▼,Jiffy Padded Mailers with Self-Seal Closure,,0.3625
Out, Profit ,Jiffy Padded Mailers with Self-Seal Closure,All Others,461,▼,Jiffy Padded Mailers with Self-Seal Closure,,10.8054
Out, Sales ,Jiffy Padded Mailers with Self-Seal Closure,All Others,461,▼,Jiffy Padded Mailers with Self-Seal Closure,,29.808
Out, Margin ,JM Magazine Binder,All Others,740,▼,JM Magazine Binder,,0.245161290
Out, Profit ,JM Magazine Binder,All Others,740,▼,JM Magazine Binder,,50.1904
Out, Sales ,JM Magazine Binder,All Others,740,▼,JM Magazine Binder,,204.724
Out, Margin ,Kensington 4 Outlet MasterPiece Compact Power Control Center,All Others,984,▼,Kensington 4 Outlet MasterPiece Compact Power Control Center,,0.152941176
Out, Profit ,Kensington 4 Outlet MasterPiece Compact Power Control Center,All Others,984,▼,Kensington 4 Outlet MasterPiece Compact Power Control Center,,380.5776
Out, Sales ,Kensington 4 Outlet MasterPiece Compact Power Control Center,All Others,984,▼,Kensington 4 Outlet MasterPiece Compact Power Control Center,,"2,488.392"
Out, Margin ,Kensington 6 Outlet Guardian Standard Surge Protector,All Others,662,▼,Kensington 6 Outlet Guardian Standard Surge Protector,,0.27
Out, Profit ,Kensington 6 Outlet Guardian Standard Surge Protector,All Others,662,▼,Kensington 6 Outlet Guardian Standard Surge Protector,,110.592
Out, Sales ,Kensington 6 Outlet Guardian Standard Surge Protector,All Others,662,▼,Kensington 6 Outlet Guardian Standard Surge Protector,,409.6
Out, Margin ,Kensington 6 Outlet MasterPiece HOMEOFFICE Power Control Center,All Others,603,▼,Kensington 6 Outlet MasterPiece HOMEOFFICE Power Control Center,,0.29
Out, Profit ,Kensington 6 Outlet MasterPiece HOMEOFFICE Power Control Center,All Others,603,▼,Kensington 6 Outlet MasterPiece HOMEOFFICE Power Control Center,,235.5264
Out, Sales ,Kensington 6 Outlet MasterPiece HOMEOFFICE Power Control Center,All Others,603,▼,Kensington 6 Outlet MasterPiece HOMEOFFICE Power Control Center,,812.16
Out, Margin ,Kensington 6 Outlet SmartSocket Surge Protector,All Others,"1,443",▼,Kensington 6 Outlet SmartSocket Surge Protector,,-0.25
Out, Profit ,Kensington 6 Outlet SmartSocket Surge Protector,All Others,"1,443",▼,Kensington 6 Outlet SmartSocket Surge Protector,,-36.882
Out, Sales ,Kensington 6 Outlet SmartSocket Surge Protector,All Others,"1,443",▼,Kensington 6 Outlet SmartSocket Surge Protector,,147.528
Out, Margin ,Kensington 7 Outlet MasterPiece HOMEOFFICE Power Control Center,All Others,797,▼,Kensington 7 Outlet MasterPiece HOMEOFFICE Power Control Center,,0.226315789
Out, Profit ,Kensington 7 Outlet MasterPiece HOMEOFFICE Power Control Center,All Others,797,▼,Kensington 7 Outlet MasterPiece HOMEOFFICE Power Control Center,,563.816
Out, Sales ,Kensington 7 Outlet MasterPiece HOMEOFFICE Power Control Center,All Others,797,▼,Kensington 7 Outlet MasterPiece HOMEOFFICE Power Control Center,,"2,491.28"
Out, Margin ,Kensington 7 Outlet MasterPiece Power Center,All Others,"1,124",▼,Kensington 7 Outlet MasterPiece Power Center,,0.079629630
Out, Profit ,Kensington 7 Outlet MasterPiece Power Center,All Others,"1,124",▼,Kensington 7 Outlet MasterPiece Power Center,,229.5942
Out, Sales ,Kensington 7 Outlet MasterPiece Power Center,All Others,"1,124",▼,Kensington 7 Outlet MasterPiece Power Center,,"2,883.276"
Out, Margin ,Kensington 7 Outlet MasterPiece Power Center with Fax/Phone Line Protection,All Others,836,▼,Kensington 7 Outlet MasterPiece Power Center with Fax/Phone Line Protection,,0.211267606
Out, Profit ,Kensington 7 Outlet MasterPiece Power Center with Fax/Phone Line Protection,All Others,836,▼,Kensington 7 Outlet MasterPiece Power Center with Fax/Phone Line Protection,,311.22
Out, Sales ,Kensington 7 Outlet MasterPiece Power Center with Fax/Phone Line Protection,All Others,836,▼,Kensington 7 Outlet MasterPiece Power Center with Fax/Phone Line Protection,,"1,473.108"
Out, Margin ,KI Adjustable-Height Table,All Others,"1,305",▼,KI Adjustable-Height Table,,-0.054579792
Out, Profit ,KI Adjustable-Height Table,All Others,"1,305",▼,KI Adjustable-Height Table,,-248.4822
Out, Sales ,KI Adjustable-Height Table,All Others,"1,305",▼,KI Adjustable-Height Table,,"4,552.641"
Out, Margin ,KI Conference Tables,All Others,"1,438",▼,KI Conference Tables,,-0.223841060
Out, Profit ,KI Conference Tables,All Others,"1,438",▼,KI Conference Tables,,-479.2164
Out, Sales ,KI Conference Tables,All Others,"1,438",▼,KI Conference Tables,,"2,140.878"
Out, Margin ,Kleencut Forged Office Shears by Acme United Corporation,All Others,749,▼,Kleencut Forged Office Shears by Acme United Corporation,,0.239130435
Out, Profit ,Kleencut Forged Office Shears by Acme United Corporation,All Others,749,▼,Kleencut Forged Office Shears by Acme United Corporation,,2.288
Out, Sales ,Kleencut Forged Office Shears by Acme United Corporation,All Others,749,▼,Kleencut Forged Office Shears by Acme United Corporation,,9.568
Out, Margin ,Konica Minolta magicolor 1690MF Multifunction Printer,All Others,439,▼,Konica Minolta magicolor 1690MF Multifunction Printer,,0.37
Out, Profit ,Konica Minolta magicolor 1690MF Multifunction Printer,All Others,439,▼,Konica Minolta magicolor 1690MF Multifunction Printer,,118.3704
Out, Sales ,Konica Minolta magicolor 1690MF Multifunction Printer,All Others,439,▼,Konica Minolta magicolor 1690MF Multifunction Printer,,319.92
Out, Margin ,Laminate Occasional Tables,All Others,"1,356",▼,Laminate Occasional Tables,,-0.098529412
Out, Profit ,Laminate Occasional Tables,All Others,"1,356",▼,Laminate Occasional Tables,,-206.5342
Out, Sales ,Laminate Occasional Tables,All Others,"1,356",▼,Laminate Occasional Tables,,"2,096.168"
Out, Margin ,Large Capacity Hanging Post Binders,All Others,"1,320",▼,Large Capacity Hanging Post Binders,,-0.070270270
Out, Profit ,Large Capacity Hanging Post Binders,All Others,"1,320",▼,Large Capacity Hanging Post Binders,,-19.461
Out, Sales ,Large Capacity Hanging Post Binders,All Others,"1,320",▼,Large Capacity Hanging Post Binders,,276.945
Out, Margin ,Laser & Ink Jet Business Envelopes,All Others,287,▼,Laser & Ink Jet Business Envelopes,,0.419354839
Out, Profit ,Laser & Ink Jet Business Envelopes,All Others,287,▼,Laser & Ink Jet Business Envelopes,,83.226
Out, Sales ,Laser & Ink Jet Business Envelopes,All Others,287,▼,Laser & Ink Jet Business Envelopes,,198.462
Out, Margin ,"Leather Task Chair, Black",All Others,"1,192",▼,"Leather Task Chair, Black",,0.037974684
Out, Profit ,"Leather Task Chair, Black",All Others,"1,192",▼,"Leather Task Chair, Black",,54.588
Out, Sales ,"Leather Task Chair, Black",All Others,"1,192",▼,"Leather Task Chair, Black",,"1,437.484"
Out, Margin ,"Lesro Round Back Collection Coffee Table, End Table",All Others,"1,370",▼,"Lesro Round Back Collection Coffee Table, End Table",,-0.115384615
Out, Profit ,"Lesro Round Back Collection Coffee Table, End Table",All Others,"1,370",▼,"Lesro Round Back Collection Coffee Table, End Table",,-328.59
Out, Sales ,"Lesro Round Back Collection Coffee Table, End Table",All Others,"1,370",▼,"Lesro Round Back Collection Coffee Table, End Table",,"2,847.78"
Out, Margin ,"Lesro Sheffield Collection Coffee Table, End Table, Center Table, Corner Table",All Others,"1,241",▼,"Lesro Sheffield Collection Coffee Table, End Table, Center Table, Corner Table",,-0.005279503
Out, Profit ,"Lesro Sheffield Collection Coffee Table, End Table, Center Table, Corner Table",All Others,"1,241",▼,"Lesro Sheffield Collection Coffee Table, End Table, Center Table, Corner Table",,-12.132900000
Out, Sales ,"Lesro Sheffield Collection Coffee Table, End Table, Center Table, Corner Table",All Others,"1,241",▼,"Lesro Sheffield Collection Coffee Table, End Table, Center Table, Corner Table",,"2,298.114"
Out, Margin ,Letter or Legal Size Expandable Poly String Tie Envelopes,All Others,334,▼,Letter or Legal Size Expandable Poly String Tie Envelopes,,0.408695652
Out, Profit ,Letter or Legal Size Expandable Poly String Tie Envelopes,All Others,334,▼,Letter or Legal Size Expandable Poly String Tie Envelopes,,15.0024
Out, Sales ,Letter or Legal Size Expandable Poly String Tie Envelopes,All Others,334,▼,Letter or Legal Size Expandable Poly String Tie Envelopes,,36.708
Out, Margin ,Letter Size Cart,All Others,654,▼,Letter Size Cart,,0.272360248
Out, Profit ,Letter Size Cart,All Others,654,▼,Letter Size Cart,,"1,252.8822"
Out, Sales ,Letter Size Cart,All Others,654,▼,Letter Size Cart,,"4,600.092"
Out, Margin ,Letter Size File,All Others,938,▼,Letter Size File,,0.174418605
Out, Profit ,Letter Size File,All Others,938,▼,Letter Size File,,59.55
Out, Sales ,Letter Size File,All Others,938,▼,Letter Size File,,341.42
Out, Margin ,Letter Slitter,All Others,"1,204",▼,Letter Slitter,,0.03
Out, Profit ,Letter Slitter,All Others,"1,204",▼,Letter Slitter,,0.3024
Out, Sales ,Letter Slitter,All Others,"1,204",▼,Letter Slitter,,10.08
Out, Margin ,"Letter/Legal File Tote with Clear Snap-On Lid, Black Granite",All Others,752,▼,"Letter/Legal File Tote with Clear Snap-On Lid, Black Granite",,0.238235294
Out, Profit ,"Letter/Legal File Tote with Clear Snap-On Lid, Black Granite",All Others,752,▼,"Letter/Legal File Tote with Clear Snap-On Lid, Black Granite",,52.0344
Out, Sales ,"Letter/Legal File Tote with Clear Snap-On Lid, Black Granite",All Others,752,▼,"Letter/Legal File Tote with Clear Snap-On Lid, Black Granite",,218.416
Out, Margin ,Lexmark 20R1285 X6650 Wireless All-in-One Printer,All Others,455,▼,Lexmark 20R1285 X6650 Wireless All-in-One Printer,,0.364
Out, Profit ,Lexmark 20R1285 X6650 Wireless All-in-One Printer,All Others,455,▼,Lexmark 20R1285 X6650 Wireless All-in-One Printer,,218.4
Out, Sales ,Lexmark 20R1285 X6650 Wireless All-in-One Printer,All Others,455,▼,Lexmark 20R1285 X6650 Wireless All-in-One Printer,,600
Out, Margin ,Lexmark MarkNet N8150 Wireless Print Server,All Others,"1,486",▼,Lexmark MarkNet N8150 Wireless Print Server,,-0.7
Out, Profit ,Lexmark MarkNet N8150 Wireless Print Server,All Others,"1,486",▼,Lexmark MarkNet N8150 Wireless Print Server,,-506.457
Out, Sales ,Lexmark MarkNet N8150 Wireless Print Server,All Others,"1,486",▼,Lexmark MarkNet N8150 Wireless Print Server,,723.51
Out, Margin ,Lexmark MX611dhe Monochrome Laser Printer,All Others,"1,451",▼,Lexmark MX611dhe Monochrome Laser Printer,,-0.272727273
Out, Profit ,Lexmark MX611dhe Monochrome Laser Printer,All Others,"1,451",▼,Lexmark MX611dhe Monochrome Laser Printer,,"-4,589.973"
Out, Sales ,Lexmark MX611dhe Monochrome Laser Printer,All Others,"1,451",▼,Lexmark MX611dhe Monochrome Laser Printer,,"16,829.901"
Out, Margin ,Lexmark S315 Color Inkjet Printer,All Others,"1,057",▼,Lexmark S315 Color Inkjet Printer,,0.116666667
Out, Profit ,Lexmark S315 Color Inkjet Printer,All Others,"1,057",▼,Lexmark S315 Color Inkjet Printer,,34.9965
Out, Sales ,Lexmark S315 Color Inkjet Printer,All Others,"1,057",▼,Lexmark S315 Color Inkjet Printer,,299.97
Out, Margin ,Lexmark X 9575 Professional All-in-One Color Printer,All Others,34,▼,Lexmark X 9575 Professional All-in-One Color Printer,,0.48
Out, Profit ,Lexmark X 9575 Professional All-in-One Color Printer,All Others,34,▼,Lexmark X 9575 Professional All-in-One Color Printer,,190.08
Out, Sales ,Lexmark X 9575 Professional All-in-One Color Printer,All Others,34,▼,Lexmark X 9575 Professional All-in-One Color Printer,,396
Out, Margin ,"Lifetime Advantage Folding Chairs, 4/Carton",All Others,903,▼,"Lifetime Advantage Folding Chairs, 4/Carton",,0.186610879
Out, Profit ,"Lifetime Advantage Folding Chairs, 4/Carton",All Others,903,▼,"Lifetime Advantage Folding Chairs, 4/Carton",,972.6368
Out, Sales ,"Lifetime Advantage Folding Chairs, 4/Carton",All Others,903,▼,"Lifetime Advantage Folding Chairs, 4/Carton",,"5,212.112"
Out, Margin ,"Linden 10"" Round Wall Clock, Black",All Others,956,▼,"Linden 10"" Round Wall Clock, Black",,0.165060241
Out, Profit ,"Linden 10"" Round Wall Clock, Black",All Others,956,▼,"Linden 10"" Round Wall Clock, Black",,41.8672
Out, Sales ,"Linden 10"" Round Wall Clock, Black",All Others,956,▼,"Linden 10"" Round Wall Clock, Black",,253.648
Out, Margin ,"Linden 12"" Wall Clock With Oak Frame",All Others,583,▼,"Linden 12"" Wall Clock With Oak Frame",,0.3
Out, Profit ,"Linden 12"" Wall Clock With Oak Frame",All Others,583,▼,"Linden 12"" Wall Clock With Oak Frame",,30.582
Out, Sales ,"Linden 12"" Wall Clock With Oak Frame",All Others,583,▼,"Linden 12"" Wall Clock With Oak Frame",,101.94
Out, Margin ,Lock-Up Easel 'Spel-Binder',All Others,"1,163",▼,Lock-Up Easel 'Spel-Binder',,0.055870445
Out, Profit ,Lock-Up Easel 'Spel-Binder',All Others,"1,163",▼,Lock-Up Easel 'Spel-Binder',,39.3714
Out, Sales ,Lock-Up Easel 'Spel-Binder',All Others,"1,163",▼,Lock-Up Easel 'Spel-Binder',,704.691
Out, Margin ,Longer-Life Soft White Bulbs,All Others,393,▼,Longer-Life Soft White Bulbs,,0.388235294
Out, Profit ,Longer-Life Soft White Bulbs,All Others,393,▼,Longer-Life Soft White Bulbs,,44.7216
Out, Sales ,Longer-Life Soft White Bulbs,All Others,393,▼,Longer-Life Soft White Bulbs,,115.192
Out, Margin ,Loose Memo Sheets,All Others,74,▼,Loose Memo Sheets,,0.47
Out, Profit ,Loose Memo Sheets,All Others,74,▼,Loose Memo Sheets,,8.5775
Out, Sales ,Loose Memo Sheets,All Others,74,▼,Loose Memo Sheets,,18.25
Out, Margin ,Lumber Crayons,All Others,540,▼,Lumber Crayons,,0.322988506
Out, Profit ,Lumber Crayons,All Others,540,▼,Lumber Crayons,,55.357
Out, Sales ,Lumber Crayons,All Others,540,▼,Lumber Crayons,,171.39
Out, Margin ,Luxo Adjustable Task Clamp Lamp,All Others,768,▼,Luxo Adjustable Task Clamp Lamp,,0.234482759
Out, Profit ,Luxo Adjustable Task Clamp Lamp,All Others,768,▼,Luxo Adjustable Task Clamp Lamp,,362.4672
Out, Sales ,Luxo Adjustable Task Clamp Lamp,All Others,768,▼,Luxo Adjustable Task Clamp Lamp,,"1,545.816"
Out, Margin ,Luxo Economy Swing Arm Lamp,All Others,631,▼,Luxo Economy Swing Arm Lamp,,0.28
Out, Profit ,Luxo Economy Swing Arm Lamp,All Others,631,▼,Luxo Economy Swing Arm Lamp,,94.9144
Out, Sales ,Luxo Economy Swing Arm Lamp,All Others,631,▼,Luxo Economy Swing Arm Lamp,,338.98
Out, Margin ,Luxo Professional Combination Clamp-On Lamps,All Others,697,▼,Luxo Professional Combination Clamp-On Lamps,,0.26
Out, Profit ,Luxo Professional Combination Clamp-On Lamps,All Others,697,▼,Luxo Professional Combination Clamp-On Lamps,,345.774
Out, Sales ,Luxo Professional Combination Clamp-On Lamps,All Others,697,▼,Luxo Professional Combination Clamp-On Lamps,,"1,329.9"
Out, Margin ,Luxo Professional Fluorescent Magnifier Lamp with Clamp-Mount Base,All Others,"1,130",▼,Luxo Professional Fluorescent Magnifier Lamp with Clamp-Mount Base,,0.075
Out, Profit ,Luxo Professional Fluorescent Magnifier Lamp with Clamp-Mount Base,All Others,"1,130",▼,Luxo Professional Fluorescent Magnifier Lamp with Clamp-Mount Base,,289.5792
Out, Sales ,Luxo Professional Fluorescent Magnifier Lamp with Clamp-Mount Base,All Others,"1,130",▼,Luxo Professional Fluorescent Magnifier Lamp with Clamp-Mount Base,,"3,861.056"
Out, Margin ,Luxo Professional Magnifying Clamp-On Fluorescent Lamps,All Others,"1,120",▼,Luxo Professional Magnifying Clamp-On Fluorescent Lamps,,0.083606557
Out, Profit ,Luxo Professional Magnifying Clamp-On Fluorescent Lamps,All Others,"1,120",▼,Luxo Professional Magnifying Clamp-On Fluorescent Lamps,,106.0902
Out, Sales ,Luxo Professional Magnifying Clamp-On Fluorescent Lamps,All Others,"1,120",▼,Luxo Professional Magnifying Clamp-On Fluorescent Lamps,,"1,268.922"
Out, Margin ,Magna Visual Magnetic Picture Hangers,All Others,526,▼,Magna Visual Magnetic Picture Hangers,,0.330681818
Out, Profit ,Magna Visual Magnetic Picture Hangers,All Others,526,▼,Magna Visual Magnetic Picture Hangers,,28.0524
Out, Sales ,Magna Visual Magnetic Picture Hangers,All Others,526,▼,Magna Visual Magnetic Picture Hangers,,84.832
Out, Margin ,Magnifier Swing Arm Lamp,All Others,691,▼,Magnifier Swing Arm Lamp,,0.26
Out, Profit ,Magnifier Swing Arm Lamp,All Others,691,▼,Magnifier Swing Arm Lamp,,65.4576
Out, Sales ,Magnifier Swing Arm Lamp,All Others,691,▼,Magnifier Swing Arm Lamp,,251.76
Out, Margin ,Manco Dry-Lighter Erasable Highlighter,All Others,550,▼,Manco Dry-Lighter Erasable Highlighter,,0.317241379
Out, Profit ,Manco Dry-Lighter Erasable Highlighter,All Others,550,▼,Manco Dry-Lighter Erasable Highlighter,,27.968
Out, Sales ,Manco Dry-Lighter Erasable Highlighter,All Others,550,▼,Manco Dry-Lighter Erasable Highlighter,,88.16
Out, Margin ,"Manila Recycled Extra-Heavyweight Clasp Envelopes, 6"" x 9""",All Others,295,▼,"Manila Recycled Extra-Heavyweight Clasp Envelopes, 6"" x 9""",,0.418421053
Out, Profit ,"Manila Recycled Extra-Heavyweight Clasp Envelopes, 6"" x 9""",All Others,295,▼,"Manila Recycled Extra-Heavyweight Clasp Envelopes, 6"" x 9""",,52.3746
Out, Sales ,"Manila Recycled Extra-Heavyweight Clasp Envelopes, 6"" x 9""",All Others,295,▼,"Manila Recycled Extra-Heavyweight Clasp Envelopes, 6"" x 9""",,125.172
Out, Margin ,Martin Yale Chadless Opener Electric Letter Opener,All Others,"1,332",▼,Martin Yale Chadless Opener Electric Letter Opener,,-0.078
Out, Profit ,Martin Yale Chadless Opener Electric Letter Opener,All Others,"1,332",▼,Martin Yale Chadless Opener Electric Letter Opener,,"-1,299.1836"
Out, Sales ,Martin Yale Chadless Opener Electric Letter Opener,All Others,"1,332",▼,Martin Yale Chadless Opener Electric Letter Opener,,"16,656.2"
Out, Margin ,Martin-Yale Premier Letter Opener,All Others,"1,304",▼,Martin-Yale Premier Letter Opener,,-0.054347826
Out, Profit ,Martin-Yale Premier Letter Opener,All Others,"1,304",▼,Martin-Yale Premier Letter Opener,,-12.88
Out, Sales ,Martin-Yale Premier Letter Opener,All Others,"1,304",▼,Martin-Yale Premier Letter Opener,,236.992
Out, Margin ,"Master Big Foot Doorstop, Beige",All Others,625,▼,"Master Big Foot Doorstop, Beige",,0.28125
Out, Profit ,"Master Big Foot Doorstop, Beige",All Others,625,▼,"Master Big Foot Doorstop, Beige",,42.768
Out, Sales ,"Master Big Foot Doorstop, Beige",All Others,625,▼,"Master Big Foot Doorstop, Beige",,152.064
Out, Margin ,"Master Caster Door Stop, Brown",All Others,641,▼,"Master Caster Door Stop, Brown",,0.279310345
Out, Profit ,"Master Caster Door Stop, Brown",All Others,641,▼,"Master Caster Door Stop, Brown",,49.3776
Out, Sales ,"Master Caster Door Stop, Brown",All Others,641,▼,"Master Caster Door Stop, Brown",,176.784
Out, Margin ,"Master Caster Door Stop, Gray",All Others,588,▼,"Master Caster Door Stop, Gray",,0.297872340
Out, Profit ,"Master Caster Door Stop, Gray",All Others,588,▼,"Master Caster Door Stop, Gray",,14.224
Out, Sales ,"Master Caster Door Stop, Gray",All Others,588,▼,"Master Caster Door Stop, Gray",,47.752
Out, Margin ,"Master Caster Door Stop, Large Brown",All Others,742,▼,"Master Caster Door Stop, Large Brown",,0.243902439
Out, Profit ,"Master Caster Door Stop, Large Brown",All Others,742,▼,"Master Caster Door Stop, Large Brown",,14.56
Out, Sales ,"Master Caster Door Stop, Large Brown",All Others,742,▼,"Master Caster Door Stop, Large Brown",,59.696
Out, Margin ,"Master Caster Door Stop, Large Neon Orange",All Others,651,▼,"Master Caster Door Stop, Large Neon Orange",,0.274056604
Out, Profit ,"Master Caster Door Stop, Large Neon Orange",All Others,651,▼,"Master Caster Door Stop, Large Neon Orange",,42.2968
Out, Sales ,"Master Caster Door Stop, Large Neon Orange",All Others,651,▼,"Master Caster Door Stop, Large Neon Orange",,154.336
Out, Margin ,"Master Giant Foot Doorstop, Safety Yellow",All Others,423,▼,"Master Giant Foot Doorstop, Safety Yellow",,0.378181818
Out, Profit ,"Master Giant Foot Doorstop, Safety Yellow",All Others,423,▼,"Master Giant Foot Doorstop, Safety Yellow",,31.5744
Out, Sales ,"Master Giant Foot Doorstop, Safety Yellow",All Others,423,▼,"Master Giant Foot Doorstop, Safety Yellow",,83.49
Out, Margin ,"Mead 1st Gear 2"" Zipper Binder, Asst. Colors",All Others,"1,321",▼,"Mead 1st Gear 2"" Zipper Binder, Asst. Colors",,-0.071428571
Out, Profit ,"Mead 1st Gear 2"" Zipper Binder, Asst. Colors",All Others,"1,321",▼,"Mead 1st Gear 2"" Zipper Binder, Asst. Colors",,-3.891
Out, Sales ,"Mead 1st Gear 2"" Zipper Binder, Asst. Colors",All Others,"1,321",▼,"Mead 1st Gear 2"" Zipper Binder, Asst. Colors",,54.474
Out, Margin ,"Memo Book, 100 Message Capacity, 5 3/8” x 11”",All Others,51,▼,"Memo Book, 100 Message Capacity, 5 3/8” x 11”",,0.473684211
Out, Profit ,"Memo Book, 100 Message Capacity, 5 3/8” x 11”",All Others,51,▼,"Memo Book, 100 Message Capacity, 5 3/8” x 11”",,36.396
Out, Sales ,"Memo Book, 100 Message Capacity, 5 3/8” x 11”",All Others,51,▼,"Memo Book, 100 Message Capacity, 5 3/8” x 11”",,76.836
Out, Margin ,"Message Book, Phone, Wirebound Standard Line Memo, 2 3/4"" X 5""",All Others,211,▼,"Message Book, Phone, Wirebound Standard Line Memo, 2 3/4"" X 5""",,0.436263736
Out, Profit ,"Message Book, Phone, Wirebound Standard Line Memo, 2 3/4"" X 5""",All Others,211,▼,"Message Book, Phone, Wirebound Standard Line Memo, 2 3/4"" X 5""",,52.007
Out, Sales ,"Message Book, Phone, Wirebound Standard Line Memo, 2 3/4"" X 5""",All Others,211,▼,"Message Book, Phone, Wirebound Standard Line Memo, 2 3/4"" X 5""",,119.21
Out, Margin ,"Message Book, Standard Line ""While You Were Out"", 5 1/2"" X 4"", 200 Sets/Book",All Others,63,▼,"Message Book, Standard Line ""While You Were Out"", 5 1/2"" X 4"", 200 Sets/Book",,0.47
Out, Profit ,"Message Book, Standard Line ""While You Were Out"", 5 1/2"" X 4"", 200 Sets/Book",All Others,63,▼,"Message Book, Standard Line ""While You Were Out"", 5 1/2"" X 4"", 200 Sets/Book",,24.1392
Out, Sales ,"Message Book, Standard Line ""While You Were Out"", 5 1/2"" X 4"", 200 Sets/Book",All Others,63,▼,"Message Book, Standard Line ""While You Were Out"", 5 1/2"" X 4"", 200 Sets/Book",,51.36
Out, Margin ,"Message Book, Wirebound, Four 5 1/2"" X 4"" Forms/Pg., 200 Dupl. Sets/Book",All Others,475,▼,"Message Book, Wirebound, Four 5 1/2"" X 4"" Forms/Pg., 200 Dupl. Sets/Book",,0.355405405
Out, Profit ,"Message Book, Wirebound, Four 5 1/2"" X 4"" Forms/Pg., 200 Dupl. Sets/Book",All Others,475,▼,"Message Book, Wirebound, Four 5 1/2"" X 4"" Forms/Pg., 200 Dupl. Sets/Book",,54.0728
Out, Sales ,"Message Book, Wirebound, Four 5 1/2"" X 4"" Forms/Pg., 200 Dupl. Sets/Book",All Others,475,▼,"Message Book, Wirebound, Four 5 1/2"" X 4"" Forms/Pg., 200 Dupl. Sets/Book",,152.144
Out, Margin ,"Metal Folding Chairs, Beige, 4/Carton",All Others,948,▼,"Metal Folding Chairs, Beige, 4/Carton",,0.168811881
Out, Profit ,"Metal Folding Chairs, Beige, 4/Carton",All Others,948,▼,"Metal Folding Chairs, Beige, 4/Carton",,115.7354
Out, Sales ,"Metal Folding Chairs, Beige, 4/Carton",All Others,948,▼,"Metal Folding Chairs, Beige, 4/Carton",,685.588
Out, Margin ,"Mini 13-1/2 Capacity Data Binder Rack, Pearl",All Others,880,▼,"Mini 13-1/2 Capacity Data Binder Rack, Pearl",,0.196428571
Out, Profit ,"Mini 13-1/2 Capacity Data Binder Rack, Pearl",All Others,880,▼,"Mini 13-1/2 Capacity Data Binder Rack, Pearl",,287.914
Out, Sales ,"Mini 13-1/2 Capacity Data Binder Rack, Pearl",All Others,880,▼,"Mini 13-1/2 Capacity Data Binder Rack, Pearl",,"1,465.744"
Out, Margin ,Mobile Personal File Cube,All Others,868,▼,Mobile Personal File Cube,,0.2015625
Out, Profit ,Mobile Personal File Cube,All Others,868,▼,Mobile Personal File Cube,,90.6354
Out, Sales ,Mobile Personal File Cube,All Others,868,▼,Mobile Personal File Cube,,449.664
Out, Margin ,Model L Table or Wall-Mount Pencil Sharpener,All Others,794,▼,Model L Table or Wall-Mount Pencil Sharpener,,0.228571429
Out, Profit ,Model L Table or Wall-Mount Pencil Sharpener,All Others,794,▼,Model L Table or Wall-Mount Pencil Sharpener,,92.1088
Out, Sales ,Model L Table or Wall-Mount Pencil Sharpener,All Others,794,▼,Model L Table or Wall-Mount Pencil Sharpener,,402.976
Out, Margin ,"Multi-Use Personal File Cart and Caster Set, Three Stacking Bins",All Others,714,▼,"Multi-Use Personal File Cart and Caster Set, Three Stacking Bins",,0.252830189
Out, Profit ,"Multi-Use Personal File Cart and Caster Set, Three Stacking Bins",All Others,714,▼,"Multi-Use Personal File Cart and Caster Set, Three Stacking Bins",,93.1568
Out, Sales ,"Multi-Use Personal File Cart and Caster Set, Three Stacking Bins",All Others,714,▼,"Multi-Use Personal File Cart and Caster Set, Three Stacking Bins",,368.456
Out, Margin ,Multicolor Computer Printout Paper,All Others,148,▼,Multicolor Computer Printout Paper,,0.451111111
Out, Profit ,Multicolor Computer Printout Paper,All Others,148,▼,Multicolor Computer Printout Paper,,851.382
Out, Sales ,Multicolor Computer Printout Paper,All Others,148,▼,Multicolor Computer Printout Paper,,"1,887.3"
Out, Margin ,Multimedia Mailers,All Others,105,▼,Multimedia Mailers,,0.46
Out, Profit ,Multimedia Mailers,All Others,105,▼,Multimedia Mailers,,149.8956
Out, Sales ,Multimedia Mailers,All Others,105,▼,Multimedia Mailers,,325.86
Out, Margin ,"Neat Ideas Personal Hanging Folder Files, Black",All Others,849,▼,"Neat Ideas Personal Hanging Folder Files, Black",,0.209708738
Out, Profit ,"Neat Ideas Personal Hanging Folder Files, Black",All Others,849,▼,"Neat Ideas Personal Hanging Folder Files, Black",,58.0176
Out, Sales ,"Neat Ideas Personal Hanging Folder Files, Black",All Others,849,▼,"Neat Ideas Personal Hanging Folder Files, Black",,276.658
Out, Margin ,NeatDesk Desktop Scanner & Digital Filing System,All Others,"1,058",▼,NeatDesk Desktop Scanner & Digital Filing System,,0.116666667
Out, Profit ,NeatDesk Desktop Scanner & Digital Filing System,All Others,"1,058",▼,NeatDesk Desktop Scanner & Digital Filing System,,55.9986
Out, Sales ,NeatDesk Desktop Scanner & Digital Filing System,All Others,"1,058",▼,NeatDesk Desktop Scanner & Digital Filing System,,479.988
Out, Margin ,Newell 3-Hole Punched Plastic Slotted Magazine Holders for Binders,All Others,"1,136",▼,Newell 3-Hole Punched Plastic Slotted Magazine Holders for Binders,,0.071428571
Out, Profit ,Newell 3-Hole Punched Plastic Slotted Magazine Holders for Binders,All Others,"1,136",▼,Newell 3-Hole Punched Plastic Slotted Magazine Holders for Binders,,3.656
Out, Sales ,Newell 3-Hole Punched Plastic Slotted Magazine Holders for Binders,All Others,"1,136",▼,Newell 3-Hole Punched Plastic Slotted Magazine Holders for Binders,,51.184
Out, Margin ,Newell 31,All Others,729,▼,Newell 31,,0.248695652
Out, Profit ,Newell 31,All Others,729,▼,Newell 31,,23.6236
Out, Sales ,Newell 31,All Others,729,▼,Newell 31,,94.99
Out, Margin ,Newell 32,All Others,712,▼,Newell 32,,0.253658537
Out, Profit ,Newell 32,All Others,712,▼,Newell 32,,11.9808
Out, Sales ,Newell 32,All Others,712,▼,Newell 32,,47.232
Out, Margin ,Newell 33,All Others,939,▼,Newell 33,,0.174418605
Out, Profit ,Newell 33,All Others,939,▼,Newell 33,,8.370000000
Out, Sales ,Newell 33,All Others,939,▼,Newell 33,,47.988
Out, Margin ,Newell 34,All Others,864,▼,Newell 34,,0.202586207
Out, Profit ,Newell 34,All Others,864,▼,Newell 34,,93.248
Out, Sales ,Newell 34,All Others,864,▼,Newell 34,,460.288
Out, Margin ,Newell 35,All Others,724,▼,Newell 35,,0.25
Out, Profit ,Newell 35,All Others,724,▼,Newell 35,,23.288
Out, Sales ,Newell 35,All Others,724,▼,Newell 35,,93.152
Out, Margin ,Newell 307,All Others,907,▼,Newell 307,,0.184905660
Out, Profit ,Newell 307,All Others,907,▼,Newell 307,,3.5672
Out, Sales ,Newell 307,All Others,907,▼,Newell 307,,19.292
Out, Margin ,Newell 308,All Others,722,▼,Newell 308,,0.25
Out, Profit ,Newell 308,All Others,722,▼,Newell 308,,2.1
Out, Sales ,Newell 308,All Others,722,▼,Newell 308,,8.4
Out, Margin ,Newell 309,All Others,930,▼,Newell 309,,0.176470588
Out, Profit ,Newell 309,All Others,930,▼,Newell 309,,34.65
Out, Sales ,Newell 309,All Others,930,▼,Newell 309,,196.35
Out, Margin ,Newell 310,All Others,890,▼,Newell 310,,0.193181818
Out, Profit ,Newell 310,All Others,890,▼,Newell 310,,7.48
Out, Sales ,Newell 310,All Others,890,▼,Newell 310,,38.72
Out, Margin ,Newell 311,All Others,834,▼,Newell 311,,0.212230216
Out, Profit ,Newell 311,All Others,834,▼,Newell 311,,13.039
Out, Sales ,Newell 311,All Others,834,▼,Newell 311,,61.438
Out, Margin ,Newell 312,All Others,998,▼,Newell 312,,0.146766169
Out, Profit ,Newell 312,All Others,998,▼,Newell 312,,34.456
Out, Sales ,Newell 312,All Others,998,▼,Newell 312,,234.768
Out, Margin ,Newell 313,All Others,991,▼,Newell 313,,0.151162791
Out, Profit ,Newell 313,All Others,991,▼,Newell 313,,4.264
Out, Sales ,Newell 313,All Others,991,▼,Newell 313,,28.208
Out, Margin ,Newell 314,All Others,992,▼,Newell 314,,0.150943396
Out, Profit ,Newell 314,All Others,992,▼,Newell 314,,17.856
Out, Sales ,Newell 314,All Others,992,▼,Newell 314,,118.296
Out, Margin ,Newell 315,All Others,782,▼,Newell 315,,0.231557377
Out, Profit ,Newell 315,All Others,782,▼,Newell 315,,33.787
Out, Sales ,Newell 315,All Others,782,▼,Newell 315,,145.912
Out, Margin ,Newell 316,All Others,935,▼,Newell 316,,0.175
Out, Profit ,Newell 316,All Others,935,▼,Newell 316,,8.2152
Out, Sales ,Newell 316,All Others,935,▼,Newell 316,,46.944
Out, Margin ,Newell 317,All Others,959,▼,Newell 317,,0.164705882
Out, Profit ,Newell 317,All Others,959,▼,Newell 317,,13.1712
Out, Sales ,Newell 317,All Others,959,▼,Newell 317,,79.968
Out, Margin ,Newell 318,All Others,774,▼,Newell 318,,0.233333333
Out, Profit ,Newell 318,All Others,774,▼,Newell 318,,14.4004
Out, Sales ,Newell 318,All Others,774,▼,Newell 318,,61.716
Out, Margin ,Newell 319,All Others,747,▼,Newell 319,,0.240310078
Out, Profit ,Newell 319,All Others,747,▼,Newell 319,,123.008
Out, Sales ,Newell 319,All Others,747,▼,Newell 319,,511.872
Out, Margin ,Newell 320,All Others,"1,061",▼,Newell 320,,0.116315789
Out, Profit ,Newell 320,All Others,"1,061",▼,Newell 320,,9.4588
Out, Sales ,Newell 320,All Others,"1,061",▼,Newell 320,,81.32
Out, Margin ,Newell 321,All Others,819,▼,Newell 321,,0.219
Out, Profit ,Newell 321,All Others,819,▼,Newell 321,,14.3664
Out, Sales ,Newell 321,All Others,819,▼,Newell 321,,65.6
Out, Margin ,Newell 322,All Others,821,▼,Newell 322,,0.217857143
Out, Profit ,Newell 322,All Others,821,▼,Newell 322,,6.6612
Out, Sales ,Newell 322,All Others,821,▼,Newell 322,,30.576
Out, Margin ,Newell 323,All Others,921,▼,Newell 323,,0.177777778
Out, Profit ,Newell 323,All Others,921,▼,Newell 323,,3.7632
Out, Sales ,Newell 323,All Others,921,▼,Newell 323,,21.168
Out, Margin ,Newell 324,All Others,652,▼,Newell 324,,0.273684211
Out, Profit ,Newell 324,All Others,652,▼,Newell 324,,72.072
Out, Sales ,Newell 324,All Others,652,▼,Newell 324,,263.34
Out, Margin ,Newell 325,All Others,777,▼,Newell 325,,0.232258065
Out, Profit ,Newell 325,All Others,777,▼,Newell 325,,29.736
Out, Sales ,Newell 325,All Others,777,▼,Newell 325,,128.03
Out, Margin ,Newell 326,All Others,824,▼,Newell 326,,0.214903846
Out, Profit ,Newell 326,All Others,824,▼,Newell 326,,7.8672
Out, Sales ,Newell 326,All Others,824,▼,Newell 326,,36.608
Out, Margin ,Newell 327,All Others,663,▼,Newell 327,,0.27
Out, Profit ,Newell 327,All Others,663,▼,Newell 327,,10.7406
Out, Sales ,Newell 327,All Others,663,▼,Newell 327,,39.78
Out, Margin ,Newell 328,All Others,698,▼,Newell 328,,0.26
Out, Profit ,Newell 328,All Others,698,▼,Newell 328,,19.7392
Out, Sales ,Newell 328,All Others,698,▼,Newell 328,,75.92
Out, Margin ,Newell 329,All Others,871,▼,Newell 329,,0.2
Out, Profit ,Newell 329,All Others,871,▼,Newell 329,,4.8544
Out, Sales ,Newell 329,All Others,871,▼,Newell 329,,24.272
Out, Margin ,Newell 330,All Others,904,▼,Newell 330,,0.186
Out, Profit ,Newell 330,All Others,904,▼,Newell 330,,11.1228
Out, Sales ,Newell 330,All Others,904,▼,Newell 330,,59.8
Out, Margin ,Newell 331,All Others,888,▼,Newell 331,,0.194155844
Out, Profit ,Newell 331,All Others,888,▼,Newell 331,,14.6211
Out, Sales ,Newell 331,All Others,888,▼,Newell 331,,75.306
Out, Margin ,Newell 332,All Others,781,▼,Newell 332,,0.231578947
Out, Profit ,Newell 332,All Others,781,▼,Newell 332,,15.5232
Out, Sales ,Newell 332,All Others,781,▼,Newell 332,,67.032
Out, Margin ,Newell 333,All Others,822,▼,Newell 333,,0.217307692
Out, Profit ,Newell 333,All Others,822,▼,Newell 333,,18.8484
Out, Sales ,Newell 333,All Others,822,▼,Newell 333,,86.736
Out, Margin ,Newell 334,All Others,709,▼,Newell 334,,0.254477612
Out, Profit ,Newell 334,All Others,709,▼,Newell 334,,135.3088
Out, Sales ,Newell 334,All Others,709,▼,Newell 334,,531.712
Out, Margin ,Newell 335,All Others,604,▼,Newell 335,,0.29
Out, Profit ,Newell 335,All Others,604,▼,Newell 335,,10.0224
Out, Sales ,Newell 335,All Others,604,▼,Newell 335,,34.56
Out, Margin ,Newell 336,All Others,869,▼,Newell 336,,0.20125
Out, Profit ,Newell 336,All Others,869,▼,Newell 336,,13.7816
Out, Sales ,Newell 336,All Others,869,▼,Newell 336,,68.48
Out, Margin ,Newell 337,All Others,"1,072",▼,Newell 337,,0.1125
Out, Profit ,Newell 337,All Others,"1,072",▼,Newell 337,,1.1808
Out, Sales ,Newell 337,All Others,"1,072",▼,Newell 337,,10.496
Out, Margin ,Newell 338,All Others,664,▼,Newell 338,,0.27
Out, Profit ,Newell 338,All Others,664,▼,Newell 338,,6.3504
Out, Sales ,Newell 338,All Others,664,▼,Newell 338,,23.52
Out, Margin ,Newell 339,All Others,791,▼,Newell 339,,0.229166667
Out, Profit ,Newell 339,All Others,791,▼,Newell 339,,6.116
Out, Sales ,Newell 339,All Others,791,▼,Newell 339,,26.688
Out, Margin ,Newell 340,All Others,600,▼,Newell 340,,0.29
Out, Profit ,Newell 340,All Others,600,▼,Newell 340,,7.5168
Out, Sales ,Newell 340,All Others,600,▼,Newell 340,,25.92
Out, Margin ,Newell 341,All Others,644,▼,Newell 341,,0.277433628
Out, Profit ,Newell 341,All Others,644,▼,Newell 341,,26.8356
Out, Sales ,Newell 341,All Others,644,▼,Newell 341,,96.728
Out, Margin ,Newell 342,All Others,606,▼,Newell 342,,0.29
Out, Profit ,Newell 342,All Others,606,▼,Newell 342,,2.8536
Out, Sales ,Newell 342,All Others,606,▼,Newell 342,,9.84
Out, Margin ,Newell 343,All Others,841,▼,Newell 343,,0.210810811
Out, Profit ,Newell 343,All Others,841,▼,Newell 343,,13.7592
Out, Sales ,Newell 343,All Others,841,▼,Newell 343,,65.268
Out, Margin ,Newell 344,All Others,901,▼,Newell 344,,0.187804878
Out, Profit ,Newell 344,All Others,901,▼,Newell 344,,8.5624
Out, Sales ,Newell 344,All Others,901,▼,Newell 344,,45.592
Out, Margin ,Newell 345,All Others,875,▼,Newell 345,,0.198333333
Out, Profit ,Newell 345,All Others,875,▼,Newell 345,,94.4384
Out, Sales ,Newell 345,All Others,875,▼,Newell 345,,476.16
Out, Margin ,Newell 346,All Others,646,▼,Newell 346,,0.276851852
Out, Profit ,Newell 346,All Others,646,▼,Newell 346,,8.6112
Out, Sales ,Newell 346,All Others,646,▼,Newell 346,,31.104
Out, Margin ,Newell 347,All Others,760,▼,Newell 347,,0.237583893
Out, Profit ,Newell 347,All Others,760,▼,Newell 347,,30.3024
Out, Sales ,Newell 347,All Others,760,▼,Newell 347,,127.544
Out, Margin ,Newell 348,All Others,997,▼,Newell 348,,0.148
Out, Profit ,Newell 348,All Others,997,▼,Newell 348,,9.708800000
Out, Sales ,Newell 348,All Others,997,▼,Newell 348,,65.6
Out, Margin ,Newell 349,All Others,765,▼,Newell 349,,0.235384615
Out, Profit ,Newell 349,All Others,765,▼,Newell 349,,10.0368
Out, Sales ,Newell 349,All Others,765,▼,Newell 349,,42.64
Out, Margin ,Newell 350,All Others,716,▼,Newell 350,,0.252631579
Out, Profit ,Newell 350,All Others,716,▼,Newell 350,,15.744
Out, Sales ,Newell 350,All Others,716,▼,Newell 350,,62.32
Out, Margin ,Newell 351,All Others,670,▼,Newell 351,,0.267460317
Out, Profit ,Newell 351,All Others,670,▼,Newell 351,,22.1072
Out, Sales ,Newell 351,All Others,670,▼,Newell 351,,82.656
Out, Margin ,Newell Chalk Holder,All Others,203,▼,Newell Chalk Holder,,0.438613861
Out, Profit ,Newell Chalk Holder,All Others,203,▼,Newell Chalk Holder,,36.5918
Out, Sales ,Newell Chalk Holder,All Others,203,▼,Newell Chalk Holder,,83.426
Out, Margin ,Nontoxic Chalk,All Others,270,▼,Nontoxic Chalk,,0.424590164
Out, Profit ,Nontoxic Chalk,All Others,270,▼,Nontoxic Chalk,,18.2336
Out, Sales ,Nontoxic Chalk,All Others,270,▼,Nontoxic Chalk,,42.944
Out, Margin ,Novimex Fabric Task Chair,All Others,"1,319",▼,Novimex Fabric Task Chair,,-0.069354839
Out, Profit ,Novimex Fabric Task Chair,All Others,"1,319",▼,Novimex Fabric Task Chair,,-131.107
Out, Sales ,Novimex Fabric Task Chair,All Others,"1,319",▼,Novimex Fabric Task Chair,,"1,890.38"
Out, Margin ,Novimex High-Tech Fabric Mesh Task Chair,All Others,"1,398",▼,Novimex High-Tech Fabric Mesh Task Chair,,-0.144615385
Out, Profit ,Novimex High-Tech Fabric Mesh Task Chair,All Others,"1,398",▼,Novimex High-Tech Fabric Mesh Task Chair,,-133.4424
Out, Sales ,Novimex High-Tech Fabric Mesh Task Chair,All Others,"1,398",▼,Novimex High-Tech Fabric Mesh Task Chair,,922.74
Out, Margin ,Novimex Swivel Fabric Task Chair,All Others,"1,406",▼,Novimex Swivel Fabric Task Chair,,-0.152849741
Out, Profit ,Novimex Swivel Fabric Task Chair,All Others,"1,406",▼,Novimex Swivel Fabric Task Chair,,-445.391
Out, Sales ,Novimex Swivel Fabric Task Chair,All Others,"1,406",▼,Novimex Swivel Fabric Task Chair,,"2,913.914"
Out, Margin ,Novimex Turbo Task Chair,All Others,"1,271",▼,Novimex Turbo Task Chair,,-0.024338624
Out, Profit ,Novimex Turbo Task Chair,All Others,"1,271",▼,Novimex Turbo Task Chair,,-32.6508
Out, Sales ,Novimex Turbo Task Chair,All Others,"1,271",▼,Novimex Turbo Task Chair,,"1,341.522"
Out, Margin ,Nu-Dell Executive Frame,All Others,744,▼,Nu-Dell Executive Frame,,0.241666667
Out, Profit ,Nu-Dell Executive Frame,All Others,744,▼,Nu-Dell Executive Frame,,98.9712
Out, Sales ,Nu-Dell Executive Frame,All Others,744,▼,Nu-Dell Executive Frame,,409.536
Out, Margin ,Nu-Dell EZ-Mount Plastic Wall Frames,All Others,"1,189",▼,Nu-Dell EZ-Mount Plastic Wall Frames,,0.04
Out, Profit ,Nu-Dell EZ-Mount Plastic Wall Frames,All Others,"1,189",▼,Nu-Dell EZ-Mount Plastic Wall Frames,,0.788
Out, Sales ,Nu-Dell EZ-Mount Plastic Wall Frames,All Others,"1,189",▼,Nu-Dell EZ-Mount Plastic Wall Frames,,19.7
Out, Margin ,Nu-Dell Float Frame 11 x 14 1/2,All Others,530,▼,Nu-Dell Float Frame 11 x 14 1/2,,0.328421053
Out, Profit ,Nu-Dell Float Frame 11 x 14 1/2,All Others,530,▼,Nu-Dell Float Frame 11 x 14 1/2,,56.0352
Out, Sales ,Nu-Dell Float Frame 11 x 14 1/2,All Others,530,▼,Nu-Dell Float Frame 11 x 14 1/2,,170.62
Out, Margin ,Nu-Dell Leatherette Frames,All Others,528,▼,Nu-Dell Leatherette Frames,,0.330232558
Out, Profit ,Nu-Dell Leatherette Frames,All Others,528,▼,Nu-Dell Leatherette Frames,,81.4512
Out, Sales ,Nu-Dell Leatherette Frames,All Others,528,▼,Nu-Dell Leatherette Frames,,246.648
Out, Margin ,Nu-Dell Oak Frame,All Others,771,▼,Nu-Dell Oak Frame,,0.233802817
Out, Profit ,Nu-Dell Oak Frame,All Others,771,▼,Nu-Dell Oak Frame,,35.4576
Out, Sales ,Nu-Dell Oak Frame,All Others,771,▼,Nu-Dell Oak Frame,,151.656
Out, Margin ,O'Sullivan 2-Door Barrister Bookcase in Odessa Pine,All Others,"1,063",▼,O'Sullivan 2-Door Barrister Bookcase in Odessa Pine,,0.115925926
Out, Profit ,O'Sullivan 2-Door Barrister Bookcase in Odessa Pine,All Others,"1,063",▼,O'Sullivan 2-Door Barrister Bookcase in Odessa Pine,,566.4674
Out, Sales ,O'Sullivan 2-Door Barrister Bookcase in Odessa Pine,All Others,"1,063",▼,O'Sullivan 2-Door Barrister Bookcase in Odessa Pine,,"4,886.46"
Out, Margin ,O'Sullivan 2-Shelf Heavy-Duty Bookcases,All Others,"1,418",▼,O'Sullivan 2-Shelf Heavy-Duty Bookcases,,-0.183892617
Out, Profit ,O'Sullivan 2-Shelf Heavy-Duty Bookcases,All Others,"1,418",▼,O'Sullivan 2-Shelf Heavy-Duty Bookcases,,-133.1092
Out, Sales ,O'Sullivan 2-Shelf Heavy-Duty Bookcases,All Others,"1,418",▼,O'Sullivan 2-Shelf Heavy-Duty Bookcases,,723.842
Out, Margin ,O'Sullivan 3-Shelf Heavy-Duty Bookcases,All Others,"1,031",▼,O'Sullivan 3-Shelf Heavy-Duty Bookcases,,0.131428571
Out, Profit ,O'Sullivan 3-Shelf Heavy-Duty Bookcases,All Others,"1,031",▼,O'Sullivan 3-Shelf Heavy-Duty Bookcases,,147.0942
Out, Sales ,O'Sullivan 3-Shelf Heavy-Duty Bookcases,All Others,"1,031",▼,O'Sullivan 3-Shelf Heavy-Duty Bookcases,,"1,119.195"
Out, Margin ,O'Sullivan 4-Shelf Bookcase in Odessa Pine,All Others,"1,465",▼,O'Sullivan 4-Shelf Bookcase in Odessa Pine,,-0.355849890
Out, Profit ,O'Sullivan 4-Shelf Bookcase in Odessa Pine,All Others,"1,465",▼,O'Sullivan 4-Shelf Bookcase in Odessa Pine,,-975.0988
Out, Sales ,O'Sullivan 4-Shelf Bookcase in Odessa Pine,All Others,"1,465",▼,O'Sullivan 4-Shelf Bookcase in Odessa Pine,,"2,740.197"
Out, Margin ,O'Sullivan 5-Shelf Heavy-Duty Bookcases,All Others,"1,269",▼,O'Sullivan 5-Shelf Heavy-Duty Bookcases,,-0.022727273
Out, Profit ,O'Sullivan 5-Shelf Heavy-Duty Bookcases,All Others,"1,269",▼,O'Sullivan 5-Shelf Heavy-Duty Bookcases,,-12.291
Out, Sales ,O'Sullivan 5-Shelf Heavy-Duty Bookcases,All Others,"1,269",▼,O'Sullivan 5-Shelf Heavy-Duty Bookcases,,540.804
Out, Margin ,O'Sullivan Cherrywood Estates Traditional Barrister Bookcase,All Others,"1,324",▼,O'Sullivan Cherrywood Estates Traditional Barrister Bookcase,,-0.073076923
Out, Profit ,O'Sullivan Cherrywood Estates Traditional Barrister Bookcase,All Others,"1,324",▼,O'Sullivan Cherrywood Estates Traditional Barrister Bookcase,,-78.3636
Out, Sales ,O'Sullivan Cherrywood Estates Traditional Barrister Bookcase,All Others,"1,324",▼,O'Sullivan Cherrywood Estates Traditional Barrister Bookcase,,"1,072.344"
Out, Margin ,O'Sullivan Cherrywood Estates Traditional Bookcase,All Others,"1,149",▼,O'Sullivan Cherrywood Estates Traditional Bookcase,,0.064000000
Out, Profit ,O'Sullivan Cherrywood Estates Traditional Bookcase,All Others,"1,149",▼,O'Sullivan Cherrywood Estates Traditional Bookcase,,27.1936
Out, Sales ,O'Sullivan Cherrywood Estates Traditional Bookcase,All Others,"1,149",▼,O'Sullivan Cherrywood Estates Traditional Bookcase,,424.9
Out, Margin ,"O'Sullivan Elevations Bookcase, Cherry Finish",All Others,"1,283",▼,"O'Sullivan Elevations Bookcase, Cherry Finish",,-0.035616438
Out, Profit ,"O'Sullivan Elevations Bookcase, Cherry Finish",All Others,"1,283",▼,"O'Sullivan Elevations Bookcase, Cherry Finish",,-68.109600000
Out, Sales ,"O'Sullivan Elevations Bookcase, Cherry Finish",All Others,"1,283",▼,"O'Sullivan Elevations Bookcase, Cherry Finish",,"1,912.308"
Out, Margin ,O'Sullivan Living Dimensions 2-Shelf Bookcases,All Others,"1,277",▼,O'Sullivan Living Dimensions 2-Shelf Bookcases,,-0.026476578
Out, Profit ,O'Sullivan Living Dimensions 2-Shelf Bookcases,All Others,"1,277",▼,O'Sullivan Living Dimensions 2-Shelf Bookcases,,-78.637
Out, Sales ,O'Sullivan Living Dimensions 2-Shelf Bookcases,All Others,"1,277",▼,O'Sullivan Living Dimensions 2-Shelf Bookcases,,"2,970.059"
Out, Margin ,O'Sullivan Living Dimensions 3-Shelf Bookcases,All Others,"1,310",▼,O'Sullivan Living Dimensions 3-Shelf Bookcases,,-0.058823529
Out, Profit ,O'Sullivan Living Dimensions 3-Shelf Bookcases,All Others,"1,310",▼,O'Sullivan Living Dimensions 3-Shelf Bookcases,,-170.833
Out, Sales ,O'Sullivan Living Dimensions 3-Shelf Bookcases,All Others,"1,310",▼,O'Sullivan Living Dimensions 3-Shelf Bookcases,,"2,904.161"
Out, Margin ,O'Sullivan Living Dimensions 5-Shelf Bookcases,All Others,"1,435",▼,O'Sullivan Living Dimensions 5-Shelf Bookcases,,-0.220930233
Out, Profit ,O'Sullivan Living Dimensions 5-Shelf Bookcases,All Others,"1,435",▼,O'Sullivan Living Dimensions 5-Shelf Bookcases,,-755.7516
Out, Sales ,O'Sullivan Living Dimensions 5-Shelf Bookcases,All Others,"1,435",▼,O'Sullivan Living Dimensions 5-Shelf Bookcases,,"3,420.7704"
Out, Margin ,O'Sullivan Manor Hill 2-Door Library in Brianna Oak,All Others,"1,414",▼,O'Sullivan Manor Hill 2-Door Library in Brianna Oak,,-0.173626374
Out, Profit ,O'Sullivan Manor Hill 2-Door Library in Brianna Oak,All Others,"1,414",▼,O'Sullivan Manor Hill 2-Door Library in Brianna Oak,,-285.9484
Out, Sales ,O'Sullivan Manor Hill 2-Door Library in Brianna Oak,All Others,"1,414",▼,O'Sullivan Manor Hill 2-Door Library in Brianna Oak,,"1,646.918"
Out, Margin ,O'Sullivan Plantations 2-Door Library in Landvery Oak,All Others,"1,448",▼,O'Sullivan Plantations 2-Door Library in Landvery Oak,,-0.260572988
Out, Profit ,O'Sullivan Plantations 2-Door Library in Landvery Oak,All Others,"1,448",▼,O'Sullivan Plantations 2-Door Library in Landvery Oak,,-767.7436
Out, Sales ,O'Sullivan Plantations 2-Door Library in Landvery Oak,All Others,"1,448",▼,O'Sullivan Plantations 2-Door Library in Landvery Oak,,"2,946.3668"
Out, Margin ,"Office Impressions End Table, 20-1/2""H x 24""W x 20""D",All Others,"1,248",▼,"Office Impressions End Table, 20-1/2""H x 24""W x 20""D",,-0.011518325
Out, Profit ,"Office Impressions End Table, 20-1/2""H x 24""W x 20""D",All Others,"1,248",▼,"Office Impressions End Table, 20-1/2""H x 24""W x 20""D",,-66.827200000
Out, Sales ,"Office Impressions End Table, 20-1/2""H x 24""W x 20""D",All Others,"1,248",▼,"Office Impressions End Table, 20-1/2""H x 24""W x 20""D",,"5,801.816"
Out, Margin ,Office Impressions Heavy Duty Welded Shelving & Multimedia Storage Drawers,All Others,"1,303",▼,Office Impressions Heavy Duty Welded Shelving & Multimedia Storage Drawers,,-0.052631579
Out, Profit ,Office Impressions Heavy Duty Welded Shelving & Multimedia Storage Drawers,All Others,"1,303",▼,Office Impressions Heavy Duty Welded Shelving & Multimedia Storage Drawers,,-167.27
Out, Sales ,Office Impressions Heavy Duty Welded Shelving & Multimedia Storage Drawers,All Others,"1,303",▼,Office Impressions Heavy Duty Welded Shelving & Multimedia Storage Drawers,,"3,178.13"
Out, Margin ,Office Star - Contemporary Swivel Chair with Padded Adjustable Arms and Flex Back,All Others,"1,084",▼,Office Star - Contemporary Swivel Chair with Padded Adjustable Arms and Flex Back,,0.106713781
Out, Profit ,Office Star - Contemporary Swivel Chair with Padded Adjustable Arms and Flex Back,All Others,"1,084",▼,Office Star - Contemporary Swivel Chair with Padded Adjustable Arms and Flex Back,,425.7596
Out, Sales ,Office Star - Contemporary Swivel Chair with Padded Adjustable Arms and Flex Back,All Others,"1,084",▼,Office Star - Contemporary Swivel Chair with Padded Adjustable Arms and Flex Back,,"3,989.734"
Out, Margin ,Office Star - Contemporary Task Swivel Chair,All Others,"1,119",▼,Office Star - Contemporary Task Swivel Chair,,0.084337349
Out, Profit ,Office Star - Contemporary Task Swivel Chair,All Others,"1,119",▼,Office Star - Contemporary Task Swivel Chair,,155.372
Out, Sales ,Office Star - Contemporary Task Swivel Chair,All Others,"1,119",▼,Office Star - Contemporary Task Swivel Chair,,"1,842.268"
Out, Margin ,"Office Star - Contemporary Task Swivel chair with 2-way adjustable arms, Plum",All Others,"1,442",▼,"Office Star - Contemporary Task Swivel chair with 2-way adjustable arms, Plum",,-0.228301887
Out, Profit ,"Office Star - Contemporary Task Swivel chair with 2-way adjustable arms, Plum",All Others,"1,442",▼,"Office Star - Contemporary Task Swivel chair with 2-way adjustable arms, Plum",,-158.4858
Out, Sales ,"Office Star - Contemporary Task Swivel chair with 2-way adjustable arms, Plum",All Others,"1,442",▼,"Office Star - Contemporary Task Swivel chair with 2-way adjustable arms, Plum",,694.194
Out, Margin ,"Office Star - Contemporary Task Swivel chair with Loop Arms, Charcoal",All Others,"1,388",▼,"Office Star - Contemporary Task Swivel chair with Loop Arms, Charcoal",,-0.133451957
Out, Profit ,"Office Star - Contemporary Task Swivel chair with Loop Arms, Charcoal",All Others,"1,388",▼,"Office Star - Contemporary Task Swivel chair with Loop Arms, Charcoal",,-491.175
Out, Sales ,"Office Star - Contemporary Task Swivel chair with Loop Arms, Charcoal",All Others,"1,388",▼,"Office Star - Contemporary Task Swivel chair with Loop Arms, Charcoal",,"3,680.538"
Out, Margin ,Office Star - Ergonomic Mid Back Chair with 2-Way Adjustable Arms,All Others,"1,089",▼,Office Star - Ergonomic Mid Back Chair with 2-Way Adjustable Arms,,0.104918033
Out, Profit ,Office Star - Ergonomic Mid Back Chair with 2-Way Adjustable Arms,All Others,"1,089",▼,Office Star - Ergonomic Mid Back Chair with 2-Way Adjustable Arms,,231.6544
Out, Sales ,Office Star - Ergonomic Mid Back Chair with 2-Way Adjustable Arms,All Others,"1,089",▼,Office Star - Ergonomic Mid Back Chair with 2-Way Adjustable Arms,,"2,207.956"
Out, Margin ,Office Star - Ergonomically Designed Knee Chair,All Others,"1,282",▼,Office Star - Ergonomically Designed Knee Chair,,-0.032098765
Out, Profit ,Office Star - Ergonomically Designed Knee Chair,All Others,"1,282",▼,Office Star - Ergonomically Designed Knee Chair,,-42.109600000
Out, Sales ,Office Star - Ergonomically Designed Knee Chair,All Others,"1,282",▼,Office Star - Ergonomically Designed Knee Chair,,"1,311.876"
Out, Margin ,Office Star - Mesh Screen back chair with Vinyl seat,All Others,"1,311",▼,Office Star - Mesh Screen back chair with Vinyl seat,,-0.059523810
Out, Profit ,Office Star - Mesh Screen back chair with Vinyl seat,All Others,"1,311",▼,Office Star - Mesh Screen back chair with Vinyl seat,,-130.98
Out, Sales ,Office Star - Mesh Screen back chair with Vinyl seat,All Others,"1,311",▼,Office Star - Mesh Screen back chair with Vinyl seat,,"2,200.464"
Out, Margin ,Office Star - Mid Back Dual function Ergonomic High Back Chair with 2-Way Adjustable Arms,All Others,"1,123",▼,Office Star - Mid Back Dual function Ergonomic High Back Chair with 2-Way Adjustable Arms,,0.081923077
Out, Profit ,Office Star - Mid Back Dual function Ergonomic High Back Chair with 2-Way Adjustable Arms,All Others,"1,123",▼,Office Star - Mid Back Dual function Ergonomic High Back Chair with 2-Way Adjustable Arms,,342.8874
Out, Sales ,Office Star - Mid Back Dual function Ergonomic High Back Chair with 2-Way Adjustable Arms,All Others,"1,123",▼,Office Star - Mid Back Dual function Ergonomic High Back Chair with 2-Way Adjustable Arms,,"4,185.48"
Out, Margin ,Office Star - Professional Matrix Back Chair with 2-to-1 Synchro Tilt and Mesh Fabric Seat,All Others,995,▼,Office Star - Professional Matrix Back Chair with 2-to-1 Synchro Tilt and Mesh Fabric Seat,,0.1488
Out, Profit ,Office Star - Professional Matrix Back Chair with 2-to-1 Synchro Tilt and Mesh Fabric Seat,All Others,995,▼,Office Star - Professional Matrix Back Chair with 2-to-1 Synchro Tilt and Mesh Fabric Seat,,"1,305.6456"
Out, Sales ,Office Star - Professional Matrix Back Chair with 2-to-1 Synchro Tilt and Mesh Fabric Seat,All Others,995,▼,Office Star - Professional Matrix Back Chair with 2-to-1 Synchro Tilt and Mesh Fabric Seat,,"8,774.5"
Out, Margin ,Office Star - Task Chair with Contemporary Loop Arms,All Others,"1,126",▼,Office Star - Task Chair with Contemporary Loop Arms,,0.078787879
Out, Profit ,Office Star - Task Chair with Contemporary Loop Arms,All Others,"1,126",▼,Office Star - Task Chair with Contemporary Loop Arms,,47.3096
Out, Sales ,Office Star - Task Chair with Contemporary Loop Arms,All Others,"1,126",▼,Office Star - Task Chair with Contemporary Loop Arms,,600.468
Out, Margin ,Office Star Flex Back Scooter Chair with Aluminum Finish Frame,All Others,833,▼,Office Star Flex Back Scooter Chair with Aluminum Finish Frame,,0.212435233
Out, Profit ,Office Star Flex Back Scooter Chair with Aluminum Finish Frame,All Others,833,▼,Office Star Flex Back Scooter Chair with Aluminum Finish Frame,,413.649
Out, Sales ,Office Star Flex Back Scooter Chair with Aluminum Finish Frame,All Others,833,▼,Office Star Flex Back Scooter Chair with Aluminum Finish Frame,,"1,947.177"
Out, Margin ,Office Star Flex Back Scooter Chair with White Frame,All Others,"1,384",▼,Office Star Flex Back Scooter Chair with White Frame,,-0.12875
Out, Profit ,Office Star Flex Back Scooter Chair with White Frame,All Others,"1,384",▼,Office Star Flex Back Scooter Chair with White Frame,,-228.6188
Out, Sales ,Office Star Flex Back Scooter Chair with White Frame,All Others,"1,384",▼,Office Star Flex Back Scooter Chair with White Frame,,"1,775.68"
Out, Margin ,"OIC #2 Pencils, Medium Soft",All Others,680,▼,"OIC #2 Pencils, Medium Soft",,0.264024390
Out, Profit ,"OIC #2 Pencils, Medium Soft",All Others,680,▼,"OIC #2 Pencils, Medium Soft",,8.1404
Out, Sales ,"OIC #2 Pencils, Medium Soft",All Others,680,▼,"OIC #2 Pencils, Medium Soft",,30.832
Out, Margin ,OIC Binder Clips,All Others,78,▼,OIC Binder Clips,,0.469273743
Out, Profit ,OIC Binder Clips,All Others,78,▼,OIC Binder Clips,,60.144
Out, Sales ,OIC Binder Clips,All Others,78,▼,OIC Binder Clips,,128.164
Out, Margin ,"OIC Binder Clips, Mini, 1/4"" Capacity, Black",All Others,139,▼,"OIC Binder Clips, Mini, 1/4"" Capacity, Black",,0.453174603
Out, Profit ,"OIC Binder Clips, Mini, 1/4"" Capacity, Black",All Others,139,▼,"OIC Binder Clips, Mini, 1/4"" Capacity, Black",,7.0804
Out, Sales ,"OIC Binder Clips, Mini, 1/4"" Capacity, Black",All Others,139,▼,"OIC Binder Clips, Mini, 1/4"" Capacity, Black",,15.624
Out, Margin ,OIC Bulk Pack Metal Binder Clips,All Others,398,▼,OIC Bulk Pack Metal Binder Clips,,0.386363636
Out, Profit ,OIC Bulk Pack Metal Binder Clips,All Others,398,▼,OIC Bulk Pack Metal Binder Clips,,35.598
Out, Sales ,OIC Bulk Pack Metal Binder Clips,All Others,398,▼,OIC Bulk Pack Metal Binder Clips,,92.136
Out, Margin ,"OIC Colored Binder Clips, Assorted Sizes",All Others,268,▼,"OIC Colored Binder Clips, Assorted Sizes",,0.424615385
Out, Profit ,"OIC Colored Binder Clips, Assorted Sizes",All Others,268,▼,"OIC Colored Binder Clips, Assorted Sizes",,59.2848
Out, Sales ,"OIC Colored Binder Clips, Assorted Sizes",All Others,268,▼,"OIC Colored Binder Clips, Assorted Sizes",,139.62
Out, Margin ,OIC Stacking Trays,All Others,542,▼,OIC Stacking Trays,,0.322580645
Out, Profit ,OIC Stacking Trays,All Others,542,▼,OIC Stacking Trays,,26.72
Out, Sales ,OIC Stacking Trays,All Others,542,▼,OIC Stacking Trays,,82.832
Out, Margin ,OIC Thumb-Tacks,All Others,375,▼,OIC Thumb-Tacks,,0.395614035
Out, Profit ,OIC Thumb-Tacks,All Others,375,▼,OIC Thumb-Tacks,,5.1414
Out, Sales ,OIC Thumb-Tacks,All Others,375,▼,OIC Thumb-Tacks,,12.996
Out, Margin ,Okidata B400 Printer,All Others,"1,071",▼,Okidata B400 Printer,,0.1125
Out, Profit ,Okidata B400 Printer,All Others,"1,071",▼,Okidata B400 Printer,,115.83
Out, Sales ,Okidata B400 Printer,All Others,"1,071",▼,Okidata B400 Printer,,"1,029.6"
Out, Margin ,Okidata B401 Printer,All Others,"1,498",▼,Okidata B401 Printer,,-1.4
Out, Profit ,Okidata B401 Printer,All Others,"1,498",▼,Okidata B401 Printer,,-251.9874
Out, Sales ,Okidata B401 Printer,All Others,"1,498",▼,Okidata B401 Printer,,179.991
Out, Margin ,Okidata C331dn Printer,All Others,"1,196",▼,Okidata C331dn Printer,,0.034782609
Out, Profit ,Okidata C331dn Printer,All Others,"1,196",▼,Okidata C331dn Printer,,111.68
Out, Sales ,Okidata C331dn Printer,All Others,"1,196",▼,Okidata C331dn Printer,,"3,210.8"
Out, Margin ,Okidata C610n Printer,All Others,"1,400",▼,Okidata C610n Printer,,-0.145161290
Out, Profit ,Okidata C610n Printer,All Others,"1,400",▼,Okidata C610n Printer,,-292.05
Out, Sales ,Okidata C610n Printer,All Others,"1,400",▼,Okidata C610n Printer,,"2,011.9"
Out, Margin ,Okidata MB491 Multifunction Printer,All Others,"1,405",▼,Okidata MB491 Multifunction Printer,,-0.152631579
Out, Profit ,Okidata MB491 Multifunction Printer,All Others,"1,405",▼,Okidata MB491 Multifunction Printer,,-434.13
Out, Sales ,Okidata MB491 Multifunction Printer,All Others,"1,405",▼,Okidata MB491 Multifunction Printer,,"2,844.3"
Out, Margin ,Okidata MB760 Printer,All Others,"1,070",▼,Okidata MB760 Printer,,0.1125
Out, Profit ,Okidata MB760 Printer,All Others,"1,070",▼,Okidata MB760 Printer,,881.370000000
Out, Sales ,Okidata MB760 Printer,All Others,"1,070",▼,Okidata MB760 Printer,,"7,834.4"
Out, Margin ,"Padded Folding Chairs, Black, 4/Carton",All Others,"1,182",▼,"Padded Folding Chairs, Black, 4/Carton",,0.044247788
Out, Profit ,"Padded Folding Chairs, Black, 4/Carton",All Others,"1,182",▼,"Padded Folding Chairs, Black, 4/Carton",,80.980000000
Out, Sales ,"Padded Folding Chairs, Black, 4/Carton",All Others,"1,182",▼,"Padded Folding Chairs, Black, 4/Carton",,"1,830.148"
Out, Margin ,Panasonic KP-4ABK Battery-Operated Pencil Sharpener,All Others,601,▼,Panasonic KP-4ABK Battery-Operated Pencil Sharpener,,0.29
Out, Profit ,Panasonic KP-4ABK Battery-Operated Pencil Sharpener,All Others,601,▼,Panasonic KP-4ABK Battery-Operated Pencil Sharpener,,67.9296
Out, Sales ,Panasonic KP-4ABK Battery-Operated Pencil Sharpener,All Others,601,▼,Panasonic KP-4ABK Battery-Operated Pencil Sharpener,,234.24
Out, Margin ,Panasonic KP-150 Electric Pencil Sharpener,All Others,812,▼,Panasonic KP-150 Electric Pencil Sharpener,,0.221052632
Out, Profit ,Panasonic KP-150 Electric Pencil Sharpener,All Others,812,▼,Panasonic KP-150 Electric Pencil Sharpener,,126.8064
Out, Sales ,Panasonic KP-150 Electric Pencil Sharpener,All Others,812,▼,Panasonic KP-150 Electric Pencil Sharpener,,573.648
Out, Margin ,Panasonic KP-310 Heavy-Duty Electric Pencil Sharpener,All Others,579,▼,Panasonic KP-310 Heavy-Duty Electric Pencil Sharpener,,0.3
Out, Profit ,Panasonic KP-310 Heavy-Duty Electric Pencil Sharpener,All Others,579,▼,Panasonic KP-310 Heavy-Duty Electric Pencil Sharpener,,59.346
Out, Sales ,Panasonic KP-310 Heavy-Duty Electric Pencil Sharpener,All Others,579,▼,Panasonic KP-310 Heavy-Duty Electric Pencil Sharpener,,197.82
Out, Margin ,Panasonic KP-350BK Electric Pencil Sharpener with Auto Stop,All Others,838,▼,Panasonic KP-350BK Electric Pencil Sharpener with Auto Stop,,0.211111111
Out, Profit ,Panasonic KP-350BK Electric Pencil Sharpener with Auto Stop,All Others,838,▼,Panasonic KP-350BK Electric Pencil Sharpener with Auto Stop,,26.2808
Out, Sales ,Panasonic KP-350BK Electric Pencil Sharpener with Auto Stop,All Others,838,▼,Panasonic KP-350BK Electric Pencil Sharpener with Auto Stop,,124.488
Out, Margin ,Panasonic KP-380BK Classic Electric Pencil Sharpener,All Others,973,▼,Panasonic KP-380BK Classic Electric Pencil Sharpener,,0.158163265
Out, Profit ,Panasonic KP-380BK Classic Electric Pencil Sharpener,All Others,973,▼,Panasonic KP-380BK Classic Electric Pencil Sharpener,,111.538
Out, Sales ,Panasonic KP-380BK Classic Electric Pencil Sharpener,All Others,973,▼,Panasonic KP-380BK Classic Electric Pencil Sharpener,,705.208
Out, Margin ,Panasonic KX MB2061 Multifunction Printer,All Others,"1,129",▼,Panasonic KX MB2061 Multifunction Printer,,0.075000000
Out, Profit ,Panasonic KX MB2061 Multifunction Printer,All Others,"1,129",▼,Panasonic KX MB2061 Multifunction Printer,,179.73
Out, Sales ,Panasonic KX MB2061 Multifunction Printer,All Others,"1,129",▼,Panasonic KX MB2061 Multifunction Printer,,"2,396.4"
Out, Margin ,Panasonic KX MC6040 Color Laser Multifunction Printer,All Others,"1,250",▼,Panasonic KX MC6040 Color Laser Multifunction Printer,,-0.013888889
Out, Profit ,Panasonic KX MC6040 Color Laser Multifunction Printer,All Others,"1,250",▼,Panasonic KX MC6040 Color Laser Multifunction Printer,,-22.497500000
Out, Sales ,Panasonic KX MC6040 Color Laser Multifunction Printer,All Others,"1,250",▼,Panasonic KX MC6040 Color Laser Multifunction Printer,,"1,619.82"
Out, Margin ,Park Ridge Embossed Executive Business Envelopes,All Others,71,▼,Park Ridge Embossed Executive Business Envelopes,,0.47
Out, Profit ,Park Ridge Embossed Executive Business Envelopes,All Others,71,▼,Park Ridge Embossed Executive Business Envelopes,,29.2716
Out, Sales ,Park Ridge Embossed Executive Business Envelopes,All Others,71,▼,Park Ridge Embossed Executive Business Envelopes,,62.28
Out, Margin ,Pastel Pink Envelopes,All Others,28,▼,Pastel Pink Envelopes,,0.48
Out, Profit ,Pastel Pink Envelopes,All Others,28,▼,Pastel Pink Envelopes,,31.4496
Out, Sales ,Pastel Pink Envelopes,All Others,28,▼,Pastel Pink Envelopes,,65.52
Out, Margin ,Peel & Seel Envelopes,All Others,276,▼,Peel & Seel Envelopes,,0.422222222
Out, Profit ,Peel & Seel Envelopes,All Others,276,▼,Peel & Seel Envelopes,,26.5392
Out, Sales ,Peel & Seel Envelopes,All Others,276,▼,Peel & Seel Envelopes,,62.856
Out, Margin ,"Peel & Seel Recycled Catalog Envelopes, Brown",All Others,241,▼,"Peel & Seel Recycled Catalog Envelopes, Brown",,0.429824561
Out, Profit ,"Peel & Seel Recycled Catalog Envelopes, Brown",All Others,241,▼,"Peel & Seel Recycled Catalog Envelopes, Brown",,113.484
Out, Sales ,"Peel & Seel Recycled Catalog Envelopes, Brown",All Others,241,▼,"Peel & Seel Recycled Catalog Envelopes, Brown",,264.024
Out, Margin ,Peel & Stick Add-On Corner Pockets,All Others,"1,066",▼,Peel & Stick Add-On Corner Pockets,,0.113636364
Out, Profit ,Peel & Stick Add-On Corner Pockets,All Others,"1,066",▼,Peel & Stick Add-On Corner Pockets,,4.32
Out, Sales ,Peel & Stick Add-On Corner Pockets,All Others,"1,066",▼,Peel & Stick Add-On Corner Pockets,,38.016
Out, Margin ,Peel-Off China Markers,All Others,415,▼,Peel-Off China Markers,,0.38
Out, Profit ,Peel-Off China Markers,All Others,415,▼,Peel-Off China Markers,,109.4286
Out, Sales ,Peel-Off China Markers,All Others,415,▼,Peel-Off China Markers,,287.97
Out, Margin ,Pencil and Crayon Sharpener,All Others,"1,037",▼,Pencil and Crayon Sharpener,,0.128358209
Out, Profit ,Pencil and Crayon Sharpener,All Others,"1,037",▼,Pencil and Crayon Sharpener,,3.7668
Out, Sales ,Pencil and Crayon Sharpener,All Others,"1,037",▼,Pencil and Crayon Sharpener,,29.346
Out, Margin ,Penpower WorldCard Pro Card Scanner,All Others,"1,266",▼,Penpower WorldCard Pro Card Scanner,,-0.02
Out, Profit ,Penpower WorldCard Pro Card Scanner,All Others,"1,266",▼,Penpower WorldCard Pro Card Scanner,,-1.8295
Out, Sales ,Penpower WorldCard Pro Card Scanner,All Others,"1,266",▼,Penpower WorldCard Pro Card Scanner,,91.475
Out, Margin ,"Performers Binder/Pad Holder, Black",All Others,940,▼,"Performers Binder/Pad Holder, Black",,0.174311927
Out, Profit ,"Performers Binder/Pad Holder, Black",All Others,940,▼,"Performers Binder/Pad Holder, Black",,106.514
Out, Sales ,"Performers Binder/Pad Holder, Black",All Others,940,▼,"Performers Binder/Pad Holder, Black",,611.054
Out, Margin ,"Perma STOR-ALL Hanging File Box, 13 1/8""W x 12 1/4""D x 10 1/2""H",All Others,"1,108",▼,"Perma STOR-ALL Hanging File Box, 13 1/8""W x 12 1/4""D x 10 1/2""H",,0.093046358
Out, Profit ,"Perma STOR-ALL Hanging File Box, 13 1/8""W x 12 1/4""D x 10 1/2""H",All Others,"1,108",▼,"Perma STOR-ALL Hanging File Box, 13 1/8""W x 12 1/4""D x 10 1/2""H",,16.8038
Out, Sales ,"Perma STOR-ALL Hanging File Box, 13 1/8""W x 12 1/4""D x 10 1/2""H",All Others,"1,108",▼,"Perma STOR-ALL Hanging File Box, 13 1/8""W x 12 1/4""D x 10 1/2""H",,180.596
Out, Margin ,Permanent Self-Adhesive File Folder Labels for Typewriters by Universal,All Others,250,▼,Permanent Self-Adhesive File Folder Labels for Typewriters by Universal,,0.428235294
Out, Profit ,Permanent Self-Adhesive File Folder Labels for Typewriters by Universal,All Others,250,▼,Permanent Self-Adhesive File Folder Labels for Typewriters by Universal,,19.0008
Out, Sales ,Permanent Self-Adhesive File Folder Labels for Typewriters by Universal,All Others,250,▼,Permanent Self-Adhesive File Folder Labels for Typewriters by Universal,,44.37
Out, Margin ,"Permanent Self-Adhesive File Folder Labels for Typewriters, 1 1/8 x 3 1/2, White",All Others,470,▼,"Permanent Self-Adhesive File Folder Labels for Typewriters, 1 1/8 x 3 1/2, White",,0.358196721
Out, Profit ,"Permanent Self-Adhesive File Folder Labels for Typewriters, 1 1/8 x 3 1/2, White",All Others,470,▼,"Permanent Self-Adhesive File Folder Labels for Typewriters, 1 1/8 x 3 1/2, White",,55.062
Out, Sales ,"Permanent Self-Adhesive File Folder Labels for Typewriters, 1 1/8 x 3 1/2, White",All Others,470,▼,"Permanent Self-Adhesive File Folder Labels for Typewriters, 1 1/8 x 3 1/2, White",,153.72
Out, Margin ,Personal Creations Ink Jet Cards and Labels,All Others,8,▼,Personal Creations Ink Jet Cards and Labels,,0.49
Out, Profit ,Personal Creations Ink Jet Cards and Labels,All Others,8,▼,Personal Creations Ink Jet Cards and Labels,,157.5056
Out, Sales ,Personal Creations Ink Jet Cards and Labels,All Others,8,▼,Personal Creations Ink Jet Cards and Labels,,321.44
Out, Margin ,Personal File Boxes with Fold-Down Carry Handle,All Others,847,▼,Personal File Boxes with Fold-Down Carry Handle,,0.210526316
Out, Profit ,Personal File Boxes with Fold-Down Carry Handle,All Others,847,▼,Personal File Boxes with Fold-Down Carry Handle,,37.392
Out, Sales ,Personal File Boxes with Fold-Down Carry Handle,All Others,847,▼,Personal File Boxes with Fold-Down Carry Handle,,177.612
Out, Margin ,"Personal Filing Tote with Lid, Black/Gray",All Others,739,▼,"Personal Filing Tote with Lid, Black/Gray",,0.245945946
Out, Profit ,"Personal Filing Tote with Lid, Black/Gray",All Others,739,▼,"Personal Filing Tote with Lid, Black/Gray",,112.9128
Out, Sales ,"Personal Filing Tote with Lid, Black/Gray",All Others,739,▼,"Personal Filing Tote with Lid, Black/Gray",,459.096
Out, Margin ,"Personal Folder Holder, Ebony",All Others,737,▼,"Personal Folder Holder, Ebony",,0.246153846
Out, Profit ,"Personal Folder Holder, Ebony",All Others,737,▼,"Personal Folder Holder, Ebony",,35.872
Out, Sales ,"Personal Folder Holder, Ebony",All Others,737,▼,"Personal Folder Holder, Ebony",,145.73
Out, Margin ,Petty Cash Envelope,All Others,335,▼,Petty Cash Envelope,,0.406976744
Out, Profit ,Petty Cash Envelope,All Others,335,▼,Petty Cash Envelope,,94.36
Out, Sales ,Petty Cash Envelope,All Others,335,▼,Petty Cash Envelope,,231.856
Out, Margin ,Pizazz Global Quick File,All Others,669,▼,Pizazz Global Quick File,,0.267796610
Out, Profit ,Pizazz Global Quick File,All Others,669,▼,Pizazz Global Quick File,,94.6104
Out, Sales ,Pizazz Global Quick File,All Others,669,▼,Pizazz Global Quick File,,353.292
Out, Margin ,Plantronics Single Ear Headset,All Others,"1,488",▼,Plantronics Single Ear Headset,,-0.733333333
Out, Profit ,Plantronics Single Ear Headset,All Others,"1,488",▼,Plantronics Single Ear Headset,,-21.945
Out, Sales ,Plantronics Single Ear Headset,All Others,"1,488",▼,Plantronics Single Ear Headset,,29.925
Out, Margin ,Plastic Binding Combs,All Others,554,▼,Plastic Binding Combs,,0.315168539
Out, Profit ,Plastic Binding Combs,All Others,554,▼,Plastic Binding Combs,,84.9915
Out, Sales ,Plastic Binding Combs,All Others,554,▼,Plastic Binding Combs,,269.67
Out, Margin ,Plastic Stacking Crates & Casters,All Others,"1,132",▼,Plastic Stacking Crates & Casters,,0.075
Out, Profit ,Plastic Stacking Crates & Casters,All Others,"1,132",▼,Plastic Stacking Crates & Casters,,2.6784
Out, Sales ,Plastic Stacking Crates & Casters,All Others,"1,132",▼,Plastic Stacking Crates & Casters,,35.712
Out, Margin ,Plymouth Boxed Rubber Bands by Plymouth,All Others,"1,295",▼,Plymouth Boxed Rubber Bands by Plymouth,,-0.042682927
Out, Profit ,Plymouth Boxed Rubber Bands by Plymouth,All Others,"1,295",▼,Plymouth Boxed Rubber Bands by Plymouth,,-3.297
Out, Sales ,Plymouth Boxed Rubber Bands by Plymouth,All Others,"1,295",▼,Plymouth Boxed Rubber Bands by Plymouth,,77.244
Out, Margin ,Poly Designer Cover & Back,All Others,767,▼,Poly Designer Cover & Back,,0.235294118
Out, Profit ,Poly Designer Cover & Back,All Others,767,▼,Poly Designer Cover & Back,,106.344
Out, Sales ,Poly Designer Cover & Back,All Others,767,▼,Poly Designer Cover & Back,,451.962
Out, Margin ,Poly String Tie Envelopes,All Others,175,▼,Poly String Tie Envelopes,,0.444610778
Out, Profit ,Poly String Tie Envelopes,All Others,175,▼,Poly String Tie Envelopes,,30.294
Out, Sales ,Poly String Tie Envelopes,All Others,175,▼,Poly String Tie Envelopes,,68.136
Out, Margin ,Portable Personal File Box,All Others,736,▼,Portable Personal File Box,,0.246195652
Out, Profit ,Portable Personal File Box,All Others,736,▼,Portable Personal File Box,,55.3113
Out, Sales ,Portable Personal File Box,All Others,736,▼,Portable Personal File Box,,224.664
Out, Margin ,Portfile Personal File Boxes,All Others,"1,131",▼,Portfile Personal File Boxes,,0.075
Out, Profit ,Portfile Personal File Boxes,All Others,"1,131",▼,Portfile Personal File Boxes,,7.434
Out, Sales ,Portfile Personal File Boxes,All Others,"1,131",▼,Portfile Personal File Boxes,,99.12
Out, Margin ,"Post-it “Important Message” Note Pad, Neon Colors, 50 Sheets/Pad",All Others,127,▼,"Post-it “Important Message” Note Pad, Neon Colors, 50 Sheets/Pad",,0.455813953
Out, Profit ,"Post-it “Important Message” Note Pad, Neon Colors, 50 Sheets/Pad",All Others,127,▼,"Post-it “Important Message” Note Pad, Neon Colors, 50 Sheets/Pad",,28.5376
Out, Sales ,"Post-it “Important Message” Note Pad, Neon Colors, 50 Sheets/Pad",All Others,127,▼,"Post-it “Important Message” Note Pad, Neon Colors, 50 Sheets/Pad",,62.608
Out, Margin ,Prang Colored Pencils,All Others,247,▼,Prang Colored Pencils,,0.428571429
Out, Profit ,Prang Colored Pencils,All Others,247,▼,Prang Colored Pencils,,38.808
Out, Sales ,Prang Colored Pencils,All Others,247,▼,Prang Colored Pencils,,90.552
Out, Margin ,Prang Drawing Pencil Set,All Others,658,▼,Prang Drawing Pencil Set,,0.270555556
Out, Profit ,Prang Drawing Pencil Set,All Others,658,▼,Prang Drawing Pencil Set,,27.0772
Out, Sales ,Prang Drawing Pencil Set,All Others,658,▼,Prang Drawing Pencil Set,,100.08
Out, Margin ,Prang Dustless Chalk Sticks,All Others,22,▼,Prang Dustless Chalk Sticks,,0.482758621
Out, Profit ,Prang Dustless Chalk Sticks,All Others,22,▼,Prang Dustless Chalk Sticks,,18.816
Out, Sales ,Prang Dustless Chalk Sticks,All Others,22,▼,Prang Dustless Chalk Sticks,,38.976
Out, Margin ,Premier Automatic Letter Opener,All Others,"1,402",▼,Premier Automatic Letter Opener,,-0.150847458
Out, Profit ,Premier Automatic Letter Opener,All Others,"1,402",▼,Premier Automatic Letter Opener,,-427.8586
Out, Sales ,Premier Automatic Letter Opener,All Others,"1,402",▼,Premier Automatic Letter Opener,,"2,836.366"
Out, Margin ,Premier Electric Letter Opener,All Others,"1,234",▼,Premier Electric Letter Opener,,-7.262490826e-17
Out, Profit ,Premier Electric Letter Opener,All Others,"1,234",▼,Premier Electric Letter Opener,,-1.918465387e-13
Out, Sales ,Premier Electric Letter Opener,All Others,"1,234",▼,Premier Electric Letter Opener,,"2,641.608"
Out, Margin ,"Premier Elliptical Ring Binder, Black",All Others,"1,466",▼,"Premier Elliptical Ring Binder, Black",,-0.382658960
Out, Profit ,"Premier Elliptical Ring Binder, Black",All Others,"1,466",▼,"Premier Elliptical Ring Binder, Black",,-201.5128
Out, Sales ,"Premier Elliptical Ring Binder, Black",All Others,"1,466",▼,"Premier Elliptical Ring Binder, Black",,526.612
Out, Margin ,Premium Transparent Presentation Covers by GBC,All Others,424,▼,Premium Transparent Presentation Covers by GBC,,0.377158774
Out, Profit ,Premium Transparent Presentation Covers by GBC,All Others,424,▼,Premium Transparent Presentation Covers by GBC,,284.0692
Out, Sales ,Premium Transparent Presentation Covers by GBC,All Others,424,▼,Premium Transparent Presentation Covers by GBC,,753.182
Out, Margin ,"Premium Transparent Presentation Covers, No Pattern/Clear, 8 1/2"" x 11""",All Others,"1,035",▼,"Premium Transparent Presentation Covers, No Pattern/Clear, 8 1/2"" x 11""",,0.13
Out, Profit ,"Premium Transparent Presentation Covers, No Pattern/Clear, 8 1/2"" x 11""",All Others,"1,035",▼,"Premium Transparent Presentation Covers, No Pattern/Clear, 8 1/2"" x 11""",,90.7452
Out, Sales ,"Premium Transparent Presentation Covers, No Pattern/Clear, 8 1/2"" x 11""",All Others,"1,035",▼,"Premium Transparent Presentation Covers, No Pattern/Clear, 8 1/2"" x 11""",,698.04
Out, Margin ,"Premium Writing Pencils, Soft, #2 by Central Association for the Blind",All Others,754,▼,"Premium Writing Pencils, Soft, #2 by Central Association for the Blind",,0.237956204
Out, Profit ,"Premium Writing Pencils, Soft, #2 by Central Association for the Blind",All Others,754,▼,"Premium Writing Pencils, Soft, #2 by Central Association for the Blind",,19.4296
Out, Sales ,"Premium Writing Pencils, Soft, #2 by Central Association for the Blind",All Others,754,▼,"Premium Writing Pencils, Soft, #2 by Central Association for the Blind",,81.652
Out, Margin ,"Pressboard Covers with Storage Hooks, 9 1/2"" x 11"", Light Blue",All Others,"1,371",▼,"Pressboard Covers with Storage Hooks, 9 1/2"" x 11"", Light Blue",,-0.115789474
Out, Profit ,"Pressboard Covers with Storage Hooks, 9 1/2"" x 11"", Light Blue",All Others,"1,371",▼,"Pressboard Covers with Storage Hooks, 9 1/2"" x 11"", Light Blue",,-11.8822
Out, Sales ,"Pressboard Covers with Storage Hooks, 9 1/2"" x 11"", Light Blue",All Others,"1,371",▼,"Pressboard Covers with Storage Hooks, 9 1/2"" x 11"", Light Blue",,102.619
Out, Margin ,"Pressboard Data Binder, Crimson, 12"" X 8 1/2""",All Others,823,▼,"Pressboard Data Binder, Crimson, 12"" X 8 1/2""",,0.216129032
Out, Profit ,"Pressboard Data Binder, Crimson, 12"" X 8 1/2""",All Others,823,▼,"Pressboard Data Binder, Crimson, 12"" X 8 1/2""",,7.1556
Out, Sales ,"Pressboard Data Binder, Crimson, 12"" X 8 1/2""",All Others,823,▼,"Pressboard Data Binder, Crimson, 12"" X 8 1/2""",,33.108
Out, Margin ,Pressboard Data Binders by Wilson Jones,All Others,783,▼,Pressboard Data Binders by Wilson Jones,,0.230645161
Out, Profit ,Pressboard Data Binders by Wilson Jones,All Others,783,▼,Pressboard Data Binders by Wilson Jones,,22.9086
Out, Sales ,Pressboard Data Binders by Wilson Jones,All Others,783,▼,Pressboard Data Binders by Wilson Jones,,99.324
Out, Margin ,Pressboard Hanging Data Binders for Unburst Sheets,All Others,"1,345",▼,Pressboard Hanging Data Binders for Unburst Sheets,,-0.089956332
Out, Profit ,Pressboard Hanging Data Binders for Unburst Sheets,All Others,"1,345",▼,Pressboard Hanging Data Binders for Unburst Sheets,,-10.1352
Out, Sales ,Pressboard Hanging Data Binders for Unburst Sheets,All Others,"1,345",▼,Pressboard Hanging Data Binders for Unburst Sheets,,112.668
Out, Margin ,Presstex Flexible Ring Binders,All Others,677,▼,Presstex Flexible Ring Binders,,0.264705882
Out, Profit ,Presstex Flexible Ring Binders,All Others,677,▼,Presstex Flexible Ring Binders,,24.57
Out, Sales ,Presstex Flexible Ring Binders,All Others,677,▼,Presstex Flexible Ring Binders,,92.82
Out, Margin ,Prestige Round Ring Binders,All Others,845,▼,Prestige Round Ring Binders,,0.210638298
Out, Profit ,Prestige Round Ring Binders,All Others,845,▼,Prestige Round Ring Binders,,18.0576
Out, Sales ,Prestige Round Ring Binders,All Others,845,▼,Prestige Round Ring Binders,,85.728
Out, Margin ,Prismacolor Color Pencil Set,All Others,473,▼,Prismacolor Color Pencil Set,,0.356363636
Out, Profit ,Prismacolor Color Pencil Set,All Others,473,▼,Prismacolor Color Pencil Set,,155.5456
Out, Sales ,Prismacolor Color Pencil Set,All Others,473,▼,Prismacolor Color Pencil Set,,436.48
Out, Margin ,Project Tote Personal File,All Others,796,▼,Project Tote Personal File,,0.228260870
Out, Profit ,Project Tote Personal File,All Others,796,▼,Project Tote Personal File,,44.1945
Out, Sales ,Project Tote Personal File,All Others,796,▼,Project Tote Personal File,,193.614
Out, Margin ,Quality Park Security Envelopes,All Others,452,▼,Quality Park Security Envelopes,,0.366304348
Out, Profit ,Quality Park Security Envelopes,All Others,452,▼,Quality Park Security Envelopes,,88.1929
Out, Sales ,Quality Park Security Envelopes,All Others,452,▼,Quality Park Security Envelopes,,240.764
Out, Margin ,"Quartet Alpha White Chalk, 12/Pack",All Others,376,▼,"Quartet Alpha White Chalk, 12/Pack",,0.394285714
Out, Profit ,"Quartet Alpha White Chalk, 12/Pack",All Others,376,▼,"Quartet Alpha White Chalk, 12/Pack",,6.0996
Out, Sales ,"Quartet Alpha White Chalk, 12/Pack",All Others,376,▼,"Quartet Alpha White Chalk, 12/Pack",,15.47
Out, Margin ,"Quartet Omega Colored Chalk, 12/Pack",All Others,273,▼,"Quartet Omega Colored Chalk, 12/Pack",,0.423913043
Out, Profit ,"Quartet Omega Colored Chalk, 12/Pack",All Others,273,▼,"Quartet Omega Colored Chalk, 12/Pack",,34.164
Out, Sales ,"Quartet Omega Colored Chalk, 12/Pack",All Others,273,▼,"Quartet Omega Colored Chalk, 12/Pack",,80.592
Out, Margin ,"Recycled Data-Pak for Archival Bound Computer Printouts, 12-1/2 x 12-1/2 x 16",All Others,805,▼,"Recycled Data-Pak for Archival Bound Computer Printouts, 12-1/2 x 12-1/2 x 16",,0.223404255
Out, Profit ,"Recycled Data-Pak for Archival Bound Computer Printouts, 12-1/2 x 12-1/2 x 16",All Others,805,▼,"Recycled Data-Pak for Archival Bound Computer Printouts, 12-1/2 x 12-1/2 x 16",,414.918
Out, Sales ,"Recycled Data-Pak for Archival Bound Computer Printouts, 12-1/2 x 12-1/2 x 16",All Others,805,▼,"Recycled Data-Pak for Archival Bound Computer Printouts, 12-1/2 x 12-1/2 x 16",,"1,857.252"
Out, Margin ,"Recycled Desk Saver Line ""While You Were Out"" Book, 5 1/2"" X 4""",All Others,107,▼,"Recycled Desk Saver Line ""While You Were Out"" Book, 5 1/2"" X 4""",,0.46
Out, Profit ,"Recycled Desk Saver Line ""While You Were Out"" Book, 5 1/2"" X 4""",All Others,107,▼,"Recycled Desk Saver Line ""While You Were Out"" Book, 5 1/2"" X 4""",,123.51
Out, Sales ,"Recycled Desk Saver Line ""While You Were Out"" Book, 5 1/2"" X 4""",All Others,107,▼,"Recycled Desk Saver Line ""While You Were Out"" Book, 5 1/2"" X 4""",,268.5
Out, Margin ,Recycled Easel Ring Binders,All Others,"1,137",▼,Recycled Easel Ring Binders,,0.070048309
Out, Profit ,Recycled Easel Ring Binders,All Others,"1,137",▼,Recycled Easel Ring Binders,,21.634
Out, Sales ,Recycled Easel Ring Binders,All Others,"1,137",▼,Recycled Easel Ring Binders,,308.844
Out, Margin ,Recycled Eldon Regeneration Jumbo File,All Others,723,▼,Recycled Eldon Regeneration Jumbo File,,0.25
Out, Profit ,Recycled Eldon Regeneration Jumbo File,All Others,723,▼,Recycled Eldon Regeneration Jumbo File,,58.944
Out, Sales ,Recycled Eldon Regeneration Jumbo File,All Others,723,▼,Recycled Eldon Regeneration Jumbo File,,235.776
Out, Margin ,"Recycled Interoffice Envelopes with Re-Use-A-Seal Closure, 10 x 13",All Others,514,▼,"Recycled Interoffice Envelopes with Re-Use-A-Seal Closure, 10 x 13",,0.3375
Out, Profit ,"Recycled Interoffice Envelopes with Re-Use-A-Seal Closure, 10 x 13",All Others,514,▼,"Recycled Interoffice Envelopes with Re-Use-A-Seal Closure, 10 x 13",,23.0445
Out, Sales ,"Recycled Interoffice Envelopes with Re-Use-A-Seal Closure, 10 x 13",All Others,514,▼,"Recycled Interoffice Envelopes with Re-Use-A-Seal Closure, 10 x 13",,68.28
Out, Margin ,"Recycled Interoffice Envelopes with String and Button Closure, 10 x 13",All Others,177,▼,"Recycled Interoffice Envelopes with String and Button Closure, 10 x 13",,0.444444444
Out, Profit ,"Recycled Interoffice Envelopes with String and Button Closure, 10 x 13",All Others,177,▼,"Recycled Interoffice Envelopes with String and Button Closure, 10 x 13",,115.152
Out, Sales ,"Recycled Interoffice Envelopes with String and Button Closure, 10 x 13",All Others,177,▼,"Recycled Interoffice Envelopes with String and Button Closure, 10 x 13",,259.092
Out, Margin ,Recycled Premium Regency Composition Covers,All Others,458,▼,Recycled Premium Regency Composition Covers,,0.3625
Out, Profit ,Recycled Premium Regency Composition Covers,All Others,458,▼,Recycled Premium Regency Composition Covers,,39.8808
Out, Sales ,Recycled Premium Regency Composition Covers,All Others,458,▼,Recycled Premium Regency Composition Covers,,110.016
Out, Margin ,Recycled Pressboard Report Cover with Reinforced Top Hinge,All Others,879,▼,Recycled Pressboard Report Cover with Reinforced Top Hinge,,0.197222222
Out, Profit ,Recycled Pressboard Report Cover with Reinforced Top Hinge,All Others,879,▼,Recycled Pressboard Report Cover with Reinforced Top Hinge,,13.7598
Out, Sales ,Recycled Pressboard Report Cover with Reinforced Top Hinge,All Others,879,▼,Recycled Pressboard Report Cover with Reinforced Top Hinge,,69.768
Out, Margin ,Recycled Steel Personal File for Hanging File Folders,All Others,"1,005",▼,Recycled Steel Personal File for Hanging File Folders,,0.144021739
Out, Profit ,Recycled Steel Personal File for Hanging File Folders,All Others,"1,005",▼,Recycled Steel Personal File for Hanging File Folders,,151.6595
Out, Sales ,Recycled Steel Personal File for Hanging File Folders,All Others,"1,005",▼,Recycled Steel Personal File for Hanging File Folders,,"1,053.032"
Out, Margin ,Recycled Steel Personal File for Standard File Folders,All Others,763,▼,Recycled Steel Personal File for Standard File Folders,,0.237113402
Out, Profit ,Recycled Steel Personal File for Standard File Folders,All Others,763,▼,Recycled Steel Personal File for Standard File Folders,,254.334
Out, Sales ,Recycled Steel Personal File for Standard File Folders,All Others,763,▼,Recycled Steel Personal File for Standard File Folders,,"1,072.626"
Out, Margin ,"Redi-Strip #10 Envelopes, 4 1/8 x 9 1/2",All Others,271,▼,"Redi-Strip #10 Envelopes, 4 1/8 x 9 1/2",,0.424050633
Out, Profit ,"Redi-Strip #10 Envelopes, 4 1/8 x 9 1/2",All Others,271,▼,"Redi-Strip #10 Envelopes, 4 1/8 x 9 1/2",,39.53
Out, Sales ,"Redi-Strip #10 Envelopes, 4 1/8 x 9 1/2",All Others,271,▼,"Redi-Strip #10 Envelopes, 4 1/8 x 9 1/2",,93.22
Out, Margin ,"REDIFORM Incoming/Outgoing Call Register, 11"" X 8 1/2"", 100 Messages",All Others,141,▼,"REDIFORM Incoming/Outgoing Call Register, 11"" X 8 1/2"", 100 Messages",,0.452662722
Out, Profit ,"REDIFORM Incoming/Outgoing Call Register, 11"" X 8 1/2"", 100 Messages",All Others,141,▼,"REDIFORM Incoming/Outgoing Call Register, 11"" X 8 1/2"", 100 Messages",,127.602
Out, Sales ,"REDIFORM Incoming/Outgoing Call Register, 11"" X 8 1/2"", 100 Messages",All Others,141,▼,"REDIFORM Incoming/Outgoing Call Register, 11"" X 8 1/2"", 100 Messages",,281.892
Out, Margin ,"Rediform S.O.S. 1-Up Phone Message Bk, 4-1/4x3-1/16 Bk, 1 Form/Pg, 40 Messages/Bk, 3/Pk",All Others,24,▼,"Rediform S.O.S. 1-Up Phone Message Bk, 4-1/4x3-1/16 Bk, 1 Form/Pg, 40 Messages/Bk, 3/Pk",,0.48
Out, Profit ,"Rediform S.O.S. 1-Up Phone Message Bk, 4-1/4x3-1/16 Bk, 1 Form/Pg, 40 Messages/Bk, 3/Pk",All Others,24,▼,"Rediform S.O.S. 1-Up Phone Message Bk, 4-1/4x3-1/16 Bk, 1 Form/Pg, 40 Messages/Bk, 3/Pk",,94.5504
Out, Sales ,"Rediform S.O.S. 1-Up Phone Message Bk, 4-1/4x3-1/16 Bk, 1 Form/Pg, 40 Messages/Bk, 3/Pk",All Others,24,▼,"Rediform S.O.S. 1-Up Phone Message Bk, 4-1/4x3-1/16 Bk, 1 Form/Pg, 40 Messages/Bk, 3/Pk",,196.98
Out, Margin ,Rediform S.O.S. Phone Message Books,All Others,9,▼,Rediform S.O.S. Phone Message Books,,0.49
Out, Profit ,Rediform S.O.S. Phone Message Books,All Others,9,▼,Rediform S.O.S. Phone Message Books,,9.7608
Out, Sales ,Rediform S.O.S. Phone Message Books,All Others,9,▼,Rediform S.O.S. Phone Message Books,,19.92
Out, Margin ,Rediform Voice Mail Log Books,All Others,301,▼,Rediform Voice Mail Log Books,,0.416326531
Out, Profit ,Rediform Voice Mail Log Books,All Others,301,▼,Rediform Voice Mail Log Books,,12.1584
Out, Sales ,Rediform Voice Mail Log Books,All Others,301,▼,Rediform Voice Mail Log Books,,29.204
Out, Margin ,"Rediform Wirebound ""Phone Memo"" Message Book, 11 x 5-3/4",All Others,369,▼,"Rediform Wirebound ""Phone Memo"" Message Book, 11 x 5-3/4",,0.397916667
Out, Profit ,"Rediform Wirebound ""Phone Memo"" Message Book, 11 x 5-3/4",All Others,369,▼,"Rediform Wirebound ""Phone Memo"" Message Book, 11 x 5-3/4",,43.7772
Out, Sales ,"Rediform Wirebound ""Phone Memo"" Message Book, 11 x 5-3/4",All Others,369,▼,"Rediform Wirebound ""Phone Memo"" Message Book, 11 x 5-3/4",,110.016
Out, Margin ,Regeneration Desk Collection,All Others,275,▼,Regeneration Desk Collection,,0.423529412
Out, Profit ,Regeneration Desk Collection,All Others,275,▼,Regeneration Desk Collection,,15.2064
Out, Sales ,Regeneration Desk Collection,All Others,275,▼,Regeneration Desk Collection,,35.904
Out, Margin ,Revere Boxed Rubber Bands by Revere,All Others,"1,373",▼,Revere Boxed Rubber Bands by Revere,,-0.118897638
Out, Profit ,Revere Boxed Rubber Bands by Revere,All Others,"1,373",▼,Revere Boxed Rubber Bands by Revere,,-5.7078
Out, Sales ,Revere Boxed Rubber Bands by Revere,All Others,"1,373",▼,Revere Boxed Rubber Bands by Revere,,48.006
Out, Margin ,Ricoh - Ink Collector Unit for GX3000 Series Printers,All Others,"1,125",▼,Ricoh - Ink Collector Unit for GX3000 Series Printers,,0.079279279
Out, Profit ,Ricoh - Ink Collector Unit for GX3000 Series Printers,All Others,"1,125",▼,Ricoh - Ink Collector Unit for GX3000 Series Printers,,36.916
Out, Sales ,Ricoh - Ink Collector Unit for GX3000 Series Printers,All Others,"1,125",▼,Ricoh - Ink Collector Unit for GX3000 Series Printers,,465.645
Out, Margin ,Riverleaf Stik-Withit Designer Note Cubes,All Others,345,▼,Riverleaf Stik-Withit Designer Note Cubes,,0.404411765
Out, Profit ,Riverleaf Stik-Withit Designer Note Cubes,All Others,345,▼,Riverleaf Stik-Withit Designer Note Cubes,,55.33
Out, Sales ,Riverleaf Stik-Withit Designer Note Cubes,All Others,345,▼,Riverleaf Stik-Withit Designer Note Cubes,,136.816
Out, Margin ,"Riverside Furniture Oval Coffee Table, Oval End Table, End Table with Drawer",All Others,"1,447",▼,"Riverside Furniture Oval Coffee Table, Oval End Table, End Table with Drawer",,-0.258064516
Out, Profit ,"Riverside Furniture Oval Coffee Table, Oval End Table, End Table with Drawer",All Others,"1,447",▼,"Riverside Furniture Oval Coffee Table, Oval End Table, End Table with Drawer",,"-1,147.4"
Out, Sales ,"Riverside Furniture Oval Coffee Table, Oval End Table, End Table with Drawer",All Others,"1,447",▼,"Riverside Furniture Oval Coffee Table, Oval End Table, End Table with Drawer",,"4,446.175"
Out, Margin ,Riverside Furniture Stanwyck Manor Table Series,All Others,"1,475",▼,Riverside Furniture Stanwyck Manor Table Series,,-0.453125
Out, Profit ,Riverside Furniture Stanwyck Manor Table Series,All Others,"1,475",▼,Riverside Furniture Stanwyck Manor Table Series,,-415.9325
Out, Sales ,Riverside Furniture Stanwyck Manor Table Series,All Others,"1,475",▼,Riverside Furniture Stanwyck Manor Table Series,,917.92
Out, Margin ,"Riverside Palais Royal Lawyers Bookcase, Royale Cherry Finish",All Others,"1,296",▼,"Riverside Palais Royal Lawyers Bookcase, Royale Cherry Finish",,-0.042889391
Out, Profit ,"Riverside Palais Royal Lawyers Bookcase, Royale Cherry Finish",All Others,"1,296",▼,"Riverside Palais Royal Lawyers Bookcase, Royale Cherry Finish",,-669.5448
Out, Sales ,"Riverside Palais Royal Lawyers Bookcase, Royale Cherry Finish",All Others,"1,296",▼,"Riverside Palais Royal Lawyers Bookcase, Royale Cherry Finish",,"15,610.9656"
Out, Margin ,Rogers Deluxe File Chest,All Others,"1,333",▼,Rogers Deluxe File Chest,,-0.078217822
Out, Profit ,Rogers Deluxe File Chest,All Others,"1,333",▼,Rogers Deluxe File Chest,,-34.7284
Out, Sales ,Rogers Deluxe File Chest,All Others,"1,333",▼,Rogers Deluxe File Chest,,443.996
Out, Margin ,Rogers Handheld Barrel Pencil Sharpener,All Others,860,▼,Rogers Handheld Barrel Pencil Sharpener,,0.206521739
Out, Profit ,Rogers Handheld Barrel Pencil Sharpener,All Others,860,▼,Rogers Handheld Barrel Pencil Sharpener,,15.618
Out, Sales ,Rogers Handheld Barrel Pencil Sharpener,All Others,860,▼,Rogers Handheld Barrel Pencil Sharpener,,75.624
Out, Margin ,"Rogers Jumbo File, Granite",All Others,"1,255",▼,"Rogers Jumbo File, Granite",,-0.015384615
Out, Profit ,"Rogers Jumbo File, Granite",All Others,"1,255",▼,"Rogers Jumbo File, Granite",,-4.888800000
Out, Sales ,"Rogers Jumbo File, Granite",All Others,"1,255",▼,"Rogers Jumbo File, Granite",,317.772
Out, Margin ,Rogers Profile Extra Capacity Storage Tub,All Others,"1,226",▼,Rogers Profile Extra Capacity Storage Tub,,0.009032258
Out, Profit ,Rogers Profile Extra Capacity Storage Tub,All Others,"1,226",▼,Rogers Profile Extra Capacity Storage Tub,,4.687200000
Out, Sales ,Rogers Profile Extra Capacity Storage Tub,All Others,"1,226",▼,Rogers Profile Extra Capacity Storage Tub,,518.94
Out, Margin ,Round Ring Binders,All Others,"1,280",▼,Round Ring Binders,,-0.030555556
Out, Profit ,Round Ring Binders,All Others,"1,280",▼,Round Ring Binders,,-0.9152
Out, Sales ,Round Ring Binders,All Others,"1,280",▼,Round Ring Binders,,29.952
Out, Margin ,Round Specialty Laser Printer Labels,All Others,402,▼,Round Specialty Laser Printer Labels,,0.384821429
Out, Profit ,Round Specialty Laser Printer Labels,All Others,402,▼,Round Specialty Laser Printer Labels,,162.0129
Out, Sales ,Round Specialty Laser Printer Labels,All Others,402,▼,Round Specialty Laser Printer Labels,,421.008
Out, Margin ,"RSVP Cards & Envelopes, Blank White, 8-1/2"" X 11"", 24 Cards/25 Envelopes/Set",All Others,253,▼,"RSVP Cards & Envelopes, Blank White, 8-1/2"" X 11"", 24 Cards/25 Envelopes/Set",,0.427840909
Out, Profit ,"RSVP Cards & Envelopes, Blank White, 8-1/2"" X 11"", 24 Cards/25 Envelopes/Set",All Others,253,▼,"RSVP Cards & Envelopes, Blank White, 8-1/2"" X 11"", 24 Cards/25 Envelopes/Set",,38.2524
Out, Sales ,"RSVP Cards & Envelopes, Blank White, 8-1/2"" X 11"", 24 Cards/25 Envelopes/Set",All Others,253,▼,"RSVP Cards & Envelopes, Blank White, 8-1/2"" X 11"", 24 Cards/25 Envelopes/Set",,89.408
Out, Margin ,Rubber Band Ball,All Others,"1,240",▼,Rubber Band Ball,,-0.005128205
Out, Profit ,Rubber Band Ball,All Others,"1,240",▼,Rubber Band Ball,,-0.299200000
Out, Sales ,Rubber Band Ball,All Others,"1,240",▼,Rubber Band Ball,,58.344
Out, Margin ,"Rubbermaid ClusterMat Chairmats, Mat Size- 66"" x 60"", Lip 20"" x 11"" -90 Degree Angle",All Others,"1,338",▼,"Rubbermaid ClusterMat Chairmats, Mat Size- 66"" x 60"", Lip 20"" x 11"" -90 Degree Angle",,-0.083870968
Out, Profit ,"Rubbermaid ClusterMat Chairmats, Mat Size- 66"" x 60"", Lip 20"" x 11"" -90 Degree Angle",All Others,"1,338",▼,"Rubbermaid ClusterMat Chairmats, Mat Size- 66"" x 60"", Lip 20"" x 11"" -90 Degree Angle",,-173.1288
Out, Sales ,"Rubbermaid ClusterMat Chairmats, Mat Size- 66"" x 60"", Lip 20"" x 11"" -90 Degree Angle",All Others,"1,338",▼,"Rubbermaid ClusterMat Chairmats, Mat Size- 66"" x 60"", Lip 20"" x 11"" -90 Degree Angle",,"2,064.228"
Out, Margin ,"Rush Hierlooms Collection 1"" Thick Stackable Bookcases",All Others,957,▼,"Rush Hierlooms Collection 1"" Thick Stackable Bookcases",,0.164948454
Out, Profit ,"Rush Hierlooms Collection 1"" Thick Stackable Bookcases",All Others,957,▼,"Rush Hierlooms Collection 1"" Thick Stackable Bookcases",,410.352
Out, Sales ,"Rush Hierlooms Collection 1"" Thick Stackable Bookcases",All Others,957,▼,"Rush Hierlooms Collection 1"" Thick Stackable Bookcases",,"2,487.759"
Out, Margin ,Rush Hierlooms Collection Rich Wood Bookcases,All Others,"1,399",▼,Rush Hierlooms Collection Rich Wood Bookcases,,-0.144736842
Out, Profit ,Rush Hierlooms Collection Rich Wood Bookcases,All Others,"1,399",▼,Rush Hierlooms Collection Rich Wood Bookcases,,-70.8312
Out, Sales ,Rush Hierlooms Collection Rich Wood Bookcases,All Others,"1,399",▼,Rush Hierlooms Collection Rich Wood Bookcases,,489.3792
Out, Margin ,SAFCO Arco Folding Chair,All Others,"1,094",▼,SAFCO Arco Folding Chair,,0.101909308
Out, Profit ,SAFCO Arco Folding Chair,All Others,"1,094",▼,SAFCO Arco Folding Chair,,"1,179.374"
Out, Sales ,SAFCO Arco Folding Chair,All Others,"1,094",▼,SAFCO Arco Folding Chair,,"11,572.78"
Out, Margin ,SAFCO Boltless Steel Shelving,All Others,"1,359",▼,SAFCO Boltless Steel Shelving,,-0.1
Out, Profit ,SAFCO Boltless Steel Shelving,All Others,"1,359",▼,SAFCO Boltless Steel Shelving,,-470.4696
Out, Sales ,SAFCO Boltless Steel Shelving,All Others,"1,359",▼,SAFCO Boltless Steel Shelving,,"4,704.696"
Out, Margin ,"Safco Chair Connectors, 6/Carton",All Others,889,▼,"Safco Chair Connectors, 6/Carton",,0.193886463
Out, Profit ,"Safco Chair Connectors, 6/Carton",All Others,889,▼,"Safco Chair Connectors, 6/Carton",,170.8512
Out, Sales ,"Safco Chair Connectors, 6/Carton",All Others,889,▼,"Safco Chair Connectors, 6/Carton",,881.192
Out, Margin ,Safco Commercial Shelving,All Others,"1,256",▼,Safco Commercial Shelving,,-0.015384615
Out, Profit ,Safco Commercial Shelving,All Others,"1,256",▼,Safco Commercial Shelving,,-7.441600000
Out, Sales ,Safco Commercial Shelving,All Others,"1,256",▼,Safco Commercial Shelving,,483.704
Out, Margin ,"SAFCO Commercial Wire Shelving, 72h",All Others,"1,259",▼,"SAFCO Commercial Wire Shelving, 72h",,-0.016949153
Out, Profit ,"SAFCO Commercial Wire Shelving, 72h",All Others,"1,259",▼,"SAFCO Commercial Wire Shelving, 72h",,-24.496
Out, Sales ,"SAFCO Commercial Wire Shelving, 72h",All Others,"1,259",▼,"SAFCO Commercial Wire Shelving, 72h",,"1,445.264"
Out, Margin ,"SAFCO Commercial Wire Shelving, Black",All Others,"1,404",▼,"SAFCO Commercial Wire Shelving, Black",,-0.151315789
Out, Profit ,"SAFCO Commercial Wire Shelving, Black",All Others,"1,404",▼,"SAFCO Commercial Wire Shelving, Black",,-635.444
Out, Sales ,"SAFCO Commercial Wire Shelving, Black",All Others,"1,404",▼,"SAFCO Commercial Wire Shelving, Black",,"4,199.456"
Out, Margin ,Safco Contoured Stacking Chairs,All Others,985,▼,Safco Contoured Stacking Chairs,,0.152719665
Out, Profit ,Safco Contoured Stacking Chairs,All Others,985,▼,Safco Contoured Stacking Chairs,,870.16
Out, Sales ,Safco Contoured Stacking Chairs,All Others,985,▼,Safco Contoured Stacking Chairs,,"5,697.76"
Out, Margin ,Safco Drafting Table,All Others,"1,168",▼,Safco Drafting Table,,0.053333333
Out, Profit ,Safco Drafting Table,All Others,"1,168",▼,Safco Drafting Table,,34.070400000
Out, Sales ,Safco Drafting Table,All Others,"1,168",▼,Safco Drafting Table,,638.82
Out, Margin ,SAFCO Folding Chair Trolley,All Others,825,▼,SAFCO Folding Chair Trolley,,0.214545455
Out, Profit ,SAFCO Folding Chair Trolley,All Others,825,▼,SAFCO Folding Chair Trolley,,151.3232
Out, Sales ,SAFCO Folding Chair Trolley,All Others,825,▼,SAFCO Folding Chair Trolley,,705.32
Out, Margin ,Safco Industrial Shelving,All Others,"1,379",▼,Safco Industrial Shelving,,-0.125892857
Out, Profit ,Safco Industrial Shelving,All Others,"1,379",▼,Safco Industrial Shelving,,-104.1285
Out, Sales ,Safco Industrial Shelving,All Others,"1,379",▼,Safco Industrial Shelving,,827.12
Out, Margin ,Safco Industrial Wire Shelving,All Others,"1,349",▼,Safco Industrial Wire Shelving,,-0.092957746
Out, Profit ,Safco Industrial Wire Shelving,All Others,"1,349",▼,Safco Industrial Wire Shelving,,-126.7068
Out, Sales ,Safco Industrial Wire Shelving,All Others,"1,349",▼,Safco Industrial Wire Shelving,,"1,363.058"
Out, Margin ,Safco Industrial Wire Shelving System,All Others,"1,343",▼,Safco Industrial Wire Shelving System,,-0.086956522
Out, Profit ,Safco Industrial Wire Shelving System,All Others,"1,343",▼,Safco Industrial Wire Shelving System,,-218.352
Out, Sales ,Safco Industrial Wire Shelving System,All Others,"1,343",▼,Safco Industrial Wire Shelving System,,"2,511.048"
Out, Margin ,"SAFCO Mobile Desk Side File, Wire Frame",All Others,854,▼,"SAFCO Mobile Desk Side File, Wire Frame",,0.208965517
Out, Profit ,"SAFCO Mobile Desk Side File, Wire Frame",All Others,854,▼,"SAFCO Mobile Desk Side File, Wire Frame",,259.1256
Out, Sales ,"SAFCO Mobile Desk Side File, Wire Frame",All Others,854,▼,"SAFCO Mobile Desk Side File, Wire Frame",,"1,240.04"
Out, Margin ,SAFCO Optional Arm Kit for Workspace Cribbage Stacking Chair,All Others,"1,156",▼,SAFCO Optional Arm Kit for Workspace Cribbage Stacking Chair,,0.060869565
Out, Profit ,SAFCO Optional Arm Kit for Workspace Cribbage Stacking Chair,All Others,"1,156",▼,SAFCO Optional Arm Kit for Workspace Cribbage Stacking Chair,,14.9184
Out, Sales ,SAFCO Optional Arm Kit for Workspace Cribbage Stacking Chair,All Others,"1,156",▼,SAFCO Optional Arm Kit for Workspace Cribbage Stacking Chair,,245.088
Out, Margin ,"SAFCO PlanMaster Boards, 60w x 37-1/2d, White Melamine",All Others,"1,221",▼,"SAFCO PlanMaster Boards, 60w x 37-1/2d, White Melamine",,0.018367347
Out, Profit ,"SAFCO PlanMaster Boards, 60w x 37-1/2d, White Melamine",All Others,"1,221",▼,"SAFCO PlanMaster Boards, 60w x 37-1/2d, White Melamine",,54.716400000
Out, Sales ,"SAFCO PlanMaster Boards, 60w x 37-1/2d, White Melamine",All Others,"1,221",▼,"SAFCO PlanMaster Boards, 60w x 37-1/2d, White Melamine",,"2,979.004"
Out, Margin ,"SAFCO PlanMaster Heigh-Adjustable Drafting Table Base, 43w x 30d x 30-37h, Black",All Others,964,▼,"SAFCO PlanMaster Heigh-Adjustable Drafting Table Base, 43w x 30d x 30-37h, Black",,0.162616822
Out, Profit ,"SAFCO PlanMaster Heigh-Adjustable Drafting Table Base, 43w x 30d x 30-37h, Black",All Others,964,▼,"SAFCO PlanMaster Heigh-Adjustable Drafting Table Base, 43w x 30d x 30-37h, Black",,608.043
Out, Sales ,"SAFCO PlanMaster Heigh-Adjustable Drafting Table Base, 43w x 30d x 30-37h, Black",All Others,964,▼,"SAFCO PlanMaster Heigh-Adjustable Drafting Table Base, 43w x 30d x 30-37h, Black",,"3,739.115"
Out, Margin ,Safco Steel Mobile File Cart,All Others,928,▼,Safco Steel Mobile File Cart,,0.176829268
Out, Profit ,Safco Steel Mobile File Cart,All Others,928,▼,Safco Steel Mobile File Cart,,120.872
Out, Sales ,Safco Steel Mobile File Cart,All Others,928,▼,Safco Steel Mobile File Cart,,683.552
Out, Margin ,"Safco Value Mate Series Steel Bookcases, Baked Enamel Finish on Steel, Gray",All Others,"1,249",▼,"Safco Value Mate Series Steel Bookcases, Baked Enamel Finish on Steel, Gray",,-0.011570248
Out, Profit ,"Safco Value Mate Series Steel Bookcases, Baked Enamel Finish on Steel, Gray",All Others,"1,249",▼,"Safco Value Mate Series Steel Bookcases, Baked Enamel Finish on Steel, Gray",,-9.937200000
Out, Sales ,"Safco Value Mate Series Steel Bookcases, Baked Enamel Finish on Steel, Gray",All Others,"1,249",▼,"Safco Value Mate Series Steel Bookcases, Baked Enamel Finish on Steel, Gray",,858.858
Out, Margin ,"Safco Value Mate Steel Bookcase, Baked Enamel Finish on Steel, Black",All Others,"1,027",▼,"Safco Value Mate Steel Bookcase, Baked Enamel Finish on Steel, Black",,0.132743363
Out, Profit ,"Safco Value Mate Steel Bookcase, Baked Enamel Finish on Steel, Black",All Others,"1,027",▼,"Safco Value Mate Steel Bookcase, Baked Enamel Finish on Steel, Black",,106.47
Out, Sales ,"Safco Value Mate Steel Bookcase, Baked Enamel Finish on Steel, Black",All Others,"1,027",▼,"Safco Value Mate Steel Bookcase, Baked Enamel Finish on Steel, Black",,802.074
Out, Margin ,"Safco Wire Cube Shelving System, For Use as 4 or 5 14"" Cubes, Black",All Others,"1,195",▼,"Safco Wire Cube Shelving System, For Use as 4 or 5 14"" Cubes, Black",,0.03515625
Out, Profit ,"Safco Wire Cube Shelving System, For Use as 4 or 5 14"" Cubes, Black",All Others,"1,195",▼,"Safco Wire Cube Shelving System, For Use as 4 or 5 14"" Cubes, Black",,14.301
Out, Sales ,"Safco Wire Cube Shelving System, For Use as 4 or 5 14"" Cubes, Black",All Others,"1,195",▼,"Safco Wire Cube Shelving System, For Use as 4 or 5 14"" Cubes, Black",,406.784
Out, Margin ,Sanford 52201 APSCO Electric Pencil Sharpener,All Others,727,▼,Sanford 52201 APSCO Electric Pencil Sharpener,,0.249275362
Out, Profit ,Sanford 52201 APSCO Electric Pencil Sharpener,All Others,727,▼,Sanford 52201 APSCO Electric Pencil Sharpener,,140.9368
Out, Sales ,Sanford 52201 APSCO Electric Pencil Sharpener,All Others,727,▼,Sanford 52201 APSCO Electric Pencil Sharpener,,565.386
Out, Margin ,"Sanford Colorific Colored Pencils, 12/Box",All Others,618,▼,"Sanford Colorific Colored Pencils, 12/Box",,0.283464567
Out, Profit ,"Sanford Colorific Colored Pencils, 12/Box",All Others,618,▼,"Sanford Colorific Colored Pencils, 12/Box",,20.736
Out, Sales ,"Sanford Colorific Colored Pencils, 12/Box",All Others,618,▼,"Sanford Colorific Colored Pencils, 12/Box",,73.152
Out, Margin ,"Sanford Colorific Eraseable Coloring Pencils, 12 Count",All Others,390,▼,"Sanford Colorific Eraseable Coloring Pencils, 12 Count",,0.389285714
Out, Profit ,"Sanford Colorific Eraseable Coloring Pencils, 12 Count",All Others,390,▼,"Sanford Colorific Eraseable Coloring Pencils, 12 Count",,17.876
Out, Sales ,"Sanford Colorific Eraseable Coloring Pencils, 12 Count",All Others,390,▼,"Sanford Colorific Eraseable Coloring Pencils, 12 Count",,45.92
Out, Margin ,"Sanford Colorific Scented Colored Pencils, 12/Pack",All Others,567,▼,"Sanford Colorific Scented Colored Pencils, 12/Pack",,0.31
Out, Profit ,"Sanford Colorific Scented Colored Pencils, 12/Pack",All Others,567,▼,"Sanford Colorific Scented Colored Pencils, 12/Pack",,14.5948
Out, Sales ,"Sanford Colorific Scented Colored Pencils, 12/Pack",All Others,567,▼,"Sanford Colorific Scented Colored Pencils, 12/Pack",,47.08
Out, Margin ,"Sanford EarthWrite Recycled Pencils, Medium Soft, #2",All Others,637,▼,"Sanford EarthWrite Recycled Pencils, Medium Soft, #2",,0.28
Out, Profit ,"Sanford EarthWrite Recycled Pencils, Medium Soft, #2",All Others,637,▼,"Sanford EarthWrite Recycled Pencils, Medium Soft, #2",,8.232
Out, Sales ,"Sanford EarthWrite Recycled Pencils, Medium Soft, #2",All Others,637,▼,"Sanford EarthWrite Recycled Pencils, Medium Soft, #2",,29.4
Out, Margin ,Sanford Liquid Accent Highlighters,All Others,535,▼,Sanford Liquid Accent Highlighters,,0.325
Out, Profit ,Sanford Liquid Accent Highlighters,All Others,535,▼,Sanford Liquid Accent Highlighters,,48.6304
Out, Sales ,Sanford Liquid Accent Highlighters,All Others,535,▼,Sanford Liquid Accent Highlighters,,149.632
Out, Margin ,SANFORD Liquid Accent Tank-Style Highlighters,All Others,568,▼,SANFORD Liquid Accent Tank-Style Highlighters,,0.31
Out, Profit ,SANFORD Liquid Accent Tank-Style Highlighters,All Others,568,▼,SANFORD Liquid Accent Tank-Style Highlighters,,4.402
Out, Sales ,SANFORD Liquid Accent Tank-Style Highlighters,All Others,568,▼,SANFORD Liquid Accent Tank-Style Highlighters,,14.2
Out, Margin ,SANFORD Major Accent Highlighters,All Others,434,▼,SANFORD Major Accent Highlighters,,0.371621622
Out, Profit ,SANFORD Major Accent Highlighters,All Others,434,▼,SANFORD Major Accent Highlighters,,77.88
Out, Sales ,SANFORD Major Accent Highlighters,All Others,434,▼,SANFORD Major Accent Highlighters,,209.568
Out, Margin ,Sanford Pocket Accent Highlighters,All Others,238,▼,Sanford Pocket Accent Highlighters,,0.43
Out, Profit ,Sanford Pocket Accent Highlighters,All Others,238,▼,Sanford Pocket Accent Highlighters,,9.632
Out, Sales ,Sanford Pocket Accent Highlighters,All Others,238,▼,Sanford Pocket Accent Highlighters,,22.4
Out, Margin ,"Sanford Prismacolor Professional Thick Lead Art Pencils, 36-Color Set",All Others,761,▼,"Sanford Prismacolor Professional Thick Lead Art Pencils, 36-Color Set",,0.2375
Out, Profit ,"Sanford Prismacolor Professional Thick Lead Art Pencils, 36-Color Set",All Others,761,▼,"Sanford Prismacolor Professional Thick Lead Art Pencils, 36-Color Set",,49.7952
Out, Sales ,"Sanford Prismacolor Professional Thick Lead Art Pencils, 36-Color Set",All Others,761,▼,"Sanford Prismacolor Professional Thick Lead Art Pencils, 36-Color Set",,209.664
Out, Margin ,"Sanford Uni-Blazer View Highlighters, Chisel Tip, Yellow",All Others,193,▼,"Sanford Uni-Blazer View Highlighters, Chisel Tip, Yellow",,0.44
Out, Profit ,"Sanford Uni-Blazer View Highlighters, Chisel Tip, Yellow",All Others,193,▼,"Sanford Uni-Blazer View Highlighters, Chisel Tip, Yellow",,13.552
Out, Sales ,"Sanford Uni-Blazer View Highlighters, Chisel Tip, Yellow",All Others,193,▼,"Sanford Uni-Blazer View Highlighters, Chisel Tip, Yellow",,30.8
Out, Margin ,"Sanitaire Vibra Groomer IR Commercial Upright Vacuum, Replacement Belts",All Others,"1,098",▼,"Sanitaire Vibra Groomer IR Commercial Upright Vacuum, Replacement Belts",,0.1
Out, Profit ,"Sanitaire Vibra Groomer IR Commercial Upright Vacuum, Replacement Belts",All Others,"1,098",▼,"Sanitaire Vibra Groomer IR Commercial Upright Vacuum, Replacement Belts",,1.3
Out, Sales ,"Sanitaire Vibra Groomer IR Commercial Upright Vacuum, Replacement Belts",All Others,"1,098",▼,"Sanitaire Vibra Groomer IR Commercial Upright Vacuum, Replacement Belts",,13
Out, Margin ,Sanyo 2.5 Cubic Foot Mid-Size Office Refrigerators,All Others,830,▼,Sanyo 2.5 Cubic Foot Mid-Size Office Refrigerators,,0.21375
Out, Profit ,Sanyo 2.5 Cubic Foot Mid-Size Office Refrigerators,All Others,830,▼,Sanyo 2.5 Cubic Foot Mid-Size Office Refrigerators,,956.9502
Out, Sales ,Sanyo 2.5 Cubic Foot Mid-Size Office Refrigerators,All Others,830,▼,Sanyo 2.5 Cubic Foot Mid-Size Office Refrigerators,,"4,476.96"
Out, Margin ,"Sanyo Counter Height Refrigerator with Crisper, 3.6 Cubic Foot, Stainless Steel/Black",All Others,638,▼,"Sanyo Counter Height Refrigerator with Crisper, 3.6 Cubic Foot, Stainless Steel/Black",,0.28
Out, Profit ,"Sanyo Counter Height Refrigerator with Crisper, 3.6 Cubic Foot, Stainless Steel/Black",All Others,638,▼,"Sanyo Counter Height Refrigerator with Crisper, 3.6 Cubic Foot, Stainless Steel/Black",,"1,653.8256"
Out, Sales ,"Sanyo Counter Height Refrigerator with Crisper, 3.6 Cubic Foot, Stainless Steel/Black",All Others,638,▼,"Sanyo Counter Height Refrigerator with Crisper, 3.6 Cubic Foot, Stainless Steel/Black",,"5,906.52"
Out, Margin ,Satellite Sectional Post Binders,All Others,667,▼,Satellite Sectional Post Binders,,0.269750890
Out, Profit ,Satellite Sectional Post Binders,All Others,667,▼,Satellite Sectional Post Binders,,329.0478
Out, Sales ,Satellite Sectional Post Binders,All Others,667,▼,Satellite Sectional Post Binders,,"1,219.821"
Out, Margin ,Sauder Barrister Bookcases,All Others,"1,467",▼,Sauder Barrister Bookcases,,-0.390557940
Out, Profit ,Sauder Barrister Bookcases,All Others,"1,467",▼,Sauder Barrister Bookcases,,-294.7672
Out, Sales ,Sauder Barrister Bookcases,All Others,"1,467",▼,Sauder Barrister Bookcases,,754.7336
Out, Margin ,"Sauder Camden County Barrister Bookcase, Planked Cherry Finish",All Others,"1,213",▼,"Sauder Camden County Barrister Bookcase, Planked Cherry Finish",,0.022727273
Out, Profit ,"Sauder Camden County Barrister Bookcase, Planked Cherry Finish",All Others,"1,213",▼,"Sauder Camden County Barrister Bookcase, Planked Cherry Finish",,24.196000000
Out, Sales ,"Sauder Camden County Barrister Bookcase, Planked Cherry Finish",All Others,"1,213",▼,"Sauder Camden County Barrister Bookcase, Planked Cherry Finish",,"1,064.624"
Out, Margin ,"Sauder Camden County Collection Libraries, Planked Cherry Finish",All Others,"1,291",▼,"Sauder Camden County Collection Libraries, Planked Cherry Finish",,-0.040939193
Out, Profit ,"Sauder Camden County Collection Libraries, Planked Cherry Finish",All Others,"1,291",▼,"Sauder Camden County Collection Libraries, Planked Cherry Finish",,-78.186400000
Out, Sales ,"Sauder Camden County Collection Libraries, Planked Cherry Finish",All Others,"1,291",▼,"Sauder Camden County Collection Libraries, Planked Cherry Finish",,"1,909.8178"
Out, Margin ,Sauder Camden County Collection Library,All Others,"1,328",▼,Sauder Camden County Collection Library,,-0.075630252
Out, Profit ,Sauder Camden County Collection Library,All Others,"1,328",▼,Sauder Camden County Collection Library,,-103.482
Out, Sales ,Sauder Camden County Collection Library,All Others,"1,328",▼,Sauder Camden County Collection Library,,"1,368.262"
Out, Margin ,Sauder Cornerstone Collection Library,All Others,"1,444",▼,Sauder Cornerstone Collection Library,,-0.251923077
Out, Profit ,Sauder Cornerstone Collection Library,All Others,"1,444",▼,Sauder Cornerstone Collection Library,,-81.1676
Out, Sales ,Sauder Cornerstone Collection Library,All Others,"1,444",▼,Sauder Cornerstone Collection Library,,322.192
Out, Margin ,"Sauder Facets Collection Library, Sky Alder Finish",All Others,"1,242",▼,"Sauder Facets Collection Library, Sky Alder Finish",,-0.005988024
Out, Profit ,"Sauder Facets Collection Library, Sky Alder Finish",All Others,"1,242",▼,"Sauder Facets Collection Library, Sky Alder Finish",,-8.549000000
Out, Sales ,"Sauder Facets Collection Library, Sky Alder Finish",All Others,"1,242",▼,"Sauder Facets Collection Library, Sky Alder Finish",,"1,427.683"
Out, Margin ,"Sauder Facets Collection Locker/File Cabinet, Sky Alder Finish",All Others,"1,033",▼,"Sauder Facets Collection Locker/File Cabinet, Sky Alder Finish",,0.130434783
Out, Profit ,"Sauder Facets Collection Locker/File Cabinet, Sky Alder Finish",All Others,"1,033",▼,"Sauder Facets Collection Locker/File Cabinet, Sky Alder Finish",,222.588
Out, Sales ,"Sauder Facets Collection Locker/File Cabinet, Sky Alder Finish",All Others,"1,033",▼,"Sauder Facets Collection Locker/File Cabinet, Sky Alder Finish",,"1,706.508"
Out, Margin ,"Sauder Forest Hills Library with Doors, Woodland Oak Finish",All Others,"1,470",▼,"Sauder Forest Hills Library with Doors, Woodland Oak Finish",,-0.412698413
Out, Profit ,"Sauder Forest Hills Library with Doors, Woodland Oak Finish",All Others,"1,470",▼,"Sauder Forest Hills Library with Doors, Woodland Oak Finish",,-418.548
Out, Sales ,"Sauder Forest Hills Library with Doors, Woodland Oak Finish",All Others,"1,470",▼,"Sauder Forest Hills Library with Doors, Woodland Oak Finish",,"1,014.174"
Out, Margin ,"Sauder Forest Hills Library, Woodland Oak Finish",All Others,"1,284",▼,"Sauder Forest Hills Library, Woodland Oak Finish",,-0.037593985
Out, Profit ,"Sauder Forest Hills Library, Woodland Oak Finish",All Others,"1,284",▼,"Sauder Forest Hills Library, Woodland Oak Finish",,-70.490000000
Out, Sales ,"Sauder Forest Hills Library, Woodland Oak Finish",All Others,"1,284",▼,"Sauder Forest Hills Library, Woodland Oak Finish",,"1,875.034"
Out, Margin ,Sauder Inglewood Library Bookcases,All Others,"1,003",▼,Sauder Inglewood Library Bookcases,,0.144444444
Out, Profit ,Sauder Inglewood Library Bookcases,All Others,"1,003",▼,Sauder Inglewood Library Bookcases,,311.1836
Out, Sales ,Sauder Inglewood Library Bookcases,All Others,"1,003",▼,Sauder Inglewood Library Bookcases,,"2,154.348"
Out, Margin ,"Sauder Mission Library with Doors, Fruitwood Finish",All Others,"1,389",▼,"Sauder Mission Library with Doors, Fruitwood Finish",,-0.134453782
Out, Profit ,"Sauder Mission Library with Doors, Fruitwood Finish",All Others,"1,389",▼,"Sauder Mission Library with Doors, Fruitwood Finish",,-125.7408
Out, Sales ,"Sauder Mission Library with Doors, Fruitwood Finish",All Others,"1,389",▼,"Sauder Mission Library with Doors, Fruitwood Finish",,935.1972
Out, Margin ,Security-Tint Envelopes,All Others,146,▼,Security-Tint Envelopes,,0.451869159
Out, Profit ,Security-Tint Envelopes,All Others,146,▼,Security-Tint Envelopes,,73.8788
Out, Sales ,Security-Tint Envelopes,All Others,146,▼,Security-Tint Envelopes,,163.496
Out, Margin ,Self-Adhesive Address Labels for Typewriters by Universal,All Others,286,▼,Self-Adhesive Address Labels for Typewriters by Universal,,0.419523810
Out, Profit ,Self-Adhesive Address Labels for Typewriters by Universal,All Others,286,▼,Self-Adhesive Address Labels for Typewriters by Universal,,64.4011
Out, Sales ,Self-Adhesive Address Labels for Typewriters by Universal,All Others,286,▼,Self-Adhesive Address Labels for Typewriters by Universal,,153.51
Out, Margin ,Self-Adhesive Address Labels for Typewriters with Dispenser Box,All Others,515,▼,Self-Adhesive Address Labels for Typewriters with Dispenser Box,,0.3375
Out, Profit ,Self-Adhesive Address Labels for Typewriters with Dispenser Box,All Others,515,▼,Self-Adhesive Address Labels for Typewriters with Dispenser Box,,8.9667
Out, Sales ,Self-Adhesive Address Labels for Typewriters with Dispenser Box,All Others,515,▼,Self-Adhesive Address Labels for Typewriters with Dispenser Box,,26.568
Out, Margin ,Self-Adhesive Removable Labels,All Others,29,▼,Self-Adhesive Removable Labels,,0.48
Out, Profit ,Self-Adhesive Removable Labels,All Others,29,▼,Self-Adhesive Removable Labels,,52.92
Out, Sales ,Self-Adhesive Removable Labels,All Others,29,▼,Self-Adhesive Removable Labels,,110.25
Out, Margin ,Self-Adhesive Ring Binder Labels,All Others,"1,093",▼,Self-Adhesive Ring Binder Labels,,0.103076923
Out, Profit ,Self-Adhesive Ring Binder Labels,All Others,"1,093",▼,Self-Adhesive Ring Binder Labels,,2.3584
Out, Sales ,Self-Adhesive Ring Binder Labels,All Others,"1,093",▼,Self-Adhesive Ring Binder Labels,,22.88
Out, Margin ,Sensible Storage WireTech Storage Systems,All Others,"1,281",▼,Sensible Storage WireTech Storage Systems,,-0.031428571
Out, Profit ,Sensible Storage WireTech Storage Systems,All Others,"1,281",▼,Sensible Storage WireTech Storage Systems,,-78.078000000
Out, Sales ,Sensible Storage WireTech Storage Systems,All Others,"1,281",▼,Sensible Storage WireTech Storage Systems,,"2,484.3"
Out, Margin ,Serrated Blade or Curved Handle Hand Letter Openers,All Others,"1,411",▼,Serrated Blade or Curved Handle Hand Letter Openers,,-0.172368421
Out, Profit ,Serrated Blade or Curved Handle Hand Letter Openers,All Others,"1,411",▼,Serrated Blade or Curved Handle Hand Letter Openers,,-4.1134
Out, Sales ,Serrated Blade or Curved Handle Hand Letter Openers,All Others,"1,411",▼,Serrated Blade or Curved Handle Hand Letter Openers,,23.864
Out, Margin ,"Seth Thomas 8 1/2"" Cubicle Clock",All Others,626,▼,"Seth Thomas 8 1/2"" Cubicle Clock",,0.280769231
Out, Profit ,"Seth Thomas 8 1/2"" Cubicle Clock",All Others,626,▼,"Seth Thomas 8 1/2"" Cubicle Clock",,59.2176
Out, Sales ,"Seth Thomas 8 1/2"" Cubicle Clock",All Others,626,▼,"Seth Thomas 8 1/2"" Cubicle Clock",,210.912
Out, Margin ,"Seth Thomas 12"" Clock w/ Goldtone Case",All Others,508,▼,"Seth Thomas 12"" Clock w/ Goldtone Case",,0.34
Out, Profit ,"Seth Thomas 12"" Clock w/ Goldtone Case",All Others,508,▼,"Seth Thomas 12"" Clock w/ Goldtone Case",,132.8244
Out, Sales ,"Seth Thomas 12"" Clock w/ Goldtone Case",All Others,508,▼,"Seth Thomas 12"" Clock w/ Goldtone Case",,390.66
Out, Margin ,"Seth Thomas 13 1/2"" Wall Clock",All Others,803,▼,"Seth Thomas 13 1/2"" Wall Clock",,0.224719101
Out, Profit ,"Seth Thomas 13 1/2"" Wall Clock",All Others,803,▼,"Seth Thomas 13 1/2"" Wall Clock",,71.12
Out, Sales ,"Seth Thomas 13 1/2"" Wall Clock",All Others,803,▼,"Seth Thomas 13 1/2"" Wall Clock",,316.484
Out, Margin ,"Seth Thomas 14"" Day/Date Wall Clock",All Others,499,▼,"Seth Thomas 14"" Day/Date Wall Clock",,0.346951220
Out, Profit ,"Seth Thomas 14"" Day/Date Wall Clock",All Others,499,▼,"Seth Thomas 14"" Day/Date Wall Clock",,162.0512
Out, Sales ,"Seth Thomas 14"" Day/Date Wall Clock",All Others,499,▼,"Seth Thomas 14"" Day/Date Wall Clock",,467.072
Out, Margin ,"Seth Thomas 14"" Putty-Colored Wall Clock",All Others,676,▼,"Seth Thomas 14"" Putty-Colored Wall Clock",,0.264754098
Out, Profit ,"Seth Thomas 14"" Putty-Colored Wall Clock",All Others,676,▼,"Seth Thomas 14"" Putty-Colored Wall Clock",,94.7682
Out, Sales ,"Seth Thomas 14"" Putty-Colored Wall Clock",All Others,676,▼,"Seth Thomas 14"" Putty-Colored Wall Clock",,357.948
Out, Margin ,"Seth Thomas 16"" Steel Case Clock",All Others,"1,150",▼,"Seth Thomas 16"" Steel Case Clock",,0.063970588
Out, Profit ,"Seth Thomas 16"" Steel Case Clock",All Others,"1,150",▼,"Seth Thomas 16"" Steel Case Clock",,28.2576
Out, Sales ,"Seth Thomas 16"" Steel Case Clock",All Others,"1,150",▼,"Seth Thomas 16"" Steel Case Clock",,441.728
Out, Margin ,"SimpliFile Personal File, Black Granite, 15w x 6-15/16d x 11-1/4h",All Others,734,▼,"SimpliFile Personal File, Black Granite, 15w x 6-15/16d x 11-1/4h",,0.247058824
Out, Profit ,"SimpliFile Personal File, Black Granite, 15w x 6-15/16d x 11-1/4h",All Others,734,▼,"SimpliFile Personal File, Black Granite, 15w x 6-15/16d x 11-1/4h",,85.806
Out, Sales ,"SimpliFile Personal File, Black Granite, 15w x 6-15/16d x 11-1/4h",All Others,734,▼,"SimpliFile Personal File, Black Granite, 15w x 6-15/16d x 11-1/4h",,347.31
Out, Margin ,"Situations Contoured Folding Chairs, 4/Set",All Others,"1,148",▼,"Situations Contoured Folding Chairs, 4/Set",,0.064327485
Out, Profit ,"Situations Contoured Folding Chairs, 4/Set",All Others,"1,148",▼,"Situations Contoured Folding Chairs, 4/Set",,234.234
Out, Sales ,"Situations Contoured Folding Chairs, 4/Set",All Others,"1,148",▼,"Situations Contoured Folding Chairs, 4/Set",,"3,641.274"
Out, Margin ,"SlimView Poly Binder, 3/8""",All Others,"1,173",▼,"SlimView Poly Binder, 3/8""",,0.048458150
Out, Profit ,"SlimView Poly Binder, 3/8""",All Others,"1,173",▼,"SlimView Poly Binder, 3/8""",,5.698000000
Out, Sales ,"SlimView Poly Binder, 3/8""",All Others,"1,173",▼,"SlimView Poly Binder, 3/8""",,117.586
Out, Margin ,Smead Adjustable Mobile File Trolley with Lockable Top,All Others,780,▼,Smead Adjustable Mobile File Trolley with Lockable Top,,0.231578947
Out, Profit ,Smead Adjustable Mobile File Trolley with Lockable Top,All Others,780,▼,Smead Adjustable Mobile File Trolley with Lockable Top,,"1,106.6616"
Out, Sales ,Smead Adjustable Mobile File Trolley with Lockable Top,All Others,780,▼,Smead Adjustable Mobile File Trolley with Lockable Top,,"4,778.766"
Out, Margin ,Smead Alpha-Z Color-Coded Name Labels First Letter Starter Set,All Others,143,▼,Smead Alpha-Z Color-Coded Name Labels First Letter Starter Set,,0.452631579
Out, Profit ,Smead Alpha-Z Color-Coded Name Labels First Letter Starter Set,All Others,143,▼,Smead Alpha-Z Color-Coded Name Labels First Letter Starter Set,,32.25
Out, Sales ,Smead Alpha-Z Color-Coded Name Labels First Letter Starter Set,All Others,143,▼,Smead Alpha-Z Color-Coded Name Labels First Letter Starter Set,,71.25
Out, Margin ,Smead Alpha-Z Color-Coded Second Alphabetical Labels and Starter Set,All Others,86,▼,Smead Alpha-Z Color-Coded Second Alphabetical Labels and Starter Set,,0.466666667
Out, Profit ,Smead Alpha-Z Color-Coded Second Alphabetical Labels and Starter Set,All Others,86,▼,Smead Alpha-Z Color-Coded Second Alphabetical Labels and Starter Set,,22.4224
Out, Sales ,Smead Alpha-Z Color-Coded Second Alphabetical Labels and Starter Set,All Others,86,▼,Smead Alpha-Z Color-Coded Second Alphabetical Labels and Starter Set,,48.048
Out, Margin ,"Snap-A-Way Black Print Carbonless Ruled Speed Letter, Triplicate",All Others,170,▼,"Snap-A-Way Black Print Carbonless Ruled Speed Letter, Triplicate",,0.446268657
Out, Profit ,"Snap-A-Way Black Print Carbonless Ruled Speed Letter, Triplicate",All Others,170,▼,"Snap-A-Way Black Print Carbonless Ruled Speed Letter, Triplicate",,453.7624
Out, Sales ,"Snap-A-Way Black Print Carbonless Ruled Speed Letter, Triplicate",All Others,170,▼,"Snap-A-Way Black Print Carbonless Ruled Speed Letter, Triplicate",,"1,016.792"
Out, Margin ,"Snap-A-Way Black Print Carbonless Speed Message, No Reply Area, Duplicate",All Others,516,▼,"Snap-A-Way Black Print Carbonless Speed Message, No Reply Area, Duplicate",,0.3375
Out, Profit ,"Snap-A-Way Black Print Carbonless Speed Message, No Reply Area, Duplicate",All Others,516,▼,"Snap-A-Way Black Print Carbonless Speed Message, No Reply Area, Duplicate",,31.4712
Out, Sales ,"Snap-A-Way Black Print Carbonless Speed Message, No Reply Area, Duplicate",All Others,516,▼,"Snap-A-Way Black Print Carbonless Speed Message, No Reply Area, Duplicate",,93.248
Out, Margin ,Socket Bluetooth Cordless Hand Scanner (CHS),All Others,482,▼,Socket Bluetooth Cordless Hand Scanner (CHS),,0.35
Out, Profit ,Socket Bluetooth Cordless Hand Scanner (CHS),All Others,482,▼,Socket Bluetooth Cordless Hand Scanner (CHS),,177.198
Out, Sales ,Socket Bluetooth Cordless Hand Scanner (CHS),All Others,482,▼,Socket Bluetooth Cordless Hand Scanner (CHS),,506.28
Out, Margin ,"Sortfiler Multipurpose Personal File Organizer, Black",All Others,738,▼,"Sortfiler Multipurpose Personal File Organizer, Black",,0.246017699
Out, Profit ,"Sortfiler Multipurpose Personal File Organizer, Black",All Others,738,▼,"Sortfiler Multipurpose Personal File Organizer, Black",,118.9284
Out, Sales ,"Sortfiler Multipurpose Personal File Organizer, Black",All Others,738,▼,"Sortfiler Multipurpose Personal File Organizer, Black",,483.414
Out, Margin ,Southworth 25% Cotton Antique Laid Paper & Envelopes,All Others,347,▼,Southworth 25% Cotton Antique Laid Paper & Envelopes,,0.404166667
Out, Profit ,Southworth 25% Cotton Antique Laid Paper & Envelopes,All Others,347,▼,Southworth 25% Cotton Antique Laid Paper & Envelopes,,80.898
Out, Sales ,Southworth 25% Cotton Antique Laid Paper & Envelopes,All Others,347,▼,Southworth 25% Cotton Antique Laid Paper & Envelopes,,200.16
Out, Margin ,Southworth 25% Cotton Granite Paper & Envelopes,All Others,496,▼,Southworth 25% Cotton Granite Paper & Envelopes,,0.348275862
Out, Profit ,Southworth 25% Cotton Granite Paper & Envelopes,All Others,496,▼,Southworth 25% Cotton Granite Paper & Envelopes,,13.2108
Out, Sales ,Southworth 25% Cotton Granite Paper & Envelopes,All Others,496,▼,Southworth 25% Cotton Granite Paper & Envelopes,,37.932
Out, Margin ,Southworth 25% Cotton Linen-Finish Paper & Envelopes,All Others,354,▼,Southworth 25% Cotton Linen-Finish Paper & Envelopes,,0.402173913
Out, Profit ,Southworth 25% Cotton Linen-Finish Paper & Envelopes,All Others,354,▼,Southworth 25% Cotton Linen-Finish Paper & Envelopes,,67.044
Out, Sales ,Southworth 25% Cotton Linen-Finish Paper & Envelopes,All Others,354,▼,Southworth 25% Cotton Linen-Finish Paper & Envelopes,,166.704
Out, Margin ,Southworth 25% Cotton Premium Laser Paper and Envelopes,All Others,165,▼,Southworth 25% Cotton Premium Laser Paper and Envelopes,,0.448484848
Out, Profit ,Southworth 25% Cotton Premium Laser Paper and Envelopes,All Others,165,▼,Southworth 25% Cotton Premium Laser Paper and Envelopes,,236.5632
Out, Sales ,Southworth 25% Cotton Premium Laser Paper and Envelopes,All Others,165,▼,Southworth 25% Cotton Premium Laser Paper and Envelopes,,527.472
Out, Margin ,Southworth 100% Cotton The Best Paper,All Others,229,▼,Southworth 100% Cotton The Best Paper,,0.431818182
Out, Profit ,Southworth 100% Cotton The Best Paper,All Others,229,▼,Southworth 100% Cotton The Best Paper,,65.436
Out, Sales ,Southworth 100% Cotton The Best Paper,All Others,229,▼,Southworth 100% Cotton The Best Paper,,151.536
Out, Margin ,"Southworth 100% Résumé Paper, 24lb.",All Others,234,▼,"Southworth 100% Résumé Paper, 24lb.",,0.430473373
Out, Profit ,"Southworth 100% Résumé Paper, 24lb.",All Others,234,▼,"Southworth 100% Résumé Paper, 24lb.",,113.199
Out, Sales ,"Southworth 100% Résumé Paper, 24lb.",All Others,234,▼,"Southworth 100% Résumé Paper, 24lb.",,262.964
Out, Margin ,Southworth Parchment Paper & Envelopes,All Others,448,▼,Southworth Parchment Paper & Envelopes,,0.3671875
Out, Profit ,Southworth Parchment Paper & Envelopes,All Others,448,▼,Southworth Parchment Paper & Envelopes,,30.738
Out, Sales ,Southworth Parchment Paper & Envelopes,All Others,448,▼,Southworth Parchment Paper & Envelopes,,83.712
Out, Margin ,Southworth Structures Collection,All Others,4,,Southworth Structures Collection,,0.5
Out, Profit ,Southworth Structures Collection,All Others,4,,Southworth Structures Collection,,36.4
Out, Sales ,Southworth Structures Collection,All Others,4,,Southworth Structures Collection,,72.8
Out, Margin ,Space Solutions Commercial Steel Shelving,All Others,"1,286",▼,Space Solutions Commercial Steel Shelving,,-0.038079470
Out, Profit ,Space Solutions Commercial Steel Shelving,All Others,"1,286",▼,Space Solutions Commercial Steel Shelving,,-74.347500000
Out, Sales ,Space Solutions Commercial Steel Shelving,All Others,"1,286",▼,Space Solutions Commercial Steel Shelving,,"1,952.43"
Out, Margin ,Space Solutions HD Industrial Steel Shelving.,All Others,"1,228",▼,Space Solutions HD Industrial Steel Shelving.,,0.007954545
Out, Profit ,Space Solutions HD Industrial Steel Shelving.,All Others,"1,228",▼,Space Solutions HD Industrial Steel Shelving.,,24.1437
Out, Sales ,Space Solutions HD Industrial Steel Shelving.,All Others,"1,228",▼,Space Solutions HD Industrial Steel Shelving.,,"3,035.208"
Out, Margin ,Space Solutions Industrial Galvanized Steel Shelving.,All Others,"1,287",▼,Space Solutions Industrial Galvanized Steel Shelving.,,-0.039393939
Out, Profit ,Space Solutions Industrial Galvanized Steel Shelving.,All Others,"1,287",▼,Space Solutions Industrial Galvanized Steel Shelving.,,-20.488000000
Out, Sales ,Space Solutions Industrial Galvanized Steel Shelving.,All Others,"1,287",▼,Space Solutions Industrial Galvanized Steel Shelving.,,520.08
Out, Margin ,"Speediset Carbonless Redi-Letter 7"" x 8 1/2""",All Others,254,▼,"Speediset Carbonless Redi-Letter 7"" x 8 1/2""",,0.427840909
Out, Profit ,"Speediset Carbonless Redi-Letter 7"" x 8 1/2""",All Others,254,▼,"Speediset Carbonless Redi-Letter 7"" x 8 1/2""",,77.6343
Out, Sales ,"Speediset Carbonless Redi-Letter 7"" x 8 1/2""",All Others,254,▼,"Speediset Carbonless Redi-Letter 7"" x 8 1/2""",,181.456
Out, Margin ,SpineVue Locking Slant-D Ring Binders by Cardinal,All Others,"1,165",▼,SpineVue Locking Slant-D Ring Binders by Cardinal,,0.054545455
Out, Profit ,SpineVue Locking Slant-D Ring Binders by Cardinal,All Others,"1,165",▼,SpineVue Locking Slant-D Ring Binders by Cardinal,,6.0324
Out, Sales ,SpineVue Locking Slant-D Ring Binders by Cardinal,All Others,"1,165",▼,SpineVue Locking Slant-D Ring Binders by Cardinal,,110.594
Out, Margin ,Spiral Phone Message Books with Labels by Adams,All Others,246,▼,Spiral Phone Message Books with Labels by Adams,,0.429104478
Out, Profit ,Spiral Phone Message Books with Labels by Adams,All Others,246,▼,Spiral Phone Message Books with Labels by Adams,,25.76
Out, Sales ,Spiral Phone Message Books with Labels by Adams,All Others,246,▼,Spiral Phone Message Books with Labels by Adams,,60.032
Out, Margin ,"Square Ring Data Binders, Rigid 75 Pt. Covers, 11"" x 14-7/8""",All Others,594,▼,"Square Ring Data Binders, Rigid 75 Pt. Covers, 11"" x 14-7/8""",,0.293827160
Out, Profit ,"Square Ring Data Binders, Rigid 75 Pt. Covers, 11"" x 14-7/8""",All Others,594,▼,"Square Ring Data Binders, Rigid 75 Pt. Covers, 11"" x 14-7/8""",,98.2464
Out, Sales ,"Square Ring Data Binders, Rigid 75 Pt. Covers, 11"" x 14-7/8""",All Others,594,▼,"Square Ring Data Binders, Rigid 75 Pt. Covers, 11"" x 14-7/8""",,334.368
Out, Margin ,Stackable Trays,All Others,684,▼,Stackable Trays,,0.262264151
Out, Profit ,Stackable Trays,All Others,684,▼,Stackable Trays,,17.1248
Out, Sales ,Stackable Trays,All Others,684,▼,Stackable Trays,,65.296
Out, Margin ,"Stacking Tray, Side-Loading, Legal, Smoke",All Others,"1,313",▼,"Stacking Tray, Side-Loading, Legal, Smoke",,-0.061538462
Out, Profit ,"Stacking Tray, Side-Loading, Legal, Smoke",All Others,"1,313",▼,"Stacking Tray, Side-Loading, Legal, Smoke",,-2.867200000
Out, Sales ,"Stacking Tray, Side-Loading, Legal, Smoke",All Others,"1,313",▼,"Stacking Tray, Side-Loading, Legal, Smoke",,46.592
Out, Margin ,Stacking Trays by OIC,All Others,"1,038",▼,Stacking Trays by OIC,,0.128082192
Out, Profit ,Stacking Trays by OIC,All Others,"1,038",▼,Stacking Trays by OIC,,9.3126
Out, Sales ,Stacking Trays by OIC,All Others,"1,038",▼,Stacking Trays by OIC,,72.708
Out, Margin ,Standard Line “While You Were Out” Hardbound Telephone Message Book,All Others,408,▼,Standard Line “While You Were Out” Hardbound Telephone Message Book,,0.38125
Out, Profit ,Standard Line “While You Were Out” Hardbound Telephone Message Book,All Others,408,▼,Standard Line “While You Were Out” Hardbound Telephone Message Book,,80.4468
Out, Sales ,Standard Line “While You Were Out” Hardbound Telephone Message Book,All Others,408,▼,Standard Line “While You Were Out” Hardbound Telephone Message Book,,211.008
Out, Margin ,Standard Rollaway File with Lock,All Others,894,▼,Standard Rollaway File with Lock,,0.191256831
Out, Profit ,Standard Rollaway File with Lock,All Others,894,▼,Standard Rollaway File with Lock,,"1,261.33"
Out, Sales ,Standard Rollaway File with Lock,All Others,894,▼,Standard Rollaway File with Lock,,"6,594.954"
Out, Margin ,Stanley Bostitch Contemporary Electric Pencil Sharpeners,All Others,981,▼,Stanley Bostitch Contemporary Electric Pencil Sharpeners,,0.155555556
Out, Profit ,Stanley Bostitch Contemporary Electric Pencil Sharpeners,All Others,981,▼,Stanley Bostitch Contemporary Electric Pencil Sharpeners,,42.7896
Out, Sales ,Stanley Bostitch Contemporary Electric Pencil Sharpeners,All Others,981,▼,Stanley Bostitch Contemporary Electric Pencil Sharpeners,,275.076
Out, Margin ,Stanley Contemporary Battery Pencil Sharpeners,All Others,826,▼,Stanley Contemporary Battery Pencil Sharpeners,,0.214545455
Out, Profit ,Stanley Contemporary Battery Pencil Sharpeners,All Others,826,▼,Stanley Contemporary Battery Pencil Sharpeners,,63.012
Out, Sales ,Stanley Contemporary Battery Pencil Sharpeners,All Others,826,▼,Stanley Contemporary Battery Pencil Sharpeners,,293.7
Out, Margin ,Staple envelope,All Others,174,▼,Staple envelope,,0.445591447
Out, Profit ,Staple envelope,All Others,174,▼,Staple envelope,,751.629
Out, Sales ,Staple envelope,All Others,174,▼,Staple envelope,,"1,686.812"
Out, Margin ,Staple holder,All Others,806,▼,Staple holder,,0.223158402
Out, Profit ,Staple holder,All Others,806,▼,Staple holder,,118.0017
Out, Sales ,Staple holder,All Others,806,▼,Staple holder,,528.78
Out, Margin ,Staple magnet,All Others,961,▼,Staple magnet,,0.164201222
Out, Profit ,Staple magnet,All Others,961,▼,Staple magnet,,44.8092
Out, Sales ,Staple magnet,All Others,961,▼,Staple magnet,,272.892
Out, Margin ,Staple remover,All Others,"1,109",▼,Staple remover,,0.091481938
Out, Profit ,Staple remover,All Others,"1,109",▼,Staple remover,,24.0678
Out, Sales ,Staple remover,All Others,"1,109",▼,Staple remover,,263.088
Out, Margin ,Staple-based wall hangings,All Others,611,▼,Staple-based wall hangings,,0.288887205
Out, Profit ,Staple-based wall hangings,All Others,611,▼,Staple-based wall hangings,,121.9936
Out, Sales ,Staple-based wall hangings,All Others,611,▼,Staple-based wall hangings,,422.288
Out, Margin ,Staple-on labels,All Others,357,▼,Staple-on labels,,0.401612903
Out, Profit ,Staple-on labels,All Others,357,▼,Staple-on labels,,21.5883
Out, Sales ,Staple-on labels,All Others,357,▼,Staple-on labels,,53.754
Out, Margin ,Staples,All Others,397,▼,Staples,,0.386785180
Out, Profit ,Staples,All Others,397,▼,Staples,,292.2046
Out, Sales ,Staples,All Others,397,▼,Staples,,755.47
Out, Margin ,Staples in misc. colors,All Others,704,▼,Staples in misc. colors,,0.259082061
Out, Profit ,Staples in misc. colors,All Others,704,▼,Staples in misc. colors,,124.0516
Out, Sales ,Staples in misc. colors,All Others,704,▼,Staples in misc. colors,,478.812
Out, Margin ,Star Micronics TSP100 TSP143LAN Receipt Printer,All Others,699,▼,Star Micronics TSP100 TSP143LAN Receipt Printer,,0.26
Out, Profit ,Star Micronics TSP100 TSP143LAN Receipt Printer,All Others,699,▼,Star Micronics TSP100 TSP143LAN Receipt Printer,,269.308
Out, Sales ,Star Micronics TSP100 TSP143LAN Receipt Printer,All Others,699,▼,Star Micronics TSP100 TSP143LAN Receipt Printer,,"1,035.8"
Out, Margin ,Star Micronics TSP800 TSP847IIU Receipt Printer,All Others,640,▼,Star Micronics TSP800 TSP847IIU Receipt Printer,,0.28
Out, Profit ,Star Micronics TSP800 TSP847IIU Receipt Printer,All Others,640,▼,Star Micronics TSP800 TSP847IIU Receipt Printer,,360.318
Out, Sales ,Star Micronics TSP800 TSP847IIU Receipt Printer,All Others,640,▼,Star Micronics TSP800 TSP847IIU Receipt Printer,,"1,286.85"
Out, Margin ,StarTech.com 10/100 VDSL2 Ethernet Extender Kit,All Others,"1,460",▼,StarTech.com 10/100 VDSL2 Ethernet Extender Kit,,-0.337142857
Out, Profit ,StarTech.com 10/100 VDSL2 Ethernet Extender Kit,All Others,"1,460",▼,StarTech.com 10/100 VDSL2 Ethernet Extender Kit,,-785.762
Out, Sales ,StarTech.com 10/100 VDSL2 Ethernet Extender Kit,All Others,"1,460",▼,StarTech.com 10/100 VDSL2 Ethernet Extender Kit,,"2,330.65"
Out, Margin ,Steel Personal Filing/Posting Tote,All Others,877,▼,Steel Personal Filing/Posting Tote,,0.198106061
Out, Profit ,Steel Personal Filing/Posting Tote,All Others,877,▼,Steel Personal Filing/Posting Tote,,185.7173
Out, Sales ,Steel Personal Filing/Posting Tote,All Others,877,▼,Steel Personal Filing/Posting Tote,,937.464
Out, Margin ,Sterilite Officeware Hinged File Box,All Others,801,▼,Sterilite Officeware Hinged File Box,,0.225757576
Out, Profit ,Sterilite Officeware Hinged File Box,All Others,801,▼,Sterilite Officeware Hinged File Box,,78.076
Out, Sales ,Sterilite Officeware Hinged File Box,All Others,801,▼,Sterilite Officeware Hinged File Box,,345.84
Out, Margin ,Sterilite Show Offs Storage Containers,All Others,"1,337",▼,Sterilite Show Offs Storage Containers,,-0.081081081
Out, Profit ,Sterilite Show Offs Storage Containers,All Others,"1,337",▼,Sterilite Show Offs Storage Containers,,-6.336
Out, Sales ,Sterilite Show Offs Storage Containers,All Others,"1,337",▼,Sterilite Show Offs Storage Containers,,78.144
Out, Margin ,Sterling Rubber Bands by Alliance,All Others,"1,427",▼,Sterling Rubber Bands by Alliance,,-0.190476190
Out, Profit ,Sterling Rubber Bands by Alliance,All Others,"1,427",▼,Sterling Rubber Bands by Alliance,,-3.768
Out, Sales ,Sterling Rubber Bands by Alliance,All Others,"1,427",▼,Sterling Rubber Bands by Alliance,,19.782
Out, Margin ,Stiletto Hand Letter Openers,All Others,"1,409",▼,Stiletto Hand Letter Openers,,-0.161267606
Out, Profit ,Stiletto Hand Letter Openers,All Others,"1,409",▼,Stiletto Hand Letter Openers,,-21.984
Out, Sales ,Stiletto Hand Letter Openers,All Others,"1,409",▼,Stiletto Hand Letter Openers,,136.32
Out, Margin ,Stockwell Gold Paper Clips,All Others,283,▼,Stockwell Gold Paper Clips,,0.420454545
Out, Profit ,Stockwell Gold Paper Clips,All Others,283,▼,Stockwell Gold Paper Clips,,3.404
Out, Sales ,Stockwell Gold Paper Clips,All Others,283,▼,Stockwell Gold Paper Clips,,8.096
Out, Margin ,Stockwell Push Pins,All Others,612,▼,Stockwell Push Pins,,0.288125
Out, Profit ,Stockwell Push Pins,All Others,612,▼,Stockwell Push Pins,,20.0996
Out, Sales ,Stockwell Push Pins,All Others,612,▼,Stockwell Push Pins,,69.76
Out, Margin ,Storex Dura Pro Binders,All Others,912,▼,Storex Dura Pro Binders,,0.181449893
Out, Profit ,Storex Dura Pro Binders,All Others,912,▼,Storex Dura Pro Binders,,50.5494
Out, Sales ,Storex Dura Pro Binders,All Others,912,▼,Storex Dura Pro Binders,,278.586
Out, Margin ,Storex DuraTech Recycled Plastic Frosted Binders,All Others,"1,049",▼,Storex DuraTech Recycled Plastic Frosted Binders,,0.121621622
Out, Profit ,Storex DuraTech Recycled Plastic Frosted Binders,All Others,"1,049",▼,Storex DuraTech Recycled Plastic Frosted Binders,,11.448
Out, Sales ,Storex DuraTech Recycled Plastic Frosted Binders,All Others,"1,049",▼,Storex DuraTech Recycled Plastic Frosted Binders,,94.128
Out, Margin ,Storex Flexible Poly Binders with Double Pockets,All Others,"1,420",▼,Storex Flexible Poly Binders with Double Pockets,,-0.185365854
Out, Profit ,Storex Flexible Poly Binders with Double Pockets,All Others,"1,420",▼,Storex Flexible Poly Binders with Double Pockets,,-2.0064
Out, Sales ,Storex Flexible Poly Binders with Double Pockets,All Others,"1,420",▼,Storex Flexible Poly Binders with Double Pockets,,10.824
Out, Margin ,"Strathmore #10 Envelopes, Ultimate White",All Others,16,▼,"Strathmore #10 Envelopes, Ultimate White",,0.49
Out, Profit ,"Strathmore #10 Envelopes, Ultimate White",All Others,16,▼,"Strathmore #10 Envelopes, Ultimate White",,309.9348
Out, Sales ,"Strathmore #10 Envelopes, Ultimate White",All Others,16,▼,"Strathmore #10 Envelopes, Ultimate White",,632.52
Out, Margin ,Strathmore Photo Frame Cards,All Others,102,▼,Strathmore Photo Frame Cards,,0.46
Out, Profit ,Strathmore Photo Frame Cards,All Others,102,▼,Strathmore Photo Frame Cards,,53.8016
Out, Sales ,Strathmore Photo Frame Cards,All Others,102,▼,Strathmore Photo Frame Cards,,116.96
Out, Margin ,Strathmore Photo Mount Cards,All Others,227,▼,Strathmore Photo Mount Cards,,0.433149171
Out, Profit ,Strathmore Photo Mount Cards,All Others,227,▼,Strathmore Photo Mount Cards,,106.3104
Out, Sales ,Strathmore Photo Mount Cards,All Others,227,▼,Strathmore Photo Mount Cards,,245.436
Out, Margin ,"Stride Job 150 Highlighters, Chisel Tip, Assorted Colors",All Others,467,▼,"Stride Job 150 Highlighters, Chisel Tip, Assorted Colors",,0.36
Out, Profit ,"Stride Job 150 Highlighters, Chisel Tip, Assorted Colors",All Others,467,▼,"Stride Job 150 Highlighters, Chisel Tip, Assorted Colors",,6.4584
Out, Sales ,"Stride Job 150 Highlighters, Chisel Tip, Assorted Colors",All Others,467,▼,"Stride Job 150 Highlighters, Chisel Tip, Assorted Colors",,17.94
Out, Margin ,"Stur-D-Stor Shelving, Vertical 5-Shelf: 72""H x 36""W x 18 1/2""D",All Others,"1,216",▼,"Stur-D-Stor Shelving, Vertical 5-Shelf: 72""H x 36""W x 18 1/2""D",,0.02
Out, Profit ,"Stur-D-Stor Shelving, Vertical 5-Shelf: 72""H x 36""W x 18 1/2""D",All Others,"1,216",▼,"Stur-D-Stor Shelving, Vertical 5-Shelf: 72""H x 36""W x 18 1/2""D",,51.0508
Out, Sales ,"Stur-D-Stor Shelving, Vertical 5-Shelf: 72""H x 36""W x 18 1/2""D",All Others,"1,216",▼,"Stur-D-Stor Shelving, Vertical 5-Shelf: 72""H x 36""W x 18 1/2""D",,"2,552.54"
Out, Margin ,"Super Bands, 12/Pack",All Others,"1,331",▼,"Super Bands, 12/Pack",,-0.077777778
Out, Profit ,"Super Bands, 12/Pack",All Others,"1,331",▼,"Super Bands, 12/Pack",,-2.604
Out, Sales ,"Super Bands, 12/Pack",All Others,"1,331",▼,"Super Bands, 12/Pack",,33.48
Out, Margin ,Super Decoflex Portable Personal File,All Others,815,▼,Super Decoflex Portable Personal File,,0.22
Out, Profit ,Super Decoflex Portable Personal File,All Others,815,▼,Super Decoflex Portable Personal File,,39.5472
Out, Sales ,Super Decoflex Portable Personal File,All Others,815,▼,Super Decoflex Portable Personal File,,179.76
Out, Margin ,Surelock Post Binders,All Others,543,▼,Surelock Post Binders,,0.322429907
Out, Profit ,Surelock Post Binders,All Others,543,▼,Surelock Post Binders,,210.864
Out, Sales ,Surelock Post Binders,All Others,543,▼,Surelock Post Binders,,653.984
Out, Margin ,Swingline SM12-08 MicroCut Jam Free Shredder,All Others,"1,424",▼,Swingline SM12-08 MicroCut Jam Free Shredder,,-0.189830508
Out, Profit ,Swingline SM12-08 MicroCut Jam Free Shredder,All Others,"1,424",▼,Swingline SM12-08 MicroCut Jam Free Shredder,,-447.9888
Out, Sales ,Swingline SM12-08 MicroCut Jam Free Shredder,All Others,"1,424",▼,Swingline SM12-08 MicroCut Jam Free Shredder,,"2,359.941"
Out, Margin ,"Telephone Message Books with Fax/Mobile Section, 4 1/4"" x 6""",All Others,242,▼,"Telephone Message Books with Fax/Mobile Section, 4 1/4"" x 6""",,0.429577465
Out, Profit ,"Telephone Message Books with Fax/Mobile Section, 4 1/4"" x 6""",All Others,242,▼,"Telephone Message Books with Fax/Mobile Section, 4 1/4"" x 6""",,21.96
Out, Sales ,"Telephone Message Books with Fax/Mobile Section, 4 1/4"" x 6""",All Others,242,▼,"Telephone Message Books with Fax/Mobile Section, 4 1/4"" x 6""",,51.12
Out, Margin ,"Telephone Message Books with Fax/Mobile Section, 5 1/2"" x 3 3/16""",All Others,317,▼,"Telephone Message Books with Fax/Mobile Section, 5 1/2"" x 3 3/16""",,0.411538462
Out, Profit ,"Telephone Message Books with Fax/Mobile Section, 5 1/2"" x 3 3/16""",All Others,317,▼,"Telephone Message Books with Fax/Mobile Section, 5 1/2"" x 3 3/16""",,40.767
Out, Sales ,"Telephone Message Books with Fax/Mobile Section, 5 1/2"" x 3 3/16""",All Others,317,▼,"Telephone Message Books with Fax/Mobile Section, 5 1/2"" x 3 3/16""",,99.06
Out, Margin ,Telescoping Adjustable Floor Lamp,All Others,"1,293",▼,Telescoping Adjustable Floor Lamp,,-0.041666667
Out, Profit ,Telescoping Adjustable Floor Lamp,All Others,"1,293",▼,Telescoping Adjustable Floor Lamp,,-5.997000000
Out, Sales ,Telescoping Adjustable Floor Lamp,All Others,"1,293",▼,Telescoping Adjustable Floor Lamp,,143.928
Out, Margin ,"Tenex 46"" x 60"" Computer Anti-Static Chairmat, Rectangular Shaped",All Others,"1,147",▼,"Tenex 46"" x 60"" Computer Anti-Static Chairmat, Rectangular Shaped",,0.065420561
Out, Profit ,"Tenex 46"" x 60"" Computer Anti-Static Chairmat, Rectangular Shaped",All Others,"1,147",▼,"Tenex 46"" x 60"" Computer Anti-Static Chairmat, Rectangular Shaped",,148.372
Out, Sales ,"Tenex 46"" x 60"" Computer Anti-Static Chairmat, Rectangular Shaped",All Others,"1,147",▼,"Tenex 46"" x 60"" Computer Anti-Static Chairmat, Rectangular Shaped",,"2,267.972"
Out, Margin ,"Tenex ""The Solids"" Textured Chair Mats",All Others,"1,278",▼,"Tenex ""The Solids"" Textured Chair Mats",,-0.027619048
Out, Profit ,"Tenex ""The Solids"" Textured Chair Mats",All Others,"1,278",▼,"Tenex ""The Solids"" Textured Chair Mats",,-40.576800000
Out, Sales ,"Tenex ""The Solids"" Textured Chair Mats",All Others,"1,278",▼,"Tenex ""The Solids"" Textured Chair Mats",,"1,469.16"
Out, Margin ,Tenex Antistatic Computer Chair Mats,All Others,"1,408",▼,Tenex Antistatic Computer Chair Mats,,-0.159793814
Out, Profit ,Tenex Antistatic Computer Chair Mats,All Others,"1,408",▼,Tenex Antistatic Computer Chair Mats,,-530.038
Out, Sales ,Tenex Antistatic Computer Chair Mats,All Others,"1,408",▼,Tenex Antistatic Computer Chair Mats,,"3,317.012"
Out, Margin ,Tenex B1-RE Series Chair Mats for Low Pile Carpets,All Others,"1,045",▼,Tenex B1-RE Series Chair Mats for Low Pile Carpets,,0.124311927
Out, Profit ,Tenex B1-RE Series Chair Mats for Low Pile Carpets,All Others,"1,045",▼,Tenex B1-RE Series Chair Mats for Low Pile Carpets,,124.6058
Out, Sales ,Tenex B1-RE Series Chair Mats for Low Pile Carpets,All Others,"1,045",▼,Tenex B1-RE Series Chair Mats for Low Pile Carpets,,"1,002.364"
Out, Margin ,"Tenex Carpeted, Granite-Look or Clear Contemporary Contour Shape Chair Mats",All Others,"1,456",▼,"Tenex Carpeted, Granite-Look or Clear Contemporary Contour Shape Chair Mats",,-0.291666667
Out, Profit ,"Tenex Carpeted, Granite-Look or Clear Contemporary Contour Shape Chair Mats",All Others,"1,456",▼,"Tenex Carpeted, Granite-Look or Clear Contemporary Contour Shape Chair Mats",,-222.7365
Out, Sales ,"Tenex Carpeted, Granite-Look or Clear Contemporary Contour Shape Chair Mats",All Others,"1,456",▼,"Tenex Carpeted, Granite-Look or Clear Contemporary Contour Shape Chair Mats",,763.668
Out, Margin ,"Tenex Chairmat w/ Average Lip, 45"" x 53""",All Others,"1,446",▼,"Tenex Chairmat w/ Average Lip, 45"" x 53""",,-0.257352941
Out, Profit ,"Tenex Chairmat w/ Average Lip, 45"" x 53""",All Others,"1,446",▼,"Tenex Chairmat w/ Average Lip, 45"" x 53""",,-529.76
Out, Sales ,"Tenex Chairmat w/ Average Lip, 45"" x 53""",All Others,"1,446",▼,"Tenex Chairmat w/ Average Lip, 45"" x 53""",,"2,058.496"
Out, Margin ,Tenex Chairmats For Use With Carpeted Floors,All Others,"1,171",▼,Tenex Chairmats For Use With Carpeted Floors,,0.05
Out, Profit ,Tenex Chairmats For Use With Carpeted Floors,All Others,"1,171",▼,Tenex Chairmats For Use With Carpeted Floors,,8.789000000
Out, Sales ,Tenex Chairmats For Use With Carpeted Floors,All Others,"1,171",▼,Tenex Chairmats For Use With Carpeted Floors,,175.78
Out, Margin ,Tenex Chairmats For Use with Hard Floors,All Others,"1,453",▼,Tenex Chairmats For Use with Hard Floors,,-0.277777778
Out, Profit ,Tenex Chairmats For Use with Hard Floors,All Others,"1,453",▼,Tenex Chairmats For Use with Hard Floors,,-129.92
Out, Sales ,Tenex Chairmats For Use with Hard Floors,All Others,"1,453",▼,Tenex Chairmats For Use with Hard Floors,,467.712
Out, Margin ,"Tenex Contemporary Contur Chairmats for Low and Medium Pile Carpet, Computer, 39"" x 49""",All Others,994,▼,"Tenex Contemporary Contur Chairmats for Low and Medium Pile Carpet, Computer, 39"" x 49""",,0.148936170
Out, Profit ,"Tenex Contemporary Contur Chairmats for Low and Medium Pile Carpet, Computer, 39"" x 49""",All Others,994,▼,"Tenex Contemporary Contur Chairmats for Low and Medium Pile Carpet, Computer, 39"" x 49""",,150.542
Out, Sales ,"Tenex Contemporary Contur Chairmats for Low and Medium Pile Carpet, Computer, 39"" x 49""",All Others,994,▼,"Tenex Contemporary Contur Chairmats for Low and Medium Pile Carpet, Computer, 39"" x 49""",,"1,010.782"
Out, Margin ,"Tenex File Box, Personal Filing Tote with Lid, Black",All Others,905,▼,"Tenex File Box, Personal Filing Tote with Lid, Black",,0.185321101
Out, Profit ,"Tenex File Box, Personal Filing Tote with Lid, Black",All Others,905,▼,"Tenex File Box, Personal Filing Tote with Lid, Black",,62.6604
Out, Sales ,"Tenex File Box, Personal Filing Tote with Lid, Black",All Others,905,▼,"Tenex File Box, Personal Filing Tote with Lid, Black",,338.118
Out, Margin ,"Tenex Personal Filing Tote With Secure Closure Lid, Black/Frost",All Others,"1,122",▼,"Tenex Personal Filing Tote With Secure Closure Lid, Black/Frost",,0.083333333
Out, Profit ,"Tenex Personal Filing Tote With Secure Closure Lid, Black/Frost",All Others,"1,122",▼,"Tenex Personal Filing Tote With Secure Closure Lid, Black/Frost",,23.265
Out, Sales ,"Tenex Personal Filing Tote With Secure Closure Lid, Black/Frost",All Others,"1,122",▼,"Tenex Personal Filing Tote With Secure Closure Lid, Black/Frost",,279.18
Out, Margin ,"Tenex Personal Project File with Scoop Front Design, Black",All Others,792,▼,"Tenex Personal Project File with Scoop Front Design, Black",,0.229166667
Out, Profit ,"Tenex Personal Project File with Scoop Front Design, Black",All Others,792,▼,"Tenex Personal Project File with Scoop Front Design, Black",,118.624
Out, Sales ,"Tenex Personal Project File with Scoop Front Design, Black",All Others,792,▼,"Tenex Personal Project File with Scoop Front Design, Black",,517.632
Out, Margin ,"Tenex Personal Self-Stacking Standard File Box, Black/Gray",All Others,886,▼,"Tenex Personal Self-Stacking Standard File Box, Black/Gray",,0.194852941
Out, Profit ,"Tenex Personal Self-Stacking Standard File Box, Black/Gray",All Others,886,▼,"Tenex Personal Self-Stacking Standard File Box, Black/Gray",,44.8115
Out, Sales ,"Tenex Personal Self-Stacking Standard File Box, Black/Gray",All Others,886,▼,"Tenex Personal Self-Stacking Standard File Box, Black/Gray",,229.976
Out, Margin ,"Tenex Traditional Chairmats for Hard Floors, Average Lip, 36"" x 48""",All Others,"1,445",▼,"Tenex Traditional Chairmats for Hard Floors, Average Lip, 36"" x 48""",,-0.257142857
Out, Profit ,"Tenex Traditional Chairmats for Hard Floors, Average Lip, 36"" x 48""",All Others,"1,445",▼,"Tenex Traditional Chairmats for Hard Floors, Average Lip, 36"" x 48""",,-46.404
Out, Sales ,"Tenex Traditional Chairmats for Hard Floors, Average Lip, 36"" x 48""",All Others,"1,445",▼,"Tenex Traditional Chairmats for Hard Floors, Average Lip, 36"" x 48""",,180.46
Out, Margin ,"Tenex Traditional Chairmats for Medium Pile Carpet, Standard Lip, 36"" x 48""",All Others,"1,034",▼,"Tenex Traditional Chairmats for Medium Pile Carpet, Standard Lip, 36"" x 48""",,0.130275229
Out, Profit ,"Tenex Traditional Chairmats for Medium Pile Carpet, Standard Lip, 36"" x 48""",All Others,"1,034",▼,"Tenex Traditional Chairmats for Medium Pile Carpet, Standard Lip, 36"" x 48""",,172.246
Out, Sales ,"Tenex Traditional Chairmats for Medium Pile Carpet, Standard Lip, 36"" x 48""",All Others,"1,034",▼,"Tenex Traditional Chairmats for Medium Pile Carpet, Standard Lip, 36"" x 48""",,"1,322.17"
Out, Margin ,"Tenex V2T-RE Standard Weight Series Chair Mat, 45"" x 53"", Lip 25"" x 12""",All Others,"1,080",▼,"Tenex V2T-RE Standard Weight Series Chair Mat, 45"" x 53"", Lip 25"" x 12""",,0.109090909
Out, Profit ,"Tenex V2T-RE Standard Weight Series Chair Mat, 45"" x 53"", Lip 25"" x 12""",All Others,"1,080",▼,"Tenex V2T-RE Standard Weight Series Chair Mat, 45"" x 53"", Lip 25"" x 12""",,51.1056
Out, Sales ,"Tenex V2T-RE Standard Weight Series Chair Mat, 45"" x 53"", Lip 25"" x 12""",All Others,"1,080",▼,"Tenex V2T-RE Standard Weight Series Chair Mat, 45"" x 53"", Lip 25"" x 12""",,468.468
Out, Margin ,Tennsco 6- and 18-Compartment Lockers,All Others,"1,004",▼,Tennsco 6- and 18-Compartment Lockers,,0.144174757
Out, Profit ,Tennsco 6- and 18-Compartment Lockers,All Others,"1,004",▼,Tennsco 6- and 18-Compartment Lockers,,"1,575.1098"
Out, Sales ,Tennsco 6- and 18-Compartment Lockers,All Others,"1,004",▼,Tennsco 6- and 18-Compartment Lockers,,"10,925.004"
Out, Margin ,Tennsco 16-Compartment Lockers with Coat Rack,All Others,996,▼,Tennsco 16-Compartment Lockers with Coat Rack,,0.148275862
Out, Profit ,Tennsco 16-Compartment Lockers with Coat Rack,All Others,996,▼,Tennsco 16-Compartment Lockers with Coat Rack,,"1,114.3708"
Out, Sales ,Tennsco 16-Compartment Lockers with Coat Rack,All Others,996,▼,Tennsco 16-Compartment Lockers with Coat Rack,,"7,515.524"
Out, Margin ,Tennsco Commercial Shelving,All Others,"1,385",▼,Tennsco Commercial Shelving,,-0.129891304
Out, Profit ,Tennsco Commercial Shelving,All Others,"1,385",▼,Tennsco Commercial Shelving,,-48.6126
Out, Sales ,Tennsco Commercial Shelving,All Others,"1,385",▼,Tennsco Commercial Shelving,,374.256
Out, Margin ,Tennsco Double-Tier Lockers,All Others,"1,180",▼,Tennsco Double-Tier Lockers,,0.044626168
Out, Profit ,Tennsco Double-Tier Lockers,All Others,"1,180",▼,Tennsco Double-Tier Lockers,,429.7882
Out, Sales ,Tennsco Double-Tier Lockers,All Others,"1,180",▼,Tennsco Double-Tier Lockers,,"9,630.856"
Out, Margin ,Tennsco Industrial Shelving,All Others,"1,339",▼,Tennsco Industrial Shelving,,-0.084732824
Out, Profit ,Tennsco Industrial Shelving,All Others,"1,339",▼,Tennsco Industrial Shelving,,-108.5802
Out, Sales ,Tennsco Industrial Shelving,All Others,"1,339",▼,Tennsco Industrial Shelving,,"1,281.442"
Out, Margin ,"Tennsco Lockers, Gray",All Others,"1,314",▼,"Tennsco Lockers, Gray",,-0.065625000
Out, Profit ,"Tennsco Lockers, Gray",All Others,"1,314",▼,"Tennsco Lockers, Gray",,-26.4348
Out, Sales ,"Tennsco Lockers, Gray",All Others,"1,314",▼,"Tennsco Lockers, Gray",,402.816
Out, Margin ,"Tennsco Lockers, Sand",All Others,"1,019",▼,"Tennsco Lockers, Sand",,0.138144330
Out, Profit ,"Tennsco Lockers, Sand",All Others,"1,019",▼,"Tennsco Lockers, Sand",,56.2264
Out, Sales ,"Tennsco Lockers, Sand",All Others,"1,019",▼,"Tennsco Lockers, Sand",,407.012
Out, Margin ,Tennsco Regal Shelving Units,All Others,"1,239",▼,Tennsco Regal Shelving Units,,-0.003448276
Out, Profit ,Tennsco Regal Shelving Units,All Others,"1,239",▼,Tennsco Regal Shelving Units,,-6.084600000
Out, Sales ,Tennsco Regal Shelving Units,All Others,"1,239",▼,Tennsco Regal Shelving Units,,"1,764.534"
Out, Margin ,Tennsco Single-Tier Lockers,All Others,"1,346",▼,Tennsco Single-Tier Lockers,,-0.090163934
Out, Profit ,Tennsco Single-Tier Lockers,All Others,"1,346",▼,Tennsco Single-Tier Lockers,,-825.748
Out, Sales ,Tennsco Single-Tier Lockers,All Others,"1,346",▼,Tennsco Single-Tier Lockers,,"9,158.296"
Out, Margin ,"Tennsco Snap-Together Open Shelving Units, Starter Sets and Add-On Units",All Others,"1,207",▼,"Tennsco Snap-Together Open Shelving Units, Starter Sets and Add-On Units",,0.026639344
Out, Profit ,"Tennsco Snap-Together Open Shelving Units, Starter Sets and Add-On Units",All Others,"1,207",▼,"Tennsco Snap-Together Open Shelving Units, Starter Sets and Add-On Units",,181.662
Out, Sales ,"Tennsco Snap-Together Open Shelving Units, Starter Sets and Add-On Units",All Others,"1,207",▼,"Tennsco Snap-Together Open Shelving Units, Starter Sets and Add-On Units",,"6,819.312"
Out, Margin ,"Tennsco Stur-D-Stor Boltless Shelving, 5 Shelves, 24"" Deep, Sand",All Others,"1,244",▼,"Tennsco Stur-D-Stor Boltless Shelving, 5 Shelves, 24"" Deep, Sand",,-0.008333333
Out, Profit ,"Tennsco Stur-D-Stor Boltless Shelving, 5 Shelves, 24"" Deep, Sand",All Others,"1,244",▼,"Tennsco Stur-D-Stor Boltless Shelving, 5 Shelves, 24"" Deep, Sand",,-36.533700000
Out, Sales ,"Tennsco Stur-D-Stor Boltless Shelving, 5 Shelves, 24"" Deep, Sand",All Others,"1,244",▼,"Tennsco Stur-D-Stor Boltless Shelving, 5 Shelves, 24"" Deep, Sand",,"4,384.044"
Out, Margin ,"Tensor ""Hersey Kiss"" Styled Floor Lamp",All Others,"1,214",▼,"Tensor ""Hersey Kiss"" Styled Floor Lamp",,0.022222222
Out, Profit ,"Tensor ""Hersey Kiss"" Styled Floor Lamp",All Others,"1,214",▼,"Tensor ""Hersey Kiss"" Styled Floor Lamp",,2.0784
Out, Sales ,"Tensor ""Hersey Kiss"" Styled Floor Lamp",All Others,"1,214",▼,"Tensor ""Hersey Kiss"" Styled Floor Lamp",,93.528
Out, Margin ,Tensor Brushed Steel Torchiere Floor Lamp,All Others,"1,175",▼,Tensor Brushed Steel Torchiere Floor Lamp,,0.046511628
Out, Profit ,Tensor Brushed Steel Torchiere Floor Lamp,All Others,"1,175",▼,Tensor Brushed Steel Torchiere Floor Lamp,,6.796
Out, Sales ,Tensor Brushed Steel Torchiere Floor Lamp,All Others,"1,175",▼,Tensor Brushed Steel Torchiere Floor Lamp,,146.114
Out, Margin ,Tensor Computer Mounted Lamp,All Others,659,▼,Tensor Computer Mounted Lamp,,0.27
Out, Profit ,Tensor Computer Mounted Lamp,All Others,659,▼,Tensor Computer Mounted Lamp,,144.7308
Out, Sales ,Tensor Computer Mounted Lamp,All Others,659,▼,Tensor Computer Mounted Lamp,,536.04
Out, Margin ,Tensor Track Tree Floor Lamp,All Others,"1,039",▼,Tensor Track Tree Floor Lamp,,0.127333333
Out, Profit ,Tensor Track Tree Floor Lamp,All Others,"1,039",▼,Tensor Track Tree Floor Lamp,,38.1809
Out, Sales ,Tensor Track Tree Floor Lamp,All Others,"1,039",▼,Tensor Track Tree Floor Lamp,,299.85
Out, Margin ,Texas Instrument TI-15 Fraction Calculator,All Others,"1,479",▼,Texas Instrument TI-15 Fraction Calculator,,-0.489655172
Out, Profit ,Texas Instrument TI-15 Fraction Calculator,All Others,"1,479",▼,Texas Instrument TI-15 Fraction Calculator,,-20.519
Out, Sales ,Texas Instrument TI-15 Fraction Calculator,All Others,"1,479",▼,Texas Instrument TI-15 Fraction Calculator,,41.905
Out, Margin ,Texas Instruments TI-34 Scientific Calculator,All Others,551,▼,Texas Instruments TI-34 Scientific Calculator,,0.316129032
Out, Profit ,Texas Instruments TI-34 Scientific Calculator,All Others,551,▼,Texas Instruments TI-34 Scientific Calculator,,64.6506
Out, Sales ,Texas Instruments TI-34 Scientific Calculator,All Others,551,▼,Texas Instruments TI-34 Scientific Calculator,,204.507
Out, Margin ,Things To Do Today Pad,All Others,256,▼,Things To Do Today Pad,,0.427118644
Out, Profit ,Things To Do Today Pad,All Others,256,▼,Things To Do Today Pad,,59.1696
Out, Sales ,Things To Do Today Pad,All Others,256,▼,Things To Do Today Pad,,138.532
Out, Margin ,Things To Do Today Spiral Book,All Others,459,▼,Things To Do Today Spiral Book,,0.3625
Out, Profit ,Things To Do Today Spiral Book,All Others,459,▼,Things To Do Today Spiral Book,,29.8584
Out, Sales ,Things To Do Today Spiral Book,All Others,459,▼,Things To Do Today Spiral Book,,82.368
Out, Margin ,"TOPS 4 x 6 Fluorescent Color Memo Sheets, 500 Sheets per Pack",All Others,462,▼,"TOPS 4 x 6 Fluorescent Color Memo Sheets, 500 Sheets per Pack",,0.362037037
Out, Profit ,"TOPS 4 x 6 Fluorescent Color Memo Sheets, 500 Sheets per Pack",All Others,462,▼,"TOPS 4 x 6 Fluorescent Color Memo Sheets, 500 Sheets per Pack",,37.1059
Out, Sales ,"TOPS 4 x 6 Fluorescent Color Memo Sheets, 500 Sheets per Pack",All Others,462,▼,"TOPS 4 x 6 Fluorescent Color Memo Sheets, 500 Sheets per Pack",,102.492
Out, Margin ,"TOPS ""Important Message"" Pads, Canary, 4-1/4 x 5-1/2, 50 Sheets per Pad",All Others,149,▼,"TOPS ""Important Message"" Pads, Canary, 4-1/4 x 5-1/2, 50 Sheets per Pad",,0.450609756
Out, Profit ,"TOPS ""Important Message"" Pads, Canary, 4-1/4 x 5-1/2, 50 Sheets per Pad",All Others,149,▼,"TOPS ""Important Message"" Pads, Canary, 4-1/4 x 5-1/2, 50 Sheets per Pad",,31.6292
Out, Sales ,"TOPS ""Important Message"" Pads, Canary, 4-1/4 x 5-1/2, 50 Sheets per Pad",All Others,149,▼,"TOPS ""Important Message"" Pads, Canary, 4-1/4 x 5-1/2, 50 Sheets per Pad",,70.192
Out, Margin ,"TOPS Carbonless Receipt Book, Four 2-3/4 x 7-1/4 Money Receipts per Page",All Others,197,▼,"TOPS Carbonless Receipt Book, Four 2-3/4 x 7-1/4 Money Receipts per Page",,0.439655172
Out, Profit ,"TOPS Carbonless Receipt Book, Four 2-3/4 x 7-1/4 Money Receipts per Page",All Others,197,▼,"TOPS Carbonless Receipt Book, Four 2-3/4 x 7-1/4 Money Receipts per Page",,178.704
Out, Sales ,"TOPS Carbonless Receipt Book, Four 2-3/4 x 7-1/4 Money Receipts per Page",All Others,197,▼,"TOPS Carbonless Receipt Book, Four 2-3/4 x 7-1/4 Money Receipts per Page",,406.464
Out, Margin ,Tops Green Bar Computer Printout Paper,All Others,5,,Tops Green Bar Computer Printout Paper,,0.5
Out, Profit ,Tops Green Bar Computer Printout Paper,All Others,5,,Tops Green Bar Computer Printout Paper,,171.29
Out, Sales ,Tops Green Bar Computer Printout Paper,All Others,5,,Tops Green Bar Computer Printout Paper,,342.58
Out, Margin ,"TOPS Money Receipt Book, Consecutively Numbered in Red,",All Others,154,▼,"TOPS Money Receipt Book, Consecutively Numbered in Red,",,0.45
Out, Profit ,"TOPS Money Receipt Book, Consecutively Numbered in Red,",All Others,154,▼,"TOPS Money Receipt Book, Consecutively Numbered in Red,",,39.6495
Out, Sales ,"TOPS Money Receipt Book, Consecutively Numbered in Red,",All Others,154,▼,"TOPS Money Receipt Book, Consecutively Numbered in Red,",,88.11
Out, Margin ,"TOPS Voice Message Log Book, Flash Format",All Others,318,▼,"TOPS Voice Message Log Book, Flash Format",,0.411538462
Out, Profit ,"TOPS Voice Message Log Book, Flash Format",All Others,318,▼,"TOPS Voice Message Log Book, Flash Format",,20.3728
Out, Sales ,"TOPS Voice Message Log Book, Flash Format",All Others,318,▼,"TOPS Voice Message Log Book, Flash Format",,49.504
Out, Margin ,Tops White Computer Printout Paper,All Others,64,▼,Tops White Computer Printout Paper,,0.47
Out, Profit ,Tops White Computer Printout Paper,All Others,64,▼,Tops White Computer Printout Paper,,321.8278
Out, Sales ,Tops White Computer Printout Paper,All Others,64,▼,Tops White Computer Printout Paper,,684.74
Out, Margin ,Tops Wirebound Message Log Books,All Others,371,▼,Tops Wirebound Message Log Books,,0.397321429
Out, Profit ,Tops Wirebound Message Log Books,All Others,371,▼,Tops Wirebound Message Log Books,,29.281
Out, Sales ,Tops Wirebound Message Log Books,All Others,371,▼,Tops Wirebound Message Log Books,,73.696
Out, Margin ,Translucent Push Pins by OIC,All Others,756,▼,Translucent Push Pins by OIC,,0.237903226
Out, Profit ,Translucent Push Pins by OIC,All Others,756,▼,Translucent Push Pins by OIC,,5.841
Out, Sales ,Translucent Push Pins by OIC,All Others,756,▼,Translucent Push Pins by OIC,,24.552
Out, Margin ,"Trav-L-File Heavy-Duty Shuttle II, Black",All Others,773,▼,"Trav-L-File Heavy-Duty Shuttle II, Black",,0.233576642
Out, Profit ,"Trav-L-File Heavy-Duty Shuttle II, Black",All Others,773,▼,"Trav-L-File Heavy-Duty Shuttle II, Black",,278.848
Out, Sales ,"Trav-L-File Heavy-Duty Shuttle II, Black",All Others,773,▼,"Trav-L-File Heavy-Duty Shuttle II, Black",,"1,193.818"
Out, Margin ,Trimflex Flexible Post Binders,All Others,532,▼,Trimflex Flexible Post Binders,,0.325925926
Out, Profit ,Trimflex Flexible Post Binders,All Others,532,▼,Trimflex Flexible Post Binders,,112.8864
Out, Sales ,Trimflex Flexible Post Binders,All Others,532,▼,Trimflex Flexible Post Binders,,346.356
Out, Margin ,Tripp Lite Isotel 6 Outlet Surge Protector with Fax/Modem Protection,All Others,"1,158",▼,Tripp Lite Isotel 6 Outlet Surge Protector with Fax/Modem Protection,,0.060294118
Out, Profit ,Tripp Lite Isotel 6 Outlet Surge Protector with Fax/Modem Protection,All Others,"1,158",▼,Tripp Lite Isotel 6 Outlet Surge Protector with Fax/Modem Protection,,74.993100000
Out, Sales ,Tripp Lite Isotel 6 Outlet Surge Protector with Fax/Modem Protection,All Others,"1,158",▼,Tripp Lite Isotel 6 Outlet Surge Protector with Fax/Modem Protection,,"1,243.788"
Out, Margin ,Tripp Lite Isotel 8 Ultra 8 Outlet Metal Surge,All Others,"1,267",▼,Tripp Lite Isotel 8 Ultra 8 Outlet Metal Surge,,-0.020689655
Out, Profit ,Tripp Lite Isotel 8 Ultra 8 Outlet Metal Surge,All Others,"1,267",▼,Tripp Lite Isotel 8 Ultra 8 Outlet Metal Surge,,-17.0328
Out, Sales ,Tripp Lite Isotel 8 Ultra 8 Outlet Metal Surge,All Others,"1,267",▼,Tripp Lite Isotel 8 Ultra 8 Outlet Metal Surge,,823.252
Out, Margin ,Tripp Lite TLP810NET Broadband Surge for Modem/Fax,All Others,"1,017",▼,Tripp Lite TLP810NET Broadband Surge for Modem/Fax,,0.139130435
Out, Profit ,Tripp Lite TLP810NET Broadband Surge for Modem/Fax,All Others,"1,017",▼,Tripp Lite TLP810NET Broadband Surge for Modem/Fax,,130.4832
Out, Sales ,Tripp Lite TLP810NET Broadband Surge for Modem/Fax,All Others,"1,017",▼,Tripp Lite TLP810NET Broadband Surge for Modem/Fax,,937.848
Out, Margin ,Tuf-Vin Binders,All Others,485,▼,Tuf-Vin Binders,,0.35
Out, Profit ,Tuf-Vin Binders,All Others,485,▼,Tuf-Vin Binders,,234.3236
Out, Sales ,Tuf-Vin Binders,All Others,485,▼,Tuf-Vin Binders,,669.496
Out, Margin ,Tuff Stuff Recycled Round Ring Binders,All Others,589,▼,Tuff Stuff Recycled Round Ring Binders,,0.297604790
Out, Profit ,Tuff Stuff Recycled Round Ring Binders,All Others,589,▼,Tuff Stuff Recycled Round Ring Binders,,23.9554
Out, Sales ,Tuff Stuff Recycled Round Ring Binders,All Others,589,▼,Tuff Stuff Recycled Round Ring Binders,,80.494
Out, Margin ,Turquoise Lead Holder with Pocket Clip,All Others,623,▼,Turquoise Lead Holder with Pocket Clip,,0.282142857
Out, Profit ,Turquoise Lead Holder with Pocket Clip,All Others,623,▼,Turquoise Lead Holder with Pocket Clip,,10.586
Out, Sales ,Turquoise Lead Holder with Pocket Clip,All Others,623,▼,Turquoise Lead Holder with Pocket Clip,,37.52
Out, Margin ,"Tyvek Interoffice Envelopes, 9 1/2"" x 12 1/2"", 100/Box",All Others,161,▼,"Tyvek Interoffice Envelopes, 9 1/2"" x 12 1/2"", 100/Box",,0.449350649
Out, Profit ,"Tyvek Interoffice Envelopes, 9 1/2"" x 12 1/2"", 100/Box",All Others,161,▼,"Tyvek Interoffice Envelopes, 9 1/2"" x 12 1/2"", 100/Box",,421.9816
Out, Sales ,"Tyvek Interoffice Envelopes, 9 1/2"" x 12 1/2"", 100/Box",All Others,161,▼,"Tyvek Interoffice Envelopes, 9 1/2"" x 12 1/2"", 100/Box",,939.092
Out, Margin ,Tyvek Side-Opening Peel & Seel Expanding Envelopes,All Others,151,▼,Tyvek Side-Opening Peel & Seel Expanding Envelopes,,0.45
Out, Profit ,Tyvek Side-Opening Peel & Seel Expanding Envelopes,All Others,151,▼,Tyvek Side-Opening Peel & Seel Expanding Envelopes,,570.024
Out, Sales ,Tyvek Side-Opening Peel & Seel Expanding Envelopes,All Others,151,▼,Tyvek Side-Opening Peel & Seel Expanding Envelopes,,"1,266.72"
Out, Margin ,"Tyvek  Top-Opening Peel & Seel  Envelopes, Gray",All Others,152,▼,"Tyvek  Top-Opening Peel & Seel  Envelopes, Gray",,0.45
Out, Profit ,"Tyvek  Top-Opening Peel & Seel  Envelopes, Gray",All Others,152,▼,"Tyvek  Top-Opening Peel & Seel  Envelopes, Gray",,274.941
Out, Sales ,"Tyvek  Top-Opening Peel & Seel  Envelopes, Gray",All Others,152,▼,"Tyvek  Top-Opening Peel & Seel  Envelopes, Gray",,610.98
Out, Margin ,"Tyvek  Top-Opening Peel & Seel Envelopes, Plain White",All Others,377,▼,"Tyvek  Top-Opening Peel & Seel Envelopes, Plain White",,0.394285714
Out, Profit ,"Tyvek  Top-Opening Peel & Seel Envelopes, Plain White",All Others,377,▼,"Tyvek  Top-Opening Peel & Seel Envelopes, Plain White",,225.0504
Out, Sales ,"Tyvek  Top-Opening Peel & Seel Envelopes, Plain White",All Others,377,▼,"Tyvek  Top-Opening Peel & Seel Envelopes, Plain White",,570.78
Out, Margin ,Ultra Commercial Grade Dual Valve Door Closer,All Others,993,▼,Ultra Commercial Grade Dual Valve Door Closer,,0.15
Out, Profit ,Ultra Commercial Grade Dual Valve Door Closer,All Others,993,▼,Ultra Commercial Grade Dual Valve Door Closer,,9.573600000
Out, Sales ,Ultra Commercial Grade Dual Valve Door Closer,All Others,993,▼,Ultra Commercial Grade Dual Valve Door Closer,,63.824
Out, Margin ,"Ultra Door Kickplate, 8""H x 34""W",All Others,937,▼,"Ultra Door Kickplate, 8""H x 34""W",,0.175
Out, Profit ,"Ultra Door Kickplate, 8""H x 34""W",All Others,937,▼,"Ultra Door Kickplate, 8""H x 34""W",,27.692
Out, Sales ,"Ultra Door Kickplate, 8""H x 34""W",All Others,937,▼,"Ultra Door Kickplate, 8""H x 34""W",,158.24
Out, Margin ,Ultra Door Pull Handle,All Others,622,▼,Ultra Door Pull Handle,,0.282142857
Out, Profit ,Ultra Door Pull Handle,All Others,622,▼,Ultra Door Pull Handle,,74.7972
Out, Sales ,Ultra Door Pull Handle,All Others,622,▼,Ultra Door Pull Handle,,265.104
Out, Margin ,Ultra Door Push Plate,All Others,718,▼,Ultra Door Push Plate,,0.250657895
Out, Profit ,Ultra Door Push Plate,All Others,718,▼,Ultra Door Push Plate,,37.4142
Out, Sales ,Ultra Door Push Plate,All Others,718,▼,Ultra Door Push Plate,,149.264
Out, Margin ,UniKeep View Case Binders,All Others,"1,425",▼,UniKeep View Case Binders,,-0.189830508
Out, Profit ,UniKeep View Case Binders,All Others,"1,425",▼,UniKeep View Case Binders,,-5.4768
Out, Sales ,UniKeep View Case Binders,All Others,"1,425",▼,UniKeep View Case Binders,,28.851
Out, Margin ,Universal Premium White Copier/Laser Paper (20Lb. and 87 Bright),All Others,222,▼,Universal Premium White Copier/Laser Paper (20Lb. and 87 Bright),,0.433333333
Out, Profit ,Universal Premium White Copier/Laser Paper (20Lb. and 87 Bright),All Others,222,▼,Universal Premium White Copier/Laser Paper (20Lb. and 87 Bright),,55.9728
Out, Sales ,Universal Premium White Copier/Laser Paper (20Lb. and 87 Bright),All Others,222,▼,Universal Premium White Copier/Laser Paper (20Lb. and 87 Bright),,129.168
Out, Margin ,"Universal Recycled Hanging Pressboard Report Binders, Letter Size",All Others,"1,053",▼,"Universal Recycled Hanging Pressboard Report Binders, Letter Size",,0.118644068
Out, Profit ,"Universal Recycled Hanging Pressboard Report Binders, Letter Size",All Others,"1,053",▼,"Universal Recycled Hanging Pressboard Report Binders, Letter Size",,8.638000000
Out, Sales ,"Universal Recycled Hanging Pressboard Report Binders, Letter Size",All Others,"1,053",▼,"Universal Recycled Hanging Pressboard Report Binders, Letter Size",,72.806
Out, Margin ,"Universal Ultra Bright White Copier/Laser Paper, 8 1/2"" x 11"", Ream",All Others,460,▼,"Universal Ultra Bright White Copier/Laser Paper, 8 1/2"" x 11"", Ream",,0.3625
Out, Profit ,"Universal Ultra Bright White Copier/Laser Paper, 8 1/2"" x 11"", Ream",All Others,460,▼,"Universal Ultra Bright White Copier/Laser Paper, 8 1/2"" x 11"", Ream",,5.6376
Out, Sales ,"Universal Ultra Bright White Copier/Laser Paper, 8 1/2"" x 11"", Ream",All Others,460,▼,"Universal Ultra Bright White Copier/Laser Paper, 8 1/2"" x 11"", Ream",,15.552
Out, Margin ,Unpadded Memo Slips,All Others,124,▼,Unpadded Memo Slips,,0.456521739
Out, Profit ,Unpadded Memo Slips,All Others,124,▼,Unpadded Memo Slips,,8.358
Out, Sales ,Unpadded Memo Slips,All Others,124,▼,Unpadded Memo Slips,,18.308
Out, Margin ,VariCap6 Expandable Binder,All Others,713,▼,VariCap6 Expandable Binder,,0.253521127
Out, Profit ,VariCap6 Expandable Binder,All Others,713,▼,VariCap6 Expandable Binder,,31.14
Out, Sales ,VariCap6 Expandable Binder,All Others,713,▼,VariCap6 Expandable Binder,,122.83
Out, Margin ,"Vinyl Coated Wire Paper Clips in Organizer Box, 800/Box",All Others,346,▼,"Vinyl Coated Wire Paper Clips in Organizer Box, 800/Box",,0.404263566
Out, Profit ,"Vinyl Coated Wire Paper Clips in Organizer Box, 800/Box",All Others,346,▼,"Vinyl Coated Wire Paper Clips in Organizer Box, 800/Box",,119.7364
Out, Sales ,"Vinyl Coated Wire Paper Clips in Organizer Box, 800/Box",All Others,346,▼,"Vinyl Coated Wire Paper Clips in Organizer Box, 800/Box",,296.184
Out, Margin ,Vinyl Sectional Post Binders,All Others,962,▼,Vinyl Sectional Post Binders,,0.163179916
Out, Profit ,Vinyl Sectional Post Binders,All Others,962,▼,Vinyl Sectional Post Binders,,147.03
Out, Sales ,Vinyl Sectional Post Binders,All Others,962,▼,Vinyl Sectional Post Binders,,901.03
Out, Margin ,"Vtech AT&T CL2940 Corded Speakerphone, Black",All Others,517,▼,"Vtech AT&T CL2940 Corded Speakerphone, Black",,0.3375
Out, Profit ,"Vtech AT&T CL2940 Corded Speakerphone, Black",All Others,517,▼,"Vtech AT&T CL2940 Corded Speakerphone, Black",,24.2919
Out, Sales ,"Vtech AT&T CL2940 Corded Speakerphone, Black",All Others,517,▼,"Vtech AT&T CL2940 Corded Speakerphone, Black",,71.976
Out, Margin ,Wasp CCD Handheld Bar Code Reader,All Others,"1,025",▼,Wasp CCD Handheld Bar Code Reader,,0.133333333
Out, Profit ,Wasp CCD Handheld Bar Code Reader,All Others,"1,025",▼,Wasp CCD Handheld Bar Code Reader,,44.868
Out, Sales ,Wasp CCD Handheld Bar Code Reader,All Others,"1,025",▼,Wasp CCD Handheld Bar Code Reader,,336.51
Out, Margin ,Wausau Papers Astrobrights Colored Envelopes,All Others,137,▼,Wausau Papers Astrobrights Colored Envelopes,,0.453571429
Out, Profit ,Wausau Papers Astrobrights Colored Envelopes,All Others,137,▼,Wausau Papers Astrobrights Colored Envelopes,,22.7838
Out, Sales ,Wausau Papers Astrobrights Colored Envelopes,All Others,137,▼,Wausau Papers Astrobrights Colored Envelopes,,50.232
Out, Margin ,Westinghouse Clip-On Gooseneck Lamps,All Others,974,▼,Westinghouse Clip-On Gooseneck Lamps,,0.158083832
Out, Profit ,Westinghouse Clip-On Gooseneck Lamps,All Others,974,▼,Westinghouse Clip-On Gooseneck Lamps,,44.1936
Out, Sales ,Westinghouse Clip-On Gooseneck Lamps,All Others,974,▼,Westinghouse Clip-On Gooseneck Lamps,,279.558
Out, Margin ,"Westinghouse Floor Lamp with Metal Mesh Shade, Black",All Others,784,▼,"Westinghouse Floor Lamp with Metal Mesh Shade, Black",,0.23
Out, Profit ,"Westinghouse Floor Lamp with Metal Mesh Shade, Black",All Others,784,▼,"Westinghouse Floor Lamp with Metal Mesh Shade, Black",,38.6239
Out, Sales ,"Westinghouse Floor Lamp with Metal Mesh Shade, Black",All Others,784,▼,"Westinghouse Floor Lamp with Metal Mesh Shade, Black",,167.93
Out, Margin ,"Westinghouse Mesh Shade Clip-On Gooseneck Lamp, Black",All Others,692,▼,"Westinghouse Mesh Shade Clip-On Gooseneck Lamp, Black",,0.26
Out, Profit ,"Westinghouse Mesh Shade Clip-On Gooseneck Lamp, Black",All Others,692,▼,"Westinghouse Mesh Shade Clip-On Gooseneck Lamp, Black",,22.0584
Out, Sales ,"Westinghouse Mesh Shade Clip-On Gooseneck Lamp, Black",All Others,692,▼,"Westinghouse Mesh Shade Clip-On Gooseneck Lamp, Black",,84.84
Out, Margin ,Weyerhaeuser First Choice Laser/Copy Paper (20Lb. and 88 Bright),All Others,115,▼,Weyerhaeuser First Choice Laser/Copy Paper (20Lb. and 88 Bright),,0.458333333
Out, Profit ,Weyerhaeuser First Choice Laser/Copy Paper (20Lb. and 88 Bright),All Others,115,▼,Weyerhaeuser First Choice Laser/Copy Paper (20Lb. and 88 Bright),,71.28
Out, Sales ,Weyerhaeuser First Choice Laser/Copy Paper (20Lb. and 88 Bright),All Others,115,▼,Weyerhaeuser First Choice Laser/Copy Paper (20Lb. and 88 Bright),,155.52
Out, Margin ,"While You Were Out Pads, 50 per Pad, 4 x 5 1/4, Green Cycle",All Others,430,▼,"While You Were Out Pads, 50 per Pad, 4 x 5 1/4, Green Cycle",,0.374528302
Out, Profit ,"While You Were Out Pads, 50 per Pad, 4 x 5 1/4, Green Cycle",All Others,430,▼,"While You Were Out Pads, 50 per Pad, 4 x 5 1/4, Green Cycle",,18.7781
Out, Sales ,"While You Were Out Pads, 50 per Pad, 4 x 5 1/4, Green Cycle",All Others,430,▼,"While You Were Out Pads, 50 per Pad, 4 x 5 1/4, Green Cycle",,50.138
Out, Margin ,"White Business Envelopes with Contemporary Seam, Recycled White Business Envelopes",All Others,167,▼,"White Business Envelopes with Contemporary Seam, Recycled White Business Envelopes",,0.448051948
Out, Profit ,"White Business Envelopes with Contemporary Seam, Recycled White Business Envelopes",All Others,167,▼,"White Business Envelopes with Contemporary Seam, Recycled White Business Envelopes",,150.972
Out, Sales ,"White Business Envelopes with Contemporary Seam, Recycled White Business Envelopes",All Others,167,▼,"White Business Envelopes with Contemporary Seam, Recycled White Business Envelopes",,336.952
Out, Margin ,White Computer Printout Paper by Universal,All Others,251,▼,White Computer Printout Paper by Universal,,0.428181818
Out, Profit ,White Computer Printout Paper by Universal,All Others,251,▼,White Computer Printout Paper by Universal,,547.6788
Out, Sales ,White Computer Printout Paper by Universal,All Others,251,▼,White Computer Printout Paper by Universal,,"1,279.08"
Out, Margin ,"White Dual Perf Computer Printout Paper, 2700 Sheets, 1 Part, Heavyweight, 20 lbs., 14 7/8 x 11",All Others,162,▼,"White Dual Perf Computer Printout Paper, 2700 Sheets, 1 Part, Heavyweight, 20 lbs., 14 7/8 x 11",,0.448648649
Out, Profit ,"White Dual Perf Computer Printout Paper, 2700 Sheets, 1 Part, Heavyweight, 20 lbs., 14 7/8 x 11",All Others,162,▼,"White Dual Perf Computer Printout Paper, 2700 Sheets, 1 Part, Heavyweight, 20 lbs., 14 7/8 x 11",,408.2604
Out, Sales ,"White Dual Perf Computer Printout Paper, 2700 Sheets, 1 Part, Heavyweight, 20 lbs., 14 7/8 x 11",All Others,162,▼,"White Dual Perf Computer Printout Paper, 2700 Sheets, 1 Part, Heavyweight, 20 lbs., 14 7/8 x 11",,909.978
Out, Margin ,"White Envelopes, White Envelopes with Clear Poly Window",All Others,219,▼,"White Envelopes, White Envelopes with Clear Poly Window",,0.434285714
Out, Profit ,"White Envelopes, White Envelopes with Clear Poly Window",All Others,219,▼,"White Envelopes, White Envelopes with Clear Poly Window",,139.08
Out, Sales ,"White Envelopes, White Envelopes with Clear Poly Window",All Others,219,▼,"White Envelopes, White Envelopes with Clear Poly Window",,320.25
Out, Margin ,White GlueTop Scratch Pads,All Others,381,▼,White GlueTop Scratch Pads,,0.390322581
Out, Profit ,White GlueTop Scratch Pads,All Others,381,▼,White GlueTop Scratch Pads,,72.7936
Out, Sales ,White GlueTop Scratch Pads,All Others,381,▼,White GlueTop Scratch Pads,,186.496
Out, Margin ,"Wilson Jones 1"" Hanging DublLock Ring Binders",All Others,"1,323",▼,"Wilson Jones 1"" Hanging DublLock Ring Binders",,-0.072645740
Out, Profit ,"Wilson Jones 1"" Hanging DublLock Ring Binders",All Others,"1,323",▼,"Wilson Jones 1"" Hanging DublLock Ring Binders",,-8.553600000
Out, Sales ,"Wilson Jones 1"" Hanging DublLock Ring Binders",All Others,"1,323",▼,"Wilson Jones 1"" Hanging DublLock Ring Binders",,117.744
Out, Margin ,Wilson Jones 14 Line Acrylic Coated Pressboard Data Binders,All Others,478,▼,Wilson Jones 14 Line Acrylic Coated Pressboard Data Binders,,0.351595745
Out, Profit ,Wilson Jones 14 Line Acrylic Coated Pressboard Data Binders,All Others,478,▼,Wilson Jones 14 Line Acrylic Coated Pressboard Data Binders,,35.2974
Out, Sales ,Wilson Jones 14 Line Acrylic Coated Pressboard Data Binders,All Others,478,▼,Wilson Jones 14 Line Acrylic Coated Pressboard Data Binders,,100.392
Out, Margin ,Wilson Jones “Snap” Scratch Pad Binder Tool for Ring Binders,All Others,575,▼,Wilson Jones “Snap” Scratch Pad Binder Tool for Ring Binders,,0.304597701
Out, Profit ,Wilson Jones “Snap” Scratch Pad Binder Tool for Ring Binders,All Others,575,▼,Wilson Jones “Snap” Scratch Pad Binder Tool for Ring Binders,,30.74
Out, Sales ,Wilson Jones “Snap” Scratch Pad Binder Tool for Ring Binders,All Others,575,▼,Wilson Jones “Snap” Scratch Pad Binder Tool for Ring Binders,,100.92
Out, Margin ,Wilson Jones Active Use Binders,All Others,544,▼,Wilson Jones Active Use Binders,,0.322151899
Out, Profit ,Wilson Jones Active Use Binders,All Others,544,▼,Wilson Jones Active Use Binders,,37.0552
Out, Sales ,Wilson Jones Active Use Binders,All Others,544,▼,Wilson Jones Active Use Binders,,115.024
Out, Margin ,Wilson Jones Century Plastic Molded Ring Binders,All Others,"1,107",▼,Wilson Jones Century Plastic Molded Ring Binders,,0.094661922
Out, Profit ,Wilson Jones Century Plastic Molded Ring Binders,All Others,"1,107",▼,Wilson Jones Century Plastic Molded Ring Binders,,55.2482
Out, Sales ,Wilson Jones Century Plastic Molded Ring Binders,All Others,"1,107",▼,Wilson Jones Century Plastic Molded Ring Binders,,583.637
Out, Margin ,"Wilson Jones Clip & Carry Folder Binder Tool for Ring Binders, Clear",All Others,685,▼,"Wilson Jones Clip & Carry Folder Binder Tool for Ring Binders, Clear",,0.261631420
Out, Profit ,"Wilson Jones Clip & Carry Folder Binder Tool for Ring Binders, Clear",All Others,685,▼,"Wilson Jones Clip & Carry Folder Binder Tool for Ring Binders, Clear",,50.228
Out, Sales ,"Wilson Jones Clip & Carry Folder Binder Tool for Ring Binders, Clear",All Others,685,▼,"Wilson Jones Clip & Carry Folder Binder Tool for Ring Binders, Clear",,191.98
Out, Margin ,Wilson Jones Custom Binder Spines & Labels,All Others,"1,477",▼,Wilson Jones Custom Binder Spines & Labels,,-0.476315789
Out, Profit ,Wilson Jones Custom Binder Spines & Labels,All Others,"1,477",▼,Wilson Jones Custom Binder Spines & Labels,,-19.6928
Out, Sales ,Wilson Jones Custom Binder Spines & Labels,All Others,"1,477",▼,Wilson Jones Custom Binder Spines & Labels,,41.344
Out, Margin ,Wilson Jones data.warehouse D-Ring Binders with DublLock,All Others,787,▼,Wilson Jones data.warehouse D-Ring Binders with DublLock,,0.229629630
Out, Profit ,Wilson Jones data.warehouse D-Ring Binders with DublLock,All Others,787,▼,Wilson Jones data.warehouse D-Ring Binders with DublLock,,15.3078
Out, Sales ,Wilson Jones data.warehouse D-Ring Binders with DublLock,All Others,787,▼,Wilson Jones data.warehouse D-Ring Binders with DublLock,,66.663
Out, Margin ,Wilson Jones DublLock D-Ring Binders,All Others,220,▼,Wilson Jones DublLock D-Ring Binders,,0.433962264
Out, Profit ,Wilson Jones DublLock D-Ring Binders,All Others,220,▼,Wilson Jones DublLock D-Ring Binders,,15.525
Out, Sales ,Wilson Jones DublLock D-Ring Binders,All Others,220,▼,Wilson Jones DublLock D-Ring Binders,,35.775
Out, Margin ,Wilson Jones Easy Flow II Sheet Lifters,All Others,"1,081",▼,Wilson Jones Easy Flow II Sheet Lifters,,0.109090909
Out, Profit ,Wilson Jones Easy Flow II Sheet Lifters,All Others,"1,081",▼,Wilson Jones Easy Flow II Sheet Lifters,,5.616
Out, Sales ,Wilson Jones Easy Flow II Sheet Lifters,All Others,"1,081",▼,Wilson Jones Easy Flow II Sheet Lifters,,51.48
Out, Margin ,"Wilson Jones Elliptical Ring 3 1/2"" Capacity Binders, 800 sheets",All Others,"1,355",▼,"Wilson Jones Elliptical Ring 3 1/2"" Capacity Binders, 800 sheets",,-0.098461538
Out, Profit ,"Wilson Jones Elliptical Ring 3 1/2"" Capacity Binders, 800 sheets",All Others,"1,355",▼,"Wilson Jones Elliptical Ring 3 1/2"" Capacity Binders, 800 sheets",,-82.176
Out, Sales ,"Wilson Jones Elliptical Ring 3 1/2"" Capacity Binders, 800 sheets",All Others,"1,355",▼,"Wilson Jones Elliptical Ring 3 1/2"" Capacity Binders, 800 sheets",,834.6
Out, Margin ,Wilson Jones Four-Pocket Poly Binders,All Others,"1,115",▼,Wilson Jones Four-Pocket Poly Binders,,0.087368421
Out, Profit ,Wilson Jones Four-Pocket Poly Binders,All Others,"1,115",▼,Wilson Jones Four-Pocket Poly Binders,,5.4282
Out, Sales ,Wilson Jones Four-Pocket Poly Binders,All Others,"1,115",▼,Wilson Jones Four-Pocket Poly Binders,,62.13
Out, Margin ,Wilson Jones Hanging Recycled Pressboard Data Binders,All Others,"1,166",▼,Wilson Jones Hanging Recycled Pressboard Data Binders,,0.054545455
Out, Profit ,Wilson Jones Hanging Recycled Pressboard Data Binders,All Others,"1,166",▼,Wilson Jones Hanging Recycled Pressboard Data Binders,,1.7808
Out, Sales ,Wilson Jones Hanging Recycled Pressboard Data Binders,All Others,"1,166",▼,Wilson Jones Hanging Recycled Pressboard Data Binders,,32.648
Out, Margin ,"Wilson Jones Hanging View Binder, White, 1""",All Others,400,▼,"Wilson Jones Hanging View Binder, White, 1""",,0.385148515
Out, Profit ,"Wilson Jones Hanging View Binder, White, 1""",All Others,400,▼,"Wilson Jones Hanging View Binder, White, 1""",,55.238
Out, Sales ,"Wilson Jones Hanging View Binder, White, 1""",All Others,400,▼,"Wilson Jones Hanging View Binder, White, 1""",,143.42
Out, Margin ,Wilson Jones Heavy-Duty Casebound Ring Binders with Metal Hinges,All Others,617,▼,Wilson Jones Heavy-Duty Casebound Ring Binders with Metal Hinges,,0.285
Out, Profit ,Wilson Jones Heavy-Duty Casebound Ring Binders with Metal Hinges,All Others,617,▼,Wilson Jones Heavy-Duty Casebound Ring Binders with Metal Hinges,,157.9584
Out, Sales ,Wilson Jones Heavy-Duty Casebound Ring Binders with Metal Hinges,All Others,617,▼,Wilson Jones Heavy-Duty Casebound Ring Binders with Metal Hinges,,554.24
Out, Margin ,Wilson Jones Impact Binders,All Others,931,▼,Wilson Jones Impact Binders,,0.176153846
Out, Profit ,Wilson Jones Impact Binders,All Others,931,▼,Wilson Jones Impact Binders,,23.7244
Out, Sales ,Wilson Jones Impact Binders,All Others,931,▼,Wilson Jones Impact Binders,,134.68
Out, Margin ,Wilson Jones International Size A4 Ring Binders,All Others,"1,134",▼,Wilson Jones International Size A4 Ring Binders,,0.073267327
Out, Profit ,Wilson Jones International Size A4 Ring Binders,All Others,"1,134",▼,Wilson Jones International Size A4 Ring Binders,,12.802
Out, Sales ,Wilson Jones International Size A4 Ring Binders,All Others,"1,134",▼,Wilson Jones International Size A4 Ring Binders,,174.73
Out, Margin ,Wilson Jones Leather-Like Binders with DublLock Round Rings,All Others,"1,083",▼,Wilson Jones Leather-Like Binders with DublLock Round Rings,,0.106959707
Out, Profit ,Wilson Jones Leather-Like Binders with DublLock Round Rings,All Others,"1,083",▼,Wilson Jones Leather-Like Binders with DublLock Round Rings,,25.4916
Out, Sales ,Wilson Jones Leather-Like Binders with DublLock Round Rings,All Others,"1,083",▼,Wilson Jones Leather-Like Binders with DublLock Round Rings,,238.329
Out, Margin ,"Wilson Jones Ledger-Size, Piano-Hinge Binder, 2"", Blue",All Others,927,▼,"Wilson Jones Ledger-Size, Piano-Hinge Binder, 2"", Blue",,0.177104377
Out, Profit ,"Wilson Jones Ledger-Size, Piano-Hinge Binder, 2"", Blue",All Others,927,▼,"Wilson Jones Ledger-Size, Piano-Hinge Binder, 2"", Blue",,215.5548
Out, Sales ,"Wilson Jones Ledger-Size, Piano-Hinge Binder, 2"", Blue",All Others,927,▼,"Wilson Jones Ledger-Size, Piano-Hinge Binder, 2"", Blue",,"1,217.106"
Out, Margin ,Wilson Jones Legal Size Ring Binders,All Others,"1,110",▼,Wilson Jones Legal Size Ring Binders,,0.090909091
Out, Profit ,Wilson Jones Legal Size Ring Binders,All Others,"1,110",▼,Wilson Jones Legal Size Ring Binders,,48.378
Out, Sales ,Wilson Jones Legal Size Ring Binders,All Others,"1,110",▼,Wilson Jones Legal Size Ring Binders,,532.158
Out, Margin ,Wilson Jones Standard D-Ring Binders,All Others,642,▼,Wilson Jones Standard D-Ring Binders,,0.278534031
Out, Profit ,Wilson Jones Standard D-Ring Binders,All Others,642,▼,Wilson Jones Standard D-Ring Binders,,26.9192
Out, Sales ,Wilson Jones Standard D-Ring Binders,All Others,642,▼,Wilson Jones Standard D-Ring Binders,,96.646
Out, Margin ,Wilson Jones Suede Grain Vinyl Binders,All Others,571,▼,Wilson Jones Suede Grain Vinyl Binders,,0.308474576
Out, Profit ,Wilson Jones Suede Grain Vinyl Binders,All Others,571,▼,Wilson Jones Suede Grain Vinyl Binders,,5.0596
Out, Sales ,Wilson Jones Suede Grain Vinyl Binders,All Others,571,▼,Wilson Jones Suede Grain Vinyl Binders,,16.402
Out, Margin ,Wilson Jones Turn Tabs Binder Tool for Ring Binders,All Others,647,▼,Wilson Jones Turn Tabs Binder Tool for Ring Binders,,0.275909091
Out, Profit ,Wilson Jones Turn Tabs Binder Tool for Ring Binders,All Others,647,▼,Wilson Jones Turn Tabs Binder Tool for Ring Binders,,58.5148
Out, Sales ,Wilson Jones Turn Tabs Binder Tool for Ring Binders,All Others,647,▼,Wilson Jones Turn Tabs Binder Tool for Ring Binders,,212.08
Out, Margin ,"Wirebound Four 2-3/4 x 5 Forms per Page, 400 Sets per Book",All Others,373,▼,"Wirebound Four 2-3/4 x 5 Forms per Page, 400 Sets per Book",,0.396774194
Out, Profit ,"Wirebound Four 2-3/4 x 5 Forms per Page, 400 Sets per Book",All Others,373,▼,"Wirebound Four 2-3/4 x 5 Forms per Page, 400 Sets per Book",,47.601
Out, Sales ,"Wirebound Four 2-3/4 x 5 Forms per Page, 400 Sets per Book",All Others,373,▼,"Wirebound Four 2-3/4 x 5 Forms per Page, 400 Sets per Book",,119.97
Out, Margin ,"Wirebound Message Book, 4 per Page",All Others,50,▼,"Wirebound Message Book, 4 per Page",,0.475
Out, Profit ,"Wirebound Message Book, 4 per Page",All Others,50,▼,"Wirebound Message Book, 4 per Page",,87.6945
Out, Sales ,"Wirebound Message Book, 4 per Page",All Others,50,▼,"Wirebound Message Book, 4 per Page",,184.62
Out, Margin ,"Wirebound Message Books, 2 7/8"" x 5"", 3 Forms per Page",All Others,304,▼,"Wirebound Message Books, 2 7/8"" x 5"", 3 Forms per Page",,0.414935065
Out, Profit ,"Wirebound Message Books, 2 7/8"" x 5"", 3 Forms per Page",All Others,304,▼,"Wirebound Message Books, 2 7/8"" x 5"", 3 Forms per Page",,44.9856
Out, Sales ,"Wirebound Message Books, 2 7/8"" x 5"", 3 Forms per Page",All Others,304,▼,"Wirebound Message Books, 2 7/8"" x 5"", 3 Forms per Page",,108.416
Out, Margin ,"Wirebound Message Books, 5-1/2 x 4 Forms, 2 or 4 Forms per Page",All Others,223,▼,"Wirebound Message Books, 5-1/2 x 4 Forms, 2 or 4 Forms per Page",,0.433333333
Out, Profit ,"Wirebound Message Books, 5-1/2 x 4 Forms, 2 or 4 Forms per Page",All Others,223,▼,"Wirebound Message Books, 5-1/2 x 4 Forms, 2 or 4 Forms per Page",,31.3092
Out, Sales ,"Wirebound Message Books, 5-1/2 x 4 Forms, 2 or 4 Forms per Page",All Others,223,▼,"Wirebound Message Books, 5-1/2 x 4 Forms, 2 or 4 Forms per Page",,72.252
Out, Margin ,"Wirebound Message Books, Four 2 3/4 x 5 Forms per Page, 200 Sets per Book",All Others,331,▼,"Wirebound Message Books, Four 2 3/4 x 5 Forms per Page, 200 Sets per Book",,0.409090909
Out, Profit ,"Wirebound Message Books, Four 2 3/4 x 5 Forms per Page, 200 Sets per Book",All Others,331,▼,"Wirebound Message Books, Four 2 3/4 x 5 Forms per Page, 200 Sets per Book",,47.223
Out, Sales ,"Wirebound Message Books, Four 2 3/4 x 5 Forms per Page, 200 Sets per Book",All Others,331,▼,"Wirebound Message Books, Four 2 3/4 x 5 Forms per Page, 200 Sets per Book",,115.434
Out, Margin ,"Wirebound Message Books, Four 2 3/4 x 5 White Forms per Page",All Others,210,▼,"Wirebound Message Books, Four 2 3/4 x 5 White Forms per Page",,0.436809816
Out, Profit ,"Wirebound Message Books, Four 2 3/4 x 5 White Forms per Page",All Others,210,▼,"Wirebound Message Books, Four 2 3/4 x 5 White Forms per Page",,95.2656
Out, Sales ,"Wirebound Message Books, Four 2 3/4 x 5 White Forms per Page",All Others,210,▼,"Wirebound Message Books, Four 2 3/4 x 5 White Forms per Page",,218.094
Out, Margin ,"Wirebound Message Books, Four 2 3/4"" x 5"" Forms per Page, 600 Sets per Book",All Others,188,▼,"Wirebound Message Books, Four 2 3/4"" x 5"" Forms per Page, 600 Sets per Book",,0.442105263
Out, Profit ,"Wirebound Message Books, Four 2 3/4"" x 5"" Forms per Page, 600 Sets per Book",All Others,188,▼,"Wirebound Message Books, Four 2 3/4"" x 5"" Forms per Page, 600 Sets per Book",,109.0152
Out, Sales ,"Wirebound Message Books, Four 2 3/4"" x 5"" Forms per Page, 600 Sets per Book",All Others,188,▼,"Wirebound Message Books, Four 2 3/4"" x 5"" Forms per Page, 600 Sets per Book",,246.582
Out, Margin ,"Wirebound Message Books, Two 4 1/4"" x 5"" Forms per Page",All Others,168,▼,"Wirebound Message Books, Two 4 1/4"" x 5"" Forms per Page",,0.447916667
Out, Profit ,"Wirebound Message Books, Two 4 1/4"" x 5"" Forms per Page",All Others,168,▼,"Wirebound Message Books, Two 4 1/4"" x 5"" Forms per Page",,49.0845
Out, Sales ,"Wirebound Message Books, Two 4 1/4"" x 5"" Forms per Page",All Others,168,▼,"Wirebound Message Books, Two 4 1/4"" x 5"" Forms per Page",,109.584
Out, Margin ,"Wirebound Message Forms, Four 2 3/4 x 5 Forms per Page, Pink Paper",All Others,370,▼,"Wirebound Message Forms, Four 2 3/4 x 5 Forms per Page, Pink Paper",,0.397727273
Out, Profit ,"Wirebound Message Forms, Four 2 3/4 x 5 Forms per Page, Pink Paper",All Others,370,▼,"Wirebound Message Forms, Four 2 3/4 x 5 Forms per Page, Pink Paper",,14.2975
Out, Sales ,"Wirebound Message Forms, Four 2 3/4 x 5 Forms per Page, Pink Paper",All Others,370,▼,"Wirebound Message Forms, Four 2 3/4 x 5 Forms per Page, Pink Paper",,35.948
Out, Margin ,"Wirebound Service Call Books, 5 1/2"" x 4""",All Others,35,▼,"Wirebound Service Call Books, 5 1/2"" x 4""",,0.48
Out, Profit ,"Wirebound Service Call Books, 5 1/2"" x 4""",All Others,35,▼,"Wirebound Service Call Books, 5 1/2"" x 4""",,60.4032
Out, Sales ,"Wirebound Service Call Books, 5 1/2"" x 4""",All Others,35,▼,"Wirebound Service Call Books, 5 1/2"" x 4""",,125.84
Out, Margin ,Wirebound Voice Message Log Book,All Others,536,▼,Wirebound Voice Message Log Book,,0.325
Out, Profit ,Wirebound Voice Message Log Book,All Others,536,▼,Wirebound Voice Message Log Book,,4.9504
Out, Sales ,Wirebound Voice Message Log Book,All Others,536,▼,Wirebound Voice Message Log Book,,15.232
Out, Margin ,Woodgrain Magazine Files by Perma,All Others,"1,194",▼,Woodgrain Magazine Files by Perma,,0.037931034
Out, Profit ,Woodgrain Magazine Files by Perma,All Others,"1,194",▼,Woodgrain Magazine Files by Perma,,2.622400000
Out, Sales ,Woodgrain Magazine Files by Perma,All Others,"1,194",▼,Woodgrain Magazine Files by Perma,,69.136
Out, Margin ,X-Rack File for Hanging Folders,All Others,832,▼,X-Rack File for Hanging Folders,,0.212765957
Out, Profit ,X-Rack File for Hanging Folders,All Others,832,▼,X-Rack File for Hanging Folders,,67.74
Out, Sales ,X-Rack File for Hanging Folders,All Others,832,▼,X-Rack File for Hanging Folders,,318.378
Out, Margin ,Xerox 2,All Others,396,▼,Xerox 2,,0.386792453
Out, Profit ,Xerox 2,All Others,396,▼,Xerox 2,,53.136
Out, Sales ,Xerox 2,All Others,396,▼,Xerox 2,,137.376
Out, Margin ,Xerox 19,All Others,403,▼,Xerox 19,,0.384328358
Out, Profit ,Xerox 19,All Others,403,▼,Xerox 19,,159.547
Out, Sales ,Xerox 19,All Others,403,▼,Xerox 19,,415.132
Out, Margin ,Xerox 20,All Others,30,▼,Xerox 20,,0.48
Out, Profit ,Xerox 20,All Others,30,▼,Xerox 20,,3.1104
Out, Sales ,Xerox 20,All Others,30,▼,Xerox 20,,6.48
Out, Margin ,Xerox 21,All Others,486,▼,Xerox 21,,0.35
Out, Profit ,Xerox 21,All Others,486,▼,Xerox 21,,43.5456
Out, Sales ,Xerox 21,All Others,486,▼,Xerox 21,,124.416
Out, Margin ,Xerox 22,All Others,298,▼,Xerox 22,,0.417241379
Out, Profit ,Xerox 22,All Others,298,▼,Xerox 22,,31.3632
Out, Sales ,Xerox 22,All Others,298,▼,Xerox 22,,75.168
Out, Margin ,Xerox 23,All Others,147,▼,Xerox 23,,0.451376147
Out, Profit ,Xerox 23,All Others,147,▼,Xerox 23,,63.7632
Out, Sales ,Xerox 23,All Others,147,▼,Xerox 23,,141.264
Out, Margin ,Xerox 188,All Others,119,▼,Xerox 188,,0.457446809
Out, Profit ,Xerox 188,All Others,119,▼,Xerox 188,,97.524
Out, Sales ,Xerox 188,All Others,119,▼,Xerox 188,,213.192
Out, Margin ,Xerox 189,All Others,291,▼,Xerox 189,,0.418823529
Out, Profit ,Xerox 189,All Others,291,▼,Xerox 189,,746.532
Out, Sales ,Xerox 189,All Others,291,▼,Xerox 189,,"1,782.45"
Out, Margin ,Xerox 190,All Others,65,▼,Xerox 190,,0.47
Out, Profit ,Xerox 190,All Others,65,▼,Xerox 190,,14.0436
Out, Sales ,Xerox 190,All Others,65,▼,Xerox 190,,29.88
Out, Margin ,Xerox 191,All Others,99,▼,Xerox 191,,0.46171875
Out, Profit ,Xerox 191,All Others,99,▼,Xerox 191,,354.2454
Out, Sales ,Xerox 191,All Others,99,▼,Xerox 191,,767.232
Out, Margin ,Xerox 192,All Others,36,▼,Xerox 192,,0.48
Out, Profit ,Xerox 192,All Others,36,▼,Xerox 192,,68.4288
Out, Sales ,Xerox 192,All Others,36,▼,Xerox 192,,142.56
Out, Margin ,Xerox 193,All Others,17,▼,Xerox 193,,0.49
Out, Profit ,Xerox 193,All Others,17,▼,Xerox 193,,38.0926
Out, Sales ,Xerox 193,All Others,17,▼,Xerox 193,,77.74
Out, Margin ,Xerox 194,All Others,303,▼,Xerox 194,,0.415
Out, Profit ,Xerox 194,All Others,303,▼,Xerox 194,,184.1936
Out, Sales ,Xerox 194,All Others,303,▼,Xerox 194,,443.84
Out, Margin ,Xerox 195,All Others,243,▼,Xerox 195,,0.429268293
Out, Profit ,Xerox 195,All Others,243,▼,Xerox 195,,70.5408
Out, Sales ,Xerox 195,All Others,243,▼,Xerox 195,,164.328
Out, Margin ,Xerox 196,All Others,260,▼,Xerox 196,,0.42625
Out, Profit ,Xerox 196,All Others,260,▼,Xerox 196,,39.4196
Out, Sales ,Xerox 196,All Others,260,▼,Xerox 196,,92.48
Out, Margin ,Xerox 197,All Others,391,▼,Xerox 197,,0.388888889
Out, Profit ,Xerox 197,All Others,391,▼,Xerox 197,,195.174
Out, Sales ,Xerox 197,All Others,391,▼,Xerox 197,,501.876
Out, Margin ,Xerox 198,All Others,189,▼,Xerox 198,,0.442105263
Out, Profit ,Xerox 198,All Others,189,▼,Xerox 198,,33.4656
Out, Sales ,Xerox 198,All Others,189,▼,Xerox 198,,75.696
Out, Margin ,Xerox 199,All Others,503,▼,Xerox 199,,0.343283582
Out, Profit ,Xerox 199,All Others,503,▼,Xerox 199,,19.688
Out, Sales ,Xerox 199,All Others,503,▼,Xerox 199,,57.352
Out, Margin ,Xerox 200,All Others,362,▼,Xerox 200,,0.4
Out, Profit ,Xerox 200,All Others,362,▼,Xerox 200,,33.696
Out, Sales ,Xerox 200,All Others,362,▼,Xerox 200,,84.24
Out, Margin ,Xerox 201,All Others,293,▼,Xerox 201,,0.418823529
Out, Profit ,Xerox 201,All Others,293,▼,Xerox 201,,46.1376
Out, Sales ,Xerox 201,All Others,293,▼,Xerox 201,,110.16
Out, Margin ,Xerox 202,All Others,166,▼,Xerox 202,,0.448484848
Out, Profit ,Xerox 202,All Others,166,▼,Xerox 202,,76.7232
Out, Sales ,Xerox 202,All Others,166,▼,Xerox 202,,171.072
Out, Margin ,Xerox 203,All Others,205,▼,Xerox 203,,0.437837838
Out, Profit ,Xerox 203,All Others,205,▼,Xerox 203,,62.9856
Out, Sales ,Xerox 203,All Others,205,▼,Xerox 203,,143.856
Out, Margin ,Xerox 204,All Others,31,▼,Xerox 204,,0.48
Out, Profit ,Xerox 204,All Others,31,▼,Xerox 204,,52.8768
Out, Sales ,Xerox 204,All Others,31,▼,Xerox 204,,110.16
Out, Margin ,Xerox 205,All Others,98,▼,Xerox 205,,0.462068966
Out, Profit ,Xerox 205,All Others,98,▼,Xerox 205,,69.4656
Out, Sales ,Xerox 205,All Others,98,▼,Xerox 205,,150.336
Out, Margin ,Xerox 206,All Others,379,▼,Xerox 206,,0.391489362
Out, Profit ,Xerox 206,All Others,379,▼,Xerox 206,,23.8464
Out, Sales ,Xerox 206,All Others,379,▼,Xerox 206,,60.912
Out, Margin ,Xerox 207,All Others,311,▼,Xerox 207,,0.412903226
Out, Profit ,Xerox 207,All Others,311,▼,Xerox 207,,16.5888
Out, Sales ,Xerox 207,All Others,311,▼,Xerox 207,,40.176
Out, Margin ,Xerox 208,All Others,183,▼,Xerox 208,,0.442857143
Out, Profit ,Xerox 208,All Others,183,▼,Xerox 208,,24.1056
Out, Sales ,Xerox 208,All Others,183,▼,Xerox 208,,54.432
Out, Margin ,Xerox 209,All Others,37,▼,Xerox 209,,0.48
Out, Profit ,Xerox 209,All Others,37,▼,Xerox 209,,90.2016
Out, Sales ,Xerox 209,All Others,37,▼,Xerox 209,,187.92
Out, Margin ,Xerox 210,All Others,447,▼,Xerox 210,,0.367567568
Out, Profit ,Xerox 210,All Others,447,▼,Xerox 210,,35.2512
Out, Sales ,Xerox 210,All Others,447,▼,Xerox 210,,95.904
Out, Margin ,Xerox 211,All Others,382,▼,Xerox 211,,0.390123457
Out, Profit ,Xerox 211,All Others,382,▼,Xerox 211,,40.9536
Out, Sales ,Xerox 211,All Others,382,▼,Xerox 211,,104.976
Out, Margin ,Xerox 212,All Others,349,▼,Xerox 212,,0.403669725
Out, Profit ,Xerox 212,All Others,349,▼,Xerox 212,,57.024
Out, Sales ,Xerox 212,All Others,349,▼,Xerox 212,,141.264
Out, Margin ,Xerox 213,All Others,128,▼,Xerox 213,,0.455813953
Out, Profit ,Xerox 213,All Others,128,▼,Xerox 213,,50.8032
Out, Sales ,Xerox 213,All Others,128,▼,Xerox 213,,111.456
Out, Margin ,Xerox 214,All Others,282,▼,Xerox 214,,0.420481928
Out, Profit ,Xerox 214,All Others,282,▼,Xerox 214,,90.4608
Out, Sales ,Xerox 214,All Others,282,▼,Xerox 214,,215.136
Out, Margin ,Xerox 215,All Others,25,▼,Xerox 215,,0.48
Out, Profit ,Xerox 215,All Others,25,▼,Xerox 215,,21.7728
Out, Sales ,Xerox 215,All Others,25,▼,Xerox 215,,45.36
Out, Margin ,Xerox 216,All Others,337,▼,Xerox 216,,0.406521739
Out, Profit ,Xerox 216,All Others,337,▼,Xerox 216,,96.9408
Out, Sales ,Xerox 216,All Others,337,▼,Xerox 216,,238.464
Out, Margin ,Xerox 217,All Others,178,▼,Xerox 217,,0.444444444
Out, Profit ,Xerox 217,All Others,178,▼,Xerox 217,,67.392
Out, Sales ,Xerox 217,All Others,178,▼,Xerox 217,,151.632
Out, Margin ,Xerox 218,All Others,144,▼,Xerox 218,,0.452631579
Out, Profit ,Xerox 218,All Others,144,▼,Xerox 218,,22.2912
Out, Sales ,Xerox 218,All Others,144,▼,Xerox 218,,49.248
Out, Margin ,Xerox 219,All Others,38,▼,Xerox 219,,0.48
Out, Profit ,Xerox 219,All Others,38,▼,Xerox 219,,46.656
Out, Sales ,Xerox 219,All Others,38,▼,Xerox 219,,97.2
Out, Margin ,Xerox 220,All Others,285,▼,Xerox 220,,0.419642857
Out, Profit ,Xerox 220,All Others,285,▼,Xerox 220,,60.912
Out, Sales ,Xerox 220,All Others,285,▼,Xerox 220,,145.152
Out, Margin ,Xerox 221,All Others,312,▼,Xerox 221,,0.412903226
Out, Profit ,Xerox 221,All Others,312,▼,Xerox 221,,33.1776
Out, Sales ,Xerox 221,All Others,312,▼,Xerox 221,,80.352
Out, Margin ,Xerox 222,All Others,157,▼,Xerox 222,,0.45
Out, Profit ,Xerox 222,All Others,157,▼,Xerox 222,,60.6528
Out, Sales ,Xerox 222,All Others,157,▼,Xerox 222,,134.784
Out, Margin ,Xerox 223,All Others,43,▼,Xerox 223,,0.48
Out, Profit ,Xerox 223,All Others,43,▼,Xerox 223,,27.9936
Out, Sales ,Xerox 223,All Others,43,▼,Xerox 223,,58.32
Out, Margin ,Xerox 224,All Others,352,▼,Xerox 224,,0.402702703
Out, Profit ,Xerox 224,All Others,352,▼,Xerox 224,,38.6208
Out, Sales ,Xerox 224,All Others,352,▼,Xerox 224,,95.904
Out, Margin ,Xerox 225,All Others,214,▼,Xerox 225,,0.435526316
Out, Profit ,Xerox 225,All Others,214,▼,Xerox 225,,85.7952
Out, Sales ,Xerox 225,All Others,214,▼,Xerox 225,,196.992
Out, Margin ,Xerox 226,All Others,90,▼,Xerox 226,,0.465891473
Out, Profit ,Xerox 226,All Others,90,▼,Xerox 226,,155.7792
Out, Sales ,Xerox 226,All Others,90,▼,Xerox 226,,334.368
Out, Margin ,Xerox 227,All Others,401,▼,Xerox 227,,0.384946237
Out, Profit ,Xerox 227,All Others,401,▼,Xerox 227,,46.3968
Out, Sales ,Xerox 227,All Others,401,▼,Xerox 227,,120.528
Out, Margin ,Xerox 228,All Others,39,▼,Xerox 228,,0.48
Out, Profit ,Xerox 228,All Others,39,▼,Xerox 228,,46.656
Out, Sales ,Xerox 228,All Others,39,▼,Xerox 228,,97.2
Out, Margin ,Xerox 229,All Others,332,▼,Xerox 229,,0.409090909
Out, Profit ,Xerox 229,All Others,332,▼,Xerox 229,,34.992
Out, Sales ,Xerox 229,All Others,332,▼,Xerox 229,,85.536
Out, Margin ,Xerox 230,All Others,184,▼,Xerox 230,,0.442857143
Out, Profit ,Xerox 230,All Others,184,▼,Xerox 230,,56.2464
Out, Sales ,Xerox 230,All Others,184,▼,Xerox 230,,127.008
Out, Margin ,Xerox 231,All Others,350,▼,Xerox 231,,0.403278689
Out, Profit ,Xerox 231,All Others,350,▼,Xerox 231,,31.8816
Out, Sales ,Xerox 231,All Others,350,▼,Xerox 231,,79.056
Out, Margin ,Xerox 232,All Others,79,▼,Xerox 232,,0.468817204
Out, Profit ,Xerox 232,All Others,79,▼,Xerox 232,,56.5056
Out, Sales ,Xerox 232,All Others,79,▼,Xerox 232,,120.528
Out, Margin ,Xerox 1880,All Others,116,▼,Xerox 1880,,0.457954545
Out, Profit ,Xerox 1880,All Others,116,▼,Xerox 1880,,285.6464
Out, Sales ,Xerox 1880,All Others,116,▼,Xerox 1880,,623.744
Out, Margin ,Xerox 1881,All Others,129,▼,Xerox 1881,,0.455675676
Out, Profit ,Xerox 1881,All Others,129,▼,Xerox 1881,,207.0408
Out, Sales ,Xerox 1881,All Others,129,▼,Xerox 1881,,454.36
Out, Margin ,Xerox 1882,All Others,181,▼,Xerox 1882,,0.443636364
Out, Profit ,Xerox 1882,All Others,181,▼,Xerox 1882,,273.1824
Out, Sales ,Xerox 1882,All Others,181,▼,Xerox 1882,,615.78
Out, Margin ,Xerox 1883,All Others,356,▼,Xerox 1883,,0.401796407
Out, Profit ,Xerox 1883,All Others,356,▼,Xerox 1883,,354.0196
Out, Sales ,Xerox 1883,All Others,356,▼,Xerox 1883,,881.092
Out, Margin ,Xerox 1884,All Others,426,▼,Xerox 1884,,0.376470588
Out, Profit ,Xerox 1884,All Others,426,▼,Xerox 1884,,204.5952
Out, Sales ,Xerox 1884,All Others,426,▼,Xerox 1884,,543.456
Out, Margin ,Xerox 1885,All Others,40,▼,Xerox 1885,,0.48
Out, Profit ,Xerox 1885,All Others,40,▼,Xerox 1885,,461.184
Out, Sales ,Xerox 1885,All Others,40,▼,Xerox 1885,,960.8
Out, Margin ,Xerox 1886,All Others,92,▼,Xerox 1886,,0.464705882
Out, Profit ,Xerox 1886,All Others,92,▼,Xerox 1886,,302.728
Out, Sales ,Xerox 1886,All Others,92,▼,Xerox 1886,,651.44
Out, Margin ,Xerox 1887,All Others,277,▼,Xerox 1887,,0.422222222
Out, Profit ,Xerox 1887,All Others,277,▼,Xerox 1887,,216.258
Out, Sales ,Xerox 1887,All Others,277,▼,Xerox 1887,,512.19
Out, Margin ,Xerox 1888,All Others,204,▼,Xerox 1888,,0.437837838
Out, Profit ,Xerox 1888,All Others,204,▼,Xerox 1888,,539.2656
Out, Sales ,Xerox 1888,All Others,204,▼,Xerox 1888,,"1,231.656"
Out, Margin ,Xerox 1889,All Others,117,▼,Xerox 1889,,0.457446809
Out, Profit ,Xerox 1889,All Others,117,▼,Xerox 1889,,236.328
Out, Sales ,Xerox 1889,All Others,117,▼,Xerox 1889,,516.624
Out, Margin ,Xerox 1890,All Others,6,▼,Xerox 1890,,0.5
Out, Profit ,Xerox 1890,All Others,6,▼,Xerox 1890,,122.35
Out, Sales ,Xerox 1890,All Others,6,▼,Xerox 1890,,244.7
Out, Margin ,Xerox 1891,All Others,323,▼,Xerox 1891,,0.411111111
Out, Profit ,Xerox 1891,All Others,323,▼,Xerox 1891,,542.901
Out, Sales ,Xerox 1891,All Others,323,▼,Xerox 1891,,"1,320.57"
Out, Margin ,Xerox 1892,All Others,172,▼,Xerox 1892,,0.445652174
Out, Profit ,Xerox 1892,All Others,172,▼,Xerox 1892,,79.458
Out, Sales ,Xerox 1892,All Others,172,▼,Xerox 1892,,178.296
Out, Margin ,Xerox 1893,All Others,230,▼,Xerox 1893,,0.431714286
Out, Profit ,Xerox 1893,All Others,230,▼,Xerox 1893,,619.3589
Out, Sales ,Xerox 1893,All Others,230,▼,Xerox 1893,,"1,434.65"
Out, Margin ,Xerox 1894,All Others,94,▼,Xerox 1894,,0.464122137
Out, Profit ,Xerox 1894,All Others,94,▼,Xerox 1894,,78.7968
Out, Sales ,Xerox 1894,All Others,94,▼,Xerox 1894,,169.776
Out, Margin ,Xerox 1895,All Others,228,▼,Xerox 1895,,0.4328125
Out, Profit ,Xerox 1895,All Others,228,▼,Xerox 1895,,82.823
Out, Sales ,Xerox 1895,All Others,228,▼,Xerox 1895,,191.36
Out, Margin ,Xerox 1896,All Others,155,▼,Xerox 1896,,0.45
Out, Profit ,Xerox 1896,All Others,155,▼,Xerox 1896,,22.4775
Out, Sales ,Xerox 1896,All Others,155,▼,Xerox 1896,,49.95
Out, Margin ,Xerox 1897,All Others,358,▼,Xerox 1897,,0.4
Out, Profit ,Xerox 1897,All Others,358,▼,Xerox 1897,,27.0912
Out, Sales ,Xerox 1897,All Others,358,▼,Xerox 1897,,67.728
Out, Margin ,Xerox 1898,All Others,233,▼,Xerox 1898,,0.430476190
Out, Profit ,Xerox 1898,All Others,233,▼,Xerox 1898,,120.7744
Out, Sales ,Xerox 1898,All Others,233,▼,Xerox 1898,,280.56
Out, Margin ,Xerox 1899,All Others,343,▼,Xerox 1899,,0.405
Out, Profit ,Xerox 1899,All Others,343,▼,Xerox 1899,,28.0908
Out, Sales ,Xerox 1899,All Others,343,▼,Xerox 1899,,69.36
Out, Margin ,Xerox 1900,All Others,294,▼,Xerox 1900,,0.418699187
Out, Profit ,Xerox 1900,All Others,294,▼,Xerox 1900,,44.084
Out, Sales ,Xerox 1900,All Others,294,▼,Xerox 1900,,105.288
Out, Margin ,Xerox 1901,All Others,559,▼,Xerox 1901,,0.3125
Out, Profit ,Xerox 1901,All Others,559,▼,Xerox 1901,,5.28
Out, Sales ,Xerox 1901,All Others,559,▼,Xerox 1901,,16.896
Out, Margin ,Xerox 1902,All Others,363,▼,Xerox 1902,,0.4
Out, Profit ,Xerox 1902,All Others,363,▼,Xerox 1902,,32.8896
Out, Sales ,Xerox 1902,All Others,363,▼,Xerox 1902,,82.224
Out, Margin ,Xerox 1903,All Others,56,▼,Xerox 1903,,0.472413793
Out, Profit ,Xerox 1903,All Others,56,▼,Xerox 1903,,65.5408
Out, Sales ,Xerox 1903,All Others,56,▼,Xerox 1903,,138.736
Out, Margin ,Xerox 1905,All Others,59,▼,Xerox 1905,,0.470796460
Out, Profit ,Xerox 1905,All Others,59,▼,Xerox 1905,,68.9472
Out, Sales ,Xerox 1905,All Others,59,▼,Xerox 1905,,146.448
Out, Margin ,Xerox 1906,All Others,140,▼,Xerox 1906,,0.452903226
Out, Profit ,Xerox 1906,All Others,140,▼,Xerox 1906,,497.5776
Out, Sales ,Xerox 1906,All Others,140,▼,Xerox 1906,,"1,098.64"
Out, Margin ,Xerox 1907,All Others,72,▼,Xerox 1907,,0.47
Out, Profit ,Xerox 1907,All Others,72,▼,Xerox 1907,,57.716
Out, Sales ,Xerox 1907,All Others,72,▼,Xerox 1907,,122.8
Out, Margin ,Xerox 1908,All Others,85,▼,Xerox 1908,,0.466666667
Out, Profit ,Xerox 1908,All Others,85,▼,Xerox 1908,,799.3944
Out, Sales ,Xerox 1908,All Others,85,▼,Xerox 1908,,"1,712.988"
Out, Margin ,Xerox 1909,All Others,310,▼,Xerox 1909,,0.413043478
Out, Profit ,Xerox 1909,All Others,310,▼,Xerox 1909,,400.976
Out, Sales ,Xerox 1909,All Others,310,▼,Xerox 1909,,970.784
Out, Margin ,Xerox 1910,All Others,351,▼,Xerox 1910,,0.403278689
Out, Profit ,Xerox 1910,All Others,351,▼,Xerox 1910,,236.3568
Out, Sales ,Xerox 1910,All Others,351,▼,Xerox 1910,,586.088
Out, Margin ,Xerox 1911,All Others,96,▼,Xerox 1911,,0.463492063
Out, Profit ,Xerox 1911,All Others,96,▼,Xerox 1911,,279.736
Out, Sales ,Xerox 1911,All Others,96,▼,Xerox 1911,,603.54
Out, Margin ,Xerox 1912,All Others,101,▼,Xerox 1912,,0.460377358
Out, Profit ,Xerox 1912,All Others,101,▼,Xerox 1912,,92.5736
Out, Sales ,Xerox 1912,All Others,101,▼,Xerox 1912,,201.082
Out, Margin ,Xerox 1913,All Others,224,▼,Xerox 1913,,0.433333333
Out, Profit ,Xerox 1913,All Others,224,▼,Xerox 1913,,375.0448
Out, Sales ,Xerox 1913,All Others,224,▼,Xerox 1913,,865.488
Out, Margin ,Xerox 1914,All Others,182,▼,Xerox 1914,,0.443103448
Out, Profit ,Xerox 1914,All Others,182,▼,Xerox 1914,,423.7416
Out, Sales ,Xerox 1914,All Others,182,▼,Xerox 1914,,956.304
Out, Margin ,Xerox 1915,All Others,145,▼,Xerox 1915,,0.452631579
Out, Profit ,Xerox 1915,All Others,145,▼,Xerox 1915,,"1,262.394"
Out, Sales ,Xerox 1915,All Others,145,▼,Xerox 1915,,"2,789.01"
Out, Margin ,Xerox 1916,All Others,314,▼,Xerox 1916,,0.411764706
Out, Profit ,Xerox 1916,All Others,314,▼,Xerox 1916,,342.58
Out, Sales ,Xerox 1916,All Others,314,▼,Xerox 1916,,831.98
Out, Margin ,Xerox 1917,All Others,75,▼,Xerox 1917,,0.47
Out, Profit ,Xerox 1917,All Others,75,▼,Xerox 1917,,574.6925
Out, Sales ,Xerox 1917,All Others,75,▼,Xerox 1917,,"1,222.75"
Out, Margin ,Xerox 1918,All Others,10,▼,Xerox 1918,,0.49
Out, Profit ,Xerox 1918,All Others,10,▼,Xerox 1918,,75.9696
Out, Sales ,Xerox 1918,All Others,10,▼,Xerox 1918,,155.04
Out, Margin ,Xerox 1919,All Others,89,▼,Xerox 1919,,0.465968586
Out, Profit ,Xerox 1919,All Others,89,▼,Xerox 1919,,729.622
Out, Sales ,Xerox 1919,All Others,89,▼,Xerox 1919,,"1,565.818"
Out, Margin ,Xerox 1920,All Others,159,▼,Xerox 1920,,0.45
Out, Profit ,Xerox 1920,All Others,159,▼,Xerox 1920,,40.365
Out, Sales ,Xerox 1920,All Others,159,▼,Xerox 1920,,89.7
Out, Margin ,Xerox 1921,All Others,561,▼,Xerox 1921,,0.3125
Out, Profit ,Xerox 1921,All Others,561,▼,Xerox 1921,,17.4825
Out, Sales ,Xerox 1921,All Others,561,▼,Xerox 1921,,55.944
Out, Margin ,Xerox 1922,All Others,457,▼,Xerox 1922,,0.3625
Out, Profit ,Xerox 1922,All Others,457,▼,Xerox 1922,,4.3326
Out, Sales ,Xerox 1922,All Others,457,▼,Xerox 1922,,11.952
Out, Margin ,Xerox 1923,All Others,307,▼,Xerox 1923,,0.414084507
Out, Profit ,Xerox 1923,All Others,307,▼,Xerox 1923,,39.2784
Out, Sales ,Xerox 1923,All Others,307,▼,Xerox 1923,,94.856
Out, Margin ,Xerox 1924,All Others,316,▼,Xerox 1924,,0.411538462
Out, Profit ,Xerox 1924,All Others,316,▼,Xerox 1924,,24.7384
Out, Sales ,Xerox 1924,All Others,316,▼,Xerox 1924,,60.112
Out, Margin ,Xerox 1925,All Others,432,▼,Xerox 1925,,0.373417722
Out, Profit ,Xerox 1925,All Others,432,▼,Xerox 1925,,182.782
Out, Sales ,Xerox 1925,All Others,432,▼,Xerox 1925,,489.484
Out, Margin ,Xerox 1926,All Others,66,▼,Xerox 1926,,0.47
Out, Profit ,Xerox 1926,All Others,66,▼,Xerox 1926,,16.3842
Out, Sales ,Xerox 1926,All Others,66,▼,Xerox 1926,,34.86
Out, Margin ,Xerox 1927,All Others,494,▼,Xerox 1927,,0.348684211
Out, Profit ,Xerox 1927,All Others,494,▼,Xerox 1927,,22.684
Out, Sales ,Xerox 1927,All Others,494,▼,Xerox 1927,,65.056
Out, Margin ,Xerox 1928,All Others,378,▼,Xerox 1928,,0.394067797
Out, Profit ,Xerox 1928,All Others,378,▼,Xerox 1928,,49.104
Out, Sales ,Xerox 1928,All Others,378,▼,Xerox 1928,,124.608
Out, Margin ,Xerox 1929,All Others,200,▼,Xerox 1929,,0.438961039
Out, Profit ,Xerox 1929,All Others,200,▼,Xerox 1929,,154.3984
Out, Sales ,Xerox 1929,All Others,200,▼,Xerox 1929,,351.736
Out, Margin ,Xerox 1930,All Others,252,▼,Xerox 1930,,0.428037383
Out, Profit ,Xerox 1930,All Others,252,▼,Xerox 1930,,59.3568
Out, Sales ,Xerox 1930,All Others,252,▼,Xerox 1930,,138.672
Out, Margin ,Xerox 1931,All Others,278,▼,Xerox 1931,,0.422222222
Out, Profit ,Xerox 1931,All Others,278,▼,Xerox 1931,,88.6464
Out, Sales ,Xerox 1931,All Others,278,▼,Xerox 1931,,209.952
Out, Margin ,Xerox 1932,All Others,519,▼,Xerox 1932,,0.3375
Out, Profit ,Xerox 1932,All Others,519,▼,Xerox 1932,,28.7064
Out, Sales ,Xerox 1932,All Others,519,▼,Xerox 1932,,85.056
Out, Margin ,Xerox 1933,All Others,73,▼,Xerox 1933,,0.47
Out, Profit ,Xerox 1933,All Others,73,▼,Xerox 1933,,138.5184
Out, Sales ,Xerox 1933,All Others,73,▼,Xerox 1933,,294.72
Out, Margin ,Xerox 1934,All Others,46,▼,Xerox 1934,,0.479591837
Out, Profit ,Xerox 1934,All Others,46,▼,Xerox 1934,,526.212
Out, Sales ,Xerox 1934,All Others,46,▼,Xerox 1934,,"1,097.208"
Out, Margin ,Xerox 1935,All Others,180,▼,Xerox 1935,,0.444117647
Out, Profit ,Xerox 1935,All Others,180,▼,Xerox 1935,,239.0028
Out, Sales ,Xerox 1935,All Others,180,▼,Xerox 1935,,538.152
Out, Margin ,Xerox 1936,All Others,392,▼,Xerox 1936,,0.388461538
Out, Profit ,Xerox 1936,All Others,392,▼,Xerox 1936,,60.5394
Out, Sales ,Xerox 1936,All Others,392,▼,Xerox 1936,,155.844
Out, Margin ,Xerox 1937,All Others,364,▼,Xerox 1937,,0.4
Out, Profit ,Xerox 1937,All Others,364,▼,Xerox 1937,,199.8464
Out, Sales ,Xerox 1937,All Others,364,▼,Xerox 1937,,499.616
Out, Margin ,Xerox 1938,All Others,487,▼,Xerox 1938,,0.35
Out, Profit ,Xerox 1938,All Others,487,▼,Xerox 1938,,93.884
Out, Sales ,Xerox 1938,All Others,487,▼,Xerox 1938,,268.24
Out, Margin ,Xerox 1939,All Others,44,▼,Xerox 1939,,0.48
Out, Profit ,Xerox 1939,All Others,44,▼,Xerox 1939,,200.3232
Out, Sales ,Xerox 1939,All Others,44,▼,Xerox 1939,,417.34
Out, Margin ,Xerox 1940,All Others,138,▼,Xerox 1940,,0.453571429
Out, Profit ,Xerox 1940,All Others,138,▼,Xerox 1940,,279.1968
Out, Sales ,Xerox 1940,All Others,138,▼,Xerox 1940,,615.552
Out, Margin ,Xerox 1941,All Others,344,▼,Xerox 1941,,0.404819277
Out, Profit ,Xerox 1941,All Others,344,▼,Xerox 1941,,704.592
Out, Sales ,Xerox 1941,All Others,344,▼,Xerox 1941,,"1,740.51"
Out, Margin ,Xerox 1942,All Others,83,▼,Xerox 1942,,0.467213115
Out, Profit ,Xerox 1942,All Others,83,▼,Xerox 1942,,278.958
Out, Sales ,Xerox 1942,All Others,83,▼,Xerox 1942,,597.068
Out, Margin ,Xerox 1943,All Others,190,▼,Xerox 1943,,0.442105263
Out, Profit ,Xerox 1943,All Others,190,▼,Xerox 1943,,328.6752
Out, Sales ,Xerox 1943,All Others,190,▼,Xerox 1943,,743.432
Out, Margin ,Xerox 1944,All Others,163,▼,Xerox 1944,,0.448648649
Out, Profit ,Xerox 1944,All Others,163,▼,Xerox 1944,,257.3664
Out, Sales ,Xerox 1944,All Others,163,▼,Xerox 1944,,573.648
Out, Margin ,Xerox 1945,All Others,173,▼,Xerox 1945,,0.445652174
Out, Profit ,Xerox 1945,All Others,173,▼,Xerox 1945,,756.2655
Out, Sales ,Xerox 1945,All Others,173,▼,Xerox 1945,,"1,696.986"
Out, Margin ,Xerox 1946,All Others,171,▼,Xerox 1946,,0.445901639
Out, Profit ,Xerox 1946,All Others,171,▼,Xerox 1946,,35.2512
Out, Sales ,Xerox 1946,All Others,171,▼,Xerox 1946,,79.056
Out, Margin ,Xerox 1947,All Others,372,▼,Xerox 1947,,0.396929825
Out, Profit ,Xerox 1947,All Others,372,▼,Xerox 1947,,54.119
Out, Sales ,Xerox 1947,All Others,372,▼,Xerox 1947,,136.344
Out, Margin ,Xerox 1948,All Others,156,▼,Xerox 1948,,0.45
Out, Profit ,Xerox 1948,All Others,156,▼,Xerox 1948,,67.4325
Out, Sales ,Xerox 1948,All Others,156,▼,Xerox 1948,,149.85
Out, Margin ,Xerox 1949,All Others,417,▼,Xerox 1949,,0.379130435
Out, Profit ,Xerox 1949,All Others,417,▼,Xerox 1949,,43.4256
Out, Sales ,Xerox 1949,All Others,417,▼,Xerox 1949,,114.54
Out, Margin ,Xerox 1950,All Others,88,▼,Xerox 1950,,0.466279070
Out, Profit ,Xerox 1950,All Others,88,▼,Xerox 1950,,23.1778
Out, Sales ,Xerox 1950,All Others,88,▼,Xerox 1950,,49.708
Out, Margin ,Xerox 1951,All Others,539,▼,Xerox 1951,,0.323770492
Out, Profit ,Xerox 1951,All Others,539,▼,Xerox 1951,,244.742
Out, Sales ,Xerox 1951,All Others,539,▼,Xerox 1951,,755.912
Out, Margin ,Xerox 1952,All Others,109,▼,Xerox 1952,,0.459183673
Out, Profit ,Xerox 1952,All Others,109,▼,Xerox 1952,,44.82
Out, Sales ,Xerox 1952,All Others,109,▼,Xerox 1952,,97.608
Out, Margin ,Xerox 1953,All Others,365,▼,Xerox 1953,,0.4
Out, Profit ,Xerox 1953,All Others,365,▼,Xerox 1953,,18.832
Out, Sales ,Xerox 1953,All Others,365,▼,Xerox 1953,,47.08
Out, Margin ,Xerox 1954,All Others,409,▼,Xerox 1954,,0.38125
Out, Profit ,Xerox 1954,All Others,409,▼,Xerox 1954,,32.208
Out, Sales ,Xerox 1954,All Others,409,▼,Xerox 1954,,84.48
Out, Margin ,Xerox 1955,All Others,537,▼,Xerox 1955,,0.325
Out, Profit ,Xerox 1955,All Others,537,▼,Xerox 1955,,59.384
Out, Sales ,Xerox 1955,All Others,537,▼,Xerox 1955,,182.72
Out, Margin ,Xerox 1956,All Others,126,▼,Xerox 1956,,0.456
Out, Profit ,Xerox 1956,All Others,126,▼,Xerox 1956,,40.9032
Out, Sales ,Xerox 1956,All Others,126,▼,Xerox 1956,,89.7
Out, Margin ,Xerox 1957,All Others,306,▼,Xerox 1957,,0.414189189
Out, Profit ,Xerox 1957,All Others,306,▼,Xerox 1957,,39.7224
Out, Sales ,Xerox 1957,All Others,306,▼,Xerox 1957,,95.904
Out, Margin ,Xerox 1958,All Others,41,▼,Xerox 1958,,0.48
Out, Profit ,Xerox 1958,All Others,41,▼,Xerox 1958,,15.552
Out, Sales ,Xerox 1958,All Others,41,▼,Xerox 1958,,32.4
Out, Margin ,Xerox 1959,All Others,135,▼,Xerox 1959,,0.454
Out, Profit ,Xerox 1959,All Others,135,▼,Xerox 1959,,60.6544
Out, Sales ,Xerox 1959,All Others,135,▼,Xerox 1959,,133.6
Out, Margin ,Xerox 1960,All Others,412,▼,Xerox 1960,,0.380281690
Out, Profit ,Xerox 1960,All Others,412,▼,Xerox 1960,,334.584
Out, Sales ,Xerox 1960,All Others,412,▼,Xerox 1960,,879.832
Out, Margin ,Xerox 1962,All Others,367,▼,Xerox 1962,,0.3984375
Out, Profit ,Xerox 1962,All Others,367,▼,Xerox 1962,,43.656
Out, Sales ,Xerox 1962,All Others,367,▼,Xerox 1962,,109.568
Out, Margin ,Xerox 1963,All Others,468,▼,Xerox 1963,,0.359589041
Out, Profit ,Xerox 1963,All Others,468,▼,Xerox 1963,,27.72
Out, Sales ,Xerox 1963,All Others,468,▼,Xerox 1963,,77.088
Out, Margin ,Xerox 1964,All Others,213,▼,Xerox 1964,,0.436075949
Out, Profit ,Xerox 1964,All Others,213,▼,Xerox 1964,,314.7352
Out, Sales ,Xerox 1964,All Others,213,▼,Xerox 1964,,721.744
Out, Margin ,Xerox 1965,All Others,118,▼,Xerox 1965,,0.457446809
Out, Profit ,Xerox 1965,All Others,118,▼,Xerox 1965,,25.714
Out, Sales ,Xerox 1965,All Others,118,▼,Xerox 1965,,56.212
Out, Margin ,Xerox 1966,All Others,305,▼,Xerox 1966,,0.414754098
Out, Profit ,Xerox 1966,All Others,305,▼,Xerox 1966,,32.7888
Out, Sales ,Xerox 1966,All Others,305,▼,Xerox 1966,,79.056
Out, Margin ,Xerox 1967,All Others,217,▼,Xerox 1967,,0.434782609
Out, Profit ,Xerox 1967,All Others,217,▼,Xerox 1967,,38.88
Out, Sales ,Xerox 1967,All Others,217,▼,Xerox 1967,,89.424
Out, Margin ,Xerox 1968,All Others,131,▼,Xerox 1968,,0.454838710
Out, Profit ,Xerox 1968,All Others,131,▼,Xerox 1968,,75.3504
Out, Sales ,Xerox 1968,All Others,131,▼,Xerox 1968,,165.664
Out, Margin ,Xerox 1969,All Others,11,▼,Xerox 1969,,0.49
Out, Profit ,Xerox 1969,All Others,11,▼,Xerox 1969,,5.6644
Out, Sales ,Xerox 1969,All Others,11,▼,Xerox 1969,,11.56
Out, Margin ,Xerox 1970,All Others,249,▼,Xerox 1970,,0.428431373
Out, Profit ,Xerox 1970,All Others,249,▼,Xerox 1970,,43.5252
Out, Sales ,Xerox 1970,All Others,249,▼,Xerox 1970,,101.592
Out, Margin ,Xerox 1971,All Others,281,▼,Xerox 1971,,0.421052632
Out, Profit ,Xerox 1971,All Others,281,▼,Xerox 1971,,47.936
Out, Sales ,Xerox 1971,All Others,281,▼,Xerox 1971,,113.848
Out, Margin ,Xerox 1972,All Others,428,▼,Xerox 1972,,0.375
Out, Profit ,Xerox 1972,All Others,428,▼,Xerox 1972,,17.424
Out, Sales ,Xerox 1972,All Others,428,▼,Xerox 1972,,46.464
Out, Margin ,Xerox 1973,All Others,302,▼,Xerox 1973,,0.416216216
Out, Profit ,Xerox 1973,All Others,302,▼,Xerox 1973,,70.3472
Out, Sales ,Xerox 1973,All Others,302,▼,Xerox 1973,,169.016
Out, Margin ,Xerox 1974,All Others,82,▼,Xerox 1974,,0.46875
Out, Profit ,Xerox 1974,All Others,82,▼,Xerox 1974,,26.91
Out, Sales ,Xerox 1974,All Others,82,▼,Xerox 1974,,57.408
Out, Margin ,Xerox 1975,All Others,225,▼,Xerox 1975,,0.433333333
Out, Profit ,Xerox 1975,All Others,225,▼,Xerox 1975,,30.3264
Out, Sales ,Xerox 1975,All Others,225,▼,Xerox 1975,,69.984
Out, Margin ,Xerox 1976,All Others,488,▼,Xerox 1976,,0.35
Out, Profit ,Xerox 1976,All Others,488,▼,Xerox 1976,,12.7008
Out, Sales ,Xerox 1976,All Others,488,▼,Xerox 1976,,36.288
Out, Margin ,Xerox 1977,All Others,77,▼,Xerox 1977,,0.469387755
Out, Profit ,Xerox 1977,All Others,77,▼,Xerox 1977,,61.456
Out, Sales ,Xerox 1977,All Others,77,▼,Xerox 1977,,130.928
Out, Margin ,Xerox 1978,All Others,262,▼,Xerox 1978,,0.425827815
Out, Profit ,Xerox 1978,All Others,262,▼,Xerox 1978,,74.3308
Out, Sales ,Xerox 1978,All Others,262,▼,Xerox 1978,,174.556
Out, Margin ,Xerox 1979,All Others,244,▼,Xerox 1979,,0.429245283
Out, Profit ,Xerox 1979,All Others,244,▼,Xerox 1979,,140.959
Out, Sales ,Xerox 1979,All Others,244,▼,Xerox 1979,,328.388
Out, Margin ,Xerox 1980,All Others,158,▼,Xerox 1980,,0.45
Out, Profit ,Xerox 1980,All Others,158,▼,Xerox 1980,,15.408
Out, Sales ,Xerox 1980,All Others,158,▼,Xerox 1980,,34.24
Out, Margin ,Xerox 1981,All Others,264,▼,Xerox 1981,,0.425373134
Out, Profit ,Xerox 1981,All Others,264,▼,Xerox 1981,,30.096
Out, Sales ,Xerox 1981,All Others,264,▼,Xerox 1981,,70.752
Out, Margin ,Xerox 1982,All Others,425,▼,Xerox 1982,,0.376923077
Out, Profit ,Xerox 1982,All Others,425,▼,Xerox 1982,,89.5328
Out, Sales ,Xerox 1982,All Others,425,▼,Xerox 1982,,237.536
Out, Margin ,Xerox 1983,All Others,21,▼,Xerox 1983,,0.49
Out, Profit ,Xerox 1983,All Others,21,▼,Xerox 1983,,14.651
Out, Sales ,Xerox 1983,All Others,21,▼,Xerox 1983,,29.9
Out, Margin ,Xerox 1984,All Others,18,▼,Xerox 1984,,0.49
Out, Profit ,Xerox 1984,All Others,18,▼,Xerox 1984,,6.3504
Out, Sales ,Xerox 1984,All Others,18,▼,Xerox 1984,,12.96
Out, Margin ,Xerox 1985,All Others,489,▼,Xerox 1985,,0.35
Out, Profit ,Xerox 1985,All Others,489,▼,Xerox 1985,,9.072
Out, Sales ,Xerox 1985,All Others,489,▼,Xerox 1985,,25.92
Out, Margin ,Xerox 1986,All Others,57,▼,Xerox 1986,,0.471875
Out, Profit ,Xerox 1986,All Others,57,▼,Xerox 1986,,40.3472
Out, Sales ,Xerox 1986,All Others,57,▼,Xerox 1986,,85.504
Out, Margin ,Xerox 1987,All Others,12,▼,Xerox 1987,,0.49
Out, Profit ,Xerox 1987,All Others,12,▼,Xerox 1987,,45.3152
Out, Sales ,Xerox 1987,All Others,12,▼,Xerox 1987,,92.48
Out, Margin ,Xerox 1988,All Others,451,▼,Xerox 1988,,0.366573034
Out, Profit ,Xerox 1988,All Others,451,▼,Xerox 1988,,404.289
Out, Sales ,Xerox 1988,All Others,451,▼,Xerox 1988,,"1,102.888"
Out, Margin ,Xerox 1989,All Others,512,▼,Xerox 1989,,0.3375
Out, Profit ,Xerox 1989,All Others,512,▼,Xerox 1989,,2.6892
Out, Sales ,Xerox 1989,All Others,512,▼,Xerox 1989,,7.968
Out, Margin ,Xerox 1990,All Others,435,▼,Xerox 1990,,0.371428571
Out, Profit ,Xerox 1990,All Others,435,▼,Xerox 1990,,13.728
Out, Sales ,Xerox 1990,All Others,435,▼,Xerox 1990,,36.96
Out, Margin ,Xerox 1991,All Others,185,▼,Xerox 1991,,0.442857143
Out, Profit ,Xerox 1991,All Others,185,▼,Xerox 1991,,254.8944
Out, Sales ,Xerox 1991,All Others,185,▼,Xerox 1991,,575.568
Out, Margin ,Xerox 1992,All Others,80,▼,Xerox 1992,,0.46875
Out, Profit ,Xerox 1992,All Others,80,▼,Xerox 1992,,40.365
Out, Sales ,Xerox 1992,All Others,80,▼,Xerox 1992,,86.112
Out, Margin ,Xerox 1993,All Others,97,▼,Xerox 1993,,0.463157895
Out, Profit ,Xerox 1993,All Others,97,▼,Xerox 1993,,68.4288
Out, Sales ,Xerox 1993,All Others,97,▼,Xerox 1993,,147.744
Out, Margin ,Xerox 1994,All Others,257,▼,Xerox 1994,,0.427118644
Out, Profit ,Xerox 1994,All Others,257,▼,Xerox 1994,,32.6592
Out, Sales ,Xerox 1994,All Others,257,▼,Xerox 1994,,76.464
Out, Margin ,Xerox 1995,All Others,380,▼,Xerox 1995,,0.391489362
Out, Profit ,Xerox 1995,All Others,380,▼,Xerox 1995,,47.6928
Out, Sales ,Xerox 1995,All Others,380,▼,Xerox 1995,,121.824
Out, Margin ,Xerox 1996,All Others,93,▼,Xerox 1996,,0.464705882
Out, Profit ,Xerox 1996,All Others,93,▼,Xerox 1996,,81.9072
Out, Sales ,Xerox 1996,All Others,93,▼,Xerox 1996,,176.256
Out, Margin ,Xerox 1997,All Others,218,▼,Xerox 1997,,0.434782609
Out, Profit ,Xerox 1997,All Others,218,▼,Xerox 1997,,77.76
Out, Sales ,Xerox 1997,All Others,218,▼,Xerox 1997,,178.848
Out, Margin ,Xerox 1998,All Others,491,▼,Xerox 1998,,0.35
Out, Profit ,Xerox 1998,All Others,491,▼,Xerox 1998,,16.3296
Out, Sales ,Xerox 1998,All Others,491,▼,Xerox 1998,,46.656
Out, Margin ,Xerox 1999,All Others,296,▼,Xerox 1999,,0.418421053
Out, Profit ,Xerox 1999,All Others,296,▼,Xerox 1999,,41.2128
Out, Sales ,Xerox 1999,All Others,296,▼,Xerox 1999,,98.496
Out, Margin ,Xerox 2000,All Others,195,▼,Xerox 2000,,0.44
Out, Profit ,Xerox 2000,All Others,195,▼,Xerox 2000,,37.0656
Out, Sales ,Xerox 2000,All Others,195,▼,Xerox 2000,,84.24
Out, Margin ,Xerox 4200 Series MultiUse Premium Copy Paper (20Lb. and 84 Bright),All Others,429,▼,Xerox 4200 Series MultiUse Premium Copy Paper (20Lb. and 84 Bright),,0.375
Out, Profit ,Xerox 4200 Series MultiUse Premium Copy Paper (20Lb. and 84 Bright),All Others,429,▼,Xerox 4200 Series MultiUse Premium Copy Paper (20Lb. and 84 Bright),,52.272
Out, Sales ,Xerox 4200 Series MultiUse Premium Copy Paper (20Lb. and 84 Bright),All Others,429,▼,Xerox 4200 Series MultiUse Premium Copy Paper (20Lb. and 84 Bright),,139.392
Out, Margin ,Xerox Blank Computer Paper,All Others,76,▼,Xerox Blank Computer Paper,,0.47
Out, Profit ,Xerox Blank Computer Paper,All Others,76,▼,Xerox Blank Computer Paper,,46.953
Out, Sales ,Xerox Blank Computer Paper,All Others,76,▼,Xerox Blank Computer Paper,,99.9
Out, Margin ,"Xerox Color Copier Paper, 11"" x 17"", Ream",All Others,198,▼,"Xerox Color Copier Paper, 11"" x 17"", Ream",,0.439230769
Out, Profit ,"Xerox Color Copier Paper, 11"" x 17"", Ream",All Others,198,▼,"Xerox Color Copier Paper, 11"" x 17"", Ream",,260.8328
Out, Sales ,"Xerox Color Copier Paper, 11"" x 17"", Ream",All Others,198,▼,"Xerox Color Copier Paper, 11"" x 17"", Ream",,593.84
Out, Margin ,Xerox WorkCentre 6505DN Laser Multifunction Printer,All Others,"1,357",▼,Xerox WorkCentre 6505DN Laser Multifunction Printer,,-0.1
Out, Profit ,Xerox WorkCentre 6505DN Laser Multifunction Printer,All Others,"1,357",▼,Xerox WorkCentre 6505DN Laser Multifunction Printer,,-251.9958
Out, Sales ,Xerox WorkCentre 6505DN Laser Multifunction Printer,All Others,"1,357",▼,Xerox WorkCentre 6505DN Laser Multifunction Printer,,"2,519.958"
Out, Margin ,"XtraLife ClearVue Slant-D Ring Binder, White, 3""",All Others,873,▼,"XtraLife ClearVue Slant-D Ring Binder, White, 3""",,0.199239544
Out, Profit ,"XtraLife ClearVue Slant-D Ring Binder, White, 3""",All Others,873,▼,"XtraLife ClearVue Slant-D Ring Binder, White, 3""",,76.9232
Out, Sales ,"XtraLife ClearVue Slant-D Ring Binder, White, 3""",All Others,873,▼,"XtraLife ClearVue Slant-D Ring Binder, White, 3""",,386.084
Out, Margin ,XtraLife ClearVue Slant-D Ring Binders by Cardinal,All Others,"1,417",▼,XtraLife ClearVue Slant-D Ring Binders by Cardinal,,-0.182795699
Out, Profit ,XtraLife ClearVue Slant-D Ring Binders by Cardinal,All Others,"1,417",▼,XtraLife ClearVue Slant-D Ring Binders by Cardinal,,-13.328
Out, Sales ,XtraLife ClearVue Slant-D Ring Binders by Cardinal,All Others,"1,417",▼,XtraLife ClearVue Slant-D Ring Binders by Cardinal,,72.912
Out, Margin ,Zebra GK420t Direct Thermal/Thermal Transfer Printer,All Others,"1,497",▼,Zebra GK420t Direct Thermal/Thermal Transfer Printer,,-1.333333333
Out, Profit ,Zebra GK420t Direct Thermal/Thermal Transfer Printer,All Others,"1,497",▼,Zebra GK420t Direct Thermal/Thermal Transfer Printer,,-938.28
Out, Sales ,Zebra GK420t Direct Thermal/Thermal Transfer Printer,All Others,"1,497",▼,Zebra GK420t Direct Thermal/Thermal Transfer Printer,,703.71
Out, Margin ,Zebra GX420t Direct Thermal/Thermal Transfer Printer,All Others,"1,112",▼,Zebra GX420t Direct Thermal/Thermal Transfer Printer,,0.088073394
Out, Profit ,Zebra GX420t Direct Thermal/Thermal Transfer Printer,All Others,"1,112",▼,Zebra GX420t Direct Thermal/Thermal Transfer Printer,,509.712000000
Out, Sales ,Zebra GX420t Direct Thermal/Thermal Transfer Printer,All Others,"1,112",▼,Zebra GX420t Direct Thermal/Thermal Transfer Printer,,"5,787.355"
Out, Margin ,Zebra Zazzle Fluorescent Highlighters,All Others,861,▼,Zebra Zazzle Fluorescent Highlighters,,0.204819277
Out, Profit ,Zebra Zazzle Fluorescent Highlighters,All Others,861,▼,Zebra Zazzle Fluorescent Highlighters,,20.672
Out, Sales ,Zebra Zazzle Fluorescent Highlighters,All Others,861,▼,Zebra Zazzle Fluorescent Highlighters,,100.928
Out, Margin ,Zebra ZM400 Thermal Label Printer,All Others,42,▼,Zebra ZM400 Thermal Label Printer,,0.48
Out, Profit ,Zebra ZM400 Thermal Label Printer,All Others,42,▼,Zebra ZM400 Thermal Label Printer,,"3,343.536"
Out, Sales ,Zebra ZM400 Thermal Label Printer,All Others,42,▼,Zebra ZM400 Thermal Label Printer,,"6,965.7"
Out, Margin ,Zipper Ring Binder Pockets,All Others,"1,006",▼,Zipper Ring Binder Pockets,,0.143511450
Out, Profit ,Zipper Ring Binder Pockets,All Others,"1,006",▼,Zipper Ring Binder Pockets,,11.7312
Out, Sales ,Zipper Ring Binder Pockets,All Others,"1,006",▼,Zipper Ring Binder Pockets,,81.744
Out, Margin ,All,All Others,All,All,All,,0.087455676
Out, Profit ,All,All Others,All,All,All,,"144,326.8305"
Out, Sales ,All,All Others,All,All,All,,"1,650,285.4583"
