Date To,Date to Plot,Measure Names,Year,Within STD Limits?,Measure Values
1/7/2018,01 January 2018,Number of Complaints,2018,False,166
1/7/2018,01 January 2018,"Avg Complaints Per Year along Date to Plot, Date To",2018,False,218.660377358
1/7/2018,01 January 2018,"Upper Limit along Date to Plot, Date To",2018,False,265.421613522
1/7/2018,01 January 2018,"Lower Limit along Date to Plot, Date To",2018,False,171.899141195
1/7/2018,01 January 2018,Number of Complaints,2019,,
1/7/2018,01 January 2018,"Avg Complaints Per Year along Date to Plot, Date To",2019,,192.923076923
1/7/2018,01 January 2018,"Upper Limit along Date to Plot, Date To",2019,,218.280015993
1/7/2018,01 January 2018,"Lower Limit along Date to Plot, Date To",2019,,167.566137854
1/7/2018,01 January 2018,Number of Complaints,2020,,
1/7/2018,01 January 2018,"Avg Complaints Per Year along Date to Plot, Date To",2020,,194.512195122
1/7/2018,01 January 2018,"Upper Limit along Date to Plot, Date To",2020,,244.317878508
1/7/2018,01 January 2018,"Lower Limit along Date to Plot, Date To",2020,,144.706511736
1/14/2018,08 January 2018,Number of Complaints,2018,False,167
1/14/2018,08 January 2018,"Avg Complaints Per Year along Date to Plot, Date To",2018,False,218.660377358
1/14/2018,08 January 2018,"Upper Limit along Date to Plot, Date To",2018,False,265.421613522
1/14/2018,08 January 2018,"Lower Limit along Date to Plot, Date To",2018,False,171.899141195
1/14/2018,08 January 2018,Number of Complaints,2019,,
1/14/2018,08 January 2018,"Avg Complaints Per Year along Date to Plot, Date To",2019,,192.923076923
1/14/2018,08 January 2018,"Upper Limit along Date to Plot, Date To",2019,,218.280015993
1/14/2018,08 January 2018,"Lower Limit along Date to Plot, Date To",2019,,167.566137854
1/14/2018,08 January 2018,Number of Complaints,2020,,
1/14/2018,08 January 2018,"Avg Complaints Per Year along Date to Plot, Date To",2020,,194.512195122
1/14/2018,08 January 2018,"Upper Limit along Date to Plot, Date To",2020,,244.317878508
1/14/2018,08 January 2018,"Lower Limit along Date to Plot, Date To",2020,,144.706511736
1/21/2018,15 January 2018,Number of Complaints,2018,True,173
1/21/2018,15 January 2018,"Avg Complaints Per Year along Date to Plot, Date To",2018,True,218.660377358
1/21/2018,15 January 2018,"Upper Limit along Date to Plot, Date To",2018,True,265.421613522
1/21/2018,15 January 2018,"Lower Limit along Date to Plot, Date To",2018,True,171.899141195
1/21/2018,15 January 2018,Number of Complaints,2019,,
1/21/2018,15 January 2018,"Avg Complaints Per Year along Date to Plot, Date To",2019,,192.923076923
1/21/2018,15 January 2018,"Upper Limit along Date to Plot, Date To",2019,,218.280015993
1/21/2018,15 January 2018,"Lower Limit along Date to Plot, Date To",2019,,167.566137854
1/21/2018,15 January 2018,Number of Complaints,2020,,
1/21/2018,15 January 2018,"Avg Complaints Per Year along Date to Plot, Date To",2020,,194.512195122
1/21/2018,15 January 2018,"Upper Limit along Date to Plot, Date To",2020,,244.317878508
1/21/2018,15 January 2018,"Lower Limit along Date to Plot, Date To",2020,,144.706511736
1/28/2018,22 January 2018,Number of Complaints,2018,True,208
1/28/2018,22 January 2018,"Avg Complaints Per Year along Date to Plot, Date To",2018,True,218.660377358
1/28/2018,22 January 2018,"Upper Limit along Date to Plot, Date To",2018,True,265.421613522
1/28/2018,22 January 2018,"Lower Limit along Date to Plot, Date To",2018,True,171.899141195
1/28/2018,22 January 2018,Number of Complaints,2019,,
1/28/2018,22 January 2018,"Avg Complaints Per Year along Date to Plot, Date To",2019,,192.923076923
1/28/2018,22 January 2018,"Upper Limit along Date to Plot, Date To",2019,,218.280015993
1/28/2018,22 January 2018,"Lower Limit along Date to Plot, Date To",2019,,167.566137854
1/28/2018,22 January 2018,Number of Complaints,2020,,
1/28/2018,22 January 2018,"Avg Complaints Per Year along Date to Plot, Date To",2020,,194.512195122
1/28/2018,22 January 2018,"Upper Limit along Date to Plot, Date To",2020,,244.317878508
1/28/2018,22 January 2018,"Lower Limit along Date to Plot, Date To",2020,,144.706511736
2/4/2018,29 January 2018,Number of Complaints,2018,True,226
2/4/2018,29 January 2018,"Avg Complaints Per Year along Date to Plot, Date To",2018,True,218.660377358
2/4/2018,29 January 2018,"Upper Limit along Date to Plot, Date To",2018,True,265.421613522
2/4/2018,29 January 2018,"Lower Limit along Date to Plot, Date To",2018,True,171.899141195
2/4/2018,29 January 2018,Number of Complaints,2019,,
2/4/2018,29 January 2018,"Avg Complaints Per Year along Date to Plot, Date To",2019,,192.923076923
2/4/2018,29 January 2018,"Upper Limit along Date to Plot, Date To",2019,,218.280015993
2/4/2018,29 January 2018,"Lower Limit along Date to Plot, Date To",2019,,167.566137854
2/4/2018,29 January 2018,Number of Complaints,2020,,
2/4/2018,29 January 2018,"Avg Complaints Per Year along Date to Plot, Date To",2020,,194.512195122
2/4/2018,29 January 2018,"Upper Limit along Date to Plot, Date To",2020,,244.317878508
2/4/2018,29 January 2018,"Lower Limit along Date to Plot, Date To",2020,,144.706511736
2/11/2018,05 February 2018,Number of Complaints,2018,True,203
2/11/2018,05 February 2018,"Avg Complaints Per Year along Date to Plot, Date To",2018,True,218.660377358
2/11/2018,05 February 2018,"Upper Limit along Date to Plot, Date To",2018,True,265.421613522
2/11/2018,05 February 2018,"Lower Limit along Date to Plot, Date To",2018,True,171.899141195
2/11/2018,05 February 2018,Number of Complaints,2019,,
2/11/2018,05 February 2018,"Avg Complaints Per Year along Date to Plot, Date To",2019,,192.923076923
2/11/2018,05 February 2018,"Upper Limit along Date to Plot, Date To",2019,,218.280015993
2/11/2018,05 February 2018,"Lower Limit along Date to Plot, Date To",2019,,167.566137854
2/11/2018,05 February 2018,Number of Complaints,2020,,
2/11/2018,05 February 2018,"Avg Complaints Per Year along Date to Plot, Date To",2020,,194.512195122
2/11/2018,05 February 2018,"Upper Limit along Date to Plot, Date To",2020,,244.317878508
2/11/2018,05 February 2018,"Lower Limit along Date to Plot, Date To",2020,,144.706511736
2/18/2018,12 February 2018,Number of Complaints,2018,True,229
2/18/2018,12 February 2018,"Avg Complaints Per Year along Date to Plot, Date To",2018,True,218.660377358
2/18/2018,12 February 2018,"Upper Limit along Date to Plot, Date To",2018,True,265.421613522
2/18/2018,12 February 2018,"Lower Limit along Date to Plot, Date To",2018,True,171.899141195
2/18/2018,12 February 2018,Number of Complaints,2019,,
2/18/2018,12 February 2018,"Avg Complaints Per Year along Date to Plot, Date To",2019,,192.923076923
2/18/2018,12 February 2018,"Upper Limit along Date to Plot, Date To",2019,,218.280015993
2/18/2018,12 February 2018,"Lower Limit along Date to Plot, Date To",2019,,167.566137854
2/18/2018,12 February 2018,Number of Complaints,2020,,
2/18/2018,12 February 2018,"Avg Complaints Per Year along Date to Plot, Date To",2020,,194.512195122
2/18/2018,12 February 2018,"Upper Limit along Date to Plot, Date To",2020,,244.317878508
2/18/2018,12 February 2018,"Lower Limit along Date to Plot, Date To",2020,,144.706511736
2/25/2018,19 February 2018,Number of Complaints,2018,True,192
2/25/2018,19 February 2018,"Avg Complaints Per Year along Date to Plot, Date To",2018,True,218.660377358
2/25/2018,19 February 2018,"Upper Limit along Date to Plot, Date To",2018,True,265.421613522
2/25/2018,19 February 2018,"Lower Limit along Date to Plot, Date To",2018,True,171.899141195
2/25/2018,19 February 2018,Number of Complaints,2019,,
2/25/2018,19 February 2018,"Avg Complaints Per Year along Date to Plot, Date To",2019,,192.923076923
2/25/2018,19 February 2018,"Upper Limit along Date to Plot, Date To",2019,,218.280015993
2/25/2018,19 February 2018,"Lower Limit along Date to Plot, Date To",2019,,167.566137854
2/25/2018,19 February 2018,Number of Complaints,2020,,
2/25/2018,19 February 2018,"Avg Complaints Per Year along Date to Plot, Date To",2020,,194.512195122
2/25/2018,19 February 2018,"Upper Limit along Date to Plot, Date To",2020,,244.317878508
2/25/2018,19 February 2018,"Lower Limit along Date to Plot, Date To",2020,,144.706511736
3/4/2018,26 February 2018,Number of Complaints,2018,True,235
3/4/2018,26 February 2018,"Avg Complaints Per Year along Date to Plot, Date To",2018,True,218.660377358
3/4/2018,26 February 2018,"Upper Limit along Date to Plot, Date To",2018,True,265.421613522
3/4/2018,26 February 2018,"Lower Limit along Date to Plot, Date To",2018,True,171.899141195
3/4/2018,26 February 2018,Number of Complaints,2019,,
3/4/2018,26 February 2018,"Avg Complaints Per Year along Date to Plot, Date To",2019,,192.923076923
3/4/2018,26 February 2018,"Upper Limit along Date to Plot, Date To",2019,,218.280015993
3/4/2018,26 February 2018,"Lower Limit along Date to Plot, Date To",2019,,167.566137854
3/4/2018,26 February 2018,Number of Complaints,2020,,
3/4/2018,26 February 2018,"Avg Complaints Per Year along Date to Plot, Date To",2020,,194.512195122
3/4/2018,26 February 2018,"Upper Limit along Date to Plot, Date To",2020,,244.317878508
3/4/2018,26 February 2018,"Lower Limit along Date to Plot, Date To",2020,,144.706511736
3/11/2018,05 March 2018,Number of Complaints,2018,True,226
3/11/2018,05 March 2018,"Avg Complaints Per Year along Date to Plot, Date To",2018,True,218.660377358
3/11/2018,05 March 2018,"Upper Limit along Date to Plot, Date To",2018,True,265.421613522
3/11/2018,05 March 2018,"Lower Limit along Date to Plot, Date To",2018,True,171.899141195
3/11/2018,05 March 2018,Number of Complaints,2019,,
3/11/2018,05 March 2018,"Avg Complaints Per Year along Date to Plot, Date To",2019,,192.923076923
3/11/2018,05 March 2018,"Upper Limit along Date to Plot, Date To",2019,,218.280015993
3/11/2018,05 March 2018,"Lower Limit along Date to Plot, Date To",2019,,167.566137854
3/11/2018,05 March 2018,Number of Complaints,2020,,
3/11/2018,05 March 2018,"Avg Complaints Per Year along Date to Plot, Date To",2020,,194.512195122
3/11/2018,05 March 2018,"Upper Limit along Date to Plot, Date To",2020,,244.317878508
3/11/2018,05 March 2018,"Lower Limit along Date to Plot, Date To",2020,,144.706511736
3/18/2018,12 March 2018,Number of Complaints,2018,True,213
3/18/2018,12 March 2018,"Avg Complaints Per Year along Date to Plot, Date To",2018,True,218.660377358
3/18/2018,12 March 2018,"Upper Limit along Date to Plot, Date To",2018,True,265.421613522
3/18/2018,12 March 2018,"Lower Limit along Date to Plot, Date To",2018,True,171.899141195
3/18/2018,12 March 2018,Number of Complaints,2019,,
3/18/2018,12 March 2018,"Avg Complaints Per Year along Date to Plot, Date To",2019,,192.923076923
3/18/2018,12 March 2018,"Upper Limit along Date to Plot, Date To",2019,,218.280015993
3/18/2018,12 March 2018,"Lower Limit along Date to Plot, Date To",2019,,167.566137854
3/18/2018,12 March 2018,Number of Complaints,2020,,
3/18/2018,12 March 2018,"Avg Complaints Per Year along Date to Plot, Date To",2020,,194.512195122
3/18/2018,12 March 2018,"Upper Limit along Date to Plot, Date To",2020,,244.317878508
3/18/2018,12 March 2018,"Lower Limit along Date to Plot, Date To",2020,,144.706511736
3/25/2018,19 March 2018,Number of Complaints,2018,True,245
3/25/2018,19 March 2018,"Avg Complaints Per Year along Date to Plot, Date To",2018,True,218.660377358
3/25/2018,19 March 2018,"Upper Limit along Date to Plot, Date To",2018,True,265.421613522
3/25/2018,19 March 2018,"Lower Limit along Date to Plot, Date To",2018,True,171.899141195
3/25/2018,19 March 2018,Number of Complaints,2019,,
3/25/2018,19 March 2018,"Avg Complaints Per Year along Date to Plot, Date To",2019,,192.923076923
3/25/2018,19 March 2018,"Upper Limit along Date to Plot, Date To",2019,,218.280015993
3/25/2018,19 March 2018,"Lower Limit along Date to Plot, Date To",2019,,167.566137854
3/25/2018,19 March 2018,Number of Complaints,2020,,
3/25/2018,19 March 2018,"Avg Complaints Per Year along Date to Plot, Date To",2020,,194.512195122
3/25/2018,19 March 2018,"Upper Limit along Date to Plot, Date To",2020,,244.317878508
3/25/2018,19 March 2018,"Lower Limit along Date to Plot, Date To",2020,,144.706511736
4/1/2018,26 March 2018,Number of Complaints,2018,True,245
4/1/2018,26 March 2018,"Avg Complaints Per Year along Date to Plot, Date To",2018,True,218.660377358
4/1/2018,26 March 2018,"Upper Limit along Date to Plot, Date To",2018,True,265.421613522
4/1/2018,26 March 2018,"Lower Limit along Date to Plot, Date To",2018,True,171.899141195
4/1/2018,26 March 2018,Number of Complaints,2019,,
4/1/2018,26 March 2018,"Avg Complaints Per Year along Date to Plot, Date To",2019,,192.923076923
4/1/2018,26 March 2018,"Upper Limit along Date to Plot, Date To",2019,,218.280015993
4/1/2018,26 March 2018,"Lower Limit along Date to Plot, Date To",2019,,167.566137854
4/1/2018,26 March 2018,Number of Complaints,2020,,
4/1/2018,26 March 2018,"Avg Complaints Per Year along Date to Plot, Date To",2020,,194.512195122
4/1/2018,26 March 2018,"Upper Limit along Date to Plot, Date To",2020,,244.317878508
4/1/2018,26 March 2018,"Lower Limit along Date to Plot, Date To",2020,,144.706511736
4/8/2018,02 April 2018,Number of Complaints,2018,False,484
4/8/2018,02 April 2018,"Avg Complaints Per Year along Date to Plot, Date To",2018,False,218.660377358
4/8/2018,02 April 2018,"Upper Limit along Date to Plot, Date To",2018,False,265.421613522
4/8/2018,02 April 2018,"Lower Limit along Date to Plot, Date To",2018,False,171.899141195
4/8/2018,02 April 2018,Number of Complaints,2019,,
4/8/2018,02 April 2018,"Avg Complaints Per Year along Date to Plot, Date To",2019,,192.923076923
4/8/2018,02 April 2018,"Upper Limit along Date to Plot, Date To",2019,,218.280015993
4/8/2018,02 April 2018,"Lower Limit along Date to Plot, Date To",2019,,167.566137854
4/8/2018,02 April 2018,Number of Complaints,2020,,
4/8/2018,02 April 2018,"Avg Complaints Per Year along Date to Plot, Date To",2020,,194.512195122
4/8/2018,02 April 2018,"Upper Limit along Date to Plot, Date To",2020,,244.317878508
4/8/2018,02 April 2018,"Lower Limit along Date to Plot, Date To",2020,,144.706511736
4/15/2018,09 April 2018,Number of Complaints,2018,True,216
4/15/2018,09 April 2018,"Avg Complaints Per Year along Date to Plot, Date To",2018,True,218.660377358
4/15/2018,09 April 2018,"Upper Limit along Date to Plot, Date To",2018,True,265.421613522
4/15/2018,09 April 2018,"Lower Limit along Date to Plot, Date To",2018,True,171.899141195
4/15/2018,09 April 2018,Number of Complaints,2019,,
4/15/2018,09 April 2018,"Avg Complaints Per Year along Date to Plot, Date To",2019,,192.923076923
4/15/2018,09 April 2018,"Upper Limit along Date to Plot, Date To",2019,,218.280015993
4/15/2018,09 April 2018,"Lower Limit along Date to Plot, Date To",2019,,167.566137854
4/15/2018,09 April 2018,Number of Complaints,2020,,
4/15/2018,09 April 2018,"Avg Complaints Per Year along Date to Plot, Date To",2020,,194.512195122
4/15/2018,09 April 2018,"Upper Limit along Date to Plot, Date To",2020,,244.317878508
4/15/2018,09 April 2018,"Lower Limit along Date to Plot, Date To",2020,,144.706511736
4/22/2018,16 April 2018,Number of Complaints,2018,False,288
4/22/2018,16 April 2018,"Avg Complaints Per Year along Date to Plot, Date To",2018,False,218.660377358
4/22/2018,16 April 2018,"Upper Limit along Date to Plot, Date To",2018,False,265.421613522
4/22/2018,16 April 2018,"Lower Limit along Date to Plot, Date To",2018,False,171.899141195
4/22/2018,16 April 2018,Number of Complaints,2019,,
4/22/2018,16 April 2018,"Avg Complaints Per Year along Date to Plot, Date To",2019,,192.923076923
4/22/2018,16 April 2018,"Upper Limit along Date to Plot, Date To",2019,,218.280015993
4/22/2018,16 April 2018,"Lower Limit along Date to Plot, Date To",2019,,167.566137854
4/22/2018,16 April 2018,Number of Complaints,2020,,
4/22/2018,16 April 2018,"Avg Complaints Per Year along Date to Plot, Date To",2020,,194.512195122
4/22/2018,16 April 2018,"Upper Limit along Date to Plot, Date To",2020,,244.317878508
4/22/2018,16 April 2018,"Lower Limit along Date to Plot, Date To",2020,,144.706511736
4/29/2018,23 April 2018,Number of Complaints,2018,False,277
4/29/2018,23 April 2018,"Avg Complaints Per Year along Date to Plot, Date To",2018,False,218.660377358
4/29/2018,23 April 2018,"Upper Limit along Date to Plot, Date To",2018,False,265.421613522
4/29/2018,23 April 2018,"Lower Limit along Date to Plot, Date To",2018,False,171.899141195
4/29/2018,23 April 2018,Number of Complaints,2019,,
4/29/2018,23 April 2018,"Avg Complaints Per Year along Date to Plot, Date To",2019,,192.923076923
4/29/2018,23 April 2018,"Upper Limit along Date to Plot, Date To",2019,,218.280015993
4/29/2018,23 April 2018,"Lower Limit along Date to Plot, Date To",2019,,167.566137854
4/29/2018,23 April 2018,Number of Complaints,2020,,
4/29/2018,23 April 2018,"Avg Complaints Per Year along Date to Plot, Date To",2020,,194.512195122
4/29/2018,23 April 2018,"Upper Limit along Date to Plot, Date To",2020,,244.317878508
4/29/2018,23 April 2018,"Lower Limit along Date to Plot, Date To",2020,,144.706511736
5/6/2018,30 April 2018,Number of Complaints,2018,True,255
5/6/2018,30 April 2018,"Avg Complaints Per Year along Date to Plot, Date To",2018,True,218.660377358
5/6/2018,30 April 2018,"Upper Limit along Date to Plot, Date To",2018,True,265.421613522
5/6/2018,30 April 2018,"Lower Limit along Date to Plot, Date To",2018,True,171.899141195
5/6/2018,30 April 2018,Number of Complaints,2019,,
5/6/2018,30 April 2018,"Avg Complaints Per Year along Date to Plot, Date To",2019,,192.923076923
5/6/2018,30 April 2018,"Upper Limit along Date to Plot, Date To",2019,,218.280015993
5/6/2018,30 April 2018,"Lower Limit along Date to Plot, Date To",2019,,167.566137854
5/6/2018,30 April 2018,Number of Complaints,2020,,
5/6/2018,30 April 2018,"Avg Complaints Per Year along Date to Plot, Date To",2020,,194.512195122
5/6/2018,30 April 2018,"Upper Limit along Date to Plot, Date To",2020,,244.317878508
5/6/2018,30 April 2018,"Lower Limit along Date to Plot, Date To",2020,,144.706511736
5/13/2018,07 May 2018,Number of Complaints,2018,False,273
5/13/2018,07 May 2018,"Avg Complaints Per Year along Date to Plot, Date To",2018,False,218.660377358
5/13/2018,07 May 2018,"Upper Limit along Date to Plot, Date To",2018,False,265.421613522
5/13/2018,07 May 2018,"Lower Limit along Date to Plot, Date To",2018,False,171.899141195
5/13/2018,07 May 2018,Number of Complaints,2019,,
5/13/2018,07 May 2018,"Avg Complaints Per Year along Date to Plot, Date To",2019,,192.923076923
5/13/2018,07 May 2018,"Upper Limit along Date to Plot, Date To",2019,,218.280015993
5/13/2018,07 May 2018,"Lower Limit along Date to Plot, Date To",2019,,167.566137854
5/13/2018,07 May 2018,Number of Complaints,2020,,
5/13/2018,07 May 2018,"Avg Complaints Per Year along Date to Plot, Date To",2020,,194.512195122
5/13/2018,07 May 2018,"Upper Limit along Date to Plot, Date To",2020,,244.317878508
5/13/2018,07 May 2018,"Lower Limit along Date to Plot, Date To",2020,,144.706511736
5/20/2018,14 May 2018,Number of Complaints,2018,True,245
5/20/2018,14 May 2018,"Avg Complaints Per Year along Date to Plot, Date To",2018,True,218.660377358
5/20/2018,14 May 2018,"Upper Limit along Date to Plot, Date To",2018,True,265.421613522
5/20/2018,14 May 2018,"Lower Limit along Date to Plot, Date To",2018,True,171.899141195
5/20/2018,14 May 2018,Number of Complaints,2019,,
5/20/2018,14 May 2018,"Avg Complaints Per Year along Date to Plot, Date To",2019,,192.923076923
5/20/2018,14 May 2018,"Upper Limit along Date to Plot, Date To",2019,,218.280015993
5/20/2018,14 May 2018,"Lower Limit along Date to Plot, Date To",2019,,167.566137854
5/20/2018,14 May 2018,Number of Complaints,2020,,
5/20/2018,14 May 2018,"Avg Complaints Per Year along Date to Plot, Date To",2020,,194.512195122
5/20/2018,14 May 2018,"Upper Limit along Date to Plot, Date To",2020,,244.317878508
5/20/2018,14 May 2018,"Lower Limit along Date to Plot, Date To",2020,,144.706511736
5/27/2018,21 May 2018,Number of Complaints,2018,True,245
5/27/2018,21 May 2018,"Avg Complaints Per Year along Date to Plot, Date To",2018,True,218.660377358
5/27/2018,21 May 2018,"Upper Limit along Date to Plot, Date To",2018,True,265.421613522
5/27/2018,21 May 2018,"Lower Limit along Date to Plot, Date To",2018,True,171.899141195
5/27/2018,21 May 2018,Number of Complaints,2019,,
5/27/2018,21 May 2018,"Avg Complaints Per Year along Date to Plot, Date To",2019,,192.923076923
5/27/2018,21 May 2018,"Upper Limit along Date to Plot, Date To",2019,,218.280015993
5/27/2018,21 May 2018,"Lower Limit along Date to Plot, Date To",2019,,167.566137854
5/27/2018,21 May 2018,Number of Complaints,2020,,
5/27/2018,21 May 2018,"Avg Complaints Per Year along Date to Plot, Date To",2020,,194.512195122
5/27/2018,21 May 2018,"Upper Limit along Date to Plot, Date To",2020,,244.317878508
5/27/2018,21 May 2018,"Lower Limit along Date to Plot, Date To",2020,,144.706511736
6/3/2018,28 May 2018,Number of Complaints,2018,True,194
6/3/2018,28 May 2018,"Avg Complaints Per Year along Date to Plot, Date To",2018,True,218.660377358
6/3/2018,28 May 2018,"Upper Limit along Date to Plot, Date To",2018,True,265.421613522
6/3/2018,28 May 2018,"Lower Limit along Date to Plot, Date To",2018,True,171.899141195
6/3/2018,28 May 2018,Number of Complaints,2019,,
6/3/2018,28 May 2018,"Avg Complaints Per Year along Date to Plot, Date To",2019,,192.923076923
6/3/2018,28 May 2018,"Upper Limit along Date to Plot, Date To",2019,,218.280015993
6/3/2018,28 May 2018,"Lower Limit along Date to Plot, Date To",2019,,167.566137854
6/3/2018,28 May 2018,Number of Complaints,2020,,
6/3/2018,28 May 2018,"Avg Complaints Per Year along Date to Plot, Date To",2020,,194.512195122
6/3/2018,28 May 2018,"Upper Limit along Date to Plot, Date To",2020,,244.317878508
6/3/2018,28 May 2018,"Lower Limit along Date to Plot, Date To",2020,,144.706511736
6/10/2018,04 June 2018,Number of Complaints,2018,True,240
6/10/2018,04 June 2018,"Avg Complaints Per Year along Date to Plot, Date To",2018,True,218.660377358
6/10/2018,04 June 2018,"Upper Limit along Date to Plot, Date To",2018,True,265.421613522
6/10/2018,04 June 2018,"Lower Limit along Date to Plot, Date To",2018,True,171.899141195
6/10/2018,04 June 2018,Number of Complaints,2019,,
6/10/2018,04 June 2018,"Avg Complaints Per Year along Date to Plot, Date To",2019,,192.923076923
6/10/2018,04 June 2018,"Upper Limit along Date to Plot, Date To",2019,,218.280015993
6/10/2018,04 June 2018,"Lower Limit along Date to Plot, Date To",2019,,167.566137854
6/10/2018,04 June 2018,Number of Complaints,2020,,
6/10/2018,04 June 2018,"Avg Complaints Per Year along Date to Plot, Date To",2020,,194.512195122
6/10/2018,04 June 2018,"Upper Limit along Date to Plot, Date To",2020,,244.317878508
6/10/2018,04 June 2018,"Lower Limit along Date to Plot, Date To",2020,,144.706511736
6/17/2018,11 June 2018,Number of Complaints,2018,True,206
6/17/2018,11 June 2018,"Avg Complaints Per Year along Date to Plot, Date To",2018,True,218.660377358
6/17/2018,11 June 2018,"Upper Limit along Date to Plot, Date To",2018,True,265.421613522
6/17/2018,11 June 2018,"Lower Limit along Date to Plot, Date To",2018,True,171.899141195
6/17/2018,11 June 2018,Number of Complaints,2019,,
6/17/2018,11 June 2018,"Avg Complaints Per Year along Date to Plot, Date To",2019,,192.923076923
6/17/2018,11 June 2018,"Upper Limit along Date to Plot, Date To",2019,,218.280015993
6/17/2018,11 June 2018,"Lower Limit along Date to Plot, Date To",2019,,167.566137854
6/17/2018,11 June 2018,Number of Complaints,2020,,
6/17/2018,11 June 2018,"Avg Complaints Per Year along Date to Plot, Date To",2020,,194.512195122
6/17/2018,11 June 2018,"Upper Limit along Date to Plot, Date To",2020,,244.317878508
6/17/2018,11 June 2018,"Lower Limit along Date to Plot, Date To",2020,,144.706511736
6/24/2018,18 June 2018,Number of Complaints,2018,True,174
6/24/2018,18 June 2018,"Avg Complaints Per Year along Date to Plot, Date To",2018,True,218.660377358
6/24/2018,18 June 2018,"Upper Limit along Date to Plot, Date To",2018,True,265.421613522
6/24/2018,18 June 2018,"Lower Limit along Date to Plot, Date To",2018,True,171.899141195
6/24/2018,18 June 2018,Number of Complaints,2019,,
6/24/2018,18 June 2018,"Avg Complaints Per Year along Date to Plot, Date To",2019,,192.923076923
6/24/2018,18 June 2018,"Upper Limit along Date to Plot, Date To",2019,,218.280015993
6/24/2018,18 June 2018,"Lower Limit along Date to Plot, Date To",2019,,167.566137854
6/24/2018,18 June 2018,Number of Complaints,2020,,
6/24/2018,18 June 2018,"Avg Complaints Per Year along Date to Plot, Date To",2020,,194.512195122
6/24/2018,18 June 2018,"Upper Limit along Date to Plot, Date To",2020,,244.317878508
6/24/2018,18 June 2018,"Lower Limit along Date to Plot, Date To",2020,,144.706511736
7/1/2018,25 June 2018,Number of Complaints,2018,True,213
7/1/2018,25 June 2018,"Avg Complaints Per Year along Date to Plot, Date To",2018,True,218.660377358
7/1/2018,25 June 2018,"Upper Limit along Date to Plot, Date To",2018,True,265.421613522
7/1/2018,25 June 2018,"Lower Limit along Date to Plot, Date To",2018,True,171.899141195
7/1/2018,25 June 2018,Number of Complaints,2019,,
7/1/2018,25 June 2018,"Avg Complaints Per Year along Date to Plot, Date To",2019,,192.923076923
7/1/2018,25 June 2018,"Upper Limit along Date to Plot, Date To",2019,,218.280015993
7/1/2018,25 June 2018,"Lower Limit along Date to Plot, Date To",2019,,167.566137854
7/1/2018,25 June 2018,Number of Complaints,2020,,
7/1/2018,25 June 2018,"Avg Complaints Per Year along Date to Plot, Date To",2020,,194.512195122
7/1/2018,25 June 2018,"Upper Limit along Date to Plot, Date To",2020,,244.317878508
7/1/2018,25 June 2018,"Lower Limit along Date to Plot, Date To",2020,,144.706511736
7/8/2018,02 July 2018,Number of Complaints,2018,True,201
7/8/2018,02 July 2018,"Avg Complaints Per Year along Date to Plot, Date To",2018,True,218.660377358
7/8/2018,02 July 2018,"Upper Limit along Date to Plot, Date To",2018,True,265.421613522
7/8/2018,02 July 2018,"Lower Limit along Date to Plot, Date To",2018,True,171.899141195
7/8/2018,02 July 2018,Number of Complaints,2019,,
7/8/2018,02 July 2018,"Avg Complaints Per Year along Date to Plot, Date To",2019,,192.923076923
7/8/2018,02 July 2018,"Upper Limit along Date to Plot, Date To",2019,,218.280015993
7/8/2018,02 July 2018,"Lower Limit along Date to Plot, Date To",2019,,167.566137854
7/8/2018,02 July 2018,Number of Complaints,2020,,
7/8/2018,02 July 2018,"Avg Complaints Per Year along Date to Plot, Date To",2020,,194.512195122
7/8/2018,02 July 2018,"Upper Limit along Date to Plot, Date To",2020,,244.317878508
7/8/2018,02 July 2018,"Lower Limit along Date to Plot, Date To",2020,,144.706511736
7/15/2018,09 July 2018,Number of Complaints,2018,True,209
7/15/2018,09 July 2018,"Avg Complaints Per Year along Date to Plot, Date To",2018,True,218.660377358
7/15/2018,09 July 2018,"Upper Limit along Date to Plot, Date To",2018,True,265.421613522
7/15/2018,09 July 2018,"Lower Limit along Date to Plot, Date To",2018,True,171.899141195
7/15/2018,09 July 2018,Number of Complaints,2019,,
7/15/2018,09 July 2018,"Avg Complaints Per Year along Date to Plot, Date To",2019,,192.923076923
7/15/2018,09 July 2018,"Upper Limit along Date to Plot, Date To",2019,,218.280015993
7/15/2018,09 July 2018,"Lower Limit along Date to Plot, Date To",2019,,167.566137854
7/15/2018,09 July 2018,Number of Complaints,2020,,
7/15/2018,09 July 2018,"Avg Complaints Per Year along Date to Plot, Date To",2020,,194.512195122
7/15/2018,09 July 2018,"Upper Limit along Date to Plot, Date To",2020,,244.317878508
7/15/2018,09 July 2018,"Lower Limit along Date to Plot, Date To",2020,,144.706511736
7/22/2018,16 July 2018,Number of Complaints,2018,True,228
7/22/2018,16 July 2018,"Avg Complaints Per Year along Date to Plot, Date To",2018,True,218.660377358
7/22/2018,16 July 2018,"Upper Limit along Date to Plot, Date To",2018,True,265.421613522
7/22/2018,16 July 2018,"Lower Limit along Date to Plot, Date To",2018,True,171.899141195
7/22/2018,16 July 2018,Number of Complaints,2019,,
7/22/2018,16 July 2018,"Avg Complaints Per Year along Date to Plot, Date To",2019,,192.923076923
7/22/2018,16 July 2018,"Upper Limit along Date to Plot, Date To",2019,,218.280015993
7/22/2018,16 July 2018,"Lower Limit along Date to Plot, Date To",2019,,167.566137854
7/22/2018,16 July 2018,Number of Complaints,2020,,
7/22/2018,16 July 2018,"Avg Complaints Per Year along Date to Plot, Date To",2020,,194.512195122
7/22/2018,16 July 2018,"Upper Limit along Date to Plot, Date To",2020,,244.317878508
7/22/2018,16 July 2018,"Lower Limit along Date to Plot, Date To",2020,,144.706511736
7/29/2018,23 July 2018,Number of Complaints,2018,True,239
7/29/2018,23 July 2018,"Avg Complaints Per Year along Date to Plot, Date To",2018,True,218.660377358
7/29/2018,23 July 2018,"Upper Limit along Date to Plot, Date To",2018,True,265.421613522
7/29/2018,23 July 2018,"Lower Limit along Date to Plot, Date To",2018,True,171.899141195
7/29/2018,23 July 2018,Number of Complaints,2019,,
7/29/2018,23 July 2018,"Avg Complaints Per Year along Date to Plot, Date To",2019,,192.923076923
7/29/2018,23 July 2018,"Upper Limit along Date to Plot, Date To",2019,,218.280015993
7/29/2018,23 July 2018,"Lower Limit along Date to Plot, Date To",2019,,167.566137854
7/29/2018,23 July 2018,Number of Complaints,2020,,
7/29/2018,23 July 2018,"Avg Complaints Per Year along Date to Plot, Date To",2020,,194.512195122
7/29/2018,23 July 2018,"Upper Limit along Date to Plot, Date To",2020,,244.317878508
7/29/2018,23 July 2018,"Lower Limit along Date to Plot, Date To",2020,,144.706511736
8/5/2018,30 July 2018,Number of Complaints,2018,True,238
8/5/2018,30 July 2018,"Avg Complaints Per Year along Date to Plot, Date To",2018,True,218.660377358
8/5/2018,30 July 2018,"Upper Limit along Date to Plot, Date To",2018,True,265.421613522
8/5/2018,30 July 2018,"Lower Limit along Date to Plot, Date To",2018,True,171.899141195
8/5/2018,30 July 2018,Number of Complaints,2019,,
8/5/2018,30 July 2018,"Avg Complaints Per Year along Date to Plot, Date To",2019,,192.923076923
8/5/2018,30 July 2018,"Upper Limit along Date to Plot, Date To",2019,,218.280015993
8/5/2018,30 July 2018,"Lower Limit along Date to Plot, Date To",2019,,167.566137854
8/5/2018,30 July 2018,Number of Complaints,2020,,
8/5/2018,30 July 2018,"Avg Complaints Per Year along Date to Plot, Date To",2020,,194.512195122
8/5/2018,30 July 2018,"Upper Limit along Date to Plot, Date To",2020,,244.317878508
8/5/2018,30 July 2018,"Lower Limit along Date to Plot, Date To",2020,,144.706511736
8/12/2018,06 August 2018,Number of Complaints,2018,True,223
8/12/2018,06 August 2018,"Avg Complaints Per Year along Date to Plot, Date To",2018,True,218.660377358
8/12/2018,06 August 2018,"Upper Limit along Date to Plot, Date To",2018,True,265.421613522
8/12/2018,06 August 2018,"Lower Limit along Date to Plot, Date To",2018,True,171.899141195
8/12/2018,06 August 2018,Number of Complaints,2019,,
8/12/2018,06 August 2018,"Avg Complaints Per Year along Date to Plot, Date To",2019,,192.923076923
8/12/2018,06 August 2018,"Upper Limit along Date to Plot, Date To",2019,,218.280015993
8/12/2018,06 August 2018,"Lower Limit along Date to Plot, Date To",2019,,167.566137854
8/12/2018,06 August 2018,Number of Complaints,2020,,
8/12/2018,06 August 2018,"Avg Complaints Per Year along Date to Plot, Date To",2020,,194.512195122
8/12/2018,06 August 2018,"Upper Limit along Date to Plot, Date To",2020,,244.317878508
8/12/2018,06 August 2018,"Lower Limit along Date to Plot, Date To",2020,,144.706511736
8/19/2018,13 August 2018,Number of Complaints,2018,True,201
8/19/2018,13 August 2018,"Avg Complaints Per Year along Date to Plot, Date To",2018,True,218.660377358
8/19/2018,13 August 2018,"Upper Limit along Date to Plot, Date To",2018,True,265.421613522
8/19/2018,13 August 2018,"Lower Limit along Date to Plot, Date To",2018,True,171.899141195
8/19/2018,13 August 2018,Number of Complaints,2019,,
8/19/2018,13 August 2018,"Avg Complaints Per Year along Date to Plot, Date To",2019,,192.923076923
8/19/2018,13 August 2018,"Upper Limit along Date to Plot, Date To",2019,,218.280015993
8/19/2018,13 August 2018,"Lower Limit along Date to Plot, Date To",2019,,167.566137854
8/19/2018,13 August 2018,Number of Complaints,2020,,
8/19/2018,13 August 2018,"Avg Complaints Per Year along Date to Plot, Date To",2020,,194.512195122
8/19/2018,13 August 2018,"Upper Limit along Date to Plot, Date To",2020,,244.317878508
8/19/2018,13 August 2018,"Lower Limit along Date to Plot, Date To",2020,,144.706511736
8/26/2018,20 August 2018,Number of Complaints,2018,True,217
8/26/2018,20 August 2018,"Avg Complaints Per Year along Date to Plot, Date To",2018,True,218.660377358
8/26/2018,20 August 2018,"Upper Limit along Date to Plot, Date To",2018,True,265.421613522
8/26/2018,20 August 2018,"Lower Limit along Date to Plot, Date To",2018,True,171.899141195
8/26/2018,20 August 2018,Number of Complaints,2019,,
8/26/2018,20 August 2018,"Avg Complaints Per Year along Date to Plot, Date To",2019,,192.923076923
8/26/2018,20 August 2018,"Upper Limit along Date to Plot, Date To",2019,,218.280015993
8/26/2018,20 August 2018,"Lower Limit along Date to Plot, Date To",2019,,167.566137854
8/26/2018,20 August 2018,Number of Complaints,2020,,
8/26/2018,20 August 2018,"Avg Complaints Per Year along Date to Plot, Date To",2020,,194.512195122
8/26/2018,20 August 2018,"Upper Limit along Date to Plot, Date To",2020,,244.317878508
8/26/2018,20 August 2018,"Lower Limit along Date to Plot, Date To",2020,,144.706511736
9/2/2018,27 August 2018,Number of Complaints,2018,True,217
9/2/2018,27 August 2018,"Avg Complaints Per Year along Date to Plot, Date To",2018,True,218.660377358
9/2/2018,27 August 2018,"Upper Limit along Date to Plot, Date To",2018,True,265.421613522
9/2/2018,27 August 2018,"Lower Limit along Date to Plot, Date To",2018,True,171.899141195
9/2/2018,27 August 2018,Number of Complaints,2019,,
9/2/2018,27 August 2018,"Avg Complaints Per Year along Date to Plot, Date To",2019,,192.923076923
9/2/2018,27 August 2018,"Upper Limit along Date to Plot, Date To",2019,,218.280015993
9/2/2018,27 August 2018,"Lower Limit along Date to Plot, Date To",2019,,167.566137854
9/2/2018,27 August 2018,Number of Complaints,2020,,
9/2/2018,27 August 2018,"Avg Complaints Per Year along Date to Plot, Date To",2020,,194.512195122
9/2/2018,27 August 2018,"Upper Limit along Date to Plot, Date To",2020,,244.317878508
9/2/2018,27 August 2018,"Lower Limit along Date to Plot, Date To",2020,,144.706511736
9/9/2018,03 September 2018,Number of Complaints,2018,True,243
9/9/2018,03 September 2018,"Avg Complaints Per Year along Date to Plot, Date To",2018,True,218.660377358
9/9/2018,03 September 2018,"Upper Limit along Date to Plot, Date To",2018,True,265.421613522
9/9/2018,03 September 2018,"Lower Limit along Date to Plot, Date To",2018,True,171.899141195
9/9/2018,03 September 2018,Number of Complaints,2019,,
9/9/2018,03 September 2018,"Avg Complaints Per Year along Date to Plot, Date To",2019,,192.923076923
9/9/2018,03 September 2018,"Upper Limit along Date to Plot, Date To",2019,,218.280015993
9/9/2018,03 September 2018,"Lower Limit along Date to Plot, Date To",2019,,167.566137854
9/9/2018,03 September 2018,Number of Complaints,2020,,
9/9/2018,03 September 2018,"Avg Complaints Per Year along Date to Plot, Date To",2020,,194.512195122
9/9/2018,03 September 2018,"Upper Limit along Date to Plot, Date To",2020,,244.317878508
9/9/2018,03 September 2018,"Lower Limit along Date to Plot, Date To",2020,,144.706511736
9/16/2018,10 September 2018,Number of Complaints,2018,True,211
9/16/2018,10 September 2018,"Avg Complaints Per Year along Date to Plot, Date To",2018,True,218.660377358
9/16/2018,10 September 2018,"Upper Limit along Date to Plot, Date To",2018,True,265.421613522
9/16/2018,10 September 2018,"Lower Limit along Date to Plot, Date To",2018,True,171.899141195
9/16/2018,10 September 2018,Number of Complaints,2019,,
9/16/2018,10 September 2018,"Avg Complaints Per Year along Date to Plot, Date To",2019,,192.923076923
9/16/2018,10 September 2018,"Upper Limit along Date to Plot, Date To",2019,,218.280015993
9/16/2018,10 September 2018,"Lower Limit along Date to Plot, Date To",2019,,167.566137854
9/16/2018,10 September 2018,Number of Complaints,2020,,
9/16/2018,10 September 2018,"Avg Complaints Per Year along Date to Plot, Date To",2020,,194.512195122
9/16/2018,10 September 2018,"Upper Limit along Date to Plot, Date To",2020,,244.317878508
9/16/2018,10 September 2018,"Lower Limit along Date to Plot, Date To",2020,,144.706511736
9/23/2018,17 September 2018,Number of Complaints,2018,True,222
9/23/2018,17 September 2018,"Avg Complaints Per Year along Date to Plot, Date To",2018,True,218.660377358
9/23/2018,17 September 2018,"Upper Limit along Date to Plot, Date To",2018,True,265.421613522
9/23/2018,17 September 2018,"Lower Limit along Date to Plot, Date To",2018,True,171.899141195
9/23/2018,17 September 2018,Number of Complaints,2019,,
9/23/2018,17 September 2018,"Avg Complaints Per Year along Date to Plot, Date To",2019,,192.923076923
9/23/2018,17 September 2018,"Upper Limit along Date to Plot, Date To",2019,,218.280015993
9/23/2018,17 September 2018,"Lower Limit along Date to Plot, Date To",2019,,167.566137854
9/23/2018,17 September 2018,Number of Complaints,2020,,
9/23/2018,17 September 2018,"Avg Complaints Per Year along Date to Plot, Date To",2020,,194.512195122
9/23/2018,17 September 2018,"Upper Limit along Date to Plot, Date To",2020,,244.317878508
9/23/2018,17 September 2018,"Lower Limit along Date to Plot, Date To",2020,,144.706511736
9/30/2018,24 September 2018,Number of Complaints,2018,True,196
9/30/2018,24 September 2018,"Avg Complaints Per Year along Date to Plot, Date To",2018,True,218.660377358
9/30/2018,24 September 2018,"Upper Limit along Date to Plot, Date To",2018,True,265.421613522
9/30/2018,24 September 2018,"Lower Limit along Date to Plot, Date To",2018,True,171.899141195
9/30/2018,24 September 2018,Number of Complaints,2019,,
9/30/2018,24 September 2018,"Avg Complaints Per Year along Date to Plot, Date To",2019,,192.923076923
9/30/2018,24 September 2018,"Upper Limit along Date to Plot, Date To",2019,,218.280015993
9/30/2018,24 September 2018,"Lower Limit along Date to Plot, Date To",2019,,167.566137854
9/30/2018,24 September 2018,Number of Complaints,2020,,
9/30/2018,24 September 2018,"Avg Complaints Per Year along Date to Plot, Date To",2020,,194.512195122
9/30/2018,24 September 2018,"Upper Limit along Date to Plot, Date To",2020,,244.317878508
9/30/2018,24 September 2018,"Lower Limit along Date to Plot, Date To",2020,,144.706511736
10/7/2018,01 October 2018,Number of Complaints,2018,True,187
10/7/2018,01 October 2018,"Avg Complaints Per Year along Date to Plot, Date To",2018,True,218.660377358
10/7/2018,01 October 2018,"Upper Limit along Date to Plot, Date To",2018,True,265.421613522
10/7/2018,01 October 2018,"Lower Limit along Date to Plot, Date To",2018,True,171.899141195
10/7/2018,01 October 2018,Number of Complaints,2019,,
10/7/2018,01 October 2018,"Avg Complaints Per Year along Date to Plot, Date To",2019,,192.923076923
10/7/2018,01 October 2018,"Upper Limit along Date to Plot, Date To",2019,,218.280015993
10/7/2018,01 October 2018,"Lower Limit along Date to Plot, Date To",2019,,167.566137854
10/7/2018,01 October 2018,Number of Complaints,2020,,
10/7/2018,01 October 2018,"Avg Complaints Per Year along Date to Plot, Date To",2020,,194.512195122
10/7/2018,01 October 2018,"Upper Limit along Date to Plot, Date To",2020,,244.317878508
10/7/2018,01 October 2018,"Lower Limit along Date to Plot, Date To",2020,,144.706511736
10/14/2018,08 October 2018,Number of Complaints,2018,True,183
10/14/2018,08 October 2018,"Avg Complaints Per Year along Date to Plot, Date To",2018,True,218.660377358
10/14/2018,08 October 2018,"Upper Limit along Date to Plot, Date To",2018,True,265.421613522
10/14/2018,08 October 2018,"Lower Limit along Date to Plot, Date To",2018,True,171.899141195
10/14/2018,08 October 2018,Number of Complaints,2019,,
10/14/2018,08 October 2018,"Avg Complaints Per Year along Date to Plot, Date To",2019,,192.923076923
10/14/2018,08 October 2018,"Upper Limit along Date to Plot, Date To",2019,,218.280015993
10/14/2018,08 October 2018,"Lower Limit along Date to Plot, Date To",2019,,167.566137854
10/14/2018,08 October 2018,Number of Complaints,2020,,
10/14/2018,08 October 2018,"Avg Complaints Per Year along Date to Plot, Date To",2020,,194.512195122
10/14/2018,08 October 2018,"Upper Limit along Date to Plot, Date To",2020,,244.317878508
10/14/2018,08 October 2018,"Lower Limit along Date to Plot, Date To",2020,,144.706511736
10/21/2018,15 October 2018,Number of Complaints,2018,True,217
10/21/2018,15 October 2018,"Avg Complaints Per Year along Date to Plot, Date To",2018,True,218.660377358
10/21/2018,15 October 2018,"Upper Limit along Date to Plot, Date To",2018,True,265.421613522
10/21/2018,15 October 2018,"Lower Limit along Date to Plot, Date To",2018,True,171.899141195
10/21/2018,15 October 2018,Number of Complaints,2019,,
10/21/2018,15 October 2018,"Avg Complaints Per Year along Date to Plot, Date To",2019,,192.923076923
10/21/2018,15 October 2018,"Upper Limit along Date to Plot, Date To",2019,,218.280015993
10/21/2018,15 October 2018,"Lower Limit along Date to Plot, Date To",2019,,167.566137854
10/21/2018,15 October 2018,Number of Complaints,2020,,
10/21/2018,15 October 2018,"Avg Complaints Per Year along Date to Plot, Date To",2020,,194.512195122
10/21/2018,15 October 2018,"Upper Limit along Date to Plot, Date To",2020,,244.317878508
10/21/2018,15 October 2018,"Lower Limit along Date to Plot, Date To",2020,,144.706511736
10/28/2018,22 October 2018,Number of Complaints,2018,True,196
10/28/2018,22 October 2018,"Avg Complaints Per Year along Date to Plot, Date To",2018,True,218.660377358
10/28/2018,22 October 2018,"Upper Limit along Date to Plot, Date To",2018,True,265.421613522
10/28/2018,22 October 2018,"Lower Limit along Date to Plot, Date To",2018,True,171.899141195
10/28/2018,22 October 2018,Number of Complaints,2019,,
10/28/2018,22 October 2018,"Avg Complaints Per Year along Date to Plot, Date To",2019,,192.923076923
10/28/2018,22 October 2018,"Upper Limit along Date to Plot, Date To",2019,,218.280015993
10/28/2018,22 October 2018,"Lower Limit along Date to Plot, Date To",2019,,167.566137854
10/28/2018,22 October 2018,Number of Complaints,2020,,
10/28/2018,22 October 2018,"Avg Complaints Per Year along Date to Plot, Date To",2020,,194.512195122
10/28/2018,22 October 2018,"Upper Limit along Date to Plot, Date To",2020,,244.317878508
10/28/2018,22 October 2018,"Lower Limit along Date to Plot, Date To",2020,,144.706511736
11/4/2018,29 October 2018,Number of Complaints,2018,True,215
11/4/2018,29 October 2018,"Avg Complaints Per Year along Date to Plot, Date To",2018,True,218.660377358
11/4/2018,29 October 2018,"Upper Limit along Date to Plot, Date To",2018,True,265.421613522
11/4/2018,29 October 2018,"Lower Limit along Date to Plot, Date To",2018,True,171.899141195
11/4/2018,29 October 2018,Number of Complaints,2019,,
11/4/2018,29 October 2018,"Avg Complaints Per Year along Date to Plot, Date To",2019,,192.923076923
11/4/2018,29 October 2018,"Upper Limit along Date to Plot, Date To",2019,,218.280015993
11/4/2018,29 October 2018,"Lower Limit along Date to Plot, Date To",2019,,167.566137854
11/4/2018,29 October 2018,Number of Complaints,2020,,
11/4/2018,29 October 2018,"Avg Complaints Per Year along Date to Plot, Date To",2020,,194.512195122
11/4/2018,29 October 2018,"Upper Limit along Date to Plot, Date To",2020,,244.317878508
11/4/2018,29 October 2018,"Lower Limit along Date to Plot, Date To",2020,,144.706511736
11/11/2018,05 November 2018,Number of Complaints,2018,True,190
11/11/2018,05 November 2018,"Avg Complaints Per Year along Date to Plot, Date To",2018,True,218.660377358
11/11/2018,05 November 2018,"Upper Limit along Date to Plot, Date To",2018,True,265.421613522
11/11/2018,05 November 2018,"Lower Limit along Date to Plot, Date To",2018,True,171.899141195
11/11/2018,05 November 2018,Number of Complaints,2019,,
11/11/2018,05 November 2018,"Avg Complaints Per Year along Date to Plot, Date To",2019,,192.923076923
11/11/2018,05 November 2018,"Upper Limit along Date to Plot, Date To",2019,,218.280015993
11/11/2018,05 November 2018,"Lower Limit along Date to Plot, Date To",2019,,167.566137854
11/11/2018,05 November 2018,Number of Complaints,2020,,
11/11/2018,05 November 2018,"Avg Complaints Per Year along Date to Plot, Date To",2020,,194.512195122
11/11/2018,05 November 2018,"Upper Limit along Date to Plot, Date To",2020,,244.317878508
11/11/2018,05 November 2018,"Lower Limit along Date to Plot, Date To",2020,,144.706511736
11/18/2018,12 November 2018,Number of Complaints,2018,True,173
11/18/2018,12 November 2018,"Avg Complaints Per Year along Date to Plot, Date To",2018,True,218.660377358
11/18/2018,12 November 2018,"Upper Limit along Date to Plot, Date To",2018,True,265.421613522
11/18/2018,12 November 2018,"Lower Limit along Date to Plot, Date To",2018,True,171.899141195
11/18/2018,12 November 2018,Number of Complaints,2019,,
11/18/2018,12 November 2018,"Avg Complaints Per Year along Date to Plot, Date To",2019,,192.923076923
11/18/2018,12 November 2018,"Upper Limit along Date to Plot, Date To",2019,,218.280015993
11/18/2018,12 November 2018,"Lower Limit along Date to Plot, Date To",2019,,167.566137854
11/18/2018,12 November 2018,Number of Complaints,2020,,
11/18/2018,12 November 2018,"Avg Complaints Per Year along Date to Plot, Date To",2020,,194.512195122
11/18/2018,12 November 2018,"Upper Limit along Date to Plot, Date To",2020,,244.317878508
11/18/2018,12 November 2018,"Lower Limit along Date to Plot, Date To",2020,,144.706511736
11/25/2018,19 November 2018,Number of Complaints,2018,True,187
11/25/2018,19 November 2018,"Avg Complaints Per Year along Date to Plot, Date To",2018,True,218.660377358
11/25/2018,19 November 2018,"Upper Limit along Date to Plot, Date To",2018,True,265.421613522
11/25/2018,19 November 2018,"Lower Limit along Date to Plot, Date To",2018,True,171.899141195
11/25/2018,19 November 2018,Number of Complaints,2019,,
11/25/2018,19 November 2018,"Avg Complaints Per Year along Date to Plot, Date To",2019,,192.923076923
11/25/2018,19 November 2018,"Upper Limit along Date to Plot, Date To",2019,,218.280015993
11/25/2018,19 November 2018,"Lower Limit along Date to Plot, Date To",2019,,167.566137854
11/25/2018,19 November 2018,Number of Complaints,2020,,
11/25/2018,19 November 2018,"Avg Complaints Per Year along Date to Plot, Date To",2020,,194.512195122
11/25/2018,19 November 2018,"Upper Limit along Date to Plot, Date To",2020,,244.317878508
11/25/2018,19 November 2018,"Lower Limit along Date to Plot, Date To",2020,,144.706511736
12/2/2018,26 November 2018,Number of Complaints,2018,True,192
12/2/2018,26 November 2018,"Avg Complaints Per Year along Date to Plot, Date To",2018,True,218.660377358
12/2/2018,26 November 2018,"Upper Limit along Date to Plot, Date To",2018,True,265.421613522
12/2/2018,26 November 2018,"Lower Limit along Date to Plot, Date To",2018,True,171.899141195
12/2/2018,26 November 2018,Number of Complaints,2019,,
12/2/2018,26 November 2018,"Avg Complaints Per Year along Date to Plot, Date To",2019,,192.923076923
12/2/2018,26 November 2018,"Upper Limit along Date to Plot, Date To",2019,,218.280015993
12/2/2018,26 November 2018,"Lower Limit along Date to Plot, Date To",2019,,167.566137854
12/2/2018,26 November 2018,Number of Complaints,2020,,
12/2/2018,26 November 2018,"Avg Complaints Per Year along Date to Plot, Date To",2020,,194.512195122
12/2/2018,26 November 2018,"Upper Limit along Date to Plot, Date To",2020,,244.317878508
12/2/2018,26 November 2018,"Lower Limit along Date to Plot, Date To",2020,,144.706511736
12/9/2018,03 December 2018,Number of Complaints,2018,True,217
12/9/2018,03 December 2018,"Avg Complaints Per Year along Date to Plot, Date To",2018,True,218.660377358
12/9/2018,03 December 2018,"Upper Limit along Date to Plot, Date To",2018,True,265.421613522
12/9/2018,03 December 2018,"Lower Limit along Date to Plot, Date To",2018,True,171.899141195
12/9/2018,03 December 2018,Number of Complaints,2019,,
12/9/2018,03 December 2018,"Avg Complaints Per Year along Date to Plot, Date To",2019,,192.923076923
12/9/2018,03 December 2018,"Upper Limit along Date to Plot, Date To",2019,,218.280015993
12/9/2018,03 December 2018,"Lower Limit along Date to Plot, Date To",2019,,167.566137854
12/9/2018,03 December 2018,Number of Complaints,2020,,
12/9/2018,03 December 2018,"Avg Complaints Per Year along Date to Plot, Date To",2020,,194.512195122
12/9/2018,03 December 2018,"Upper Limit along Date to Plot, Date To",2020,,244.317878508
12/9/2018,03 December 2018,"Lower Limit along Date to Plot, Date To",2020,,144.706511736
12/16/2018,10 December 2018,Number of Complaints,2018,True,196
12/16/2018,10 December 2018,"Avg Complaints Per Year along Date to Plot, Date To",2018,True,218.660377358
12/16/2018,10 December 2018,"Upper Limit along Date to Plot, Date To",2018,True,265.421613522
12/16/2018,10 December 2018,"Lower Limit along Date to Plot, Date To",2018,True,171.899141195
12/16/2018,10 December 2018,Number of Complaints,2019,,
12/16/2018,10 December 2018,"Avg Complaints Per Year along Date to Plot, Date To",2019,,192.923076923
12/16/2018,10 December 2018,"Upper Limit along Date to Plot, Date To",2019,,218.280015993
12/16/2018,10 December 2018,"Lower Limit along Date to Plot, Date To",2019,,167.566137854
12/16/2018,10 December 2018,Number of Complaints,2020,,
12/16/2018,10 December 2018,"Avg Complaints Per Year along Date to Plot, Date To",2020,,194.512195122
12/16/2018,10 December 2018,"Upper Limit along Date to Plot, Date To",2020,,244.317878508
12/16/2018,10 December 2018,"Lower Limit along Date to Plot, Date To",2020,,144.706511736
12/23/2018,17 December 2018,Number of Complaints,2018,True,214
12/23/2018,17 December 2018,"Avg Complaints Per Year along Date to Plot, Date To",2018,True,218.660377358
12/23/2018,17 December 2018,"Upper Limit along Date to Plot, Date To",2018,True,265.421613522
12/23/2018,17 December 2018,"Lower Limit along Date to Plot, Date To",2018,True,171.899141195
12/23/2018,17 December 2018,Number of Complaints,2019,,
12/23/2018,17 December 2018,"Avg Complaints Per Year along Date to Plot, Date To",2019,,192.923076923
12/23/2018,17 December 2018,"Upper Limit along Date to Plot, Date To",2019,,218.280015993
12/23/2018,17 December 2018,"Lower Limit along Date to Plot, Date To",2019,,167.566137854
12/23/2018,17 December 2018,Number of Complaints,2020,,
12/23/2018,17 December 2018,"Avg Complaints Per Year along Date to Plot, Date To",2020,,194.512195122
12/23/2018,17 December 2018,"Upper Limit along Date to Plot, Date To",2020,,244.317878508
12/23/2018,17 December 2018,"Lower Limit along Date to Plot, Date To",2020,,144.706511736
12/30/2018,24 December 2018,Number of Complaints,2018,True,176
12/30/2018,24 December 2018,"Avg Complaints Per Year along Date to Plot, Date To",2018,True,218.660377358
12/30/2018,24 December 2018,"Upper Limit along Date to Plot, Date To",2018,True,265.421613522
12/30/2018,24 December 2018,"Lower Limit along Date to Plot, Date To",2018,True,171.899141195
12/30/2018,24 December 2018,Number of Complaints,2019,,
12/30/2018,24 December 2018,"Avg Complaints Per Year along Date to Plot, Date To",2019,,192.923076923
12/30/2018,24 December 2018,"Upper Limit along Date to Plot, Date To",2019,,218.280015993
12/30/2018,24 December 2018,"Lower Limit along Date to Plot, Date To",2019,,167.566137854
12/30/2018,24 December 2018,Number of Complaints,2020,,
12/30/2018,24 December 2018,"Avg Complaints Per Year along Date to Plot, Date To",2020,,194.512195122
12/30/2018,24 December 2018,"Upper Limit along Date to Plot, Date To",2020,,244.317878508
12/30/2018,24 December 2018,"Lower Limit along Date to Plot, Date To",2020,,144.706511736
1/6/2019,31 December 2018,Number of Complaints,2018,False,163
1/6/2019,31 December 2018,"Avg Complaints Per Year along Date to Plot, Date To",2018,False,218.660377358
1/6/2019,31 December 2018,"Upper Limit along Date to Plot, Date To",2018,False,265.421613522
1/6/2019,31 December 2018,"Lower Limit along Date to Plot, Date To",2018,False,171.899141195
1/6/2019,31 December 2018,Number of Complaints,2019,,
1/6/2019,31 December 2018,"Avg Complaints Per Year along Date to Plot, Date To",2019,,192.923076923
1/6/2019,31 December 2018,"Upper Limit along Date to Plot, Date To",2019,,218.280015993
1/6/2019,31 December 2018,"Lower Limit along Date to Plot, Date To",2019,,167.566137854
1/6/2019,31 December 2018,Number of Complaints,2020,,
1/6/2019,31 December 2018,"Avg Complaints Per Year along Date to Plot, Date To",2020,,194.512195122
1/6/2019,31 December 2018,"Upper Limit along Date to Plot, Date To",2020,,244.317878508
1/6/2019,31 December 2018,"Lower Limit along Date to Plot, Date To",2020,,144.706511736
1/13/2019,07 January 2019,Number of Complaints,2018,,
1/13/2019,07 January 2019,"Avg Complaints Per Year along Date to Plot, Date To",2018,,218.660377358
1/13/2019,07 January 2019,"Upper Limit along Date to Plot, Date To",2018,,265.421613522
1/13/2019,07 January 2019,"Lower Limit along Date to Plot, Date To",2018,,171.899141195
1/13/2019,07 January 2019,Number of Complaints,2019,True,193
1/13/2019,07 January 2019,"Avg Complaints Per Year along Date to Plot, Date To",2019,True,192.923076923
1/13/2019,07 January 2019,"Upper Limit along Date to Plot, Date To",2019,True,218.280015993
1/13/2019,07 January 2019,"Lower Limit along Date to Plot, Date To",2019,True,167.566137854
1/13/2019,07 January 2019,Number of Complaints,2020,,
1/13/2019,07 January 2019,"Avg Complaints Per Year along Date to Plot, Date To",2020,,194.512195122
1/13/2019,07 January 2019,"Upper Limit along Date to Plot, Date To",2020,,244.317878508
1/13/2019,07 January 2019,"Lower Limit along Date to Plot, Date To",2020,,144.706511736
1/20/2019,14 January 2019,Number of Complaints,2018,,
1/20/2019,14 January 2019,"Avg Complaints Per Year along Date to Plot, Date To",2018,,218.660377358
1/20/2019,14 January 2019,"Upper Limit along Date to Plot, Date To",2018,,265.421613522
1/20/2019,14 January 2019,"Lower Limit along Date to Plot, Date To",2018,,171.899141195
1/20/2019,14 January 2019,Number of Complaints,2019,True,197
1/20/2019,14 January 2019,"Avg Complaints Per Year along Date to Plot, Date To",2019,True,192.923076923
1/20/2019,14 January 2019,"Upper Limit along Date to Plot, Date To",2019,True,218.280015993
1/20/2019,14 January 2019,"Lower Limit along Date to Plot, Date To",2019,True,167.566137854
1/20/2019,14 January 2019,Number of Complaints,2020,,
1/20/2019,14 January 2019,"Avg Complaints Per Year along Date to Plot, Date To",2020,,194.512195122
1/20/2019,14 January 2019,"Upper Limit along Date to Plot, Date To",2020,,244.317878508
1/20/2019,14 January 2019,"Lower Limit along Date to Plot, Date To",2020,,144.706511736
1/27/2019,21 January 2019,Number of Complaints,2018,,
1/27/2019,21 January 2019,"Avg Complaints Per Year along Date to Plot, Date To",2018,,218.660377358
1/27/2019,21 January 2019,"Upper Limit along Date to Plot, Date To",2018,,265.421613522
1/27/2019,21 January 2019,"Lower Limit along Date to Plot, Date To",2018,,171.899141195
1/27/2019,21 January 2019,Number of Complaints,2019,True,174
1/27/2019,21 January 2019,"Avg Complaints Per Year along Date to Plot, Date To",2019,True,192.923076923
1/27/2019,21 January 2019,"Upper Limit along Date to Plot, Date To",2019,True,218.280015993
1/27/2019,21 January 2019,"Lower Limit along Date to Plot, Date To",2019,True,167.566137854
1/27/2019,21 January 2019,Number of Complaints,2020,,
1/27/2019,21 January 2019,"Avg Complaints Per Year along Date to Plot, Date To",2020,,194.512195122
1/27/2019,21 January 2019,"Upper Limit along Date to Plot, Date To",2020,,244.317878508
1/27/2019,21 January 2019,"Lower Limit along Date to Plot, Date To",2020,,144.706511736
2/3/2019,28 January 2019,Number of Complaints,2018,,
2/3/2019,28 January 2019,"Avg Complaints Per Year along Date to Plot, Date To",2018,,218.660377358
2/3/2019,28 January 2019,"Upper Limit along Date to Plot, Date To",2018,,265.421613522
2/3/2019,28 January 2019,"Lower Limit along Date to Plot, Date To",2018,,171.899141195
2/3/2019,28 January 2019,Number of Complaints,2019,True,207
2/3/2019,28 January 2019,"Avg Complaints Per Year along Date to Plot, Date To",2019,True,192.923076923
2/3/2019,28 January 2019,"Upper Limit along Date to Plot, Date To",2019,True,218.280015993
2/3/2019,28 January 2019,"Lower Limit along Date to Plot, Date To",2019,True,167.566137854
2/3/2019,28 January 2019,Number of Complaints,2020,,
2/3/2019,28 January 2019,"Avg Complaints Per Year along Date to Plot, Date To",2020,,194.512195122
2/3/2019,28 January 2019,"Upper Limit along Date to Plot, Date To",2020,,244.317878508
2/3/2019,28 January 2019,"Lower Limit along Date to Plot, Date To",2020,,144.706511736
2/10/2019,04 February 2019,Number of Complaints,2018,,
2/10/2019,04 February 2019,"Avg Complaints Per Year along Date to Plot, Date To",2018,,218.660377358
2/10/2019,04 February 2019,"Upper Limit along Date to Plot, Date To",2018,,265.421613522
2/10/2019,04 February 2019,"Lower Limit along Date to Plot, Date To",2018,,171.899141195
2/10/2019,04 February 2019,Number of Complaints,2019,True,211
2/10/2019,04 February 2019,"Avg Complaints Per Year along Date to Plot, Date To",2019,True,192.923076923
2/10/2019,04 February 2019,"Upper Limit along Date to Plot, Date To",2019,True,218.280015993
2/10/2019,04 February 2019,"Lower Limit along Date to Plot, Date To",2019,True,167.566137854
2/10/2019,04 February 2019,Number of Complaints,2020,,
2/10/2019,04 February 2019,"Avg Complaints Per Year along Date to Plot, Date To",2020,,194.512195122
2/10/2019,04 February 2019,"Upper Limit along Date to Plot, Date To",2020,,244.317878508
2/10/2019,04 February 2019,"Lower Limit along Date to Plot, Date To",2020,,144.706511736
2/17/2019,11 February 2019,Number of Complaints,2018,,
2/17/2019,11 February 2019,"Avg Complaints Per Year along Date to Plot, Date To",2018,,218.660377358
2/17/2019,11 February 2019,"Upper Limit along Date to Plot, Date To",2018,,265.421613522
2/17/2019,11 February 2019,"Lower Limit along Date to Plot, Date To",2018,,171.899141195
2/17/2019,11 February 2019,Number of Complaints,2019,True,192
2/17/2019,11 February 2019,"Avg Complaints Per Year along Date to Plot, Date To",2019,True,192.923076923
2/17/2019,11 February 2019,"Upper Limit along Date to Plot, Date To",2019,True,218.280015993
2/17/2019,11 February 2019,"Lower Limit along Date to Plot, Date To",2019,True,167.566137854
2/17/2019,11 February 2019,Number of Complaints,2020,,
2/17/2019,11 February 2019,"Avg Complaints Per Year along Date to Plot, Date To",2020,,194.512195122
2/17/2019,11 February 2019,"Upper Limit along Date to Plot, Date To",2020,,244.317878508
2/17/2019,11 February 2019,"Lower Limit along Date to Plot, Date To",2020,,144.706511736
2/24/2019,18 February 2019,Number of Complaints,2018,,
2/24/2019,18 February 2019,"Avg Complaints Per Year along Date to Plot, Date To",2018,,218.660377358
2/24/2019,18 February 2019,"Upper Limit along Date to Plot, Date To",2018,,265.421613522
2/24/2019,18 February 2019,"Lower Limit along Date to Plot, Date To",2018,,171.899141195
2/24/2019,18 February 2019,Number of Complaints,2019,True,188
2/24/2019,18 February 2019,"Avg Complaints Per Year along Date to Plot, Date To",2019,True,192.923076923
2/24/2019,18 February 2019,"Upper Limit along Date to Plot, Date To",2019,True,218.280015993
2/24/2019,18 February 2019,"Lower Limit along Date to Plot, Date To",2019,True,167.566137854
2/24/2019,18 February 2019,Number of Complaints,2020,,
2/24/2019,18 February 2019,"Avg Complaints Per Year along Date to Plot, Date To",2020,,194.512195122
2/24/2019,18 February 2019,"Upper Limit along Date to Plot, Date To",2020,,244.317878508
2/24/2019,18 February 2019,"Lower Limit along Date to Plot, Date To",2020,,144.706511736
3/3/2019,25 February 2019,Number of Complaints,2018,,
3/3/2019,25 February 2019,"Avg Complaints Per Year along Date to Plot, Date To",2018,,218.660377358
3/3/2019,25 February 2019,"Upper Limit along Date to Plot, Date To",2018,,265.421613522
3/3/2019,25 February 2019,"Lower Limit along Date to Plot, Date To",2018,,171.899141195
3/3/2019,25 February 2019,Number of Complaints,2019,True,198
3/3/2019,25 February 2019,"Avg Complaints Per Year along Date to Plot, Date To",2019,True,192.923076923
3/3/2019,25 February 2019,"Upper Limit along Date to Plot, Date To",2019,True,218.280015993
3/3/2019,25 February 2019,"Lower Limit along Date to Plot, Date To",2019,True,167.566137854
3/3/2019,25 February 2019,Number of Complaints,2020,,
3/3/2019,25 February 2019,"Avg Complaints Per Year along Date to Plot, Date To",2020,,194.512195122
3/3/2019,25 February 2019,"Upper Limit along Date to Plot, Date To",2020,,244.317878508
3/3/2019,25 February 2019,"Lower Limit along Date to Plot, Date To",2020,,144.706511736
3/10/2019,04 March 2019,Number of Complaints,2018,,
3/10/2019,04 March 2019,"Avg Complaints Per Year along Date to Plot, Date To",2018,,218.660377358
3/10/2019,04 March 2019,"Upper Limit along Date to Plot, Date To",2018,,265.421613522
3/10/2019,04 March 2019,"Lower Limit along Date to Plot, Date To",2018,,171.899141195
3/10/2019,04 March 2019,Number of Complaints,2019,False,221
3/10/2019,04 March 2019,"Avg Complaints Per Year along Date to Plot, Date To",2019,False,192.923076923
3/10/2019,04 March 2019,"Upper Limit along Date to Plot, Date To",2019,False,218.280015993
3/10/2019,04 March 2019,"Lower Limit along Date to Plot, Date To",2019,False,167.566137854
3/10/2019,04 March 2019,Number of Complaints,2020,,
3/10/2019,04 March 2019,"Avg Complaints Per Year along Date to Plot, Date To",2020,,194.512195122
3/10/2019,04 March 2019,"Upper Limit along Date to Plot, Date To",2020,,244.317878508
3/10/2019,04 March 2019,"Lower Limit along Date to Plot, Date To",2020,,144.706511736
3/17/2019,11 March 2019,Number of Complaints,2018,,
3/17/2019,11 March 2019,"Avg Complaints Per Year along Date to Plot, Date To",2018,,218.660377358
3/17/2019,11 March 2019,"Upper Limit along Date to Plot, Date To",2018,,265.421613522
3/17/2019,11 March 2019,"Lower Limit along Date to Plot, Date To",2018,,171.899141195
3/17/2019,11 March 2019,Number of Complaints,2019,True,218
3/17/2019,11 March 2019,"Avg Complaints Per Year along Date to Plot, Date To",2019,True,192.923076923
3/17/2019,11 March 2019,"Upper Limit along Date to Plot, Date To",2019,True,218.280015993
3/17/2019,11 March 2019,"Lower Limit along Date to Plot, Date To",2019,True,167.566137854
3/17/2019,11 March 2019,Number of Complaints,2020,,
3/17/2019,11 March 2019,"Avg Complaints Per Year along Date to Plot, Date To",2020,,194.512195122
3/17/2019,11 March 2019,"Upper Limit along Date to Plot, Date To",2020,,244.317878508
3/17/2019,11 March 2019,"Lower Limit along Date to Plot, Date To",2020,,144.706511736
3/24/2019,18 March 2019,Number of Complaints,2018,,
3/24/2019,18 March 2019,"Avg Complaints Per Year along Date to Plot, Date To",2018,,218.660377358
3/24/2019,18 March 2019,"Upper Limit along Date to Plot, Date To",2018,,265.421613522
3/24/2019,18 March 2019,"Lower Limit along Date to Plot, Date To",2018,,171.899141195
3/24/2019,18 March 2019,Number of Complaints,2019,True,218
3/24/2019,18 March 2019,"Avg Complaints Per Year along Date to Plot, Date To",2019,True,192.923076923
3/24/2019,18 March 2019,"Upper Limit along Date to Plot, Date To",2019,True,218.280015993
3/24/2019,18 March 2019,"Lower Limit along Date to Plot, Date To",2019,True,167.566137854
3/24/2019,18 March 2019,Number of Complaints,2020,,
3/24/2019,18 March 2019,"Avg Complaints Per Year along Date to Plot, Date To",2020,,194.512195122
3/24/2019,18 March 2019,"Upper Limit along Date to Plot, Date To",2020,,244.317878508
3/24/2019,18 March 2019,"Lower Limit along Date to Plot, Date To",2020,,144.706511736
3/31/2019,25 March 2019,Number of Complaints,2018,,
3/31/2019,25 March 2019,"Avg Complaints Per Year along Date to Plot, Date To",2018,,218.660377358
3/31/2019,25 March 2019,"Upper Limit along Date to Plot, Date To",2018,,265.421613522
3/31/2019,25 March 2019,"Lower Limit along Date to Plot, Date To",2018,,171.899141195
3/31/2019,25 March 2019,Number of Complaints,2019,False,222
3/31/2019,25 March 2019,"Avg Complaints Per Year along Date to Plot, Date To",2019,False,192.923076923
3/31/2019,25 March 2019,"Upper Limit along Date to Plot, Date To",2019,False,218.280015993
3/31/2019,25 March 2019,"Lower Limit along Date to Plot, Date To",2019,False,167.566137854
3/31/2019,25 March 2019,Number of Complaints,2020,,
3/31/2019,25 March 2019,"Avg Complaints Per Year along Date to Plot, Date To",2020,,194.512195122
3/31/2019,25 March 2019,"Upper Limit along Date to Plot, Date To",2020,,244.317878508
3/31/2019,25 March 2019,"Lower Limit along Date to Plot, Date To",2020,,144.706511736
4/7/2019,01 April 2019,Number of Complaints,2018,,
4/7/2019,01 April 2019,"Avg Complaints Per Year along Date to Plot, Date To",2018,,218.660377358
4/7/2019,01 April 2019,"Upper Limit along Date to Plot, Date To",2018,,265.421613522
4/7/2019,01 April 2019,"Lower Limit along Date to Plot, Date To",2018,,171.899141195
4/7/2019,01 April 2019,Number of Complaints,2019,False,220
4/7/2019,01 April 2019,"Avg Complaints Per Year along Date to Plot, Date To",2019,False,192.923076923
4/7/2019,01 April 2019,"Upper Limit along Date to Plot, Date To",2019,False,218.280015993
4/7/2019,01 April 2019,"Lower Limit along Date to Plot, Date To",2019,False,167.566137854
4/7/2019,01 April 2019,Number of Complaints,2020,,
4/7/2019,01 April 2019,"Avg Complaints Per Year along Date to Plot, Date To",2020,,194.512195122
4/7/2019,01 April 2019,"Upper Limit along Date to Plot, Date To",2020,,244.317878508
4/7/2019,01 April 2019,"Lower Limit along Date to Plot, Date To",2020,,144.706511736
4/14/2019,08 April 2019,Number of Complaints,2018,,
4/14/2019,08 April 2019,"Avg Complaints Per Year along Date to Plot, Date To",2018,,218.660377358
4/14/2019,08 April 2019,"Upper Limit along Date to Plot, Date To",2018,,265.421613522
4/14/2019,08 April 2019,"Lower Limit along Date to Plot, Date To",2018,,171.899141195
4/14/2019,08 April 2019,Number of Complaints,2019,True,213
4/14/2019,08 April 2019,"Avg Complaints Per Year along Date to Plot, Date To",2019,True,192.923076923
4/14/2019,08 April 2019,"Upper Limit along Date to Plot, Date To",2019,True,218.280015993
4/14/2019,08 April 2019,"Lower Limit along Date to Plot, Date To",2019,True,167.566137854
4/14/2019,08 April 2019,Number of Complaints,2020,,
4/14/2019,08 April 2019,"Avg Complaints Per Year along Date to Plot, Date To",2020,,194.512195122
4/14/2019,08 April 2019,"Upper Limit along Date to Plot, Date To",2020,,244.317878508
4/14/2019,08 April 2019,"Lower Limit along Date to Plot, Date To",2020,,144.706511736
4/21/2019,15 April 2019,Number of Complaints,2018,,
4/21/2019,15 April 2019,"Avg Complaints Per Year along Date to Plot, Date To",2018,,218.660377358
4/21/2019,15 April 2019,"Upper Limit along Date to Plot, Date To",2018,,265.421613522
4/21/2019,15 April 2019,"Lower Limit along Date to Plot, Date To",2018,,171.899141195
4/21/2019,15 April 2019,Number of Complaints,2019,True,216
4/21/2019,15 April 2019,"Avg Complaints Per Year along Date to Plot, Date To",2019,True,192.923076923
4/21/2019,15 April 2019,"Upper Limit along Date to Plot, Date To",2019,True,218.280015993
4/21/2019,15 April 2019,"Lower Limit along Date to Plot, Date To",2019,True,167.566137854
4/21/2019,15 April 2019,Number of Complaints,2020,,
4/21/2019,15 April 2019,"Avg Complaints Per Year along Date to Plot, Date To",2020,,194.512195122
4/21/2019,15 April 2019,"Upper Limit along Date to Plot, Date To",2020,,244.317878508
4/21/2019,15 April 2019,"Lower Limit along Date to Plot, Date To",2020,,144.706511736
4/28/2019,22 April 2019,Number of Complaints,2018,,
4/28/2019,22 April 2019,"Avg Complaints Per Year along Date to Plot, Date To",2018,,218.660377358
4/28/2019,22 April 2019,"Upper Limit along Date to Plot, Date To",2018,,265.421613522
4/28/2019,22 April 2019,"Lower Limit along Date to Plot, Date To",2018,,171.899141195
4/28/2019,22 April 2019,Number of Complaints,2019,True,202
4/28/2019,22 April 2019,"Avg Complaints Per Year along Date to Plot, Date To",2019,True,192.923076923
4/28/2019,22 April 2019,"Upper Limit along Date to Plot, Date To",2019,True,218.280015993
4/28/2019,22 April 2019,"Lower Limit along Date to Plot, Date To",2019,True,167.566137854
4/28/2019,22 April 2019,Number of Complaints,2020,,
4/28/2019,22 April 2019,"Avg Complaints Per Year along Date to Plot, Date To",2020,,194.512195122
4/28/2019,22 April 2019,"Upper Limit along Date to Plot, Date To",2020,,244.317878508
4/28/2019,22 April 2019,"Lower Limit along Date to Plot, Date To",2020,,144.706511736
5/5/2019,29 April 2019,Number of Complaints,2018,,
5/5/2019,29 April 2019,"Avg Complaints Per Year along Date to Plot, Date To",2018,,218.660377358
5/5/2019,29 April 2019,"Upper Limit along Date to Plot, Date To",2018,,265.421613522
5/5/2019,29 April 2019,"Lower Limit along Date to Plot, Date To",2018,,171.899141195
5/5/2019,29 April 2019,Number of Complaints,2019,True,208
5/5/2019,29 April 2019,"Avg Complaints Per Year along Date to Plot, Date To",2019,True,192.923076923
5/5/2019,29 April 2019,"Upper Limit along Date to Plot, Date To",2019,True,218.280015993
5/5/2019,29 April 2019,"Lower Limit along Date to Plot, Date To",2019,True,167.566137854
5/5/2019,29 April 2019,Number of Complaints,2020,,
5/5/2019,29 April 2019,"Avg Complaints Per Year along Date to Plot, Date To",2020,,194.512195122
5/5/2019,29 April 2019,"Upper Limit along Date to Plot, Date To",2020,,244.317878508
5/5/2019,29 April 2019,"Lower Limit along Date to Plot, Date To",2020,,144.706511736
5/12/2019,06 May 2019,Number of Complaints,2018,,
5/12/2019,06 May 2019,"Avg Complaints Per Year along Date to Plot, Date To",2018,,218.660377358
5/12/2019,06 May 2019,"Upper Limit along Date to Plot, Date To",2018,,265.421613522
5/12/2019,06 May 2019,"Lower Limit along Date to Plot, Date To",2018,,171.899141195
5/12/2019,06 May 2019,Number of Complaints,2019,True,204
5/12/2019,06 May 2019,"Avg Complaints Per Year along Date to Plot, Date To",2019,True,192.923076923
5/12/2019,06 May 2019,"Upper Limit along Date to Plot, Date To",2019,True,218.280015993
5/12/2019,06 May 2019,"Lower Limit along Date to Plot, Date To",2019,True,167.566137854
5/12/2019,06 May 2019,Number of Complaints,2020,,
5/12/2019,06 May 2019,"Avg Complaints Per Year along Date to Plot, Date To",2020,,194.512195122
5/12/2019,06 May 2019,"Upper Limit along Date to Plot, Date To",2020,,244.317878508
5/12/2019,06 May 2019,"Lower Limit along Date to Plot, Date To",2020,,144.706511736
5/19/2019,13 May 2019,Number of Complaints,2018,,
5/19/2019,13 May 2019,"Avg Complaints Per Year along Date to Plot, Date To",2018,,218.660377358
5/19/2019,13 May 2019,"Upper Limit along Date to Plot, Date To",2018,,265.421613522
5/19/2019,13 May 2019,"Lower Limit along Date to Plot, Date To",2018,,171.899141195
5/19/2019,13 May 2019,Number of Complaints,2019,False,224
5/19/2019,13 May 2019,"Avg Complaints Per Year along Date to Plot, Date To",2019,False,192.923076923
5/19/2019,13 May 2019,"Upper Limit along Date to Plot, Date To",2019,False,218.280015993
5/19/2019,13 May 2019,"Lower Limit along Date to Plot, Date To",2019,False,167.566137854
5/19/2019,13 May 2019,Number of Complaints,2020,,
5/19/2019,13 May 2019,"Avg Complaints Per Year along Date to Plot, Date To",2020,,194.512195122
5/19/2019,13 May 2019,"Upper Limit along Date to Plot, Date To",2020,,244.317878508
5/19/2019,13 May 2019,"Lower Limit along Date to Plot, Date To",2020,,144.706511736
5/26/2019,20 May 2019,Number of Complaints,2018,,
5/26/2019,20 May 2019,"Avg Complaints Per Year along Date to Plot, Date To",2018,,218.660377358
5/26/2019,20 May 2019,"Upper Limit along Date to Plot, Date To",2018,,265.421613522
5/26/2019,20 May 2019,"Lower Limit along Date to Plot, Date To",2018,,171.899141195
5/26/2019,20 May 2019,Number of Complaints,2019,True,208
5/26/2019,20 May 2019,"Avg Complaints Per Year along Date to Plot, Date To",2019,True,192.923076923
5/26/2019,20 May 2019,"Upper Limit along Date to Plot, Date To",2019,True,218.280015993
5/26/2019,20 May 2019,"Lower Limit along Date to Plot, Date To",2019,True,167.566137854
5/26/2019,20 May 2019,Number of Complaints,2020,,
5/26/2019,20 May 2019,"Avg Complaints Per Year along Date to Plot, Date To",2020,,194.512195122
5/26/2019,20 May 2019,"Upper Limit along Date to Plot, Date To",2020,,244.317878508
5/26/2019,20 May 2019,"Lower Limit along Date to Plot, Date To",2020,,144.706511736
6/2/2019,27 May 2019,Number of Complaints,2018,,
6/2/2019,27 May 2019,"Avg Complaints Per Year along Date to Plot, Date To",2018,,218.660377358
6/2/2019,27 May 2019,"Upper Limit along Date to Plot, Date To",2018,,265.421613522
6/2/2019,27 May 2019,"Lower Limit along Date to Plot, Date To",2018,,171.899141195
6/2/2019,27 May 2019,Number of Complaints,2019,True,212
6/2/2019,27 May 2019,"Avg Complaints Per Year along Date to Plot, Date To",2019,True,192.923076923
6/2/2019,27 May 2019,"Upper Limit along Date to Plot, Date To",2019,True,218.280015993
6/2/2019,27 May 2019,"Lower Limit along Date to Plot, Date To",2019,True,167.566137854
6/2/2019,27 May 2019,Number of Complaints,2020,,
6/2/2019,27 May 2019,"Avg Complaints Per Year along Date to Plot, Date To",2020,,194.512195122
6/2/2019,27 May 2019,"Upper Limit along Date to Plot, Date To",2020,,244.317878508
6/2/2019,27 May 2019,"Lower Limit along Date to Plot, Date To",2020,,144.706511736
6/9/2019,03 June 2019,Number of Complaints,2018,,
6/9/2019,03 June 2019,"Avg Complaints Per Year along Date to Plot, Date To",2018,,218.660377358
6/9/2019,03 June 2019,"Upper Limit along Date to Plot, Date To",2018,,265.421613522
6/9/2019,03 June 2019,"Lower Limit along Date to Plot, Date To",2018,,171.899141195
6/9/2019,03 June 2019,Number of Complaints,2019,False,219
6/9/2019,03 June 2019,"Avg Complaints Per Year along Date to Plot, Date To",2019,False,192.923076923
6/9/2019,03 June 2019,"Upper Limit along Date to Plot, Date To",2019,False,218.280015993
6/9/2019,03 June 2019,"Lower Limit along Date to Plot, Date To",2019,False,167.566137854
6/9/2019,03 June 2019,Number of Complaints,2020,,
6/9/2019,03 June 2019,"Avg Complaints Per Year along Date to Plot, Date To",2020,,194.512195122
6/9/2019,03 June 2019,"Upper Limit along Date to Plot, Date To",2020,,244.317878508
6/9/2019,03 June 2019,"Lower Limit along Date to Plot, Date To",2020,,144.706511736
6/16/2019,10 June 2019,Number of Complaints,2018,,
6/16/2019,10 June 2019,"Avg Complaints Per Year along Date to Plot, Date To",2018,,218.660377358
6/16/2019,10 June 2019,"Upper Limit along Date to Plot, Date To",2018,,265.421613522
6/16/2019,10 June 2019,"Lower Limit along Date to Plot, Date To",2018,,171.899141195
6/16/2019,10 June 2019,Number of Complaints,2019,False,219
6/16/2019,10 June 2019,"Avg Complaints Per Year along Date to Plot, Date To",2019,False,192.923076923
6/16/2019,10 June 2019,"Upper Limit along Date to Plot, Date To",2019,False,218.280015993
6/16/2019,10 June 2019,"Lower Limit along Date to Plot, Date To",2019,False,167.566137854
6/16/2019,10 June 2019,Number of Complaints,2020,,
6/16/2019,10 June 2019,"Avg Complaints Per Year along Date to Plot, Date To",2020,,194.512195122
6/16/2019,10 June 2019,"Upper Limit along Date to Plot, Date To",2020,,244.317878508
6/16/2019,10 June 2019,"Lower Limit along Date to Plot, Date To",2020,,144.706511736
6/23/2019,17 June 2019,Number of Complaints,2018,,
6/23/2019,17 June 2019,"Avg Complaints Per Year along Date to Plot, Date To",2018,,218.660377358
6/23/2019,17 June 2019,"Upper Limit along Date to Plot, Date To",2018,,265.421613522
6/23/2019,17 June 2019,"Lower Limit along Date to Plot, Date To",2018,,171.899141195
6/23/2019,17 June 2019,Number of Complaints,2019,True,208
6/23/2019,17 June 2019,"Avg Complaints Per Year along Date to Plot, Date To",2019,True,192.923076923
6/23/2019,17 June 2019,"Upper Limit along Date to Plot, Date To",2019,True,218.280015993
6/23/2019,17 June 2019,"Lower Limit along Date to Plot, Date To",2019,True,167.566137854
6/23/2019,17 June 2019,Number of Complaints,2020,,
6/23/2019,17 June 2019,"Avg Complaints Per Year along Date to Plot, Date To",2020,,194.512195122
6/23/2019,17 June 2019,"Upper Limit along Date to Plot, Date To",2020,,244.317878508
6/23/2019,17 June 2019,"Lower Limit along Date to Plot, Date To",2020,,144.706511736
6/30/2019,24 June 2019,Number of Complaints,2018,,
6/30/2019,24 June 2019,"Avg Complaints Per Year along Date to Plot, Date To",2018,,218.660377358
6/30/2019,24 June 2019,"Upper Limit along Date to Plot, Date To",2018,,265.421613522
6/30/2019,24 June 2019,"Lower Limit along Date to Plot, Date To",2018,,171.899141195
6/30/2019,24 June 2019,Number of Complaints,2019,False,240
6/30/2019,24 June 2019,"Avg Complaints Per Year along Date to Plot, Date To",2019,False,192.923076923
6/30/2019,24 June 2019,"Upper Limit along Date to Plot, Date To",2019,False,218.280015993
6/30/2019,24 June 2019,"Lower Limit along Date to Plot, Date To",2019,False,167.566137854
6/30/2019,24 June 2019,Number of Complaints,2020,,
6/30/2019,24 June 2019,"Avg Complaints Per Year along Date to Plot, Date To",2020,,194.512195122
6/30/2019,24 June 2019,"Upper Limit along Date to Plot, Date To",2020,,244.317878508
6/30/2019,24 June 2019,"Lower Limit along Date to Plot, Date To",2020,,144.706511736
7/7/2019,01 July 2019,Number of Complaints,2018,,
7/7/2019,01 July 2019,"Avg Complaints Per Year along Date to Plot, Date To",2018,,218.660377358
7/7/2019,01 July 2019,"Upper Limit along Date to Plot, Date To",2018,,265.421613522
7/7/2019,01 July 2019,"Lower Limit along Date to Plot, Date To",2018,,171.899141195
7/7/2019,01 July 2019,Number of Complaints,2019,True,175
7/7/2019,01 July 2019,"Avg Complaints Per Year along Date to Plot, Date To",2019,True,192.923076923
7/7/2019,01 July 2019,"Upper Limit along Date to Plot, Date To",2019,True,218.280015993
7/7/2019,01 July 2019,"Lower Limit along Date to Plot, Date To",2019,True,167.566137854
7/7/2019,01 July 2019,Number of Complaints,2020,,
7/7/2019,01 July 2019,"Avg Complaints Per Year along Date to Plot, Date To",2020,,194.512195122
7/7/2019,01 July 2019,"Upper Limit along Date to Plot, Date To",2020,,244.317878508
7/7/2019,01 July 2019,"Lower Limit along Date to Plot, Date To",2020,,144.706511736
7/14/2019,08 July 2019,Number of Complaints,2018,,
7/14/2019,08 July 2019,"Avg Complaints Per Year along Date to Plot, Date To",2018,,218.660377358
7/14/2019,08 July 2019,"Upper Limit along Date to Plot, Date To",2018,,265.421613522
7/14/2019,08 July 2019,"Lower Limit along Date to Plot, Date To",2018,,171.899141195
7/14/2019,08 July 2019,Number of Complaints,2019,True,208
7/14/2019,08 July 2019,"Avg Complaints Per Year along Date to Plot, Date To",2019,True,192.923076923
7/14/2019,08 July 2019,"Upper Limit along Date to Plot, Date To",2019,True,218.280015993
7/14/2019,08 July 2019,"Lower Limit along Date to Plot, Date To",2019,True,167.566137854
7/14/2019,08 July 2019,Number of Complaints,2020,,
7/14/2019,08 July 2019,"Avg Complaints Per Year along Date to Plot, Date To",2020,,194.512195122
7/14/2019,08 July 2019,"Upper Limit along Date to Plot, Date To",2020,,244.317878508
7/14/2019,08 July 2019,"Lower Limit along Date to Plot, Date To",2020,,144.706511736
7/21/2019,15 July 2019,Number of Complaints,2018,,
7/21/2019,15 July 2019,"Avg Complaints Per Year along Date to Plot, Date To",2018,,218.660377358
7/21/2019,15 July 2019,"Upper Limit along Date to Plot, Date To",2018,,265.421613522
7/21/2019,15 July 2019,"Lower Limit along Date to Plot, Date To",2018,,171.899141195
7/21/2019,15 July 2019,Number of Complaints,2019,True,190
7/21/2019,15 July 2019,"Avg Complaints Per Year along Date to Plot, Date To",2019,True,192.923076923
7/21/2019,15 July 2019,"Upper Limit along Date to Plot, Date To",2019,True,218.280015993
7/21/2019,15 July 2019,"Lower Limit along Date to Plot, Date To",2019,True,167.566137854
7/21/2019,15 July 2019,Number of Complaints,2020,,
7/21/2019,15 July 2019,"Avg Complaints Per Year along Date to Plot, Date To",2020,,194.512195122
7/21/2019,15 July 2019,"Upper Limit along Date to Plot, Date To",2020,,244.317878508
7/21/2019,15 July 2019,"Lower Limit along Date to Plot, Date To",2020,,144.706511736
7/28/2019,22 July 2019,Number of Complaints,2018,,
7/28/2019,22 July 2019,"Avg Complaints Per Year along Date to Plot, Date To",2018,,218.660377358
7/28/2019,22 July 2019,"Upper Limit along Date to Plot, Date To",2018,,265.421613522
7/28/2019,22 July 2019,"Lower Limit along Date to Plot, Date To",2018,,171.899141195
7/28/2019,22 July 2019,Number of Complaints,2019,True,190
7/28/2019,22 July 2019,"Avg Complaints Per Year along Date to Plot, Date To",2019,True,192.923076923
7/28/2019,22 July 2019,"Upper Limit along Date to Plot, Date To",2019,True,218.280015993
7/28/2019,22 July 2019,"Lower Limit along Date to Plot, Date To",2019,True,167.566137854
7/28/2019,22 July 2019,Number of Complaints,2020,,
7/28/2019,22 July 2019,"Avg Complaints Per Year along Date to Plot, Date To",2020,,194.512195122
7/28/2019,22 July 2019,"Upper Limit along Date to Plot, Date To",2020,,244.317878508
7/28/2019,22 July 2019,"Lower Limit along Date to Plot, Date To",2020,,144.706511736
8/4/2019,29 July 2019,Number of Complaints,2018,,
8/4/2019,29 July 2019,"Avg Complaints Per Year along Date to Plot, Date To",2018,,218.660377358
8/4/2019,29 July 2019,"Upper Limit along Date to Plot, Date To",2018,,265.421613522
8/4/2019,29 July 2019,"Lower Limit along Date to Plot, Date To",2018,,171.899141195
8/4/2019,29 July 2019,Number of Complaints,2019,False,220
8/4/2019,29 July 2019,"Avg Complaints Per Year along Date to Plot, Date To",2019,False,192.923076923
8/4/2019,29 July 2019,"Upper Limit along Date to Plot, Date To",2019,False,218.280015993
8/4/2019,29 July 2019,"Lower Limit along Date to Plot, Date To",2019,False,167.566137854
8/4/2019,29 July 2019,Number of Complaints,2020,,
8/4/2019,29 July 2019,"Avg Complaints Per Year along Date to Plot, Date To",2020,,194.512195122
8/4/2019,29 July 2019,"Upper Limit along Date to Plot, Date To",2020,,244.317878508
8/4/2019,29 July 2019,"Lower Limit along Date to Plot, Date To",2020,,144.706511736
8/11/2019,05 August 2019,Number of Complaints,2018,,
8/11/2019,05 August 2019,"Avg Complaints Per Year along Date to Plot, Date To",2018,,218.660377358
8/11/2019,05 August 2019,"Upper Limit along Date to Plot, Date To",2018,,265.421613522
8/11/2019,05 August 2019,"Lower Limit along Date to Plot, Date To",2018,,171.899141195
8/11/2019,05 August 2019,Number of Complaints,2019,True,201
8/11/2019,05 August 2019,"Avg Complaints Per Year along Date to Plot, Date To",2019,True,192.923076923
8/11/2019,05 August 2019,"Upper Limit along Date to Plot, Date To",2019,True,218.280015993
8/11/2019,05 August 2019,"Lower Limit along Date to Plot, Date To",2019,True,167.566137854
8/11/2019,05 August 2019,Number of Complaints,2020,,
8/11/2019,05 August 2019,"Avg Complaints Per Year along Date to Plot, Date To",2020,,194.512195122
8/11/2019,05 August 2019,"Upper Limit along Date to Plot, Date To",2020,,244.317878508
8/11/2019,05 August 2019,"Lower Limit along Date to Plot, Date To",2020,,144.706511736
8/18/2019,12 August 2019,Number of Complaints,2018,,
8/18/2019,12 August 2019,"Avg Complaints Per Year along Date to Plot, Date To",2018,,218.660377358
8/18/2019,12 August 2019,"Upper Limit along Date to Plot, Date To",2018,,265.421613522
8/18/2019,12 August 2019,"Lower Limit along Date to Plot, Date To",2018,,171.899141195
8/18/2019,12 August 2019,Number of Complaints,2019,True,196
8/18/2019,12 August 2019,"Avg Complaints Per Year along Date to Plot, Date To",2019,True,192.923076923
8/18/2019,12 August 2019,"Upper Limit along Date to Plot, Date To",2019,True,218.280015993
8/18/2019,12 August 2019,"Lower Limit along Date to Plot, Date To",2019,True,167.566137854
8/18/2019,12 August 2019,Number of Complaints,2020,,
8/18/2019,12 August 2019,"Avg Complaints Per Year along Date to Plot, Date To",2020,,194.512195122
8/18/2019,12 August 2019,"Upper Limit along Date to Plot, Date To",2020,,244.317878508
8/18/2019,12 August 2019,"Lower Limit along Date to Plot, Date To",2020,,144.706511736
8/25/2019,19 August 2019,Number of Complaints,2018,,
8/25/2019,19 August 2019,"Avg Complaints Per Year along Date to Plot, Date To",2018,,218.660377358
8/25/2019,19 August 2019,"Upper Limit along Date to Plot, Date To",2018,,265.421613522
8/25/2019,19 August 2019,"Lower Limit along Date to Plot, Date To",2018,,171.899141195
8/25/2019,19 August 2019,Number of Complaints,2019,True,211
8/25/2019,19 August 2019,"Avg Complaints Per Year along Date to Plot, Date To",2019,True,192.923076923
8/25/2019,19 August 2019,"Upper Limit along Date to Plot, Date To",2019,True,218.280015993
8/25/2019,19 August 2019,"Lower Limit along Date to Plot, Date To",2019,True,167.566137854
8/25/2019,19 August 2019,Number of Complaints,2020,,
8/25/2019,19 August 2019,"Avg Complaints Per Year along Date to Plot, Date To",2020,,194.512195122
8/25/2019,19 August 2019,"Upper Limit along Date to Plot, Date To",2020,,244.317878508
8/25/2019,19 August 2019,"Lower Limit along Date to Plot, Date To",2020,,144.706511736
9/1/2019,26 August 2019,Number of Complaints,2018,,
9/1/2019,26 August 2019,"Avg Complaints Per Year along Date to Plot, Date To",2018,,218.660377358
9/1/2019,26 August 2019,"Upper Limit along Date to Plot, Date To",2018,,265.421613522
9/1/2019,26 August 2019,"Lower Limit along Date to Plot, Date To",2018,,171.899141195
9/1/2019,26 August 2019,Number of Complaints,2019,True,189
9/1/2019,26 August 2019,"Avg Complaints Per Year along Date to Plot, Date To",2019,True,192.923076923
9/1/2019,26 August 2019,"Upper Limit along Date to Plot, Date To",2019,True,218.280015993
9/1/2019,26 August 2019,"Lower Limit along Date to Plot, Date To",2019,True,167.566137854
9/1/2019,26 August 2019,Number of Complaints,2020,,
9/1/2019,26 August 2019,"Avg Complaints Per Year along Date to Plot, Date To",2020,,194.512195122
9/1/2019,26 August 2019,"Upper Limit along Date to Plot, Date To",2020,,244.317878508
9/1/2019,26 August 2019,"Lower Limit along Date to Plot, Date To",2020,,144.706511736
9/8/2019,02 September 2019,Number of Complaints,2018,,
9/8/2019,02 September 2019,"Avg Complaints Per Year along Date to Plot, Date To",2018,,218.660377358
9/8/2019,02 September 2019,"Upper Limit along Date to Plot, Date To",2018,,265.421613522
9/8/2019,02 September 2019,"Lower Limit along Date to Plot, Date To",2018,,171.899141195
9/8/2019,02 September 2019,Number of Complaints,2019,False,150
9/8/2019,02 September 2019,"Avg Complaints Per Year along Date to Plot, Date To",2019,False,192.923076923
9/8/2019,02 September 2019,"Upper Limit along Date to Plot, Date To",2019,False,218.280015993
9/8/2019,02 September 2019,"Lower Limit along Date to Plot, Date To",2019,False,167.566137854
9/8/2019,02 September 2019,Number of Complaints,2020,,
9/8/2019,02 September 2019,"Avg Complaints Per Year along Date to Plot, Date To",2020,,194.512195122
9/8/2019,02 September 2019,"Upper Limit along Date to Plot, Date To",2020,,244.317878508
9/8/2019,02 September 2019,"Lower Limit along Date to Plot, Date To",2020,,144.706511736
9/15/2019,09 September 2019,Number of Complaints,2018,,
9/15/2019,09 September 2019,"Avg Complaints Per Year along Date to Plot, Date To",2018,,218.660377358
9/15/2019,09 September 2019,"Upper Limit along Date to Plot, Date To",2018,,265.421613522
9/15/2019,09 September 2019,"Lower Limit along Date to Plot, Date To",2018,,171.899141195
9/15/2019,09 September 2019,Number of Complaints,2019,True,180
9/15/2019,09 September 2019,"Avg Complaints Per Year along Date to Plot, Date To",2019,True,192.923076923
9/15/2019,09 September 2019,"Upper Limit along Date to Plot, Date To",2019,True,218.280015993
9/15/2019,09 September 2019,"Lower Limit along Date to Plot, Date To",2019,True,167.566137854
9/15/2019,09 September 2019,Number of Complaints,2020,,
9/15/2019,09 September 2019,"Avg Complaints Per Year along Date to Plot, Date To",2020,,194.512195122
9/15/2019,09 September 2019,"Upper Limit along Date to Plot, Date To",2020,,244.317878508
9/15/2019,09 September 2019,"Lower Limit along Date to Plot, Date To",2020,,144.706511736
9/22/2019,16 September 2019,Number of Complaints,2018,,
9/22/2019,16 September 2019,"Avg Complaints Per Year along Date to Plot, Date To",2018,,218.660377358
9/22/2019,16 September 2019,"Upper Limit along Date to Plot, Date To",2018,,265.421613522
9/22/2019,16 September 2019,"Lower Limit along Date to Plot, Date To",2018,,171.899141195
9/22/2019,16 September 2019,Number of Complaints,2019,True,176
9/22/2019,16 September 2019,"Avg Complaints Per Year along Date to Plot, Date To",2019,True,192.923076923
9/22/2019,16 September 2019,"Upper Limit along Date to Plot, Date To",2019,True,218.280015993
9/22/2019,16 September 2019,"Lower Limit along Date to Plot, Date To",2019,True,167.566137854
9/22/2019,16 September 2019,Number of Complaints,2020,,
9/22/2019,16 September 2019,"Avg Complaints Per Year along Date to Plot, Date To",2020,,194.512195122
9/22/2019,16 September 2019,"Upper Limit along Date to Plot, Date To",2020,,244.317878508
9/22/2019,16 September 2019,"Lower Limit along Date to Plot, Date To",2020,,144.706511736
9/29/2019,23 September 2019,Number of Complaints,2018,,
9/29/2019,23 September 2019,"Avg Complaints Per Year along Date to Plot, Date To",2018,,218.660377358
9/29/2019,23 September 2019,"Upper Limit along Date to Plot, Date To",2018,,265.421613522
9/29/2019,23 September 2019,"Lower Limit along Date to Plot, Date To",2018,,171.899141195
9/29/2019,23 September 2019,Number of Complaints,2019,True,218
9/29/2019,23 September 2019,"Avg Complaints Per Year along Date to Plot, Date To",2019,True,192.923076923
9/29/2019,23 September 2019,"Upper Limit along Date to Plot, Date To",2019,True,218.280015993
9/29/2019,23 September 2019,"Lower Limit along Date to Plot, Date To",2019,True,167.566137854
9/29/2019,23 September 2019,Number of Complaints,2020,,
9/29/2019,23 September 2019,"Avg Complaints Per Year along Date to Plot, Date To",2020,,194.512195122
9/29/2019,23 September 2019,"Upper Limit along Date to Plot, Date To",2020,,244.317878508
9/29/2019,23 September 2019,"Lower Limit along Date to Plot, Date To",2020,,144.706511736
10/6/2019,30 September 2019,Number of Complaints,2018,,
10/6/2019,30 September 2019,"Avg Complaints Per Year along Date to Plot, Date To",2018,,218.660377358
10/6/2019,30 September 2019,"Upper Limit along Date to Plot, Date To",2018,,265.421613522
10/6/2019,30 September 2019,"Lower Limit along Date to Plot, Date To",2018,,171.899141195
10/6/2019,30 September 2019,Number of Complaints,2019,True,182
10/6/2019,30 September 2019,"Avg Complaints Per Year along Date to Plot, Date To",2019,True,192.923076923
10/6/2019,30 September 2019,"Upper Limit along Date to Plot, Date To",2019,True,218.280015993
10/6/2019,30 September 2019,"Lower Limit along Date to Plot, Date To",2019,True,167.566137854
10/6/2019,30 September 2019,Number of Complaints,2020,,
10/6/2019,30 September 2019,"Avg Complaints Per Year along Date to Plot, Date To",2020,,194.512195122
10/6/2019,30 September 2019,"Upper Limit along Date to Plot, Date To",2020,,244.317878508
10/6/2019,30 September 2019,"Lower Limit along Date to Plot, Date To",2020,,144.706511736
10/13/2019,07 October 2019,Number of Complaints,2018,,
10/13/2019,07 October 2019,"Avg Complaints Per Year along Date to Plot, Date To",2018,,218.660377358
10/13/2019,07 October 2019,"Upper Limit along Date to Plot, Date To",2018,,265.421613522
10/13/2019,07 October 2019,"Lower Limit along Date to Plot, Date To",2018,,171.899141195
10/13/2019,07 October 2019,Number of Complaints,2019,False,167
10/13/2019,07 October 2019,"Avg Complaints Per Year along Date to Plot, Date To",2019,False,192.923076923
10/13/2019,07 October 2019,"Upper Limit along Date to Plot, Date To",2019,False,218.280015993
10/13/2019,07 October 2019,"Lower Limit along Date to Plot, Date To",2019,False,167.566137854
10/13/2019,07 October 2019,Number of Complaints,2020,,
10/13/2019,07 October 2019,"Avg Complaints Per Year along Date to Plot, Date To",2020,,194.512195122
10/13/2019,07 October 2019,"Upper Limit along Date to Plot, Date To",2020,,244.317878508
10/13/2019,07 October 2019,"Lower Limit along Date to Plot, Date To",2020,,144.706511736
10/20/2019,14 October 2019,Number of Complaints,2018,,
10/20/2019,14 October 2019,"Avg Complaints Per Year along Date to Plot, Date To",2018,,218.660377358
10/20/2019,14 October 2019,"Upper Limit along Date to Plot, Date To",2018,,265.421613522
10/20/2019,14 October 2019,"Lower Limit along Date to Plot, Date To",2018,,171.899141195
10/20/2019,14 October 2019,Number of Complaints,2019,True,186
10/20/2019,14 October 2019,"Avg Complaints Per Year along Date to Plot, Date To",2019,True,192.923076923
10/20/2019,14 October 2019,"Upper Limit along Date to Plot, Date To",2019,True,218.280015993
10/20/2019,14 October 2019,"Lower Limit along Date to Plot, Date To",2019,True,167.566137854
10/20/2019,14 October 2019,Number of Complaints,2020,,
10/20/2019,14 October 2019,"Avg Complaints Per Year along Date to Plot, Date To",2020,,194.512195122
10/20/2019,14 October 2019,"Upper Limit along Date to Plot, Date To",2020,,244.317878508
10/20/2019,14 October 2019,"Lower Limit along Date to Plot, Date To",2020,,144.706511736
10/27/2019,21 October 2019,Number of Complaints,2018,,
10/27/2019,21 October 2019,"Avg Complaints Per Year along Date to Plot, Date To",2018,,218.660377358
10/27/2019,21 October 2019,"Upper Limit along Date to Plot, Date To",2018,,265.421613522
10/27/2019,21 October 2019,"Lower Limit along Date to Plot, Date To",2018,,171.899141195
10/27/2019,21 October 2019,Number of Complaints,2019,True,190
10/27/2019,21 October 2019,"Avg Complaints Per Year along Date to Plot, Date To",2019,True,192.923076923
10/27/2019,21 October 2019,"Upper Limit along Date to Plot, Date To",2019,True,218.280015993
10/27/2019,21 October 2019,"Lower Limit along Date to Plot, Date To",2019,True,167.566137854
10/27/2019,21 October 2019,Number of Complaints,2020,,
10/27/2019,21 October 2019,"Avg Complaints Per Year along Date to Plot, Date To",2020,,194.512195122
10/27/2019,21 October 2019,"Upper Limit along Date to Plot, Date To",2020,,244.317878508
10/27/2019,21 October 2019,"Lower Limit along Date to Plot, Date To",2020,,144.706511736
11/3/2019,28 October 2019,Number of Complaints,2018,,
11/3/2019,28 October 2019,"Avg Complaints Per Year along Date to Plot, Date To",2018,,218.660377358
11/3/2019,28 October 2019,"Upper Limit along Date to Plot, Date To",2018,,265.421613522
11/3/2019,28 October 2019,"Lower Limit along Date to Plot, Date To",2018,,171.899141195
11/3/2019,28 October 2019,Number of Complaints,2019,True,175
11/3/2019,28 October 2019,"Avg Complaints Per Year along Date to Plot, Date To",2019,True,192.923076923
11/3/2019,28 October 2019,"Upper Limit along Date to Plot, Date To",2019,True,218.280015993
11/3/2019,28 October 2019,"Lower Limit along Date to Plot, Date To",2019,True,167.566137854
11/3/2019,28 October 2019,Number of Complaints,2020,,
11/3/2019,28 October 2019,"Avg Complaints Per Year along Date to Plot, Date To",2020,,194.512195122
11/3/2019,28 October 2019,"Upper Limit along Date to Plot, Date To",2020,,244.317878508
11/3/2019,28 October 2019,"Lower Limit along Date to Plot, Date To",2020,,144.706511736
11/10/2019,04 November 2019,Number of Complaints,2018,,
11/10/2019,04 November 2019,"Avg Complaints Per Year along Date to Plot, Date To",2018,,218.660377358
11/10/2019,04 November 2019,"Upper Limit along Date to Plot, Date To",2018,,265.421613522
11/10/2019,04 November 2019,"Lower Limit along Date to Plot, Date To",2018,,171.899141195
11/10/2019,04 November 2019,Number of Complaints,2019,True,178
11/10/2019,04 November 2019,"Avg Complaints Per Year along Date to Plot, Date To",2019,True,192.923076923
11/10/2019,04 November 2019,"Upper Limit along Date to Plot, Date To",2019,True,218.280015993
11/10/2019,04 November 2019,"Lower Limit along Date to Plot, Date To",2019,True,167.566137854
11/10/2019,04 November 2019,Number of Complaints,2020,,
11/10/2019,04 November 2019,"Avg Complaints Per Year along Date to Plot, Date To",2020,,194.512195122
11/10/2019,04 November 2019,"Upper Limit along Date to Plot, Date To",2020,,244.317878508
11/10/2019,04 November 2019,"Lower Limit along Date to Plot, Date To",2020,,144.706511736
11/17/2019,11 November 2019,Number of Complaints,2018,,
11/17/2019,11 November 2019,"Avg Complaints Per Year along Date to Plot, Date To",2018,,218.660377358
11/17/2019,11 November 2019,"Upper Limit along Date to Plot, Date To",2018,,265.421613522
11/17/2019,11 November 2019,"Lower Limit along Date to Plot, Date To",2018,,171.899141195
11/17/2019,11 November 2019,Number of Complaints,2019,False,152
11/17/2019,11 November 2019,"Avg Complaints Per Year along Date to Plot, Date To",2019,False,192.923076923
11/17/2019,11 November 2019,"Upper Limit along Date to Plot, Date To",2019,False,218.280015993
11/17/2019,11 November 2019,"Lower Limit along Date to Plot, Date To",2019,False,167.566137854
11/17/2019,11 November 2019,Number of Complaints,2020,,
11/17/2019,11 November 2019,"Avg Complaints Per Year along Date to Plot, Date To",2020,,194.512195122
11/17/2019,11 November 2019,"Upper Limit along Date to Plot, Date To",2020,,244.317878508
11/17/2019,11 November 2019,"Lower Limit along Date to Plot, Date To",2020,,144.706511736
11/24/2019,18 November 2019,Number of Complaints,2018,,
11/24/2019,18 November 2019,"Avg Complaints Per Year along Date to Plot, Date To",2018,,218.660377358
11/24/2019,18 November 2019,"Upper Limit along Date to Plot, Date To",2018,,265.421613522
11/24/2019,18 November 2019,"Lower Limit along Date to Plot, Date To",2018,,171.899141195
11/24/2019,18 November 2019,Number of Complaints,2019,False,162
11/24/2019,18 November 2019,"Avg Complaints Per Year along Date to Plot, Date To",2019,False,192.923076923
11/24/2019,18 November 2019,"Upper Limit along Date to Plot, Date To",2019,False,218.280015993
11/24/2019,18 November 2019,"Lower Limit along Date to Plot, Date To",2019,False,167.566137854
11/24/2019,18 November 2019,Number of Complaints,2020,,
11/24/2019,18 November 2019,"Avg Complaints Per Year along Date to Plot, Date To",2020,,194.512195122
11/24/2019,18 November 2019,"Upper Limit along Date to Plot, Date To",2020,,244.317878508
11/24/2019,18 November 2019,"Lower Limit along Date to Plot, Date To",2020,,144.706511736
12/1/2019,25 November 2019,Number of Complaints,2018,,
12/1/2019,25 November 2019,"Avg Complaints Per Year along Date to Plot, Date To",2018,,218.660377358
12/1/2019,25 November 2019,"Upper Limit along Date to Plot, Date To",2018,,265.421613522
12/1/2019,25 November 2019,"Lower Limit along Date to Plot, Date To",2018,,171.899141195
12/1/2019,25 November 2019,Number of Complaints,2019,False,163
12/1/2019,25 November 2019,"Avg Complaints Per Year along Date to Plot, Date To",2019,False,192.923076923
12/1/2019,25 November 2019,"Upper Limit along Date to Plot, Date To",2019,False,218.280015993
12/1/2019,25 November 2019,"Lower Limit along Date to Plot, Date To",2019,False,167.566137854
12/1/2019,25 November 2019,Number of Complaints,2020,,
12/1/2019,25 November 2019,"Avg Complaints Per Year along Date to Plot, Date To",2020,,194.512195122
12/1/2019,25 November 2019,"Upper Limit along Date to Plot, Date To",2020,,244.317878508
12/1/2019,25 November 2019,"Lower Limit along Date to Plot, Date To",2020,,144.706511736
12/8/2019,02 December 2019,Number of Complaints,2018,,
12/8/2019,02 December 2019,"Avg Complaints Per Year along Date to Plot, Date To",2018,,218.660377358
12/8/2019,02 December 2019,"Upper Limit along Date to Plot, Date To",2018,,265.421613522
12/8/2019,02 December 2019,"Lower Limit along Date to Plot, Date To",2018,,171.899141195
12/8/2019,02 December 2019,Number of Complaints,2019,False,144
12/8/2019,02 December 2019,"Avg Complaints Per Year along Date to Plot, Date To",2019,False,192.923076923
12/8/2019,02 December 2019,"Upper Limit along Date to Plot, Date To",2019,False,218.280015993
12/8/2019,02 December 2019,"Lower Limit along Date to Plot, Date To",2019,False,167.566137854
12/8/2019,02 December 2019,Number of Complaints,2020,,
12/8/2019,02 December 2019,"Avg Complaints Per Year along Date to Plot, Date To",2020,,194.512195122
12/8/2019,02 December 2019,"Upper Limit along Date to Plot, Date To",2020,,244.317878508
12/8/2019,02 December 2019,"Lower Limit along Date to Plot, Date To",2020,,144.706511736
12/15/2019,09 December 2019,Number of Complaints,2018,,
12/15/2019,09 December 2019,"Avg Complaints Per Year along Date to Plot, Date To",2018,,218.660377358
12/15/2019,09 December 2019,"Upper Limit along Date to Plot, Date To",2018,,265.421613522
12/15/2019,09 December 2019,"Lower Limit along Date to Plot, Date To",2018,,171.899141195
12/15/2019,09 December 2019,Number of Complaints,2019,True,173
12/15/2019,09 December 2019,"Avg Complaints Per Year along Date to Plot, Date To",2019,True,192.923076923
12/15/2019,09 December 2019,"Upper Limit along Date to Plot, Date To",2019,True,218.280015993
12/15/2019,09 December 2019,"Lower Limit along Date to Plot, Date To",2019,True,167.566137854
12/15/2019,09 December 2019,Number of Complaints,2020,,
12/15/2019,09 December 2019,"Avg Complaints Per Year along Date to Plot, Date To",2020,,194.512195122
12/15/2019,09 December 2019,"Upper Limit along Date to Plot, Date To",2020,,244.317878508
12/15/2019,09 December 2019,"Lower Limit along Date to Plot, Date To",2020,,144.706511736
12/22/2019,16 December 2019,Number of Complaints,2018,,
12/22/2019,16 December 2019,"Avg Complaints Per Year along Date to Plot, Date To",2018,,218.660377358
12/22/2019,16 December 2019,"Upper Limit along Date to Plot, Date To",2018,,265.421613522
12/22/2019,16 December 2019,"Lower Limit along Date to Plot, Date To",2018,,171.899141195
12/22/2019,16 December 2019,Number of Complaints,2019,False,166
12/22/2019,16 December 2019,"Avg Complaints Per Year along Date to Plot, Date To",2019,False,192.923076923
12/22/2019,16 December 2019,"Upper Limit along Date to Plot, Date To",2019,False,218.280015993
12/22/2019,16 December 2019,"Lower Limit along Date to Plot, Date To",2019,False,167.566137854
12/22/2019,16 December 2019,Number of Complaints,2020,,
12/22/2019,16 December 2019,"Avg Complaints Per Year along Date to Plot, Date To",2020,,194.512195122
12/22/2019,16 December 2019,"Upper Limit along Date to Plot, Date To",2020,,244.317878508
12/22/2019,16 December 2019,"Lower Limit along Date to Plot, Date To",2020,,144.706511736
12/29/2019,23 December 2019,Number of Complaints,2018,,
12/29/2019,23 December 2019,"Avg Complaints Per Year along Date to Plot, Date To",2018,,218.660377358
12/29/2019,23 December 2019,"Upper Limit along Date to Plot, Date To",2018,,265.421613522
12/29/2019,23 December 2019,"Lower Limit along Date to Plot, Date To",2018,,171.899141195
12/29/2019,23 December 2019,Number of Complaints,2019,False,118
12/29/2019,23 December 2019,"Avg Complaints Per Year along Date to Plot, Date To",2019,False,192.923076923
12/29/2019,23 December 2019,"Upper Limit along Date to Plot, Date To",2019,False,218.280015993
12/29/2019,23 December 2019,"Lower Limit along Date to Plot, Date To",2019,False,167.566137854
12/29/2019,23 December 2019,Number of Complaints,2020,,
12/29/2019,23 December 2019,"Avg Complaints Per Year along Date to Plot, Date To",2020,,194.512195122
12/29/2019,23 December 2019,"Upper Limit along Date to Plot, Date To",2020,,244.317878508
12/29/2019,23 December 2019,"Lower Limit along Date to Plot, Date To",2020,,144.706511736
1/5/2020,30 December 2019,Number of Complaints,2018,,
1/5/2020,30 December 2019,"Avg Complaints Per Year along Date to Plot, Date To",2018,,218.660377358
1/5/2020,30 December 2019,"Upper Limit along Date to Plot, Date To",2018,,265.421613522
1/5/2020,30 December 2019,"Lower Limit along Date to Plot, Date To",2018,,171.899141195
1/5/2020,30 December 2019,Number of Complaints,2019,False,140
1/5/2020,30 December 2019,"Avg Complaints Per Year along Date to Plot, Date To",2019,False,192.923076923
1/5/2020,30 December 2019,"Upper Limit along Date to Plot, Date To",2019,False,218.280015993
1/5/2020,30 December 2019,"Lower Limit along Date to Plot, Date To",2019,False,167.566137854
1/5/2020,30 December 2019,Number of Complaints,2020,,
1/5/2020,30 December 2019,"Avg Complaints Per Year along Date to Plot, Date To",2020,,194.512195122
1/5/2020,30 December 2019,"Upper Limit along Date to Plot, Date To",2020,,244.317878508
1/5/2020,30 December 2019,"Lower Limit along Date to Plot, Date To",2020,,144.706511736
1/12/2020,06 January 2020,Number of Complaints,2018,,
1/12/2020,06 January 2020,"Avg Complaints Per Year along Date to Plot, Date To",2018,,218.660377358
1/12/2020,06 January 2020,"Upper Limit along Date to Plot, Date To",2018,,265.421613522
1/12/2020,06 January 2020,"Lower Limit along Date to Plot, Date To",2018,,171.899141195
1/12/2020,06 January 2020,Number of Complaints,2019,,
1/12/2020,06 January 2020,"Avg Complaints Per Year along Date to Plot, Date To",2019,,192.923076923
1/12/2020,06 January 2020,"Upper Limit along Date to Plot, Date To",2019,,218.280015993
1/12/2020,06 January 2020,"Lower Limit along Date to Plot, Date To",2019,,167.566137854
1/12/2020,06 January 2020,Number of Complaints,2020,True,169
1/12/2020,06 January 2020,"Avg Complaints Per Year along Date to Plot, Date To",2020,True,194.512195122
1/12/2020,06 January 2020,"Upper Limit along Date to Plot, Date To",2020,True,244.317878508
1/12/2020,06 January 2020,"Lower Limit along Date to Plot, Date To",2020,True,144.706511736
1/19/2020,13 January 2020,Number of Complaints,2018,,
1/19/2020,13 January 2020,"Avg Complaints Per Year along Date to Plot, Date To",2018,,218.660377358
1/19/2020,13 January 2020,"Upper Limit along Date to Plot, Date To",2018,,265.421613522
1/19/2020,13 January 2020,"Lower Limit along Date to Plot, Date To",2018,,171.899141195
1/19/2020,13 January 2020,Number of Complaints,2019,,
1/19/2020,13 January 2020,"Avg Complaints Per Year along Date to Plot, Date To",2019,,192.923076923
1/19/2020,13 January 2020,"Upper Limit along Date to Plot, Date To",2019,,218.280015993
1/19/2020,13 January 2020,"Lower Limit along Date to Plot, Date To",2019,,167.566137854
1/19/2020,13 January 2020,Number of Complaints,2020,True,164
1/19/2020,13 January 2020,"Avg Complaints Per Year along Date to Plot, Date To",2020,True,194.512195122
1/19/2020,13 January 2020,"Upper Limit along Date to Plot, Date To",2020,True,244.317878508
1/19/2020,13 January 2020,"Lower Limit along Date to Plot, Date To",2020,True,144.706511736
1/26/2020,20 January 2020,Number of Complaints,2018,,
1/26/2020,20 January 2020,"Avg Complaints Per Year along Date to Plot, Date To",2018,,218.660377358
1/26/2020,20 January 2020,"Upper Limit along Date to Plot, Date To",2018,,265.421613522
1/26/2020,20 January 2020,"Lower Limit along Date to Plot, Date To",2018,,171.899141195
1/26/2020,20 January 2020,Number of Complaints,2019,,
1/26/2020,20 January 2020,"Avg Complaints Per Year along Date to Plot, Date To",2019,,192.923076923
1/26/2020,20 January 2020,"Upper Limit along Date to Plot, Date To",2019,,218.280015993
1/26/2020,20 January 2020,"Lower Limit along Date to Plot, Date To",2019,,167.566137854
1/26/2020,20 January 2020,Number of Complaints,2020,True,162
1/26/2020,20 January 2020,"Avg Complaints Per Year along Date to Plot, Date To",2020,True,194.512195122
1/26/2020,20 January 2020,"Upper Limit along Date to Plot, Date To",2020,True,244.317878508
1/26/2020,20 January 2020,"Lower Limit along Date to Plot, Date To",2020,True,144.706511736
2/2/2020,27 January 2020,Number of Complaints,2018,,
2/2/2020,27 January 2020,"Avg Complaints Per Year along Date to Plot, Date To",2018,,218.660377358
2/2/2020,27 January 2020,"Upper Limit along Date to Plot, Date To",2018,,265.421613522
2/2/2020,27 January 2020,"Lower Limit along Date to Plot, Date To",2018,,171.899141195
2/2/2020,27 January 2020,Number of Complaints,2019,,
2/2/2020,27 January 2020,"Avg Complaints Per Year along Date to Plot, Date To",2019,,192.923076923
2/2/2020,27 January 2020,"Upper Limit along Date to Plot, Date To",2019,,218.280015993
2/2/2020,27 January 2020,"Lower Limit along Date to Plot, Date To",2019,,167.566137854
2/2/2020,27 January 2020,Number of Complaints,2020,True,193
2/2/2020,27 January 2020,"Avg Complaints Per Year along Date to Plot, Date To",2020,True,194.512195122
2/2/2020,27 January 2020,"Upper Limit along Date to Plot, Date To",2020,True,244.317878508
2/2/2020,27 January 2020,"Lower Limit along Date to Plot, Date To",2020,True,144.706511736
2/9/2020,03 February 2020,Number of Complaints,2018,,
2/9/2020,03 February 2020,"Avg Complaints Per Year along Date to Plot, Date To",2018,,218.660377358
2/9/2020,03 February 2020,"Upper Limit along Date to Plot, Date To",2018,,265.421613522
2/9/2020,03 February 2020,"Lower Limit along Date to Plot, Date To",2018,,171.899141195
2/9/2020,03 February 2020,Number of Complaints,2019,,
2/9/2020,03 February 2020,"Avg Complaints Per Year along Date to Plot, Date To",2019,,192.923076923
2/9/2020,03 February 2020,"Upper Limit along Date to Plot, Date To",2019,,218.280015993
2/9/2020,03 February 2020,"Lower Limit along Date to Plot, Date To",2019,,167.566137854
2/9/2020,03 February 2020,Number of Complaints,2020,True,188
2/9/2020,03 February 2020,"Avg Complaints Per Year along Date to Plot, Date To",2020,True,194.512195122
2/9/2020,03 February 2020,"Upper Limit along Date to Plot, Date To",2020,True,244.317878508
2/9/2020,03 February 2020,"Lower Limit along Date to Plot, Date To",2020,True,144.706511736
2/16/2020,10 February 2020,Number of Complaints,2018,,
2/16/2020,10 February 2020,"Avg Complaints Per Year along Date to Plot, Date To",2018,,218.660377358
2/16/2020,10 February 2020,"Upper Limit along Date to Plot, Date To",2018,,265.421613522
2/16/2020,10 February 2020,"Lower Limit along Date to Plot, Date To",2018,,171.899141195
2/16/2020,10 February 2020,Number of Complaints,2019,,
2/16/2020,10 February 2020,"Avg Complaints Per Year along Date to Plot, Date To",2019,,192.923076923
2/16/2020,10 February 2020,"Upper Limit along Date to Plot, Date To",2019,,218.280015993
2/16/2020,10 February 2020,"Lower Limit along Date to Plot, Date To",2019,,167.566137854
2/16/2020,10 February 2020,Number of Complaints,2020,True,193
2/16/2020,10 February 2020,"Avg Complaints Per Year along Date to Plot, Date To",2020,True,194.512195122
2/16/2020,10 February 2020,"Upper Limit along Date to Plot, Date To",2020,True,244.317878508
2/16/2020,10 February 2020,"Lower Limit along Date to Plot, Date To",2020,True,144.706511736
2/23/2020,17 February 2020,Number of Complaints,2018,,
2/23/2020,17 February 2020,"Avg Complaints Per Year along Date to Plot, Date To",2018,,218.660377358
2/23/2020,17 February 2020,"Upper Limit along Date to Plot, Date To",2018,,265.421613522
2/23/2020,17 February 2020,"Lower Limit along Date to Plot, Date To",2018,,171.899141195
2/23/2020,17 February 2020,Number of Complaints,2019,,
2/23/2020,17 February 2020,"Avg Complaints Per Year along Date to Plot, Date To",2019,,192.923076923
2/23/2020,17 February 2020,"Upper Limit along Date to Plot, Date To",2019,,218.280015993
2/23/2020,17 February 2020,"Lower Limit along Date to Plot, Date To",2019,,167.566137854
2/23/2020,17 February 2020,Number of Complaints,2020,True,191
2/23/2020,17 February 2020,"Avg Complaints Per Year along Date to Plot, Date To",2020,True,194.512195122
2/23/2020,17 February 2020,"Upper Limit along Date to Plot, Date To",2020,True,244.317878508
2/23/2020,17 February 2020,"Lower Limit along Date to Plot, Date To",2020,True,144.706511736
3/1/2020,24 February 2020,Number of Complaints,2018,,
3/1/2020,24 February 2020,"Avg Complaints Per Year along Date to Plot, Date To",2018,,218.660377358
3/1/2020,24 February 2020,"Upper Limit along Date to Plot, Date To",2018,,265.421613522
3/1/2020,24 February 2020,"Lower Limit along Date to Plot, Date To",2018,,171.899141195
3/1/2020,24 February 2020,Number of Complaints,2019,,
3/1/2020,24 February 2020,"Avg Complaints Per Year along Date to Plot, Date To",2019,,192.923076923
3/1/2020,24 February 2020,"Upper Limit along Date to Plot, Date To",2019,,218.280015993
3/1/2020,24 February 2020,"Lower Limit along Date to Plot, Date To",2019,,167.566137854
3/1/2020,24 February 2020,Number of Complaints,2020,True,203
3/1/2020,24 February 2020,"Avg Complaints Per Year along Date to Plot, Date To",2020,True,194.512195122
3/1/2020,24 February 2020,"Upper Limit along Date to Plot, Date To",2020,True,244.317878508
3/1/2020,24 February 2020,"Lower Limit along Date to Plot, Date To",2020,True,144.706511736
3/8/2020,02 March 2020,Number of Complaints,2018,,
3/8/2020,02 March 2020,"Avg Complaints Per Year along Date to Plot, Date To",2018,,218.660377358
3/8/2020,02 March 2020,"Upper Limit along Date to Plot, Date To",2018,,265.421613522
3/8/2020,02 March 2020,"Lower Limit along Date to Plot, Date To",2018,,171.899141195
3/8/2020,02 March 2020,Number of Complaints,2019,,
3/8/2020,02 March 2020,"Avg Complaints Per Year along Date to Plot, Date To",2019,,192.923076923
3/8/2020,02 March 2020,"Upper Limit along Date to Plot, Date To",2019,,218.280015993
3/8/2020,02 March 2020,"Lower Limit along Date to Plot, Date To",2019,,167.566137854
3/8/2020,02 March 2020,Number of Complaints,2020,True,169
3/8/2020,02 March 2020,"Avg Complaints Per Year along Date to Plot, Date To",2020,True,194.512195122
3/8/2020,02 March 2020,"Upper Limit along Date to Plot, Date To",2020,True,244.317878508
3/8/2020,02 March 2020,"Lower Limit along Date to Plot, Date To",2020,True,144.706511736
3/15/2020,09 March 2020,Number of Complaints,2018,,
3/15/2020,09 March 2020,"Avg Complaints Per Year along Date to Plot, Date To",2018,,218.660377358
3/15/2020,09 March 2020,"Upper Limit along Date to Plot, Date To",2018,,265.421613522
3/15/2020,09 March 2020,"Lower Limit along Date to Plot, Date To",2018,,171.899141195
3/15/2020,09 March 2020,Number of Complaints,2019,,
3/15/2020,09 March 2020,"Avg Complaints Per Year along Date to Plot, Date To",2019,,192.923076923
3/15/2020,09 March 2020,"Upper Limit along Date to Plot, Date To",2019,,218.280015993
3/15/2020,09 March 2020,"Lower Limit along Date to Plot, Date To",2019,,167.566137854
3/15/2020,09 March 2020,Number of Complaints,2020,True,216
3/15/2020,09 March 2020,"Avg Complaints Per Year along Date to Plot, Date To",2020,True,194.512195122
3/15/2020,09 March 2020,"Upper Limit along Date to Plot, Date To",2020,True,244.317878508
3/15/2020,09 March 2020,"Lower Limit along Date to Plot, Date To",2020,True,144.706511736
3/22/2020,16 March 2020,Number of Complaints,2018,,
3/22/2020,16 March 2020,"Avg Complaints Per Year along Date to Plot, Date To",2018,,218.660377358
3/22/2020,16 March 2020,"Upper Limit along Date to Plot, Date To",2018,,265.421613522
3/22/2020,16 March 2020,"Lower Limit along Date to Plot, Date To",2018,,171.899141195
3/22/2020,16 March 2020,Number of Complaints,2019,,
3/22/2020,16 March 2020,"Avg Complaints Per Year along Date to Plot, Date To",2019,,192.923076923
3/22/2020,16 March 2020,"Upper Limit along Date to Plot, Date To",2019,,218.280015993
3/22/2020,16 March 2020,"Lower Limit along Date to Plot, Date To",2019,,167.566137854
3/22/2020,16 March 2020,Number of Complaints,2020,True,165
3/22/2020,16 March 2020,"Avg Complaints Per Year along Date to Plot, Date To",2020,True,194.512195122
3/22/2020,16 March 2020,"Upper Limit along Date to Plot, Date To",2020,True,244.317878508
3/22/2020,16 March 2020,"Lower Limit along Date to Plot, Date To",2020,True,144.706511736
3/29/2020,23 March 2020,Number of Complaints,2018,,
3/29/2020,23 March 2020,"Avg Complaints Per Year along Date to Plot, Date To",2018,,218.660377358
3/29/2020,23 March 2020,"Upper Limit along Date to Plot, Date To",2018,,265.421613522
3/29/2020,23 March 2020,"Lower Limit along Date to Plot, Date To",2018,,171.899141195
3/29/2020,23 March 2020,Number of Complaints,2019,,
3/29/2020,23 March 2020,"Avg Complaints Per Year along Date to Plot, Date To",2019,,192.923076923
3/29/2020,23 March 2020,"Upper Limit along Date to Plot, Date To",2019,,218.280015993
3/29/2020,23 March 2020,"Lower Limit along Date to Plot, Date To",2019,,167.566137854
3/29/2020,23 March 2020,Number of Complaints,2020,True,175
3/29/2020,23 March 2020,"Avg Complaints Per Year along Date to Plot, Date To",2020,True,194.512195122
3/29/2020,23 March 2020,"Upper Limit along Date to Plot, Date To",2020,True,244.317878508
3/29/2020,23 March 2020,"Lower Limit along Date to Plot, Date To",2020,True,144.706511736
4/5/2020,30 March 2020,Number of Complaints,2018,,
4/5/2020,30 March 2020,"Avg Complaints Per Year along Date to Plot, Date To",2018,,218.660377358
4/5/2020,30 March 2020,"Upper Limit along Date to Plot, Date To",2018,,265.421613522
4/5/2020,30 March 2020,"Lower Limit along Date to Plot, Date To",2018,,171.899141195
4/5/2020,30 March 2020,Number of Complaints,2019,,
4/5/2020,30 March 2020,"Avg Complaints Per Year along Date to Plot, Date To",2019,,192.923076923
4/5/2020,30 March 2020,"Upper Limit along Date to Plot, Date To",2019,,218.280015993
4/5/2020,30 March 2020,"Lower Limit along Date to Plot, Date To",2019,,167.566137854
4/5/2020,30 March 2020,Number of Complaints,2020,True,192
4/5/2020,30 March 2020,"Avg Complaints Per Year along Date to Plot, Date To",2020,True,194.512195122
4/5/2020,30 March 2020,"Upper Limit along Date to Plot, Date To",2020,True,244.317878508
4/5/2020,30 March 2020,"Lower Limit along Date to Plot, Date To",2020,True,144.706511736
4/12/2020,06 April 2020,Number of Complaints,2018,,
4/12/2020,06 April 2020,"Avg Complaints Per Year along Date to Plot, Date To",2018,,218.660377358
4/12/2020,06 April 2020,"Upper Limit along Date to Plot, Date To",2018,,265.421613522
4/12/2020,06 April 2020,"Lower Limit along Date to Plot, Date To",2018,,171.899141195
4/12/2020,06 April 2020,Number of Complaints,2019,,
4/12/2020,06 April 2020,"Avg Complaints Per Year along Date to Plot, Date To",2019,,192.923076923
4/12/2020,06 April 2020,"Upper Limit along Date to Plot, Date To",2019,,218.280015993
4/12/2020,06 April 2020,"Lower Limit along Date to Plot, Date To",2019,,167.566137854
4/12/2020,06 April 2020,Number of Complaints,2020,True,164
4/12/2020,06 April 2020,"Avg Complaints Per Year along Date to Plot, Date To",2020,True,194.512195122
4/12/2020,06 April 2020,"Upper Limit along Date to Plot, Date To",2020,True,244.317878508
4/12/2020,06 April 2020,"Lower Limit along Date to Plot, Date To",2020,True,144.706511736
4/19/2020,13 April 2020,Number of Complaints,2018,,
4/19/2020,13 April 2020,"Avg Complaints Per Year along Date to Plot, Date To",2018,,218.660377358
4/19/2020,13 April 2020,"Upper Limit along Date to Plot, Date To",2018,,265.421613522
4/19/2020,13 April 2020,"Lower Limit along Date to Plot, Date To",2018,,171.899141195
4/19/2020,13 April 2020,Number of Complaints,2019,,
4/19/2020,13 April 2020,"Avg Complaints Per Year along Date to Plot, Date To",2019,,192.923076923
4/19/2020,13 April 2020,"Upper Limit along Date to Plot, Date To",2019,,218.280015993
4/19/2020,13 April 2020,"Lower Limit along Date to Plot, Date To",2019,,167.566137854
4/19/2020,13 April 2020,Number of Complaints,2020,True,181
4/19/2020,13 April 2020,"Avg Complaints Per Year along Date to Plot, Date To",2020,True,194.512195122
4/19/2020,13 April 2020,"Upper Limit along Date to Plot, Date To",2020,True,244.317878508
4/19/2020,13 April 2020,"Lower Limit along Date to Plot, Date To",2020,True,144.706511736
4/26/2020,20 April 2020,Number of Complaints,2018,,
4/26/2020,20 April 2020,"Avg Complaints Per Year along Date to Plot, Date To",2018,,218.660377358
4/26/2020,20 April 2020,"Upper Limit along Date to Plot, Date To",2018,,265.421613522
4/26/2020,20 April 2020,"Lower Limit along Date to Plot, Date To",2018,,171.899141195
4/26/2020,20 April 2020,Number of Complaints,2019,,
4/26/2020,20 April 2020,"Avg Complaints Per Year along Date to Plot, Date To",2019,,192.923076923
4/26/2020,20 April 2020,"Upper Limit along Date to Plot, Date To",2019,,218.280015993
4/26/2020,20 April 2020,"Lower Limit along Date to Plot, Date To",2019,,167.566137854
4/26/2020,20 April 2020,Number of Complaints,2020,True,190
4/26/2020,20 April 2020,"Avg Complaints Per Year along Date to Plot, Date To",2020,True,194.512195122
4/26/2020,20 April 2020,"Upper Limit along Date to Plot, Date To",2020,True,244.317878508
4/26/2020,20 April 2020,"Lower Limit along Date to Plot, Date To",2020,True,144.706511736
5/3/2020,27 April 2020,Number of Complaints,2018,,
5/3/2020,27 April 2020,"Avg Complaints Per Year along Date to Plot, Date To",2018,,218.660377358
5/3/2020,27 April 2020,"Upper Limit along Date to Plot, Date To",2018,,265.421613522
5/3/2020,27 April 2020,"Lower Limit along Date to Plot, Date To",2018,,171.899141195
5/3/2020,27 April 2020,Number of Complaints,2019,,
5/3/2020,27 April 2020,"Avg Complaints Per Year along Date to Plot, Date To",2019,,192.923076923
5/3/2020,27 April 2020,"Upper Limit along Date to Plot, Date To",2019,,218.280015993
5/3/2020,27 April 2020,"Lower Limit along Date to Plot, Date To",2019,,167.566137854
5/3/2020,27 April 2020,Number of Complaints,2020,True,207
5/3/2020,27 April 2020,"Avg Complaints Per Year along Date to Plot, Date To",2020,True,194.512195122
5/3/2020,27 April 2020,"Upper Limit along Date to Plot, Date To",2020,True,244.317878508
5/3/2020,27 April 2020,"Lower Limit along Date to Plot, Date To",2020,True,144.706511736
5/10/2020,04 May 2020,Number of Complaints,2018,,
5/10/2020,04 May 2020,"Avg Complaints Per Year along Date to Plot, Date To",2018,,218.660377358
5/10/2020,04 May 2020,"Upper Limit along Date to Plot, Date To",2018,,265.421613522
5/10/2020,04 May 2020,"Lower Limit along Date to Plot, Date To",2018,,171.899141195
5/10/2020,04 May 2020,Number of Complaints,2019,,
5/10/2020,04 May 2020,"Avg Complaints Per Year along Date to Plot, Date To",2019,,192.923076923
5/10/2020,04 May 2020,"Upper Limit along Date to Plot, Date To",2019,,218.280015993
5/10/2020,04 May 2020,"Lower Limit along Date to Plot, Date To",2019,,167.566137854
5/10/2020,04 May 2020,Number of Complaints,2020,True,185
5/10/2020,04 May 2020,"Avg Complaints Per Year along Date to Plot, Date To",2020,True,194.512195122
5/10/2020,04 May 2020,"Upper Limit along Date to Plot, Date To",2020,True,244.317878508
5/10/2020,04 May 2020,"Lower Limit along Date to Plot, Date To",2020,True,144.706511736
5/17/2020,11 May 2020,Number of Complaints,2018,,
5/17/2020,11 May 2020,"Avg Complaints Per Year along Date to Plot, Date To",2018,,218.660377358
5/17/2020,11 May 2020,"Upper Limit along Date to Plot, Date To",2018,,265.421613522
5/17/2020,11 May 2020,"Lower Limit along Date to Plot, Date To",2018,,171.899141195
5/17/2020,11 May 2020,Number of Complaints,2019,,
5/17/2020,11 May 2020,"Avg Complaints Per Year along Date to Plot, Date To",2019,,192.923076923
5/17/2020,11 May 2020,"Upper Limit along Date to Plot, Date To",2019,,218.280015993
5/17/2020,11 May 2020,"Lower Limit along Date to Plot, Date To",2019,,167.566137854
5/17/2020,11 May 2020,Number of Complaints,2020,True,164
5/17/2020,11 May 2020,"Avg Complaints Per Year along Date to Plot, Date To",2020,True,194.512195122
5/17/2020,11 May 2020,"Upper Limit along Date to Plot, Date To",2020,True,244.317878508
5/17/2020,11 May 2020,"Lower Limit along Date to Plot, Date To",2020,True,144.706511736
5/24/2020,18 May 2020,Number of Complaints,2018,,
5/24/2020,18 May 2020,"Avg Complaints Per Year along Date to Plot, Date To",2018,,218.660377358
5/24/2020,18 May 2020,"Upper Limit along Date to Plot, Date To",2018,,265.421613522
5/24/2020,18 May 2020,"Lower Limit along Date to Plot, Date To",2018,,171.899141195
5/24/2020,18 May 2020,Number of Complaints,2019,,
5/24/2020,18 May 2020,"Avg Complaints Per Year along Date to Plot, Date To",2019,,192.923076923
5/24/2020,18 May 2020,"Upper Limit along Date to Plot, Date To",2019,,218.280015993
5/24/2020,18 May 2020,"Lower Limit along Date to Plot, Date To",2019,,167.566137854
5/24/2020,18 May 2020,Number of Complaints,2020,True,185
5/24/2020,18 May 2020,"Avg Complaints Per Year along Date to Plot, Date To",2020,True,194.512195122
5/24/2020,18 May 2020,"Upper Limit along Date to Plot, Date To",2020,True,244.317878508
5/24/2020,18 May 2020,"Lower Limit along Date to Plot, Date To",2020,True,144.706511736
5/31/2020,25 May 2020,Number of Complaints,2018,,
5/31/2020,25 May 2020,"Avg Complaints Per Year along Date to Plot, Date To",2018,,218.660377358
5/31/2020,25 May 2020,"Upper Limit along Date to Plot, Date To",2018,,265.421613522
5/31/2020,25 May 2020,"Lower Limit along Date to Plot, Date To",2018,,171.899141195
5/31/2020,25 May 2020,Number of Complaints,2019,,
5/31/2020,25 May 2020,"Avg Complaints Per Year along Date to Plot, Date To",2019,,192.923076923
5/31/2020,25 May 2020,"Upper Limit along Date to Plot, Date To",2019,,218.280015993
5/31/2020,25 May 2020,"Lower Limit along Date to Plot, Date To",2019,,167.566137854
5/31/2020,25 May 2020,Number of Complaints,2020,True,177
5/31/2020,25 May 2020,"Avg Complaints Per Year along Date to Plot, Date To",2020,True,194.512195122
5/31/2020,25 May 2020,"Upper Limit along Date to Plot, Date To",2020,True,244.317878508
5/31/2020,25 May 2020,"Lower Limit along Date to Plot, Date To",2020,True,144.706511736
6/7/2020,01 June 2020,Number of Complaints,2018,,
6/7/2020,01 June 2020,"Avg Complaints Per Year along Date to Plot, Date To",2018,,218.660377358
6/7/2020,01 June 2020,"Upper Limit along Date to Plot, Date To",2018,,265.421613522
6/7/2020,01 June 2020,"Lower Limit along Date to Plot, Date To",2018,,171.899141195
6/7/2020,01 June 2020,Number of Complaints,2019,,
6/7/2020,01 June 2020,"Avg Complaints Per Year along Date to Plot, Date To",2019,,192.923076923
6/7/2020,01 June 2020,"Upper Limit along Date to Plot, Date To",2019,,218.280015993
6/7/2020,01 June 2020,"Lower Limit along Date to Plot, Date To",2019,,167.566137854
6/7/2020,01 June 2020,Number of Complaints,2020,True,219
6/7/2020,01 June 2020,"Avg Complaints Per Year along Date to Plot, Date To",2020,True,194.512195122
6/7/2020,01 June 2020,"Upper Limit along Date to Plot, Date To",2020,True,244.317878508
6/7/2020,01 June 2020,"Lower Limit along Date to Plot, Date To",2020,True,144.706511736
6/14/2020,08 June 2020,Number of Complaints,2018,,
6/14/2020,08 June 2020,"Avg Complaints Per Year along Date to Plot, Date To",2018,,218.660377358
6/14/2020,08 June 2020,"Upper Limit along Date to Plot, Date To",2018,,265.421613522
6/14/2020,08 June 2020,"Lower Limit along Date to Plot, Date To",2018,,171.899141195
6/14/2020,08 June 2020,Number of Complaints,2019,,
6/14/2020,08 June 2020,"Avg Complaints Per Year along Date to Plot, Date To",2019,,192.923076923
6/14/2020,08 June 2020,"Upper Limit along Date to Plot, Date To",2019,,218.280015993
6/14/2020,08 June 2020,"Lower Limit along Date to Plot, Date To",2019,,167.566137854
6/14/2020,08 June 2020,Number of Complaints,2020,True,181
6/14/2020,08 June 2020,"Avg Complaints Per Year along Date to Plot, Date To",2020,True,194.512195122
6/14/2020,08 June 2020,"Upper Limit along Date to Plot, Date To",2020,True,244.317878508
6/14/2020,08 June 2020,"Lower Limit along Date to Plot, Date To",2020,True,144.706511736
6/21/2020,15 June 2020,Number of Complaints,2018,,
6/21/2020,15 June 2020,"Avg Complaints Per Year along Date to Plot, Date To",2018,,218.660377358
6/21/2020,15 June 2020,"Upper Limit along Date to Plot, Date To",2018,,265.421613522
6/21/2020,15 June 2020,"Lower Limit along Date to Plot, Date To",2018,,171.899141195
6/21/2020,15 June 2020,Number of Complaints,2019,,
6/21/2020,15 June 2020,"Avg Complaints Per Year along Date to Plot, Date To",2019,,192.923076923
6/21/2020,15 June 2020,"Upper Limit along Date to Plot, Date To",2019,,218.280015993
6/21/2020,15 June 2020,"Lower Limit along Date to Plot, Date To",2019,,167.566137854
6/21/2020,15 June 2020,Number of Complaints,2020,True,204
6/21/2020,15 June 2020,"Avg Complaints Per Year along Date to Plot, Date To",2020,True,194.512195122
6/21/2020,15 June 2020,"Upper Limit along Date to Plot, Date To",2020,True,244.317878508
6/21/2020,15 June 2020,"Lower Limit along Date to Plot, Date To",2020,True,144.706511736
6/28/2020,22 June 2020,Number of Complaints,2018,,
6/28/2020,22 June 2020,"Avg Complaints Per Year along Date to Plot, Date To",2018,,218.660377358
6/28/2020,22 June 2020,"Upper Limit along Date to Plot, Date To",2018,,265.421613522
6/28/2020,22 June 2020,"Lower Limit along Date to Plot, Date To",2018,,171.899141195
6/28/2020,22 June 2020,Number of Complaints,2019,,
6/28/2020,22 June 2020,"Avg Complaints Per Year along Date to Plot, Date To",2019,,192.923076923
6/28/2020,22 June 2020,"Upper Limit along Date to Plot, Date To",2019,,218.280015993
6/28/2020,22 June 2020,"Lower Limit along Date to Plot, Date To",2019,,167.566137854
6/28/2020,22 June 2020,Number of Complaints,2020,True,237
6/28/2020,22 June 2020,"Avg Complaints Per Year along Date to Plot, Date To",2020,True,194.512195122
6/28/2020,22 June 2020,"Upper Limit along Date to Plot, Date To",2020,True,244.317878508
6/28/2020,22 June 2020,"Lower Limit along Date to Plot, Date To",2020,True,144.706511736
7/5/2020,29 June 2020,Number of Complaints,2018,,
7/5/2020,29 June 2020,"Avg Complaints Per Year along Date to Plot, Date To",2018,,218.660377358
7/5/2020,29 June 2020,"Upper Limit along Date to Plot, Date To",2018,,265.421613522
7/5/2020,29 June 2020,"Lower Limit along Date to Plot, Date To",2018,,171.899141195
7/5/2020,29 June 2020,Number of Complaints,2019,,
7/5/2020,29 June 2020,"Avg Complaints Per Year along Date to Plot, Date To",2019,,192.923076923
7/5/2020,29 June 2020,"Upper Limit along Date to Plot, Date To",2019,,218.280015993
7/5/2020,29 June 2020,"Lower Limit along Date to Plot, Date To",2019,,167.566137854
7/5/2020,29 June 2020,Number of Complaints,2020,True,200
7/5/2020,29 June 2020,"Avg Complaints Per Year along Date to Plot, Date To",2020,True,194.512195122
7/5/2020,29 June 2020,"Upper Limit along Date to Plot, Date To",2020,True,244.317878508
7/5/2020,29 June 2020,"Lower Limit along Date to Plot, Date To",2020,True,144.706511736
7/12/2020,06 July 2020,Number of Complaints,2018,,
7/12/2020,06 July 2020,"Avg Complaints Per Year along Date to Plot, Date To",2018,,218.660377358
7/12/2020,06 July 2020,"Upper Limit along Date to Plot, Date To",2018,,265.421613522
7/12/2020,06 July 2020,"Lower Limit along Date to Plot, Date To",2018,,171.899141195
7/12/2020,06 July 2020,Number of Complaints,2019,,
7/12/2020,06 July 2020,"Avg Complaints Per Year along Date to Plot, Date To",2019,,192.923076923
7/12/2020,06 July 2020,"Upper Limit along Date to Plot, Date To",2019,,218.280015993
7/12/2020,06 July 2020,"Lower Limit along Date to Plot, Date To",2019,,167.566137854
7/12/2020,06 July 2020,Number of Complaints,2020,True,235
7/12/2020,06 July 2020,"Avg Complaints Per Year along Date to Plot, Date To",2020,True,194.512195122
7/12/2020,06 July 2020,"Upper Limit along Date to Plot, Date To",2020,True,244.317878508
7/12/2020,06 July 2020,"Lower Limit along Date to Plot, Date To",2020,True,144.706511736
7/19/2020,13 July 2020,Number of Complaints,2018,,
7/19/2020,13 July 2020,"Avg Complaints Per Year along Date to Plot, Date To",2018,,218.660377358
7/19/2020,13 July 2020,"Upper Limit along Date to Plot, Date To",2018,,265.421613522
7/19/2020,13 July 2020,"Lower Limit along Date to Plot, Date To",2018,,171.899141195
7/19/2020,13 July 2020,Number of Complaints,2019,,
7/19/2020,13 July 2020,"Avg Complaints Per Year along Date to Plot, Date To",2019,,192.923076923
7/19/2020,13 July 2020,"Upper Limit along Date to Plot, Date To",2019,,218.280015993
7/19/2020,13 July 2020,"Lower Limit along Date to Plot, Date To",2019,,167.566137854
7/19/2020,13 July 2020,Number of Complaints,2020,True,226
7/19/2020,13 July 2020,"Avg Complaints Per Year along Date to Plot, Date To",2020,True,194.512195122
7/19/2020,13 July 2020,"Upper Limit along Date to Plot, Date To",2020,True,244.317878508
7/19/2020,13 July 2020,"Lower Limit along Date to Plot, Date To",2020,True,144.706511736
7/26/2020,20 July 2020,Number of Complaints,2018,,
7/26/2020,20 July 2020,"Avg Complaints Per Year along Date to Plot, Date To",2018,,218.660377358
7/26/2020,20 July 2020,"Upper Limit along Date to Plot, Date To",2018,,265.421613522
7/26/2020,20 July 2020,"Lower Limit along Date to Plot, Date To",2018,,171.899141195
7/26/2020,20 July 2020,Number of Complaints,2019,,
7/26/2020,20 July 2020,"Avg Complaints Per Year along Date to Plot, Date To",2019,,192.923076923
7/26/2020,20 July 2020,"Upper Limit along Date to Plot, Date To",2019,,218.280015993
7/26/2020,20 July 2020,"Lower Limit along Date to Plot, Date To",2019,,167.566137854
7/26/2020,20 July 2020,Number of Complaints,2020,True,200
7/26/2020,20 July 2020,"Avg Complaints Per Year along Date to Plot, Date To",2020,True,194.512195122
7/26/2020,20 July 2020,"Upper Limit along Date to Plot, Date To",2020,True,244.317878508
7/26/2020,20 July 2020,"Lower Limit along Date to Plot, Date To",2020,True,144.706511736
8/2/2020,27 July 2020,Number of Complaints,2018,,
8/2/2020,27 July 2020,"Avg Complaints Per Year along Date to Plot, Date To",2018,,218.660377358
8/2/2020,27 July 2020,"Upper Limit along Date to Plot, Date To",2018,,265.421613522
8/2/2020,27 July 2020,"Lower Limit along Date to Plot, Date To",2018,,171.899141195
8/2/2020,27 July 2020,Number of Complaints,2019,,
8/2/2020,27 July 2020,"Avg Complaints Per Year along Date to Plot, Date To",2019,,192.923076923
8/2/2020,27 July 2020,"Upper Limit along Date to Plot, Date To",2019,,218.280015993
8/2/2020,27 July 2020,"Lower Limit along Date to Plot, Date To",2019,,167.566137854
8/2/2020,27 July 2020,Number of Complaints,2020,True,194
8/2/2020,27 July 2020,"Avg Complaints Per Year along Date to Plot, Date To",2020,True,194.512195122
8/2/2020,27 July 2020,"Upper Limit along Date to Plot, Date To",2020,True,244.317878508
8/2/2020,27 July 2020,"Lower Limit along Date to Plot, Date To",2020,True,144.706511736
8/9/2020,03 August 2020,Number of Complaints,2018,,
8/9/2020,03 August 2020,"Avg Complaints Per Year along Date to Plot, Date To",2018,,218.660377358
8/9/2020,03 August 2020,"Upper Limit along Date to Plot, Date To",2018,,265.421613522
8/9/2020,03 August 2020,"Lower Limit along Date to Plot, Date To",2018,,171.899141195
8/9/2020,03 August 2020,Number of Complaints,2019,,
8/9/2020,03 August 2020,"Avg Complaints Per Year along Date to Plot, Date To",2019,,192.923076923
8/9/2020,03 August 2020,"Upper Limit along Date to Plot, Date To",2019,,218.280015993
8/9/2020,03 August 2020,"Lower Limit along Date to Plot, Date To",2019,,167.566137854
8/9/2020,03 August 2020,Number of Complaints,2020,True,184
8/9/2020,03 August 2020,"Avg Complaints Per Year along Date to Plot, Date To",2020,True,194.512195122
8/9/2020,03 August 2020,"Upper Limit along Date to Plot, Date To",2020,True,244.317878508
8/9/2020,03 August 2020,"Lower Limit along Date to Plot, Date To",2020,True,144.706511736
8/16/2020,10 August 2020,Number of Complaints,2018,,
8/16/2020,10 August 2020,"Avg Complaints Per Year along Date to Plot, Date To",2018,,218.660377358
8/16/2020,10 August 2020,"Upper Limit along Date to Plot, Date To",2018,,265.421613522
8/16/2020,10 August 2020,"Lower Limit along Date to Plot, Date To",2018,,171.899141195
8/16/2020,10 August 2020,Number of Complaints,2019,,
8/16/2020,10 August 2020,"Avg Complaints Per Year along Date to Plot, Date To",2019,,192.923076923
8/16/2020,10 August 2020,"Upper Limit along Date to Plot, Date To",2019,,218.280015993
8/16/2020,10 August 2020,"Lower Limit along Date to Plot, Date To",2019,,167.566137854
8/16/2020,10 August 2020,Number of Complaints,2020,True,195
8/16/2020,10 August 2020,"Avg Complaints Per Year along Date to Plot, Date To",2020,True,194.512195122
8/16/2020,10 August 2020,"Upper Limit along Date to Plot, Date To",2020,True,244.317878508
8/16/2020,10 August 2020,"Lower Limit along Date to Plot, Date To",2020,True,144.706511736
8/23/2020,17 August 2020,Number of Complaints,2018,,
8/23/2020,17 August 2020,"Avg Complaints Per Year along Date to Plot, Date To",2018,,218.660377358
8/23/2020,17 August 2020,"Upper Limit along Date to Plot, Date To",2018,,265.421613522
8/23/2020,17 August 2020,"Lower Limit along Date to Plot, Date To",2018,,171.899141195
8/23/2020,17 August 2020,Number of Complaints,2019,,
8/23/2020,17 August 2020,"Avg Complaints Per Year along Date to Plot, Date To",2019,,192.923076923
8/23/2020,17 August 2020,"Upper Limit along Date to Plot, Date To",2019,,218.280015993
8/23/2020,17 August 2020,"Lower Limit along Date to Plot, Date To",2019,,167.566137854
8/23/2020,17 August 2020,Number of Complaints,2020,True,220
8/23/2020,17 August 2020,"Avg Complaints Per Year along Date to Plot, Date To",2020,True,194.512195122
8/23/2020,17 August 2020,"Upper Limit along Date to Plot, Date To",2020,True,244.317878508
8/23/2020,17 August 2020,"Lower Limit along Date to Plot, Date To",2020,True,144.706511736
8/30/2020,24 August 2020,Number of Complaints,2018,,
8/30/2020,24 August 2020,"Avg Complaints Per Year along Date to Plot, Date To",2018,,218.660377358
8/30/2020,24 August 2020,"Upper Limit along Date to Plot, Date To",2018,,265.421613522
8/30/2020,24 August 2020,"Lower Limit along Date to Plot, Date To",2018,,171.899141195
8/30/2020,24 August 2020,Number of Complaints,2019,,
8/30/2020,24 August 2020,"Avg Complaints Per Year along Date to Plot, Date To",2019,,192.923076923
8/30/2020,24 August 2020,"Upper Limit along Date to Plot, Date To",2019,,218.280015993
8/30/2020,24 August 2020,"Lower Limit along Date to Plot, Date To",2019,,167.566137854
8/30/2020,24 August 2020,Number of Complaints,2020,False,271
8/30/2020,24 August 2020,"Avg Complaints Per Year along Date to Plot, Date To",2020,False,194.512195122
8/30/2020,24 August 2020,"Upper Limit along Date to Plot, Date To",2020,False,244.317878508
8/30/2020,24 August 2020,"Lower Limit along Date to Plot, Date To",2020,False,144.706511736
9/6/2020,31 August 2020,Number of Complaints,2018,,
9/6/2020,31 August 2020,"Avg Complaints Per Year along Date to Plot, Date To",2018,,218.660377358
9/6/2020,31 August 2020,"Upper Limit along Date to Plot, Date To",2018,,265.421613522
9/6/2020,31 August 2020,"Lower Limit along Date to Plot, Date To",2018,,171.899141195
9/6/2020,31 August 2020,Number of Complaints,2019,,
9/6/2020,31 August 2020,"Avg Complaints Per Year along Date to Plot, Date To",2019,,192.923076923
9/6/2020,31 August 2020,"Upper Limit along Date to Plot, Date To",2019,,218.280015993
9/6/2020,31 August 2020,"Lower Limit along Date to Plot, Date To",2019,,167.566137854
9/6/2020,31 August 2020,Number of Complaints,2020,False,264
9/6/2020,31 August 2020,"Avg Complaints Per Year along Date to Plot, Date To",2020,False,194.512195122
9/6/2020,31 August 2020,"Upper Limit along Date to Plot, Date To",2020,False,244.317878508
9/6/2020,31 August 2020,"Lower Limit along Date to Plot, Date To",2020,False,144.706511736
9/13/2020,07 September 2020,Number of Complaints,2018,,
9/13/2020,07 September 2020,"Avg Complaints Per Year along Date to Plot, Date To",2018,,218.660377358
9/13/2020,07 September 2020,"Upper Limit along Date to Plot, Date To",2018,,265.421613522
9/13/2020,07 September 2020,"Lower Limit along Date to Plot, Date To",2018,,171.899141195
9/13/2020,07 September 2020,Number of Complaints,2019,,
9/13/2020,07 September 2020,"Avg Complaints Per Year along Date to Plot, Date To",2019,,192.923076923
9/13/2020,07 September 2020,"Upper Limit along Date to Plot, Date To",2019,,218.280015993
9/13/2020,07 September 2020,"Lower Limit along Date to Plot, Date To",2019,,167.566137854
9/13/2020,07 September 2020,Number of Complaints,2020,False,248
9/13/2020,07 September 2020,"Avg Complaints Per Year along Date to Plot, Date To",2020,False,194.512195122
9/13/2020,07 September 2020,"Upper Limit along Date to Plot, Date To",2020,False,244.317878508
9/13/2020,07 September 2020,"Lower Limit along Date to Plot, Date To",2020,False,144.706511736
9/20/2020,14 September 2020,Number of Complaints,2018,,
9/20/2020,14 September 2020,"Avg Complaints Per Year along Date to Plot, Date To",2018,,218.660377358
9/20/2020,14 September 2020,"Upper Limit along Date to Plot, Date To",2018,,265.421613522
9/20/2020,14 September 2020,"Lower Limit along Date to Plot, Date To",2018,,171.899141195
9/20/2020,14 September 2020,Number of Complaints,2019,,
9/20/2020,14 September 2020,"Avg Complaints Per Year along Date to Plot, Date To",2019,,192.923076923
9/20/2020,14 September 2020,"Upper Limit along Date to Plot, Date To",2019,,218.280015993
9/20/2020,14 September 2020,"Lower Limit along Date to Plot, Date To",2019,,167.566137854
9/20/2020,14 September 2020,Number of Complaints,2020,False,265
9/20/2020,14 September 2020,"Avg Complaints Per Year along Date to Plot, Date To",2020,False,194.512195122
9/20/2020,14 September 2020,"Upper Limit along Date to Plot, Date To",2020,False,244.317878508
9/20/2020,14 September 2020,"Lower Limit along Date to Plot, Date To",2020,False,144.706511736
9/27/2020,21 September 2020,Number of Complaints,2018,,
9/27/2020,21 September 2020,"Avg Complaints Per Year along Date to Plot, Date To",2018,,218.660377358
9/27/2020,21 September 2020,"Upper Limit along Date to Plot, Date To",2018,,265.421613522
9/27/2020,21 September 2020,"Lower Limit along Date to Plot, Date To",2018,,171.899141195
9/27/2020,21 September 2020,Number of Complaints,2019,,
9/27/2020,21 September 2020,"Avg Complaints Per Year along Date to Plot, Date To",2019,,192.923076923
9/27/2020,21 September 2020,"Upper Limit along Date to Plot, Date To",2019,,218.280015993
9/27/2020,21 September 2020,"Lower Limit along Date to Plot, Date To",2019,,167.566137854
9/27/2020,21 September 2020,Number of Complaints,2020,False,262
9/27/2020,21 September 2020,"Avg Complaints Per Year along Date to Plot, Date To",2020,False,194.512195122
9/27/2020,21 September 2020,"Upper Limit along Date to Plot, Date To",2020,False,244.317878508
9/27/2020,21 September 2020,"Lower Limit along Date to Plot, Date To",2020,False,144.706511736
10/4/2020,28 September 2020,Number of Complaints,2018,,
10/4/2020,28 September 2020,"Avg Complaints Per Year along Date to Plot, Date To",2018,,218.660377358
10/4/2020,28 September 2020,"Upper Limit along Date to Plot, Date To",2018,,265.421613522
10/4/2020,28 September 2020,"Lower Limit along Date to Plot, Date To",2018,,171.899141195
10/4/2020,28 September 2020,Number of Complaints,2019,,
10/4/2020,28 September 2020,"Avg Complaints Per Year along Date to Plot, Date To",2019,,192.923076923
10/4/2020,28 September 2020,"Upper Limit along Date to Plot, Date To",2019,,218.280015993
10/4/2020,28 September 2020,"Lower Limit along Date to Plot, Date To",2019,,167.566137854
10/4/2020,28 September 2020,Number of Complaints,2020,False,277
10/4/2020,28 September 2020,"Avg Complaints Per Year along Date to Plot, Date To",2020,False,194.512195122
10/4/2020,28 September 2020,"Upper Limit along Date to Plot, Date To",2020,False,244.317878508
10/4/2020,28 September 2020,"Lower Limit along Date to Plot, Date To",2020,False,144.706511736
10/11/2020,05 October 2020,Number of Complaints,2018,,
10/11/2020,05 October 2020,"Avg Complaints Per Year along Date to Plot, Date To",2018,,218.660377358
10/11/2020,05 October 2020,"Upper Limit along Date to Plot, Date To",2018,,265.421613522
10/11/2020,05 October 2020,"Lower Limit along Date to Plot, Date To",2018,,171.899141195
10/11/2020,05 October 2020,Number of Complaints,2019,,
10/11/2020,05 October 2020,"Avg Complaints Per Year along Date to Plot, Date To",2019,,192.923076923
10/11/2020,05 October 2020,"Upper Limit along Date to Plot, Date To",2019,,218.280015993
10/11/2020,05 October 2020,"Lower Limit along Date to Plot, Date To",2019,,167.566137854
10/11/2020,05 October 2020,Number of Complaints,2020,False,55
10/11/2020,05 October 2020,"Avg Complaints Per Year along Date to Plot, Date To",2020,False,194.512195122
10/11/2020,05 October 2020,"Upper Limit along Date to Plot, Date To",2020,False,244.317878508
10/11/2020,05 October 2020,"Lower Limit along Date to Plot, Date To",2020,False,144.706511736
10/18/2020,12 October 2020,Number of Complaints,2018,,
10/18/2020,12 October 2020,"Avg Complaints Per Year along Date to Plot, Date To",2018,,218.660377358
10/18/2020,12 October 2020,"Upper Limit along Date to Plot, Date To",2018,,265.421613522
10/18/2020,12 October 2020,"Lower Limit along Date to Plot, Date To",2018,,171.899141195
10/18/2020,12 October 2020,Number of Complaints,2019,,
10/18/2020,12 October 2020,"Avg Complaints Per Year along Date to Plot, Date To",2019,,192.923076923
10/18/2020,12 October 2020,"Upper Limit along Date to Plot, Date To",2019,,218.280015993
10/18/2020,12 October 2020,"Lower Limit along Date to Plot, Date To",2019,,167.566137854
10/18/2020,12 October 2020,Number of Complaints,2020,False,5
10/18/2020,12 October 2020,"Avg Complaints Per Year along Date to Plot, Date To",2020,False,194.512195122
10/18/2020,12 October 2020,"Upper Limit along Date to Plot, Date To",2020,False,244.317878508
10/18/2020,12 October 2020,"Lower Limit along Date to Plot, Date To",2020,False,144.706511736
