Date To,Date to Plot,Measure Names,Year,Within STD Limits?,Measure Values
1/7/2018,01 January 2018,Number of Complaints,2018,False,172
1/7/2018,01 January 2018,"Avg Complaints Per Year along Date to Plot, Date To",2018,False,218.735849057
1/7/2018,01 January 2018,"Upper Limit along Date to Plot, Date To",2018,False,260.955581475
1/7/2018,01 January 2018,"Lower Limit along Date to Plot, Date To",2018,False,176.516116638
1/7/2018,01 January 2018,Number of Complaints,2019,,
1/7/2018,01 January 2018,"Avg Complaints Per Year along Date to Plot, Date To",2019,,192.903846154
1/7/2018,01 January 2018,"Upper Limit along Date to Plot, Date To",2019,,232.768942006
1/7/2018,01 January 2018,"Lower Limit along Date to Plot, Date To",2019,,153.038750302
1/7/2018,01 January 2018,Number of Complaints,2020,,
1/7/2018,01 January 2018,"Avg Complaints Per Year along Date to Plot, Date To",2020,,195.292682927
1/7/2018,01 January 2018,"Upper Limit along Date to Plot, Date To",2020,,244.056523989
1/7/2018,01 January 2018,"Lower Limit along Date to Plot, Date To",2020,,146.528841865
1/14/2018,08 January 2018,Number of Complaints,2018,False,157
1/14/2018,08 January 2018,"Avg Complaints Per Year along Date to Plot, Date To",2018,False,218.735849057
1/14/2018,08 January 2018,"Upper Limit along Date to Plot, Date To",2018,False,260.955581475
1/14/2018,08 January 2018,"Lower Limit along Date to Plot, Date To",2018,False,176.516116638
1/14/2018,08 January 2018,Number of Complaints,2019,,
1/14/2018,08 January 2018,"Avg Complaints Per Year along Date to Plot, Date To",2019,,192.903846154
1/14/2018,08 January 2018,"Upper Limit along Date to Plot, Date To",2019,,232.768942006
1/14/2018,08 January 2018,"Lower Limit along Date to Plot, Date To",2019,,153.038750302
1/14/2018,08 January 2018,Number of Complaints,2020,,
1/14/2018,08 January 2018,"Avg Complaints Per Year along Date to Plot, Date To",2020,,195.292682927
1/14/2018,08 January 2018,"Upper Limit along Date to Plot, Date To",2020,,244.056523989
1/14/2018,08 January 2018,"Lower Limit along Date to Plot, Date To",2020,,146.528841865
1/21/2018,15 January 2018,Number of Complaints,2018,False,155
1/21/2018,15 January 2018,"Avg Complaints Per Year along Date to Plot, Date To",2018,False,218.735849057
1/21/2018,15 January 2018,"Upper Limit along Date to Plot, Date To",2018,False,260.955581475
1/21/2018,15 January 2018,"Lower Limit along Date to Plot, Date To",2018,False,176.516116638
1/21/2018,15 January 2018,Number of Complaints,2019,,
1/21/2018,15 January 2018,"Avg Complaints Per Year along Date to Plot, Date To",2019,,192.903846154
1/21/2018,15 January 2018,"Upper Limit along Date to Plot, Date To",2019,,232.768942006
1/21/2018,15 January 2018,"Lower Limit along Date to Plot, Date To",2019,,153.038750302
1/21/2018,15 January 2018,Number of Complaints,2020,,
1/21/2018,15 January 2018,"Avg Complaints Per Year along Date to Plot, Date To",2020,,195.292682927
1/21/2018,15 January 2018,"Upper Limit along Date to Plot, Date To",2020,,244.056523989
1/21/2018,15 January 2018,"Lower Limit along Date to Plot, Date To",2020,,146.528841865
1/28/2018,22 January 2018,Number of Complaints,2018,True,220
1/28/2018,22 January 2018,"Avg Complaints Per Year along Date to Plot, Date To",2018,True,218.735849057
1/28/2018,22 January 2018,"Upper Limit along Date to Plot, Date To",2018,True,260.955581475
1/28/2018,22 January 2018,"Lower Limit along Date to Plot, Date To",2018,True,176.516116638
1/28/2018,22 January 2018,Number of Complaints,2019,,
1/28/2018,22 January 2018,"Avg Complaints Per Year along Date to Plot, Date To",2019,,192.903846154
1/28/2018,22 January 2018,"Upper Limit along Date to Plot, Date To",2019,,232.768942006
1/28/2018,22 January 2018,"Lower Limit along Date to Plot, Date To",2019,,153.038750302
1/28/2018,22 January 2018,Number of Complaints,2020,,
1/28/2018,22 January 2018,"Avg Complaints Per Year along Date to Plot, Date To",2020,,195.292682927
1/28/2018,22 January 2018,"Upper Limit along Date to Plot, Date To",2020,,244.056523989
1/28/2018,22 January 2018,"Lower Limit along Date to Plot, Date To",2020,,146.528841865
2/4/2018,29 January 2018,Number of Complaints,2018,True,248
2/4/2018,29 January 2018,"Avg Complaints Per Year along Date to Plot, Date To",2018,True,218.735849057
2/4/2018,29 January 2018,"Upper Limit along Date to Plot, Date To",2018,True,260.955581475
2/4/2018,29 January 2018,"Lower Limit along Date to Plot, Date To",2018,True,176.516116638
2/4/2018,29 January 2018,Number of Complaints,2019,,
2/4/2018,29 January 2018,"Avg Complaints Per Year along Date to Plot, Date To",2019,,192.903846154
2/4/2018,29 January 2018,"Upper Limit along Date to Plot, Date To",2019,,232.768942006
2/4/2018,29 January 2018,"Lower Limit along Date to Plot, Date To",2019,,153.038750302
2/4/2018,29 January 2018,Number of Complaints,2020,,
2/4/2018,29 January 2018,"Avg Complaints Per Year along Date to Plot, Date To",2020,,195.292682927
2/4/2018,29 January 2018,"Upper Limit along Date to Plot, Date To",2020,,244.056523989
2/4/2018,29 January 2018,"Lower Limit along Date to Plot, Date To",2020,,146.528841865
2/11/2018,05 February 2018,Number of Complaints,2018,True,183
2/11/2018,05 February 2018,"Avg Complaints Per Year along Date to Plot, Date To",2018,True,218.735849057
2/11/2018,05 February 2018,"Upper Limit along Date to Plot, Date To",2018,True,260.955581475
2/11/2018,05 February 2018,"Lower Limit along Date to Plot, Date To",2018,True,176.516116638
2/11/2018,05 February 2018,Number of Complaints,2019,,
2/11/2018,05 February 2018,"Avg Complaints Per Year along Date to Plot, Date To",2019,,192.903846154
2/11/2018,05 February 2018,"Upper Limit along Date to Plot, Date To",2019,,232.768942006
2/11/2018,05 February 2018,"Lower Limit along Date to Plot, Date To",2019,,153.038750302
2/11/2018,05 February 2018,Number of Complaints,2020,,
2/11/2018,05 February 2018,"Avg Complaints Per Year along Date to Plot, Date To",2020,,195.292682927
2/11/2018,05 February 2018,"Upper Limit along Date to Plot, Date To",2020,,244.056523989
2/11/2018,05 February 2018,"Lower Limit along Date to Plot, Date To",2020,,146.528841865
2/18/2018,12 February 2018,Number of Complaints,2018,True,221
2/18/2018,12 February 2018,"Avg Complaints Per Year along Date to Plot, Date To",2018,True,218.735849057
2/18/2018,12 February 2018,"Upper Limit along Date to Plot, Date To",2018,True,260.955581475
2/18/2018,12 February 2018,"Lower Limit along Date to Plot, Date To",2018,True,176.516116638
2/18/2018,12 February 2018,Number of Complaints,2019,,
2/18/2018,12 February 2018,"Avg Complaints Per Year along Date to Plot, Date To",2019,,192.903846154
2/18/2018,12 February 2018,"Upper Limit along Date to Plot, Date To",2019,,232.768942006
2/18/2018,12 February 2018,"Lower Limit along Date to Plot, Date To",2019,,153.038750302
2/18/2018,12 February 2018,Number of Complaints,2020,,
2/18/2018,12 February 2018,"Avg Complaints Per Year along Date to Plot, Date To",2020,,195.292682927
2/18/2018,12 February 2018,"Upper Limit along Date to Plot, Date To",2020,,244.056523989
2/18/2018,12 February 2018,"Lower Limit along Date to Plot, Date To",2020,,146.528841865
2/25/2018,19 February 2018,Number of Complaints,2018,True,201
2/25/2018,19 February 2018,"Avg Complaints Per Year along Date to Plot, Date To",2018,True,218.735849057
2/25/2018,19 February 2018,"Upper Limit along Date to Plot, Date To",2018,True,260.955581475
2/25/2018,19 February 2018,"Lower Limit along Date to Plot, Date To",2018,True,176.516116638
2/25/2018,19 February 2018,Number of Complaints,2019,,
2/25/2018,19 February 2018,"Avg Complaints Per Year along Date to Plot, Date To",2019,,192.903846154
2/25/2018,19 February 2018,"Upper Limit along Date to Plot, Date To",2019,,232.768942006
2/25/2018,19 February 2018,"Lower Limit along Date to Plot, Date To",2019,,153.038750302
2/25/2018,19 February 2018,Number of Complaints,2020,,
2/25/2018,19 February 2018,"Avg Complaints Per Year along Date to Plot, Date To",2020,,195.292682927
2/25/2018,19 February 2018,"Upper Limit along Date to Plot, Date To",2020,,244.056523989
2/25/2018,19 February 2018,"Lower Limit along Date to Plot, Date To",2020,,146.528841865
3/4/2018,26 February 2018,Number of Complaints,2018,True,217
3/4/2018,26 February 2018,"Avg Complaints Per Year along Date to Plot, Date To",2018,True,218.735849057
3/4/2018,26 February 2018,"Upper Limit along Date to Plot, Date To",2018,True,260.955581475
3/4/2018,26 February 2018,"Lower Limit along Date to Plot, Date To",2018,True,176.516116638
3/4/2018,26 February 2018,Number of Complaints,2019,,
3/4/2018,26 February 2018,"Avg Complaints Per Year along Date to Plot, Date To",2019,,192.903846154
3/4/2018,26 February 2018,"Upper Limit along Date to Plot, Date To",2019,,232.768942006
3/4/2018,26 February 2018,"Lower Limit along Date to Plot, Date To",2019,,153.038750302
3/4/2018,26 February 2018,Number of Complaints,2020,,
3/4/2018,26 February 2018,"Avg Complaints Per Year along Date to Plot, Date To",2020,,195.292682927
3/4/2018,26 February 2018,"Upper Limit along Date to Plot, Date To",2020,,244.056523989
3/4/2018,26 February 2018,"Lower Limit along Date to Plot, Date To",2020,,146.528841865
3/11/2018,05 March 2018,Number of Complaints,2018,True,236
3/11/2018,05 March 2018,"Avg Complaints Per Year along Date to Plot, Date To",2018,True,218.735849057
3/11/2018,05 March 2018,"Upper Limit along Date to Plot, Date To",2018,True,260.955581475
3/11/2018,05 March 2018,"Lower Limit along Date to Plot, Date To",2018,True,176.516116638
3/11/2018,05 March 2018,Number of Complaints,2019,,
3/11/2018,05 March 2018,"Avg Complaints Per Year along Date to Plot, Date To",2019,,192.903846154
3/11/2018,05 March 2018,"Upper Limit along Date to Plot, Date To",2019,,232.768942006
3/11/2018,05 March 2018,"Lower Limit along Date to Plot, Date To",2019,,153.038750302
3/11/2018,05 March 2018,Number of Complaints,2020,,
3/11/2018,05 March 2018,"Avg Complaints Per Year along Date to Plot, Date To",2020,,195.292682927
3/11/2018,05 March 2018,"Upper Limit along Date to Plot, Date To",2020,,244.056523989
3/11/2018,05 March 2018,"Lower Limit along Date to Plot, Date To",2020,,146.528841865
3/18/2018,12 March 2018,Number of Complaints,2018,True,205
3/18/2018,12 March 2018,"Avg Complaints Per Year along Date to Plot, Date To",2018,True,218.735849057
3/18/2018,12 March 2018,"Upper Limit along Date to Plot, Date To",2018,True,260.955581475
3/18/2018,12 March 2018,"Lower Limit along Date to Plot, Date To",2018,True,176.516116638
3/18/2018,12 March 2018,Number of Complaints,2019,,
3/18/2018,12 March 2018,"Avg Complaints Per Year along Date to Plot, Date To",2019,,192.903846154
3/18/2018,12 March 2018,"Upper Limit along Date to Plot, Date To",2019,,232.768942006
3/18/2018,12 March 2018,"Lower Limit along Date to Plot, Date To",2019,,153.038750302
3/18/2018,12 March 2018,Number of Complaints,2020,,
3/18/2018,12 March 2018,"Avg Complaints Per Year along Date to Plot, Date To",2020,,195.292682927
3/18/2018,12 March 2018,"Upper Limit along Date to Plot, Date To",2020,,244.056523989
3/18/2018,12 March 2018,"Lower Limit along Date to Plot, Date To",2020,,146.528841865
3/25/2018,19 March 2018,Number of Complaints,2018,True,237
3/25/2018,19 March 2018,"Avg Complaints Per Year along Date to Plot, Date To",2018,True,218.735849057
3/25/2018,19 March 2018,"Upper Limit along Date to Plot, Date To",2018,True,260.955581475
3/25/2018,19 March 2018,"Lower Limit along Date to Plot, Date To",2018,True,176.516116638
3/25/2018,19 March 2018,Number of Complaints,2019,,
3/25/2018,19 March 2018,"Avg Complaints Per Year along Date to Plot, Date To",2019,,192.903846154
3/25/2018,19 March 2018,"Upper Limit along Date to Plot, Date To",2019,,232.768942006
3/25/2018,19 March 2018,"Lower Limit along Date to Plot, Date To",2019,,153.038750302
3/25/2018,19 March 2018,Number of Complaints,2020,,
3/25/2018,19 March 2018,"Avg Complaints Per Year along Date to Plot, Date To",2020,,195.292682927
3/25/2018,19 March 2018,"Upper Limit along Date to Plot, Date To",2020,,244.056523989
3/25/2018,19 March 2018,"Lower Limit along Date to Plot, Date To",2020,,146.528841865
4/1/2018,26 March 2018,Number of Complaints,2018,True,231
4/1/2018,26 March 2018,"Avg Complaints Per Year along Date to Plot, Date To",2018,True,218.735849057
4/1/2018,26 March 2018,"Upper Limit along Date to Plot, Date To",2018,True,260.955581475
4/1/2018,26 March 2018,"Lower Limit along Date to Plot, Date To",2018,True,176.516116638
4/1/2018,26 March 2018,Number of Complaints,2019,,
4/1/2018,26 March 2018,"Avg Complaints Per Year along Date to Plot, Date To",2019,,192.903846154
4/1/2018,26 March 2018,"Upper Limit along Date to Plot, Date To",2019,,232.768942006
4/1/2018,26 March 2018,"Lower Limit along Date to Plot, Date To",2019,,153.038750302
4/1/2018,26 March 2018,Number of Complaints,2020,,
4/1/2018,26 March 2018,"Avg Complaints Per Year along Date to Plot, Date To",2020,,195.292682927
4/1/2018,26 March 2018,"Upper Limit along Date to Plot, Date To",2020,,244.056523989
4/1/2018,26 March 2018,"Lower Limit along Date to Plot, Date To",2020,,146.528841865
4/8/2018,02 April 2018,Number of Complaints,2018,True,238
4/8/2018,02 April 2018,"Avg Complaints Per Year along Date to Plot, Date To",2018,True,218.735849057
4/8/2018,02 April 2018,"Upper Limit along Date to Plot, Date To",2018,True,260.955581475
4/8/2018,02 April 2018,"Lower Limit along Date to Plot, Date To",2018,True,176.516116638
4/8/2018,02 April 2018,Number of Complaints,2019,,
4/8/2018,02 April 2018,"Avg Complaints Per Year along Date to Plot, Date To",2019,,192.903846154
4/8/2018,02 April 2018,"Upper Limit along Date to Plot, Date To",2019,,232.768942006
4/8/2018,02 April 2018,"Lower Limit along Date to Plot, Date To",2019,,153.038750302
4/8/2018,02 April 2018,Number of Complaints,2020,,
4/8/2018,02 April 2018,"Avg Complaints Per Year along Date to Plot, Date To",2020,,195.292682927
4/8/2018,02 April 2018,"Upper Limit along Date to Plot, Date To",2020,,244.056523989
4/8/2018,02 April 2018,"Lower Limit along Date to Plot, Date To",2020,,146.528841865
4/15/2018,09 April 2018,Number of Complaints,2018,True,203
4/15/2018,09 April 2018,"Avg Complaints Per Year along Date to Plot, Date To",2018,True,218.735849057
4/15/2018,09 April 2018,"Upper Limit along Date to Plot, Date To",2018,True,260.955581475
4/15/2018,09 April 2018,"Lower Limit along Date to Plot, Date To",2018,True,176.516116638
4/15/2018,09 April 2018,Number of Complaints,2019,,
4/15/2018,09 April 2018,"Avg Complaints Per Year along Date to Plot, Date To",2019,,192.903846154
4/15/2018,09 April 2018,"Upper Limit along Date to Plot, Date To",2019,,232.768942006
4/15/2018,09 April 2018,"Lower Limit along Date to Plot, Date To",2019,,153.038750302
4/15/2018,09 April 2018,Number of Complaints,2020,,
4/15/2018,09 April 2018,"Avg Complaints Per Year along Date to Plot, Date To",2020,,195.292682927
4/15/2018,09 April 2018,"Upper Limit along Date to Plot, Date To",2020,,244.056523989
4/15/2018,09 April 2018,"Lower Limit along Date to Plot, Date To",2020,,146.528841865
4/22/2018,16 April 2018,Number of Complaints,2018,False,316
4/22/2018,16 April 2018,"Avg Complaints Per Year along Date to Plot, Date To",2018,False,218.735849057
4/22/2018,16 April 2018,"Upper Limit along Date to Plot, Date To",2018,False,260.955581475
4/22/2018,16 April 2018,"Lower Limit along Date to Plot, Date To",2018,False,176.516116638
4/22/2018,16 April 2018,Number of Complaints,2019,,
4/22/2018,16 April 2018,"Avg Complaints Per Year along Date to Plot, Date To",2019,,192.903846154
4/22/2018,16 April 2018,"Upper Limit along Date to Plot, Date To",2019,,232.768942006
4/22/2018,16 April 2018,"Lower Limit along Date to Plot, Date To",2019,,153.038750302
4/22/2018,16 April 2018,Number of Complaints,2020,,
4/22/2018,16 April 2018,"Avg Complaints Per Year along Date to Plot, Date To",2020,,195.292682927
4/22/2018,16 April 2018,"Upper Limit along Date to Plot, Date To",2020,,244.056523989
4/22/2018,16 April 2018,"Lower Limit along Date to Plot, Date To",2020,,146.528841865
4/29/2018,23 April 2018,Number of Complaints,2018,False,283
4/29/2018,23 April 2018,"Avg Complaints Per Year along Date to Plot, Date To",2018,False,218.735849057
4/29/2018,23 April 2018,"Upper Limit along Date to Plot, Date To",2018,False,260.955581475
4/29/2018,23 April 2018,"Lower Limit along Date to Plot, Date To",2018,False,176.516116638
4/29/2018,23 April 2018,Number of Complaints,2019,,
4/29/2018,23 April 2018,"Avg Complaints Per Year along Date to Plot, Date To",2019,,192.903846154
4/29/2018,23 April 2018,"Upper Limit along Date to Plot, Date To",2019,,232.768942006
4/29/2018,23 April 2018,"Lower Limit along Date to Plot, Date To",2019,,153.038750302
4/29/2018,23 April 2018,Number of Complaints,2020,,
4/29/2018,23 April 2018,"Avg Complaints Per Year along Date to Plot, Date To",2020,,195.292682927
4/29/2018,23 April 2018,"Upper Limit along Date to Plot, Date To",2020,,244.056523989
4/29/2018,23 April 2018,"Lower Limit along Date to Plot, Date To",2020,,146.528841865
5/6/2018,30 April 2018,Number of Complaints,2018,True,243
5/6/2018,30 April 2018,"Avg Complaints Per Year along Date to Plot, Date To",2018,True,218.735849057
5/6/2018,30 April 2018,"Upper Limit along Date to Plot, Date To",2018,True,260.955581475
5/6/2018,30 April 2018,"Lower Limit along Date to Plot, Date To",2018,True,176.516116638
5/6/2018,30 April 2018,Number of Complaints,2019,,
5/6/2018,30 April 2018,"Avg Complaints Per Year along Date to Plot, Date To",2019,,192.903846154
5/6/2018,30 April 2018,"Upper Limit along Date to Plot, Date To",2019,,232.768942006
5/6/2018,30 April 2018,"Lower Limit along Date to Plot, Date To",2019,,153.038750302
5/6/2018,30 April 2018,Number of Complaints,2020,,
5/6/2018,30 April 2018,"Avg Complaints Per Year along Date to Plot, Date To",2020,,195.292682927
5/6/2018,30 April 2018,"Upper Limit along Date to Plot, Date To",2020,,244.056523989
5/6/2018,30 April 2018,"Lower Limit along Date to Plot, Date To",2020,,146.528841865
5/13/2018,07 May 2018,Number of Complaints,2018,False,316
5/13/2018,07 May 2018,"Avg Complaints Per Year along Date to Plot, Date To",2018,False,218.735849057
5/13/2018,07 May 2018,"Upper Limit along Date to Plot, Date To",2018,False,260.955581475
5/13/2018,07 May 2018,"Lower Limit along Date to Plot, Date To",2018,False,176.516116638
5/13/2018,07 May 2018,Number of Complaints,2019,,
5/13/2018,07 May 2018,"Avg Complaints Per Year along Date to Plot, Date To",2019,,192.903846154
5/13/2018,07 May 2018,"Upper Limit along Date to Plot, Date To",2019,,232.768942006
5/13/2018,07 May 2018,"Lower Limit along Date to Plot, Date To",2019,,153.038750302
5/13/2018,07 May 2018,Number of Complaints,2020,,
5/13/2018,07 May 2018,"Avg Complaints Per Year along Date to Plot, Date To",2020,,195.292682927
5/13/2018,07 May 2018,"Upper Limit along Date to Plot, Date To",2020,,244.056523989
5/13/2018,07 May 2018,"Lower Limit along Date to Plot, Date To",2020,,146.528841865
5/20/2018,14 May 2018,Number of Complaints,2018,False,324
5/20/2018,14 May 2018,"Avg Complaints Per Year along Date to Plot, Date To",2018,False,218.735849057
5/20/2018,14 May 2018,"Upper Limit along Date to Plot, Date To",2018,False,260.955581475
5/20/2018,14 May 2018,"Lower Limit along Date to Plot, Date To",2018,False,176.516116638
5/20/2018,14 May 2018,Number of Complaints,2019,,
5/20/2018,14 May 2018,"Avg Complaints Per Year along Date to Plot, Date To",2019,,192.903846154
5/20/2018,14 May 2018,"Upper Limit along Date to Plot, Date To",2019,,232.768942006
5/20/2018,14 May 2018,"Lower Limit along Date to Plot, Date To",2019,,153.038750302
5/20/2018,14 May 2018,Number of Complaints,2020,,
5/20/2018,14 May 2018,"Avg Complaints Per Year along Date to Plot, Date To",2020,,195.292682927
5/20/2018,14 May 2018,"Upper Limit along Date to Plot, Date To",2020,,244.056523989
5/20/2018,14 May 2018,"Lower Limit along Date to Plot, Date To",2020,,146.528841865
5/27/2018,21 May 2018,Number of Complaints,2018,False,367
5/27/2018,21 May 2018,"Avg Complaints Per Year along Date to Plot, Date To",2018,False,218.735849057
5/27/2018,21 May 2018,"Upper Limit along Date to Plot, Date To",2018,False,260.955581475
5/27/2018,21 May 2018,"Lower Limit along Date to Plot, Date To",2018,False,176.516116638
5/27/2018,21 May 2018,Number of Complaints,2019,,
5/27/2018,21 May 2018,"Avg Complaints Per Year along Date to Plot, Date To",2019,,192.903846154
5/27/2018,21 May 2018,"Upper Limit along Date to Plot, Date To",2019,,232.768942006
5/27/2018,21 May 2018,"Lower Limit along Date to Plot, Date To",2019,,153.038750302
5/27/2018,21 May 2018,Number of Complaints,2020,,
5/27/2018,21 May 2018,"Avg Complaints Per Year along Date to Plot, Date To",2020,,195.292682927
5/27/2018,21 May 2018,"Upper Limit along Date to Plot, Date To",2020,,244.056523989
5/27/2018,21 May 2018,"Lower Limit along Date to Plot, Date To",2020,,146.528841865
6/3/2018,28 May 2018,Number of Complaints,2018,True,220
6/3/2018,28 May 2018,"Avg Complaints Per Year along Date to Plot, Date To",2018,True,218.735849057
6/3/2018,28 May 2018,"Upper Limit along Date to Plot, Date To",2018,True,260.955581475
6/3/2018,28 May 2018,"Lower Limit along Date to Plot, Date To",2018,True,176.516116638
6/3/2018,28 May 2018,Number of Complaints,2019,,
6/3/2018,28 May 2018,"Avg Complaints Per Year along Date to Plot, Date To",2019,,192.903846154
6/3/2018,28 May 2018,"Upper Limit along Date to Plot, Date To",2019,,232.768942006
6/3/2018,28 May 2018,"Lower Limit along Date to Plot, Date To",2019,,153.038750302
6/3/2018,28 May 2018,Number of Complaints,2020,,
6/3/2018,28 May 2018,"Avg Complaints Per Year along Date to Plot, Date To",2020,,195.292682927
6/3/2018,28 May 2018,"Upper Limit along Date to Plot, Date To",2020,,244.056523989
6/3/2018,28 May 2018,"Lower Limit along Date to Plot, Date To",2020,,146.528841865
6/10/2018,04 June 2018,Number of Complaints,2018,True,233
6/10/2018,04 June 2018,"Avg Complaints Per Year along Date to Plot, Date To",2018,True,218.735849057
6/10/2018,04 June 2018,"Upper Limit along Date to Plot, Date To",2018,True,260.955581475
6/10/2018,04 June 2018,"Lower Limit along Date to Plot, Date To",2018,True,176.516116638
6/10/2018,04 June 2018,Number of Complaints,2019,,
6/10/2018,04 June 2018,"Avg Complaints Per Year along Date to Plot, Date To",2019,,192.903846154
6/10/2018,04 June 2018,"Upper Limit along Date to Plot, Date To",2019,,232.768942006
6/10/2018,04 June 2018,"Lower Limit along Date to Plot, Date To",2019,,153.038750302
6/10/2018,04 June 2018,Number of Complaints,2020,,
6/10/2018,04 June 2018,"Avg Complaints Per Year along Date to Plot, Date To",2020,,195.292682927
6/10/2018,04 June 2018,"Upper Limit along Date to Plot, Date To",2020,,244.056523989
6/10/2018,04 June 2018,"Lower Limit along Date to Plot, Date To",2020,,146.528841865
6/17/2018,11 June 2018,Number of Complaints,2018,True,216
6/17/2018,11 June 2018,"Avg Complaints Per Year along Date to Plot, Date To",2018,True,218.735849057
6/17/2018,11 June 2018,"Upper Limit along Date to Plot, Date To",2018,True,260.955581475
6/17/2018,11 June 2018,"Lower Limit along Date to Plot, Date To",2018,True,176.516116638
6/17/2018,11 June 2018,Number of Complaints,2019,,
6/17/2018,11 June 2018,"Avg Complaints Per Year along Date to Plot, Date To",2019,,192.903846154
6/17/2018,11 June 2018,"Upper Limit along Date to Plot, Date To",2019,,232.768942006
6/17/2018,11 June 2018,"Lower Limit along Date to Plot, Date To",2019,,153.038750302
6/17/2018,11 June 2018,Number of Complaints,2020,,
6/17/2018,11 June 2018,"Avg Complaints Per Year along Date to Plot, Date To",2020,,195.292682927
6/17/2018,11 June 2018,"Upper Limit along Date to Plot, Date To",2020,,244.056523989
6/17/2018,11 June 2018,"Lower Limit along Date to Plot, Date To",2020,,146.528841865
6/24/2018,18 June 2018,Number of Complaints,2018,True,186
6/24/2018,18 June 2018,"Avg Complaints Per Year along Date to Plot, Date To",2018,True,218.735849057
6/24/2018,18 June 2018,"Upper Limit along Date to Plot, Date To",2018,True,260.955581475
6/24/2018,18 June 2018,"Lower Limit along Date to Plot, Date To",2018,True,176.516116638
6/24/2018,18 June 2018,Number of Complaints,2019,,
6/24/2018,18 June 2018,"Avg Complaints Per Year along Date to Plot, Date To",2019,,192.903846154
6/24/2018,18 June 2018,"Upper Limit along Date to Plot, Date To",2019,,232.768942006
6/24/2018,18 June 2018,"Lower Limit along Date to Plot, Date To",2019,,153.038750302
6/24/2018,18 June 2018,Number of Complaints,2020,,
6/24/2018,18 June 2018,"Avg Complaints Per Year along Date to Plot, Date To",2020,,195.292682927
6/24/2018,18 June 2018,"Upper Limit along Date to Plot, Date To",2020,,244.056523989
6/24/2018,18 June 2018,"Lower Limit along Date to Plot, Date To",2020,,146.528841865
7/1/2018,25 June 2018,Number of Complaints,2018,True,185
7/1/2018,25 June 2018,"Avg Complaints Per Year along Date to Plot, Date To",2018,True,218.735849057
7/1/2018,25 June 2018,"Upper Limit along Date to Plot, Date To",2018,True,260.955581475
7/1/2018,25 June 2018,"Lower Limit along Date to Plot, Date To",2018,True,176.516116638
7/1/2018,25 June 2018,Number of Complaints,2019,,
7/1/2018,25 June 2018,"Avg Complaints Per Year along Date to Plot, Date To",2019,,192.903846154
7/1/2018,25 June 2018,"Upper Limit along Date to Plot, Date To",2019,,232.768942006
7/1/2018,25 June 2018,"Lower Limit along Date to Plot, Date To",2019,,153.038750302
7/1/2018,25 June 2018,Number of Complaints,2020,,
7/1/2018,25 June 2018,"Avg Complaints Per Year along Date to Plot, Date To",2020,,195.292682927
7/1/2018,25 June 2018,"Upper Limit along Date to Plot, Date To",2020,,244.056523989
7/1/2018,25 June 2018,"Lower Limit along Date to Plot, Date To",2020,,146.528841865
7/8/2018,02 July 2018,Number of Complaints,2018,True,205
7/8/2018,02 July 2018,"Avg Complaints Per Year along Date to Plot, Date To",2018,True,218.735849057
7/8/2018,02 July 2018,"Upper Limit along Date to Plot, Date To",2018,True,260.955581475
7/8/2018,02 July 2018,"Lower Limit along Date to Plot, Date To",2018,True,176.516116638
7/8/2018,02 July 2018,Number of Complaints,2019,,
7/8/2018,02 July 2018,"Avg Complaints Per Year along Date to Plot, Date To",2019,,192.903846154
7/8/2018,02 July 2018,"Upper Limit along Date to Plot, Date To",2019,,232.768942006
7/8/2018,02 July 2018,"Lower Limit along Date to Plot, Date To",2019,,153.038750302
7/8/2018,02 July 2018,Number of Complaints,2020,,
7/8/2018,02 July 2018,"Avg Complaints Per Year along Date to Plot, Date To",2020,,195.292682927
7/8/2018,02 July 2018,"Upper Limit along Date to Plot, Date To",2020,,244.056523989
7/8/2018,02 July 2018,"Lower Limit along Date to Plot, Date To",2020,,146.528841865
7/15/2018,09 July 2018,Number of Complaints,2018,True,223
7/15/2018,09 July 2018,"Avg Complaints Per Year along Date to Plot, Date To",2018,True,218.735849057
7/15/2018,09 July 2018,"Upper Limit along Date to Plot, Date To",2018,True,260.955581475
7/15/2018,09 July 2018,"Lower Limit along Date to Plot, Date To",2018,True,176.516116638
7/15/2018,09 July 2018,Number of Complaints,2019,,
7/15/2018,09 July 2018,"Avg Complaints Per Year along Date to Plot, Date To",2019,,192.903846154
7/15/2018,09 July 2018,"Upper Limit along Date to Plot, Date To",2019,,232.768942006
7/15/2018,09 July 2018,"Lower Limit along Date to Plot, Date To",2019,,153.038750302
7/15/2018,09 July 2018,Number of Complaints,2020,,
7/15/2018,09 July 2018,"Avg Complaints Per Year along Date to Plot, Date To",2020,,195.292682927
7/15/2018,09 July 2018,"Upper Limit along Date to Plot, Date To",2020,,244.056523989
7/15/2018,09 July 2018,"Lower Limit along Date to Plot, Date To",2020,,146.528841865
7/22/2018,16 July 2018,Number of Complaints,2018,True,230
7/22/2018,16 July 2018,"Avg Complaints Per Year along Date to Plot, Date To",2018,True,218.735849057
7/22/2018,16 July 2018,"Upper Limit along Date to Plot, Date To",2018,True,260.955581475
7/22/2018,16 July 2018,"Lower Limit along Date to Plot, Date To",2018,True,176.516116638
7/22/2018,16 July 2018,Number of Complaints,2019,,
7/22/2018,16 July 2018,"Avg Complaints Per Year along Date to Plot, Date To",2019,,192.903846154
7/22/2018,16 July 2018,"Upper Limit along Date to Plot, Date To",2019,,232.768942006
7/22/2018,16 July 2018,"Lower Limit along Date to Plot, Date To",2019,,153.038750302
7/22/2018,16 July 2018,Number of Complaints,2020,,
7/22/2018,16 July 2018,"Avg Complaints Per Year along Date to Plot, Date To",2020,,195.292682927
7/22/2018,16 July 2018,"Upper Limit along Date to Plot, Date To",2020,,244.056523989
7/22/2018,16 July 2018,"Lower Limit along Date to Plot, Date To",2020,,146.528841865
7/29/2018,23 July 2018,Number of Complaints,2018,True,233
7/29/2018,23 July 2018,"Avg Complaints Per Year along Date to Plot, Date To",2018,True,218.735849057
7/29/2018,23 July 2018,"Upper Limit along Date to Plot, Date To",2018,True,260.955581475
7/29/2018,23 July 2018,"Lower Limit along Date to Plot, Date To",2018,True,176.516116638
7/29/2018,23 July 2018,Number of Complaints,2019,,
7/29/2018,23 July 2018,"Avg Complaints Per Year along Date to Plot, Date To",2019,,192.903846154
7/29/2018,23 July 2018,"Upper Limit along Date to Plot, Date To",2019,,232.768942006
7/29/2018,23 July 2018,"Lower Limit along Date to Plot, Date To",2019,,153.038750302
7/29/2018,23 July 2018,Number of Complaints,2020,,
7/29/2018,23 July 2018,"Avg Complaints Per Year along Date to Plot, Date To",2020,,195.292682927
7/29/2018,23 July 2018,"Upper Limit along Date to Plot, Date To",2020,,244.056523989
7/29/2018,23 July 2018,"Lower Limit along Date to Plot, Date To",2020,,146.528841865
8/5/2018,30 July 2018,Number of Complaints,2018,True,257
8/5/2018,30 July 2018,"Avg Complaints Per Year along Date to Plot, Date To",2018,True,218.735849057
8/5/2018,30 July 2018,"Upper Limit along Date to Plot, Date To",2018,True,260.955581475
8/5/2018,30 July 2018,"Lower Limit along Date to Plot, Date To",2018,True,176.516116638
8/5/2018,30 July 2018,Number of Complaints,2019,,
8/5/2018,30 July 2018,"Avg Complaints Per Year along Date to Plot, Date To",2019,,192.903846154
8/5/2018,30 July 2018,"Upper Limit along Date to Plot, Date To",2019,,232.768942006
8/5/2018,30 July 2018,"Lower Limit along Date to Plot, Date To",2019,,153.038750302
8/5/2018,30 July 2018,Number of Complaints,2020,,
8/5/2018,30 July 2018,"Avg Complaints Per Year along Date to Plot, Date To",2020,,195.292682927
8/5/2018,30 July 2018,"Upper Limit along Date to Plot, Date To",2020,,244.056523989
8/5/2018,30 July 2018,"Lower Limit along Date to Plot, Date To",2020,,146.528841865
8/12/2018,06 August 2018,Number of Complaints,2018,True,225
8/12/2018,06 August 2018,"Avg Complaints Per Year along Date to Plot, Date To",2018,True,218.735849057
8/12/2018,06 August 2018,"Upper Limit along Date to Plot, Date To",2018,True,260.955581475
8/12/2018,06 August 2018,"Lower Limit along Date to Plot, Date To",2018,True,176.516116638
8/12/2018,06 August 2018,Number of Complaints,2019,,
8/12/2018,06 August 2018,"Avg Complaints Per Year along Date to Plot, Date To",2019,,192.903846154
8/12/2018,06 August 2018,"Upper Limit along Date to Plot, Date To",2019,,232.768942006
8/12/2018,06 August 2018,"Lower Limit along Date to Plot, Date To",2019,,153.038750302
8/12/2018,06 August 2018,Number of Complaints,2020,,
8/12/2018,06 August 2018,"Avg Complaints Per Year along Date to Plot, Date To",2020,,195.292682927
8/12/2018,06 August 2018,"Upper Limit along Date to Plot, Date To",2020,,244.056523989
8/12/2018,06 August 2018,"Lower Limit along Date to Plot, Date To",2020,,146.528841865
8/19/2018,13 August 2018,Number of Complaints,2018,True,200
8/19/2018,13 August 2018,"Avg Complaints Per Year along Date to Plot, Date To",2018,True,218.735849057
8/19/2018,13 August 2018,"Upper Limit along Date to Plot, Date To",2018,True,260.955581475
8/19/2018,13 August 2018,"Lower Limit along Date to Plot, Date To",2018,True,176.516116638
8/19/2018,13 August 2018,Number of Complaints,2019,,
8/19/2018,13 August 2018,"Avg Complaints Per Year along Date to Plot, Date To",2019,,192.903846154
8/19/2018,13 August 2018,"Upper Limit along Date to Plot, Date To",2019,,232.768942006
8/19/2018,13 August 2018,"Lower Limit along Date to Plot, Date To",2019,,153.038750302
8/19/2018,13 August 2018,Number of Complaints,2020,,
8/19/2018,13 August 2018,"Avg Complaints Per Year along Date to Plot, Date To",2020,,195.292682927
8/19/2018,13 August 2018,"Upper Limit along Date to Plot, Date To",2020,,244.056523989
8/19/2018,13 August 2018,"Lower Limit along Date to Plot, Date To",2020,,146.528841865
8/26/2018,20 August 2018,Number of Complaints,2018,True,220
8/26/2018,20 August 2018,"Avg Complaints Per Year along Date to Plot, Date To",2018,True,218.735849057
8/26/2018,20 August 2018,"Upper Limit along Date to Plot, Date To",2018,True,260.955581475
8/26/2018,20 August 2018,"Lower Limit along Date to Plot, Date To",2018,True,176.516116638
8/26/2018,20 August 2018,Number of Complaints,2019,,
8/26/2018,20 August 2018,"Avg Complaints Per Year along Date to Plot, Date To",2019,,192.903846154
8/26/2018,20 August 2018,"Upper Limit along Date to Plot, Date To",2019,,232.768942006
8/26/2018,20 August 2018,"Lower Limit along Date to Plot, Date To",2019,,153.038750302
8/26/2018,20 August 2018,Number of Complaints,2020,,
8/26/2018,20 August 2018,"Avg Complaints Per Year along Date to Plot, Date To",2020,,195.292682927
8/26/2018,20 August 2018,"Upper Limit along Date to Plot, Date To",2020,,244.056523989
8/26/2018,20 August 2018,"Lower Limit along Date to Plot, Date To",2020,,146.528841865
9/2/2018,27 August 2018,Number of Complaints,2018,True,204
9/2/2018,27 August 2018,"Avg Complaints Per Year along Date to Plot, Date To",2018,True,218.735849057
9/2/2018,27 August 2018,"Upper Limit along Date to Plot, Date To",2018,True,260.955581475
9/2/2018,27 August 2018,"Lower Limit along Date to Plot, Date To",2018,True,176.516116638
9/2/2018,27 August 2018,Number of Complaints,2019,,
9/2/2018,27 August 2018,"Avg Complaints Per Year along Date to Plot, Date To",2019,,192.903846154
9/2/2018,27 August 2018,"Upper Limit along Date to Plot, Date To",2019,,232.768942006
9/2/2018,27 August 2018,"Lower Limit along Date to Plot, Date To",2019,,153.038750302
9/2/2018,27 August 2018,Number of Complaints,2020,,
9/2/2018,27 August 2018,"Avg Complaints Per Year along Date to Plot, Date To",2020,,195.292682927
9/2/2018,27 August 2018,"Upper Limit along Date to Plot, Date To",2020,,244.056523989
9/2/2018,27 August 2018,"Lower Limit along Date to Plot, Date To",2020,,146.528841865
9/9/2018,03 September 2018,Number of Complaints,2018,True,239
9/9/2018,03 September 2018,"Avg Complaints Per Year along Date to Plot, Date To",2018,True,218.735849057
9/9/2018,03 September 2018,"Upper Limit along Date to Plot, Date To",2018,True,260.955581475
9/9/2018,03 September 2018,"Lower Limit along Date to Plot, Date To",2018,True,176.516116638
9/9/2018,03 September 2018,Number of Complaints,2019,,
9/9/2018,03 September 2018,"Avg Complaints Per Year along Date to Plot, Date To",2019,,192.903846154
9/9/2018,03 September 2018,"Upper Limit along Date to Plot, Date To",2019,,232.768942006
9/9/2018,03 September 2018,"Lower Limit along Date to Plot, Date To",2019,,153.038750302
9/9/2018,03 September 2018,Number of Complaints,2020,,
9/9/2018,03 September 2018,"Avg Complaints Per Year along Date to Plot, Date To",2020,,195.292682927
9/9/2018,03 September 2018,"Upper Limit along Date to Plot, Date To",2020,,244.056523989
9/9/2018,03 September 2018,"Lower Limit along Date to Plot, Date To",2020,,146.528841865
9/16/2018,10 September 2018,Number of Complaints,2018,True,225
9/16/2018,10 September 2018,"Avg Complaints Per Year along Date to Plot, Date To",2018,True,218.735849057
9/16/2018,10 September 2018,"Upper Limit along Date to Plot, Date To",2018,True,260.955581475
9/16/2018,10 September 2018,"Lower Limit along Date to Plot, Date To",2018,True,176.516116638
9/16/2018,10 September 2018,Number of Complaints,2019,,
9/16/2018,10 September 2018,"Avg Complaints Per Year along Date to Plot, Date To",2019,,192.903846154
9/16/2018,10 September 2018,"Upper Limit along Date to Plot, Date To",2019,,232.768942006
9/16/2018,10 September 2018,"Lower Limit along Date to Plot, Date To",2019,,153.038750302
9/16/2018,10 September 2018,Number of Complaints,2020,,
9/16/2018,10 September 2018,"Avg Complaints Per Year along Date to Plot, Date To",2020,,195.292682927
9/16/2018,10 September 2018,"Upper Limit along Date to Plot, Date To",2020,,244.056523989
9/16/2018,10 September 2018,"Lower Limit along Date to Plot, Date To",2020,,146.528841865
9/23/2018,17 September 2018,Number of Complaints,2018,True,211
9/23/2018,17 September 2018,"Avg Complaints Per Year along Date to Plot, Date To",2018,True,218.735849057
9/23/2018,17 September 2018,"Upper Limit along Date to Plot, Date To",2018,True,260.955581475
9/23/2018,17 September 2018,"Lower Limit along Date to Plot, Date To",2018,True,176.516116638
9/23/2018,17 September 2018,Number of Complaints,2019,,
9/23/2018,17 September 2018,"Avg Complaints Per Year along Date to Plot, Date To",2019,,192.903846154
9/23/2018,17 September 2018,"Upper Limit along Date to Plot, Date To",2019,,232.768942006
9/23/2018,17 September 2018,"Lower Limit along Date to Plot, Date To",2019,,153.038750302
9/23/2018,17 September 2018,Number of Complaints,2020,,
9/23/2018,17 September 2018,"Avg Complaints Per Year along Date to Plot, Date To",2020,,195.292682927
9/23/2018,17 September 2018,"Upper Limit along Date to Plot, Date To",2020,,244.056523989
9/23/2018,17 September 2018,"Lower Limit along Date to Plot, Date To",2020,,146.528841865
9/30/2018,24 September 2018,Number of Complaints,2018,True,194
9/30/2018,24 September 2018,"Avg Complaints Per Year along Date to Plot, Date To",2018,True,218.735849057
9/30/2018,24 September 2018,"Upper Limit along Date to Plot, Date To",2018,True,260.955581475
9/30/2018,24 September 2018,"Lower Limit along Date to Plot, Date To",2018,True,176.516116638
9/30/2018,24 September 2018,Number of Complaints,2019,,
9/30/2018,24 September 2018,"Avg Complaints Per Year along Date to Plot, Date To",2019,,192.903846154
9/30/2018,24 September 2018,"Upper Limit along Date to Plot, Date To",2019,,232.768942006
9/30/2018,24 September 2018,"Lower Limit along Date to Plot, Date To",2019,,153.038750302
9/30/2018,24 September 2018,Number of Complaints,2020,,
9/30/2018,24 September 2018,"Avg Complaints Per Year along Date to Plot, Date To",2020,,195.292682927
9/30/2018,24 September 2018,"Upper Limit along Date to Plot, Date To",2020,,244.056523989
9/30/2018,24 September 2018,"Lower Limit along Date to Plot, Date To",2020,,146.528841865
10/7/2018,01 October 2018,Number of Complaints,2018,True,200
10/7/2018,01 October 2018,"Avg Complaints Per Year along Date to Plot, Date To",2018,True,218.735849057
10/7/2018,01 October 2018,"Upper Limit along Date to Plot, Date To",2018,True,260.955581475
10/7/2018,01 October 2018,"Lower Limit along Date to Plot, Date To",2018,True,176.516116638
10/7/2018,01 October 2018,Number of Complaints,2019,,
10/7/2018,01 October 2018,"Avg Complaints Per Year along Date to Plot, Date To",2019,,192.903846154
10/7/2018,01 October 2018,"Upper Limit along Date to Plot, Date To",2019,,232.768942006
10/7/2018,01 October 2018,"Lower Limit along Date to Plot, Date To",2019,,153.038750302
10/7/2018,01 October 2018,Number of Complaints,2020,,
10/7/2018,01 October 2018,"Avg Complaints Per Year along Date to Plot, Date To",2020,,195.292682927
10/7/2018,01 October 2018,"Upper Limit along Date to Plot, Date To",2020,,244.056523989
10/7/2018,01 October 2018,"Lower Limit along Date to Plot, Date To",2020,,146.528841865
10/14/2018,08 October 2018,Number of Complaints,2018,False,170
10/14/2018,08 October 2018,"Avg Complaints Per Year along Date to Plot, Date To",2018,False,218.735849057
10/14/2018,08 October 2018,"Upper Limit along Date to Plot, Date To",2018,False,260.955581475
10/14/2018,08 October 2018,"Lower Limit along Date to Plot, Date To",2018,False,176.516116638
10/14/2018,08 October 2018,Number of Complaints,2019,,
10/14/2018,08 October 2018,"Avg Complaints Per Year along Date to Plot, Date To",2019,,192.903846154
10/14/2018,08 October 2018,"Upper Limit along Date to Plot, Date To",2019,,232.768942006
10/14/2018,08 October 2018,"Lower Limit along Date to Plot, Date To",2019,,153.038750302
10/14/2018,08 October 2018,Number of Complaints,2020,,
10/14/2018,08 October 2018,"Avg Complaints Per Year along Date to Plot, Date To",2020,,195.292682927
10/14/2018,08 October 2018,"Upper Limit along Date to Plot, Date To",2020,,244.056523989
10/14/2018,08 October 2018,"Lower Limit along Date to Plot, Date To",2020,,146.528841865
10/21/2018,15 October 2018,Number of Complaints,2018,True,213
10/21/2018,15 October 2018,"Avg Complaints Per Year along Date to Plot, Date To",2018,True,218.735849057
10/21/2018,15 October 2018,"Upper Limit along Date to Plot, Date To",2018,True,260.955581475
10/21/2018,15 October 2018,"Lower Limit along Date to Plot, Date To",2018,True,176.516116638
10/21/2018,15 October 2018,Number of Complaints,2019,,
10/21/2018,15 October 2018,"Avg Complaints Per Year along Date to Plot, Date To",2019,,192.903846154
10/21/2018,15 October 2018,"Upper Limit along Date to Plot, Date To",2019,,232.768942006
10/21/2018,15 October 2018,"Lower Limit along Date to Plot, Date To",2019,,153.038750302
10/21/2018,15 October 2018,Number of Complaints,2020,,
10/21/2018,15 October 2018,"Avg Complaints Per Year along Date to Plot, Date To",2020,,195.292682927
10/21/2018,15 October 2018,"Upper Limit along Date to Plot, Date To",2020,,244.056523989
10/21/2018,15 October 2018,"Lower Limit along Date to Plot, Date To",2020,,146.528841865
10/28/2018,22 October 2018,Number of Complaints,2018,True,202
10/28/2018,22 October 2018,"Avg Complaints Per Year along Date to Plot, Date To",2018,True,218.735849057
10/28/2018,22 October 2018,"Upper Limit along Date to Plot, Date To",2018,True,260.955581475
10/28/2018,22 October 2018,"Lower Limit along Date to Plot, Date To",2018,True,176.516116638
10/28/2018,22 October 2018,Number of Complaints,2019,,
10/28/2018,22 October 2018,"Avg Complaints Per Year along Date to Plot, Date To",2019,,192.903846154
10/28/2018,22 October 2018,"Upper Limit along Date to Plot, Date To",2019,,232.768942006
10/28/2018,22 October 2018,"Lower Limit along Date to Plot, Date To",2019,,153.038750302
10/28/2018,22 October 2018,Number of Complaints,2020,,
10/28/2018,22 October 2018,"Avg Complaints Per Year along Date to Plot, Date To",2020,,195.292682927
10/28/2018,22 October 2018,"Upper Limit along Date to Plot, Date To",2020,,244.056523989
10/28/2018,22 October 2018,"Lower Limit along Date to Plot, Date To",2020,,146.528841865
11/4/2018,29 October 2018,Number of Complaints,2018,True,217
11/4/2018,29 October 2018,"Avg Complaints Per Year along Date to Plot, Date To",2018,True,218.735849057
11/4/2018,29 October 2018,"Upper Limit along Date to Plot, Date To",2018,True,260.955581475
11/4/2018,29 October 2018,"Lower Limit along Date to Plot, Date To",2018,True,176.516116638
11/4/2018,29 October 2018,Number of Complaints,2019,,
11/4/2018,29 October 2018,"Avg Complaints Per Year along Date to Plot, Date To",2019,,192.903846154
11/4/2018,29 October 2018,"Upper Limit along Date to Plot, Date To",2019,,232.768942006
11/4/2018,29 October 2018,"Lower Limit along Date to Plot, Date To",2019,,153.038750302
11/4/2018,29 October 2018,Number of Complaints,2020,,
11/4/2018,29 October 2018,"Avg Complaints Per Year along Date to Plot, Date To",2020,,195.292682927
11/4/2018,29 October 2018,"Upper Limit along Date to Plot, Date To",2020,,244.056523989
11/4/2018,29 October 2018,"Lower Limit along Date to Plot, Date To",2020,,146.528841865
11/11/2018,05 November 2018,Number of Complaints,2018,True,191
11/11/2018,05 November 2018,"Avg Complaints Per Year along Date to Plot, Date To",2018,True,218.735849057
11/11/2018,05 November 2018,"Upper Limit along Date to Plot, Date To",2018,True,260.955581475
11/11/2018,05 November 2018,"Lower Limit along Date to Plot, Date To",2018,True,176.516116638
11/11/2018,05 November 2018,Number of Complaints,2019,,
11/11/2018,05 November 2018,"Avg Complaints Per Year along Date to Plot, Date To",2019,,192.903846154
11/11/2018,05 November 2018,"Upper Limit along Date to Plot, Date To",2019,,232.768942006
11/11/2018,05 November 2018,"Lower Limit along Date to Plot, Date To",2019,,153.038750302
11/11/2018,05 November 2018,Number of Complaints,2020,,
11/11/2018,05 November 2018,"Avg Complaints Per Year along Date to Plot, Date To",2020,,195.292682927
11/11/2018,05 November 2018,"Upper Limit along Date to Plot, Date To",2020,,244.056523989
11/11/2018,05 November 2018,"Lower Limit along Date to Plot, Date To",2020,,146.528841865
11/18/2018,12 November 2018,Number of Complaints,2018,False,164
11/18/2018,12 November 2018,"Avg Complaints Per Year along Date to Plot, Date To",2018,False,218.735849057
11/18/2018,12 November 2018,"Upper Limit along Date to Plot, Date To",2018,False,260.955581475
11/18/2018,12 November 2018,"Lower Limit along Date to Plot, Date To",2018,False,176.516116638
11/18/2018,12 November 2018,Number of Complaints,2019,,
11/18/2018,12 November 2018,"Avg Complaints Per Year along Date to Plot, Date To",2019,,192.903846154
11/18/2018,12 November 2018,"Upper Limit along Date to Plot, Date To",2019,,232.768942006
11/18/2018,12 November 2018,"Lower Limit along Date to Plot, Date To",2019,,153.038750302
11/18/2018,12 November 2018,Number of Complaints,2020,,
11/18/2018,12 November 2018,"Avg Complaints Per Year along Date to Plot, Date To",2020,,195.292682927
11/18/2018,12 November 2018,"Upper Limit along Date to Plot, Date To",2020,,244.056523989
11/18/2018,12 November 2018,"Lower Limit along Date to Plot, Date To",2020,,146.528841865
11/25/2018,19 November 2018,Number of Complaints,2018,False,173
11/25/2018,19 November 2018,"Avg Complaints Per Year along Date to Plot, Date To",2018,False,218.735849057
11/25/2018,19 November 2018,"Upper Limit along Date to Plot, Date To",2018,False,260.955581475
11/25/2018,19 November 2018,"Lower Limit along Date to Plot, Date To",2018,False,176.516116638
11/25/2018,19 November 2018,Number of Complaints,2019,,
11/25/2018,19 November 2018,"Avg Complaints Per Year along Date to Plot, Date To",2019,,192.903846154
11/25/2018,19 November 2018,"Upper Limit along Date to Plot, Date To",2019,,232.768942006
11/25/2018,19 November 2018,"Lower Limit along Date to Plot, Date To",2019,,153.038750302
11/25/2018,19 November 2018,Number of Complaints,2020,,
11/25/2018,19 November 2018,"Avg Complaints Per Year along Date to Plot, Date To",2020,,195.292682927
11/25/2018,19 November 2018,"Upper Limit along Date to Plot, Date To",2020,,244.056523989
11/25/2018,19 November 2018,"Lower Limit along Date to Plot, Date To",2020,,146.528841865
12/2/2018,26 November 2018,Number of Complaints,2018,True,214
12/2/2018,26 November 2018,"Avg Complaints Per Year along Date to Plot, Date To",2018,True,218.735849057
12/2/2018,26 November 2018,"Upper Limit along Date to Plot, Date To",2018,True,260.955581475
12/2/2018,26 November 2018,"Lower Limit along Date to Plot, Date To",2018,True,176.516116638
12/2/2018,26 November 2018,Number of Complaints,2019,,
12/2/2018,26 November 2018,"Avg Complaints Per Year along Date to Plot, Date To",2019,,192.903846154
12/2/2018,26 November 2018,"Upper Limit along Date to Plot, Date To",2019,,232.768942006
12/2/2018,26 November 2018,"Lower Limit along Date to Plot, Date To",2019,,153.038750302
12/2/2018,26 November 2018,Number of Complaints,2020,,
12/2/2018,26 November 2018,"Avg Complaints Per Year along Date to Plot, Date To",2020,,195.292682927
12/2/2018,26 November 2018,"Upper Limit along Date to Plot, Date To",2020,,244.056523989
12/2/2018,26 November 2018,"Lower Limit along Date to Plot, Date To",2020,,146.528841865
12/9/2018,03 December 2018,Number of Complaints,2018,True,178
12/9/2018,03 December 2018,"Avg Complaints Per Year along Date to Plot, Date To",2018,True,218.735849057
12/9/2018,03 December 2018,"Upper Limit along Date to Plot, Date To",2018,True,260.955581475
12/9/2018,03 December 2018,"Lower Limit along Date to Plot, Date To",2018,True,176.516116638
12/9/2018,03 December 2018,Number of Complaints,2019,,
12/9/2018,03 December 2018,"Avg Complaints Per Year along Date to Plot, Date To",2019,,192.903846154
12/9/2018,03 December 2018,"Upper Limit along Date to Plot, Date To",2019,,232.768942006
12/9/2018,03 December 2018,"Lower Limit along Date to Plot, Date To",2019,,153.038750302
12/9/2018,03 December 2018,Number of Complaints,2020,,
12/9/2018,03 December 2018,"Avg Complaints Per Year along Date to Plot, Date To",2020,,195.292682927
12/9/2018,03 December 2018,"Upper Limit along Date to Plot, Date To",2020,,244.056523989
12/9/2018,03 December 2018,"Lower Limit along Date to Plot, Date To",2020,,146.528841865
12/16/2018,10 December 2018,Number of Complaints,2018,True,231
12/16/2018,10 December 2018,"Avg Complaints Per Year along Date to Plot, Date To",2018,True,218.735849057
12/16/2018,10 December 2018,"Upper Limit along Date to Plot, Date To",2018,True,260.955581475
12/16/2018,10 December 2018,"Lower Limit along Date to Plot, Date To",2018,True,176.516116638
12/16/2018,10 December 2018,Number of Complaints,2019,,
12/16/2018,10 December 2018,"Avg Complaints Per Year along Date to Plot, Date To",2019,,192.903846154
12/16/2018,10 December 2018,"Upper Limit along Date to Plot, Date To",2019,,232.768942006
12/16/2018,10 December 2018,"Lower Limit along Date to Plot, Date To",2019,,153.038750302
12/16/2018,10 December 2018,Number of Complaints,2020,,
12/16/2018,10 December 2018,"Avg Complaints Per Year along Date to Plot, Date To",2020,,195.292682927
12/16/2018,10 December 2018,"Upper Limit along Date to Plot, Date To",2020,,244.056523989
12/16/2018,10 December 2018,"Lower Limit along Date to Plot, Date To",2020,,146.528841865
12/23/2018,17 December 2018,Number of Complaints,2018,True,221
12/23/2018,17 December 2018,"Avg Complaints Per Year along Date to Plot, Date To",2018,True,218.735849057
12/23/2018,17 December 2018,"Upper Limit along Date to Plot, Date To",2018,True,260.955581475
12/23/2018,17 December 2018,"Lower Limit along Date to Plot, Date To",2018,True,176.516116638
12/23/2018,17 December 2018,Number of Complaints,2019,,
12/23/2018,17 December 2018,"Avg Complaints Per Year along Date to Plot, Date To",2019,,192.903846154
12/23/2018,17 December 2018,"Upper Limit along Date to Plot, Date To",2019,,232.768942006
12/23/2018,17 December 2018,"Lower Limit along Date to Plot, Date To",2019,,153.038750302
12/23/2018,17 December 2018,Number of Complaints,2020,,
12/23/2018,17 December 2018,"Avg Complaints Per Year along Date to Plot, Date To",2020,,195.292682927
12/23/2018,17 December 2018,"Upper Limit along Date to Plot, Date To",2020,,244.056523989
12/23/2018,17 December 2018,"Lower Limit along Date to Plot, Date To",2020,,146.528841865
12/30/2018,24 December 2018,Number of Complaints,2018,True,181
12/30/2018,24 December 2018,"Avg Complaints Per Year along Date to Plot, Date To",2018,True,218.735849057
12/30/2018,24 December 2018,"Upper Limit along Date to Plot, Date To",2018,True,260.955581475
12/30/2018,24 December 2018,"Lower Limit along Date to Plot, Date To",2018,True,176.516116638
12/30/2018,24 December 2018,Number of Complaints,2019,,
12/30/2018,24 December 2018,"Avg Complaints Per Year along Date to Plot, Date To",2019,,192.903846154
12/30/2018,24 December 2018,"Upper Limit along Date to Plot, Date To",2019,,232.768942006
12/30/2018,24 December 2018,"Lower Limit along Date to Plot, Date To",2019,,153.038750302
12/30/2018,24 December 2018,Number of Complaints,2020,,
12/30/2018,24 December 2018,"Avg Complaints Per Year along Date to Plot, Date To",2020,,195.292682927
12/30/2018,24 December 2018,"Upper Limit along Date to Plot, Date To",2020,,244.056523989
12/30/2018,24 December 2018,"Lower Limit along Date to Plot, Date To",2020,,146.528841865
1/6/2019,31 December 2018,Number of Complaints,2018,False,159
1/6/2019,31 December 2018,"Avg Complaints Per Year along Date to Plot, Date To",2018,False,218.735849057
1/6/2019,31 December 2018,"Upper Limit along Date to Plot, Date To",2018,False,260.955581475
1/6/2019,31 December 2018,"Lower Limit along Date to Plot, Date To",2018,False,176.516116638
1/6/2019,31 December 2018,Number of Complaints,2019,,
1/6/2019,31 December 2018,"Avg Complaints Per Year along Date to Plot, Date To",2019,,192.903846154
1/6/2019,31 December 2018,"Upper Limit along Date to Plot, Date To",2019,,232.768942006
1/6/2019,31 December 2018,"Lower Limit along Date to Plot, Date To",2019,,153.038750302
1/6/2019,31 December 2018,Number of Complaints,2020,,
1/6/2019,31 December 2018,"Avg Complaints Per Year along Date to Plot, Date To",2020,,195.292682927
1/6/2019,31 December 2018,"Upper Limit along Date to Plot, Date To",2020,,244.056523989
1/6/2019,31 December 2018,"Lower Limit along Date to Plot, Date To",2020,,146.528841865
1/13/2019,07 January 2019,Number of Complaints,2018,,
1/13/2019,07 January 2019,"Avg Complaints Per Year along Date to Plot, Date To",2018,,218.735849057
1/13/2019,07 January 2019,"Upper Limit along Date to Plot, Date To",2018,,260.955581475
1/13/2019,07 January 2019,"Lower Limit along Date to Plot, Date To",2018,,176.516116638
1/13/2019,07 January 2019,Number of Complaints,2019,True,193
1/13/2019,07 January 2019,"Avg Complaints Per Year along Date to Plot, Date To",2019,True,192.903846154
1/13/2019,07 January 2019,"Upper Limit along Date to Plot, Date To",2019,True,232.768942006
1/13/2019,07 January 2019,"Lower Limit along Date to Plot, Date To",2019,True,153.038750302
1/13/2019,07 January 2019,Number of Complaints,2020,,
1/13/2019,07 January 2019,"Avg Complaints Per Year along Date to Plot, Date To",2020,,195.292682927
1/13/2019,07 January 2019,"Upper Limit along Date to Plot, Date To",2020,,244.056523989
1/13/2019,07 January 2019,"Lower Limit along Date to Plot, Date To",2020,,146.528841865
1/20/2019,14 January 2019,Number of Complaints,2018,,
1/20/2019,14 January 2019,"Avg Complaints Per Year along Date to Plot, Date To",2018,,218.735849057
1/20/2019,14 January 2019,"Upper Limit along Date to Plot, Date To",2018,,260.955581475
1/20/2019,14 January 2019,"Lower Limit along Date to Plot, Date To",2018,,176.516116638
1/20/2019,14 January 2019,Number of Complaints,2019,True,186
1/20/2019,14 January 2019,"Avg Complaints Per Year along Date to Plot, Date To",2019,True,192.903846154
1/20/2019,14 January 2019,"Upper Limit along Date to Plot, Date To",2019,True,232.768942006
1/20/2019,14 January 2019,"Lower Limit along Date to Plot, Date To",2019,True,153.038750302
1/20/2019,14 January 2019,Number of Complaints,2020,,
1/20/2019,14 January 2019,"Avg Complaints Per Year along Date to Plot, Date To",2020,,195.292682927
1/20/2019,14 January 2019,"Upper Limit along Date to Plot, Date To",2020,,244.056523989
1/20/2019,14 January 2019,"Lower Limit along Date to Plot, Date To",2020,,146.528841865
1/27/2019,21 January 2019,Number of Complaints,2018,,
1/27/2019,21 January 2019,"Avg Complaints Per Year along Date to Plot, Date To",2018,,218.735849057
1/27/2019,21 January 2019,"Upper Limit along Date to Plot, Date To",2018,,260.955581475
1/27/2019,21 January 2019,"Lower Limit along Date to Plot, Date To",2018,,176.516116638
1/27/2019,21 January 2019,Number of Complaints,2019,True,174
1/27/2019,21 January 2019,"Avg Complaints Per Year along Date to Plot, Date To",2019,True,192.903846154
1/27/2019,21 January 2019,"Upper Limit along Date to Plot, Date To",2019,True,232.768942006
1/27/2019,21 January 2019,"Lower Limit along Date to Plot, Date To",2019,True,153.038750302
1/27/2019,21 January 2019,Number of Complaints,2020,,
1/27/2019,21 January 2019,"Avg Complaints Per Year along Date to Plot, Date To",2020,,195.292682927
1/27/2019,21 January 2019,"Upper Limit along Date to Plot, Date To",2020,,244.056523989
1/27/2019,21 January 2019,"Lower Limit along Date to Plot, Date To",2020,,146.528841865
2/3/2019,28 January 2019,Number of Complaints,2018,,
2/3/2019,28 January 2019,"Avg Complaints Per Year along Date to Plot, Date To",2018,,218.735849057
2/3/2019,28 January 2019,"Upper Limit along Date to Plot, Date To",2018,,260.955581475
2/3/2019,28 January 2019,"Lower Limit along Date to Plot, Date To",2018,,176.516116638
2/3/2019,28 January 2019,Number of Complaints,2019,True,196
2/3/2019,28 January 2019,"Avg Complaints Per Year along Date to Plot, Date To",2019,True,192.903846154
2/3/2019,28 January 2019,"Upper Limit along Date to Plot, Date To",2019,True,232.768942006
2/3/2019,28 January 2019,"Lower Limit along Date to Plot, Date To",2019,True,153.038750302
2/3/2019,28 January 2019,Number of Complaints,2020,,
2/3/2019,28 January 2019,"Avg Complaints Per Year along Date to Plot, Date To",2020,,195.292682927
2/3/2019,28 January 2019,"Upper Limit along Date to Plot, Date To",2020,,244.056523989
2/3/2019,28 January 2019,"Lower Limit along Date to Plot, Date To",2020,,146.528841865
2/10/2019,04 February 2019,Number of Complaints,2018,,
2/10/2019,04 February 2019,"Avg Complaints Per Year along Date to Plot, Date To",2018,,218.735849057
2/10/2019,04 February 2019,"Upper Limit along Date to Plot, Date To",2018,,260.955581475
2/10/2019,04 February 2019,"Lower Limit along Date to Plot, Date To",2018,,176.516116638
2/10/2019,04 February 2019,Number of Complaints,2019,True,187
2/10/2019,04 February 2019,"Avg Complaints Per Year along Date to Plot, Date To",2019,True,192.903846154
2/10/2019,04 February 2019,"Upper Limit along Date to Plot, Date To",2019,True,232.768942006
2/10/2019,04 February 2019,"Lower Limit along Date to Plot, Date To",2019,True,153.038750302
2/10/2019,04 February 2019,Number of Complaints,2020,,
2/10/2019,04 February 2019,"Avg Complaints Per Year along Date to Plot, Date To",2020,,195.292682927
2/10/2019,04 February 2019,"Upper Limit along Date to Plot, Date To",2020,,244.056523989
2/10/2019,04 February 2019,"Lower Limit along Date to Plot, Date To",2020,,146.528841865
2/17/2019,11 February 2019,Number of Complaints,2018,,
2/17/2019,11 February 2019,"Avg Complaints Per Year along Date to Plot, Date To",2018,,218.735849057
2/17/2019,11 February 2019,"Upper Limit along Date to Plot, Date To",2018,,260.955581475
2/17/2019,11 February 2019,"Lower Limit along Date to Plot, Date To",2018,,176.516116638
2/17/2019,11 February 2019,Number of Complaints,2019,False,103
2/17/2019,11 February 2019,"Avg Complaints Per Year along Date to Plot, Date To",2019,False,192.903846154
2/17/2019,11 February 2019,"Upper Limit along Date to Plot, Date To",2019,False,232.768942006
2/17/2019,11 February 2019,"Lower Limit along Date to Plot, Date To",2019,False,153.038750302
2/17/2019,11 February 2019,Number of Complaints,2020,,
2/17/2019,11 February 2019,"Avg Complaints Per Year along Date to Plot, Date To",2020,,195.292682927
2/17/2019,11 February 2019,"Upper Limit along Date to Plot, Date To",2020,,244.056523989
2/17/2019,11 February 2019,"Lower Limit along Date to Plot, Date To",2020,,146.528841865
2/24/2019,18 February 2019,Number of Complaints,2018,,
2/24/2019,18 February 2019,"Avg Complaints Per Year along Date to Plot, Date To",2018,,218.735849057
2/24/2019,18 February 2019,"Upper Limit along Date to Plot, Date To",2018,,260.955581475
2/24/2019,18 February 2019,"Lower Limit along Date to Plot, Date To",2018,,176.516116638
2/24/2019,18 February 2019,Number of Complaints,2019,True,185
2/24/2019,18 February 2019,"Avg Complaints Per Year along Date to Plot, Date To",2019,True,192.903846154
2/24/2019,18 February 2019,"Upper Limit along Date to Plot, Date To",2019,True,232.768942006
2/24/2019,18 February 2019,"Lower Limit along Date to Plot, Date To",2019,True,153.038750302
2/24/2019,18 February 2019,Number of Complaints,2020,,
2/24/2019,18 February 2019,"Avg Complaints Per Year along Date to Plot, Date To",2020,,195.292682927
2/24/2019,18 February 2019,"Upper Limit along Date to Plot, Date To",2020,,244.056523989
2/24/2019,18 February 2019,"Lower Limit along Date to Plot, Date To",2020,,146.528841865
3/3/2019,25 February 2019,Number of Complaints,2018,,
3/3/2019,25 February 2019,"Avg Complaints Per Year along Date to Plot, Date To",2018,,218.735849057
3/3/2019,25 February 2019,"Upper Limit along Date to Plot, Date To",2018,,260.955581475
3/3/2019,25 February 2019,"Lower Limit along Date to Plot, Date To",2018,,176.516116638
3/3/2019,25 February 2019,Number of Complaints,2019,False,152
3/3/2019,25 February 2019,"Avg Complaints Per Year along Date to Plot, Date To",2019,False,192.903846154
3/3/2019,25 February 2019,"Upper Limit along Date to Plot, Date To",2019,False,232.768942006
3/3/2019,25 February 2019,"Lower Limit along Date to Plot, Date To",2019,False,153.038750302
3/3/2019,25 February 2019,Number of Complaints,2020,,
3/3/2019,25 February 2019,"Avg Complaints Per Year along Date to Plot, Date To",2020,,195.292682927
3/3/2019,25 February 2019,"Upper Limit along Date to Plot, Date To",2020,,244.056523989
3/3/2019,25 February 2019,"Lower Limit along Date to Plot, Date To",2020,,146.528841865
3/10/2019,04 March 2019,Number of Complaints,2018,,
3/10/2019,04 March 2019,"Avg Complaints Per Year along Date to Plot, Date To",2018,,218.735849057
3/10/2019,04 March 2019,"Upper Limit along Date to Plot, Date To",2018,,260.955581475
3/10/2019,04 March 2019,"Lower Limit along Date to Plot, Date To",2018,,176.516116638
3/10/2019,04 March 2019,Number of Complaints,2019,True,159
3/10/2019,04 March 2019,"Avg Complaints Per Year along Date to Plot, Date To",2019,True,192.903846154
3/10/2019,04 March 2019,"Upper Limit along Date to Plot, Date To",2019,True,232.768942006
3/10/2019,04 March 2019,"Lower Limit along Date to Plot, Date To",2019,True,153.038750302
3/10/2019,04 March 2019,Number of Complaints,2020,,
3/10/2019,04 March 2019,"Avg Complaints Per Year along Date to Plot, Date To",2020,,195.292682927
3/10/2019,04 March 2019,"Upper Limit along Date to Plot, Date To",2020,,244.056523989
3/10/2019,04 March 2019,"Lower Limit along Date to Plot, Date To",2020,,146.528841865
3/17/2019,11 March 2019,Number of Complaints,2018,,
3/17/2019,11 March 2019,"Avg Complaints Per Year along Date to Plot, Date To",2018,,218.735849057
3/17/2019,11 March 2019,"Upper Limit along Date to Plot, Date To",2018,,260.955581475
3/17/2019,11 March 2019,"Lower Limit along Date to Plot, Date To",2018,,176.516116638
3/17/2019,11 March 2019,Number of Complaints,2019,True,210
3/17/2019,11 March 2019,"Avg Complaints Per Year along Date to Plot, Date To",2019,True,192.903846154
3/17/2019,11 March 2019,"Upper Limit along Date to Plot, Date To",2019,True,232.768942006
3/17/2019,11 March 2019,"Lower Limit along Date to Plot, Date To",2019,True,153.038750302
3/17/2019,11 March 2019,Number of Complaints,2020,,
3/17/2019,11 March 2019,"Avg Complaints Per Year along Date to Plot, Date To",2020,,195.292682927
3/17/2019,11 March 2019,"Upper Limit along Date to Plot, Date To",2020,,244.056523989
3/17/2019,11 March 2019,"Lower Limit along Date to Plot, Date To",2020,,146.528841865
3/24/2019,18 March 2019,Number of Complaints,2018,,
3/24/2019,18 March 2019,"Avg Complaints Per Year along Date to Plot, Date To",2018,,218.735849057
3/24/2019,18 March 2019,"Upper Limit along Date to Plot, Date To",2018,,260.955581475
3/24/2019,18 March 2019,"Lower Limit along Date to Plot, Date To",2018,,176.516116638
3/24/2019,18 March 2019,Number of Complaints,2019,True,211
3/24/2019,18 March 2019,"Avg Complaints Per Year along Date to Plot, Date To",2019,True,192.903846154
3/24/2019,18 March 2019,"Upper Limit along Date to Plot, Date To",2019,True,232.768942006
3/24/2019,18 March 2019,"Lower Limit along Date to Plot, Date To",2019,True,153.038750302
3/24/2019,18 March 2019,Number of Complaints,2020,,
3/24/2019,18 March 2019,"Avg Complaints Per Year along Date to Plot, Date To",2020,,195.292682927
3/24/2019,18 March 2019,"Upper Limit along Date to Plot, Date To",2020,,244.056523989
3/24/2019,18 March 2019,"Lower Limit along Date to Plot, Date To",2020,,146.528841865
3/31/2019,25 March 2019,Number of Complaints,2018,,
3/31/2019,25 March 2019,"Avg Complaints Per Year along Date to Plot, Date To",2018,,218.735849057
3/31/2019,25 March 2019,"Upper Limit along Date to Plot, Date To",2018,,260.955581475
3/31/2019,25 March 2019,"Lower Limit along Date to Plot, Date To",2018,,176.516116638
3/31/2019,25 March 2019,Number of Complaints,2019,False,246
3/31/2019,25 March 2019,"Avg Complaints Per Year along Date to Plot, Date To",2019,False,192.903846154
3/31/2019,25 March 2019,"Upper Limit along Date to Plot, Date To",2019,False,232.768942006
3/31/2019,25 March 2019,"Lower Limit along Date to Plot, Date To",2019,False,153.038750302
3/31/2019,25 March 2019,Number of Complaints,2020,,
3/31/2019,25 March 2019,"Avg Complaints Per Year along Date to Plot, Date To",2020,,195.292682927
3/31/2019,25 March 2019,"Upper Limit along Date to Plot, Date To",2020,,244.056523989
3/31/2019,25 March 2019,"Lower Limit along Date to Plot, Date To",2020,,146.528841865
4/7/2019,01 April 2019,Number of Complaints,2018,,
4/7/2019,01 April 2019,"Avg Complaints Per Year along Date to Plot, Date To",2018,,218.735849057
4/7/2019,01 April 2019,"Upper Limit along Date to Plot, Date To",2018,,260.955581475
4/7/2019,01 April 2019,"Lower Limit along Date to Plot, Date To",2018,,176.516116638
4/7/2019,01 April 2019,Number of Complaints,2019,True,229
4/7/2019,01 April 2019,"Avg Complaints Per Year along Date to Plot, Date To",2019,True,192.903846154
4/7/2019,01 April 2019,"Upper Limit along Date to Plot, Date To",2019,True,232.768942006
4/7/2019,01 April 2019,"Lower Limit along Date to Plot, Date To",2019,True,153.038750302
4/7/2019,01 April 2019,Number of Complaints,2020,,
4/7/2019,01 April 2019,"Avg Complaints Per Year along Date to Plot, Date To",2020,,195.292682927
4/7/2019,01 April 2019,"Upper Limit along Date to Plot, Date To",2020,,244.056523989
4/7/2019,01 April 2019,"Lower Limit along Date to Plot, Date To",2020,,146.528841865
4/14/2019,08 April 2019,Number of Complaints,2018,,
4/14/2019,08 April 2019,"Avg Complaints Per Year along Date to Plot, Date To",2018,,218.735849057
4/14/2019,08 April 2019,"Upper Limit along Date to Plot, Date To",2018,,260.955581475
4/14/2019,08 April 2019,"Lower Limit along Date to Plot, Date To",2018,,176.516116638
4/14/2019,08 April 2019,Number of Complaints,2019,True,195
4/14/2019,08 April 2019,"Avg Complaints Per Year along Date to Plot, Date To",2019,True,192.903846154
4/14/2019,08 April 2019,"Upper Limit along Date to Plot, Date To",2019,True,232.768942006
4/14/2019,08 April 2019,"Lower Limit along Date to Plot, Date To",2019,True,153.038750302
4/14/2019,08 April 2019,Number of Complaints,2020,,
4/14/2019,08 April 2019,"Avg Complaints Per Year along Date to Plot, Date To",2020,,195.292682927
4/14/2019,08 April 2019,"Upper Limit along Date to Plot, Date To",2020,,244.056523989
4/14/2019,08 April 2019,"Lower Limit along Date to Plot, Date To",2020,,146.528841865
4/21/2019,15 April 2019,Number of Complaints,2018,,
4/21/2019,15 April 2019,"Avg Complaints Per Year along Date to Plot, Date To",2018,,218.735849057
4/21/2019,15 April 2019,"Upper Limit along Date to Plot, Date To",2018,,260.955581475
4/21/2019,15 April 2019,"Lower Limit along Date to Plot, Date To",2018,,176.516116638
4/21/2019,15 April 2019,Number of Complaints,2019,False,256
4/21/2019,15 April 2019,"Avg Complaints Per Year along Date to Plot, Date To",2019,False,192.903846154
4/21/2019,15 April 2019,"Upper Limit along Date to Plot, Date To",2019,False,232.768942006
4/21/2019,15 April 2019,"Lower Limit along Date to Plot, Date To",2019,False,153.038750302
4/21/2019,15 April 2019,Number of Complaints,2020,,
4/21/2019,15 April 2019,"Avg Complaints Per Year along Date to Plot, Date To",2020,,195.292682927
4/21/2019,15 April 2019,"Upper Limit along Date to Plot, Date To",2020,,244.056523989
4/21/2019,15 April 2019,"Lower Limit along Date to Plot, Date To",2020,,146.528841865
4/28/2019,22 April 2019,Number of Complaints,2018,,
4/28/2019,22 April 2019,"Avg Complaints Per Year along Date to Plot, Date To",2018,,218.735849057
4/28/2019,22 April 2019,"Upper Limit along Date to Plot, Date To",2018,,260.955581475
4/28/2019,22 April 2019,"Lower Limit along Date to Plot, Date To",2018,,176.516116638
4/28/2019,22 April 2019,Number of Complaints,2019,True,219
4/28/2019,22 April 2019,"Avg Complaints Per Year along Date to Plot, Date To",2019,True,192.903846154
4/28/2019,22 April 2019,"Upper Limit along Date to Plot, Date To",2019,True,232.768942006
4/28/2019,22 April 2019,"Lower Limit along Date to Plot, Date To",2019,True,153.038750302
4/28/2019,22 April 2019,Number of Complaints,2020,,
4/28/2019,22 April 2019,"Avg Complaints Per Year along Date to Plot, Date To",2020,,195.292682927
4/28/2019,22 April 2019,"Upper Limit along Date to Plot, Date To",2020,,244.056523989
4/28/2019,22 April 2019,"Lower Limit along Date to Plot, Date To",2020,,146.528841865
5/5/2019,29 April 2019,Number of Complaints,2018,,
5/5/2019,29 April 2019,"Avg Complaints Per Year along Date to Plot, Date To",2018,,218.735849057
5/5/2019,29 April 2019,"Upper Limit along Date to Plot, Date To",2018,,260.955581475
5/5/2019,29 April 2019,"Lower Limit along Date to Plot, Date To",2018,,176.516116638
5/5/2019,29 April 2019,Number of Complaints,2019,False,253
5/5/2019,29 April 2019,"Avg Complaints Per Year along Date to Plot, Date To",2019,False,192.903846154
5/5/2019,29 April 2019,"Upper Limit along Date to Plot, Date To",2019,False,232.768942006
5/5/2019,29 April 2019,"Lower Limit along Date to Plot, Date To",2019,False,153.038750302
5/5/2019,29 April 2019,Number of Complaints,2020,,
5/5/2019,29 April 2019,"Avg Complaints Per Year along Date to Plot, Date To",2020,,195.292682927
5/5/2019,29 April 2019,"Upper Limit along Date to Plot, Date To",2020,,244.056523989
5/5/2019,29 April 2019,"Lower Limit along Date to Plot, Date To",2020,,146.528841865
5/12/2019,06 May 2019,Number of Complaints,2018,,
5/12/2019,06 May 2019,"Avg Complaints Per Year along Date to Plot, Date To",2018,,218.735849057
5/12/2019,06 May 2019,"Upper Limit along Date to Plot, Date To",2018,,260.955581475
5/12/2019,06 May 2019,"Lower Limit along Date to Plot, Date To",2018,,176.516116638
5/12/2019,06 May 2019,Number of Complaints,2019,True,198
5/12/2019,06 May 2019,"Avg Complaints Per Year along Date to Plot, Date To",2019,True,192.903846154
5/12/2019,06 May 2019,"Upper Limit along Date to Plot, Date To",2019,True,232.768942006
5/12/2019,06 May 2019,"Lower Limit along Date to Plot, Date To",2019,True,153.038750302
5/12/2019,06 May 2019,Number of Complaints,2020,,
5/12/2019,06 May 2019,"Avg Complaints Per Year along Date to Plot, Date To",2020,,195.292682927
5/12/2019,06 May 2019,"Upper Limit along Date to Plot, Date To",2020,,244.056523989
5/12/2019,06 May 2019,"Lower Limit along Date to Plot, Date To",2020,,146.528841865
5/19/2019,13 May 2019,Number of Complaints,2018,,
5/19/2019,13 May 2019,"Avg Complaints Per Year along Date to Plot, Date To",2018,,218.735849057
5/19/2019,13 May 2019,"Upper Limit along Date to Plot, Date To",2018,,260.955581475
5/19/2019,13 May 2019,"Lower Limit along Date to Plot, Date To",2018,,176.516116638
5/19/2019,13 May 2019,Number of Complaints,2019,True,198
5/19/2019,13 May 2019,"Avg Complaints Per Year along Date to Plot, Date To",2019,True,192.903846154
5/19/2019,13 May 2019,"Upper Limit along Date to Plot, Date To",2019,True,232.768942006
5/19/2019,13 May 2019,"Lower Limit along Date to Plot, Date To",2019,True,153.038750302
5/19/2019,13 May 2019,Number of Complaints,2020,,
5/19/2019,13 May 2019,"Avg Complaints Per Year along Date to Plot, Date To",2020,,195.292682927
5/19/2019,13 May 2019,"Upper Limit along Date to Plot, Date To",2020,,244.056523989
5/19/2019,13 May 2019,"Lower Limit along Date to Plot, Date To",2020,,146.528841865
5/26/2019,20 May 2019,Number of Complaints,2018,,
5/26/2019,20 May 2019,"Avg Complaints Per Year along Date to Plot, Date To",2018,,218.735849057
5/26/2019,20 May 2019,"Upper Limit along Date to Plot, Date To",2018,,260.955581475
5/26/2019,20 May 2019,"Lower Limit along Date to Plot, Date To",2018,,176.516116638
5/26/2019,20 May 2019,Number of Complaints,2019,True,223
5/26/2019,20 May 2019,"Avg Complaints Per Year along Date to Plot, Date To",2019,True,192.903846154
5/26/2019,20 May 2019,"Upper Limit along Date to Plot, Date To",2019,True,232.768942006
5/26/2019,20 May 2019,"Lower Limit along Date to Plot, Date To",2019,True,153.038750302
5/26/2019,20 May 2019,Number of Complaints,2020,,
5/26/2019,20 May 2019,"Avg Complaints Per Year along Date to Plot, Date To",2020,,195.292682927
5/26/2019,20 May 2019,"Upper Limit along Date to Plot, Date To",2020,,244.056523989
5/26/2019,20 May 2019,"Lower Limit along Date to Plot, Date To",2020,,146.528841865
6/2/2019,27 May 2019,Number of Complaints,2018,,
6/2/2019,27 May 2019,"Avg Complaints Per Year along Date to Plot, Date To",2018,,218.735849057
6/2/2019,27 May 2019,"Upper Limit along Date to Plot, Date To",2018,,260.955581475
6/2/2019,27 May 2019,"Lower Limit along Date to Plot, Date To",2018,,176.516116638
6/2/2019,27 May 2019,Number of Complaints,2019,False,346
6/2/2019,27 May 2019,"Avg Complaints Per Year along Date to Plot, Date To",2019,False,192.903846154
6/2/2019,27 May 2019,"Upper Limit along Date to Plot, Date To",2019,False,232.768942006
6/2/2019,27 May 2019,"Lower Limit along Date to Plot, Date To",2019,False,153.038750302
6/2/2019,27 May 2019,Number of Complaints,2020,,
6/2/2019,27 May 2019,"Avg Complaints Per Year along Date to Plot, Date To",2020,,195.292682927
6/2/2019,27 May 2019,"Upper Limit along Date to Plot, Date To",2020,,244.056523989
6/2/2019,27 May 2019,"Lower Limit along Date to Plot, Date To",2020,,146.528841865
6/9/2019,03 June 2019,Number of Complaints,2018,,
6/9/2019,03 June 2019,"Avg Complaints Per Year along Date to Plot, Date To",2018,,218.735849057
6/9/2019,03 June 2019,"Upper Limit along Date to Plot, Date To",2018,,260.955581475
6/9/2019,03 June 2019,"Lower Limit along Date to Plot, Date To",2018,,176.516116638
6/9/2019,03 June 2019,Number of Complaints,2019,True,209
6/9/2019,03 June 2019,"Avg Complaints Per Year along Date to Plot, Date To",2019,True,192.903846154
6/9/2019,03 June 2019,"Upper Limit along Date to Plot, Date To",2019,True,232.768942006
6/9/2019,03 June 2019,"Lower Limit along Date to Plot, Date To",2019,True,153.038750302
6/9/2019,03 June 2019,Number of Complaints,2020,,
6/9/2019,03 June 2019,"Avg Complaints Per Year along Date to Plot, Date To",2020,,195.292682927
6/9/2019,03 June 2019,"Upper Limit along Date to Plot, Date To",2020,,244.056523989
6/9/2019,03 June 2019,"Lower Limit along Date to Plot, Date To",2020,,146.528841865
6/16/2019,10 June 2019,Number of Complaints,2018,,
6/16/2019,10 June 2019,"Avg Complaints Per Year along Date to Plot, Date To",2018,,218.735849057
6/16/2019,10 June 2019,"Upper Limit along Date to Plot, Date To",2018,,260.955581475
6/16/2019,10 June 2019,"Lower Limit along Date to Plot, Date To",2018,,176.516116638
6/16/2019,10 June 2019,Number of Complaints,2019,False,260
6/16/2019,10 June 2019,"Avg Complaints Per Year along Date to Plot, Date To",2019,False,192.903846154
6/16/2019,10 June 2019,"Upper Limit along Date to Plot, Date To",2019,False,232.768942006
6/16/2019,10 June 2019,"Lower Limit along Date to Plot, Date To",2019,False,153.038750302
6/16/2019,10 June 2019,Number of Complaints,2020,,
6/16/2019,10 June 2019,"Avg Complaints Per Year along Date to Plot, Date To",2020,,195.292682927
6/16/2019,10 June 2019,"Upper Limit along Date to Plot, Date To",2020,,244.056523989
6/16/2019,10 June 2019,"Lower Limit along Date to Plot, Date To",2020,,146.528841865
6/23/2019,17 June 2019,Number of Complaints,2018,,
6/23/2019,17 June 2019,"Avg Complaints Per Year along Date to Plot, Date To",2018,,218.735849057
6/23/2019,17 June 2019,"Upper Limit along Date to Plot, Date To",2018,,260.955581475
6/23/2019,17 June 2019,"Lower Limit along Date to Plot, Date To",2018,,176.516116638
6/23/2019,17 June 2019,Number of Complaints,2019,True,182
6/23/2019,17 June 2019,"Avg Complaints Per Year along Date to Plot, Date To",2019,True,192.903846154
6/23/2019,17 June 2019,"Upper Limit along Date to Plot, Date To",2019,True,232.768942006
6/23/2019,17 June 2019,"Lower Limit along Date to Plot, Date To",2019,True,153.038750302
6/23/2019,17 June 2019,Number of Complaints,2020,,
6/23/2019,17 June 2019,"Avg Complaints Per Year along Date to Plot, Date To",2020,,195.292682927
6/23/2019,17 June 2019,"Upper Limit along Date to Plot, Date To",2020,,244.056523989
6/23/2019,17 June 2019,"Lower Limit along Date to Plot, Date To",2020,,146.528841865
6/30/2019,24 June 2019,Number of Complaints,2018,,
6/30/2019,24 June 2019,"Avg Complaints Per Year along Date to Plot, Date To",2018,,218.735849057
6/30/2019,24 June 2019,"Upper Limit along Date to Plot, Date To",2018,,260.955581475
6/30/2019,24 June 2019,"Lower Limit along Date to Plot, Date To",2018,,176.516116638
6/30/2019,24 June 2019,Number of Complaints,2019,False,252
6/30/2019,24 June 2019,"Avg Complaints Per Year along Date to Plot, Date To",2019,False,192.903846154
6/30/2019,24 June 2019,"Upper Limit along Date to Plot, Date To",2019,False,232.768942006
6/30/2019,24 June 2019,"Lower Limit along Date to Plot, Date To",2019,False,153.038750302
6/30/2019,24 June 2019,Number of Complaints,2020,,
6/30/2019,24 June 2019,"Avg Complaints Per Year along Date to Plot, Date To",2020,,195.292682927
6/30/2019,24 June 2019,"Upper Limit along Date to Plot, Date To",2020,,244.056523989
6/30/2019,24 June 2019,"Lower Limit along Date to Plot, Date To",2020,,146.528841865
7/7/2019,01 July 2019,Number of Complaints,2018,,
7/7/2019,01 July 2019,"Avg Complaints Per Year along Date to Plot, Date To",2018,,218.735849057
7/7/2019,01 July 2019,"Upper Limit along Date to Plot, Date To",2018,,260.955581475
7/7/2019,01 July 2019,"Lower Limit along Date to Plot, Date To",2018,,176.516116638
7/7/2019,01 July 2019,Number of Complaints,2019,True,165
7/7/2019,01 July 2019,"Avg Complaints Per Year along Date to Plot, Date To",2019,True,192.903846154
7/7/2019,01 July 2019,"Upper Limit along Date to Plot, Date To",2019,True,232.768942006
7/7/2019,01 July 2019,"Lower Limit along Date to Plot, Date To",2019,True,153.038750302
7/7/2019,01 July 2019,Number of Complaints,2020,,
7/7/2019,01 July 2019,"Avg Complaints Per Year along Date to Plot, Date To",2020,,195.292682927
7/7/2019,01 July 2019,"Upper Limit along Date to Plot, Date To",2020,,244.056523989
7/7/2019,01 July 2019,"Lower Limit along Date to Plot, Date To",2020,,146.528841865
7/14/2019,08 July 2019,Number of Complaints,2018,,
7/14/2019,08 July 2019,"Avg Complaints Per Year along Date to Plot, Date To",2018,,218.735849057
7/14/2019,08 July 2019,"Upper Limit along Date to Plot, Date To",2018,,260.955581475
7/14/2019,08 July 2019,"Lower Limit along Date to Plot, Date To",2018,,176.516116638
7/14/2019,08 July 2019,Number of Complaints,2019,True,225
7/14/2019,08 July 2019,"Avg Complaints Per Year along Date to Plot, Date To",2019,True,192.903846154
7/14/2019,08 July 2019,"Upper Limit along Date to Plot, Date To",2019,True,232.768942006
7/14/2019,08 July 2019,"Lower Limit along Date to Plot, Date To",2019,True,153.038750302
7/14/2019,08 July 2019,Number of Complaints,2020,,
7/14/2019,08 July 2019,"Avg Complaints Per Year along Date to Plot, Date To",2020,,195.292682927
7/14/2019,08 July 2019,"Upper Limit along Date to Plot, Date To",2020,,244.056523989
7/14/2019,08 July 2019,"Lower Limit along Date to Plot, Date To",2020,,146.528841865
7/21/2019,15 July 2019,Number of Complaints,2018,,
7/21/2019,15 July 2019,"Avg Complaints Per Year along Date to Plot, Date To",2018,,218.735849057
7/21/2019,15 July 2019,"Upper Limit along Date to Plot, Date To",2018,,260.955581475
7/21/2019,15 July 2019,"Lower Limit along Date to Plot, Date To",2018,,176.516116638
7/21/2019,15 July 2019,Number of Complaints,2019,True,201
7/21/2019,15 July 2019,"Avg Complaints Per Year along Date to Plot, Date To",2019,True,192.903846154
7/21/2019,15 July 2019,"Upper Limit along Date to Plot, Date To",2019,True,232.768942006
7/21/2019,15 July 2019,"Lower Limit along Date to Plot, Date To",2019,True,153.038750302
7/21/2019,15 July 2019,Number of Complaints,2020,,
7/21/2019,15 July 2019,"Avg Complaints Per Year along Date to Plot, Date To",2020,,195.292682927
7/21/2019,15 July 2019,"Upper Limit along Date to Plot, Date To",2020,,244.056523989
7/21/2019,15 July 2019,"Lower Limit along Date to Plot, Date To",2020,,146.528841865
7/28/2019,22 July 2019,Number of Complaints,2018,,
7/28/2019,22 July 2019,"Avg Complaints Per Year along Date to Plot, Date To",2018,,218.735849057
7/28/2019,22 July 2019,"Upper Limit along Date to Plot, Date To",2018,,260.955581475
7/28/2019,22 July 2019,"Lower Limit along Date to Plot, Date To",2018,,176.516116638
7/28/2019,22 July 2019,Number of Complaints,2019,True,192
7/28/2019,22 July 2019,"Avg Complaints Per Year along Date to Plot, Date To",2019,True,192.903846154
7/28/2019,22 July 2019,"Upper Limit along Date to Plot, Date To",2019,True,232.768942006
7/28/2019,22 July 2019,"Lower Limit along Date to Plot, Date To",2019,True,153.038750302
7/28/2019,22 July 2019,Number of Complaints,2020,,
7/28/2019,22 July 2019,"Avg Complaints Per Year along Date to Plot, Date To",2020,,195.292682927
7/28/2019,22 July 2019,"Upper Limit along Date to Plot, Date To",2020,,244.056523989
7/28/2019,22 July 2019,"Lower Limit along Date to Plot, Date To",2020,,146.528841865
8/4/2019,29 July 2019,Number of Complaints,2018,,
8/4/2019,29 July 2019,"Avg Complaints Per Year along Date to Plot, Date To",2018,,218.735849057
8/4/2019,29 July 2019,"Upper Limit along Date to Plot, Date To",2018,,260.955581475
8/4/2019,29 July 2019,"Lower Limit along Date to Plot, Date To",2018,,176.516116638
8/4/2019,29 July 2019,Number of Complaints,2019,True,212
8/4/2019,29 July 2019,"Avg Complaints Per Year along Date to Plot, Date To",2019,True,192.903846154
8/4/2019,29 July 2019,"Upper Limit along Date to Plot, Date To",2019,True,232.768942006
8/4/2019,29 July 2019,"Lower Limit along Date to Plot, Date To",2019,True,153.038750302
8/4/2019,29 July 2019,Number of Complaints,2020,,
8/4/2019,29 July 2019,"Avg Complaints Per Year along Date to Plot, Date To",2020,,195.292682927
8/4/2019,29 July 2019,"Upper Limit along Date to Plot, Date To",2020,,244.056523989
8/4/2019,29 July 2019,"Lower Limit along Date to Plot, Date To",2020,,146.528841865
8/11/2019,05 August 2019,Number of Complaints,2018,,
8/11/2019,05 August 2019,"Avg Complaints Per Year along Date to Plot, Date To",2018,,218.735849057
8/11/2019,05 August 2019,"Upper Limit along Date to Plot, Date To",2018,,260.955581475
8/11/2019,05 August 2019,"Lower Limit along Date to Plot, Date To",2018,,176.516116638
8/11/2019,05 August 2019,Number of Complaints,2019,True,199
8/11/2019,05 August 2019,"Avg Complaints Per Year along Date to Plot, Date To",2019,True,192.903846154
8/11/2019,05 August 2019,"Upper Limit along Date to Plot, Date To",2019,True,232.768942006
8/11/2019,05 August 2019,"Lower Limit along Date to Plot, Date To",2019,True,153.038750302
8/11/2019,05 August 2019,Number of Complaints,2020,,
8/11/2019,05 August 2019,"Avg Complaints Per Year along Date to Plot, Date To",2020,,195.292682927
8/11/2019,05 August 2019,"Upper Limit along Date to Plot, Date To",2020,,244.056523989
8/11/2019,05 August 2019,"Lower Limit along Date to Plot, Date To",2020,,146.528841865
8/18/2019,12 August 2019,Number of Complaints,2018,,
8/18/2019,12 August 2019,"Avg Complaints Per Year along Date to Plot, Date To",2018,,218.735849057
8/18/2019,12 August 2019,"Upper Limit along Date to Plot, Date To",2018,,260.955581475
8/18/2019,12 August 2019,"Lower Limit along Date to Plot, Date To",2018,,176.516116638
8/18/2019,12 August 2019,Number of Complaints,2019,True,192
8/18/2019,12 August 2019,"Avg Complaints Per Year along Date to Plot, Date To",2019,True,192.903846154
8/18/2019,12 August 2019,"Upper Limit along Date to Plot, Date To",2019,True,232.768942006
8/18/2019,12 August 2019,"Lower Limit along Date to Plot, Date To",2019,True,153.038750302
8/18/2019,12 August 2019,Number of Complaints,2020,,
8/18/2019,12 August 2019,"Avg Complaints Per Year along Date to Plot, Date To",2020,,195.292682927
8/18/2019,12 August 2019,"Upper Limit along Date to Plot, Date To",2020,,244.056523989
8/18/2019,12 August 2019,"Lower Limit along Date to Plot, Date To",2020,,146.528841865
8/25/2019,19 August 2019,Number of Complaints,2018,,
8/25/2019,19 August 2019,"Avg Complaints Per Year along Date to Plot, Date To",2018,,218.735849057
8/25/2019,19 August 2019,"Upper Limit along Date to Plot, Date To",2018,,260.955581475
8/25/2019,19 August 2019,"Lower Limit along Date to Plot, Date To",2018,,176.516116638
8/25/2019,19 August 2019,Number of Complaints,2019,True,224
8/25/2019,19 August 2019,"Avg Complaints Per Year along Date to Plot, Date To",2019,True,192.903846154
8/25/2019,19 August 2019,"Upper Limit along Date to Plot, Date To",2019,True,232.768942006
8/25/2019,19 August 2019,"Lower Limit along Date to Plot, Date To",2019,True,153.038750302
8/25/2019,19 August 2019,Number of Complaints,2020,,
8/25/2019,19 August 2019,"Avg Complaints Per Year along Date to Plot, Date To",2020,,195.292682927
8/25/2019,19 August 2019,"Upper Limit along Date to Plot, Date To",2020,,244.056523989
8/25/2019,19 August 2019,"Lower Limit along Date to Plot, Date To",2020,,146.528841865
9/1/2019,26 August 2019,Number of Complaints,2018,,
9/1/2019,26 August 2019,"Avg Complaints Per Year along Date to Plot, Date To",2018,,218.735849057
9/1/2019,26 August 2019,"Upper Limit along Date to Plot, Date To",2018,,260.955581475
9/1/2019,26 August 2019,"Lower Limit along Date to Plot, Date To",2018,,176.516116638
9/1/2019,26 August 2019,Number of Complaints,2019,True,181
9/1/2019,26 August 2019,"Avg Complaints Per Year along Date to Plot, Date To",2019,True,192.903846154
9/1/2019,26 August 2019,"Upper Limit along Date to Plot, Date To",2019,True,232.768942006
9/1/2019,26 August 2019,"Lower Limit along Date to Plot, Date To",2019,True,153.038750302
9/1/2019,26 August 2019,Number of Complaints,2020,,
9/1/2019,26 August 2019,"Avg Complaints Per Year along Date to Plot, Date To",2020,,195.292682927
9/1/2019,26 August 2019,"Upper Limit along Date to Plot, Date To",2020,,244.056523989
9/1/2019,26 August 2019,"Lower Limit along Date to Plot, Date To",2020,,146.528841865
9/8/2019,02 September 2019,Number of Complaints,2018,,
9/8/2019,02 September 2019,"Avg Complaints Per Year along Date to Plot, Date To",2018,,218.735849057
9/8/2019,02 September 2019,"Upper Limit along Date to Plot, Date To",2018,,260.955581475
9/8/2019,02 September 2019,"Lower Limit along Date to Plot, Date To",2018,,176.516116638
9/8/2019,02 September 2019,Number of Complaints,2019,True,160
9/8/2019,02 September 2019,"Avg Complaints Per Year along Date to Plot, Date To",2019,True,192.903846154
9/8/2019,02 September 2019,"Upper Limit along Date to Plot, Date To",2019,True,232.768942006
9/8/2019,02 September 2019,"Lower Limit along Date to Plot, Date To",2019,True,153.038750302
9/8/2019,02 September 2019,Number of Complaints,2020,,
9/8/2019,02 September 2019,"Avg Complaints Per Year along Date to Plot, Date To",2020,,195.292682927
9/8/2019,02 September 2019,"Upper Limit along Date to Plot, Date To",2020,,244.056523989
9/8/2019,02 September 2019,"Lower Limit along Date to Plot, Date To",2020,,146.528841865
9/15/2019,09 September 2019,Number of Complaints,2018,,
9/15/2019,09 September 2019,"Avg Complaints Per Year along Date to Plot, Date To",2018,,218.735849057
9/15/2019,09 September 2019,"Upper Limit along Date to Plot, Date To",2018,,260.955581475
9/15/2019,09 September 2019,"Lower Limit along Date to Plot, Date To",2018,,176.516116638
9/15/2019,09 September 2019,Number of Complaints,2019,True,173
9/15/2019,09 September 2019,"Avg Complaints Per Year along Date to Plot, Date To",2019,True,192.903846154
9/15/2019,09 September 2019,"Upper Limit along Date to Plot, Date To",2019,True,232.768942006
9/15/2019,09 September 2019,"Lower Limit along Date to Plot, Date To",2019,True,153.038750302
9/15/2019,09 September 2019,Number of Complaints,2020,,
9/15/2019,09 September 2019,"Avg Complaints Per Year along Date to Plot, Date To",2020,,195.292682927
9/15/2019,09 September 2019,"Upper Limit along Date to Plot, Date To",2020,,244.056523989
9/15/2019,09 September 2019,"Lower Limit along Date to Plot, Date To",2020,,146.528841865
9/22/2019,16 September 2019,Number of Complaints,2018,,
9/22/2019,16 September 2019,"Avg Complaints Per Year along Date to Plot, Date To",2018,,218.735849057
9/22/2019,16 September 2019,"Upper Limit along Date to Plot, Date To",2018,,260.955581475
9/22/2019,16 September 2019,"Lower Limit along Date to Plot, Date To",2018,,176.516116638
9/22/2019,16 September 2019,Number of Complaints,2019,True,174
9/22/2019,16 September 2019,"Avg Complaints Per Year along Date to Plot, Date To",2019,True,192.903846154
9/22/2019,16 September 2019,"Upper Limit along Date to Plot, Date To",2019,True,232.768942006
9/22/2019,16 September 2019,"Lower Limit along Date to Plot, Date To",2019,True,153.038750302
9/22/2019,16 September 2019,Number of Complaints,2020,,
9/22/2019,16 September 2019,"Avg Complaints Per Year along Date to Plot, Date To",2020,,195.292682927
9/22/2019,16 September 2019,"Upper Limit along Date to Plot, Date To",2020,,244.056523989
9/22/2019,16 September 2019,"Lower Limit along Date to Plot, Date To",2020,,146.528841865
9/29/2019,23 September 2019,Number of Complaints,2018,,
9/29/2019,23 September 2019,"Avg Complaints Per Year along Date to Plot, Date To",2018,,218.735849057
9/29/2019,23 September 2019,"Upper Limit along Date to Plot, Date To",2018,,260.955581475
9/29/2019,23 September 2019,"Lower Limit along Date to Plot, Date To",2018,,176.516116638
9/29/2019,23 September 2019,Number of Complaints,2019,True,213
9/29/2019,23 September 2019,"Avg Complaints Per Year along Date to Plot, Date To",2019,True,192.903846154
9/29/2019,23 September 2019,"Upper Limit along Date to Plot, Date To",2019,True,232.768942006
9/29/2019,23 September 2019,"Lower Limit along Date to Plot, Date To",2019,True,153.038750302
9/29/2019,23 September 2019,Number of Complaints,2020,,
9/29/2019,23 September 2019,"Avg Complaints Per Year along Date to Plot, Date To",2020,,195.292682927
9/29/2019,23 September 2019,"Upper Limit along Date to Plot, Date To",2020,,244.056523989
9/29/2019,23 September 2019,"Lower Limit along Date to Plot, Date To",2020,,146.528841865
10/6/2019,30 September 2019,Number of Complaints,2018,,
10/6/2019,30 September 2019,"Avg Complaints Per Year along Date to Plot, Date To",2018,,218.735849057
10/6/2019,30 September 2019,"Upper Limit along Date to Plot, Date To",2018,,260.955581475
10/6/2019,30 September 2019,"Lower Limit along Date to Plot, Date To",2018,,176.516116638
10/6/2019,30 September 2019,Number of Complaints,2019,True,188
10/6/2019,30 September 2019,"Avg Complaints Per Year along Date to Plot, Date To",2019,True,192.903846154
10/6/2019,30 September 2019,"Upper Limit along Date to Plot, Date To",2019,True,232.768942006
10/6/2019,30 September 2019,"Lower Limit along Date to Plot, Date To",2019,True,153.038750302
10/6/2019,30 September 2019,Number of Complaints,2020,,
10/6/2019,30 September 2019,"Avg Complaints Per Year along Date to Plot, Date To",2020,,195.292682927
10/6/2019,30 September 2019,"Upper Limit along Date to Plot, Date To",2020,,244.056523989
10/6/2019,30 September 2019,"Lower Limit along Date to Plot, Date To",2020,,146.528841865
10/13/2019,07 October 2019,Number of Complaints,2018,,
10/13/2019,07 October 2019,"Avg Complaints Per Year along Date to Plot, Date To",2018,,218.735849057
10/13/2019,07 October 2019,"Upper Limit along Date to Plot, Date To",2018,,260.955581475
10/13/2019,07 October 2019,"Lower Limit along Date to Plot, Date To",2018,,176.516116638
10/13/2019,07 October 2019,Number of Complaints,2019,True,168
10/13/2019,07 October 2019,"Avg Complaints Per Year along Date to Plot, Date To",2019,True,192.903846154
10/13/2019,07 October 2019,"Upper Limit along Date to Plot, Date To",2019,True,232.768942006
10/13/2019,07 October 2019,"Lower Limit along Date to Plot, Date To",2019,True,153.038750302
10/13/2019,07 October 2019,Number of Complaints,2020,,
10/13/2019,07 October 2019,"Avg Complaints Per Year along Date to Plot, Date To",2020,,195.292682927
10/13/2019,07 October 2019,"Upper Limit along Date to Plot, Date To",2020,,244.056523989
10/13/2019,07 October 2019,"Lower Limit along Date to Plot, Date To",2020,,146.528841865
10/20/2019,14 October 2019,Number of Complaints,2018,,
10/20/2019,14 October 2019,"Avg Complaints Per Year along Date to Plot, Date To",2018,,218.735849057
10/20/2019,14 October 2019,"Upper Limit along Date to Plot, Date To",2018,,260.955581475
10/20/2019,14 October 2019,"Lower Limit along Date to Plot, Date To",2018,,176.516116638
10/20/2019,14 October 2019,Number of Complaints,2019,True,182
10/20/2019,14 October 2019,"Avg Complaints Per Year along Date to Plot, Date To",2019,True,192.903846154
10/20/2019,14 October 2019,"Upper Limit along Date to Plot, Date To",2019,True,232.768942006
10/20/2019,14 October 2019,"Lower Limit along Date to Plot, Date To",2019,True,153.038750302
10/20/2019,14 October 2019,Number of Complaints,2020,,
10/20/2019,14 October 2019,"Avg Complaints Per Year along Date to Plot, Date To",2020,,195.292682927
10/20/2019,14 October 2019,"Upper Limit along Date to Plot, Date To",2020,,244.056523989
10/20/2019,14 October 2019,"Lower Limit along Date to Plot, Date To",2020,,146.528841865
10/27/2019,21 October 2019,Number of Complaints,2018,,
10/27/2019,21 October 2019,"Avg Complaints Per Year along Date to Plot, Date To",2018,,218.735849057
10/27/2019,21 October 2019,"Upper Limit along Date to Plot, Date To",2018,,260.955581475
10/27/2019,21 October 2019,"Lower Limit along Date to Plot, Date To",2018,,176.516116638
10/27/2019,21 October 2019,Number of Complaints,2019,True,189
10/27/2019,21 October 2019,"Avg Complaints Per Year along Date to Plot, Date To",2019,True,192.903846154
10/27/2019,21 October 2019,"Upper Limit along Date to Plot, Date To",2019,True,232.768942006
10/27/2019,21 October 2019,"Lower Limit along Date to Plot, Date To",2019,True,153.038750302
10/27/2019,21 October 2019,Number of Complaints,2020,,
10/27/2019,21 October 2019,"Avg Complaints Per Year along Date to Plot, Date To",2020,,195.292682927
10/27/2019,21 October 2019,"Upper Limit along Date to Plot, Date To",2020,,244.056523989
10/27/2019,21 October 2019,"Lower Limit along Date to Plot, Date To",2020,,146.528841865
11/3/2019,28 October 2019,Number of Complaints,2018,,
11/3/2019,28 October 2019,"Avg Complaints Per Year along Date to Plot, Date To",2018,,218.735849057
11/3/2019,28 October 2019,"Upper Limit along Date to Plot, Date To",2018,,260.955581475
11/3/2019,28 October 2019,"Lower Limit along Date to Plot, Date To",2018,,176.516116638
11/3/2019,28 October 2019,Number of Complaints,2019,True,177
11/3/2019,28 October 2019,"Avg Complaints Per Year along Date to Plot, Date To",2019,True,192.903846154
11/3/2019,28 October 2019,"Upper Limit along Date to Plot, Date To",2019,True,232.768942006
11/3/2019,28 October 2019,"Lower Limit along Date to Plot, Date To",2019,True,153.038750302
11/3/2019,28 October 2019,Number of Complaints,2020,,
11/3/2019,28 October 2019,"Avg Complaints Per Year along Date to Plot, Date To",2020,,195.292682927
11/3/2019,28 October 2019,"Upper Limit along Date to Plot, Date To",2020,,244.056523989
11/3/2019,28 October 2019,"Lower Limit along Date to Plot, Date To",2020,,146.528841865
11/10/2019,04 November 2019,Number of Complaints,2018,,
11/10/2019,04 November 2019,"Avg Complaints Per Year along Date to Plot, Date To",2018,,218.735849057
11/10/2019,04 November 2019,"Upper Limit along Date to Plot, Date To",2018,,260.955581475
11/10/2019,04 November 2019,"Lower Limit along Date to Plot, Date To",2018,,176.516116638
11/10/2019,04 November 2019,Number of Complaints,2019,True,189
11/10/2019,04 November 2019,"Avg Complaints Per Year along Date to Plot, Date To",2019,True,192.903846154
11/10/2019,04 November 2019,"Upper Limit along Date to Plot, Date To",2019,True,232.768942006
11/10/2019,04 November 2019,"Lower Limit along Date to Plot, Date To",2019,True,153.038750302
11/10/2019,04 November 2019,Number of Complaints,2020,,
11/10/2019,04 November 2019,"Avg Complaints Per Year along Date to Plot, Date To",2020,,195.292682927
11/10/2019,04 November 2019,"Upper Limit along Date to Plot, Date To",2020,,244.056523989
11/10/2019,04 November 2019,"Lower Limit along Date to Plot, Date To",2020,,146.528841865
11/17/2019,11 November 2019,Number of Complaints,2018,,
11/17/2019,11 November 2019,"Avg Complaints Per Year along Date to Plot, Date To",2018,,218.735849057
11/17/2019,11 November 2019,"Upper Limit along Date to Plot, Date To",2018,,260.955581475
11/17/2019,11 November 2019,"Lower Limit along Date to Plot, Date To",2018,,176.516116638
11/17/2019,11 November 2019,Number of Complaints,2019,False,147
11/17/2019,11 November 2019,"Avg Complaints Per Year along Date to Plot, Date To",2019,False,192.903846154
11/17/2019,11 November 2019,"Upper Limit along Date to Plot, Date To",2019,False,232.768942006
11/17/2019,11 November 2019,"Lower Limit along Date to Plot, Date To",2019,False,153.038750302
11/17/2019,11 November 2019,Number of Complaints,2020,,
11/17/2019,11 November 2019,"Avg Complaints Per Year along Date to Plot, Date To",2020,,195.292682927
11/17/2019,11 November 2019,"Upper Limit along Date to Plot, Date To",2020,,244.056523989
11/17/2019,11 November 2019,"Lower Limit along Date to Plot, Date To",2020,,146.528841865
11/24/2019,18 November 2019,Number of Complaints,2018,,
11/24/2019,18 November 2019,"Avg Complaints Per Year along Date to Plot, Date To",2018,,218.735849057
11/24/2019,18 November 2019,"Upper Limit along Date to Plot, Date To",2018,,260.955581475
11/24/2019,18 November 2019,"Lower Limit along Date to Plot, Date To",2018,,176.516116638
11/24/2019,18 November 2019,Number of Complaints,2019,True,161
11/24/2019,18 November 2019,"Avg Complaints Per Year along Date to Plot, Date To",2019,True,192.903846154
11/24/2019,18 November 2019,"Upper Limit along Date to Plot, Date To",2019,True,232.768942006
11/24/2019,18 November 2019,"Lower Limit along Date to Plot, Date To",2019,True,153.038750302
11/24/2019,18 November 2019,Number of Complaints,2020,,
11/24/2019,18 November 2019,"Avg Complaints Per Year along Date to Plot, Date To",2020,,195.292682927
11/24/2019,18 November 2019,"Upper Limit along Date to Plot, Date To",2020,,244.056523989
11/24/2019,18 November 2019,"Lower Limit along Date to Plot, Date To",2020,,146.528841865
12/1/2019,25 November 2019,Number of Complaints,2018,,
12/1/2019,25 November 2019,"Avg Complaints Per Year along Date to Plot, Date To",2018,,218.735849057
12/1/2019,25 November 2019,"Upper Limit along Date to Plot, Date To",2018,,260.955581475
12/1/2019,25 November 2019,"Lower Limit along Date to Plot, Date To",2018,,176.516116638
12/1/2019,25 November 2019,Number of Complaints,2019,False,150
12/1/2019,25 November 2019,"Avg Complaints Per Year along Date to Plot, Date To",2019,False,192.903846154
12/1/2019,25 November 2019,"Upper Limit along Date to Plot, Date To",2019,False,232.768942006
12/1/2019,25 November 2019,"Lower Limit along Date to Plot, Date To",2019,False,153.038750302
12/1/2019,25 November 2019,Number of Complaints,2020,,
12/1/2019,25 November 2019,"Avg Complaints Per Year along Date to Plot, Date To",2020,,195.292682927
12/1/2019,25 November 2019,"Upper Limit along Date to Plot, Date To",2020,,244.056523989
12/1/2019,25 November 2019,"Lower Limit along Date to Plot, Date To",2020,,146.528841865
12/8/2019,02 December 2019,Number of Complaints,2018,,
12/8/2019,02 December 2019,"Avg Complaints Per Year along Date to Plot, Date To",2018,,218.735849057
12/8/2019,02 December 2019,"Upper Limit along Date to Plot, Date To",2018,,260.955581475
12/8/2019,02 December 2019,"Lower Limit along Date to Plot, Date To",2018,,176.516116638
12/8/2019,02 December 2019,Number of Complaints,2019,True,159
12/8/2019,02 December 2019,"Avg Complaints Per Year along Date to Plot, Date To",2019,True,192.903846154
12/8/2019,02 December 2019,"Upper Limit along Date to Plot, Date To",2019,True,232.768942006
12/8/2019,02 December 2019,"Lower Limit along Date to Plot, Date To",2019,True,153.038750302
12/8/2019,02 December 2019,Number of Complaints,2020,,
12/8/2019,02 December 2019,"Avg Complaints Per Year along Date to Plot, Date To",2020,,195.292682927
12/8/2019,02 December 2019,"Upper Limit along Date to Plot, Date To",2020,,244.056523989
12/8/2019,02 December 2019,"Lower Limit along Date to Plot, Date To",2020,,146.528841865
12/15/2019,09 December 2019,Number of Complaints,2018,,
12/15/2019,09 December 2019,"Avg Complaints Per Year along Date to Plot, Date To",2018,,218.735849057
12/15/2019,09 December 2019,"Upper Limit along Date to Plot, Date To",2018,,260.955581475
12/15/2019,09 December 2019,"Lower Limit along Date to Plot, Date To",2018,,176.516116638
12/15/2019,09 December 2019,Number of Complaints,2019,True,184
12/15/2019,09 December 2019,"Avg Complaints Per Year along Date to Plot, Date To",2019,True,192.903846154
12/15/2019,09 December 2019,"Upper Limit along Date to Plot, Date To",2019,True,232.768942006
12/15/2019,09 December 2019,"Lower Limit along Date to Plot, Date To",2019,True,153.038750302
12/15/2019,09 December 2019,Number of Complaints,2020,,
12/15/2019,09 December 2019,"Avg Complaints Per Year along Date to Plot, Date To",2020,,195.292682927
12/15/2019,09 December 2019,"Upper Limit along Date to Plot, Date To",2020,,244.056523989
12/15/2019,09 December 2019,"Lower Limit along Date to Plot, Date To",2020,,146.528841865
12/22/2019,16 December 2019,Number of Complaints,2018,,
12/22/2019,16 December 2019,"Avg Complaints Per Year along Date to Plot, Date To",2018,,218.735849057
12/22/2019,16 December 2019,"Upper Limit along Date to Plot, Date To",2018,,260.955581475
12/22/2019,16 December 2019,"Lower Limit along Date to Plot, Date To",2018,,176.516116638
12/22/2019,16 December 2019,Number of Complaints,2019,True,154
12/22/2019,16 December 2019,"Avg Complaints Per Year along Date to Plot, Date To",2019,True,192.903846154
12/22/2019,16 December 2019,"Upper Limit along Date to Plot, Date To",2019,True,232.768942006
12/22/2019,16 December 2019,"Lower Limit along Date to Plot, Date To",2019,True,153.038750302
12/22/2019,16 December 2019,Number of Complaints,2020,,
12/22/2019,16 December 2019,"Avg Complaints Per Year along Date to Plot, Date To",2020,,195.292682927
12/22/2019,16 December 2019,"Upper Limit along Date to Plot, Date To",2020,,244.056523989
12/22/2019,16 December 2019,"Lower Limit along Date to Plot, Date To",2020,,146.528841865
12/29/2019,23 December 2019,Number of Complaints,2018,,
12/29/2019,23 December 2019,"Avg Complaints Per Year along Date to Plot, Date To",2018,,218.735849057
12/29/2019,23 December 2019,"Upper Limit along Date to Plot, Date To",2018,,260.955581475
12/29/2019,23 December 2019,"Lower Limit along Date to Plot, Date To",2018,,176.516116638
12/29/2019,23 December 2019,Number of Complaints,2019,False,114
12/29/2019,23 December 2019,"Avg Complaints Per Year along Date to Plot, Date To",2019,False,192.903846154
12/29/2019,23 December 2019,"Upper Limit along Date to Plot, Date To",2019,False,232.768942006
12/29/2019,23 December 2019,"Lower Limit along Date to Plot, Date To",2019,False,153.038750302
12/29/2019,23 December 2019,Number of Complaints,2020,,
12/29/2019,23 December 2019,"Avg Complaints Per Year along Date to Plot, Date To",2020,,195.292682927
12/29/2019,23 December 2019,"Upper Limit along Date to Plot, Date To",2020,,244.056523989
12/29/2019,23 December 2019,"Lower Limit along Date to Plot, Date To",2020,,146.528841865
1/5/2020,30 December 2019,Number of Complaints,2018,,
1/5/2020,30 December 2019,"Avg Complaints Per Year along Date to Plot, Date To",2018,,218.735849057
1/5/2020,30 December 2019,"Upper Limit along Date to Plot, Date To",2018,,260.955581475
1/5/2020,30 December 2019,"Lower Limit along Date to Plot, Date To",2018,,176.516116638
1/5/2020,30 December 2019,Number of Complaints,2019,False,136
1/5/2020,30 December 2019,"Avg Complaints Per Year along Date to Plot, Date To",2019,False,192.903846154
1/5/2020,30 December 2019,"Upper Limit along Date to Plot, Date To",2019,False,232.768942006
1/5/2020,30 December 2019,"Lower Limit along Date to Plot, Date To",2019,False,153.038750302
1/5/2020,30 December 2019,Number of Complaints,2020,,
1/5/2020,30 December 2019,"Avg Complaints Per Year along Date to Plot, Date To",2020,,195.292682927
1/5/2020,30 December 2019,"Upper Limit along Date to Plot, Date To",2020,,244.056523989
1/5/2020,30 December 2019,"Lower Limit along Date to Plot, Date To",2020,,146.528841865
1/12/2020,06 January 2020,Number of Complaints,2018,,
1/12/2020,06 January 2020,"Avg Complaints Per Year along Date to Plot, Date To",2018,,218.735849057
1/12/2020,06 January 2020,"Upper Limit along Date to Plot, Date To",2018,,260.955581475
1/12/2020,06 January 2020,"Lower Limit along Date to Plot, Date To",2018,,176.516116638
1/12/2020,06 January 2020,Number of Complaints,2019,,
1/12/2020,06 January 2020,"Avg Complaints Per Year along Date to Plot, Date To",2019,,192.903846154
1/12/2020,06 January 2020,"Upper Limit along Date to Plot, Date To",2019,,232.768942006
1/12/2020,06 January 2020,"Lower Limit along Date to Plot, Date To",2019,,153.038750302
1/12/2020,06 January 2020,Number of Complaints,2020,True,175
1/12/2020,06 January 2020,"Avg Complaints Per Year along Date to Plot, Date To",2020,True,195.292682927
1/12/2020,06 January 2020,"Upper Limit along Date to Plot, Date To",2020,True,244.056523989
1/12/2020,06 January 2020,"Lower Limit along Date to Plot, Date To",2020,True,146.528841865
1/19/2020,13 January 2020,Number of Complaints,2018,,
1/19/2020,13 January 2020,"Avg Complaints Per Year along Date to Plot, Date To",2018,,218.735849057
1/19/2020,13 January 2020,"Upper Limit along Date to Plot, Date To",2018,,260.955581475
1/19/2020,13 January 2020,"Lower Limit along Date to Plot, Date To",2018,,176.516116638
1/19/2020,13 January 2020,Number of Complaints,2019,,
1/19/2020,13 January 2020,"Avg Complaints Per Year along Date to Plot, Date To",2019,,192.903846154
1/19/2020,13 January 2020,"Upper Limit along Date to Plot, Date To",2019,,232.768942006
1/19/2020,13 January 2020,"Lower Limit along Date to Plot, Date To",2019,,153.038750302
1/19/2020,13 January 2020,Number of Complaints,2020,True,165
1/19/2020,13 January 2020,"Avg Complaints Per Year along Date to Plot, Date To",2020,True,195.292682927
1/19/2020,13 January 2020,"Upper Limit along Date to Plot, Date To",2020,True,244.056523989
1/19/2020,13 January 2020,"Lower Limit along Date to Plot, Date To",2020,True,146.528841865
1/26/2020,20 January 2020,Number of Complaints,2018,,
1/26/2020,20 January 2020,"Avg Complaints Per Year along Date to Plot, Date To",2018,,218.735849057
1/26/2020,20 January 2020,"Upper Limit along Date to Plot, Date To",2018,,260.955581475
1/26/2020,20 January 2020,"Lower Limit along Date to Plot, Date To",2018,,176.516116638
1/26/2020,20 January 2020,Number of Complaints,2019,,
1/26/2020,20 January 2020,"Avg Complaints Per Year along Date to Plot, Date To",2019,,192.903846154
1/26/2020,20 January 2020,"Upper Limit along Date to Plot, Date To",2019,,232.768942006
1/26/2020,20 January 2020,"Lower Limit along Date to Plot, Date To",2019,,153.038750302
1/26/2020,20 January 2020,Number of Complaints,2020,True,155
1/26/2020,20 January 2020,"Avg Complaints Per Year along Date to Plot, Date To",2020,True,195.292682927
1/26/2020,20 January 2020,"Upper Limit along Date to Plot, Date To",2020,True,244.056523989
1/26/2020,20 January 2020,"Lower Limit along Date to Plot, Date To",2020,True,146.528841865
2/2/2020,27 January 2020,Number of Complaints,2018,,
2/2/2020,27 January 2020,"Avg Complaints Per Year along Date to Plot, Date To",2018,,218.735849057
2/2/2020,27 January 2020,"Upper Limit along Date to Plot, Date To",2018,,260.955581475
2/2/2020,27 January 2020,"Lower Limit along Date to Plot, Date To",2018,,176.516116638
2/2/2020,27 January 2020,Number of Complaints,2019,,
2/2/2020,27 January 2020,"Avg Complaints Per Year along Date to Plot, Date To",2019,,192.903846154
2/2/2020,27 January 2020,"Upper Limit along Date to Plot, Date To",2019,,232.768942006
2/2/2020,27 January 2020,"Lower Limit along Date to Plot, Date To",2019,,153.038750302
2/2/2020,27 January 2020,Number of Complaints,2020,True,189
2/2/2020,27 January 2020,"Avg Complaints Per Year along Date to Plot, Date To",2020,True,195.292682927
2/2/2020,27 January 2020,"Upper Limit along Date to Plot, Date To",2020,True,244.056523989
2/2/2020,27 January 2020,"Lower Limit along Date to Plot, Date To",2020,True,146.528841865
2/9/2020,03 February 2020,Number of Complaints,2018,,
2/9/2020,03 February 2020,"Avg Complaints Per Year along Date to Plot, Date To",2018,,218.735849057
2/9/2020,03 February 2020,"Upper Limit along Date to Plot, Date To",2018,,260.955581475
2/9/2020,03 February 2020,"Lower Limit along Date to Plot, Date To",2018,,176.516116638
2/9/2020,03 February 2020,Number of Complaints,2019,,
2/9/2020,03 February 2020,"Avg Complaints Per Year along Date to Plot, Date To",2019,,192.903846154
2/9/2020,03 February 2020,"Upper Limit along Date to Plot, Date To",2019,,232.768942006
2/9/2020,03 February 2020,"Lower Limit along Date to Plot, Date To",2019,,153.038750302
2/9/2020,03 February 2020,Number of Complaints,2020,True,193
2/9/2020,03 February 2020,"Avg Complaints Per Year along Date to Plot, Date To",2020,True,195.292682927
2/9/2020,03 February 2020,"Upper Limit along Date to Plot, Date To",2020,True,244.056523989
2/9/2020,03 February 2020,"Lower Limit along Date to Plot, Date To",2020,True,146.528841865
2/16/2020,10 February 2020,Number of Complaints,2018,,
2/16/2020,10 February 2020,"Avg Complaints Per Year along Date to Plot, Date To",2018,,218.735849057
2/16/2020,10 February 2020,"Upper Limit along Date to Plot, Date To",2018,,260.955581475
2/16/2020,10 February 2020,"Lower Limit along Date to Plot, Date To",2018,,176.516116638
2/16/2020,10 February 2020,Number of Complaints,2019,,
2/16/2020,10 February 2020,"Avg Complaints Per Year along Date to Plot, Date To",2019,,192.903846154
2/16/2020,10 February 2020,"Upper Limit along Date to Plot, Date To",2019,,232.768942006
2/16/2020,10 February 2020,"Lower Limit along Date to Plot, Date To",2019,,153.038750302
2/16/2020,10 February 2020,Number of Complaints,2020,True,201
2/16/2020,10 February 2020,"Avg Complaints Per Year along Date to Plot, Date To",2020,True,195.292682927
2/16/2020,10 February 2020,"Upper Limit along Date to Plot, Date To",2020,True,244.056523989
2/16/2020,10 February 2020,"Lower Limit along Date to Plot, Date To",2020,True,146.528841865
2/23/2020,17 February 2020,Number of Complaints,2018,,
2/23/2020,17 February 2020,"Avg Complaints Per Year along Date to Plot, Date To",2018,,218.735849057
2/23/2020,17 February 2020,"Upper Limit along Date to Plot, Date To",2018,,260.955581475
2/23/2020,17 February 2020,"Lower Limit along Date to Plot, Date To",2018,,176.516116638
2/23/2020,17 February 2020,Number of Complaints,2019,,
2/23/2020,17 February 2020,"Avg Complaints Per Year along Date to Plot, Date To",2019,,192.903846154
2/23/2020,17 February 2020,"Upper Limit along Date to Plot, Date To",2019,,232.768942006
2/23/2020,17 February 2020,"Lower Limit along Date to Plot, Date To",2019,,153.038750302
2/23/2020,17 February 2020,Number of Complaints,2020,True,177
2/23/2020,17 February 2020,"Avg Complaints Per Year along Date to Plot, Date To",2020,True,195.292682927
2/23/2020,17 February 2020,"Upper Limit along Date to Plot, Date To",2020,True,244.056523989
2/23/2020,17 February 2020,"Lower Limit along Date to Plot, Date To",2020,True,146.528841865
3/1/2020,24 February 2020,Number of Complaints,2018,,
3/1/2020,24 February 2020,"Avg Complaints Per Year along Date to Plot, Date To",2018,,218.735849057
3/1/2020,24 February 2020,"Upper Limit along Date to Plot, Date To",2018,,260.955581475
3/1/2020,24 February 2020,"Lower Limit along Date to Plot, Date To",2018,,176.516116638
3/1/2020,24 February 2020,Number of Complaints,2019,,
3/1/2020,24 February 2020,"Avg Complaints Per Year along Date to Plot, Date To",2019,,192.903846154
3/1/2020,24 February 2020,"Upper Limit along Date to Plot, Date To",2019,,232.768942006
3/1/2020,24 February 2020,"Lower Limit along Date to Plot, Date To",2019,,153.038750302
3/1/2020,24 February 2020,Number of Complaints,2020,True,213
3/1/2020,24 February 2020,"Avg Complaints Per Year along Date to Plot, Date To",2020,True,195.292682927
3/1/2020,24 February 2020,"Upper Limit along Date to Plot, Date To",2020,True,244.056523989
3/1/2020,24 February 2020,"Lower Limit along Date to Plot, Date To",2020,True,146.528841865
3/8/2020,02 March 2020,Number of Complaints,2018,,
3/8/2020,02 March 2020,"Avg Complaints Per Year along Date to Plot, Date To",2018,,218.735849057
3/8/2020,02 March 2020,"Upper Limit along Date to Plot, Date To",2018,,260.955581475
3/8/2020,02 March 2020,"Lower Limit along Date to Plot, Date To",2018,,176.516116638
3/8/2020,02 March 2020,Number of Complaints,2019,,
3/8/2020,02 March 2020,"Avg Complaints Per Year along Date to Plot, Date To",2019,,192.903846154
3/8/2020,02 March 2020,"Upper Limit along Date to Plot, Date To",2019,,232.768942006
3/8/2020,02 March 2020,"Lower Limit along Date to Plot, Date To",2019,,153.038750302
3/8/2020,02 March 2020,Number of Complaints,2020,True,182
3/8/2020,02 March 2020,"Avg Complaints Per Year along Date to Plot, Date To",2020,True,195.292682927
3/8/2020,02 March 2020,"Upper Limit along Date to Plot, Date To",2020,True,244.056523989
3/8/2020,02 March 2020,"Lower Limit along Date to Plot, Date To",2020,True,146.528841865
3/15/2020,09 March 2020,Number of Complaints,2018,,
3/15/2020,09 March 2020,"Avg Complaints Per Year along Date to Plot, Date To",2018,,218.735849057
3/15/2020,09 March 2020,"Upper Limit along Date to Plot, Date To",2018,,260.955581475
3/15/2020,09 March 2020,"Lower Limit along Date to Plot, Date To",2018,,176.516116638
3/15/2020,09 March 2020,Number of Complaints,2019,,
3/15/2020,09 March 2020,"Avg Complaints Per Year along Date to Plot, Date To",2019,,192.903846154
3/15/2020,09 March 2020,"Upper Limit along Date to Plot, Date To",2019,,232.768942006
3/15/2020,09 March 2020,"Lower Limit along Date to Plot, Date To",2019,,153.038750302
3/15/2020,09 March 2020,Number of Complaints,2020,True,204
3/15/2020,09 March 2020,"Avg Complaints Per Year along Date to Plot, Date To",2020,True,195.292682927
3/15/2020,09 March 2020,"Upper Limit along Date to Plot, Date To",2020,True,244.056523989
3/15/2020,09 March 2020,"Lower Limit along Date to Plot, Date To",2020,True,146.528841865
3/22/2020,16 March 2020,Number of Complaints,2018,,
3/22/2020,16 March 2020,"Avg Complaints Per Year along Date to Plot, Date To",2018,,218.735849057
3/22/2020,16 March 2020,"Upper Limit along Date to Plot, Date To",2018,,260.955581475
3/22/2020,16 March 2020,"Lower Limit along Date to Plot, Date To",2018,,176.516116638
3/22/2020,16 March 2020,Number of Complaints,2019,,
3/22/2020,16 March 2020,"Avg Complaints Per Year along Date to Plot, Date To",2019,,192.903846154
3/22/2020,16 March 2020,"Upper Limit along Date to Plot, Date To",2019,,232.768942006
3/22/2020,16 March 2020,"Lower Limit along Date to Plot, Date To",2019,,153.038750302
3/22/2020,16 March 2020,Number of Complaints,2020,True,172
3/22/2020,16 March 2020,"Avg Complaints Per Year along Date to Plot, Date To",2020,True,195.292682927
3/22/2020,16 March 2020,"Upper Limit along Date to Plot, Date To",2020,True,244.056523989
3/22/2020,16 March 2020,"Lower Limit along Date to Plot, Date To",2020,True,146.528841865
3/29/2020,23 March 2020,Number of Complaints,2018,,
3/29/2020,23 March 2020,"Avg Complaints Per Year along Date to Plot, Date To",2018,,218.735849057
3/29/2020,23 March 2020,"Upper Limit along Date to Plot, Date To",2018,,260.955581475
3/29/2020,23 March 2020,"Lower Limit along Date to Plot, Date To",2018,,176.516116638
3/29/2020,23 March 2020,Number of Complaints,2019,,
3/29/2020,23 March 2020,"Avg Complaints Per Year along Date to Plot, Date To",2019,,192.903846154
3/29/2020,23 March 2020,"Upper Limit along Date to Plot, Date To",2019,,232.768942006
3/29/2020,23 March 2020,"Lower Limit along Date to Plot, Date To",2019,,153.038750302
3/29/2020,23 March 2020,Number of Complaints,2020,True,171
3/29/2020,23 March 2020,"Avg Complaints Per Year along Date to Plot, Date To",2020,True,195.292682927
3/29/2020,23 March 2020,"Upper Limit along Date to Plot, Date To",2020,True,244.056523989
3/29/2020,23 March 2020,"Lower Limit along Date to Plot, Date To",2020,True,146.528841865
4/5/2020,30 March 2020,Number of Complaints,2018,,
4/5/2020,30 March 2020,"Avg Complaints Per Year along Date to Plot, Date To",2018,,218.735849057
4/5/2020,30 March 2020,"Upper Limit along Date to Plot, Date To",2018,,260.955581475
4/5/2020,30 March 2020,"Lower Limit along Date to Plot, Date To",2018,,176.516116638
4/5/2020,30 March 2020,Number of Complaints,2019,,
4/5/2020,30 March 2020,"Avg Complaints Per Year along Date to Plot, Date To",2019,,192.903846154
4/5/2020,30 March 2020,"Upper Limit along Date to Plot, Date To",2019,,232.768942006
4/5/2020,30 March 2020,"Lower Limit along Date to Plot, Date To",2019,,153.038750302
4/5/2020,30 March 2020,Number of Complaints,2020,True,188
4/5/2020,30 March 2020,"Avg Complaints Per Year along Date to Plot, Date To",2020,True,195.292682927
4/5/2020,30 March 2020,"Upper Limit along Date to Plot, Date To",2020,True,244.056523989
4/5/2020,30 March 2020,"Lower Limit along Date to Plot, Date To",2020,True,146.528841865
4/12/2020,06 April 2020,Number of Complaints,2018,,
4/12/2020,06 April 2020,"Avg Complaints Per Year along Date to Plot, Date To",2018,,218.735849057
4/12/2020,06 April 2020,"Upper Limit along Date to Plot, Date To",2018,,260.955581475
4/12/2020,06 April 2020,"Lower Limit along Date to Plot, Date To",2018,,176.516116638
4/12/2020,06 April 2020,Number of Complaints,2019,,
4/12/2020,06 April 2020,"Avg Complaints Per Year along Date to Plot, Date To",2019,,192.903846154
4/12/2020,06 April 2020,"Upper Limit along Date to Plot, Date To",2019,,232.768942006
4/12/2020,06 April 2020,"Lower Limit along Date to Plot, Date To",2019,,153.038750302
4/12/2020,06 April 2020,Number of Complaints,2020,True,177
4/12/2020,06 April 2020,"Avg Complaints Per Year along Date to Plot, Date To",2020,True,195.292682927
4/12/2020,06 April 2020,"Upper Limit along Date to Plot, Date To",2020,True,244.056523989
4/12/2020,06 April 2020,"Lower Limit along Date to Plot, Date To",2020,True,146.528841865
4/19/2020,13 April 2020,Number of Complaints,2018,,
4/19/2020,13 April 2020,"Avg Complaints Per Year along Date to Plot, Date To",2018,,218.735849057
4/19/2020,13 April 2020,"Upper Limit along Date to Plot, Date To",2018,,260.955581475
4/19/2020,13 April 2020,"Lower Limit along Date to Plot, Date To",2018,,176.516116638
4/19/2020,13 April 2020,Number of Complaints,2019,,
4/19/2020,13 April 2020,"Avg Complaints Per Year along Date to Plot, Date To",2019,,192.903846154
4/19/2020,13 April 2020,"Upper Limit along Date to Plot, Date To",2019,,232.768942006
4/19/2020,13 April 2020,"Lower Limit along Date to Plot, Date To",2019,,153.038750302
4/19/2020,13 April 2020,Number of Complaints,2020,True,182
4/19/2020,13 April 2020,"Avg Complaints Per Year along Date to Plot, Date To",2020,True,195.292682927
4/19/2020,13 April 2020,"Upper Limit along Date to Plot, Date To",2020,True,244.056523989
4/19/2020,13 April 2020,"Lower Limit along Date to Plot, Date To",2020,True,146.528841865
4/26/2020,20 April 2020,Number of Complaints,2018,,
4/26/2020,20 April 2020,"Avg Complaints Per Year along Date to Plot, Date To",2018,,218.735849057
4/26/2020,20 April 2020,"Upper Limit along Date to Plot, Date To",2018,,260.955581475
4/26/2020,20 April 2020,"Lower Limit along Date to Plot, Date To",2018,,176.516116638
4/26/2020,20 April 2020,Number of Complaints,2019,,
4/26/2020,20 April 2020,"Avg Complaints Per Year along Date to Plot, Date To",2019,,192.903846154
4/26/2020,20 April 2020,"Upper Limit along Date to Plot, Date To",2019,,232.768942006
4/26/2020,20 April 2020,"Lower Limit along Date to Plot, Date To",2019,,153.038750302
4/26/2020,20 April 2020,Number of Complaints,2020,True,194
4/26/2020,20 April 2020,"Avg Complaints Per Year along Date to Plot, Date To",2020,True,195.292682927
4/26/2020,20 April 2020,"Upper Limit along Date to Plot, Date To",2020,True,244.056523989
4/26/2020,20 April 2020,"Lower Limit along Date to Plot, Date To",2020,True,146.528841865
5/3/2020,27 April 2020,Number of Complaints,2018,,
5/3/2020,27 April 2020,"Avg Complaints Per Year along Date to Plot, Date To",2018,,218.735849057
5/3/2020,27 April 2020,"Upper Limit along Date to Plot, Date To",2018,,260.955581475
5/3/2020,27 April 2020,"Lower Limit along Date to Plot, Date To",2018,,176.516116638
5/3/2020,27 April 2020,Number of Complaints,2019,,
5/3/2020,27 April 2020,"Avg Complaints Per Year along Date to Plot, Date To",2019,,192.903846154
5/3/2020,27 April 2020,"Upper Limit along Date to Plot, Date To",2019,,232.768942006
5/3/2020,27 April 2020,"Lower Limit along Date to Plot, Date To",2019,,153.038750302
5/3/2020,27 April 2020,Number of Complaints,2020,True,199
5/3/2020,27 April 2020,"Avg Complaints Per Year along Date to Plot, Date To",2020,True,195.292682927
5/3/2020,27 April 2020,"Upper Limit along Date to Plot, Date To",2020,True,244.056523989
5/3/2020,27 April 2020,"Lower Limit along Date to Plot, Date To",2020,True,146.528841865
5/10/2020,04 May 2020,Number of Complaints,2018,,
5/10/2020,04 May 2020,"Avg Complaints Per Year along Date to Plot, Date To",2018,,218.735849057
5/10/2020,04 May 2020,"Upper Limit along Date to Plot, Date To",2018,,260.955581475
5/10/2020,04 May 2020,"Lower Limit along Date to Plot, Date To",2018,,176.516116638
5/10/2020,04 May 2020,Number of Complaints,2019,,
5/10/2020,04 May 2020,"Avg Complaints Per Year along Date to Plot, Date To",2019,,192.903846154
5/10/2020,04 May 2020,"Upper Limit along Date to Plot, Date To",2019,,232.768942006
5/10/2020,04 May 2020,"Lower Limit along Date to Plot, Date To",2019,,153.038750302
5/10/2020,04 May 2020,Number of Complaints,2020,True,183
5/10/2020,04 May 2020,"Avg Complaints Per Year along Date to Plot, Date To",2020,True,195.292682927
5/10/2020,04 May 2020,"Upper Limit along Date to Plot, Date To",2020,True,244.056523989
5/10/2020,04 May 2020,"Lower Limit along Date to Plot, Date To",2020,True,146.528841865
5/17/2020,11 May 2020,Number of Complaints,2018,,
5/17/2020,11 May 2020,"Avg Complaints Per Year along Date to Plot, Date To",2018,,218.735849057
5/17/2020,11 May 2020,"Upper Limit along Date to Plot, Date To",2018,,260.955581475
5/17/2020,11 May 2020,"Lower Limit along Date to Plot, Date To",2018,,176.516116638
5/17/2020,11 May 2020,Number of Complaints,2019,,
5/17/2020,11 May 2020,"Avg Complaints Per Year along Date to Plot, Date To",2019,,192.903846154
5/17/2020,11 May 2020,"Upper Limit along Date to Plot, Date To",2019,,232.768942006
5/17/2020,11 May 2020,"Lower Limit along Date to Plot, Date To",2019,,153.038750302
5/17/2020,11 May 2020,Number of Complaints,2020,True,161
5/17/2020,11 May 2020,"Avg Complaints Per Year along Date to Plot, Date To",2020,True,195.292682927
5/17/2020,11 May 2020,"Upper Limit along Date to Plot, Date To",2020,True,244.056523989
5/17/2020,11 May 2020,"Lower Limit along Date to Plot, Date To",2020,True,146.528841865
5/24/2020,18 May 2020,Number of Complaints,2018,,
5/24/2020,18 May 2020,"Avg Complaints Per Year along Date to Plot, Date To",2018,,218.735849057
5/24/2020,18 May 2020,"Upper Limit along Date to Plot, Date To",2018,,260.955581475
5/24/2020,18 May 2020,"Lower Limit along Date to Plot, Date To",2018,,176.516116638
5/24/2020,18 May 2020,Number of Complaints,2019,,
5/24/2020,18 May 2020,"Avg Complaints Per Year along Date to Plot, Date To",2019,,192.903846154
5/24/2020,18 May 2020,"Upper Limit along Date to Plot, Date To",2019,,232.768942006
5/24/2020,18 May 2020,"Lower Limit along Date to Plot, Date To",2019,,153.038750302
5/24/2020,18 May 2020,Number of Complaints,2020,True,186
5/24/2020,18 May 2020,"Avg Complaints Per Year along Date to Plot, Date To",2020,True,195.292682927
5/24/2020,18 May 2020,"Upper Limit along Date to Plot, Date To",2020,True,244.056523989
5/24/2020,18 May 2020,"Lower Limit along Date to Plot, Date To",2020,True,146.528841865
5/31/2020,25 May 2020,Number of Complaints,2018,,
5/31/2020,25 May 2020,"Avg Complaints Per Year along Date to Plot, Date To",2018,,218.735849057
5/31/2020,25 May 2020,"Upper Limit along Date to Plot, Date To",2018,,260.955581475
5/31/2020,25 May 2020,"Lower Limit along Date to Plot, Date To",2018,,176.516116638
5/31/2020,25 May 2020,Number of Complaints,2019,,
5/31/2020,25 May 2020,"Avg Complaints Per Year along Date to Plot, Date To",2019,,192.903846154
5/31/2020,25 May 2020,"Upper Limit along Date to Plot, Date To",2019,,232.768942006
5/31/2020,25 May 2020,"Lower Limit along Date to Plot, Date To",2019,,153.038750302
5/31/2020,25 May 2020,Number of Complaints,2020,True,180
5/31/2020,25 May 2020,"Avg Complaints Per Year along Date to Plot, Date To",2020,True,195.292682927
5/31/2020,25 May 2020,"Upper Limit along Date to Plot, Date To",2020,True,244.056523989
5/31/2020,25 May 2020,"Lower Limit along Date to Plot, Date To",2020,True,146.528841865
6/7/2020,01 June 2020,Number of Complaints,2018,,
6/7/2020,01 June 2020,"Avg Complaints Per Year along Date to Plot, Date To",2018,,218.735849057
6/7/2020,01 June 2020,"Upper Limit along Date to Plot, Date To",2018,,260.955581475
6/7/2020,01 June 2020,"Lower Limit along Date to Plot, Date To",2018,,176.516116638
6/7/2020,01 June 2020,Number of Complaints,2019,,
6/7/2020,01 June 2020,"Avg Complaints Per Year along Date to Plot, Date To",2019,,192.903846154
6/7/2020,01 June 2020,"Upper Limit along Date to Plot, Date To",2019,,232.768942006
6/7/2020,01 June 2020,"Lower Limit along Date to Plot, Date To",2019,,153.038750302
6/7/2020,01 June 2020,Number of Complaints,2020,True,217
6/7/2020,01 June 2020,"Avg Complaints Per Year along Date to Plot, Date To",2020,True,195.292682927
6/7/2020,01 June 2020,"Upper Limit along Date to Plot, Date To",2020,True,244.056523989
6/7/2020,01 June 2020,"Lower Limit along Date to Plot, Date To",2020,True,146.528841865
6/14/2020,08 June 2020,Number of Complaints,2018,,
6/14/2020,08 June 2020,"Avg Complaints Per Year along Date to Plot, Date To",2018,,218.735849057
6/14/2020,08 June 2020,"Upper Limit along Date to Plot, Date To",2018,,260.955581475
6/14/2020,08 June 2020,"Lower Limit along Date to Plot, Date To",2018,,176.516116638
6/14/2020,08 June 2020,Number of Complaints,2019,,
6/14/2020,08 June 2020,"Avg Complaints Per Year along Date to Plot, Date To",2019,,192.903846154
6/14/2020,08 June 2020,"Upper Limit along Date to Plot, Date To",2019,,232.768942006
6/14/2020,08 June 2020,"Lower Limit along Date to Plot, Date To",2019,,153.038750302
6/14/2020,08 June 2020,Number of Complaints,2020,True,181
6/14/2020,08 June 2020,"Avg Complaints Per Year along Date to Plot, Date To",2020,True,195.292682927
6/14/2020,08 June 2020,"Upper Limit along Date to Plot, Date To",2020,True,244.056523989
6/14/2020,08 June 2020,"Lower Limit along Date to Plot, Date To",2020,True,146.528841865
6/21/2020,15 June 2020,Number of Complaints,2018,,
6/21/2020,15 June 2020,"Avg Complaints Per Year along Date to Plot, Date To",2018,,218.735849057
6/21/2020,15 June 2020,"Upper Limit along Date to Plot, Date To",2018,,260.955581475
6/21/2020,15 June 2020,"Lower Limit along Date to Plot, Date To",2018,,176.516116638
6/21/2020,15 June 2020,Number of Complaints,2019,,
6/21/2020,15 June 2020,"Avg Complaints Per Year along Date to Plot, Date To",2019,,192.903846154
6/21/2020,15 June 2020,"Upper Limit along Date to Plot, Date To",2019,,232.768942006
6/21/2020,15 June 2020,"Lower Limit along Date to Plot, Date To",2019,,153.038750302
6/21/2020,15 June 2020,Number of Complaints,2020,True,193
6/21/2020,15 June 2020,"Avg Complaints Per Year along Date to Plot, Date To",2020,True,195.292682927
6/21/2020,15 June 2020,"Upper Limit along Date to Plot, Date To",2020,True,244.056523989
6/21/2020,15 June 2020,"Lower Limit along Date to Plot, Date To",2020,True,146.528841865
6/28/2020,22 June 2020,Number of Complaints,2018,,
6/28/2020,22 June 2020,"Avg Complaints Per Year along Date to Plot, Date To",2018,,218.735849057
6/28/2020,22 June 2020,"Upper Limit along Date to Plot, Date To",2018,,260.955581475
6/28/2020,22 June 2020,"Lower Limit along Date to Plot, Date To",2018,,176.516116638
6/28/2020,22 June 2020,Number of Complaints,2019,,
6/28/2020,22 June 2020,"Avg Complaints Per Year along Date to Plot, Date To",2019,,192.903846154
6/28/2020,22 June 2020,"Upper Limit along Date to Plot, Date To",2019,,232.768942006
6/28/2020,22 June 2020,"Lower Limit along Date to Plot, Date To",2019,,153.038750302
6/28/2020,22 June 2020,Number of Complaints,2020,True,231
6/28/2020,22 June 2020,"Avg Complaints Per Year along Date to Plot, Date To",2020,True,195.292682927
6/28/2020,22 June 2020,"Upper Limit along Date to Plot, Date To",2020,True,244.056523989
6/28/2020,22 June 2020,"Lower Limit along Date to Plot, Date To",2020,True,146.528841865
7/5/2020,29 June 2020,Number of Complaints,2018,,
7/5/2020,29 June 2020,"Avg Complaints Per Year along Date to Plot, Date To",2018,,218.735849057
7/5/2020,29 June 2020,"Upper Limit along Date to Plot, Date To",2018,,260.955581475
7/5/2020,29 June 2020,"Lower Limit along Date to Plot, Date To",2018,,176.516116638
7/5/2020,29 June 2020,Number of Complaints,2019,,
7/5/2020,29 June 2020,"Avg Complaints Per Year along Date to Plot, Date To",2019,,192.903846154
7/5/2020,29 June 2020,"Upper Limit along Date to Plot, Date To",2019,,232.768942006
7/5/2020,29 June 2020,"Lower Limit along Date to Plot, Date To",2019,,153.038750302
7/5/2020,29 June 2020,Number of Complaints,2020,True,196
7/5/2020,29 June 2020,"Avg Complaints Per Year along Date to Plot, Date To",2020,True,195.292682927
7/5/2020,29 June 2020,"Upper Limit along Date to Plot, Date To",2020,True,244.056523989
7/5/2020,29 June 2020,"Lower Limit along Date to Plot, Date To",2020,True,146.528841865
7/12/2020,06 July 2020,Number of Complaints,2018,,
7/12/2020,06 July 2020,"Avg Complaints Per Year along Date to Plot, Date To",2018,,218.735849057
7/12/2020,06 July 2020,"Upper Limit along Date to Plot, Date To",2018,,260.955581475
7/12/2020,06 July 2020,"Lower Limit along Date to Plot, Date To",2018,,176.516116638
7/12/2020,06 July 2020,Number of Complaints,2019,,
7/12/2020,06 July 2020,"Avg Complaints Per Year along Date to Plot, Date To",2019,,192.903846154
7/12/2020,06 July 2020,"Upper Limit along Date to Plot, Date To",2019,,232.768942006
7/12/2020,06 July 2020,"Lower Limit along Date to Plot, Date To",2019,,153.038750302
7/12/2020,06 July 2020,Number of Complaints,2020,True,235
7/12/2020,06 July 2020,"Avg Complaints Per Year along Date to Plot, Date To",2020,True,195.292682927
7/12/2020,06 July 2020,"Upper Limit along Date to Plot, Date To",2020,True,244.056523989
7/12/2020,06 July 2020,"Lower Limit along Date to Plot, Date To",2020,True,146.528841865
7/19/2020,13 July 2020,Number of Complaints,2018,,
7/19/2020,13 July 2020,"Avg Complaints Per Year along Date to Plot, Date To",2018,,218.735849057
7/19/2020,13 July 2020,"Upper Limit along Date to Plot, Date To",2018,,260.955581475
7/19/2020,13 July 2020,"Lower Limit along Date to Plot, Date To",2018,,176.516116638
7/19/2020,13 July 2020,Number of Complaints,2019,,
7/19/2020,13 July 2020,"Avg Complaints Per Year along Date to Plot, Date To",2019,,192.903846154
7/19/2020,13 July 2020,"Upper Limit along Date to Plot, Date To",2019,,232.768942006
7/19/2020,13 July 2020,"Lower Limit along Date to Plot, Date To",2019,,153.038750302
7/19/2020,13 July 2020,Number of Complaints,2020,True,229
7/19/2020,13 July 2020,"Avg Complaints Per Year along Date to Plot, Date To",2020,True,195.292682927
7/19/2020,13 July 2020,"Upper Limit along Date to Plot, Date To",2020,True,244.056523989
7/19/2020,13 July 2020,"Lower Limit along Date to Plot, Date To",2020,True,146.528841865
7/26/2020,20 July 2020,Number of Complaints,2018,,
7/26/2020,20 July 2020,"Avg Complaints Per Year along Date to Plot, Date To",2018,,218.735849057
7/26/2020,20 July 2020,"Upper Limit along Date to Plot, Date To",2018,,260.955581475
7/26/2020,20 July 2020,"Lower Limit along Date to Plot, Date To",2018,,176.516116638
7/26/2020,20 July 2020,Number of Complaints,2019,,
7/26/2020,20 July 2020,"Avg Complaints Per Year along Date to Plot, Date To",2019,,192.903846154
7/26/2020,20 July 2020,"Upper Limit along Date to Plot, Date To",2019,,232.768942006
7/26/2020,20 July 2020,"Lower Limit along Date to Plot, Date To",2019,,153.038750302
7/26/2020,20 July 2020,Number of Complaints,2020,True,210
7/26/2020,20 July 2020,"Avg Complaints Per Year along Date to Plot, Date To",2020,True,195.292682927
7/26/2020,20 July 2020,"Upper Limit along Date to Plot, Date To",2020,True,244.056523989
7/26/2020,20 July 2020,"Lower Limit along Date to Plot, Date To",2020,True,146.528841865
8/2/2020,27 July 2020,Number of Complaints,2018,,
8/2/2020,27 July 2020,"Avg Complaints Per Year along Date to Plot, Date To",2018,,218.735849057
8/2/2020,27 July 2020,"Upper Limit along Date to Plot, Date To",2018,,260.955581475
8/2/2020,27 July 2020,"Lower Limit along Date to Plot, Date To",2018,,176.516116638
8/2/2020,27 July 2020,Number of Complaints,2019,,
8/2/2020,27 July 2020,"Avg Complaints Per Year along Date to Plot, Date To",2019,,192.903846154
8/2/2020,27 July 2020,"Upper Limit along Date to Plot, Date To",2019,,232.768942006
8/2/2020,27 July 2020,"Lower Limit along Date to Plot, Date To",2019,,153.038750302
8/2/2020,27 July 2020,Number of Complaints,2020,True,190
8/2/2020,27 July 2020,"Avg Complaints Per Year along Date to Plot, Date To",2020,True,195.292682927
8/2/2020,27 July 2020,"Upper Limit along Date to Plot, Date To",2020,True,244.056523989
8/2/2020,27 July 2020,"Lower Limit along Date to Plot, Date To",2020,True,146.528841865
8/9/2020,03 August 2020,Number of Complaints,2018,,
8/9/2020,03 August 2020,"Avg Complaints Per Year along Date to Plot, Date To",2018,,218.735849057
8/9/2020,03 August 2020,"Upper Limit along Date to Plot, Date To",2018,,260.955581475
8/9/2020,03 August 2020,"Lower Limit along Date to Plot, Date To",2018,,176.516116638
8/9/2020,03 August 2020,Number of Complaints,2019,,
8/9/2020,03 August 2020,"Avg Complaints Per Year along Date to Plot, Date To",2019,,192.903846154
8/9/2020,03 August 2020,"Upper Limit along Date to Plot, Date To",2019,,232.768942006
8/9/2020,03 August 2020,"Lower Limit along Date to Plot, Date To",2019,,153.038750302
8/9/2020,03 August 2020,Number of Complaints,2020,True,175
8/9/2020,03 August 2020,"Avg Complaints Per Year along Date to Plot, Date To",2020,True,195.292682927
8/9/2020,03 August 2020,"Upper Limit along Date to Plot, Date To",2020,True,244.056523989
8/9/2020,03 August 2020,"Lower Limit along Date to Plot, Date To",2020,True,146.528841865
8/16/2020,10 August 2020,Number of Complaints,2018,,
8/16/2020,10 August 2020,"Avg Complaints Per Year along Date to Plot, Date To",2018,,218.735849057
8/16/2020,10 August 2020,"Upper Limit along Date to Plot, Date To",2018,,260.955581475
8/16/2020,10 August 2020,"Lower Limit along Date to Plot, Date To",2018,,176.516116638
8/16/2020,10 August 2020,Number of Complaints,2019,,
8/16/2020,10 August 2020,"Avg Complaints Per Year along Date to Plot, Date To",2019,,192.903846154
8/16/2020,10 August 2020,"Upper Limit along Date to Plot, Date To",2019,,232.768942006
8/16/2020,10 August 2020,"Lower Limit along Date to Plot, Date To",2019,,153.038750302
8/16/2020,10 August 2020,Number of Complaints,2020,True,208
8/16/2020,10 August 2020,"Avg Complaints Per Year along Date to Plot, Date To",2020,True,195.292682927
8/16/2020,10 August 2020,"Upper Limit along Date to Plot, Date To",2020,True,244.056523989
8/16/2020,10 August 2020,"Lower Limit along Date to Plot, Date To",2020,True,146.528841865
8/23/2020,17 August 2020,Number of Complaints,2018,,
8/23/2020,17 August 2020,"Avg Complaints Per Year along Date to Plot, Date To",2018,,218.735849057
8/23/2020,17 August 2020,"Upper Limit along Date to Plot, Date To",2018,,260.955581475
8/23/2020,17 August 2020,"Lower Limit along Date to Plot, Date To",2018,,176.516116638
8/23/2020,17 August 2020,Number of Complaints,2019,,
8/23/2020,17 August 2020,"Avg Complaints Per Year along Date to Plot, Date To",2019,,192.903846154
8/23/2020,17 August 2020,"Upper Limit along Date to Plot, Date To",2019,,232.768942006
8/23/2020,17 August 2020,"Lower Limit along Date to Plot, Date To",2019,,153.038750302
8/23/2020,17 August 2020,Number of Complaints,2020,True,213
8/23/2020,17 August 2020,"Avg Complaints Per Year along Date to Plot, Date To",2020,True,195.292682927
8/23/2020,17 August 2020,"Upper Limit along Date to Plot, Date To",2020,True,244.056523989
8/23/2020,17 August 2020,"Lower Limit along Date to Plot, Date To",2020,True,146.528841865
8/30/2020,24 August 2020,Number of Complaints,2018,,
8/30/2020,24 August 2020,"Avg Complaints Per Year along Date to Plot, Date To",2018,,218.735849057
8/30/2020,24 August 2020,"Upper Limit along Date to Plot, Date To",2018,,260.955581475
8/30/2020,24 August 2020,"Lower Limit along Date to Plot, Date To",2018,,176.516116638
8/30/2020,24 August 2020,Number of Complaints,2019,,
8/30/2020,24 August 2020,"Avg Complaints Per Year along Date to Plot, Date To",2019,,192.903846154
8/30/2020,24 August 2020,"Upper Limit along Date to Plot, Date To",2019,,232.768942006
8/30/2020,24 August 2020,"Lower Limit along Date to Plot, Date To",2019,,153.038750302
8/30/2020,24 August 2020,Number of Complaints,2020,False,262
8/30/2020,24 August 2020,"Avg Complaints Per Year along Date to Plot, Date To",2020,False,195.292682927
8/30/2020,24 August 2020,"Upper Limit along Date to Plot, Date To",2020,False,244.056523989
8/30/2020,24 August 2020,"Lower Limit along Date to Plot, Date To",2020,False,146.528841865
9/6/2020,31 August 2020,Number of Complaints,2018,,
9/6/2020,31 August 2020,"Avg Complaints Per Year along Date to Plot, Date To",2018,,218.735849057
9/6/2020,31 August 2020,"Upper Limit along Date to Plot, Date To",2018,,260.955581475
9/6/2020,31 August 2020,"Lower Limit along Date to Plot, Date To",2018,,176.516116638
9/6/2020,31 August 2020,Number of Complaints,2019,,
9/6/2020,31 August 2020,"Avg Complaints Per Year along Date to Plot, Date To",2019,,192.903846154
9/6/2020,31 August 2020,"Upper Limit along Date to Plot, Date To",2019,,232.768942006
9/6/2020,31 August 2020,"Lower Limit along Date to Plot, Date To",2019,,153.038750302
9/6/2020,31 August 2020,Number of Complaints,2020,False,248
9/6/2020,31 August 2020,"Avg Complaints Per Year along Date to Plot, Date To",2020,False,195.292682927
9/6/2020,31 August 2020,"Upper Limit along Date to Plot, Date To",2020,False,244.056523989
9/6/2020,31 August 2020,"Lower Limit along Date to Plot, Date To",2020,False,146.528841865
9/13/2020,07 September 2020,Number of Complaints,2018,,
9/13/2020,07 September 2020,"Avg Complaints Per Year along Date to Plot, Date To",2018,,218.735849057
9/13/2020,07 September 2020,"Upper Limit along Date to Plot, Date To",2018,,260.955581475
9/13/2020,07 September 2020,"Lower Limit along Date to Plot, Date To",2018,,176.516116638
9/13/2020,07 September 2020,Number of Complaints,2019,,
9/13/2020,07 September 2020,"Avg Complaints Per Year along Date to Plot, Date To",2019,,192.903846154
9/13/2020,07 September 2020,"Upper Limit along Date to Plot, Date To",2019,,232.768942006
9/13/2020,07 September 2020,"Lower Limit along Date to Plot, Date To",2019,,153.038750302
9/13/2020,07 September 2020,Number of Complaints,2020,False,263
9/13/2020,07 September 2020,"Avg Complaints Per Year along Date to Plot, Date To",2020,False,195.292682927
9/13/2020,07 September 2020,"Upper Limit along Date to Plot, Date To",2020,False,244.056523989
9/13/2020,07 September 2020,"Lower Limit along Date to Plot, Date To",2020,False,146.528841865
9/20/2020,14 September 2020,Number of Complaints,2018,,
9/20/2020,14 September 2020,"Avg Complaints Per Year along Date to Plot, Date To",2018,,218.735849057
9/20/2020,14 September 2020,"Upper Limit along Date to Plot, Date To",2018,,260.955581475
9/20/2020,14 September 2020,"Lower Limit along Date to Plot, Date To",2018,,176.516116638
9/20/2020,14 September 2020,Number of Complaints,2019,,
9/20/2020,14 September 2020,"Avg Complaints Per Year along Date to Plot, Date To",2019,,192.903846154
9/20/2020,14 September 2020,"Upper Limit along Date to Plot, Date To",2019,,232.768942006
9/20/2020,14 September 2020,"Lower Limit along Date to Plot, Date To",2019,,153.038750302
9/20/2020,14 September 2020,Number of Complaints,2020,False,270
9/20/2020,14 September 2020,"Avg Complaints Per Year along Date to Plot, Date To",2020,False,195.292682927
9/20/2020,14 September 2020,"Upper Limit along Date to Plot, Date To",2020,False,244.056523989
9/20/2020,14 September 2020,"Lower Limit along Date to Plot, Date To",2020,False,146.528841865
9/27/2020,21 September 2020,Number of Complaints,2018,,
9/27/2020,21 September 2020,"Avg Complaints Per Year along Date to Plot, Date To",2018,,218.735849057
9/27/2020,21 September 2020,"Upper Limit along Date to Plot, Date To",2018,,260.955581475
9/27/2020,21 September 2020,"Lower Limit along Date to Plot, Date To",2018,,176.516116638
9/27/2020,21 September 2020,Number of Complaints,2019,,
9/27/2020,21 September 2020,"Avg Complaints Per Year along Date to Plot, Date To",2019,,192.903846154
9/27/2020,21 September 2020,"Upper Limit along Date to Plot, Date To",2019,,232.768942006
9/27/2020,21 September 2020,"Lower Limit along Date to Plot, Date To",2019,,153.038750302
9/27/2020,21 September 2020,Number of Complaints,2020,False,284
9/27/2020,21 September 2020,"Avg Complaints Per Year along Date to Plot, Date To",2020,False,195.292682927
9/27/2020,21 September 2020,"Upper Limit along Date to Plot, Date To",2020,False,244.056523989
9/27/2020,21 September 2020,"Lower Limit along Date to Plot, Date To",2020,False,146.528841865
10/4/2020,28 September 2020,Number of Complaints,2018,,
10/4/2020,28 September 2020,"Avg Complaints Per Year along Date to Plot, Date To",2018,,218.735849057
10/4/2020,28 September 2020,"Upper Limit along Date to Plot, Date To",2018,,260.955581475
10/4/2020,28 September 2020,"Lower Limit along Date to Plot, Date To",2018,,176.516116638
10/4/2020,28 September 2020,Number of Complaints,2019,,
10/4/2020,28 September 2020,"Avg Complaints Per Year along Date to Plot, Date To",2019,,192.903846154
10/4/2020,28 September 2020,"Upper Limit along Date to Plot, Date To",2019,,232.768942006
10/4/2020,28 September 2020,"Lower Limit along Date to Plot, Date To",2019,,153.038750302
10/4/2020,28 September 2020,Number of Complaints,2020,False,275
10/4/2020,28 September 2020,"Avg Complaints Per Year along Date to Plot, Date To",2020,False,195.292682927
10/4/2020,28 September 2020,"Upper Limit along Date to Plot, Date To",2020,False,244.056523989
10/4/2020,28 September 2020,"Lower Limit along Date to Plot, Date To",2020,False,146.528841865
10/11/2020,05 October 2020,Number of Complaints,2018,,
10/11/2020,05 October 2020,"Avg Complaints Per Year along Date to Plot, Date To",2018,,218.735849057
10/11/2020,05 October 2020,"Upper Limit along Date to Plot, Date To",2018,,260.955581475
10/11/2020,05 October 2020,"Lower Limit along Date to Plot, Date To",2018,,176.516116638
10/11/2020,05 October 2020,Number of Complaints,2019,,
10/11/2020,05 October 2020,"Avg Complaints Per Year along Date to Plot, Date To",2019,,192.903846154
10/11/2020,05 October 2020,"Upper Limit along Date to Plot, Date To",2019,,232.768942006
10/11/2020,05 October 2020,"Lower Limit along Date to Plot, Date To",2019,,153.038750302
10/11/2020,05 October 2020,Number of Complaints,2020,False,73
10/11/2020,05 October 2020,"Avg Complaints Per Year along Date to Plot, Date To",2020,False,195.292682927
10/11/2020,05 October 2020,"Upper Limit along Date to Plot, Date To",2020,False,244.056523989
10/11/2020,05 October 2020,"Lower Limit along Date to Plot, Date To",2020,False,146.528841865
10/18/2020,12 October 2020,Number of Complaints,2018,,
10/18/2020,12 October 2020,"Avg Complaints Per Year along Date to Plot, Date To",2018,,218.735849057
10/18/2020,12 October 2020,"Upper Limit along Date to Plot, Date To",2018,,260.955581475
10/18/2020,12 October 2020,"Lower Limit along Date to Plot, Date To",2018,,176.516116638
10/18/2020,12 October 2020,Number of Complaints,2019,,
10/18/2020,12 October 2020,"Avg Complaints Per Year along Date to Plot, Date To",2019,,192.903846154
10/18/2020,12 October 2020,"Upper Limit along Date to Plot, Date To",2019,,232.768942006
10/18/2020,12 October 2020,"Lower Limit along Date to Plot, Date To",2019,,153.038750302
10/18/2020,12 October 2020,Number of Complaints,2020,False,7
10/18/2020,12 October 2020,"Avg Complaints Per Year along Date to Plot, Date To",2020,False,195.292682927
10/18/2020,12 October 2020,"Upper Limit along Date to Plot, Date To",2020,False,244.056523989
10/18/2020,12 October 2020,"Lower Limit along Date to Plot, Date To",2020,False,146.528841865
