Date To,Date to Plot,Measure Names,Year,Within STD Limits?,Measure Values
1/10/2016,04 January 2016,Number of Complaints,2016,True,129
1/10/2016,04 January 2016,"Avg Complaints Per Year along Date to Plot, Date To",2016,True,137.596153846
1/10/2016,04 January 2016,"Upper Limit along Date to Plot, Date To",2016,True,219.471079151
1/10/2016,04 January 2016,"Lower Limit along Date to Plot, Date To",2016,True,55.721228541
1/10/2016,04 January 2016,Number of Complaints,2017,,
1/10/2016,04 January 2016,"Avg Complaints Per Year along Date to Plot, Date To",2017,,184.442307692
1/10/2016,04 January 2016,"Upper Limit along Date to Plot, Date To",2017,,306.413490588
1/10/2016,04 January 2016,"Lower Limit along Date to Plot, Date To",2017,,62.471124796
1/10/2016,04 January 2016,Number of Complaints,2018,,
1/10/2016,04 January 2016,"Avg Complaints Per Year along Date to Plot, Date To",2018,,218.660377358
1/10/2016,04 January 2016,"Upper Limit along Date to Plot, Date To",2018,,358.944085849
1/10/2016,04 January 2016,"Lower Limit along Date to Plot, Date To",2018,,78.376668868
1/10/2016,04 January 2016,Number of Complaints,2019,,
1/10/2016,04 January 2016,"Avg Complaints Per Year along Date to Plot, Date To",2019,,192.923076923
1/10/2016,04 January 2016,"Upper Limit along Date to Plot, Date To",2019,,268.993894132
1/10/2016,04 January 2016,"Lower Limit along Date to Plot, Date To",2019,,116.852259715
1/10/2016,04 January 2016,Number of Complaints,2020,,
1/10/2016,04 January 2016,"Avg Complaints Per Year along Date to Plot, Date To",2020,,194.512195122
1/10/2016,04 January 2016,"Upper Limit along Date to Plot, Date To",2020,,343.929245280
1/10/2016,04 January 2016,"Lower Limit along Date to Plot, Date To",2020,,45.095144964
1/17/2016,11 January 2016,Number of Complaints,2016,True,156
1/17/2016,11 January 2016,"Avg Complaints Per Year along Date to Plot, Date To",2016,True,137.596153846
1/17/2016,11 January 2016,"Upper Limit along Date to Plot, Date To",2016,True,219.471079151
1/17/2016,11 January 2016,"Lower Limit along Date to Plot, Date To",2016,True,55.721228541
1/17/2016,11 January 2016,Number of Complaints,2017,,
1/17/2016,11 January 2016,"Avg Complaints Per Year along Date to Plot, Date To",2017,,184.442307692
1/17/2016,11 January 2016,"Upper Limit along Date to Plot, Date To",2017,,306.413490588
1/17/2016,11 January 2016,"Lower Limit along Date to Plot, Date To",2017,,62.471124796
1/17/2016,11 January 2016,Number of Complaints,2018,,
1/17/2016,11 January 2016,"Avg Complaints Per Year along Date to Plot, Date To",2018,,218.660377358
1/17/2016,11 January 2016,"Upper Limit along Date to Plot, Date To",2018,,358.944085849
1/17/2016,11 January 2016,"Lower Limit along Date to Plot, Date To",2018,,78.376668868
1/17/2016,11 January 2016,Number of Complaints,2019,,
1/17/2016,11 January 2016,"Avg Complaints Per Year along Date to Plot, Date To",2019,,192.923076923
1/17/2016,11 January 2016,"Upper Limit along Date to Plot, Date To",2019,,268.993894132
1/17/2016,11 January 2016,"Lower Limit along Date to Plot, Date To",2019,,116.852259715
1/17/2016,11 January 2016,Number of Complaints,2020,,
1/17/2016,11 January 2016,"Avg Complaints Per Year along Date to Plot, Date To",2020,,194.512195122
1/17/2016,11 January 2016,"Upper Limit along Date to Plot, Date To",2020,,343.929245280
1/17/2016,11 January 2016,"Lower Limit along Date to Plot, Date To",2020,,45.095144964
1/24/2016,18 January 2016,Number of Complaints,2016,True,108
1/24/2016,18 January 2016,"Avg Complaints Per Year along Date to Plot, Date To",2016,True,137.596153846
1/24/2016,18 January 2016,"Upper Limit along Date to Plot, Date To",2016,True,219.471079151
1/24/2016,18 January 2016,"Lower Limit along Date to Plot, Date To",2016,True,55.721228541
1/24/2016,18 January 2016,Number of Complaints,2017,,
1/24/2016,18 January 2016,"Avg Complaints Per Year along Date to Plot, Date To",2017,,184.442307692
1/24/2016,18 January 2016,"Upper Limit along Date to Plot, Date To",2017,,306.413490588
1/24/2016,18 January 2016,"Lower Limit along Date to Plot, Date To",2017,,62.471124796
1/24/2016,18 January 2016,Number of Complaints,2018,,
1/24/2016,18 January 2016,"Avg Complaints Per Year along Date to Plot, Date To",2018,,218.660377358
1/24/2016,18 January 2016,"Upper Limit along Date to Plot, Date To",2018,,358.944085849
1/24/2016,18 January 2016,"Lower Limit along Date to Plot, Date To",2018,,78.376668868
1/24/2016,18 January 2016,Number of Complaints,2019,,
1/24/2016,18 January 2016,"Avg Complaints Per Year along Date to Plot, Date To",2019,,192.923076923
1/24/2016,18 January 2016,"Upper Limit along Date to Plot, Date To",2019,,268.993894132
1/24/2016,18 January 2016,"Lower Limit along Date to Plot, Date To",2019,,116.852259715
1/24/2016,18 January 2016,Number of Complaints,2020,,
1/24/2016,18 January 2016,"Avg Complaints Per Year along Date to Plot, Date To",2020,,194.512195122
1/24/2016,18 January 2016,"Upper Limit along Date to Plot, Date To",2020,,343.929245280
1/24/2016,18 January 2016,"Lower Limit along Date to Plot, Date To",2020,,45.095144964
1/31/2016,25 January 2016,Number of Complaints,2016,True,138
1/31/2016,25 January 2016,"Avg Complaints Per Year along Date to Plot, Date To",2016,True,137.596153846
1/31/2016,25 January 2016,"Upper Limit along Date to Plot, Date To",2016,True,219.471079151
1/31/2016,25 January 2016,"Lower Limit along Date to Plot, Date To",2016,True,55.721228541
1/31/2016,25 January 2016,Number of Complaints,2017,,
1/31/2016,25 January 2016,"Avg Complaints Per Year along Date to Plot, Date To",2017,,184.442307692
1/31/2016,25 January 2016,"Upper Limit along Date to Plot, Date To",2017,,306.413490588
1/31/2016,25 January 2016,"Lower Limit along Date to Plot, Date To",2017,,62.471124796
1/31/2016,25 January 2016,Number of Complaints,2018,,
1/31/2016,25 January 2016,"Avg Complaints Per Year along Date to Plot, Date To",2018,,218.660377358
1/31/2016,25 January 2016,"Upper Limit along Date to Plot, Date To",2018,,358.944085849
1/31/2016,25 January 2016,"Lower Limit along Date to Plot, Date To",2018,,78.376668868
1/31/2016,25 January 2016,Number of Complaints,2019,,
1/31/2016,25 January 2016,"Avg Complaints Per Year along Date to Plot, Date To",2019,,192.923076923
1/31/2016,25 January 2016,"Upper Limit along Date to Plot, Date To",2019,,268.993894132
1/31/2016,25 January 2016,"Lower Limit along Date to Plot, Date To",2019,,116.852259715
1/31/2016,25 January 2016,Number of Complaints,2020,,
1/31/2016,25 January 2016,"Avg Complaints Per Year along Date to Plot, Date To",2020,,194.512195122
1/31/2016,25 January 2016,"Upper Limit along Date to Plot, Date To",2020,,343.929245280
1/31/2016,25 January 2016,"Lower Limit along Date to Plot, Date To",2020,,45.095144964
2/7/2016,01 February 2016,Number of Complaints,2016,True,120
2/7/2016,01 February 2016,"Avg Complaints Per Year along Date to Plot, Date To",2016,True,137.596153846
2/7/2016,01 February 2016,"Upper Limit along Date to Plot, Date To",2016,True,219.471079151
2/7/2016,01 February 2016,"Lower Limit along Date to Plot, Date To",2016,True,55.721228541
2/7/2016,01 February 2016,Number of Complaints,2017,,
2/7/2016,01 February 2016,"Avg Complaints Per Year along Date to Plot, Date To",2017,,184.442307692
2/7/2016,01 February 2016,"Upper Limit along Date to Plot, Date To",2017,,306.413490588
2/7/2016,01 February 2016,"Lower Limit along Date to Plot, Date To",2017,,62.471124796
2/7/2016,01 February 2016,Number of Complaints,2018,,
2/7/2016,01 February 2016,"Avg Complaints Per Year along Date to Plot, Date To",2018,,218.660377358
2/7/2016,01 February 2016,"Upper Limit along Date to Plot, Date To",2018,,358.944085849
2/7/2016,01 February 2016,"Lower Limit along Date to Plot, Date To",2018,,78.376668868
2/7/2016,01 February 2016,Number of Complaints,2019,,
2/7/2016,01 February 2016,"Avg Complaints Per Year along Date to Plot, Date To",2019,,192.923076923
2/7/2016,01 February 2016,"Upper Limit along Date to Plot, Date To",2019,,268.993894132
2/7/2016,01 February 2016,"Lower Limit along Date to Plot, Date To",2019,,116.852259715
2/7/2016,01 February 2016,Number of Complaints,2020,,
2/7/2016,01 February 2016,"Avg Complaints Per Year along Date to Plot, Date To",2020,,194.512195122
2/7/2016,01 February 2016,"Upper Limit along Date to Plot, Date To",2020,,343.929245280
2/7/2016,01 February 2016,"Lower Limit along Date to Plot, Date To",2020,,45.095144964
2/14/2016,08 February 2016,Number of Complaints,2016,True,119
2/14/2016,08 February 2016,"Avg Complaints Per Year along Date to Plot, Date To",2016,True,137.596153846
2/14/2016,08 February 2016,"Upper Limit along Date to Plot, Date To",2016,True,219.471079151
2/14/2016,08 February 2016,"Lower Limit along Date to Plot, Date To",2016,True,55.721228541
2/14/2016,08 February 2016,Number of Complaints,2017,,
2/14/2016,08 February 2016,"Avg Complaints Per Year along Date to Plot, Date To",2017,,184.442307692
2/14/2016,08 February 2016,"Upper Limit along Date to Plot, Date To",2017,,306.413490588
2/14/2016,08 February 2016,"Lower Limit along Date to Plot, Date To",2017,,62.471124796
2/14/2016,08 February 2016,Number of Complaints,2018,,
2/14/2016,08 February 2016,"Avg Complaints Per Year along Date to Plot, Date To",2018,,218.660377358
2/14/2016,08 February 2016,"Upper Limit along Date to Plot, Date To",2018,,358.944085849
2/14/2016,08 February 2016,"Lower Limit along Date to Plot, Date To",2018,,78.376668868
2/14/2016,08 February 2016,Number of Complaints,2019,,
2/14/2016,08 February 2016,"Avg Complaints Per Year along Date to Plot, Date To",2019,,192.923076923
2/14/2016,08 February 2016,"Upper Limit along Date to Plot, Date To",2019,,268.993894132
2/14/2016,08 February 2016,"Lower Limit along Date to Plot, Date To",2019,,116.852259715
2/14/2016,08 February 2016,Number of Complaints,2020,,
2/14/2016,08 February 2016,"Avg Complaints Per Year along Date to Plot, Date To",2020,,194.512195122
2/14/2016,08 February 2016,"Upper Limit along Date to Plot, Date To",2020,,343.929245280
2/14/2016,08 February 2016,"Lower Limit along Date to Plot, Date To",2020,,45.095144964
2/21/2016,15 February 2016,Number of Complaints,2016,True,113
2/21/2016,15 February 2016,"Avg Complaints Per Year along Date to Plot, Date To",2016,True,137.596153846
2/21/2016,15 February 2016,"Upper Limit along Date to Plot, Date To",2016,True,219.471079151
2/21/2016,15 February 2016,"Lower Limit along Date to Plot, Date To",2016,True,55.721228541
2/21/2016,15 February 2016,Number of Complaints,2017,,
2/21/2016,15 February 2016,"Avg Complaints Per Year along Date to Plot, Date To",2017,,184.442307692
2/21/2016,15 February 2016,"Upper Limit along Date to Plot, Date To",2017,,306.413490588
2/21/2016,15 February 2016,"Lower Limit along Date to Plot, Date To",2017,,62.471124796
2/21/2016,15 February 2016,Number of Complaints,2018,,
2/21/2016,15 February 2016,"Avg Complaints Per Year along Date to Plot, Date To",2018,,218.660377358
2/21/2016,15 February 2016,"Upper Limit along Date to Plot, Date To",2018,,358.944085849
2/21/2016,15 February 2016,"Lower Limit along Date to Plot, Date To",2018,,78.376668868
2/21/2016,15 February 2016,Number of Complaints,2019,,
2/21/2016,15 February 2016,"Avg Complaints Per Year along Date to Plot, Date To",2019,,192.923076923
2/21/2016,15 February 2016,"Upper Limit along Date to Plot, Date To",2019,,268.993894132
2/21/2016,15 February 2016,"Lower Limit along Date to Plot, Date To",2019,,116.852259715
2/21/2016,15 February 2016,Number of Complaints,2020,,
2/21/2016,15 February 2016,"Avg Complaints Per Year along Date to Plot, Date To",2020,,194.512195122
2/21/2016,15 February 2016,"Upper Limit along Date to Plot, Date To",2020,,343.929245280
2/21/2016,15 February 2016,"Lower Limit along Date to Plot, Date To",2020,,45.095144964
2/28/2016,22 February 2016,Number of Complaints,2016,True,128
2/28/2016,22 February 2016,"Avg Complaints Per Year along Date to Plot, Date To",2016,True,137.596153846
2/28/2016,22 February 2016,"Upper Limit along Date to Plot, Date To",2016,True,219.471079151
2/28/2016,22 February 2016,"Lower Limit along Date to Plot, Date To",2016,True,55.721228541
2/28/2016,22 February 2016,Number of Complaints,2017,,
2/28/2016,22 February 2016,"Avg Complaints Per Year along Date to Plot, Date To",2017,,184.442307692
2/28/2016,22 February 2016,"Upper Limit along Date to Plot, Date To",2017,,306.413490588
2/28/2016,22 February 2016,"Lower Limit along Date to Plot, Date To",2017,,62.471124796
2/28/2016,22 February 2016,Number of Complaints,2018,,
2/28/2016,22 February 2016,"Avg Complaints Per Year along Date to Plot, Date To",2018,,218.660377358
2/28/2016,22 February 2016,"Upper Limit along Date to Plot, Date To",2018,,358.944085849
2/28/2016,22 February 2016,"Lower Limit along Date to Plot, Date To",2018,,78.376668868
2/28/2016,22 February 2016,Number of Complaints,2019,,
2/28/2016,22 February 2016,"Avg Complaints Per Year along Date to Plot, Date To",2019,,192.923076923
2/28/2016,22 February 2016,"Upper Limit along Date to Plot, Date To",2019,,268.993894132
2/28/2016,22 February 2016,"Lower Limit along Date to Plot, Date To",2019,,116.852259715
2/28/2016,22 February 2016,Number of Complaints,2020,,
2/28/2016,22 February 2016,"Avg Complaints Per Year along Date to Plot, Date To",2020,,194.512195122
2/28/2016,22 February 2016,"Upper Limit along Date to Plot, Date To",2020,,343.929245280
2/28/2016,22 February 2016,"Lower Limit along Date to Plot, Date To",2020,,45.095144964
3/6/2016,29 February 2016,Number of Complaints,2016,True,119
3/6/2016,29 February 2016,"Avg Complaints Per Year along Date to Plot, Date To",2016,True,137.596153846
3/6/2016,29 February 2016,"Upper Limit along Date to Plot, Date To",2016,True,219.471079151
3/6/2016,29 February 2016,"Lower Limit along Date to Plot, Date To",2016,True,55.721228541
3/6/2016,29 February 2016,Number of Complaints,2017,,
3/6/2016,29 February 2016,"Avg Complaints Per Year along Date to Plot, Date To",2017,,184.442307692
3/6/2016,29 February 2016,"Upper Limit along Date to Plot, Date To",2017,,306.413490588
3/6/2016,29 February 2016,"Lower Limit along Date to Plot, Date To",2017,,62.471124796
3/6/2016,29 February 2016,Number of Complaints,2018,,
3/6/2016,29 February 2016,"Avg Complaints Per Year along Date to Plot, Date To",2018,,218.660377358
3/6/2016,29 February 2016,"Upper Limit along Date to Plot, Date To",2018,,358.944085849
3/6/2016,29 February 2016,"Lower Limit along Date to Plot, Date To",2018,,78.376668868
3/6/2016,29 February 2016,Number of Complaints,2019,,
3/6/2016,29 February 2016,"Avg Complaints Per Year along Date to Plot, Date To",2019,,192.923076923
3/6/2016,29 February 2016,"Upper Limit along Date to Plot, Date To",2019,,268.993894132
3/6/2016,29 February 2016,"Lower Limit along Date to Plot, Date To",2019,,116.852259715
3/6/2016,29 February 2016,Number of Complaints,2020,,
3/6/2016,29 February 2016,"Avg Complaints Per Year along Date to Plot, Date To",2020,,194.512195122
3/6/2016,29 February 2016,"Upper Limit along Date to Plot, Date To",2020,,343.929245280
3/6/2016,29 February 2016,"Lower Limit along Date to Plot, Date To",2020,,45.095144964
3/13/2016,07 March 2016,Number of Complaints,2016,True,124
3/13/2016,07 March 2016,"Avg Complaints Per Year along Date to Plot, Date To",2016,True,137.596153846
3/13/2016,07 March 2016,"Upper Limit along Date to Plot, Date To",2016,True,219.471079151
3/13/2016,07 March 2016,"Lower Limit along Date to Plot, Date To",2016,True,55.721228541
3/13/2016,07 March 2016,Number of Complaints,2017,,
3/13/2016,07 March 2016,"Avg Complaints Per Year along Date to Plot, Date To",2017,,184.442307692
3/13/2016,07 March 2016,"Upper Limit along Date to Plot, Date To",2017,,306.413490588
3/13/2016,07 March 2016,"Lower Limit along Date to Plot, Date To",2017,,62.471124796
3/13/2016,07 March 2016,Number of Complaints,2018,,
3/13/2016,07 March 2016,"Avg Complaints Per Year along Date to Plot, Date To",2018,,218.660377358
3/13/2016,07 March 2016,"Upper Limit along Date to Plot, Date To",2018,,358.944085849
3/13/2016,07 March 2016,"Lower Limit along Date to Plot, Date To",2018,,78.376668868
3/13/2016,07 March 2016,Number of Complaints,2019,,
3/13/2016,07 March 2016,"Avg Complaints Per Year along Date to Plot, Date To",2019,,192.923076923
3/13/2016,07 March 2016,"Upper Limit along Date to Plot, Date To",2019,,268.993894132
3/13/2016,07 March 2016,"Lower Limit along Date to Plot, Date To",2019,,116.852259715
3/13/2016,07 March 2016,Number of Complaints,2020,,
3/13/2016,07 March 2016,"Avg Complaints Per Year along Date to Plot, Date To",2020,,194.512195122
3/13/2016,07 March 2016,"Upper Limit along Date to Plot, Date To",2020,,343.929245280
3/13/2016,07 March 2016,"Lower Limit along Date to Plot, Date To",2020,,45.095144964
3/20/2016,14 March 2016,Number of Complaints,2016,True,152
3/20/2016,14 March 2016,"Avg Complaints Per Year along Date to Plot, Date To",2016,True,137.596153846
3/20/2016,14 March 2016,"Upper Limit along Date to Plot, Date To",2016,True,219.471079151
3/20/2016,14 March 2016,"Lower Limit along Date to Plot, Date To",2016,True,55.721228541
3/20/2016,14 March 2016,Number of Complaints,2017,,
3/20/2016,14 March 2016,"Avg Complaints Per Year along Date to Plot, Date To",2017,,184.442307692
3/20/2016,14 March 2016,"Upper Limit along Date to Plot, Date To",2017,,306.413490588
3/20/2016,14 March 2016,"Lower Limit along Date to Plot, Date To",2017,,62.471124796
3/20/2016,14 March 2016,Number of Complaints,2018,,
3/20/2016,14 March 2016,"Avg Complaints Per Year along Date to Plot, Date To",2018,,218.660377358
3/20/2016,14 March 2016,"Upper Limit along Date to Plot, Date To",2018,,358.944085849
3/20/2016,14 March 2016,"Lower Limit along Date to Plot, Date To",2018,,78.376668868
3/20/2016,14 March 2016,Number of Complaints,2019,,
3/20/2016,14 March 2016,"Avg Complaints Per Year along Date to Plot, Date To",2019,,192.923076923
3/20/2016,14 March 2016,"Upper Limit along Date to Plot, Date To",2019,,268.993894132
3/20/2016,14 March 2016,"Lower Limit along Date to Plot, Date To",2019,,116.852259715
3/20/2016,14 March 2016,Number of Complaints,2020,,
3/20/2016,14 March 2016,"Avg Complaints Per Year along Date to Plot, Date To",2020,,194.512195122
3/20/2016,14 March 2016,"Upper Limit along Date to Plot, Date To",2020,,343.929245280
3/20/2016,14 March 2016,"Lower Limit along Date to Plot, Date To",2020,,45.095144964
3/27/2016,21 March 2016,Number of Complaints,2016,True,109
3/27/2016,21 March 2016,"Avg Complaints Per Year along Date to Plot, Date To",2016,True,137.596153846
3/27/2016,21 March 2016,"Upper Limit along Date to Plot, Date To",2016,True,219.471079151
3/27/2016,21 March 2016,"Lower Limit along Date to Plot, Date To",2016,True,55.721228541
3/27/2016,21 March 2016,Number of Complaints,2017,,
3/27/2016,21 March 2016,"Avg Complaints Per Year along Date to Plot, Date To",2017,,184.442307692
3/27/2016,21 March 2016,"Upper Limit along Date to Plot, Date To",2017,,306.413490588
3/27/2016,21 March 2016,"Lower Limit along Date to Plot, Date To",2017,,62.471124796
3/27/2016,21 March 2016,Number of Complaints,2018,,
3/27/2016,21 March 2016,"Avg Complaints Per Year along Date to Plot, Date To",2018,,218.660377358
3/27/2016,21 March 2016,"Upper Limit along Date to Plot, Date To",2018,,358.944085849
3/27/2016,21 March 2016,"Lower Limit along Date to Plot, Date To",2018,,78.376668868
3/27/2016,21 March 2016,Number of Complaints,2019,,
3/27/2016,21 March 2016,"Avg Complaints Per Year along Date to Plot, Date To",2019,,192.923076923
3/27/2016,21 March 2016,"Upper Limit along Date to Plot, Date To",2019,,268.993894132
3/27/2016,21 March 2016,"Lower Limit along Date to Plot, Date To",2019,,116.852259715
3/27/2016,21 March 2016,Number of Complaints,2020,,
3/27/2016,21 March 2016,"Avg Complaints Per Year along Date to Plot, Date To",2020,,194.512195122
3/27/2016,21 March 2016,"Upper Limit along Date to Plot, Date To",2020,,343.929245280
3/27/2016,21 March 2016,"Lower Limit along Date to Plot, Date To",2020,,45.095144964
4/3/2016,28 March 2016,Number of Complaints,2016,True,131
4/3/2016,28 March 2016,"Avg Complaints Per Year along Date to Plot, Date To",2016,True,137.596153846
4/3/2016,28 March 2016,"Upper Limit along Date to Plot, Date To",2016,True,219.471079151
4/3/2016,28 March 2016,"Lower Limit along Date to Plot, Date To",2016,True,55.721228541
4/3/2016,28 March 2016,Number of Complaints,2017,,
4/3/2016,28 March 2016,"Avg Complaints Per Year along Date to Plot, Date To",2017,,184.442307692
4/3/2016,28 March 2016,"Upper Limit along Date to Plot, Date To",2017,,306.413490588
4/3/2016,28 March 2016,"Lower Limit along Date to Plot, Date To",2017,,62.471124796
4/3/2016,28 March 2016,Number of Complaints,2018,,
4/3/2016,28 March 2016,"Avg Complaints Per Year along Date to Plot, Date To",2018,,218.660377358
4/3/2016,28 March 2016,"Upper Limit along Date to Plot, Date To",2018,,358.944085849
4/3/2016,28 March 2016,"Lower Limit along Date to Plot, Date To",2018,,78.376668868
4/3/2016,28 March 2016,Number of Complaints,2019,,
4/3/2016,28 March 2016,"Avg Complaints Per Year along Date to Plot, Date To",2019,,192.923076923
4/3/2016,28 March 2016,"Upper Limit along Date to Plot, Date To",2019,,268.993894132
4/3/2016,28 March 2016,"Lower Limit along Date to Plot, Date To",2019,,116.852259715
4/3/2016,28 March 2016,Number of Complaints,2020,,
4/3/2016,28 March 2016,"Avg Complaints Per Year along Date to Plot, Date To",2020,,194.512195122
4/3/2016,28 March 2016,"Upper Limit along Date to Plot, Date To",2020,,343.929245280
4/3/2016,28 March 2016,"Lower Limit along Date to Plot, Date To",2020,,45.095144964
4/10/2016,04 April 2016,Number of Complaints,2016,True,96
4/10/2016,04 April 2016,"Avg Complaints Per Year along Date to Plot, Date To",2016,True,137.596153846
4/10/2016,04 April 2016,"Upper Limit along Date to Plot, Date To",2016,True,219.471079151
4/10/2016,04 April 2016,"Lower Limit along Date to Plot, Date To",2016,True,55.721228541
4/10/2016,04 April 2016,Number of Complaints,2017,,
4/10/2016,04 April 2016,"Avg Complaints Per Year along Date to Plot, Date To",2017,,184.442307692
4/10/2016,04 April 2016,"Upper Limit along Date to Plot, Date To",2017,,306.413490588
4/10/2016,04 April 2016,"Lower Limit along Date to Plot, Date To",2017,,62.471124796
4/10/2016,04 April 2016,Number of Complaints,2018,,
4/10/2016,04 April 2016,"Avg Complaints Per Year along Date to Plot, Date To",2018,,218.660377358
4/10/2016,04 April 2016,"Upper Limit along Date to Plot, Date To",2018,,358.944085849
4/10/2016,04 April 2016,"Lower Limit along Date to Plot, Date To",2018,,78.376668868
4/10/2016,04 April 2016,Number of Complaints,2019,,
4/10/2016,04 April 2016,"Avg Complaints Per Year along Date to Plot, Date To",2019,,192.923076923
4/10/2016,04 April 2016,"Upper Limit along Date to Plot, Date To",2019,,268.993894132
4/10/2016,04 April 2016,"Lower Limit along Date to Plot, Date To",2019,,116.852259715
4/10/2016,04 April 2016,Number of Complaints,2020,,
4/10/2016,04 April 2016,"Avg Complaints Per Year along Date to Plot, Date To",2020,,194.512195122
4/10/2016,04 April 2016,"Upper Limit along Date to Plot, Date To",2020,,343.929245280
4/10/2016,04 April 2016,"Lower Limit along Date to Plot, Date To",2020,,45.095144964
4/17/2016,11 April 2016,Number of Complaints,2016,True,119
4/17/2016,11 April 2016,"Avg Complaints Per Year along Date to Plot, Date To",2016,True,137.596153846
4/17/2016,11 April 2016,"Upper Limit along Date to Plot, Date To",2016,True,219.471079151
4/17/2016,11 April 2016,"Lower Limit along Date to Plot, Date To",2016,True,55.721228541
4/17/2016,11 April 2016,Number of Complaints,2017,,
4/17/2016,11 April 2016,"Avg Complaints Per Year along Date to Plot, Date To",2017,,184.442307692
4/17/2016,11 April 2016,"Upper Limit along Date to Plot, Date To",2017,,306.413490588
4/17/2016,11 April 2016,"Lower Limit along Date to Plot, Date To",2017,,62.471124796
4/17/2016,11 April 2016,Number of Complaints,2018,,
4/17/2016,11 April 2016,"Avg Complaints Per Year along Date to Plot, Date To",2018,,218.660377358
4/17/2016,11 April 2016,"Upper Limit along Date to Plot, Date To",2018,,358.944085849
4/17/2016,11 April 2016,"Lower Limit along Date to Plot, Date To",2018,,78.376668868
4/17/2016,11 April 2016,Number of Complaints,2019,,
4/17/2016,11 April 2016,"Avg Complaints Per Year along Date to Plot, Date To",2019,,192.923076923
4/17/2016,11 April 2016,"Upper Limit along Date to Plot, Date To",2019,,268.993894132
4/17/2016,11 April 2016,"Lower Limit along Date to Plot, Date To",2019,,116.852259715
4/17/2016,11 April 2016,Number of Complaints,2020,,
4/17/2016,11 April 2016,"Avg Complaints Per Year along Date to Plot, Date To",2020,,194.512195122
4/17/2016,11 April 2016,"Upper Limit along Date to Plot, Date To",2020,,343.929245280
4/17/2016,11 April 2016,"Lower Limit along Date to Plot, Date To",2020,,45.095144964
4/24/2016,18 April 2016,Number of Complaints,2016,True,117
4/24/2016,18 April 2016,"Avg Complaints Per Year along Date to Plot, Date To",2016,True,137.596153846
4/24/2016,18 April 2016,"Upper Limit along Date to Plot, Date To",2016,True,219.471079151
4/24/2016,18 April 2016,"Lower Limit along Date to Plot, Date To",2016,True,55.721228541
4/24/2016,18 April 2016,Number of Complaints,2017,,
4/24/2016,18 April 2016,"Avg Complaints Per Year along Date to Plot, Date To",2017,,184.442307692
4/24/2016,18 April 2016,"Upper Limit along Date to Plot, Date To",2017,,306.413490588
4/24/2016,18 April 2016,"Lower Limit along Date to Plot, Date To",2017,,62.471124796
4/24/2016,18 April 2016,Number of Complaints,2018,,
4/24/2016,18 April 2016,"Avg Complaints Per Year along Date to Plot, Date To",2018,,218.660377358
4/24/2016,18 April 2016,"Upper Limit along Date to Plot, Date To",2018,,358.944085849
4/24/2016,18 April 2016,"Lower Limit along Date to Plot, Date To",2018,,78.376668868
4/24/2016,18 April 2016,Number of Complaints,2019,,
4/24/2016,18 April 2016,"Avg Complaints Per Year along Date to Plot, Date To",2019,,192.923076923
4/24/2016,18 April 2016,"Upper Limit along Date to Plot, Date To",2019,,268.993894132
4/24/2016,18 April 2016,"Lower Limit along Date to Plot, Date To",2019,,116.852259715
4/24/2016,18 April 2016,Number of Complaints,2020,,
4/24/2016,18 April 2016,"Avg Complaints Per Year along Date to Plot, Date To",2020,,194.512195122
4/24/2016,18 April 2016,"Upper Limit along Date to Plot, Date To",2020,,343.929245280
4/24/2016,18 April 2016,"Lower Limit along Date to Plot, Date To",2020,,45.095144964
5/1/2016,25 April 2016,Number of Complaints,2016,True,117
5/1/2016,25 April 2016,"Avg Complaints Per Year along Date to Plot, Date To",2016,True,137.596153846
5/1/2016,25 April 2016,"Upper Limit along Date to Plot, Date To",2016,True,219.471079151
5/1/2016,25 April 2016,"Lower Limit along Date to Plot, Date To",2016,True,55.721228541
5/1/2016,25 April 2016,Number of Complaints,2017,,
5/1/2016,25 April 2016,"Avg Complaints Per Year along Date to Plot, Date To",2017,,184.442307692
5/1/2016,25 April 2016,"Upper Limit along Date to Plot, Date To",2017,,306.413490588
5/1/2016,25 April 2016,"Lower Limit along Date to Plot, Date To",2017,,62.471124796
5/1/2016,25 April 2016,Number of Complaints,2018,,
5/1/2016,25 April 2016,"Avg Complaints Per Year along Date to Plot, Date To",2018,,218.660377358
5/1/2016,25 April 2016,"Upper Limit along Date to Plot, Date To",2018,,358.944085849
5/1/2016,25 April 2016,"Lower Limit along Date to Plot, Date To",2018,,78.376668868
5/1/2016,25 April 2016,Number of Complaints,2019,,
5/1/2016,25 April 2016,"Avg Complaints Per Year along Date to Plot, Date To",2019,,192.923076923
5/1/2016,25 April 2016,"Upper Limit along Date to Plot, Date To",2019,,268.993894132
5/1/2016,25 April 2016,"Lower Limit along Date to Plot, Date To",2019,,116.852259715
5/1/2016,25 April 2016,Number of Complaints,2020,,
5/1/2016,25 April 2016,"Avg Complaints Per Year along Date to Plot, Date To",2020,,194.512195122
5/1/2016,25 April 2016,"Upper Limit along Date to Plot, Date To",2020,,343.929245280
5/1/2016,25 April 2016,"Lower Limit along Date to Plot, Date To",2020,,45.095144964
5/8/2016,02 May 2016,Number of Complaints,2016,True,116
5/8/2016,02 May 2016,"Avg Complaints Per Year along Date to Plot, Date To",2016,True,137.596153846
5/8/2016,02 May 2016,"Upper Limit along Date to Plot, Date To",2016,True,219.471079151
5/8/2016,02 May 2016,"Lower Limit along Date to Plot, Date To",2016,True,55.721228541
5/8/2016,02 May 2016,Number of Complaints,2017,,
5/8/2016,02 May 2016,"Avg Complaints Per Year along Date to Plot, Date To",2017,,184.442307692
5/8/2016,02 May 2016,"Upper Limit along Date to Plot, Date To",2017,,306.413490588
5/8/2016,02 May 2016,"Lower Limit along Date to Plot, Date To",2017,,62.471124796
5/8/2016,02 May 2016,Number of Complaints,2018,,
5/8/2016,02 May 2016,"Avg Complaints Per Year along Date to Plot, Date To",2018,,218.660377358
5/8/2016,02 May 2016,"Upper Limit along Date to Plot, Date To",2018,,358.944085849
5/8/2016,02 May 2016,"Lower Limit along Date to Plot, Date To",2018,,78.376668868
5/8/2016,02 May 2016,Number of Complaints,2019,,
5/8/2016,02 May 2016,"Avg Complaints Per Year along Date to Plot, Date To",2019,,192.923076923
5/8/2016,02 May 2016,"Upper Limit along Date to Plot, Date To",2019,,268.993894132
5/8/2016,02 May 2016,"Lower Limit along Date to Plot, Date To",2019,,116.852259715
5/8/2016,02 May 2016,Number of Complaints,2020,,
5/8/2016,02 May 2016,"Avg Complaints Per Year along Date to Plot, Date To",2020,,194.512195122
5/8/2016,02 May 2016,"Upper Limit along Date to Plot, Date To",2020,,343.929245280
5/8/2016,02 May 2016,"Lower Limit along Date to Plot, Date To",2020,,45.095144964
5/15/2016,09 May 2016,Number of Complaints,2016,True,134
5/15/2016,09 May 2016,"Avg Complaints Per Year along Date to Plot, Date To",2016,True,137.596153846
5/15/2016,09 May 2016,"Upper Limit along Date to Plot, Date To",2016,True,219.471079151
5/15/2016,09 May 2016,"Lower Limit along Date to Plot, Date To",2016,True,55.721228541
5/15/2016,09 May 2016,Number of Complaints,2017,,
5/15/2016,09 May 2016,"Avg Complaints Per Year along Date to Plot, Date To",2017,,184.442307692
5/15/2016,09 May 2016,"Upper Limit along Date to Plot, Date To",2017,,306.413490588
5/15/2016,09 May 2016,"Lower Limit along Date to Plot, Date To",2017,,62.471124796
5/15/2016,09 May 2016,Number of Complaints,2018,,
5/15/2016,09 May 2016,"Avg Complaints Per Year along Date to Plot, Date To",2018,,218.660377358
5/15/2016,09 May 2016,"Upper Limit along Date to Plot, Date To",2018,,358.944085849
5/15/2016,09 May 2016,"Lower Limit along Date to Plot, Date To",2018,,78.376668868
5/15/2016,09 May 2016,Number of Complaints,2019,,
5/15/2016,09 May 2016,"Avg Complaints Per Year along Date to Plot, Date To",2019,,192.923076923
5/15/2016,09 May 2016,"Upper Limit along Date to Plot, Date To",2019,,268.993894132
5/15/2016,09 May 2016,"Lower Limit along Date to Plot, Date To",2019,,116.852259715
5/15/2016,09 May 2016,Number of Complaints,2020,,
5/15/2016,09 May 2016,"Avg Complaints Per Year along Date to Plot, Date To",2020,,194.512195122
5/15/2016,09 May 2016,"Upper Limit along Date to Plot, Date To",2020,,343.929245280
5/15/2016,09 May 2016,"Lower Limit along Date to Plot, Date To",2020,,45.095144964
5/22/2016,16 May 2016,Number of Complaints,2016,True,119
5/22/2016,16 May 2016,"Avg Complaints Per Year along Date to Plot, Date To",2016,True,137.596153846
5/22/2016,16 May 2016,"Upper Limit along Date to Plot, Date To",2016,True,219.471079151
5/22/2016,16 May 2016,"Lower Limit along Date to Plot, Date To",2016,True,55.721228541
5/22/2016,16 May 2016,Number of Complaints,2017,,
5/22/2016,16 May 2016,"Avg Complaints Per Year along Date to Plot, Date To",2017,,184.442307692
5/22/2016,16 May 2016,"Upper Limit along Date to Plot, Date To",2017,,306.413490588
5/22/2016,16 May 2016,"Lower Limit along Date to Plot, Date To",2017,,62.471124796
5/22/2016,16 May 2016,Number of Complaints,2018,,
5/22/2016,16 May 2016,"Avg Complaints Per Year along Date to Plot, Date To",2018,,218.660377358
5/22/2016,16 May 2016,"Upper Limit along Date to Plot, Date To",2018,,358.944085849
5/22/2016,16 May 2016,"Lower Limit along Date to Plot, Date To",2018,,78.376668868
5/22/2016,16 May 2016,Number of Complaints,2019,,
5/22/2016,16 May 2016,"Avg Complaints Per Year along Date to Plot, Date To",2019,,192.923076923
5/22/2016,16 May 2016,"Upper Limit along Date to Plot, Date To",2019,,268.993894132
5/22/2016,16 May 2016,"Lower Limit along Date to Plot, Date To",2019,,116.852259715
5/22/2016,16 May 2016,Number of Complaints,2020,,
5/22/2016,16 May 2016,"Avg Complaints Per Year along Date to Plot, Date To",2020,,194.512195122
5/22/2016,16 May 2016,"Upper Limit along Date to Plot, Date To",2020,,343.929245280
5/22/2016,16 May 2016,"Lower Limit along Date to Plot, Date To",2020,,45.095144964
5/29/2016,23 May 2016,Number of Complaints,2016,True,139
5/29/2016,23 May 2016,"Avg Complaints Per Year along Date to Plot, Date To",2016,True,137.596153846
5/29/2016,23 May 2016,"Upper Limit along Date to Plot, Date To",2016,True,219.471079151
5/29/2016,23 May 2016,"Lower Limit along Date to Plot, Date To",2016,True,55.721228541
5/29/2016,23 May 2016,Number of Complaints,2017,,
5/29/2016,23 May 2016,"Avg Complaints Per Year along Date to Plot, Date To",2017,,184.442307692
5/29/2016,23 May 2016,"Upper Limit along Date to Plot, Date To",2017,,306.413490588
5/29/2016,23 May 2016,"Lower Limit along Date to Plot, Date To",2017,,62.471124796
5/29/2016,23 May 2016,Number of Complaints,2018,,
5/29/2016,23 May 2016,"Avg Complaints Per Year along Date to Plot, Date To",2018,,218.660377358
5/29/2016,23 May 2016,"Upper Limit along Date to Plot, Date To",2018,,358.944085849
5/29/2016,23 May 2016,"Lower Limit along Date to Plot, Date To",2018,,78.376668868
5/29/2016,23 May 2016,Number of Complaints,2019,,
5/29/2016,23 May 2016,"Avg Complaints Per Year along Date to Plot, Date To",2019,,192.923076923
5/29/2016,23 May 2016,"Upper Limit along Date to Plot, Date To",2019,,268.993894132
5/29/2016,23 May 2016,"Lower Limit along Date to Plot, Date To",2019,,116.852259715
5/29/2016,23 May 2016,Number of Complaints,2020,,
5/29/2016,23 May 2016,"Avg Complaints Per Year along Date to Plot, Date To",2020,,194.512195122
5/29/2016,23 May 2016,"Upper Limit along Date to Plot, Date To",2020,,343.929245280
5/29/2016,23 May 2016,"Lower Limit along Date to Plot, Date To",2020,,45.095144964
6/5/2016,30 May 2016,Number of Complaints,2016,True,77
6/5/2016,30 May 2016,"Avg Complaints Per Year along Date to Plot, Date To",2016,True,137.596153846
6/5/2016,30 May 2016,"Upper Limit along Date to Plot, Date To",2016,True,219.471079151
6/5/2016,30 May 2016,"Lower Limit along Date to Plot, Date To",2016,True,55.721228541
6/5/2016,30 May 2016,Number of Complaints,2017,,
6/5/2016,30 May 2016,"Avg Complaints Per Year along Date to Plot, Date To",2017,,184.442307692
6/5/2016,30 May 2016,"Upper Limit along Date to Plot, Date To",2017,,306.413490588
6/5/2016,30 May 2016,"Lower Limit along Date to Plot, Date To",2017,,62.471124796
6/5/2016,30 May 2016,Number of Complaints,2018,,
6/5/2016,30 May 2016,"Avg Complaints Per Year along Date to Plot, Date To",2018,,218.660377358
6/5/2016,30 May 2016,"Upper Limit along Date to Plot, Date To",2018,,358.944085849
6/5/2016,30 May 2016,"Lower Limit along Date to Plot, Date To",2018,,78.376668868
6/5/2016,30 May 2016,Number of Complaints,2019,,
6/5/2016,30 May 2016,"Avg Complaints Per Year along Date to Plot, Date To",2019,,192.923076923
6/5/2016,30 May 2016,"Upper Limit along Date to Plot, Date To",2019,,268.993894132
6/5/2016,30 May 2016,"Lower Limit along Date to Plot, Date To",2019,,116.852259715
6/5/2016,30 May 2016,Number of Complaints,2020,,
6/5/2016,30 May 2016,"Avg Complaints Per Year along Date to Plot, Date To",2020,,194.512195122
6/5/2016,30 May 2016,"Upper Limit along Date to Plot, Date To",2020,,343.929245280
6/5/2016,30 May 2016,"Lower Limit along Date to Plot, Date To",2020,,45.095144964
6/12/2016,06 June 2016,Number of Complaints,2016,True,120
6/12/2016,06 June 2016,"Avg Complaints Per Year along Date to Plot, Date To",2016,True,137.596153846
6/12/2016,06 June 2016,"Upper Limit along Date to Plot, Date To",2016,True,219.471079151
6/12/2016,06 June 2016,"Lower Limit along Date to Plot, Date To",2016,True,55.721228541
6/12/2016,06 June 2016,Number of Complaints,2017,,
6/12/2016,06 June 2016,"Avg Complaints Per Year along Date to Plot, Date To",2017,,184.442307692
6/12/2016,06 June 2016,"Upper Limit along Date to Plot, Date To",2017,,306.413490588
6/12/2016,06 June 2016,"Lower Limit along Date to Plot, Date To",2017,,62.471124796
6/12/2016,06 June 2016,Number of Complaints,2018,,
6/12/2016,06 June 2016,"Avg Complaints Per Year along Date to Plot, Date To",2018,,218.660377358
6/12/2016,06 June 2016,"Upper Limit along Date to Plot, Date To",2018,,358.944085849
6/12/2016,06 June 2016,"Lower Limit along Date to Plot, Date To",2018,,78.376668868
6/12/2016,06 June 2016,Number of Complaints,2019,,
6/12/2016,06 June 2016,"Avg Complaints Per Year along Date to Plot, Date To",2019,,192.923076923
6/12/2016,06 June 2016,"Upper Limit along Date to Plot, Date To",2019,,268.993894132
6/12/2016,06 June 2016,"Lower Limit along Date to Plot, Date To",2019,,116.852259715
6/12/2016,06 June 2016,Number of Complaints,2020,,
6/12/2016,06 June 2016,"Avg Complaints Per Year along Date to Plot, Date To",2020,,194.512195122
6/12/2016,06 June 2016,"Upper Limit along Date to Plot, Date To",2020,,343.929245280
6/12/2016,06 June 2016,"Lower Limit along Date to Plot, Date To",2020,,45.095144964
6/19/2016,13 June 2016,Number of Complaints,2016,True,120
6/19/2016,13 June 2016,"Avg Complaints Per Year along Date to Plot, Date To",2016,True,137.596153846
6/19/2016,13 June 2016,"Upper Limit along Date to Plot, Date To",2016,True,219.471079151
6/19/2016,13 June 2016,"Lower Limit along Date to Plot, Date To",2016,True,55.721228541
6/19/2016,13 June 2016,Number of Complaints,2017,,
6/19/2016,13 June 2016,"Avg Complaints Per Year along Date to Plot, Date To",2017,,184.442307692
6/19/2016,13 June 2016,"Upper Limit along Date to Plot, Date To",2017,,306.413490588
6/19/2016,13 June 2016,"Lower Limit along Date to Plot, Date To",2017,,62.471124796
6/19/2016,13 June 2016,Number of Complaints,2018,,
6/19/2016,13 June 2016,"Avg Complaints Per Year along Date to Plot, Date To",2018,,218.660377358
6/19/2016,13 June 2016,"Upper Limit along Date to Plot, Date To",2018,,358.944085849
6/19/2016,13 June 2016,"Lower Limit along Date to Plot, Date To",2018,,78.376668868
6/19/2016,13 June 2016,Number of Complaints,2019,,
6/19/2016,13 June 2016,"Avg Complaints Per Year along Date to Plot, Date To",2019,,192.923076923
6/19/2016,13 June 2016,"Upper Limit along Date to Plot, Date To",2019,,268.993894132
6/19/2016,13 June 2016,"Lower Limit along Date to Plot, Date To",2019,,116.852259715
6/19/2016,13 June 2016,Number of Complaints,2020,,
6/19/2016,13 June 2016,"Avg Complaints Per Year along Date to Plot, Date To",2020,,194.512195122
6/19/2016,13 June 2016,"Upper Limit along Date to Plot, Date To",2020,,343.929245280
6/19/2016,13 June 2016,"Lower Limit along Date to Plot, Date To",2020,,45.095144964
6/26/2016,20 June 2016,Number of Complaints,2016,True,126
6/26/2016,20 June 2016,"Avg Complaints Per Year along Date to Plot, Date To",2016,True,137.596153846
6/26/2016,20 June 2016,"Upper Limit along Date to Plot, Date To",2016,True,219.471079151
6/26/2016,20 June 2016,"Lower Limit along Date to Plot, Date To",2016,True,55.721228541
6/26/2016,20 June 2016,Number of Complaints,2017,,
6/26/2016,20 June 2016,"Avg Complaints Per Year along Date to Plot, Date To",2017,,184.442307692
6/26/2016,20 June 2016,"Upper Limit along Date to Plot, Date To",2017,,306.413490588
6/26/2016,20 June 2016,"Lower Limit along Date to Plot, Date To",2017,,62.471124796
6/26/2016,20 June 2016,Number of Complaints,2018,,
6/26/2016,20 June 2016,"Avg Complaints Per Year along Date to Plot, Date To",2018,,218.660377358
6/26/2016,20 June 2016,"Upper Limit along Date to Plot, Date To",2018,,358.944085849
6/26/2016,20 June 2016,"Lower Limit along Date to Plot, Date To",2018,,78.376668868
6/26/2016,20 June 2016,Number of Complaints,2019,,
6/26/2016,20 June 2016,"Avg Complaints Per Year along Date to Plot, Date To",2019,,192.923076923
6/26/2016,20 June 2016,"Upper Limit along Date to Plot, Date To",2019,,268.993894132
6/26/2016,20 June 2016,"Lower Limit along Date to Plot, Date To",2019,,116.852259715
6/26/2016,20 June 2016,Number of Complaints,2020,,
6/26/2016,20 June 2016,"Avg Complaints Per Year along Date to Plot, Date To",2020,,194.512195122
6/26/2016,20 June 2016,"Upper Limit along Date to Plot, Date To",2020,,343.929245280
6/26/2016,20 June 2016,"Lower Limit along Date to Plot, Date To",2020,,45.095144964
7/3/2016,27 June 2016,Number of Complaints,2016,True,109
7/3/2016,27 June 2016,"Avg Complaints Per Year along Date to Plot, Date To",2016,True,137.596153846
7/3/2016,27 June 2016,"Upper Limit along Date to Plot, Date To",2016,True,219.471079151
7/3/2016,27 June 2016,"Lower Limit along Date to Plot, Date To",2016,True,55.721228541
7/3/2016,27 June 2016,Number of Complaints,2017,,
7/3/2016,27 June 2016,"Avg Complaints Per Year along Date to Plot, Date To",2017,,184.442307692
7/3/2016,27 June 2016,"Upper Limit along Date to Plot, Date To",2017,,306.413490588
7/3/2016,27 June 2016,"Lower Limit along Date to Plot, Date To",2017,,62.471124796
7/3/2016,27 June 2016,Number of Complaints,2018,,
7/3/2016,27 June 2016,"Avg Complaints Per Year along Date to Plot, Date To",2018,,218.660377358
7/3/2016,27 June 2016,"Upper Limit along Date to Plot, Date To",2018,,358.944085849
7/3/2016,27 June 2016,"Lower Limit along Date to Plot, Date To",2018,,78.376668868
7/3/2016,27 June 2016,Number of Complaints,2019,,
7/3/2016,27 June 2016,"Avg Complaints Per Year along Date to Plot, Date To",2019,,192.923076923
7/3/2016,27 June 2016,"Upper Limit along Date to Plot, Date To",2019,,268.993894132
7/3/2016,27 June 2016,"Lower Limit along Date to Plot, Date To",2019,,116.852259715
7/3/2016,27 June 2016,Number of Complaints,2020,,
7/3/2016,27 June 2016,"Avg Complaints Per Year along Date to Plot, Date To",2020,,194.512195122
7/3/2016,27 June 2016,"Upper Limit along Date to Plot, Date To",2020,,343.929245280
7/3/2016,27 June 2016,"Lower Limit along Date to Plot, Date To",2020,,45.095144964
7/10/2016,04 July 2016,Number of Complaints,2016,True,97
7/10/2016,04 July 2016,"Avg Complaints Per Year along Date to Plot, Date To",2016,True,137.596153846
7/10/2016,04 July 2016,"Upper Limit along Date to Plot, Date To",2016,True,219.471079151
7/10/2016,04 July 2016,"Lower Limit along Date to Plot, Date To",2016,True,55.721228541
7/10/2016,04 July 2016,Number of Complaints,2017,,
7/10/2016,04 July 2016,"Avg Complaints Per Year along Date to Plot, Date To",2017,,184.442307692
7/10/2016,04 July 2016,"Upper Limit along Date to Plot, Date To",2017,,306.413490588
7/10/2016,04 July 2016,"Lower Limit along Date to Plot, Date To",2017,,62.471124796
7/10/2016,04 July 2016,Number of Complaints,2018,,
7/10/2016,04 July 2016,"Avg Complaints Per Year along Date to Plot, Date To",2018,,218.660377358
7/10/2016,04 July 2016,"Upper Limit along Date to Plot, Date To",2018,,358.944085849
7/10/2016,04 July 2016,"Lower Limit along Date to Plot, Date To",2018,,78.376668868
7/10/2016,04 July 2016,Number of Complaints,2019,,
7/10/2016,04 July 2016,"Avg Complaints Per Year along Date to Plot, Date To",2019,,192.923076923
7/10/2016,04 July 2016,"Upper Limit along Date to Plot, Date To",2019,,268.993894132
7/10/2016,04 July 2016,"Lower Limit along Date to Plot, Date To",2019,,116.852259715
7/10/2016,04 July 2016,Number of Complaints,2020,,
7/10/2016,04 July 2016,"Avg Complaints Per Year along Date to Plot, Date To",2020,,194.512195122
7/10/2016,04 July 2016,"Upper Limit along Date to Plot, Date To",2020,,343.929245280
7/10/2016,04 July 2016,"Lower Limit along Date to Plot, Date To",2020,,45.095144964
7/17/2016,11 July 2016,Number of Complaints,2016,True,135
7/17/2016,11 July 2016,"Avg Complaints Per Year along Date to Plot, Date To",2016,True,137.596153846
7/17/2016,11 July 2016,"Upper Limit along Date to Plot, Date To",2016,True,219.471079151
7/17/2016,11 July 2016,"Lower Limit along Date to Plot, Date To",2016,True,55.721228541
7/17/2016,11 July 2016,Number of Complaints,2017,,
7/17/2016,11 July 2016,"Avg Complaints Per Year along Date to Plot, Date To",2017,,184.442307692
7/17/2016,11 July 2016,"Upper Limit along Date to Plot, Date To",2017,,306.413490588
7/17/2016,11 July 2016,"Lower Limit along Date to Plot, Date To",2017,,62.471124796
7/17/2016,11 July 2016,Number of Complaints,2018,,
7/17/2016,11 July 2016,"Avg Complaints Per Year along Date to Plot, Date To",2018,,218.660377358
7/17/2016,11 July 2016,"Upper Limit along Date to Plot, Date To",2018,,358.944085849
7/17/2016,11 July 2016,"Lower Limit along Date to Plot, Date To",2018,,78.376668868
7/17/2016,11 July 2016,Number of Complaints,2019,,
7/17/2016,11 July 2016,"Avg Complaints Per Year along Date to Plot, Date To",2019,,192.923076923
7/17/2016,11 July 2016,"Upper Limit along Date to Plot, Date To",2019,,268.993894132
7/17/2016,11 July 2016,"Lower Limit along Date to Plot, Date To",2019,,116.852259715
7/17/2016,11 July 2016,Number of Complaints,2020,,
7/17/2016,11 July 2016,"Avg Complaints Per Year along Date to Plot, Date To",2020,,194.512195122
7/17/2016,11 July 2016,"Upper Limit along Date to Plot, Date To",2020,,343.929245280
7/17/2016,11 July 2016,"Lower Limit along Date to Plot, Date To",2020,,45.095144964
7/24/2016,18 July 2016,Number of Complaints,2016,True,122
7/24/2016,18 July 2016,"Avg Complaints Per Year along Date to Plot, Date To",2016,True,137.596153846
7/24/2016,18 July 2016,"Upper Limit along Date to Plot, Date To",2016,True,219.471079151
7/24/2016,18 July 2016,"Lower Limit along Date to Plot, Date To",2016,True,55.721228541
7/24/2016,18 July 2016,Number of Complaints,2017,,
7/24/2016,18 July 2016,"Avg Complaints Per Year along Date to Plot, Date To",2017,,184.442307692
7/24/2016,18 July 2016,"Upper Limit along Date to Plot, Date To",2017,,306.413490588
7/24/2016,18 July 2016,"Lower Limit along Date to Plot, Date To",2017,,62.471124796
7/24/2016,18 July 2016,Number of Complaints,2018,,
7/24/2016,18 July 2016,"Avg Complaints Per Year along Date to Plot, Date To",2018,,218.660377358
7/24/2016,18 July 2016,"Upper Limit along Date to Plot, Date To",2018,,358.944085849
7/24/2016,18 July 2016,"Lower Limit along Date to Plot, Date To",2018,,78.376668868
7/24/2016,18 July 2016,Number of Complaints,2019,,
7/24/2016,18 July 2016,"Avg Complaints Per Year along Date to Plot, Date To",2019,,192.923076923
7/24/2016,18 July 2016,"Upper Limit along Date to Plot, Date To",2019,,268.993894132
7/24/2016,18 July 2016,"Lower Limit along Date to Plot, Date To",2019,,116.852259715
7/24/2016,18 July 2016,Number of Complaints,2020,,
7/24/2016,18 July 2016,"Avg Complaints Per Year along Date to Plot, Date To",2020,,194.512195122
7/24/2016,18 July 2016,"Upper Limit along Date to Plot, Date To",2020,,343.929245280
7/24/2016,18 July 2016,"Lower Limit along Date to Plot, Date To",2020,,45.095144964
7/31/2016,25 July 2016,Number of Complaints,2016,True,139
7/31/2016,25 July 2016,"Avg Complaints Per Year along Date to Plot, Date To",2016,True,137.596153846
7/31/2016,25 July 2016,"Upper Limit along Date to Plot, Date To",2016,True,219.471079151
7/31/2016,25 July 2016,"Lower Limit along Date to Plot, Date To",2016,True,55.721228541
7/31/2016,25 July 2016,Number of Complaints,2017,,
7/31/2016,25 July 2016,"Avg Complaints Per Year along Date to Plot, Date To",2017,,184.442307692
7/31/2016,25 July 2016,"Upper Limit along Date to Plot, Date To",2017,,306.413490588
7/31/2016,25 July 2016,"Lower Limit along Date to Plot, Date To",2017,,62.471124796
7/31/2016,25 July 2016,Number of Complaints,2018,,
7/31/2016,25 July 2016,"Avg Complaints Per Year along Date to Plot, Date To",2018,,218.660377358
7/31/2016,25 July 2016,"Upper Limit along Date to Plot, Date To",2018,,358.944085849
7/31/2016,25 July 2016,"Lower Limit along Date to Plot, Date To",2018,,78.376668868
7/31/2016,25 July 2016,Number of Complaints,2019,,
7/31/2016,25 July 2016,"Avg Complaints Per Year along Date to Plot, Date To",2019,,192.923076923
7/31/2016,25 July 2016,"Upper Limit along Date to Plot, Date To",2019,,268.993894132
7/31/2016,25 July 2016,"Lower Limit along Date to Plot, Date To",2019,,116.852259715
7/31/2016,25 July 2016,Number of Complaints,2020,,
7/31/2016,25 July 2016,"Avg Complaints Per Year along Date to Plot, Date To",2020,,194.512195122
7/31/2016,25 July 2016,"Upper Limit along Date to Plot, Date To",2020,,343.929245280
7/31/2016,25 July 2016,"Lower Limit along Date to Plot, Date To",2020,,45.095144964
8/7/2016,01 August 2016,Number of Complaints,2016,True,147
8/7/2016,01 August 2016,"Avg Complaints Per Year along Date to Plot, Date To",2016,True,137.596153846
8/7/2016,01 August 2016,"Upper Limit along Date to Plot, Date To",2016,True,219.471079151
8/7/2016,01 August 2016,"Lower Limit along Date to Plot, Date To",2016,True,55.721228541
8/7/2016,01 August 2016,Number of Complaints,2017,,
8/7/2016,01 August 2016,"Avg Complaints Per Year along Date to Plot, Date To",2017,,184.442307692
8/7/2016,01 August 2016,"Upper Limit along Date to Plot, Date To",2017,,306.413490588
8/7/2016,01 August 2016,"Lower Limit along Date to Plot, Date To",2017,,62.471124796
8/7/2016,01 August 2016,Number of Complaints,2018,,
8/7/2016,01 August 2016,"Avg Complaints Per Year along Date to Plot, Date To",2018,,218.660377358
8/7/2016,01 August 2016,"Upper Limit along Date to Plot, Date To",2018,,358.944085849
8/7/2016,01 August 2016,"Lower Limit along Date to Plot, Date To",2018,,78.376668868
8/7/2016,01 August 2016,Number of Complaints,2019,,
8/7/2016,01 August 2016,"Avg Complaints Per Year along Date to Plot, Date To",2019,,192.923076923
8/7/2016,01 August 2016,"Upper Limit along Date to Plot, Date To",2019,,268.993894132
8/7/2016,01 August 2016,"Lower Limit along Date to Plot, Date To",2019,,116.852259715
8/7/2016,01 August 2016,Number of Complaints,2020,,
8/7/2016,01 August 2016,"Avg Complaints Per Year along Date to Plot, Date To",2020,,194.512195122
8/7/2016,01 August 2016,"Upper Limit along Date to Plot, Date To",2020,,343.929245280
8/7/2016,01 August 2016,"Lower Limit along Date to Plot, Date To",2020,,45.095144964
8/14/2016,08 August 2016,Number of Complaints,2016,True,141
8/14/2016,08 August 2016,"Avg Complaints Per Year along Date to Plot, Date To",2016,True,137.596153846
8/14/2016,08 August 2016,"Upper Limit along Date to Plot, Date To",2016,True,219.471079151
8/14/2016,08 August 2016,"Lower Limit along Date to Plot, Date To",2016,True,55.721228541
8/14/2016,08 August 2016,Number of Complaints,2017,,
8/14/2016,08 August 2016,"Avg Complaints Per Year along Date to Plot, Date To",2017,,184.442307692
8/14/2016,08 August 2016,"Upper Limit along Date to Plot, Date To",2017,,306.413490588
8/14/2016,08 August 2016,"Lower Limit along Date to Plot, Date To",2017,,62.471124796
8/14/2016,08 August 2016,Number of Complaints,2018,,
8/14/2016,08 August 2016,"Avg Complaints Per Year along Date to Plot, Date To",2018,,218.660377358
8/14/2016,08 August 2016,"Upper Limit along Date to Plot, Date To",2018,,358.944085849
8/14/2016,08 August 2016,"Lower Limit along Date to Plot, Date To",2018,,78.376668868
8/14/2016,08 August 2016,Number of Complaints,2019,,
8/14/2016,08 August 2016,"Avg Complaints Per Year along Date to Plot, Date To",2019,,192.923076923
8/14/2016,08 August 2016,"Upper Limit along Date to Plot, Date To",2019,,268.993894132
8/14/2016,08 August 2016,"Lower Limit along Date to Plot, Date To",2019,,116.852259715
8/14/2016,08 August 2016,Number of Complaints,2020,,
8/14/2016,08 August 2016,"Avg Complaints Per Year along Date to Plot, Date To",2020,,194.512195122
8/14/2016,08 August 2016,"Upper Limit along Date to Plot, Date To",2020,,343.929245280
8/14/2016,08 August 2016,"Lower Limit along Date to Plot, Date To",2020,,45.095144964
8/21/2016,15 August 2016,Number of Complaints,2016,True,164
8/21/2016,15 August 2016,"Avg Complaints Per Year along Date to Plot, Date To",2016,True,137.596153846
8/21/2016,15 August 2016,"Upper Limit along Date to Plot, Date To",2016,True,219.471079151
8/21/2016,15 August 2016,"Lower Limit along Date to Plot, Date To",2016,True,55.721228541
8/21/2016,15 August 2016,Number of Complaints,2017,,
8/21/2016,15 August 2016,"Avg Complaints Per Year along Date to Plot, Date To",2017,,184.442307692
8/21/2016,15 August 2016,"Upper Limit along Date to Plot, Date To",2017,,306.413490588
8/21/2016,15 August 2016,"Lower Limit along Date to Plot, Date To",2017,,62.471124796
8/21/2016,15 August 2016,Number of Complaints,2018,,
8/21/2016,15 August 2016,"Avg Complaints Per Year along Date to Plot, Date To",2018,,218.660377358
8/21/2016,15 August 2016,"Upper Limit along Date to Plot, Date To",2018,,358.944085849
8/21/2016,15 August 2016,"Lower Limit along Date to Plot, Date To",2018,,78.376668868
8/21/2016,15 August 2016,Number of Complaints,2019,,
8/21/2016,15 August 2016,"Avg Complaints Per Year along Date to Plot, Date To",2019,,192.923076923
8/21/2016,15 August 2016,"Upper Limit along Date to Plot, Date To",2019,,268.993894132
8/21/2016,15 August 2016,"Lower Limit along Date to Plot, Date To",2019,,116.852259715
8/21/2016,15 August 2016,Number of Complaints,2020,,
8/21/2016,15 August 2016,"Avg Complaints Per Year along Date to Plot, Date To",2020,,194.512195122
8/21/2016,15 August 2016,"Upper Limit along Date to Plot, Date To",2020,,343.929245280
8/21/2016,15 August 2016,"Lower Limit along Date to Plot, Date To",2020,,45.095144964
8/28/2016,22 August 2016,Number of Complaints,2016,True,154
8/28/2016,22 August 2016,"Avg Complaints Per Year along Date to Plot, Date To",2016,True,137.596153846
8/28/2016,22 August 2016,"Upper Limit along Date to Plot, Date To",2016,True,219.471079151
8/28/2016,22 August 2016,"Lower Limit along Date to Plot, Date To",2016,True,55.721228541
8/28/2016,22 August 2016,Number of Complaints,2017,,
8/28/2016,22 August 2016,"Avg Complaints Per Year along Date to Plot, Date To",2017,,184.442307692
8/28/2016,22 August 2016,"Upper Limit along Date to Plot, Date To",2017,,306.413490588
8/28/2016,22 August 2016,"Lower Limit along Date to Plot, Date To",2017,,62.471124796
8/28/2016,22 August 2016,Number of Complaints,2018,,
8/28/2016,22 August 2016,"Avg Complaints Per Year along Date to Plot, Date To",2018,,218.660377358
8/28/2016,22 August 2016,"Upper Limit along Date to Plot, Date To",2018,,358.944085849
8/28/2016,22 August 2016,"Lower Limit along Date to Plot, Date To",2018,,78.376668868
8/28/2016,22 August 2016,Number of Complaints,2019,,
8/28/2016,22 August 2016,"Avg Complaints Per Year along Date to Plot, Date To",2019,,192.923076923
8/28/2016,22 August 2016,"Upper Limit along Date to Plot, Date To",2019,,268.993894132
8/28/2016,22 August 2016,"Lower Limit along Date to Plot, Date To",2019,,116.852259715
8/28/2016,22 August 2016,Number of Complaints,2020,,
8/28/2016,22 August 2016,"Avg Complaints Per Year along Date to Plot, Date To",2020,,194.512195122
8/28/2016,22 August 2016,"Upper Limit along Date to Plot, Date To",2020,,343.929245280
8/28/2016,22 August 2016,"Lower Limit along Date to Plot, Date To",2020,,45.095144964
9/4/2016,29 August 2016,Number of Complaints,2016,True,162
9/4/2016,29 August 2016,"Avg Complaints Per Year along Date to Plot, Date To",2016,True,137.596153846
9/4/2016,29 August 2016,"Upper Limit along Date to Plot, Date To",2016,True,219.471079151
9/4/2016,29 August 2016,"Lower Limit along Date to Plot, Date To",2016,True,55.721228541
9/4/2016,29 August 2016,Number of Complaints,2017,,
9/4/2016,29 August 2016,"Avg Complaints Per Year along Date to Plot, Date To",2017,,184.442307692
9/4/2016,29 August 2016,"Upper Limit along Date to Plot, Date To",2017,,306.413490588
9/4/2016,29 August 2016,"Lower Limit along Date to Plot, Date To",2017,,62.471124796
9/4/2016,29 August 2016,Number of Complaints,2018,,
9/4/2016,29 August 2016,"Avg Complaints Per Year along Date to Plot, Date To",2018,,218.660377358
9/4/2016,29 August 2016,"Upper Limit along Date to Plot, Date To",2018,,358.944085849
9/4/2016,29 August 2016,"Lower Limit along Date to Plot, Date To",2018,,78.376668868
9/4/2016,29 August 2016,Number of Complaints,2019,,
9/4/2016,29 August 2016,"Avg Complaints Per Year along Date to Plot, Date To",2019,,192.923076923
9/4/2016,29 August 2016,"Upper Limit along Date to Plot, Date To",2019,,268.993894132
9/4/2016,29 August 2016,"Lower Limit along Date to Plot, Date To",2019,,116.852259715
9/4/2016,29 August 2016,Number of Complaints,2020,,
9/4/2016,29 August 2016,"Avg Complaints Per Year along Date to Plot, Date To",2020,,194.512195122
9/4/2016,29 August 2016,"Upper Limit along Date to Plot, Date To",2020,,343.929245280
9/4/2016,29 August 2016,"Lower Limit along Date to Plot, Date To",2020,,45.095144964
9/11/2016,05 September 2016,Number of Complaints,2016,True,168
9/11/2016,05 September 2016,"Avg Complaints Per Year along Date to Plot, Date To",2016,True,137.596153846
9/11/2016,05 September 2016,"Upper Limit along Date to Plot, Date To",2016,True,219.471079151
9/11/2016,05 September 2016,"Lower Limit along Date to Plot, Date To",2016,True,55.721228541
9/11/2016,05 September 2016,Number of Complaints,2017,,
9/11/2016,05 September 2016,"Avg Complaints Per Year along Date to Plot, Date To",2017,,184.442307692
9/11/2016,05 September 2016,"Upper Limit along Date to Plot, Date To",2017,,306.413490588
9/11/2016,05 September 2016,"Lower Limit along Date to Plot, Date To",2017,,62.471124796
9/11/2016,05 September 2016,Number of Complaints,2018,,
9/11/2016,05 September 2016,"Avg Complaints Per Year along Date to Plot, Date To",2018,,218.660377358
9/11/2016,05 September 2016,"Upper Limit along Date to Plot, Date To",2018,,358.944085849
9/11/2016,05 September 2016,"Lower Limit along Date to Plot, Date To",2018,,78.376668868
9/11/2016,05 September 2016,Number of Complaints,2019,,
9/11/2016,05 September 2016,"Avg Complaints Per Year along Date to Plot, Date To",2019,,192.923076923
9/11/2016,05 September 2016,"Upper Limit along Date to Plot, Date To",2019,,268.993894132
9/11/2016,05 September 2016,"Lower Limit along Date to Plot, Date To",2019,,116.852259715
9/11/2016,05 September 2016,Number of Complaints,2020,,
9/11/2016,05 September 2016,"Avg Complaints Per Year along Date to Plot, Date To",2020,,194.512195122
9/11/2016,05 September 2016,"Upper Limit along Date to Plot, Date To",2020,,343.929245280
9/11/2016,05 September 2016,"Lower Limit along Date to Plot, Date To",2020,,45.095144964
9/18/2016,12 September 2016,Number of Complaints,2016,True,178
9/18/2016,12 September 2016,"Avg Complaints Per Year along Date to Plot, Date To",2016,True,137.596153846
9/18/2016,12 September 2016,"Upper Limit along Date to Plot, Date To",2016,True,219.471079151
9/18/2016,12 September 2016,"Lower Limit along Date to Plot, Date To",2016,True,55.721228541
9/18/2016,12 September 2016,Number of Complaints,2017,,
9/18/2016,12 September 2016,"Avg Complaints Per Year along Date to Plot, Date To",2017,,184.442307692
9/18/2016,12 September 2016,"Upper Limit along Date to Plot, Date To",2017,,306.413490588
9/18/2016,12 September 2016,"Lower Limit along Date to Plot, Date To",2017,,62.471124796
9/18/2016,12 September 2016,Number of Complaints,2018,,
9/18/2016,12 September 2016,"Avg Complaints Per Year along Date to Plot, Date To",2018,,218.660377358
9/18/2016,12 September 2016,"Upper Limit along Date to Plot, Date To",2018,,358.944085849
9/18/2016,12 September 2016,"Lower Limit along Date to Plot, Date To",2018,,78.376668868
9/18/2016,12 September 2016,Number of Complaints,2019,,
9/18/2016,12 September 2016,"Avg Complaints Per Year along Date to Plot, Date To",2019,,192.923076923
9/18/2016,12 September 2016,"Upper Limit along Date to Plot, Date To",2019,,268.993894132
9/18/2016,12 September 2016,"Lower Limit along Date to Plot, Date To",2019,,116.852259715
9/18/2016,12 September 2016,Number of Complaints,2020,,
9/18/2016,12 September 2016,"Avg Complaints Per Year along Date to Plot, Date To",2020,,194.512195122
9/18/2016,12 September 2016,"Upper Limit along Date to Plot, Date To",2020,,343.929245280
9/18/2016,12 September 2016,"Lower Limit along Date to Plot, Date To",2020,,45.095144964
9/25/2016,19 September 2016,Number of Complaints,2016,True,204
9/25/2016,19 September 2016,"Avg Complaints Per Year along Date to Plot, Date To",2016,True,137.596153846
9/25/2016,19 September 2016,"Upper Limit along Date to Plot, Date To",2016,True,219.471079151
9/25/2016,19 September 2016,"Lower Limit along Date to Plot, Date To",2016,True,55.721228541
9/25/2016,19 September 2016,Number of Complaints,2017,,
9/25/2016,19 September 2016,"Avg Complaints Per Year along Date to Plot, Date To",2017,,184.442307692
9/25/2016,19 September 2016,"Upper Limit along Date to Plot, Date To",2017,,306.413490588
9/25/2016,19 September 2016,"Lower Limit along Date to Plot, Date To",2017,,62.471124796
9/25/2016,19 September 2016,Number of Complaints,2018,,
9/25/2016,19 September 2016,"Avg Complaints Per Year along Date to Plot, Date To",2018,,218.660377358
9/25/2016,19 September 2016,"Upper Limit along Date to Plot, Date To",2018,,358.944085849
9/25/2016,19 September 2016,"Lower Limit along Date to Plot, Date To",2018,,78.376668868
9/25/2016,19 September 2016,Number of Complaints,2019,,
9/25/2016,19 September 2016,"Avg Complaints Per Year along Date to Plot, Date To",2019,,192.923076923
9/25/2016,19 September 2016,"Upper Limit along Date to Plot, Date To",2019,,268.993894132
9/25/2016,19 September 2016,"Lower Limit along Date to Plot, Date To",2019,,116.852259715
9/25/2016,19 September 2016,Number of Complaints,2020,,
9/25/2016,19 September 2016,"Avg Complaints Per Year along Date to Plot, Date To",2020,,194.512195122
9/25/2016,19 September 2016,"Upper Limit along Date to Plot, Date To",2020,,343.929245280
9/25/2016,19 September 2016,"Lower Limit along Date to Plot, Date To",2020,,45.095144964
10/2/2016,26 September 2016,Number of Complaints,2016,True,210
10/2/2016,26 September 2016,"Avg Complaints Per Year along Date to Plot, Date To",2016,True,137.596153846
10/2/2016,26 September 2016,"Upper Limit along Date to Plot, Date To",2016,True,219.471079151
10/2/2016,26 September 2016,"Lower Limit along Date to Plot, Date To",2016,True,55.721228541
10/2/2016,26 September 2016,Number of Complaints,2017,,
10/2/2016,26 September 2016,"Avg Complaints Per Year along Date to Plot, Date To",2017,,184.442307692
10/2/2016,26 September 2016,"Upper Limit along Date to Plot, Date To",2017,,306.413490588
10/2/2016,26 September 2016,"Lower Limit along Date to Plot, Date To",2017,,62.471124796
10/2/2016,26 September 2016,Number of Complaints,2018,,
10/2/2016,26 September 2016,"Avg Complaints Per Year along Date to Plot, Date To",2018,,218.660377358
10/2/2016,26 September 2016,"Upper Limit along Date to Plot, Date To",2018,,358.944085849
10/2/2016,26 September 2016,"Lower Limit along Date to Plot, Date To",2018,,78.376668868
10/2/2016,26 September 2016,Number of Complaints,2019,,
10/2/2016,26 September 2016,"Avg Complaints Per Year along Date to Plot, Date To",2019,,192.923076923
10/2/2016,26 September 2016,"Upper Limit along Date to Plot, Date To",2019,,268.993894132
10/2/2016,26 September 2016,"Lower Limit along Date to Plot, Date To",2019,,116.852259715
10/2/2016,26 September 2016,Number of Complaints,2020,,
10/2/2016,26 September 2016,"Avg Complaints Per Year along Date to Plot, Date To",2020,,194.512195122
10/2/2016,26 September 2016,"Upper Limit along Date to Plot, Date To",2020,,343.929245280
10/2/2016,26 September 2016,"Lower Limit along Date to Plot, Date To",2020,,45.095144964
10/9/2016,03 October 2016,Number of Complaints,2016,True,172
10/9/2016,03 October 2016,"Avg Complaints Per Year along Date to Plot, Date To",2016,True,137.596153846
10/9/2016,03 October 2016,"Upper Limit along Date to Plot, Date To",2016,True,219.471079151
10/9/2016,03 October 2016,"Lower Limit along Date to Plot, Date To",2016,True,55.721228541
10/9/2016,03 October 2016,Number of Complaints,2017,,
10/9/2016,03 October 2016,"Avg Complaints Per Year along Date to Plot, Date To",2017,,184.442307692
10/9/2016,03 October 2016,"Upper Limit along Date to Plot, Date To",2017,,306.413490588
10/9/2016,03 October 2016,"Lower Limit along Date to Plot, Date To",2017,,62.471124796
10/9/2016,03 October 2016,Number of Complaints,2018,,
10/9/2016,03 October 2016,"Avg Complaints Per Year along Date to Plot, Date To",2018,,218.660377358
10/9/2016,03 October 2016,"Upper Limit along Date to Plot, Date To",2018,,358.944085849
10/9/2016,03 October 2016,"Lower Limit along Date to Plot, Date To",2018,,78.376668868
10/9/2016,03 October 2016,Number of Complaints,2019,,
10/9/2016,03 October 2016,"Avg Complaints Per Year along Date to Plot, Date To",2019,,192.923076923
10/9/2016,03 October 2016,"Upper Limit along Date to Plot, Date To",2019,,268.993894132
10/9/2016,03 October 2016,"Lower Limit along Date to Plot, Date To",2019,,116.852259715
10/9/2016,03 October 2016,Number of Complaints,2020,,
10/9/2016,03 October 2016,"Avg Complaints Per Year along Date to Plot, Date To",2020,,194.512195122
10/9/2016,03 October 2016,"Upper Limit along Date to Plot, Date To",2020,,343.929245280
10/9/2016,03 October 2016,"Lower Limit along Date to Plot, Date To",2020,,45.095144964
10/16/2016,10 October 2016,Number of Complaints,2016,True,155
10/16/2016,10 October 2016,"Avg Complaints Per Year along Date to Plot, Date To",2016,True,137.596153846
10/16/2016,10 October 2016,"Upper Limit along Date to Plot, Date To",2016,True,219.471079151
10/16/2016,10 October 2016,"Lower Limit along Date to Plot, Date To",2016,True,55.721228541
10/16/2016,10 October 2016,Number of Complaints,2017,,
10/16/2016,10 October 2016,"Avg Complaints Per Year along Date to Plot, Date To",2017,,184.442307692
10/16/2016,10 October 2016,"Upper Limit along Date to Plot, Date To",2017,,306.413490588
10/16/2016,10 October 2016,"Lower Limit along Date to Plot, Date To",2017,,62.471124796
10/16/2016,10 October 2016,Number of Complaints,2018,,
10/16/2016,10 October 2016,"Avg Complaints Per Year along Date to Plot, Date To",2018,,218.660377358
10/16/2016,10 October 2016,"Upper Limit along Date to Plot, Date To",2018,,358.944085849
10/16/2016,10 October 2016,"Lower Limit along Date to Plot, Date To",2018,,78.376668868
10/16/2016,10 October 2016,Number of Complaints,2019,,
10/16/2016,10 October 2016,"Avg Complaints Per Year along Date to Plot, Date To",2019,,192.923076923
10/16/2016,10 October 2016,"Upper Limit along Date to Plot, Date To",2019,,268.993894132
10/16/2016,10 October 2016,"Lower Limit along Date to Plot, Date To",2019,,116.852259715
10/16/2016,10 October 2016,Number of Complaints,2020,,
10/16/2016,10 October 2016,"Avg Complaints Per Year along Date to Plot, Date To",2020,,194.512195122
10/16/2016,10 October 2016,"Upper Limit along Date to Plot, Date To",2020,,343.929245280
10/16/2016,10 October 2016,"Lower Limit along Date to Plot, Date To",2020,,45.095144964
10/23/2016,17 October 2016,Number of Complaints,2016,True,174
10/23/2016,17 October 2016,"Avg Complaints Per Year along Date to Plot, Date To",2016,True,137.596153846
10/23/2016,17 October 2016,"Upper Limit along Date to Plot, Date To",2016,True,219.471079151
10/23/2016,17 October 2016,"Lower Limit along Date to Plot, Date To",2016,True,55.721228541
10/23/2016,17 October 2016,Number of Complaints,2017,,
10/23/2016,17 October 2016,"Avg Complaints Per Year along Date to Plot, Date To",2017,,184.442307692
10/23/2016,17 October 2016,"Upper Limit along Date to Plot, Date To",2017,,306.413490588
10/23/2016,17 October 2016,"Lower Limit along Date to Plot, Date To",2017,,62.471124796
10/23/2016,17 October 2016,Number of Complaints,2018,,
10/23/2016,17 October 2016,"Avg Complaints Per Year along Date to Plot, Date To",2018,,218.660377358
10/23/2016,17 October 2016,"Upper Limit along Date to Plot, Date To",2018,,358.944085849
10/23/2016,17 October 2016,"Lower Limit along Date to Plot, Date To",2018,,78.376668868
10/23/2016,17 October 2016,Number of Complaints,2019,,
10/23/2016,17 October 2016,"Avg Complaints Per Year along Date to Plot, Date To",2019,,192.923076923
10/23/2016,17 October 2016,"Upper Limit along Date to Plot, Date To",2019,,268.993894132
10/23/2016,17 October 2016,"Lower Limit along Date to Plot, Date To",2019,,116.852259715
10/23/2016,17 October 2016,Number of Complaints,2020,,
10/23/2016,17 October 2016,"Avg Complaints Per Year along Date to Plot, Date To",2020,,194.512195122
10/23/2016,17 October 2016,"Upper Limit along Date to Plot, Date To",2020,,343.929245280
10/23/2016,17 October 2016,"Lower Limit along Date to Plot, Date To",2020,,45.095144964
10/30/2016,24 October 2016,Number of Complaints,2016,True,179
10/30/2016,24 October 2016,"Avg Complaints Per Year along Date to Plot, Date To",2016,True,137.596153846
10/30/2016,24 October 2016,"Upper Limit along Date to Plot, Date To",2016,True,219.471079151
10/30/2016,24 October 2016,"Lower Limit along Date to Plot, Date To",2016,True,55.721228541
10/30/2016,24 October 2016,Number of Complaints,2017,,
10/30/2016,24 October 2016,"Avg Complaints Per Year along Date to Plot, Date To",2017,,184.442307692
10/30/2016,24 October 2016,"Upper Limit along Date to Plot, Date To",2017,,306.413490588
10/30/2016,24 October 2016,"Lower Limit along Date to Plot, Date To",2017,,62.471124796
10/30/2016,24 October 2016,Number of Complaints,2018,,
10/30/2016,24 October 2016,"Avg Complaints Per Year along Date to Plot, Date To",2018,,218.660377358
10/30/2016,24 October 2016,"Upper Limit along Date to Plot, Date To",2018,,358.944085849
10/30/2016,24 October 2016,"Lower Limit along Date to Plot, Date To",2018,,78.376668868
10/30/2016,24 October 2016,Number of Complaints,2019,,
10/30/2016,24 October 2016,"Avg Complaints Per Year along Date to Plot, Date To",2019,,192.923076923
10/30/2016,24 October 2016,"Upper Limit along Date to Plot, Date To",2019,,268.993894132
10/30/2016,24 October 2016,"Lower Limit along Date to Plot, Date To",2019,,116.852259715
10/30/2016,24 October 2016,Number of Complaints,2020,,
10/30/2016,24 October 2016,"Avg Complaints Per Year along Date to Plot, Date To",2020,,194.512195122
10/30/2016,24 October 2016,"Upper Limit along Date to Plot, Date To",2020,,343.929245280
10/30/2016,24 October 2016,"Lower Limit along Date to Plot, Date To",2020,,45.095144964
11/6/2016,31 October 2016,Number of Complaints,2016,True,170
11/6/2016,31 October 2016,"Avg Complaints Per Year along Date to Plot, Date To",2016,True,137.596153846
11/6/2016,31 October 2016,"Upper Limit along Date to Plot, Date To",2016,True,219.471079151
11/6/2016,31 October 2016,"Lower Limit along Date to Plot, Date To",2016,True,55.721228541
11/6/2016,31 October 2016,Number of Complaints,2017,,
11/6/2016,31 October 2016,"Avg Complaints Per Year along Date to Plot, Date To",2017,,184.442307692
11/6/2016,31 October 2016,"Upper Limit along Date to Plot, Date To",2017,,306.413490588
11/6/2016,31 October 2016,"Lower Limit along Date to Plot, Date To",2017,,62.471124796
11/6/2016,31 October 2016,Number of Complaints,2018,,
11/6/2016,31 October 2016,"Avg Complaints Per Year along Date to Plot, Date To",2018,,218.660377358
11/6/2016,31 October 2016,"Upper Limit along Date to Plot, Date To",2018,,358.944085849
11/6/2016,31 October 2016,"Lower Limit along Date to Plot, Date To",2018,,78.376668868
11/6/2016,31 October 2016,Number of Complaints,2019,,
11/6/2016,31 October 2016,"Avg Complaints Per Year along Date to Plot, Date To",2019,,192.923076923
11/6/2016,31 October 2016,"Upper Limit along Date to Plot, Date To",2019,,268.993894132
11/6/2016,31 October 2016,"Lower Limit along Date to Plot, Date To",2019,,116.852259715
11/6/2016,31 October 2016,Number of Complaints,2020,,
11/6/2016,31 October 2016,"Avg Complaints Per Year along Date to Plot, Date To",2020,,194.512195122
11/6/2016,31 October 2016,"Upper Limit along Date to Plot, Date To",2020,,343.929245280
11/6/2016,31 October 2016,"Lower Limit along Date to Plot, Date To",2020,,45.095144964
11/13/2016,07 November 2016,Number of Complaints,2016,True,146
11/13/2016,07 November 2016,"Avg Complaints Per Year along Date to Plot, Date To",2016,True,137.596153846
11/13/2016,07 November 2016,"Upper Limit along Date to Plot, Date To",2016,True,219.471079151
11/13/2016,07 November 2016,"Lower Limit along Date to Plot, Date To",2016,True,55.721228541
11/13/2016,07 November 2016,Number of Complaints,2017,,
11/13/2016,07 November 2016,"Avg Complaints Per Year along Date to Plot, Date To",2017,,184.442307692
11/13/2016,07 November 2016,"Upper Limit along Date to Plot, Date To",2017,,306.413490588
11/13/2016,07 November 2016,"Lower Limit along Date to Plot, Date To",2017,,62.471124796
11/13/2016,07 November 2016,Number of Complaints,2018,,
11/13/2016,07 November 2016,"Avg Complaints Per Year along Date to Plot, Date To",2018,,218.660377358
11/13/2016,07 November 2016,"Upper Limit along Date to Plot, Date To",2018,,358.944085849
11/13/2016,07 November 2016,"Lower Limit along Date to Plot, Date To",2018,,78.376668868
11/13/2016,07 November 2016,Number of Complaints,2019,,
11/13/2016,07 November 2016,"Avg Complaints Per Year along Date to Plot, Date To",2019,,192.923076923
11/13/2016,07 November 2016,"Upper Limit along Date to Plot, Date To",2019,,268.993894132
11/13/2016,07 November 2016,"Lower Limit along Date to Plot, Date To",2019,,116.852259715
11/13/2016,07 November 2016,Number of Complaints,2020,,
11/13/2016,07 November 2016,"Avg Complaints Per Year along Date to Plot, Date To",2020,,194.512195122
11/13/2016,07 November 2016,"Upper Limit along Date to Plot, Date To",2020,,343.929245280
11/13/2016,07 November 2016,"Lower Limit along Date to Plot, Date To",2020,,45.095144964
11/20/2016,14 November 2016,Number of Complaints,2016,True,172
11/20/2016,14 November 2016,"Avg Complaints Per Year along Date to Plot, Date To",2016,True,137.596153846
11/20/2016,14 November 2016,"Upper Limit along Date to Plot, Date To",2016,True,219.471079151
11/20/2016,14 November 2016,"Lower Limit along Date to Plot, Date To",2016,True,55.721228541
11/20/2016,14 November 2016,Number of Complaints,2017,,
11/20/2016,14 November 2016,"Avg Complaints Per Year along Date to Plot, Date To",2017,,184.442307692
11/20/2016,14 November 2016,"Upper Limit along Date to Plot, Date To",2017,,306.413490588
11/20/2016,14 November 2016,"Lower Limit along Date to Plot, Date To",2017,,62.471124796
11/20/2016,14 November 2016,Number of Complaints,2018,,
11/20/2016,14 November 2016,"Avg Complaints Per Year along Date to Plot, Date To",2018,,218.660377358
11/20/2016,14 November 2016,"Upper Limit along Date to Plot, Date To",2018,,358.944085849
11/20/2016,14 November 2016,"Lower Limit along Date to Plot, Date To",2018,,78.376668868
11/20/2016,14 November 2016,Number of Complaints,2019,,
11/20/2016,14 November 2016,"Avg Complaints Per Year along Date to Plot, Date To",2019,,192.923076923
11/20/2016,14 November 2016,"Upper Limit along Date to Plot, Date To",2019,,268.993894132
11/20/2016,14 November 2016,"Lower Limit along Date to Plot, Date To",2019,,116.852259715
11/20/2016,14 November 2016,Number of Complaints,2020,,
11/20/2016,14 November 2016,"Avg Complaints Per Year along Date to Plot, Date To",2020,,194.512195122
11/20/2016,14 November 2016,"Upper Limit along Date to Plot, Date To",2020,,343.929245280
11/20/2016,14 November 2016,"Lower Limit along Date to Plot, Date To",2020,,45.095144964
11/27/2016,21 November 2016,Number of Complaints,2016,True,113
11/27/2016,21 November 2016,"Avg Complaints Per Year along Date to Plot, Date To",2016,True,137.596153846
11/27/2016,21 November 2016,"Upper Limit along Date to Plot, Date To",2016,True,219.471079151
11/27/2016,21 November 2016,"Lower Limit along Date to Plot, Date To",2016,True,55.721228541
11/27/2016,21 November 2016,Number of Complaints,2017,,
11/27/2016,21 November 2016,"Avg Complaints Per Year along Date to Plot, Date To",2017,,184.442307692
11/27/2016,21 November 2016,"Upper Limit along Date to Plot, Date To",2017,,306.413490588
11/27/2016,21 November 2016,"Lower Limit along Date to Plot, Date To",2017,,62.471124796
11/27/2016,21 November 2016,Number of Complaints,2018,,
11/27/2016,21 November 2016,"Avg Complaints Per Year along Date to Plot, Date To",2018,,218.660377358
11/27/2016,21 November 2016,"Upper Limit along Date to Plot, Date To",2018,,358.944085849
11/27/2016,21 November 2016,"Lower Limit along Date to Plot, Date To",2018,,78.376668868
11/27/2016,21 November 2016,Number of Complaints,2019,,
11/27/2016,21 November 2016,"Avg Complaints Per Year along Date to Plot, Date To",2019,,192.923076923
11/27/2016,21 November 2016,"Upper Limit along Date to Plot, Date To",2019,,268.993894132
11/27/2016,21 November 2016,"Lower Limit along Date to Plot, Date To",2019,,116.852259715
11/27/2016,21 November 2016,Number of Complaints,2020,,
11/27/2016,21 November 2016,"Avg Complaints Per Year along Date to Plot, Date To",2020,,194.512195122
11/27/2016,21 November 2016,"Upper Limit along Date to Plot, Date To",2020,,343.929245280
11/27/2016,21 November 2016,"Lower Limit along Date to Plot, Date To",2020,,45.095144964
12/4/2016,28 November 2016,Number of Complaints,2016,True,149
12/4/2016,28 November 2016,"Avg Complaints Per Year along Date to Plot, Date To",2016,True,137.596153846
12/4/2016,28 November 2016,"Upper Limit along Date to Plot, Date To",2016,True,219.471079151
12/4/2016,28 November 2016,"Lower Limit along Date to Plot, Date To",2016,True,55.721228541
12/4/2016,28 November 2016,Number of Complaints,2017,,
12/4/2016,28 November 2016,"Avg Complaints Per Year along Date to Plot, Date To",2017,,184.442307692
12/4/2016,28 November 2016,"Upper Limit along Date to Plot, Date To",2017,,306.413490588
12/4/2016,28 November 2016,"Lower Limit along Date to Plot, Date To",2017,,62.471124796
12/4/2016,28 November 2016,Number of Complaints,2018,,
12/4/2016,28 November 2016,"Avg Complaints Per Year along Date to Plot, Date To",2018,,218.660377358
12/4/2016,28 November 2016,"Upper Limit along Date to Plot, Date To",2018,,358.944085849
12/4/2016,28 November 2016,"Lower Limit along Date to Plot, Date To",2018,,78.376668868
12/4/2016,28 November 2016,Number of Complaints,2019,,
12/4/2016,28 November 2016,"Avg Complaints Per Year along Date to Plot, Date To",2019,,192.923076923
12/4/2016,28 November 2016,"Upper Limit along Date to Plot, Date To",2019,,268.993894132
12/4/2016,28 November 2016,"Lower Limit along Date to Plot, Date To",2019,,116.852259715
12/4/2016,28 November 2016,Number of Complaints,2020,,
12/4/2016,28 November 2016,"Avg Complaints Per Year along Date to Plot, Date To",2020,,194.512195122
12/4/2016,28 November 2016,"Upper Limit along Date to Plot, Date To",2020,,343.929245280
12/4/2016,28 November 2016,"Lower Limit along Date to Plot, Date To",2020,,45.095144964
12/11/2016,05 December 2016,Number of Complaints,2016,True,152
12/11/2016,05 December 2016,"Avg Complaints Per Year along Date to Plot, Date To",2016,True,137.596153846
12/11/2016,05 December 2016,"Upper Limit along Date to Plot, Date To",2016,True,219.471079151
12/11/2016,05 December 2016,"Lower Limit along Date to Plot, Date To",2016,True,55.721228541
12/11/2016,05 December 2016,Number of Complaints,2017,,
12/11/2016,05 December 2016,"Avg Complaints Per Year along Date to Plot, Date To",2017,,184.442307692
12/11/2016,05 December 2016,"Upper Limit along Date to Plot, Date To",2017,,306.413490588
12/11/2016,05 December 2016,"Lower Limit along Date to Plot, Date To",2017,,62.471124796
12/11/2016,05 December 2016,Number of Complaints,2018,,
12/11/2016,05 December 2016,"Avg Complaints Per Year along Date to Plot, Date To",2018,,218.660377358
12/11/2016,05 December 2016,"Upper Limit along Date to Plot, Date To",2018,,358.944085849
12/11/2016,05 December 2016,"Lower Limit along Date to Plot, Date To",2018,,78.376668868
12/11/2016,05 December 2016,Number of Complaints,2019,,
12/11/2016,05 December 2016,"Avg Complaints Per Year along Date to Plot, Date To",2019,,192.923076923
12/11/2016,05 December 2016,"Upper Limit along Date to Plot, Date To",2019,,268.993894132
12/11/2016,05 December 2016,"Lower Limit along Date to Plot, Date To",2019,,116.852259715
12/11/2016,05 December 2016,Number of Complaints,2020,,
12/11/2016,05 December 2016,"Avg Complaints Per Year along Date to Plot, Date To",2020,,194.512195122
12/11/2016,05 December 2016,"Upper Limit along Date to Plot, Date To",2020,,343.929245280
12/11/2016,05 December 2016,"Lower Limit along Date to Plot, Date To",2020,,45.095144964
12/18/2016,12 December 2016,Number of Complaints,2016,True,152
12/18/2016,12 December 2016,"Avg Complaints Per Year along Date to Plot, Date To",2016,True,137.596153846
12/18/2016,12 December 2016,"Upper Limit along Date to Plot, Date To",2016,True,219.471079151
12/18/2016,12 December 2016,"Lower Limit along Date to Plot, Date To",2016,True,55.721228541
12/18/2016,12 December 2016,Number of Complaints,2017,,
12/18/2016,12 December 2016,"Avg Complaints Per Year along Date to Plot, Date To",2017,,184.442307692
12/18/2016,12 December 2016,"Upper Limit along Date to Plot, Date To",2017,,306.413490588
12/18/2016,12 December 2016,"Lower Limit along Date to Plot, Date To",2017,,62.471124796
12/18/2016,12 December 2016,Number of Complaints,2018,,
12/18/2016,12 December 2016,"Avg Complaints Per Year along Date to Plot, Date To",2018,,218.660377358
12/18/2016,12 December 2016,"Upper Limit along Date to Plot, Date To",2018,,358.944085849
12/18/2016,12 December 2016,"Lower Limit along Date to Plot, Date To",2018,,78.376668868
12/18/2016,12 December 2016,Number of Complaints,2019,,
12/18/2016,12 December 2016,"Avg Complaints Per Year along Date to Plot, Date To",2019,,192.923076923
12/18/2016,12 December 2016,"Upper Limit along Date to Plot, Date To",2019,,268.993894132
12/18/2016,12 December 2016,"Lower Limit along Date to Plot, Date To",2019,,116.852259715
12/18/2016,12 December 2016,Number of Complaints,2020,,
12/18/2016,12 December 2016,"Avg Complaints Per Year along Date to Plot, Date To",2020,,194.512195122
12/18/2016,12 December 2016,"Upper Limit along Date to Plot, Date To",2020,,343.929245280
12/18/2016,12 December 2016,"Lower Limit along Date to Plot, Date To",2020,,45.095144964
12/25/2016,19 December 2016,Number of Complaints,2016,True,139
12/25/2016,19 December 2016,"Avg Complaints Per Year along Date to Plot, Date To",2016,True,137.596153846
12/25/2016,19 December 2016,"Upper Limit along Date to Plot, Date To",2016,True,219.471079151
12/25/2016,19 December 2016,"Lower Limit along Date to Plot, Date To",2016,True,55.721228541
12/25/2016,19 December 2016,Number of Complaints,2017,,
12/25/2016,19 December 2016,"Avg Complaints Per Year along Date to Plot, Date To",2017,,184.442307692
12/25/2016,19 December 2016,"Upper Limit along Date to Plot, Date To",2017,,306.413490588
12/25/2016,19 December 2016,"Lower Limit along Date to Plot, Date To",2017,,62.471124796
12/25/2016,19 December 2016,Number of Complaints,2018,,
12/25/2016,19 December 2016,"Avg Complaints Per Year along Date to Plot, Date To",2018,,218.660377358
12/25/2016,19 December 2016,"Upper Limit along Date to Plot, Date To",2018,,358.944085849
12/25/2016,19 December 2016,"Lower Limit along Date to Plot, Date To",2018,,78.376668868
12/25/2016,19 December 2016,Number of Complaints,2019,,
12/25/2016,19 December 2016,"Avg Complaints Per Year along Date to Plot, Date To",2019,,192.923076923
12/25/2016,19 December 2016,"Upper Limit along Date to Plot, Date To",2019,,268.993894132
12/25/2016,19 December 2016,"Lower Limit along Date to Plot, Date To",2019,,116.852259715
12/25/2016,19 December 2016,Number of Complaints,2020,,
12/25/2016,19 December 2016,"Avg Complaints Per Year along Date to Plot, Date To",2020,,194.512195122
12/25/2016,19 December 2016,"Upper Limit along Date to Plot, Date To",2020,,343.929245280
12/25/2016,19 December 2016,"Lower Limit along Date to Plot, Date To",2020,,45.095144964
1/1/2017,26 December 2016,Number of Complaints,2016,True,106
1/1/2017,26 December 2016,"Avg Complaints Per Year along Date to Plot, Date To",2016,True,137.596153846
1/1/2017,26 December 2016,"Upper Limit along Date to Plot, Date To",2016,True,219.471079151
1/1/2017,26 December 2016,"Lower Limit along Date to Plot, Date To",2016,True,55.721228541
1/1/2017,26 December 2016,Number of Complaints,2017,,
1/1/2017,26 December 2016,"Avg Complaints Per Year along Date to Plot, Date To",2017,,184.442307692
1/1/2017,26 December 2016,"Upper Limit along Date to Plot, Date To",2017,,306.413490588
1/1/2017,26 December 2016,"Lower Limit along Date to Plot, Date To",2017,,62.471124796
1/1/2017,26 December 2016,Number of Complaints,2018,,
1/1/2017,26 December 2016,"Avg Complaints Per Year along Date to Plot, Date To",2018,,218.660377358
1/1/2017,26 December 2016,"Upper Limit along Date to Plot, Date To",2018,,358.944085849
1/1/2017,26 December 2016,"Lower Limit along Date to Plot, Date To",2018,,78.376668868
1/1/2017,26 December 2016,Number of Complaints,2019,,
1/1/2017,26 December 2016,"Avg Complaints Per Year along Date to Plot, Date To",2019,,192.923076923
1/1/2017,26 December 2016,"Upper Limit along Date to Plot, Date To",2019,,268.993894132
1/1/2017,26 December 2016,"Lower Limit along Date to Plot, Date To",2019,,116.852259715
1/1/2017,26 December 2016,Number of Complaints,2020,,
1/1/2017,26 December 2016,"Avg Complaints Per Year along Date to Plot, Date To",2020,,194.512195122
1/1/2017,26 December 2016,"Upper Limit along Date to Plot, Date To",2020,,343.929245280
1/1/2017,26 December 2016,"Lower Limit along Date to Plot, Date To",2020,,45.095144964
1/8/2017,02 January 2017,Number of Complaints,2016,,
1/8/2017,02 January 2017,"Avg Complaints Per Year along Date to Plot, Date To",2016,,137.596153846
1/8/2017,02 January 2017,"Upper Limit along Date to Plot, Date To",2016,,219.471079151
1/8/2017,02 January 2017,"Lower Limit along Date to Plot, Date To",2016,,55.721228541
1/8/2017,02 January 2017,Number of Complaints,2017,True,120
1/8/2017,02 January 2017,"Avg Complaints Per Year along Date to Plot, Date To",2017,True,184.442307692
1/8/2017,02 January 2017,"Upper Limit along Date to Plot, Date To",2017,True,306.413490588
1/8/2017,02 January 2017,"Lower Limit along Date to Plot, Date To",2017,True,62.471124796
1/8/2017,02 January 2017,Number of Complaints,2018,,
1/8/2017,02 January 2017,"Avg Complaints Per Year along Date to Plot, Date To",2018,,218.660377358
1/8/2017,02 January 2017,"Upper Limit along Date to Plot, Date To",2018,,358.944085849
1/8/2017,02 January 2017,"Lower Limit along Date to Plot, Date To",2018,,78.376668868
1/8/2017,02 January 2017,Number of Complaints,2019,,
1/8/2017,02 January 2017,"Avg Complaints Per Year along Date to Plot, Date To",2019,,192.923076923
1/8/2017,02 January 2017,"Upper Limit along Date to Plot, Date To",2019,,268.993894132
1/8/2017,02 January 2017,"Lower Limit along Date to Plot, Date To",2019,,116.852259715
1/8/2017,02 January 2017,Number of Complaints,2020,,
1/8/2017,02 January 2017,"Avg Complaints Per Year along Date to Plot, Date To",2020,,194.512195122
1/8/2017,02 January 2017,"Upper Limit along Date to Plot, Date To",2020,,343.929245280
1/8/2017,02 January 2017,"Lower Limit along Date to Plot, Date To",2020,,45.095144964
1/15/2017,09 January 2017,Number of Complaints,2016,,
1/15/2017,09 January 2017,"Avg Complaints Per Year along Date to Plot, Date To",2016,,137.596153846
1/15/2017,09 January 2017,"Upper Limit along Date to Plot, Date To",2016,,219.471079151
1/15/2017,09 January 2017,"Lower Limit along Date to Plot, Date To",2016,,55.721228541
1/15/2017,09 January 2017,Number of Complaints,2017,True,130
1/15/2017,09 January 2017,"Avg Complaints Per Year along Date to Plot, Date To",2017,True,184.442307692
1/15/2017,09 January 2017,"Upper Limit along Date to Plot, Date To",2017,True,306.413490588
1/15/2017,09 January 2017,"Lower Limit along Date to Plot, Date To",2017,True,62.471124796
1/15/2017,09 January 2017,Number of Complaints,2018,,
1/15/2017,09 January 2017,"Avg Complaints Per Year along Date to Plot, Date To",2018,,218.660377358
1/15/2017,09 January 2017,"Upper Limit along Date to Plot, Date To",2018,,358.944085849
1/15/2017,09 January 2017,"Lower Limit along Date to Plot, Date To",2018,,78.376668868
1/15/2017,09 January 2017,Number of Complaints,2019,,
1/15/2017,09 January 2017,"Avg Complaints Per Year along Date to Plot, Date To",2019,,192.923076923
1/15/2017,09 January 2017,"Upper Limit along Date to Plot, Date To",2019,,268.993894132
1/15/2017,09 January 2017,"Lower Limit along Date to Plot, Date To",2019,,116.852259715
1/15/2017,09 January 2017,Number of Complaints,2020,,
1/15/2017,09 January 2017,"Avg Complaints Per Year along Date to Plot, Date To",2020,,194.512195122
1/15/2017,09 January 2017,"Upper Limit along Date to Plot, Date To",2020,,343.929245280
1/15/2017,09 January 2017,"Lower Limit along Date to Plot, Date To",2020,,45.095144964
1/22/2017,16 January 2017,Number of Complaints,2016,,
1/22/2017,16 January 2017,"Avg Complaints Per Year along Date to Plot, Date To",2016,,137.596153846
1/22/2017,16 January 2017,"Upper Limit along Date to Plot, Date To",2016,,219.471079151
1/22/2017,16 January 2017,"Lower Limit along Date to Plot, Date To",2016,,55.721228541
1/22/2017,16 January 2017,Number of Complaints,2017,True,134
1/22/2017,16 January 2017,"Avg Complaints Per Year along Date to Plot, Date To",2017,True,184.442307692
1/22/2017,16 January 2017,"Upper Limit along Date to Plot, Date To",2017,True,306.413490588
1/22/2017,16 January 2017,"Lower Limit along Date to Plot, Date To",2017,True,62.471124796
1/22/2017,16 January 2017,Number of Complaints,2018,,
1/22/2017,16 January 2017,"Avg Complaints Per Year along Date to Plot, Date To",2018,,218.660377358
1/22/2017,16 January 2017,"Upper Limit along Date to Plot, Date To",2018,,358.944085849
1/22/2017,16 January 2017,"Lower Limit along Date to Plot, Date To",2018,,78.376668868
1/22/2017,16 January 2017,Number of Complaints,2019,,
1/22/2017,16 January 2017,"Avg Complaints Per Year along Date to Plot, Date To",2019,,192.923076923
1/22/2017,16 January 2017,"Upper Limit along Date to Plot, Date To",2019,,268.993894132
1/22/2017,16 January 2017,"Lower Limit along Date to Plot, Date To",2019,,116.852259715
1/22/2017,16 January 2017,Number of Complaints,2020,,
1/22/2017,16 January 2017,"Avg Complaints Per Year along Date to Plot, Date To",2020,,194.512195122
1/22/2017,16 January 2017,"Upper Limit along Date to Plot, Date To",2020,,343.929245280
1/22/2017,16 January 2017,"Lower Limit along Date to Plot, Date To",2020,,45.095144964
1/29/2017,23 January 2017,Number of Complaints,2016,,
1/29/2017,23 January 2017,"Avg Complaints Per Year along Date to Plot, Date To",2016,,137.596153846
1/29/2017,23 January 2017,"Upper Limit along Date to Plot, Date To",2016,,219.471079151
1/29/2017,23 January 2017,"Lower Limit along Date to Plot, Date To",2016,,55.721228541
1/29/2017,23 January 2017,Number of Complaints,2017,True,145
1/29/2017,23 January 2017,"Avg Complaints Per Year along Date to Plot, Date To",2017,True,184.442307692
1/29/2017,23 January 2017,"Upper Limit along Date to Plot, Date To",2017,True,306.413490588
1/29/2017,23 January 2017,"Lower Limit along Date to Plot, Date To",2017,True,62.471124796
1/29/2017,23 January 2017,Number of Complaints,2018,,
1/29/2017,23 January 2017,"Avg Complaints Per Year along Date to Plot, Date To",2018,,218.660377358
1/29/2017,23 January 2017,"Upper Limit along Date to Plot, Date To",2018,,358.944085849
1/29/2017,23 January 2017,"Lower Limit along Date to Plot, Date To",2018,,78.376668868
1/29/2017,23 January 2017,Number of Complaints,2019,,
1/29/2017,23 January 2017,"Avg Complaints Per Year along Date to Plot, Date To",2019,,192.923076923
1/29/2017,23 January 2017,"Upper Limit along Date to Plot, Date To",2019,,268.993894132
1/29/2017,23 January 2017,"Lower Limit along Date to Plot, Date To",2019,,116.852259715
1/29/2017,23 January 2017,Number of Complaints,2020,,
1/29/2017,23 January 2017,"Avg Complaints Per Year along Date to Plot, Date To",2020,,194.512195122
1/29/2017,23 January 2017,"Upper Limit along Date to Plot, Date To",2020,,343.929245280
1/29/2017,23 January 2017,"Lower Limit along Date to Plot, Date To",2020,,45.095144964
2/5/2017,30 January 2017,Number of Complaints,2016,,
2/5/2017,30 January 2017,"Avg Complaints Per Year along Date to Plot, Date To",2016,,137.596153846
2/5/2017,30 January 2017,"Upper Limit along Date to Plot, Date To",2016,,219.471079151
2/5/2017,30 January 2017,"Lower Limit along Date to Plot, Date To",2016,,55.721228541
2/5/2017,30 January 2017,Number of Complaints,2017,True,157
2/5/2017,30 January 2017,"Avg Complaints Per Year along Date to Plot, Date To",2017,True,184.442307692
2/5/2017,30 January 2017,"Upper Limit along Date to Plot, Date To",2017,True,306.413490588
2/5/2017,30 January 2017,"Lower Limit along Date to Plot, Date To",2017,True,62.471124796
2/5/2017,30 January 2017,Number of Complaints,2018,,
2/5/2017,30 January 2017,"Avg Complaints Per Year along Date to Plot, Date To",2018,,218.660377358
2/5/2017,30 January 2017,"Upper Limit along Date to Plot, Date To",2018,,358.944085849
2/5/2017,30 January 2017,"Lower Limit along Date to Plot, Date To",2018,,78.376668868
2/5/2017,30 January 2017,Number of Complaints,2019,,
2/5/2017,30 January 2017,"Avg Complaints Per Year along Date to Plot, Date To",2019,,192.923076923
2/5/2017,30 January 2017,"Upper Limit along Date to Plot, Date To",2019,,268.993894132
2/5/2017,30 January 2017,"Lower Limit along Date to Plot, Date To",2019,,116.852259715
2/5/2017,30 January 2017,Number of Complaints,2020,,
2/5/2017,30 January 2017,"Avg Complaints Per Year along Date to Plot, Date To",2020,,194.512195122
2/5/2017,30 January 2017,"Upper Limit along Date to Plot, Date To",2020,,343.929245280
2/5/2017,30 January 2017,"Lower Limit along Date to Plot, Date To",2020,,45.095144964
2/12/2017,06 February 2017,Number of Complaints,2016,,
2/12/2017,06 February 2017,"Avg Complaints Per Year along Date to Plot, Date To",2016,,137.596153846
2/12/2017,06 February 2017,"Upper Limit along Date to Plot, Date To",2016,,219.471079151
2/12/2017,06 February 2017,"Lower Limit along Date to Plot, Date To",2016,,55.721228541
2/12/2017,06 February 2017,Number of Complaints,2017,True,138
2/12/2017,06 February 2017,"Avg Complaints Per Year along Date to Plot, Date To",2017,True,184.442307692
2/12/2017,06 February 2017,"Upper Limit along Date to Plot, Date To",2017,True,306.413490588
2/12/2017,06 February 2017,"Lower Limit along Date to Plot, Date To",2017,True,62.471124796
2/12/2017,06 February 2017,Number of Complaints,2018,,
2/12/2017,06 February 2017,"Avg Complaints Per Year along Date to Plot, Date To",2018,,218.660377358
2/12/2017,06 February 2017,"Upper Limit along Date to Plot, Date To",2018,,358.944085849
2/12/2017,06 February 2017,"Lower Limit along Date to Plot, Date To",2018,,78.376668868
2/12/2017,06 February 2017,Number of Complaints,2019,,
2/12/2017,06 February 2017,"Avg Complaints Per Year along Date to Plot, Date To",2019,,192.923076923
2/12/2017,06 February 2017,"Upper Limit along Date to Plot, Date To",2019,,268.993894132
2/12/2017,06 February 2017,"Lower Limit along Date to Plot, Date To",2019,,116.852259715
2/12/2017,06 February 2017,Number of Complaints,2020,,
2/12/2017,06 February 2017,"Avg Complaints Per Year along Date to Plot, Date To",2020,,194.512195122
2/12/2017,06 February 2017,"Upper Limit along Date to Plot, Date To",2020,,343.929245280
2/12/2017,06 February 2017,"Lower Limit along Date to Plot, Date To",2020,,45.095144964
2/19/2017,13 February 2017,Number of Complaints,2016,,
2/19/2017,13 February 2017,"Avg Complaints Per Year along Date to Plot, Date To",2016,,137.596153846
2/19/2017,13 February 2017,"Upper Limit along Date to Plot, Date To",2016,,219.471079151
2/19/2017,13 February 2017,"Lower Limit along Date to Plot, Date To",2016,,55.721228541
2/19/2017,13 February 2017,Number of Complaints,2017,True,144
2/19/2017,13 February 2017,"Avg Complaints Per Year along Date to Plot, Date To",2017,True,184.442307692
2/19/2017,13 February 2017,"Upper Limit along Date to Plot, Date To",2017,True,306.413490588
2/19/2017,13 February 2017,"Lower Limit along Date to Plot, Date To",2017,True,62.471124796
2/19/2017,13 February 2017,Number of Complaints,2018,,
2/19/2017,13 February 2017,"Avg Complaints Per Year along Date to Plot, Date To",2018,,218.660377358
2/19/2017,13 February 2017,"Upper Limit along Date to Plot, Date To",2018,,358.944085849
2/19/2017,13 February 2017,"Lower Limit along Date to Plot, Date To",2018,,78.376668868
2/19/2017,13 February 2017,Number of Complaints,2019,,
2/19/2017,13 February 2017,"Avg Complaints Per Year along Date to Plot, Date To",2019,,192.923076923
2/19/2017,13 February 2017,"Upper Limit along Date to Plot, Date To",2019,,268.993894132
2/19/2017,13 February 2017,"Lower Limit along Date to Plot, Date To",2019,,116.852259715
2/19/2017,13 February 2017,Number of Complaints,2020,,
2/19/2017,13 February 2017,"Avg Complaints Per Year along Date to Plot, Date To",2020,,194.512195122
2/19/2017,13 February 2017,"Upper Limit along Date to Plot, Date To",2020,,343.929245280
2/19/2017,13 February 2017,"Lower Limit along Date to Plot, Date To",2020,,45.095144964
2/26/2017,20 February 2017,Number of Complaints,2016,,
2/26/2017,20 February 2017,"Avg Complaints Per Year along Date to Plot, Date To",2016,,137.596153846
2/26/2017,20 February 2017,"Upper Limit along Date to Plot, Date To",2016,,219.471079151
2/26/2017,20 February 2017,"Lower Limit along Date to Plot, Date To",2016,,55.721228541
2/26/2017,20 February 2017,Number of Complaints,2017,True,137
2/26/2017,20 February 2017,"Avg Complaints Per Year along Date to Plot, Date To",2017,True,184.442307692
2/26/2017,20 February 2017,"Upper Limit along Date to Plot, Date To",2017,True,306.413490588
2/26/2017,20 February 2017,"Lower Limit along Date to Plot, Date To",2017,True,62.471124796
2/26/2017,20 February 2017,Number of Complaints,2018,,
2/26/2017,20 February 2017,"Avg Complaints Per Year along Date to Plot, Date To",2018,,218.660377358
2/26/2017,20 February 2017,"Upper Limit along Date to Plot, Date To",2018,,358.944085849
2/26/2017,20 February 2017,"Lower Limit along Date to Plot, Date To",2018,,78.376668868
2/26/2017,20 February 2017,Number of Complaints,2019,,
2/26/2017,20 February 2017,"Avg Complaints Per Year along Date to Plot, Date To",2019,,192.923076923
2/26/2017,20 February 2017,"Upper Limit along Date to Plot, Date To",2019,,268.993894132
2/26/2017,20 February 2017,"Lower Limit along Date to Plot, Date To",2019,,116.852259715
2/26/2017,20 February 2017,Number of Complaints,2020,,
2/26/2017,20 February 2017,"Avg Complaints Per Year along Date to Plot, Date To",2020,,194.512195122
2/26/2017,20 February 2017,"Upper Limit along Date to Plot, Date To",2020,,343.929245280
2/26/2017,20 February 2017,"Lower Limit along Date to Plot, Date To",2020,,45.095144964
3/5/2017,27 February 2017,Number of Complaints,2016,,
3/5/2017,27 February 2017,"Avg Complaints Per Year along Date to Plot, Date To",2016,,137.596153846
3/5/2017,27 February 2017,"Upper Limit along Date to Plot, Date To",2016,,219.471079151
3/5/2017,27 February 2017,"Lower Limit along Date to Plot, Date To",2016,,55.721228541
3/5/2017,27 February 2017,Number of Complaints,2017,True,156
3/5/2017,27 February 2017,"Avg Complaints Per Year along Date to Plot, Date To",2017,True,184.442307692
3/5/2017,27 February 2017,"Upper Limit along Date to Plot, Date To",2017,True,306.413490588
3/5/2017,27 February 2017,"Lower Limit along Date to Plot, Date To",2017,True,62.471124796
3/5/2017,27 February 2017,Number of Complaints,2018,,
3/5/2017,27 February 2017,"Avg Complaints Per Year along Date to Plot, Date To",2018,,218.660377358
3/5/2017,27 February 2017,"Upper Limit along Date to Plot, Date To",2018,,358.944085849
3/5/2017,27 February 2017,"Lower Limit along Date to Plot, Date To",2018,,78.376668868
3/5/2017,27 February 2017,Number of Complaints,2019,,
3/5/2017,27 February 2017,"Avg Complaints Per Year along Date to Plot, Date To",2019,,192.923076923
3/5/2017,27 February 2017,"Upper Limit along Date to Plot, Date To",2019,,268.993894132
3/5/2017,27 February 2017,"Lower Limit along Date to Plot, Date To",2019,,116.852259715
3/5/2017,27 February 2017,Number of Complaints,2020,,
3/5/2017,27 February 2017,"Avg Complaints Per Year along Date to Plot, Date To",2020,,194.512195122
3/5/2017,27 February 2017,"Upper Limit along Date to Plot, Date To",2020,,343.929245280
3/5/2017,27 February 2017,"Lower Limit along Date to Plot, Date To",2020,,45.095144964
3/12/2017,06 March 2017,Number of Complaints,2016,,
3/12/2017,06 March 2017,"Avg Complaints Per Year along Date to Plot, Date To",2016,,137.596153846
3/12/2017,06 March 2017,"Upper Limit along Date to Plot, Date To",2016,,219.471079151
3/12/2017,06 March 2017,"Lower Limit along Date to Plot, Date To",2016,,55.721228541
3/12/2017,06 March 2017,Number of Complaints,2017,True,159
3/12/2017,06 March 2017,"Avg Complaints Per Year along Date to Plot, Date To",2017,True,184.442307692
3/12/2017,06 March 2017,"Upper Limit along Date to Plot, Date To",2017,True,306.413490588
3/12/2017,06 March 2017,"Lower Limit along Date to Plot, Date To",2017,True,62.471124796
3/12/2017,06 March 2017,Number of Complaints,2018,,
3/12/2017,06 March 2017,"Avg Complaints Per Year along Date to Plot, Date To",2018,,218.660377358
3/12/2017,06 March 2017,"Upper Limit along Date to Plot, Date To",2018,,358.944085849
3/12/2017,06 March 2017,"Lower Limit along Date to Plot, Date To",2018,,78.376668868
3/12/2017,06 March 2017,Number of Complaints,2019,,
3/12/2017,06 March 2017,"Avg Complaints Per Year along Date to Plot, Date To",2019,,192.923076923
3/12/2017,06 March 2017,"Upper Limit along Date to Plot, Date To",2019,,268.993894132
3/12/2017,06 March 2017,"Lower Limit along Date to Plot, Date To",2019,,116.852259715
3/12/2017,06 March 2017,Number of Complaints,2020,,
3/12/2017,06 March 2017,"Avg Complaints Per Year along Date to Plot, Date To",2020,,194.512195122
3/12/2017,06 March 2017,"Upper Limit along Date to Plot, Date To",2020,,343.929245280
3/12/2017,06 March 2017,"Lower Limit along Date to Plot, Date To",2020,,45.095144964
3/19/2017,13 March 2017,Number of Complaints,2016,,
3/19/2017,13 March 2017,"Avg Complaints Per Year along Date to Plot, Date To",2016,,137.596153846
3/19/2017,13 March 2017,"Upper Limit along Date to Plot, Date To",2016,,219.471079151
3/19/2017,13 March 2017,"Lower Limit along Date to Plot, Date To",2016,,55.721228541
3/19/2017,13 March 2017,Number of Complaints,2017,True,167
3/19/2017,13 March 2017,"Avg Complaints Per Year along Date to Plot, Date To",2017,True,184.442307692
3/19/2017,13 March 2017,"Upper Limit along Date to Plot, Date To",2017,True,306.413490588
3/19/2017,13 March 2017,"Lower Limit along Date to Plot, Date To",2017,True,62.471124796
3/19/2017,13 March 2017,Number of Complaints,2018,,
3/19/2017,13 March 2017,"Avg Complaints Per Year along Date to Plot, Date To",2018,,218.660377358
3/19/2017,13 March 2017,"Upper Limit along Date to Plot, Date To",2018,,358.944085849
3/19/2017,13 March 2017,"Lower Limit along Date to Plot, Date To",2018,,78.376668868
3/19/2017,13 March 2017,Number of Complaints,2019,,
3/19/2017,13 March 2017,"Avg Complaints Per Year along Date to Plot, Date To",2019,,192.923076923
3/19/2017,13 March 2017,"Upper Limit along Date to Plot, Date To",2019,,268.993894132
3/19/2017,13 March 2017,"Lower Limit along Date to Plot, Date To",2019,,116.852259715
3/19/2017,13 March 2017,Number of Complaints,2020,,
3/19/2017,13 March 2017,"Avg Complaints Per Year along Date to Plot, Date To",2020,,194.512195122
3/19/2017,13 March 2017,"Upper Limit along Date to Plot, Date To",2020,,343.929245280
3/19/2017,13 March 2017,"Lower Limit along Date to Plot, Date To",2020,,45.095144964
3/26/2017,20 March 2017,Number of Complaints,2016,,
3/26/2017,20 March 2017,"Avg Complaints Per Year along Date to Plot, Date To",2016,,137.596153846
3/26/2017,20 March 2017,"Upper Limit along Date to Plot, Date To",2016,,219.471079151
3/26/2017,20 March 2017,"Lower Limit along Date to Plot, Date To",2016,,55.721228541
3/26/2017,20 March 2017,Number of Complaints,2017,True,135
3/26/2017,20 March 2017,"Avg Complaints Per Year along Date to Plot, Date To",2017,True,184.442307692
3/26/2017,20 March 2017,"Upper Limit along Date to Plot, Date To",2017,True,306.413490588
3/26/2017,20 March 2017,"Lower Limit along Date to Plot, Date To",2017,True,62.471124796
3/26/2017,20 March 2017,Number of Complaints,2018,,
3/26/2017,20 March 2017,"Avg Complaints Per Year along Date to Plot, Date To",2018,,218.660377358
3/26/2017,20 March 2017,"Upper Limit along Date to Plot, Date To",2018,,358.944085849
3/26/2017,20 March 2017,"Lower Limit along Date to Plot, Date To",2018,,78.376668868
3/26/2017,20 March 2017,Number of Complaints,2019,,
3/26/2017,20 March 2017,"Avg Complaints Per Year along Date to Plot, Date To",2019,,192.923076923
3/26/2017,20 March 2017,"Upper Limit along Date to Plot, Date To",2019,,268.993894132
3/26/2017,20 March 2017,"Lower Limit along Date to Plot, Date To",2019,,116.852259715
3/26/2017,20 March 2017,Number of Complaints,2020,,
3/26/2017,20 March 2017,"Avg Complaints Per Year along Date to Plot, Date To",2020,,194.512195122
3/26/2017,20 March 2017,"Upper Limit along Date to Plot, Date To",2020,,343.929245280
3/26/2017,20 March 2017,"Lower Limit along Date to Plot, Date To",2020,,45.095144964
4/2/2017,27 March 2017,Number of Complaints,2016,,
4/2/2017,27 March 2017,"Avg Complaints Per Year along Date to Plot, Date To",2016,,137.596153846
4/2/2017,27 March 2017,"Upper Limit along Date to Plot, Date To",2016,,219.471079151
4/2/2017,27 March 2017,"Lower Limit along Date to Plot, Date To",2016,,55.721228541
4/2/2017,27 March 2017,Number of Complaints,2017,True,129
4/2/2017,27 March 2017,"Avg Complaints Per Year along Date to Plot, Date To",2017,True,184.442307692
4/2/2017,27 March 2017,"Upper Limit along Date to Plot, Date To",2017,True,306.413490588
4/2/2017,27 March 2017,"Lower Limit along Date to Plot, Date To",2017,True,62.471124796
4/2/2017,27 March 2017,Number of Complaints,2018,,
4/2/2017,27 March 2017,"Avg Complaints Per Year along Date to Plot, Date To",2018,,218.660377358
4/2/2017,27 March 2017,"Upper Limit along Date to Plot, Date To",2018,,358.944085849
4/2/2017,27 March 2017,"Lower Limit along Date to Plot, Date To",2018,,78.376668868
4/2/2017,27 March 2017,Number of Complaints,2019,,
4/2/2017,27 March 2017,"Avg Complaints Per Year along Date to Plot, Date To",2019,,192.923076923
4/2/2017,27 March 2017,"Upper Limit along Date to Plot, Date To",2019,,268.993894132
4/2/2017,27 March 2017,"Lower Limit along Date to Plot, Date To",2019,,116.852259715
4/2/2017,27 March 2017,Number of Complaints,2020,,
4/2/2017,27 March 2017,"Avg Complaints Per Year along Date to Plot, Date To",2020,,194.512195122
4/2/2017,27 March 2017,"Upper Limit along Date to Plot, Date To",2020,,343.929245280
4/2/2017,27 March 2017,"Lower Limit along Date to Plot, Date To",2020,,45.095144964
4/9/2017,03 April 2017,Number of Complaints,2016,,
4/9/2017,03 April 2017,"Avg Complaints Per Year along Date to Plot, Date To",2016,,137.596153846
4/9/2017,03 April 2017,"Upper Limit along Date to Plot, Date To",2016,,219.471079151
4/9/2017,03 April 2017,"Lower Limit along Date to Plot, Date To",2016,,55.721228541
4/9/2017,03 April 2017,Number of Complaints,2017,True,139
4/9/2017,03 April 2017,"Avg Complaints Per Year along Date to Plot, Date To",2017,True,184.442307692
4/9/2017,03 April 2017,"Upper Limit along Date to Plot, Date To",2017,True,306.413490588
4/9/2017,03 April 2017,"Lower Limit along Date to Plot, Date To",2017,True,62.471124796
4/9/2017,03 April 2017,Number of Complaints,2018,,
4/9/2017,03 April 2017,"Avg Complaints Per Year along Date to Plot, Date To",2018,,218.660377358
4/9/2017,03 April 2017,"Upper Limit along Date to Plot, Date To",2018,,358.944085849
4/9/2017,03 April 2017,"Lower Limit along Date to Plot, Date To",2018,,78.376668868
4/9/2017,03 April 2017,Number of Complaints,2019,,
4/9/2017,03 April 2017,"Avg Complaints Per Year along Date to Plot, Date To",2019,,192.923076923
4/9/2017,03 April 2017,"Upper Limit along Date to Plot, Date To",2019,,268.993894132
4/9/2017,03 April 2017,"Lower Limit along Date to Plot, Date To",2019,,116.852259715
4/9/2017,03 April 2017,Number of Complaints,2020,,
4/9/2017,03 April 2017,"Avg Complaints Per Year along Date to Plot, Date To",2020,,194.512195122
4/9/2017,03 April 2017,"Upper Limit along Date to Plot, Date To",2020,,343.929245280
4/9/2017,03 April 2017,"Lower Limit along Date to Plot, Date To",2020,,45.095144964
4/16/2017,10 April 2017,Number of Complaints,2016,,
4/16/2017,10 April 2017,"Avg Complaints Per Year along Date to Plot, Date To",2016,,137.596153846
4/16/2017,10 April 2017,"Upper Limit along Date to Plot, Date To",2016,,219.471079151
4/16/2017,10 April 2017,"Lower Limit along Date to Plot, Date To",2016,,55.721228541
4/16/2017,10 April 2017,Number of Complaints,2017,True,124
4/16/2017,10 April 2017,"Avg Complaints Per Year along Date to Plot, Date To",2017,True,184.442307692
4/16/2017,10 April 2017,"Upper Limit along Date to Plot, Date To",2017,True,306.413490588
4/16/2017,10 April 2017,"Lower Limit along Date to Plot, Date To",2017,True,62.471124796
4/16/2017,10 April 2017,Number of Complaints,2018,,
4/16/2017,10 April 2017,"Avg Complaints Per Year along Date to Plot, Date To",2018,,218.660377358
4/16/2017,10 April 2017,"Upper Limit along Date to Plot, Date To",2018,,358.944085849
4/16/2017,10 April 2017,"Lower Limit along Date to Plot, Date To",2018,,78.376668868
4/16/2017,10 April 2017,Number of Complaints,2019,,
4/16/2017,10 April 2017,"Avg Complaints Per Year along Date to Plot, Date To",2019,,192.923076923
4/16/2017,10 April 2017,"Upper Limit along Date to Plot, Date To",2019,,268.993894132
4/16/2017,10 April 2017,"Lower Limit along Date to Plot, Date To",2019,,116.852259715
4/16/2017,10 April 2017,Number of Complaints,2020,,
4/16/2017,10 April 2017,"Avg Complaints Per Year along Date to Plot, Date To",2020,,194.512195122
4/16/2017,10 April 2017,"Upper Limit along Date to Plot, Date To",2020,,343.929245280
4/16/2017,10 April 2017,"Lower Limit along Date to Plot, Date To",2020,,45.095144964
4/23/2017,17 April 2017,Number of Complaints,2016,,
4/23/2017,17 April 2017,"Avg Complaints Per Year along Date to Plot, Date To",2016,,137.596153846
4/23/2017,17 April 2017,"Upper Limit along Date to Plot, Date To",2016,,219.471079151
4/23/2017,17 April 2017,"Lower Limit along Date to Plot, Date To",2016,,55.721228541
4/23/2017,17 April 2017,Number of Complaints,2017,True,126
4/23/2017,17 April 2017,"Avg Complaints Per Year along Date to Plot, Date To",2017,True,184.442307692
4/23/2017,17 April 2017,"Upper Limit along Date to Plot, Date To",2017,True,306.413490588
4/23/2017,17 April 2017,"Lower Limit along Date to Plot, Date To",2017,True,62.471124796
4/23/2017,17 April 2017,Number of Complaints,2018,,
4/23/2017,17 April 2017,"Avg Complaints Per Year along Date to Plot, Date To",2018,,218.660377358
4/23/2017,17 April 2017,"Upper Limit along Date to Plot, Date To",2018,,358.944085849
4/23/2017,17 April 2017,"Lower Limit along Date to Plot, Date To",2018,,78.376668868
4/23/2017,17 April 2017,Number of Complaints,2019,,
4/23/2017,17 April 2017,"Avg Complaints Per Year along Date to Plot, Date To",2019,,192.923076923
4/23/2017,17 April 2017,"Upper Limit along Date to Plot, Date To",2019,,268.993894132
4/23/2017,17 April 2017,"Lower Limit along Date to Plot, Date To",2019,,116.852259715
4/23/2017,17 April 2017,Number of Complaints,2020,,
4/23/2017,17 April 2017,"Avg Complaints Per Year along Date to Plot, Date To",2020,,194.512195122
4/23/2017,17 April 2017,"Upper Limit along Date to Plot, Date To",2020,,343.929245280
4/23/2017,17 April 2017,"Lower Limit along Date to Plot, Date To",2020,,45.095144964
4/30/2017,24 April 2017,Number of Complaints,2016,,
4/30/2017,24 April 2017,"Avg Complaints Per Year along Date to Plot, Date To",2016,,137.596153846
4/30/2017,24 April 2017,"Upper Limit along Date to Plot, Date To",2016,,219.471079151
4/30/2017,24 April 2017,"Lower Limit along Date to Plot, Date To",2016,,55.721228541
4/30/2017,24 April 2017,Number of Complaints,2017,True,192
4/30/2017,24 April 2017,"Avg Complaints Per Year along Date to Plot, Date To",2017,True,184.442307692
4/30/2017,24 April 2017,"Upper Limit along Date to Plot, Date To",2017,True,306.413490588
4/30/2017,24 April 2017,"Lower Limit along Date to Plot, Date To",2017,True,62.471124796
4/30/2017,24 April 2017,Number of Complaints,2018,,
4/30/2017,24 April 2017,"Avg Complaints Per Year along Date to Plot, Date To",2018,,218.660377358
4/30/2017,24 April 2017,"Upper Limit along Date to Plot, Date To",2018,,358.944085849
4/30/2017,24 April 2017,"Lower Limit along Date to Plot, Date To",2018,,78.376668868
4/30/2017,24 April 2017,Number of Complaints,2019,,
4/30/2017,24 April 2017,"Avg Complaints Per Year along Date to Plot, Date To",2019,,192.923076923
4/30/2017,24 April 2017,"Upper Limit along Date to Plot, Date To",2019,,268.993894132
4/30/2017,24 April 2017,"Lower Limit along Date to Plot, Date To",2019,,116.852259715
4/30/2017,24 April 2017,Number of Complaints,2020,,
4/30/2017,24 April 2017,"Avg Complaints Per Year along Date to Plot, Date To",2020,,194.512195122
4/30/2017,24 April 2017,"Upper Limit along Date to Plot, Date To",2020,,343.929245280
4/30/2017,24 April 2017,"Lower Limit along Date to Plot, Date To",2020,,45.095144964
5/7/2017,01 May 2017,Number of Complaints,2016,,
5/7/2017,01 May 2017,"Avg Complaints Per Year along Date to Plot, Date To",2016,,137.596153846
5/7/2017,01 May 2017,"Upper Limit along Date to Plot, Date To",2016,,219.471079151
5/7/2017,01 May 2017,"Lower Limit along Date to Plot, Date To",2016,,55.721228541
5/7/2017,01 May 2017,Number of Complaints,2017,True,252
5/7/2017,01 May 2017,"Avg Complaints Per Year along Date to Plot, Date To",2017,True,184.442307692
5/7/2017,01 May 2017,"Upper Limit along Date to Plot, Date To",2017,True,306.413490588
5/7/2017,01 May 2017,"Lower Limit along Date to Plot, Date To",2017,True,62.471124796
5/7/2017,01 May 2017,Number of Complaints,2018,,
5/7/2017,01 May 2017,"Avg Complaints Per Year along Date to Plot, Date To",2018,,218.660377358
5/7/2017,01 May 2017,"Upper Limit along Date to Plot, Date To",2018,,358.944085849
5/7/2017,01 May 2017,"Lower Limit along Date to Plot, Date To",2018,,78.376668868
5/7/2017,01 May 2017,Number of Complaints,2019,,
5/7/2017,01 May 2017,"Avg Complaints Per Year along Date to Plot, Date To",2019,,192.923076923
5/7/2017,01 May 2017,"Upper Limit along Date to Plot, Date To",2019,,268.993894132
5/7/2017,01 May 2017,"Lower Limit along Date to Plot, Date To",2019,,116.852259715
5/7/2017,01 May 2017,Number of Complaints,2020,,
5/7/2017,01 May 2017,"Avg Complaints Per Year along Date to Plot, Date To",2020,,194.512195122
5/7/2017,01 May 2017,"Upper Limit along Date to Plot, Date To",2020,,343.929245280
5/7/2017,01 May 2017,"Lower Limit along Date to Plot, Date To",2020,,45.095144964
5/14/2017,08 May 2017,Number of Complaints,2016,,
5/14/2017,08 May 2017,"Avg Complaints Per Year along Date to Plot, Date To",2016,,137.596153846
5/14/2017,08 May 2017,"Upper Limit along Date to Plot, Date To",2016,,219.471079151
5/14/2017,08 May 2017,"Lower Limit along Date to Plot, Date To",2016,,55.721228541
5/14/2017,08 May 2017,Number of Complaints,2017,True,218
5/14/2017,08 May 2017,"Avg Complaints Per Year along Date to Plot, Date To",2017,True,184.442307692
5/14/2017,08 May 2017,"Upper Limit along Date to Plot, Date To",2017,True,306.413490588
5/14/2017,08 May 2017,"Lower Limit along Date to Plot, Date To",2017,True,62.471124796
5/14/2017,08 May 2017,Number of Complaints,2018,,
5/14/2017,08 May 2017,"Avg Complaints Per Year along Date to Plot, Date To",2018,,218.660377358
5/14/2017,08 May 2017,"Upper Limit along Date to Plot, Date To",2018,,358.944085849
5/14/2017,08 May 2017,"Lower Limit along Date to Plot, Date To",2018,,78.376668868
5/14/2017,08 May 2017,Number of Complaints,2019,,
5/14/2017,08 May 2017,"Avg Complaints Per Year along Date to Plot, Date To",2019,,192.923076923
5/14/2017,08 May 2017,"Upper Limit along Date to Plot, Date To",2019,,268.993894132
5/14/2017,08 May 2017,"Lower Limit along Date to Plot, Date To",2019,,116.852259715
5/14/2017,08 May 2017,Number of Complaints,2020,,
5/14/2017,08 May 2017,"Avg Complaints Per Year along Date to Plot, Date To",2020,,194.512195122
5/14/2017,08 May 2017,"Upper Limit along Date to Plot, Date To",2020,,343.929245280
5/14/2017,08 May 2017,"Lower Limit along Date to Plot, Date To",2020,,45.095144964
5/21/2017,15 May 2017,Number of Complaints,2016,,
5/21/2017,15 May 2017,"Avg Complaints Per Year along Date to Plot, Date To",2016,,137.596153846
5/21/2017,15 May 2017,"Upper Limit along Date to Plot, Date To",2016,,219.471079151
5/21/2017,15 May 2017,"Lower Limit along Date to Plot, Date To",2016,,55.721228541
5/21/2017,15 May 2017,Number of Complaints,2017,True,206
5/21/2017,15 May 2017,"Avg Complaints Per Year along Date to Plot, Date To",2017,True,184.442307692
5/21/2017,15 May 2017,"Upper Limit along Date to Plot, Date To",2017,True,306.413490588
5/21/2017,15 May 2017,"Lower Limit along Date to Plot, Date To",2017,True,62.471124796
5/21/2017,15 May 2017,Number of Complaints,2018,,
5/21/2017,15 May 2017,"Avg Complaints Per Year along Date to Plot, Date To",2018,,218.660377358
5/21/2017,15 May 2017,"Upper Limit along Date to Plot, Date To",2018,,358.944085849
5/21/2017,15 May 2017,"Lower Limit along Date to Plot, Date To",2018,,78.376668868
5/21/2017,15 May 2017,Number of Complaints,2019,,
5/21/2017,15 May 2017,"Avg Complaints Per Year along Date to Plot, Date To",2019,,192.923076923
5/21/2017,15 May 2017,"Upper Limit along Date to Plot, Date To",2019,,268.993894132
5/21/2017,15 May 2017,"Lower Limit along Date to Plot, Date To",2019,,116.852259715
5/21/2017,15 May 2017,Number of Complaints,2020,,
5/21/2017,15 May 2017,"Avg Complaints Per Year along Date to Plot, Date To",2020,,194.512195122
5/21/2017,15 May 2017,"Upper Limit along Date to Plot, Date To",2020,,343.929245280
5/21/2017,15 May 2017,"Lower Limit along Date to Plot, Date To",2020,,45.095144964
5/28/2017,22 May 2017,Number of Complaints,2016,,
5/28/2017,22 May 2017,"Avg Complaints Per Year along Date to Plot, Date To",2016,,137.596153846
5/28/2017,22 May 2017,"Upper Limit along Date to Plot, Date To",2016,,219.471079151
5/28/2017,22 May 2017,"Lower Limit along Date to Plot, Date To",2016,,55.721228541
5/28/2017,22 May 2017,Number of Complaints,2017,True,209
5/28/2017,22 May 2017,"Avg Complaints Per Year along Date to Plot, Date To",2017,True,184.442307692
5/28/2017,22 May 2017,"Upper Limit along Date to Plot, Date To",2017,True,306.413490588
5/28/2017,22 May 2017,"Lower Limit along Date to Plot, Date To",2017,True,62.471124796
5/28/2017,22 May 2017,Number of Complaints,2018,,
5/28/2017,22 May 2017,"Avg Complaints Per Year along Date to Plot, Date To",2018,,218.660377358
5/28/2017,22 May 2017,"Upper Limit along Date to Plot, Date To",2018,,358.944085849
5/28/2017,22 May 2017,"Lower Limit along Date to Plot, Date To",2018,,78.376668868
5/28/2017,22 May 2017,Number of Complaints,2019,,
5/28/2017,22 May 2017,"Avg Complaints Per Year along Date to Plot, Date To",2019,,192.923076923
5/28/2017,22 May 2017,"Upper Limit along Date to Plot, Date To",2019,,268.993894132
5/28/2017,22 May 2017,"Lower Limit along Date to Plot, Date To",2019,,116.852259715
5/28/2017,22 May 2017,Number of Complaints,2020,,
5/28/2017,22 May 2017,"Avg Complaints Per Year along Date to Plot, Date To",2020,,194.512195122
5/28/2017,22 May 2017,"Upper Limit along Date to Plot, Date To",2020,,343.929245280
5/28/2017,22 May 2017,"Lower Limit along Date to Plot, Date To",2020,,45.095144964
6/4/2017,29 May 2017,Number of Complaints,2016,,
6/4/2017,29 May 2017,"Avg Complaints Per Year along Date to Plot, Date To",2016,,137.596153846
6/4/2017,29 May 2017,"Upper Limit along Date to Plot, Date To",2016,,219.471079151
6/4/2017,29 May 2017,"Lower Limit along Date to Plot, Date To",2016,,55.721228541
6/4/2017,29 May 2017,Number of Complaints,2017,True,174
6/4/2017,29 May 2017,"Avg Complaints Per Year along Date to Plot, Date To",2017,True,184.442307692
6/4/2017,29 May 2017,"Upper Limit along Date to Plot, Date To",2017,True,306.413490588
6/4/2017,29 May 2017,"Lower Limit along Date to Plot, Date To",2017,True,62.471124796
6/4/2017,29 May 2017,Number of Complaints,2018,,
6/4/2017,29 May 2017,"Avg Complaints Per Year along Date to Plot, Date To",2018,,218.660377358
6/4/2017,29 May 2017,"Upper Limit along Date to Plot, Date To",2018,,358.944085849
6/4/2017,29 May 2017,"Lower Limit along Date to Plot, Date To",2018,,78.376668868
6/4/2017,29 May 2017,Number of Complaints,2019,,
6/4/2017,29 May 2017,"Avg Complaints Per Year along Date to Plot, Date To",2019,,192.923076923
6/4/2017,29 May 2017,"Upper Limit along Date to Plot, Date To",2019,,268.993894132
6/4/2017,29 May 2017,"Lower Limit along Date to Plot, Date To",2019,,116.852259715
6/4/2017,29 May 2017,Number of Complaints,2020,,
6/4/2017,29 May 2017,"Avg Complaints Per Year along Date to Plot, Date To",2020,,194.512195122
6/4/2017,29 May 2017,"Upper Limit along Date to Plot, Date To",2020,,343.929245280
6/4/2017,29 May 2017,"Lower Limit along Date to Plot, Date To",2020,,45.095144964
6/11/2017,05 June 2017,Number of Complaints,2016,,
6/11/2017,05 June 2017,"Avg Complaints Per Year along Date to Plot, Date To",2016,,137.596153846
6/11/2017,05 June 2017,"Upper Limit along Date to Plot, Date To",2016,,219.471079151
6/11/2017,05 June 2017,"Lower Limit along Date to Plot, Date To",2016,,55.721228541
6/11/2017,05 June 2017,Number of Complaints,2017,True,201
6/11/2017,05 June 2017,"Avg Complaints Per Year along Date to Plot, Date To",2017,True,184.442307692
6/11/2017,05 June 2017,"Upper Limit along Date to Plot, Date To",2017,True,306.413490588
6/11/2017,05 June 2017,"Lower Limit along Date to Plot, Date To",2017,True,62.471124796
6/11/2017,05 June 2017,Number of Complaints,2018,,
6/11/2017,05 June 2017,"Avg Complaints Per Year along Date to Plot, Date To",2018,,218.660377358
6/11/2017,05 June 2017,"Upper Limit along Date to Plot, Date To",2018,,358.944085849
6/11/2017,05 June 2017,"Lower Limit along Date to Plot, Date To",2018,,78.376668868
6/11/2017,05 June 2017,Number of Complaints,2019,,
6/11/2017,05 June 2017,"Avg Complaints Per Year along Date to Plot, Date To",2019,,192.923076923
6/11/2017,05 June 2017,"Upper Limit along Date to Plot, Date To",2019,,268.993894132
6/11/2017,05 June 2017,"Lower Limit along Date to Plot, Date To",2019,,116.852259715
6/11/2017,05 June 2017,Number of Complaints,2020,,
6/11/2017,05 June 2017,"Avg Complaints Per Year along Date to Plot, Date To",2020,,194.512195122
6/11/2017,05 June 2017,"Upper Limit along Date to Plot, Date To",2020,,343.929245280
6/11/2017,05 June 2017,"Lower Limit along Date to Plot, Date To",2020,,45.095144964
6/18/2017,12 June 2017,Number of Complaints,2016,,
6/18/2017,12 June 2017,"Avg Complaints Per Year along Date to Plot, Date To",2016,,137.596153846
6/18/2017,12 June 2017,"Upper Limit along Date to Plot, Date To",2016,,219.471079151
6/18/2017,12 June 2017,"Lower Limit along Date to Plot, Date To",2016,,55.721228541
6/18/2017,12 June 2017,Number of Complaints,2017,True,205
6/18/2017,12 June 2017,"Avg Complaints Per Year along Date to Plot, Date To",2017,True,184.442307692
6/18/2017,12 June 2017,"Upper Limit along Date to Plot, Date To",2017,True,306.413490588
6/18/2017,12 June 2017,"Lower Limit along Date to Plot, Date To",2017,True,62.471124796
6/18/2017,12 June 2017,Number of Complaints,2018,,
6/18/2017,12 June 2017,"Avg Complaints Per Year along Date to Plot, Date To",2018,,218.660377358
6/18/2017,12 June 2017,"Upper Limit along Date to Plot, Date To",2018,,358.944085849
6/18/2017,12 June 2017,"Lower Limit along Date to Plot, Date To",2018,,78.376668868
6/18/2017,12 June 2017,Number of Complaints,2019,,
6/18/2017,12 June 2017,"Avg Complaints Per Year along Date to Plot, Date To",2019,,192.923076923
6/18/2017,12 June 2017,"Upper Limit along Date to Plot, Date To",2019,,268.993894132
6/18/2017,12 June 2017,"Lower Limit along Date to Plot, Date To",2019,,116.852259715
6/18/2017,12 June 2017,Number of Complaints,2020,,
6/18/2017,12 June 2017,"Avg Complaints Per Year along Date to Plot, Date To",2020,,194.512195122
6/18/2017,12 June 2017,"Upper Limit along Date to Plot, Date To",2020,,343.929245280
6/18/2017,12 June 2017,"Lower Limit along Date to Plot, Date To",2020,,45.095144964
6/25/2017,19 June 2017,Number of Complaints,2016,,
6/25/2017,19 June 2017,"Avg Complaints Per Year along Date to Plot, Date To",2016,,137.596153846
6/25/2017,19 June 2017,"Upper Limit along Date to Plot, Date To",2016,,219.471079151
6/25/2017,19 June 2017,"Lower Limit along Date to Plot, Date To",2016,,55.721228541
6/25/2017,19 June 2017,Number of Complaints,2017,True,231
6/25/2017,19 June 2017,"Avg Complaints Per Year along Date to Plot, Date To",2017,True,184.442307692
6/25/2017,19 June 2017,"Upper Limit along Date to Plot, Date To",2017,True,306.413490588
6/25/2017,19 June 2017,"Lower Limit along Date to Plot, Date To",2017,True,62.471124796
6/25/2017,19 June 2017,Number of Complaints,2018,,
6/25/2017,19 June 2017,"Avg Complaints Per Year along Date to Plot, Date To",2018,,218.660377358
6/25/2017,19 June 2017,"Upper Limit along Date to Plot, Date To",2018,,358.944085849
6/25/2017,19 June 2017,"Lower Limit along Date to Plot, Date To",2018,,78.376668868
6/25/2017,19 June 2017,Number of Complaints,2019,,
6/25/2017,19 June 2017,"Avg Complaints Per Year along Date to Plot, Date To",2019,,192.923076923
6/25/2017,19 June 2017,"Upper Limit along Date to Plot, Date To",2019,,268.993894132
6/25/2017,19 June 2017,"Lower Limit along Date to Plot, Date To",2019,,116.852259715
6/25/2017,19 June 2017,Number of Complaints,2020,,
6/25/2017,19 June 2017,"Avg Complaints Per Year along Date to Plot, Date To",2020,,194.512195122
6/25/2017,19 June 2017,"Upper Limit along Date to Plot, Date To",2020,,343.929245280
6/25/2017,19 June 2017,"Lower Limit along Date to Plot, Date To",2020,,45.095144964
7/2/2017,26 June 2017,Number of Complaints,2016,,
7/2/2017,26 June 2017,"Avg Complaints Per Year along Date to Plot, Date To",2016,,137.596153846
7/2/2017,26 June 2017,"Upper Limit along Date to Plot, Date To",2016,,219.471079151
7/2/2017,26 June 2017,"Lower Limit along Date to Plot, Date To",2016,,55.721228541
7/2/2017,26 June 2017,Number of Complaints,2017,True,235
7/2/2017,26 June 2017,"Avg Complaints Per Year along Date to Plot, Date To",2017,True,184.442307692
7/2/2017,26 June 2017,"Upper Limit along Date to Plot, Date To",2017,True,306.413490588
7/2/2017,26 June 2017,"Lower Limit along Date to Plot, Date To",2017,True,62.471124796
7/2/2017,26 June 2017,Number of Complaints,2018,,
7/2/2017,26 June 2017,"Avg Complaints Per Year along Date to Plot, Date To",2018,,218.660377358
7/2/2017,26 June 2017,"Upper Limit along Date to Plot, Date To",2018,,358.944085849
7/2/2017,26 June 2017,"Lower Limit along Date to Plot, Date To",2018,,78.376668868
7/2/2017,26 June 2017,Number of Complaints,2019,,
7/2/2017,26 June 2017,"Avg Complaints Per Year along Date to Plot, Date To",2019,,192.923076923
7/2/2017,26 June 2017,"Upper Limit along Date to Plot, Date To",2019,,268.993894132
7/2/2017,26 June 2017,"Lower Limit along Date to Plot, Date To",2019,,116.852259715
7/2/2017,26 June 2017,Number of Complaints,2020,,
7/2/2017,26 June 2017,"Avg Complaints Per Year along Date to Plot, Date To",2020,,194.512195122
7/2/2017,26 June 2017,"Upper Limit along Date to Plot, Date To",2020,,343.929245280
7/2/2017,26 June 2017,"Lower Limit along Date to Plot, Date To",2020,,45.095144964
7/9/2017,03 July 2017,Number of Complaints,2016,,
7/9/2017,03 July 2017,"Avg Complaints Per Year along Date to Plot, Date To",2016,,137.596153846
7/9/2017,03 July 2017,"Upper Limit along Date to Plot, Date To",2016,,219.471079151
7/9/2017,03 July 2017,"Lower Limit along Date to Plot, Date To",2016,,55.721228541
7/9/2017,03 July 2017,Number of Complaints,2017,True,213
7/9/2017,03 July 2017,"Avg Complaints Per Year along Date to Plot, Date To",2017,True,184.442307692
7/9/2017,03 July 2017,"Upper Limit along Date to Plot, Date To",2017,True,306.413490588
7/9/2017,03 July 2017,"Lower Limit along Date to Plot, Date To",2017,True,62.471124796
7/9/2017,03 July 2017,Number of Complaints,2018,,
7/9/2017,03 July 2017,"Avg Complaints Per Year along Date to Plot, Date To",2018,,218.660377358
7/9/2017,03 July 2017,"Upper Limit along Date to Plot, Date To",2018,,358.944085849
7/9/2017,03 July 2017,"Lower Limit along Date to Plot, Date To",2018,,78.376668868
7/9/2017,03 July 2017,Number of Complaints,2019,,
7/9/2017,03 July 2017,"Avg Complaints Per Year along Date to Plot, Date To",2019,,192.923076923
7/9/2017,03 July 2017,"Upper Limit along Date to Plot, Date To",2019,,268.993894132
7/9/2017,03 July 2017,"Lower Limit along Date to Plot, Date To",2019,,116.852259715
7/9/2017,03 July 2017,Number of Complaints,2020,,
7/9/2017,03 July 2017,"Avg Complaints Per Year along Date to Plot, Date To",2020,,194.512195122
7/9/2017,03 July 2017,"Upper Limit along Date to Plot, Date To",2020,,343.929245280
7/9/2017,03 July 2017,"Lower Limit along Date to Plot, Date To",2020,,45.095144964
7/16/2017,10 July 2017,Number of Complaints,2016,,
7/16/2017,10 July 2017,"Avg Complaints Per Year along Date to Plot, Date To",2016,,137.596153846
7/16/2017,10 July 2017,"Upper Limit along Date to Plot, Date To",2016,,219.471079151
7/16/2017,10 July 2017,"Lower Limit along Date to Plot, Date To",2016,,55.721228541
7/16/2017,10 July 2017,Number of Complaints,2017,True,216
7/16/2017,10 July 2017,"Avg Complaints Per Year along Date to Plot, Date To",2017,True,184.442307692
7/16/2017,10 July 2017,"Upper Limit along Date to Plot, Date To",2017,True,306.413490588
7/16/2017,10 July 2017,"Lower Limit along Date to Plot, Date To",2017,True,62.471124796
7/16/2017,10 July 2017,Number of Complaints,2018,,
7/16/2017,10 July 2017,"Avg Complaints Per Year along Date to Plot, Date To",2018,,218.660377358
7/16/2017,10 July 2017,"Upper Limit along Date to Plot, Date To",2018,,358.944085849
7/16/2017,10 July 2017,"Lower Limit along Date to Plot, Date To",2018,,78.376668868
7/16/2017,10 July 2017,Number of Complaints,2019,,
7/16/2017,10 July 2017,"Avg Complaints Per Year along Date to Plot, Date To",2019,,192.923076923
7/16/2017,10 July 2017,"Upper Limit along Date to Plot, Date To",2019,,268.993894132
7/16/2017,10 July 2017,"Lower Limit along Date to Plot, Date To",2019,,116.852259715
7/16/2017,10 July 2017,Number of Complaints,2020,,
7/16/2017,10 July 2017,"Avg Complaints Per Year along Date to Plot, Date To",2020,,194.512195122
7/16/2017,10 July 2017,"Upper Limit along Date to Plot, Date To",2020,,343.929245280
7/16/2017,10 July 2017,"Lower Limit along Date to Plot, Date To",2020,,45.095144964
7/23/2017,17 July 2017,Number of Complaints,2016,,
7/23/2017,17 July 2017,"Avg Complaints Per Year along Date to Plot, Date To",2016,,137.596153846
7/23/2017,17 July 2017,"Upper Limit along Date to Plot, Date To",2016,,219.471079151
7/23/2017,17 July 2017,"Lower Limit along Date to Plot, Date To",2016,,55.721228541
7/23/2017,17 July 2017,Number of Complaints,2017,True,226
7/23/2017,17 July 2017,"Avg Complaints Per Year along Date to Plot, Date To",2017,True,184.442307692
7/23/2017,17 July 2017,"Upper Limit along Date to Plot, Date To",2017,True,306.413490588
7/23/2017,17 July 2017,"Lower Limit along Date to Plot, Date To",2017,True,62.471124796
7/23/2017,17 July 2017,Number of Complaints,2018,,
7/23/2017,17 July 2017,"Avg Complaints Per Year along Date to Plot, Date To",2018,,218.660377358
7/23/2017,17 July 2017,"Upper Limit along Date to Plot, Date To",2018,,358.944085849
7/23/2017,17 July 2017,"Lower Limit along Date to Plot, Date To",2018,,78.376668868
7/23/2017,17 July 2017,Number of Complaints,2019,,
7/23/2017,17 July 2017,"Avg Complaints Per Year along Date to Plot, Date To",2019,,192.923076923
7/23/2017,17 July 2017,"Upper Limit along Date to Plot, Date To",2019,,268.993894132
7/23/2017,17 July 2017,"Lower Limit along Date to Plot, Date To",2019,,116.852259715
7/23/2017,17 July 2017,Number of Complaints,2020,,
7/23/2017,17 July 2017,"Avg Complaints Per Year along Date to Plot, Date To",2020,,194.512195122
7/23/2017,17 July 2017,"Upper Limit along Date to Plot, Date To",2020,,343.929245280
7/23/2017,17 July 2017,"Lower Limit along Date to Plot, Date To",2020,,45.095144964
7/30/2017,24 July 2017,Number of Complaints,2016,,
7/30/2017,24 July 2017,"Avg Complaints Per Year along Date to Plot, Date To",2016,,137.596153846
7/30/2017,24 July 2017,"Upper Limit along Date to Plot, Date To",2016,,219.471079151
7/30/2017,24 July 2017,"Lower Limit along Date to Plot, Date To",2016,,55.721228541
7/30/2017,24 July 2017,Number of Complaints,2017,True,218
7/30/2017,24 July 2017,"Avg Complaints Per Year along Date to Plot, Date To",2017,True,184.442307692
7/30/2017,24 July 2017,"Upper Limit along Date to Plot, Date To",2017,True,306.413490588
7/30/2017,24 July 2017,"Lower Limit along Date to Plot, Date To",2017,True,62.471124796
7/30/2017,24 July 2017,Number of Complaints,2018,,
7/30/2017,24 July 2017,"Avg Complaints Per Year along Date to Plot, Date To",2018,,218.660377358
7/30/2017,24 July 2017,"Upper Limit along Date to Plot, Date To",2018,,358.944085849
7/30/2017,24 July 2017,"Lower Limit along Date to Plot, Date To",2018,,78.376668868
7/30/2017,24 July 2017,Number of Complaints,2019,,
7/30/2017,24 July 2017,"Avg Complaints Per Year along Date to Plot, Date To",2019,,192.923076923
7/30/2017,24 July 2017,"Upper Limit along Date to Plot, Date To",2019,,268.993894132
7/30/2017,24 July 2017,"Lower Limit along Date to Plot, Date To",2019,,116.852259715
7/30/2017,24 July 2017,Number of Complaints,2020,,
7/30/2017,24 July 2017,"Avg Complaints Per Year along Date to Plot, Date To",2020,,194.512195122
7/30/2017,24 July 2017,"Upper Limit along Date to Plot, Date To",2020,,343.929245280
7/30/2017,24 July 2017,"Lower Limit along Date to Plot, Date To",2020,,45.095144964
8/6/2017,31 July 2017,Number of Complaints,2016,,
8/6/2017,31 July 2017,"Avg Complaints Per Year along Date to Plot, Date To",2016,,137.596153846
8/6/2017,31 July 2017,"Upper Limit along Date to Plot, Date To",2016,,219.471079151
8/6/2017,31 July 2017,"Lower Limit along Date to Plot, Date To",2016,,55.721228541
8/6/2017,31 July 2017,Number of Complaints,2017,True,248
8/6/2017,31 July 2017,"Avg Complaints Per Year along Date to Plot, Date To",2017,True,184.442307692
8/6/2017,31 July 2017,"Upper Limit along Date to Plot, Date To",2017,True,306.413490588
8/6/2017,31 July 2017,"Lower Limit along Date to Plot, Date To",2017,True,62.471124796
8/6/2017,31 July 2017,Number of Complaints,2018,,
8/6/2017,31 July 2017,"Avg Complaints Per Year along Date to Plot, Date To",2018,,218.660377358
8/6/2017,31 July 2017,"Upper Limit along Date to Plot, Date To",2018,,358.944085849
8/6/2017,31 July 2017,"Lower Limit along Date to Plot, Date To",2018,,78.376668868
8/6/2017,31 July 2017,Number of Complaints,2019,,
8/6/2017,31 July 2017,"Avg Complaints Per Year along Date to Plot, Date To",2019,,192.923076923
8/6/2017,31 July 2017,"Upper Limit along Date to Plot, Date To",2019,,268.993894132
8/6/2017,31 July 2017,"Lower Limit along Date to Plot, Date To",2019,,116.852259715
8/6/2017,31 July 2017,Number of Complaints,2020,,
8/6/2017,31 July 2017,"Avg Complaints Per Year along Date to Plot, Date To",2020,,194.512195122
8/6/2017,31 July 2017,"Upper Limit along Date to Plot, Date To",2020,,343.929245280
8/6/2017,31 July 2017,"Lower Limit along Date to Plot, Date To",2020,,45.095144964
8/13/2017,07 August 2017,Number of Complaints,2016,,
8/13/2017,07 August 2017,"Avg Complaints Per Year along Date to Plot, Date To",2016,,137.596153846
8/13/2017,07 August 2017,"Upper Limit along Date to Plot, Date To",2016,,219.471079151
8/13/2017,07 August 2017,"Lower Limit along Date to Plot, Date To",2016,,55.721228541
8/13/2017,07 August 2017,Number of Complaints,2017,True,224
8/13/2017,07 August 2017,"Avg Complaints Per Year along Date to Plot, Date To",2017,True,184.442307692
8/13/2017,07 August 2017,"Upper Limit along Date to Plot, Date To",2017,True,306.413490588
8/13/2017,07 August 2017,"Lower Limit along Date to Plot, Date To",2017,True,62.471124796
8/13/2017,07 August 2017,Number of Complaints,2018,,
8/13/2017,07 August 2017,"Avg Complaints Per Year along Date to Plot, Date To",2018,,218.660377358
8/13/2017,07 August 2017,"Upper Limit along Date to Plot, Date To",2018,,358.944085849
8/13/2017,07 August 2017,"Lower Limit along Date to Plot, Date To",2018,,78.376668868
8/13/2017,07 August 2017,Number of Complaints,2019,,
8/13/2017,07 August 2017,"Avg Complaints Per Year along Date to Plot, Date To",2019,,192.923076923
8/13/2017,07 August 2017,"Upper Limit along Date to Plot, Date To",2019,,268.993894132
8/13/2017,07 August 2017,"Lower Limit along Date to Plot, Date To",2019,,116.852259715
8/13/2017,07 August 2017,Number of Complaints,2020,,
8/13/2017,07 August 2017,"Avg Complaints Per Year along Date to Plot, Date To",2020,,194.512195122
8/13/2017,07 August 2017,"Upper Limit along Date to Plot, Date To",2020,,343.929245280
8/13/2017,07 August 2017,"Lower Limit along Date to Plot, Date To",2020,,45.095144964
8/20/2017,14 August 2017,Number of Complaints,2016,,
8/20/2017,14 August 2017,"Avg Complaints Per Year along Date to Plot, Date To",2016,,137.596153846
8/20/2017,14 August 2017,"Upper Limit along Date to Plot, Date To",2016,,219.471079151
8/20/2017,14 August 2017,"Lower Limit along Date to Plot, Date To",2016,,55.721228541
8/20/2017,14 August 2017,Number of Complaints,2017,True,191
8/20/2017,14 August 2017,"Avg Complaints Per Year along Date to Plot, Date To",2017,True,184.442307692
8/20/2017,14 August 2017,"Upper Limit along Date to Plot, Date To",2017,True,306.413490588
8/20/2017,14 August 2017,"Lower Limit along Date to Plot, Date To",2017,True,62.471124796
8/20/2017,14 August 2017,Number of Complaints,2018,,
8/20/2017,14 August 2017,"Avg Complaints Per Year along Date to Plot, Date To",2018,,218.660377358
8/20/2017,14 August 2017,"Upper Limit along Date to Plot, Date To",2018,,358.944085849
8/20/2017,14 August 2017,"Lower Limit along Date to Plot, Date To",2018,,78.376668868
8/20/2017,14 August 2017,Number of Complaints,2019,,
8/20/2017,14 August 2017,"Avg Complaints Per Year along Date to Plot, Date To",2019,,192.923076923
8/20/2017,14 August 2017,"Upper Limit along Date to Plot, Date To",2019,,268.993894132
8/20/2017,14 August 2017,"Lower Limit along Date to Plot, Date To",2019,,116.852259715
8/20/2017,14 August 2017,Number of Complaints,2020,,
8/20/2017,14 August 2017,"Avg Complaints Per Year along Date to Plot, Date To",2020,,194.512195122
8/20/2017,14 August 2017,"Upper Limit along Date to Plot, Date To",2020,,343.929245280
8/20/2017,14 August 2017,"Lower Limit along Date to Plot, Date To",2020,,45.095144964
8/27/2017,21 August 2017,Number of Complaints,2016,,
8/27/2017,21 August 2017,"Avg Complaints Per Year along Date to Plot, Date To",2016,,137.596153846
8/27/2017,21 August 2017,"Upper Limit along Date to Plot, Date To",2016,,219.471079151
8/27/2017,21 August 2017,"Lower Limit along Date to Plot, Date To",2016,,55.721228541
8/27/2017,21 August 2017,Number of Complaints,2017,True,159
8/27/2017,21 August 2017,"Avg Complaints Per Year along Date to Plot, Date To",2017,True,184.442307692
8/27/2017,21 August 2017,"Upper Limit along Date to Plot, Date To",2017,True,306.413490588
8/27/2017,21 August 2017,"Lower Limit along Date to Plot, Date To",2017,True,62.471124796
8/27/2017,21 August 2017,Number of Complaints,2018,,
8/27/2017,21 August 2017,"Avg Complaints Per Year along Date to Plot, Date To",2018,,218.660377358
8/27/2017,21 August 2017,"Upper Limit along Date to Plot, Date To",2018,,358.944085849
8/27/2017,21 August 2017,"Lower Limit along Date to Plot, Date To",2018,,78.376668868
8/27/2017,21 August 2017,Number of Complaints,2019,,
8/27/2017,21 August 2017,"Avg Complaints Per Year along Date to Plot, Date To",2019,,192.923076923
8/27/2017,21 August 2017,"Upper Limit along Date to Plot, Date To",2019,,268.993894132
8/27/2017,21 August 2017,"Lower Limit along Date to Plot, Date To",2019,,116.852259715
8/27/2017,21 August 2017,Number of Complaints,2020,,
8/27/2017,21 August 2017,"Avg Complaints Per Year along Date to Plot, Date To",2020,,194.512195122
8/27/2017,21 August 2017,"Upper Limit along Date to Plot, Date To",2020,,343.929245280
8/27/2017,21 August 2017,"Lower Limit along Date to Plot, Date To",2020,,45.095144964
9/3/2017,28 August 2017,Number of Complaints,2016,,
9/3/2017,28 August 2017,"Avg Complaints Per Year along Date to Plot, Date To",2016,,137.596153846
9/3/2017,28 August 2017,"Upper Limit along Date to Plot, Date To",2016,,219.471079151
9/3/2017,28 August 2017,"Lower Limit along Date to Plot, Date To",2016,,55.721228541
9/3/2017,28 August 2017,Number of Complaints,2017,True,199
9/3/2017,28 August 2017,"Avg Complaints Per Year along Date to Plot, Date To",2017,True,184.442307692
9/3/2017,28 August 2017,"Upper Limit along Date to Plot, Date To",2017,True,306.413490588
9/3/2017,28 August 2017,"Lower Limit along Date to Plot, Date To",2017,True,62.471124796
9/3/2017,28 August 2017,Number of Complaints,2018,,
9/3/2017,28 August 2017,"Avg Complaints Per Year along Date to Plot, Date To",2018,,218.660377358
9/3/2017,28 August 2017,"Upper Limit along Date to Plot, Date To",2018,,358.944085849
9/3/2017,28 August 2017,"Lower Limit along Date to Plot, Date To",2018,,78.376668868
9/3/2017,28 August 2017,Number of Complaints,2019,,
9/3/2017,28 August 2017,"Avg Complaints Per Year along Date to Plot, Date To",2019,,192.923076923
9/3/2017,28 August 2017,"Upper Limit along Date to Plot, Date To",2019,,268.993894132
9/3/2017,28 August 2017,"Lower Limit along Date to Plot, Date To",2019,,116.852259715
9/3/2017,28 August 2017,Number of Complaints,2020,,
9/3/2017,28 August 2017,"Avg Complaints Per Year along Date to Plot, Date To",2020,,194.512195122
9/3/2017,28 August 2017,"Upper Limit along Date to Plot, Date To",2020,,343.929245280
9/3/2017,28 August 2017,"Lower Limit along Date to Plot, Date To",2020,,45.095144964
9/10/2017,04 September 2017,Number of Complaints,2016,,
9/10/2017,04 September 2017,"Avg Complaints Per Year along Date to Plot, Date To",2016,,137.596153846
9/10/2017,04 September 2017,"Upper Limit along Date to Plot, Date To",2016,,219.471079151
9/10/2017,04 September 2017,"Lower Limit along Date to Plot, Date To",2016,,55.721228541
9/10/2017,04 September 2017,Number of Complaints,2017,True,141
9/10/2017,04 September 2017,"Avg Complaints Per Year along Date to Plot, Date To",2017,True,184.442307692
9/10/2017,04 September 2017,"Upper Limit along Date to Plot, Date To",2017,True,306.413490588
9/10/2017,04 September 2017,"Lower Limit along Date to Plot, Date To",2017,True,62.471124796
9/10/2017,04 September 2017,Number of Complaints,2018,,
9/10/2017,04 September 2017,"Avg Complaints Per Year along Date to Plot, Date To",2018,,218.660377358
9/10/2017,04 September 2017,"Upper Limit along Date to Plot, Date To",2018,,358.944085849
9/10/2017,04 September 2017,"Lower Limit along Date to Plot, Date To",2018,,78.376668868
9/10/2017,04 September 2017,Number of Complaints,2019,,
9/10/2017,04 September 2017,"Avg Complaints Per Year along Date to Plot, Date To",2019,,192.923076923
9/10/2017,04 September 2017,"Upper Limit along Date to Plot, Date To",2019,,268.993894132
9/10/2017,04 September 2017,"Lower Limit along Date to Plot, Date To",2019,,116.852259715
9/10/2017,04 September 2017,Number of Complaints,2020,,
9/10/2017,04 September 2017,"Avg Complaints Per Year along Date to Plot, Date To",2020,,194.512195122
9/10/2017,04 September 2017,"Upper Limit along Date to Plot, Date To",2020,,343.929245280
9/10/2017,04 September 2017,"Lower Limit along Date to Plot, Date To",2020,,45.095144964
9/17/2017,11 September 2017,Number of Complaints,2016,,
9/17/2017,11 September 2017,"Avg Complaints Per Year along Date to Plot, Date To",2016,,137.596153846
9/17/2017,11 September 2017,"Upper Limit along Date to Plot, Date To",2016,,219.471079151
9/17/2017,11 September 2017,"Lower Limit along Date to Plot, Date To",2016,,55.721228541
9/17/2017,11 September 2017,Number of Complaints,2017,True,253
9/17/2017,11 September 2017,"Avg Complaints Per Year along Date to Plot, Date To",2017,True,184.442307692
9/17/2017,11 September 2017,"Upper Limit along Date to Plot, Date To",2017,True,306.413490588
9/17/2017,11 September 2017,"Lower Limit along Date to Plot, Date To",2017,True,62.471124796
9/17/2017,11 September 2017,Number of Complaints,2018,,
9/17/2017,11 September 2017,"Avg Complaints Per Year along Date to Plot, Date To",2018,,218.660377358
9/17/2017,11 September 2017,"Upper Limit along Date to Plot, Date To",2018,,358.944085849
9/17/2017,11 September 2017,"Lower Limit along Date to Plot, Date To",2018,,78.376668868
9/17/2017,11 September 2017,Number of Complaints,2019,,
9/17/2017,11 September 2017,"Avg Complaints Per Year along Date to Plot, Date To",2019,,192.923076923
9/17/2017,11 September 2017,"Upper Limit along Date to Plot, Date To",2019,,268.993894132
9/17/2017,11 September 2017,"Lower Limit along Date to Plot, Date To",2019,,116.852259715
9/17/2017,11 September 2017,Number of Complaints,2020,,
9/17/2017,11 September 2017,"Avg Complaints Per Year along Date to Plot, Date To",2020,,194.512195122
9/17/2017,11 September 2017,"Upper Limit along Date to Plot, Date To",2020,,343.929245280
9/17/2017,11 September 2017,"Lower Limit along Date to Plot, Date To",2020,,45.095144964
9/24/2017,18 September 2017,Number of Complaints,2016,,
9/24/2017,18 September 2017,"Avg Complaints Per Year along Date to Plot, Date To",2016,,137.596153846
9/24/2017,18 September 2017,"Upper Limit along Date to Plot, Date To",2016,,219.471079151
9/24/2017,18 September 2017,"Lower Limit along Date to Plot, Date To",2016,,55.721228541
9/24/2017,18 September 2017,Number of Complaints,2017,True,240
9/24/2017,18 September 2017,"Avg Complaints Per Year along Date to Plot, Date To",2017,True,184.442307692
9/24/2017,18 September 2017,"Upper Limit along Date to Plot, Date To",2017,True,306.413490588
9/24/2017,18 September 2017,"Lower Limit along Date to Plot, Date To",2017,True,62.471124796
9/24/2017,18 September 2017,Number of Complaints,2018,,
9/24/2017,18 September 2017,"Avg Complaints Per Year along Date to Plot, Date To",2018,,218.660377358
9/24/2017,18 September 2017,"Upper Limit along Date to Plot, Date To",2018,,358.944085849
9/24/2017,18 September 2017,"Lower Limit along Date to Plot, Date To",2018,,78.376668868
9/24/2017,18 September 2017,Number of Complaints,2019,,
9/24/2017,18 September 2017,"Avg Complaints Per Year along Date to Plot, Date To",2019,,192.923076923
9/24/2017,18 September 2017,"Upper Limit along Date to Plot, Date To",2019,,268.993894132
9/24/2017,18 September 2017,"Lower Limit along Date to Plot, Date To",2019,,116.852259715
9/24/2017,18 September 2017,Number of Complaints,2020,,
9/24/2017,18 September 2017,"Avg Complaints Per Year along Date to Plot, Date To",2020,,194.512195122
9/24/2017,18 September 2017,"Upper Limit along Date to Plot, Date To",2020,,343.929245280
9/24/2017,18 September 2017,"Lower Limit along Date to Plot, Date To",2020,,45.095144964
10/1/2017,25 September 2017,Number of Complaints,2016,,
10/1/2017,25 September 2017,"Avg Complaints Per Year along Date to Plot, Date To",2016,,137.596153846
10/1/2017,25 September 2017,"Upper Limit along Date to Plot, Date To",2016,,219.471079151
10/1/2017,25 September 2017,"Lower Limit along Date to Plot, Date To",2016,,55.721228541
10/1/2017,25 September 2017,Number of Complaints,2017,True,259
10/1/2017,25 September 2017,"Avg Complaints Per Year along Date to Plot, Date To",2017,True,184.442307692
10/1/2017,25 September 2017,"Upper Limit along Date to Plot, Date To",2017,True,306.413490588
10/1/2017,25 September 2017,"Lower Limit along Date to Plot, Date To",2017,True,62.471124796
10/1/2017,25 September 2017,Number of Complaints,2018,,
10/1/2017,25 September 2017,"Avg Complaints Per Year along Date to Plot, Date To",2018,,218.660377358
10/1/2017,25 September 2017,"Upper Limit along Date to Plot, Date To",2018,,358.944085849
10/1/2017,25 September 2017,"Lower Limit along Date to Plot, Date To",2018,,78.376668868
10/1/2017,25 September 2017,Number of Complaints,2019,,
10/1/2017,25 September 2017,"Avg Complaints Per Year along Date to Plot, Date To",2019,,192.923076923
10/1/2017,25 September 2017,"Upper Limit along Date to Plot, Date To",2019,,268.993894132
10/1/2017,25 September 2017,"Lower Limit along Date to Plot, Date To",2019,,116.852259715
10/1/2017,25 September 2017,Number of Complaints,2020,,
10/1/2017,25 September 2017,"Avg Complaints Per Year along Date to Plot, Date To",2020,,194.512195122
10/1/2017,25 September 2017,"Upper Limit along Date to Plot, Date To",2020,,343.929245280
10/1/2017,25 September 2017,"Lower Limit along Date to Plot, Date To",2020,,45.095144964
10/8/2017,02 October 2017,Number of Complaints,2016,,
10/8/2017,02 October 2017,"Avg Complaints Per Year along Date to Plot, Date To",2016,,137.596153846
10/8/2017,02 October 2017,"Upper Limit along Date to Plot, Date To",2016,,219.471079151
10/8/2017,02 October 2017,"Lower Limit along Date to Plot, Date To",2016,,55.721228541
10/8/2017,02 October 2017,Number of Complaints,2017,True,208
10/8/2017,02 October 2017,"Avg Complaints Per Year along Date to Plot, Date To",2017,True,184.442307692
10/8/2017,02 October 2017,"Upper Limit along Date to Plot, Date To",2017,True,306.413490588
10/8/2017,02 October 2017,"Lower Limit along Date to Plot, Date To",2017,True,62.471124796
10/8/2017,02 October 2017,Number of Complaints,2018,,
10/8/2017,02 October 2017,"Avg Complaints Per Year along Date to Plot, Date To",2018,,218.660377358
10/8/2017,02 October 2017,"Upper Limit along Date to Plot, Date To",2018,,358.944085849
10/8/2017,02 October 2017,"Lower Limit along Date to Plot, Date To",2018,,78.376668868
10/8/2017,02 October 2017,Number of Complaints,2019,,
10/8/2017,02 October 2017,"Avg Complaints Per Year along Date to Plot, Date To",2019,,192.923076923
10/8/2017,02 October 2017,"Upper Limit along Date to Plot, Date To",2019,,268.993894132
10/8/2017,02 October 2017,"Lower Limit along Date to Plot, Date To",2019,,116.852259715
10/8/2017,02 October 2017,Number of Complaints,2020,,
10/8/2017,02 October 2017,"Avg Complaints Per Year along Date to Plot, Date To",2020,,194.512195122
10/8/2017,02 October 2017,"Upper Limit along Date to Plot, Date To",2020,,343.929245280
10/8/2017,02 October 2017,"Lower Limit along Date to Plot, Date To",2020,,45.095144964
10/15/2017,09 October 2017,Number of Complaints,2016,,
10/15/2017,09 October 2017,"Avg Complaints Per Year along Date to Plot, Date To",2016,,137.596153846
10/15/2017,09 October 2017,"Upper Limit along Date to Plot, Date To",2016,,219.471079151
10/15/2017,09 October 2017,"Lower Limit along Date to Plot, Date To",2016,,55.721228541
10/15/2017,09 October 2017,Number of Complaints,2017,True,150
10/15/2017,09 October 2017,"Avg Complaints Per Year along Date to Plot, Date To",2017,True,184.442307692
10/15/2017,09 October 2017,"Upper Limit along Date to Plot, Date To",2017,True,306.413490588
10/15/2017,09 October 2017,"Lower Limit along Date to Plot, Date To",2017,True,62.471124796
10/15/2017,09 October 2017,Number of Complaints,2018,,
10/15/2017,09 October 2017,"Avg Complaints Per Year along Date to Plot, Date To",2018,,218.660377358
10/15/2017,09 October 2017,"Upper Limit along Date to Plot, Date To",2018,,358.944085849
10/15/2017,09 October 2017,"Lower Limit along Date to Plot, Date To",2018,,78.376668868
10/15/2017,09 October 2017,Number of Complaints,2019,,
10/15/2017,09 October 2017,"Avg Complaints Per Year along Date to Plot, Date To",2019,,192.923076923
10/15/2017,09 October 2017,"Upper Limit along Date to Plot, Date To",2019,,268.993894132
10/15/2017,09 October 2017,"Lower Limit along Date to Plot, Date To",2019,,116.852259715
10/15/2017,09 October 2017,Number of Complaints,2020,,
10/15/2017,09 October 2017,"Avg Complaints Per Year along Date to Plot, Date To",2020,,194.512195122
10/15/2017,09 October 2017,"Upper Limit along Date to Plot, Date To",2020,,343.929245280
10/15/2017,09 October 2017,"Lower Limit along Date to Plot, Date To",2020,,45.095144964
10/22/2017,16 October 2017,Number of Complaints,2016,,
10/22/2017,16 October 2017,"Avg Complaints Per Year along Date to Plot, Date To",2016,,137.596153846
10/22/2017,16 October 2017,"Upper Limit along Date to Plot, Date To",2016,,219.471079151
10/22/2017,16 October 2017,"Lower Limit along Date to Plot, Date To",2016,,55.721228541
10/22/2017,16 October 2017,Number of Complaints,2017,True,189
10/22/2017,16 October 2017,"Avg Complaints Per Year along Date to Plot, Date To",2017,True,184.442307692
10/22/2017,16 October 2017,"Upper Limit along Date to Plot, Date To",2017,True,306.413490588
10/22/2017,16 October 2017,"Lower Limit along Date to Plot, Date To",2017,True,62.471124796
10/22/2017,16 October 2017,Number of Complaints,2018,,
10/22/2017,16 October 2017,"Avg Complaints Per Year along Date to Plot, Date To",2018,,218.660377358
10/22/2017,16 October 2017,"Upper Limit along Date to Plot, Date To",2018,,358.944085849
10/22/2017,16 October 2017,"Lower Limit along Date to Plot, Date To",2018,,78.376668868
10/22/2017,16 October 2017,Number of Complaints,2019,,
10/22/2017,16 October 2017,"Avg Complaints Per Year along Date to Plot, Date To",2019,,192.923076923
10/22/2017,16 October 2017,"Upper Limit along Date to Plot, Date To",2019,,268.993894132
10/22/2017,16 October 2017,"Lower Limit along Date to Plot, Date To",2019,,116.852259715
10/22/2017,16 October 2017,Number of Complaints,2020,,
10/22/2017,16 October 2017,"Avg Complaints Per Year along Date to Plot, Date To",2020,,194.512195122
10/22/2017,16 October 2017,"Upper Limit along Date to Plot, Date To",2020,,343.929245280
10/22/2017,16 October 2017,"Lower Limit along Date to Plot, Date To",2020,,45.095144964
10/29/2017,23 October 2017,Number of Complaints,2016,,
10/29/2017,23 October 2017,"Avg Complaints Per Year along Date to Plot, Date To",2016,,137.596153846
10/29/2017,23 October 2017,"Upper Limit along Date to Plot, Date To",2016,,219.471079151
10/29/2017,23 October 2017,"Lower Limit along Date to Plot, Date To",2016,,55.721228541
10/29/2017,23 October 2017,Number of Complaints,2017,True,218
10/29/2017,23 October 2017,"Avg Complaints Per Year along Date to Plot, Date To",2017,True,184.442307692
10/29/2017,23 October 2017,"Upper Limit along Date to Plot, Date To",2017,True,306.413490588
10/29/2017,23 October 2017,"Lower Limit along Date to Plot, Date To",2017,True,62.471124796
10/29/2017,23 October 2017,Number of Complaints,2018,,
10/29/2017,23 October 2017,"Avg Complaints Per Year along Date to Plot, Date To",2018,,218.660377358
10/29/2017,23 October 2017,"Upper Limit along Date to Plot, Date To",2018,,358.944085849
10/29/2017,23 October 2017,"Lower Limit along Date to Plot, Date To",2018,,78.376668868
10/29/2017,23 October 2017,Number of Complaints,2019,,
10/29/2017,23 October 2017,"Avg Complaints Per Year along Date to Plot, Date To",2019,,192.923076923
10/29/2017,23 October 2017,"Upper Limit along Date to Plot, Date To",2019,,268.993894132
10/29/2017,23 October 2017,"Lower Limit along Date to Plot, Date To",2019,,116.852259715
10/29/2017,23 October 2017,Number of Complaints,2020,,
10/29/2017,23 October 2017,"Avg Complaints Per Year along Date to Plot, Date To",2020,,194.512195122
10/29/2017,23 October 2017,"Upper Limit along Date to Plot, Date To",2020,,343.929245280
10/29/2017,23 October 2017,"Lower Limit along Date to Plot, Date To",2020,,45.095144964
11/5/2017,30 October 2017,Number of Complaints,2016,,
11/5/2017,30 October 2017,"Avg Complaints Per Year along Date to Plot, Date To",2016,,137.596153846
11/5/2017,30 October 2017,"Upper Limit along Date to Plot, Date To",2016,,219.471079151
11/5/2017,30 October 2017,"Lower Limit along Date to Plot, Date To",2016,,55.721228541
11/5/2017,30 October 2017,Number of Complaints,2017,True,213
11/5/2017,30 October 2017,"Avg Complaints Per Year along Date to Plot, Date To",2017,True,184.442307692
11/5/2017,30 October 2017,"Upper Limit along Date to Plot, Date To",2017,True,306.413490588
11/5/2017,30 October 2017,"Lower Limit along Date to Plot, Date To",2017,True,62.471124796
11/5/2017,30 October 2017,Number of Complaints,2018,,
11/5/2017,30 October 2017,"Avg Complaints Per Year along Date to Plot, Date To",2018,,218.660377358
11/5/2017,30 October 2017,"Upper Limit along Date to Plot, Date To",2018,,358.944085849
11/5/2017,30 October 2017,"Lower Limit along Date to Plot, Date To",2018,,78.376668868
11/5/2017,30 October 2017,Number of Complaints,2019,,
11/5/2017,30 October 2017,"Avg Complaints Per Year along Date to Plot, Date To",2019,,192.923076923
11/5/2017,30 October 2017,"Upper Limit along Date to Plot, Date To",2019,,268.993894132
11/5/2017,30 October 2017,"Lower Limit along Date to Plot, Date To",2019,,116.852259715
11/5/2017,30 October 2017,Number of Complaints,2020,,
11/5/2017,30 October 2017,"Avg Complaints Per Year along Date to Plot, Date To",2020,,194.512195122
11/5/2017,30 October 2017,"Upper Limit along Date to Plot, Date To",2020,,343.929245280
11/5/2017,30 October 2017,"Lower Limit along Date to Plot, Date To",2020,,45.095144964
11/12/2017,06 November 2017,Number of Complaints,2016,,
11/12/2017,06 November 2017,"Avg Complaints Per Year along Date to Plot, Date To",2016,,137.596153846
11/12/2017,06 November 2017,"Upper Limit along Date to Plot, Date To",2016,,219.471079151
11/12/2017,06 November 2017,"Lower Limit along Date to Plot, Date To",2016,,55.721228541
11/12/2017,06 November 2017,Number of Complaints,2017,True,166
11/12/2017,06 November 2017,"Avg Complaints Per Year along Date to Plot, Date To",2017,True,184.442307692
11/12/2017,06 November 2017,"Upper Limit along Date to Plot, Date To",2017,True,306.413490588
11/12/2017,06 November 2017,"Lower Limit along Date to Plot, Date To",2017,True,62.471124796
11/12/2017,06 November 2017,Number of Complaints,2018,,
11/12/2017,06 November 2017,"Avg Complaints Per Year along Date to Plot, Date To",2018,,218.660377358
11/12/2017,06 November 2017,"Upper Limit along Date to Plot, Date To",2018,,358.944085849
11/12/2017,06 November 2017,"Lower Limit along Date to Plot, Date To",2018,,78.376668868
11/12/2017,06 November 2017,Number of Complaints,2019,,
11/12/2017,06 November 2017,"Avg Complaints Per Year along Date to Plot, Date To",2019,,192.923076923
11/12/2017,06 November 2017,"Upper Limit along Date to Plot, Date To",2019,,268.993894132
11/12/2017,06 November 2017,"Lower Limit along Date to Plot, Date To",2019,,116.852259715
11/12/2017,06 November 2017,Number of Complaints,2020,,
11/12/2017,06 November 2017,"Avg Complaints Per Year along Date to Plot, Date To",2020,,194.512195122
11/12/2017,06 November 2017,"Upper Limit along Date to Plot, Date To",2020,,343.929245280
11/12/2017,06 November 2017,"Lower Limit along Date to Plot, Date To",2020,,45.095144964
11/19/2017,13 November 2017,Number of Complaints,2016,,
11/19/2017,13 November 2017,"Avg Complaints Per Year along Date to Plot, Date To",2016,,137.596153846
11/19/2017,13 November 2017,"Upper Limit along Date to Plot, Date To",2016,,219.471079151
11/19/2017,13 November 2017,"Lower Limit along Date to Plot, Date To",2016,,55.721228541
11/19/2017,13 November 2017,Number of Complaints,2017,True,217
11/19/2017,13 November 2017,"Avg Complaints Per Year along Date to Plot, Date To",2017,True,184.442307692
11/19/2017,13 November 2017,"Upper Limit along Date to Plot, Date To",2017,True,306.413490588
11/19/2017,13 November 2017,"Lower Limit along Date to Plot, Date To",2017,True,62.471124796
11/19/2017,13 November 2017,Number of Complaints,2018,,
11/19/2017,13 November 2017,"Avg Complaints Per Year along Date to Plot, Date To",2018,,218.660377358
11/19/2017,13 November 2017,"Upper Limit along Date to Plot, Date To",2018,,358.944085849
11/19/2017,13 November 2017,"Lower Limit along Date to Plot, Date To",2018,,78.376668868
11/19/2017,13 November 2017,Number of Complaints,2019,,
11/19/2017,13 November 2017,"Avg Complaints Per Year along Date to Plot, Date To",2019,,192.923076923
11/19/2017,13 November 2017,"Upper Limit along Date to Plot, Date To",2019,,268.993894132
11/19/2017,13 November 2017,"Lower Limit along Date to Plot, Date To",2019,,116.852259715
11/19/2017,13 November 2017,Number of Complaints,2020,,
11/19/2017,13 November 2017,"Avg Complaints Per Year along Date to Plot, Date To",2020,,194.512195122
11/19/2017,13 November 2017,"Upper Limit along Date to Plot, Date To",2020,,343.929245280
11/19/2017,13 November 2017,"Lower Limit along Date to Plot, Date To",2020,,45.095144964
11/26/2017,20 November 2017,Number of Complaints,2016,,
11/26/2017,20 November 2017,"Avg Complaints Per Year along Date to Plot, Date To",2016,,137.596153846
11/26/2017,20 November 2017,"Upper Limit along Date to Plot, Date To",2016,,219.471079151
11/26/2017,20 November 2017,"Lower Limit along Date to Plot, Date To",2016,,55.721228541
11/26/2017,20 November 2017,Number of Complaints,2017,True,140
11/26/2017,20 November 2017,"Avg Complaints Per Year along Date to Plot, Date To",2017,True,184.442307692
11/26/2017,20 November 2017,"Upper Limit along Date to Plot, Date To",2017,True,306.413490588
11/26/2017,20 November 2017,"Lower Limit along Date to Plot, Date To",2017,True,62.471124796
11/26/2017,20 November 2017,Number of Complaints,2018,,
11/26/2017,20 November 2017,"Avg Complaints Per Year along Date to Plot, Date To",2018,,218.660377358
11/26/2017,20 November 2017,"Upper Limit along Date to Plot, Date To",2018,,358.944085849
11/26/2017,20 November 2017,"Lower Limit along Date to Plot, Date To",2018,,78.376668868
11/26/2017,20 November 2017,Number of Complaints,2019,,
11/26/2017,20 November 2017,"Avg Complaints Per Year along Date to Plot, Date To",2019,,192.923076923
11/26/2017,20 November 2017,"Upper Limit along Date to Plot, Date To",2019,,268.993894132
11/26/2017,20 November 2017,"Lower Limit along Date to Plot, Date To",2019,,116.852259715
11/26/2017,20 November 2017,Number of Complaints,2020,,
11/26/2017,20 November 2017,"Avg Complaints Per Year along Date to Plot, Date To",2020,,194.512195122
11/26/2017,20 November 2017,"Upper Limit along Date to Plot, Date To",2020,,343.929245280
11/26/2017,20 November 2017,"Lower Limit along Date to Plot, Date To",2020,,45.095144964
12/3/2017,27 November 2017,Number of Complaints,2016,,
12/3/2017,27 November 2017,"Avg Complaints Per Year along Date to Plot, Date To",2016,,137.596153846
12/3/2017,27 November 2017,"Upper Limit along Date to Plot, Date To",2016,,219.471079151
12/3/2017,27 November 2017,"Lower Limit along Date to Plot, Date To",2016,,55.721228541
12/3/2017,27 November 2017,Number of Complaints,2017,True,232
12/3/2017,27 November 2017,"Avg Complaints Per Year along Date to Plot, Date To",2017,True,184.442307692
12/3/2017,27 November 2017,"Upper Limit along Date to Plot, Date To",2017,True,306.413490588
12/3/2017,27 November 2017,"Lower Limit along Date to Plot, Date To",2017,True,62.471124796
12/3/2017,27 November 2017,Number of Complaints,2018,,
12/3/2017,27 November 2017,"Avg Complaints Per Year along Date to Plot, Date To",2018,,218.660377358
12/3/2017,27 November 2017,"Upper Limit along Date to Plot, Date To",2018,,358.944085849
12/3/2017,27 November 2017,"Lower Limit along Date to Plot, Date To",2018,,78.376668868
12/3/2017,27 November 2017,Number of Complaints,2019,,
12/3/2017,27 November 2017,"Avg Complaints Per Year along Date to Plot, Date To",2019,,192.923076923
12/3/2017,27 November 2017,"Upper Limit along Date to Plot, Date To",2019,,268.993894132
12/3/2017,27 November 2017,"Lower Limit along Date to Plot, Date To",2019,,116.852259715
12/3/2017,27 November 2017,Number of Complaints,2020,,
12/3/2017,27 November 2017,"Avg Complaints Per Year along Date to Plot, Date To",2020,,194.512195122
12/3/2017,27 November 2017,"Upper Limit along Date to Plot, Date To",2020,,343.929245280
12/3/2017,27 November 2017,"Lower Limit along Date to Plot, Date To",2020,,45.095144964
12/10/2017,04 December 2017,Number of Complaints,2016,,
12/10/2017,04 December 2017,"Avg Complaints Per Year along Date to Plot, Date To",2016,,137.596153846
12/10/2017,04 December 2017,"Upper Limit along Date to Plot, Date To",2016,,219.471079151
12/10/2017,04 December 2017,"Lower Limit along Date to Plot, Date To",2016,,55.721228541
12/10/2017,04 December 2017,Number of Complaints,2017,True,187
12/10/2017,04 December 2017,"Avg Complaints Per Year along Date to Plot, Date To",2017,True,184.442307692
12/10/2017,04 December 2017,"Upper Limit along Date to Plot, Date To",2017,True,306.413490588
12/10/2017,04 December 2017,"Lower Limit along Date to Plot, Date To",2017,True,62.471124796
12/10/2017,04 December 2017,Number of Complaints,2018,,
12/10/2017,04 December 2017,"Avg Complaints Per Year along Date to Plot, Date To",2018,,218.660377358
12/10/2017,04 December 2017,"Upper Limit along Date to Plot, Date To",2018,,358.944085849
12/10/2017,04 December 2017,"Lower Limit along Date to Plot, Date To",2018,,78.376668868
12/10/2017,04 December 2017,Number of Complaints,2019,,
12/10/2017,04 December 2017,"Avg Complaints Per Year along Date to Plot, Date To",2019,,192.923076923
12/10/2017,04 December 2017,"Upper Limit along Date to Plot, Date To",2019,,268.993894132
12/10/2017,04 December 2017,"Lower Limit along Date to Plot, Date To",2019,,116.852259715
12/10/2017,04 December 2017,Number of Complaints,2020,,
12/10/2017,04 December 2017,"Avg Complaints Per Year along Date to Plot, Date To",2020,,194.512195122
12/10/2017,04 December 2017,"Upper Limit along Date to Plot, Date To",2020,,343.929245280
12/10/2017,04 December 2017,"Lower Limit along Date to Plot, Date To",2020,,45.095144964
12/17/2017,11 December 2017,Number of Complaints,2016,,
12/17/2017,11 December 2017,"Avg Complaints Per Year along Date to Plot, Date To",2016,,137.596153846
12/17/2017,11 December 2017,"Upper Limit along Date to Plot, Date To",2016,,219.471079151
12/17/2017,11 December 2017,"Lower Limit along Date to Plot, Date To",2016,,55.721228541
12/17/2017,11 December 2017,Number of Complaints,2017,True,198
12/17/2017,11 December 2017,"Avg Complaints Per Year along Date to Plot, Date To",2017,True,184.442307692
12/17/2017,11 December 2017,"Upper Limit along Date to Plot, Date To",2017,True,306.413490588
12/17/2017,11 December 2017,"Lower Limit along Date to Plot, Date To",2017,True,62.471124796
12/17/2017,11 December 2017,Number of Complaints,2018,,
12/17/2017,11 December 2017,"Avg Complaints Per Year along Date to Plot, Date To",2018,,218.660377358
12/17/2017,11 December 2017,"Upper Limit along Date to Plot, Date To",2018,,358.944085849
12/17/2017,11 December 2017,"Lower Limit along Date to Plot, Date To",2018,,78.376668868
12/17/2017,11 December 2017,Number of Complaints,2019,,
12/17/2017,11 December 2017,"Avg Complaints Per Year along Date to Plot, Date To",2019,,192.923076923
12/17/2017,11 December 2017,"Upper Limit along Date to Plot, Date To",2019,,268.993894132
12/17/2017,11 December 2017,"Lower Limit along Date to Plot, Date To",2019,,116.852259715
12/17/2017,11 December 2017,Number of Complaints,2020,,
12/17/2017,11 December 2017,"Avg Complaints Per Year along Date to Plot, Date To",2020,,194.512195122
12/17/2017,11 December 2017,"Upper Limit along Date to Plot, Date To",2020,,343.929245280
12/17/2017,11 December 2017,"Lower Limit along Date to Plot, Date To",2020,,45.095144964
12/24/2017,18 December 2017,Number of Complaints,2016,,
12/24/2017,18 December 2017,"Avg Complaints Per Year along Date to Plot, Date To",2016,,137.596153846
12/24/2017,18 December 2017,"Upper Limit along Date to Plot, Date To",2016,,219.471079151
12/24/2017,18 December 2017,"Lower Limit along Date to Plot, Date To",2016,,55.721228541
12/24/2017,18 December 2017,Number of Complaints,2017,True,178
12/24/2017,18 December 2017,"Avg Complaints Per Year along Date to Plot, Date To",2017,True,184.442307692
12/24/2017,18 December 2017,"Upper Limit along Date to Plot, Date To",2017,True,306.413490588
12/24/2017,18 December 2017,"Lower Limit along Date to Plot, Date To",2017,True,62.471124796
12/24/2017,18 December 2017,Number of Complaints,2018,,
12/24/2017,18 December 2017,"Avg Complaints Per Year along Date to Plot, Date To",2018,,218.660377358
12/24/2017,18 December 2017,"Upper Limit along Date to Plot, Date To",2018,,358.944085849
12/24/2017,18 December 2017,"Lower Limit along Date to Plot, Date To",2018,,78.376668868
12/24/2017,18 December 2017,Number of Complaints,2019,,
12/24/2017,18 December 2017,"Avg Complaints Per Year along Date to Plot, Date To",2019,,192.923076923
12/24/2017,18 December 2017,"Upper Limit along Date to Plot, Date To",2019,,268.993894132
12/24/2017,18 December 2017,"Lower Limit along Date to Plot, Date To",2019,,116.852259715
12/24/2017,18 December 2017,Number of Complaints,2020,,
12/24/2017,18 December 2017,"Avg Complaints Per Year along Date to Plot, Date To",2020,,194.512195122
12/24/2017,18 December 2017,"Upper Limit along Date to Plot, Date To",2020,,343.929245280
12/24/2017,18 December 2017,"Lower Limit along Date to Plot, Date To",2020,,45.095144964
12/31/2017,25 December 2017,Number of Complaints,2016,,
12/31/2017,25 December 2017,"Avg Complaints Per Year along Date to Plot, Date To",2016,,137.596153846
12/31/2017,25 December 2017,"Upper Limit along Date to Plot, Date To",2016,,219.471079151
12/31/2017,25 December 2017,"Lower Limit along Date to Plot, Date To",2016,,55.721228541
12/31/2017,25 December 2017,Number of Complaints,2017,True,145
12/31/2017,25 December 2017,"Avg Complaints Per Year along Date to Plot, Date To",2017,True,184.442307692
12/31/2017,25 December 2017,"Upper Limit along Date to Plot, Date To",2017,True,306.413490588
12/31/2017,25 December 2017,"Lower Limit along Date to Plot, Date To",2017,True,62.471124796
12/31/2017,25 December 2017,Number of Complaints,2018,,
12/31/2017,25 December 2017,"Avg Complaints Per Year along Date to Plot, Date To",2018,,218.660377358
12/31/2017,25 December 2017,"Upper Limit along Date to Plot, Date To",2018,,358.944085849
12/31/2017,25 December 2017,"Lower Limit along Date to Plot, Date To",2018,,78.376668868
12/31/2017,25 December 2017,Number of Complaints,2019,,
12/31/2017,25 December 2017,"Avg Complaints Per Year along Date to Plot, Date To",2019,,192.923076923
12/31/2017,25 December 2017,"Upper Limit along Date to Plot, Date To",2019,,268.993894132
12/31/2017,25 December 2017,"Lower Limit along Date to Plot, Date To",2019,,116.852259715
12/31/2017,25 December 2017,Number of Complaints,2020,,
12/31/2017,25 December 2017,"Avg Complaints Per Year along Date to Plot, Date To",2020,,194.512195122
12/31/2017,25 December 2017,"Upper Limit along Date to Plot, Date To",2020,,343.929245280
12/31/2017,25 December 2017,"Lower Limit along Date to Plot, Date To",2020,,45.095144964
1/7/2018,01 January 2018,Number of Complaints,2016,,
1/7/2018,01 January 2018,"Avg Complaints Per Year along Date to Plot, Date To",2016,,137.596153846
1/7/2018,01 January 2018,"Upper Limit along Date to Plot, Date To",2016,,219.471079151
1/7/2018,01 January 2018,"Lower Limit along Date to Plot, Date To",2016,,55.721228541
1/7/2018,01 January 2018,Number of Complaints,2017,,
1/7/2018,01 January 2018,"Avg Complaints Per Year along Date to Plot, Date To",2017,,184.442307692
1/7/2018,01 January 2018,"Upper Limit along Date to Plot, Date To",2017,,306.413490588
1/7/2018,01 January 2018,"Lower Limit along Date to Plot, Date To",2017,,62.471124796
1/7/2018,01 January 2018,Number of Complaints,2018,True,166
1/7/2018,01 January 2018,"Avg Complaints Per Year along Date to Plot, Date To",2018,True,218.660377358
1/7/2018,01 January 2018,"Upper Limit along Date to Plot, Date To",2018,True,358.944085849
1/7/2018,01 January 2018,"Lower Limit along Date to Plot, Date To",2018,True,78.376668868
1/7/2018,01 January 2018,Number of Complaints,2019,,
1/7/2018,01 January 2018,"Avg Complaints Per Year along Date to Plot, Date To",2019,,192.923076923
1/7/2018,01 January 2018,"Upper Limit along Date to Plot, Date To",2019,,268.993894132
1/7/2018,01 January 2018,"Lower Limit along Date to Plot, Date To",2019,,116.852259715
1/7/2018,01 January 2018,Number of Complaints,2020,,
1/7/2018,01 January 2018,"Avg Complaints Per Year along Date to Plot, Date To",2020,,194.512195122
1/7/2018,01 January 2018,"Upper Limit along Date to Plot, Date To",2020,,343.929245280
1/7/2018,01 January 2018,"Lower Limit along Date to Plot, Date To",2020,,45.095144964
1/14/2018,08 January 2018,Number of Complaints,2016,,
1/14/2018,08 January 2018,"Avg Complaints Per Year along Date to Plot, Date To",2016,,137.596153846
1/14/2018,08 January 2018,"Upper Limit along Date to Plot, Date To",2016,,219.471079151
1/14/2018,08 January 2018,"Lower Limit along Date to Plot, Date To",2016,,55.721228541
1/14/2018,08 January 2018,Number of Complaints,2017,,
1/14/2018,08 January 2018,"Avg Complaints Per Year along Date to Plot, Date To",2017,,184.442307692
1/14/2018,08 January 2018,"Upper Limit along Date to Plot, Date To",2017,,306.413490588
1/14/2018,08 January 2018,"Lower Limit along Date to Plot, Date To",2017,,62.471124796
1/14/2018,08 January 2018,Number of Complaints,2018,True,167
1/14/2018,08 January 2018,"Avg Complaints Per Year along Date to Plot, Date To",2018,True,218.660377358
1/14/2018,08 January 2018,"Upper Limit along Date to Plot, Date To",2018,True,358.944085849
1/14/2018,08 January 2018,"Lower Limit along Date to Plot, Date To",2018,True,78.376668868
1/14/2018,08 January 2018,Number of Complaints,2019,,
1/14/2018,08 January 2018,"Avg Complaints Per Year along Date to Plot, Date To",2019,,192.923076923
1/14/2018,08 January 2018,"Upper Limit along Date to Plot, Date To",2019,,268.993894132
1/14/2018,08 January 2018,"Lower Limit along Date to Plot, Date To",2019,,116.852259715
1/14/2018,08 January 2018,Number of Complaints,2020,,
1/14/2018,08 January 2018,"Avg Complaints Per Year along Date to Plot, Date To",2020,,194.512195122
1/14/2018,08 January 2018,"Upper Limit along Date to Plot, Date To",2020,,343.929245280
1/14/2018,08 January 2018,"Lower Limit along Date to Plot, Date To",2020,,45.095144964
1/21/2018,15 January 2018,Number of Complaints,2016,,
1/21/2018,15 January 2018,"Avg Complaints Per Year along Date to Plot, Date To",2016,,137.596153846
1/21/2018,15 January 2018,"Upper Limit along Date to Plot, Date To",2016,,219.471079151
1/21/2018,15 January 2018,"Lower Limit along Date to Plot, Date To",2016,,55.721228541
1/21/2018,15 January 2018,Number of Complaints,2017,,
1/21/2018,15 January 2018,"Avg Complaints Per Year along Date to Plot, Date To",2017,,184.442307692
1/21/2018,15 January 2018,"Upper Limit along Date to Plot, Date To",2017,,306.413490588
1/21/2018,15 January 2018,"Lower Limit along Date to Plot, Date To",2017,,62.471124796
1/21/2018,15 January 2018,Number of Complaints,2018,True,173
1/21/2018,15 January 2018,"Avg Complaints Per Year along Date to Plot, Date To",2018,True,218.660377358
1/21/2018,15 January 2018,"Upper Limit along Date to Plot, Date To",2018,True,358.944085849
1/21/2018,15 January 2018,"Lower Limit along Date to Plot, Date To",2018,True,78.376668868
1/21/2018,15 January 2018,Number of Complaints,2019,,
1/21/2018,15 January 2018,"Avg Complaints Per Year along Date to Plot, Date To",2019,,192.923076923
1/21/2018,15 January 2018,"Upper Limit along Date to Plot, Date To",2019,,268.993894132
1/21/2018,15 January 2018,"Lower Limit along Date to Plot, Date To",2019,,116.852259715
1/21/2018,15 January 2018,Number of Complaints,2020,,
1/21/2018,15 January 2018,"Avg Complaints Per Year along Date to Plot, Date To",2020,,194.512195122
1/21/2018,15 January 2018,"Upper Limit along Date to Plot, Date To",2020,,343.929245280
1/21/2018,15 January 2018,"Lower Limit along Date to Plot, Date To",2020,,45.095144964
1/28/2018,22 January 2018,Number of Complaints,2016,,
1/28/2018,22 January 2018,"Avg Complaints Per Year along Date to Plot, Date To",2016,,137.596153846
1/28/2018,22 January 2018,"Upper Limit along Date to Plot, Date To",2016,,219.471079151
1/28/2018,22 January 2018,"Lower Limit along Date to Plot, Date To",2016,,55.721228541
1/28/2018,22 January 2018,Number of Complaints,2017,,
1/28/2018,22 January 2018,"Avg Complaints Per Year along Date to Plot, Date To",2017,,184.442307692
1/28/2018,22 January 2018,"Upper Limit along Date to Plot, Date To",2017,,306.413490588
1/28/2018,22 January 2018,"Lower Limit along Date to Plot, Date To",2017,,62.471124796
1/28/2018,22 January 2018,Number of Complaints,2018,True,208
1/28/2018,22 January 2018,"Avg Complaints Per Year along Date to Plot, Date To",2018,True,218.660377358
1/28/2018,22 January 2018,"Upper Limit along Date to Plot, Date To",2018,True,358.944085849
1/28/2018,22 January 2018,"Lower Limit along Date to Plot, Date To",2018,True,78.376668868
1/28/2018,22 January 2018,Number of Complaints,2019,,
1/28/2018,22 January 2018,"Avg Complaints Per Year along Date to Plot, Date To",2019,,192.923076923
1/28/2018,22 January 2018,"Upper Limit along Date to Plot, Date To",2019,,268.993894132
1/28/2018,22 January 2018,"Lower Limit along Date to Plot, Date To",2019,,116.852259715
1/28/2018,22 January 2018,Number of Complaints,2020,,
1/28/2018,22 January 2018,"Avg Complaints Per Year along Date to Plot, Date To",2020,,194.512195122
1/28/2018,22 January 2018,"Upper Limit along Date to Plot, Date To",2020,,343.929245280
1/28/2018,22 January 2018,"Lower Limit along Date to Plot, Date To",2020,,45.095144964
2/4/2018,29 January 2018,Number of Complaints,2016,,
2/4/2018,29 January 2018,"Avg Complaints Per Year along Date to Plot, Date To",2016,,137.596153846
2/4/2018,29 January 2018,"Upper Limit along Date to Plot, Date To",2016,,219.471079151
2/4/2018,29 January 2018,"Lower Limit along Date to Plot, Date To",2016,,55.721228541
2/4/2018,29 January 2018,Number of Complaints,2017,,
2/4/2018,29 January 2018,"Avg Complaints Per Year along Date to Plot, Date To",2017,,184.442307692
2/4/2018,29 January 2018,"Upper Limit along Date to Plot, Date To",2017,,306.413490588
2/4/2018,29 January 2018,"Lower Limit along Date to Plot, Date To",2017,,62.471124796
2/4/2018,29 January 2018,Number of Complaints,2018,True,226
2/4/2018,29 January 2018,"Avg Complaints Per Year along Date to Plot, Date To",2018,True,218.660377358
2/4/2018,29 January 2018,"Upper Limit along Date to Plot, Date To",2018,True,358.944085849
2/4/2018,29 January 2018,"Lower Limit along Date to Plot, Date To",2018,True,78.376668868
2/4/2018,29 January 2018,Number of Complaints,2019,,
2/4/2018,29 January 2018,"Avg Complaints Per Year along Date to Plot, Date To",2019,,192.923076923
2/4/2018,29 January 2018,"Upper Limit along Date to Plot, Date To",2019,,268.993894132
2/4/2018,29 January 2018,"Lower Limit along Date to Plot, Date To",2019,,116.852259715
2/4/2018,29 January 2018,Number of Complaints,2020,,
2/4/2018,29 January 2018,"Avg Complaints Per Year along Date to Plot, Date To",2020,,194.512195122
2/4/2018,29 January 2018,"Upper Limit along Date to Plot, Date To",2020,,343.929245280
2/4/2018,29 January 2018,"Lower Limit along Date to Plot, Date To",2020,,45.095144964
2/11/2018,05 February 2018,Number of Complaints,2016,,
2/11/2018,05 February 2018,"Avg Complaints Per Year along Date to Plot, Date To",2016,,137.596153846
2/11/2018,05 February 2018,"Upper Limit along Date to Plot, Date To",2016,,219.471079151
2/11/2018,05 February 2018,"Lower Limit along Date to Plot, Date To",2016,,55.721228541
2/11/2018,05 February 2018,Number of Complaints,2017,,
2/11/2018,05 February 2018,"Avg Complaints Per Year along Date to Plot, Date To",2017,,184.442307692
2/11/2018,05 February 2018,"Upper Limit along Date to Plot, Date To",2017,,306.413490588
2/11/2018,05 February 2018,"Lower Limit along Date to Plot, Date To",2017,,62.471124796
2/11/2018,05 February 2018,Number of Complaints,2018,True,203
2/11/2018,05 February 2018,"Avg Complaints Per Year along Date to Plot, Date To",2018,True,218.660377358
2/11/2018,05 February 2018,"Upper Limit along Date to Plot, Date To",2018,True,358.944085849
2/11/2018,05 February 2018,"Lower Limit along Date to Plot, Date To",2018,True,78.376668868
2/11/2018,05 February 2018,Number of Complaints,2019,,
2/11/2018,05 February 2018,"Avg Complaints Per Year along Date to Plot, Date To",2019,,192.923076923
2/11/2018,05 February 2018,"Upper Limit along Date to Plot, Date To",2019,,268.993894132
2/11/2018,05 February 2018,"Lower Limit along Date to Plot, Date To",2019,,116.852259715
2/11/2018,05 February 2018,Number of Complaints,2020,,
2/11/2018,05 February 2018,"Avg Complaints Per Year along Date to Plot, Date To",2020,,194.512195122
2/11/2018,05 February 2018,"Upper Limit along Date to Plot, Date To",2020,,343.929245280
2/11/2018,05 February 2018,"Lower Limit along Date to Plot, Date To",2020,,45.095144964
2/18/2018,12 February 2018,Number of Complaints,2016,,
2/18/2018,12 February 2018,"Avg Complaints Per Year along Date to Plot, Date To",2016,,137.596153846
2/18/2018,12 February 2018,"Upper Limit along Date to Plot, Date To",2016,,219.471079151
2/18/2018,12 February 2018,"Lower Limit along Date to Plot, Date To",2016,,55.721228541
2/18/2018,12 February 2018,Number of Complaints,2017,,
2/18/2018,12 February 2018,"Avg Complaints Per Year along Date to Plot, Date To",2017,,184.442307692
2/18/2018,12 February 2018,"Upper Limit along Date to Plot, Date To",2017,,306.413490588
2/18/2018,12 February 2018,"Lower Limit along Date to Plot, Date To",2017,,62.471124796
2/18/2018,12 February 2018,Number of Complaints,2018,True,229
2/18/2018,12 February 2018,"Avg Complaints Per Year along Date to Plot, Date To",2018,True,218.660377358
2/18/2018,12 February 2018,"Upper Limit along Date to Plot, Date To",2018,True,358.944085849
2/18/2018,12 February 2018,"Lower Limit along Date to Plot, Date To",2018,True,78.376668868
2/18/2018,12 February 2018,Number of Complaints,2019,,
2/18/2018,12 February 2018,"Avg Complaints Per Year along Date to Plot, Date To",2019,,192.923076923
2/18/2018,12 February 2018,"Upper Limit along Date to Plot, Date To",2019,,268.993894132
2/18/2018,12 February 2018,"Lower Limit along Date to Plot, Date To",2019,,116.852259715
2/18/2018,12 February 2018,Number of Complaints,2020,,
2/18/2018,12 February 2018,"Avg Complaints Per Year along Date to Plot, Date To",2020,,194.512195122
2/18/2018,12 February 2018,"Upper Limit along Date to Plot, Date To",2020,,343.929245280
2/18/2018,12 February 2018,"Lower Limit along Date to Plot, Date To",2020,,45.095144964
2/25/2018,19 February 2018,Number of Complaints,2016,,
2/25/2018,19 February 2018,"Avg Complaints Per Year along Date to Plot, Date To",2016,,137.596153846
2/25/2018,19 February 2018,"Upper Limit along Date to Plot, Date To",2016,,219.471079151
2/25/2018,19 February 2018,"Lower Limit along Date to Plot, Date To",2016,,55.721228541
2/25/2018,19 February 2018,Number of Complaints,2017,,
2/25/2018,19 February 2018,"Avg Complaints Per Year along Date to Plot, Date To",2017,,184.442307692
2/25/2018,19 February 2018,"Upper Limit along Date to Plot, Date To",2017,,306.413490588
2/25/2018,19 February 2018,"Lower Limit along Date to Plot, Date To",2017,,62.471124796
2/25/2018,19 February 2018,Number of Complaints,2018,True,192
2/25/2018,19 February 2018,"Avg Complaints Per Year along Date to Plot, Date To",2018,True,218.660377358
2/25/2018,19 February 2018,"Upper Limit along Date to Plot, Date To",2018,True,358.944085849
2/25/2018,19 February 2018,"Lower Limit along Date to Plot, Date To",2018,True,78.376668868
2/25/2018,19 February 2018,Number of Complaints,2019,,
2/25/2018,19 February 2018,"Avg Complaints Per Year along Date to Plot, Date To",2019,,192.923076923
2/25/2018,19 February 2018,"Upper Limit along Date to Plot, Date To",2019,,268.993894132
2/25/2018,19 February 2018,"Lower Limit along Date to Plot, Date To",2019,,116.852259715
2/25/2018,19 February 2018,Number of Complaints,2020,,
2/25/2018,19 February 2018,"Avg Complaints Per Year along Date to Plot, Date To",2020,,194.512195122
2/25/2018,19 February 2018,"Upper Limit along Date to Plot, Date To",2020,,343.929245280
2/25/2018,19 February 2018,"Lower Limit along Date to Plot, Date To",2020,,45.095144964
3/4/2018,26 February 2018,Number of Complaints,2016,,
3/4/2018,26 February 2018,"Avg Complaints Per Year along Date to Plot, Date To",2016,,137.596153846
3/4/2018,26 February 2018,"Upper Limit along Date to Plot, Date To",2016,,219.471079151
3/4/2018,26 February 2018,"Lower Limit along Date to Plot, Date To",2016,,55.721228541
3/4/2018,26 February 2018,Number of Complaints,2017,,
3/4/2018,26 February 2018,"Avg Complaints Per Year along Date to Plot, Date To",2017,,184.442307692
3/4/2018,26 February 2018,"Upper Limit along Date to Plot, Date To",2017,,306.413490588
3/4/2018,26 February 2018,"Lower Limit along Date to Plot, Date To",2017,,62.471124796
3/4/2018,26 February 2018,Number of Complaints,2018,True,235
3/4/2018,26 February 2018,"Avg Complaints Per Year along Date to Plot, Date To",2018,True,218.660377358
3/4/2018,26 February 2018,"Upper Limit along Date to Plot, Date To",2018,True,358.944085849
3/4/2018,26 February 2018,"Lower Limit along Date to Plot, Date To",2018,True,78.376668868
3/4/2018,26 February 2018,Number of Complaints,2019,,
3/4/2018,26 February 2018,"Avg Complaints Per Year along Date to Plot, Date To",2019,,192.923076923
3/4/2018,26 February 2018,"Upper Limit along Date to Plot, Date To",2019,,268.993894132
3/4/2018,26 February 2018,"Lower Limit along Date to Plot, Date To",2019,,116.852259715
3/4/2018,26 February 2018,Number of Complaints,2020,,
3/4/2018,26 February 2018,"Avg Complaints Per Year along Date to Plot, Date To",2020,,194.512195122
3/4/2018,26 February 2018,"Upper Limit along Date to Plot, Date To",2020,,343.929245280
3/4/2018,26 February 2018,"Lower Limit along Date to Plot, Date To",2020,,45.095144964
3/11/2018,05 March 2018,Number of Complaints,2016,,
3/11/2018,05 March 2018,"Avg Complaints Per Year along Date to Plot, Date To",2016,,137.596153846
3/11/2018,05 March 2018,"Upper Limit along Date to Plot, Date To",2016,,219.471079151
3/11/2018,05 March 2018,"Lower Limit along Date to Plot, Date To",2016,,55.721228541
3/11/2018,05 March 2018,Number of Complaints,2017,,
3/11/2018,05 March 2018,"Avg Complaints Per Year along Date to Plot, Date To",2017,,184.442307692
3/11/2018,05 March 2018,"Upper Limit along Date to Plot, Date To",2017,,306.413490588
3/11/2018,05 March 2018,"Lower Limit along Date to Plot, Date To",2017,,62.471124796
3/11/2018,05 March 2018,Number of Complaints,2018,True,226
3/11/2018,05 March 2018,"Avg Complaints Per Year along Date to Plot, Date To",2018,True,218.660377358
3/11/2018,05 March 2018,"Upper Limit along Date to Plot, Date To",2018,True,358.944085849
3/11/2018,05 March 2018,"Lower Limit along Date to Plot, Date To",2018,True,78.376668868
3/11/2018,05 March 2018,Number of Complaints,2019,,
3/11/2018,05 March 2018,"Avg Complaints Per Year along Date to Plot, Date To",2019,,192.923076923
3/11/2018,05 March 2018,"Upper Limit along Date to Plot, Date To",2019,,268.993894132
3/11/2018,05 March 2018,"Lower Limit along Date to Plot, Date To",2019,,116.852259715
3/11/2018,05 March 2018,Number of Complaints,2020,,
3/11/2018,05 March 2018,"Avg Complaints Per Year along Date to Plot, Date To",2020,,194.512195122
3/11/2018,05 March 2018,"Upper Limit along Date to Plot, Date To",2020,,343.929245280
3/11/2018,05 March 2018,"Lower Limit along Date to Plot, Date To",2020,,45.095144964
3/18/2018,12 March 2018,Number of Complaints,2016,,
3/18/2018,12 March 2018,"Avg Complaints Per Year along Date to Plot, Date To",2016,,137.596153846
3/18/2018,12 March 2018,"Upper Limit along Date to Plot, Date To",2016,,219.471079151
3/18/2018,12 March 2018,"Lower Limit along Date to Plot, Date To",2016,,55.721228541
3/18/2018,12 March 2018,Number of Complaints,2017,,
3/18/2018,12 March 2018,"Avg Complaints Per Year along Date to Plot, Date To",2017,,184.442307692
3/18/2018,12 March 2018,"Upper Limit along Date to Plot, Date To",2017,,306.413490588
3/18/2018,12 March 2018,"Lower Limit along Date to Plot, Date To",2017,,62.471124796
3/18/2018,12 March 2018,Number of Complaints,2018,True,213
3/18/2018,12 March 2018,"Avg Complaints Per Year along Date to Plot, Date To",2018,True,218.660377358
3/18/2018,12 March 2018,"Upper Limit along Date to Plot, Date To",2018,True,358.944085849
3/18/2018,12 March 2018,"Lower Limit along Date to Plot, Date To",2018,True,78.376668868
3/18/2018,12 March 2018,Number of Complaints,2019,,
3/18/2018,12 March 2018,"Avg Complaints Per Year along Date to Plot, Date To",2019,,192.923076923
3/18/2018,12 March 2018,"Upper Limit along Date to Plot, Date To",2019,,268.993894132
3/18/2018,12 March 2018,"Lower Limit along Date to Plot, Date To",2019,,116.852259715
3/18/2018,12 March 2018,Number of Complaints,2020,,
3/18/2018,12 March 2018,"Avg Complaints Per Year along Date to Plot, Date To",2020,,194.512195122
3/18/2018,12 March 2018,"Upper Limit along Date to Plot, Date To",2020,,343.929245280
3/18/2018,12 March 2018,"Lower Limit along Date to Plot, Date To",2020,,45.095144964
3/25/2018,19 March 2018,Number of Complaints,2016,,
3/25/2018,19 March 2018,"Avg Complaints Per Year along Date to Plot, Date To",2016,,137.596153846
3/25/2018,19 March 2018,"Upper Limit along Date to Plot, Date To",2016,,219.471079151
3/25/2018,19 March 2018,"Lower Limit along Date to Plot, Date To",2016,,55.721228541
3/25/2018,19 March 2018,Number of Complaints,2017,,
3/25/2018,19 March 2018,"Avg Complaints Per Year along Date to Plot, Date To",2017,,184.442307692
3/25/2018,19 March 2018,"Upper Limit along Date to Plot, Date To",2017,,306.413490588
3/25/2018,19 March 2018,"Lower Limit along Date to Plot, Date To",2017,,62.471124796
3/25/2018,19 March 2018,Number of Complaints,2018,True,245
3/25/2018,19 March 2018,"Avg Complaints Per Year along Date to Plot, Date To",2018,True,218.660377358
3/25/2018,19 March 2018,"Upper Limit along Date to Plot, Date To",2018,True,358.944085849
3/25/2018,19 March 2018,"Lower Limit along Date to Plot, Date To",2018,True,78.376668868
3/25/2018,19 March 2018,Number of Complaints,2019,,
3/25/2018,19 March 2018,"Avg Complaints Per Year along Date to Plot, Date To",2019,,192.923076923
3/25/2018,19 March 2018,"Upper Limit along Date to Plot, Date To",2019,,268.993894132
3/25/2018,19 March 2018,"Lower Limit along Date to Plot, Date To",2019,,116.852259715
3/25/2018,19 March 2018,Number of Complaints,2020,,
3/25/2018,19 March 2018,"Avg Complaints Per Year along Date to Plot, Date To",2020,,194.512195122
3/25/2018,19 March 2018,"Upper Limit along Date to Plot, Date To",2020,,343.929245280
3/25/2018,19 March 2018,"Lower Limit along Date to Plot, Date To",2020,,45.095144964
4/1/2018,26 March 2018,Number of Complaints,2016,,
4/1/2018,26 March 2018,"Avg Complaints Per Year along Date to Plot, Date To",2016,,137.596153846
4/1/2018,26 March 2018,"Upper Limit along Date to Plot, Date To",2016,,219.471079151
4/1/2018,26 March 2018,"Lower Limit along Date to Plot, Date To",2016,,55.721228541
4/1/2018,26 March 2018,Number of Complaints,2017,,
4/1/2018,26 March 2018,"Avg Complaints Per Year along Date to Plot, Date To",2017,,184.442307692
4/1/2018,26 March 2018,"Upper Limit along Date to Plot, Date To",2017,,306.413490588
4/1/2018,26 March 2018,"Lower Limit along Date to Plot, Date To",2017,,62.471124796
4/1/2018,26 March 2018,Number of Complaints,2018,True,245
4/1/2018,26 March 2018,"Avg Complaints Per Year along Date to Plot, Date To",2018,True,218.660377358
4/1/2018,26 March 2018,"Upper Limit along Date to Plot, Date To",2018,True,358.944085849
4/1/2018,26 March 2018,"Lower Limit along Date to Plot, Date To",2018,True,78.376668868
4/1/2018,26 March 2018,Number of Complaints,2019,,
4/1/2018,26 March 2018,"Avg Complaints Per Year along Date to Plot, Date To",2019,,192.923076923
4/1/2018,26 March 2018,"Upper Limit along Date to Plot, Date To",2019,,268.993894132
4/1/2018,26 March 2018,"Lower Limit along Date to Plot, Date To",2019,,116.852259715
4/1/2018,26 March 2018,Number of Complaints,2020,,
4/1/2018,26 March 2018,"Avg Complaints Per Year along Date to Plot, Date To",2020,,194.512195122
4/1/2018,26 March 2018,"Upper Limit along Date to Plot, Date To",2020,,343.929245280
4/1/2018,26 March 2018,"Lower Limit along Date to Plot, Date To",2020,,45.095144964
4/8/2018,02 April 2018,Number of Complaints,2016,,
4/8/2018,02 April 2018,"Avg Complaints Per Year along Date to Plot, Date To",2016,,137.596153846
4/8/2018,02 April 2018,"Upper Limit along Date to Plot, Date To",2016,,219.471079151
4/8/2018,02 April 2018,"Lower Limit along Date to Plot, Date To",2016,,55.721228541
4/8/2018,02 April 2018,Number of Complaints,2017,,
4/8/2018,02 April 2018,"Avg Complaints Per Year along Date to Plot, Date To",2017,,184.442307692
4/8/2018,02 April 2018,"Upper Limit along Date to Plot, Date To",2017,,306.413490588
4/8/2018,02 April 2018,"Lower Limit along Date to Plot, Date To",2017,,62.471124796
4/8/2018,02 April 2018,Number of Complaints,2018,False,484
4/8/2018,02 April 2018,"Avg Complaints Per Year along Date to Plot, Date To",2018,False,218.660377358
4/8/2018,02 April 2018,"Upper Limit along Date to Plot, Date To",2018,False,358.944085849
4/8/2018,02 April 2018,"Lower Limit along Date to Plot, Date To",2018,False,78.376668868
4/8/2018,02 April 2018,Number of Complaints,2019,,
4/8/2018,02 April 2018,"Avg Complaints Per Year along Date to Plot, Date To",2019,,192.923076923
4/8/2018,02 April 2018,"Upper Limit along Date to Plot, Date To",2019,,268.993894132
4/8/2018,02 April 2018,"Lower Limit along Date to Plot, Date To",2019,,116.852259715
4/8/2018,02 April 2018,Number of Complaints,2020,,
4/8/2018,02 April 2018,"Avg Complaints Per Year along Date to Plot, Date To",2020,,194.512195122
4/8/2018,02 April 2018,"Upper Limit along Date to Plot, Date To",2020,,343.929245280
4/8/2018,02 April 2018,"Lower Limit along Date to Plot, Date To",2020,,45.095144964
4/15/2018,09 April 2018,Number of Complaints,2016,,
4/15/2018,09 April 2018,"Avg Complaints Per Year along Date to Plot, Date To",2016,,137.596153846
4/15/2018,09 April 2018,"Upper Limit along Date to Plot, Date To",2016,,219.471079151
4/15/2018,09 April 2018,"Lower Limit along Date to Plot, Date To",2016,,55.721228541
4/15/2018,09 April 2018,Number of Complaints,2017,,
4/15/2018,09 April 2018,"Avg Complaints Per Year along Date to Plot, Date To",2017,,184.442307692
4/15/2018,09 April 2018,"Upper Limit along Date to Plot, Date To",2017,,306.413490588
4/15/2018,09 April 2018,"Lower Limit along Date to Plot, Date To",2017,,62.471124796
4/15/2018,09 April 2018,Number of Complaints,2018,True,216
4/15/2018,09 April 2018,"Avg Complaints Per Year along Date to Plot, Date To",2018,True,218.660377358
4/15/2018,09 April 2018,"Upper Limit along Date to Plot, Date To",2018,True,358.944085849
4/15/2018,09 April 2018,"Lower Limit along Date to Plot, Date To",2018,True,78.376668868
4/15/2018,09 April 2018,Number of Complaints,2019,,
4/15/2018,09 April 2018,"Avg Complaints Per Year along Date to Plot, Date To",2019,,192.923076923
4/15/2018,09 April 2018,"Upper Limit along Date to Plot, Date To",2019,,268.993894132
4/15/2018,09 April 2018,"Lower Limit along Date to Plot, Date To",2019,,116.852259715
4/15/2018,09 April 2018,Number of Complaints,2020,,
4/15/2018,09 April 2018,"Avg Complaints Per Year along Date to Plot, Date To",2020,,194.512195122
4/15/2018,09 April 2018,"Upper Limit along Date to Plot, Date To",2020,,343.929245280
4/15/2018,09 April 2018,"Lower Limit along Date to Plot, Date To",2020,,45.095144964
4/22/2018,16 April 2018,Number of Complaints,2016,,
4/22/2018,16 April 2018,"Avg Complaints Per Year along Date to Plot, Date To",2016,,137.596153846
4/22/2018,16 April 2018,"Upper Limit along Date to Plot, Date To",2016,,219.471079151
4/22/2018,16 April 2018,"Lower Limit along Date to Plot, Date To",2016,,55.721228541
4/22/2018,16 April 2018,Number of Complaints,2017,,
4/22/2018,16 April 2018,"Avg Complaints Per Year along Date to Plot, Date To",2017,,184.442307692
4/22/2018,16 April 2018,"Upper Limit along Date to Plot, Date To",2017,,306.413490588
4/22/2018,16 April 2018,"Lower Limit along Date to Plot, Date To",2017,,62.471124796
4/22/2018,16 April 2018,Number of Complaints,2018,True,288
4/22/2018,16 April 2018,"Avg Complaints Per Year along Date to Plot, Date To",2018,True,218.660377358
4/22/2018,16 April 2018,"Upper Limit along Date to Plot, Date To",2018,True,358.944085849
4/22/2018,16 April 2018,"Lower Limit along Date to Plot, Date To",2018,True,78.376668868
4/22/2018,16 April 2018,Number of Complaints,2019,,
4/22/2018,16 April 2018,"Avg Complaints Per Year along Date to Plot, Date To",2019,,192.923076923
4/22/2018,16 April 2018,"Upper Limit along Date to Plot, Date To",2019,,268.993894132
4/22/2018,16 April 2018,"Lower Limit along Date to Plot, Date To",2019,,116.852259715
4/22/2018,16 April 2018,Number of Complaints,2020,,
4/22/2018,16 April 2018,"Avg Complaints Per Year along Date to Plot, Date To",2020,,194.512195122
4/22/2018,16 April 2018,"Upper Limit along Date to Plot, Date To",2020,,343.929245280
4/22/2018,16 April 2018,"Lower Limit along Date to Plot, Date To",2020,,45.095144964
4/29/2018,23 April 2018,Number of Complaints,2016,,
4/29/2018,23 April 2018,"Avg Complaints Per Year along Date to Plot, Date To",2016,,137.596153846
4/29/2018,23 April 2018,"Upper Limit along Date to Plot, Date To",2016,,219.471079151
4/29/2018,23 April 2018,"Lower Limit along Date to Plot, Date To",2016,,55.721228541
4/29/2018,23 April 2018,Number of Complaints,2017,,
4/29/2018,23 April 2018,"Avg Complaints Per Year along Date to Plot, Date To",2017,,184.442307692
4/29/2018,23 April 2018,"Upper Limit along Date to Plot, Date To",2017,,306.413490588
4/29/2018,23 April 2018,"Lower Limit along Date to Plot, Date To",2017,,62.471124796
4/29/2018,23 April 2018,Number of Complaints,2018,True,277
4/29/2018,23 April 2018,"Avg Complaints Per Year along Date to Plot, Date To",2018,True,218.660377358
4/29/2018,23 April 2018,"Upper Limit along Date to Plot, Date To",2018,True,358.944085849
4/29/2018,23 April 2018,"Lower Limit along Date to Plot, Date To",2018,True,78.376668868
4/29/2018,23 April 2018,Number of Complaints,2019,,
4/29/2018,23 April 2018,"Avg Complaints Per Year along Date to Plot, Date To",2019,,192.923076923
4/29/2018,23 April 2018,"Upper Limit along Date to Plot, Date To",2019,,268.993894132
4/29/2018,23 April 2018,"Lower Limit along Date to Plot, Date To",2019,,116.852259715
4/29/2018,23 April 2018,Number of Complaints,2020,,
4/29/2018,23 April 2018,"Avg Complaints Per Year along Date to Plot, Date To",2020,,194.512195122
4/29/2018,23 April 2018,"Upper Limit along Date to Plot, Date To",2020,,343.929245280
4/29/2018,23 April 2018,"Lower Limit along Date to Plot, Date To",2020,,45.095144964
5/6/2018,30 April 2018,Number of Complaints,2016,,
5/6/2018,30 April 2018,"Avg Complaints Per Year along Date to Plot, Date To",2016,,137.596153846
5/6/2018,30 April 2018,"Upper Limit along Date to Plot, Date To",2016,,219.471079151
5/6/2018,30 April 2018,"Lower Limit along Date to Plot, Date To",2016,,55.721228541
5/6/2018,30 April 2018,Number of Complaints,2017,,
5/6/2018,30 April 2018,"Avg Complaints Per Year along Date to Plot, Date To",2017,,184.442307692
5/6/2018,30 April 2018,"Upper Limit along Date to Plot, Date To",2017,,306.413490588
5/6/2018,30 April 2018,"Lower Limit along Date to Plot, Date To",2017,,62.471124796
5/6/2018,30 April 2018,Number of Complaints,2018,True,255
5/6/2018,30 April 2018,"Avg Complaints Per Year along Date to Plot, Date To",2018,True,218.660377358
5/6/2018,30 April 2018,"Upper Limit along Date to Plot, Date To",2018,True,358.944085849
5/6/2018,30 April 2018,"Lower Limit along Date to Plot, Date To",2018,True,78.376668868
5/6/2018,30 April 2018,Number of Complaints,2019,,
5/6/2018,30 April 2018,"Avg Complaints Per Year along Date to Plot, Date To",2019,,192.923076923
5/6/2018,30 April 2018,"Upper Limit along Date to Plot, Date To",2019,,268.993894132
5/6/2018,30 April 2018,"Lower Limit along Date to Plot, Date To",2019,,116.852259715
5/6/2018,30 April 2018,Number of Complaints,2020,,
5/6/2018,30 April 2018,"Avg Complaints Per Year along Date to Plot, Date To",2020,,194.512195122
5/6/2018,30 April 2018,"Upper Limit along Date to Plot, Date To",2020,,343.929245280
5/6/2018,30 April 2018,"Lower Limit along Date to Plot, Date To",2020,,45.095144964
5/13/2018,07 May 2018,Number of Complaints,2016,,
5/13/2018,07 May 2018,"Avg Complaints Per Year along Date to Plot, Date To",2016,,137.596153846
5/13/2018,07 May 2018,"Upper Limit along Date to Plot, Date To",2016,,219.471079151
5/13/2018,07 May 2018,"Lower Limit along Date to Plot, Date To",2016,,55.721228541
5/13/2018,07 May 2018,Number of Complaints,2017,,
5/13/2018,07 May 2018,"Avg Complaints Per Year along Date to Plot, Date To",2017,,184.442307692
5/13/2018,07 May 2018,"Upper Limit along Date to Plot, Date To",2017,,306.413490588
5/13/2018,07 May 2018,"Lower Limit along Date to Plot, Date To",2017,,62.471124796
5/13/2018,07 May 2018,Number of Complaints,2018,True,273
5/13/2018,07 May 2018,"Avg Complaints Per Year along Date to Plot, Date To",2018,True,218.660377358
5/13/2018,07 May 2018,"Upper Limit along Date to Plot, Date To",2018,True,358.944085849
5/13/2018,07 May 2018,"Lower Limit along Date to Plot, Date To",2018,True,78.376668868
5/13/2018,07 May 2018,Number of Complaints,2019,,
5/13/2018,07 May 2018,"Avg Complaints Per Year along Date to Plot, Date To",2019,,192.923076923
5/13/2018,07 May 2018,"Upper Limit along Date to Plot, Date To",2019,,268.993894132
5/13/2018,07 May 2018,"Lower Limit along Date to Plot, Date To",2019,,116.852259715
5/13/2018,07 May 2018,Number of Complaints,2020,,
5/13/2018,07 May 2018,"Avg Complaints Per Year along Date to Plot, Date To",2020,,194.512195122
5/13/2018,07 May 2018,"Upper Limit along Date to Plot, Date To",2020,,343.929245280
5/13/2018,07 May 2018,"Lower Limit along Date to Plot, Date To",2020,,45.095144964
5/20/2018,14 May 2018,Number of Complaints,2016,,
5/20/2018,14 May 2018,"Avg Complaints Per Year along Date to Plot, Date To",2016,,137.596153846
5/20/2018,14 May 2018,"Upper Limit along Date to Plot, Date To",2016,,219.471079151
5/20/2018,14 May 2018,"Lower Limit along Date to Plot, Date To",2016,,55.721228541
5/20/2018,14 May 2018,Number of Complaints,2017,,
5/20/2018,14 May 2018,"Avg Complaints Per Year along Date to Plot, Date To",2017,,184.442307692
5/20/2018,14 May 2018,"Upper Limit along Date to Plot, Date To",2017,,306.413490588
5/20/2018,14 May 2018,"Lower Limit along Date to Plot, Date To",2017,,62.471124796
5/20/2018,14 May 2018,Number of Complaints,2018,True,245
5/20/2018,14 May 2018,"Avg Complaints Per Year along Date to Plot, Date To",2018,True,218.660377358
5/20/2018,14 May 2018,"Upper Limit along Date to Plot, Date To",2018,True,358.944085849
5/20/2018,14 May 2018,"Lower Limit along Date to Plot, Date To",2018,True,78.376668868
5/20/2018,14 May 2018,Number of Complaints,2019,,
5/20/2018,14 May 2018,"Avg Complaints Per Year along Date to Plot, Date To",2019,,192.923076923
5/20/2018,14 May 2018,"Upper Limit along Date to Plot, Date To",2019,,268.993894132
5/20/2018,14 May 2018,"Lower Limit along Date to Plot, Date To",2019,,116.852259715
5/20/2018,14 May 2018,Number of Complaints,2020,,
5/20/2018,14 May 2018,"Avg Complaints Per Year along Date to Plot, Date To",2020,,194.512195122
5/20/2018,14 May 2018,"Upper Limit along Date to Plot, Date To",2020,,343.929245280
5/20/2018,14 May 2018,"Lower Limit along Date to Plot, Date To",2020,,45.095144964
5/27/2018,21 May 2018,Number of Complaints,2016,,
5/27/2018,21 May 2018,"Avg Complaints Per Year along Date to Plot, Date To",2016,,137.596153846
5/27/2018,21 May 2018,"Upper Limit along Date to Plot, Date To",2016,,219.471079151
5/27/2018,21 May 2018,"Lower Limit along Date to Plot, Date To",2016,,55.721228541
5/27/2018,21 May 2018,Number of Complaints,2017,,
5/27/2018,21 May 2018,"Avg Complaints Per Year along Date to Plot, Date To",2017,,184.442307692
5/27/2018,21 May 2018,"Upper Limit along Date to Plot, Date To",2017,,306.413490588
5/27/2018,21 May 2018,"Lower Limit along Date to Plot, Date To",2017,,62.471124796
5/27/2018,21 May 2018,Number of Complaints,2018,True,245
5/27/2018,21 May 2018,"Avg Complaints Per Year along Date to Plot, Date To",2018,True,218.660377358
5/27/2018,21 May 2018,"Upper Limit along Date to Plot, Date To",2018,True,358.944085849
5/27/2018,21 May 2018,"Lower Limit along Date to Plot, Date To",2018,True,78.376668868
5/27/2018,21 May 2018,Number of Complaints,2019,,
5/27/2018,21 May 2018,"Avg Complaints Per Year along Date to Plot, Date To",2019,,192.923076923
5/27/2018,21 May 2018,"Upper Limit along Date to Plot, Date To",2019,,268.993894132
5/27/2018,21 May 2018,"Lower Limit along Date to Plot, Date To",2019,,116.852259715
5/27/2018,21 May 2018,Number of Complaints,2020,,
5/27/2018,21 May 2018,"Avg Complaints Per Year along Date to Plot, Date To",2020,,194.512195122
5/27/2018,21 May 2018,"Upper Limit along Date to Plot, Date To",2020,,343.929245280
5/27/2018,21 May 2018,"Lower Limit along Date to Plot, Date To",2020,,45.095144964
6/3/2018,28 May 2018,Number of Complaints,2016,,
6/3/2018,28 May 2018,"Avg Complaints Per Year along Date to Plot, Date To",2016,,137.596153846
6/3/2018,28 May 2018,"Upper Limit along Date to Plot, Date To",2016,,219.471079151
6/3/2018,28 May 2018,"Lower Limit along Date to Plot, Date To",2016,,55.721228541
6/3/2018,28 May 2018,Number of Complaints,2017,,
6/3/2018,28 May 2018,"Avg Complaints Per Year along Date to Plot, Date To",2017,,184.442307692
6/3/2018,28 May 2018,"Upper Limit along Date to Plot, Date To",2017,,306.413490588
6/3/2018,28 May 2018,"Lower Limit along Date to Plot, Date To",2017,,62.471124796
6/3/2018,28 May 2018,Number of Complaints,2018,True,194
6/3/2018,28 May 2018,"Avg Complaints Per Year along Date to Plot, Date To",2018,True,218.660377358
6/3/2018,28 May 2018,"Upper Limit along Date to Plot, Date To",2018,True,358.944085849
6/3/2018,28 May 2018,"Lower Limit along Date to Plot, Date To",2018,True,78.376668868
6/3/2018,28 May 2018,Number of Complaints,2019,,
6/3/2018,28 May 2018,"Avg Complaints Per Year along Date to Plot, Date To",2019,,192.923076923
6/3/2018,28 May 2018,"Upper Limit along Date to Plot, Date To",2019,,268.993894132
6/3/2018,28 May 2018,"Lower Limit along Date to Plot, Date To",2019,,116.852259715
6/3/2018,28 May 2018,Number of Complaints,2020,,
6/3/2018,28 May 2018,"Avg Complaints Per Year along Date to Plot, Date To",2020,,194.512195122
6/3/2018,28 May 2018,"Upper Limit along Date to Plot, Date To",2020,,343.929245280
6/3/2018,28 May 2018,"Lower Limit along Date to Plot, Date To",2020,,45.095144964
6/10/2018,04 June 2018,Number of Complaints,2016,,
6/10/2018,04 June 2018,"Avg Complaints Per Year along Date to Plot, Date To",2016,,137.596153846
6/10/2018,04 June 2018,"Upper Limit along Date to Plot, Date To",2016,,219.471079151
6/10/2018,04 June 2018,"Lower Limit along Date to Plot, Date To",2016,,55.721228541
6/10/2018,04 June 2018,Number of Complaints,2017,,
6/10/2018,04 June 2018,"Avg Complaints Per Year along Date to Plot, Date To",2017,,184.442307692
6/10/2018,04 June 2018,"Upper Limit along Date to Plot, Date To",2017,,306.413490588
6/10/2018,04 June 2018,"Lower Limit along Date to Plot, Date To",2017,,62.471124796
6/10/2018,04 June 2018,Number of Complaints,2018,True,240
6/10/2018,04 June 2018,"Avg Complaints Per Year along Date to Plot, Date To",2018,True,218.660377358
6/10/2018,04 June 2018,"Upper Limit along Date to Plot, Date To",2018,True,358.944085849
6/10/2018,04 June 2018,"Lower Limit along Date to Plot, Date To",2018,True,78.376668868
6/10/2018,04 June 2018,Number of Complaints,2019,,
6/10/2018,04 June 2018,"Avg Complaints Per Year along Date to Plot, Date To",2019,,192.923076923
6/10/2018,04 June 2018,"Upper Limit along Date to Plot, Date To",2019,,268.993894132
6/10/2018,04 June 2018,"Lower Limit along Date to Plot, Date To",2019,,116.852259715
6/10/2018,04 June 2018,Number of Complaints,2020,,
6/10/2018,04 June 2018,"Avg Complaints Per Year along Date to Plot, Date To",2020,,194.512195122
6/10/2018,04 June 2018,"Upper Limit along Date to Plot, Date To",2020,,343.929245280
6/10/2018,04 June 2018,"Lower Limit along Date to Plot, Date To",2020,,45.095144964
6/17/2018,11 June 2018,Number of Complaints,2016,,
6/17/2018,11 June 2018,"Avg Complaints Per Year along Date to Plot, Date To",2016,,137.596153846
6/17/2018,11 June 2018,"Upper Limit along Date to Plot, Date To",2016,,219.471079151
6/17/2018,11 June 2018,"Lower Limit along Date to Plot, Date To",2016,,55.721228541
6/17/2018,11 June 2018,Number of Complaints,2017,,
6/17/2018,11 June 2018,"Avg Complaints Per Year along Date to Plot, Date To",2017,,184.442307692
6/17/2018,11 June 2018,"Upper Limit along Date to Plot, Date To",2017,,306.413490588
6/17/2018,11 June 2018,"Lower Limit along Date to Plot, Date To",2017,,62.471124796
6/17/2018,11 June 2018,Number of Complaints,2018,True,206
6/17/2018,11 June 2018,"Avg Complaints Per Year along Date to Plot, Date To",2018,True,218.660377358
6/17/2018,11 June 2018,"Upper Limit along Date to Plot, Date To",2018,True,358.944085849
6/17/2018,11 June 2018,"Lower Limit along Date to Plot, Date To",2018,True,78.376668868
6/17/2018,11 June 2018,Number of Complaints,2019,,
6/17/2018,11 June 2018,"Avg Complaints Per Year along Date to Plot, Date To",2019,,192.923076923
6/17/2018,11 June 2018,"Upper Limit along Date to Plot, Date To",2019,,268.993894132
6/17/2018,11 June 2018,"Lower Limit along Date to Plot, Date To",2019,,116.852259715
6/17/2018,11 June 2018,Number of Complaints,2020,,
6/17/2018,11 June 2018,"Avg Complaints Per Year along Date to Plot, Date To",2020,,194.512195122
6/17/2018,11 June 2018,"Upper Limit along Date to Plot, Date To",2020,,343.929245280
6/17/2018,11 June 2018,"Lower Limit along Date to Plot, Date To",2020,,45.095144964
6/24/2018,18 June 2018,Number of Complaints,2016,,
6/24/2018,18 June 2018,"Avg Complaints Per Year along Date to Plot, Date To",2016,,137.596153846
6/24/2018,18 June 2018,"Upper Limit along Date to Plot, Date To",2016,,219.471079151
6/24/2018,18 June 2018,"Lower Limit along Date to Plot, Date To",2016,,55.721228541
6/24/2018,18 June 2018,Number of Complaints,2017,,
6/24/2018,18 June 2018,"Avg Complaints Per Year along Date to Plot, Date To",2017,,184.442307692
6/24/2018,18 June 2018,"Upper Limit along Date to Plot, Date To",2017,,306.413490588
6/24/2018,18 June 2018,"Lower Limit along Date to Plot, Date To",2017,,62.471124796
6/24/2018,18 June 2018,Number of Complaints,2018,True,174
6/24/2018,18 June 2018,"Avg Complaints Per Year along Date to Plot, Date To",2018,True,218.660377358
6/24/2018,18 June 2018,"Upper Limit along Date to Plot, Date To",2018,True,358.944085849
6/24/2018,18 June 2018,"Lower Limit along Date to Plot, Date To",2018,True,78.376668868
6/24/2018,18 June 2018,Number of Complaints,2019,,
6/24/2018,18 June 2018,"Avg Complaints Per Year along Date to Plot, Date To",2019,,192.923076923
6/24/2018,18 June 2018,"Upper Limit along Date to Plot, Date To",2019,,268.993894132
6/24/2018,18 June 2018,"Lower Limit along Date to Plot, Date To",2019,,116.852259715
6/24/2018,18 June 2018,Number of Complaints,2020,,
6/24/2018,18 June 2018,"Avg Complaints Per Year along Date to Plot, Date To",2020,,194.512195122
6/24/2018,18 June 2018,"Upper Limit along Date to Plot, Date To",2020,,343.929245280
6/24/2018,18 June 2018,"Lower Limit along Date to Plot, Date To",2020,,45.095144964
7/1/2018,25 June 2018,Number of Complaints,2016,,
7/1/2018,25 June 2018,"Avg Complaints Per Year along Date to Plot, Date To",2016,,137.596153846
7/1/2018,25 June 2018,"Upper Limit along Date to Plot, Date To",2016,,219.471079151
7/1/2018,25 June 2018,"Lower Limit along Date to Plot, Date To",2016,,55.721228541
7/1/2018,25 June 2018,Number of Complaints,2017,,
7/1/2018,25 June 2018,"Avg Complaints Per Year along Date to Plot, Date To",2017,,184.442307692
7/1/2018,25 June 2018,"Upper Limit along Date to Plot, Date To",2017,,306.413490588
7/1/2018,25 June 2018,"Lower Limit along Date to Plot, Date To",2017,,62.471124796
7/1/2018,25 June 2018,Number of Complaints,2018,True,213
7/1/2018,25 June 2018,"Avg Complaints Per Year along Date to Plot, Date To",2018,True,218.660377358
7/1/2018,25 June 2018,"Upper Limit along Date to Plot, Date To",2018,True,358.944085849
7/1/2018,25 June 2018,"Lower Limit along Date to Plot, Date To",2018,True,78.376668868
7/1/2018,25 June 2018,Number of Complaints,2019,,
7/1/2018,25 June 2018,"Avg Complaints Per Year along Date to Plot, Date To",2019,,192.923076923
7/1/2018,25 June 2018,"Upper Limit along Date to Plot, Date To",2019,,268.993894132
7/1/2018,25 June 2018,"Lower Limit along Date to Plot, Date To",2019,,116.852259715
7/1/2018,25 June 2018,Number of Complaints,2020,,
7/1/2018,25 June 2018,"Avg Complaints Per Year along Date to Plot, Date To",2020,,194.512195122
7/1/2018,25 June 2018,"Upper Limit along Date to Plot, Date To",2020,,343.929245280
7/1/2018,25 June 2018,"Lower Limit along Date to Plot, Date To",2020,,45.095144964
7/8/2018,02 July 2018,Number of Complaints,2016,,
7/8/2018,02 July 2018,"Avg Complaints Per Year along Date to Plot, Date To",2016,,137.596153846
7/8/2018,02 July 2018,"Upper Limit along Date to Plot, Date To",2016,,219.471079151
7/8/2018,02 July 2018,"Lower Limit along Date to Plot, Date To",2016,,55.721228541
7/8/2018,02 July 2018,Number of Complaints,2017,,
7/8/2018,02 July 2018,"Avg Complaints Per Year along Date to Plot, Date To",2017,,184.442307692
7/8/2018,02 July 2018,"Upper Limit along Date to Plot, Date To",2017,,306.413490588
7/8/2018,02 July 2018,"Lower Limit along Date to Plot, Date To",2017,,62.471124796
7/8/2018,02 July 2018,Number of Complaints,2018,True,201
7/8/2018,02 July 2018,"Avg Complaints Per Year along Date to Plot, Date To",2018,True,218.660377358
7/8/2018,02 July 2018,"Upper Limit along Date to Plot, Date To",2018,True,358.944085849
7/8/2018,02 July 2018,"Lower Limit along Date to Plot, Date To",2018,True,78.376668868
7/8/2018,02 July 2018,Number of Complaints,2019,,
7/8/2018,02 July 2018,"Avg Complaints Per Year along Date to Plot, Date To",2019,,192.923076923
7/8/2018,02 July 2018,"Upper Limit along Date to Plot, Date To",2019,,268.993894132
7/8/2018,02 July 2018,"Lower Limit along Date to Plot, Date To",2019,,116.852259715
7/8/2018,02 July 2018,Number of Complaints,2020,,
7/8/2018,02 July 2018,"Avg Complaints Per Year along Date to Plot, Date To",2020,,194.512195122
7/8/2018,02 July 2018,"Upper Limit along Date to Plot, Date To",2020,,343.929245280
7/8/2018,02 July 2018,"Lower Limit along Date to Plot, Date To",2020,,45.095144964
7/15/2018,09 July 2018,Number of Complaints,2016,,
7/15/2018,09 July 2018,"Avg Complaints Per Year along Date to Plot, Date To",2016,,137.596153846
7/15/2018,09 July 2018,"Upper Limit along Date to Plot, Date To",2016,,219.471079151
7/15/2018,09 July 2018,"Lower Limit along Date to Plot, Date To",2016,,55.721228541
7/15/2018,09 July 2018,Number of Complaints,2017,,
7/15/2018,09 July 2018,"Avg Complaints Per Year along Date to Plot, Date To",2017,,184.442307692
7/15/2018,09 July 2018,"Upper Limit along Date to Plot, Date To",2017,,306.413490588
7/15/2018,09 July 2018,"Lower Limit along Date to Plot, Date To",2017,,62.471124796
7/15/2018,09 July 2018,Number of Complaints,2018,True,209
7/15/2018,09 July 2018,"Avg Complaints Per Year along Date to Plot, Date To",2018,True,218.660377358
7/15/2018,09 July 2018,"Upper Limit along Date to Plot, Date To",2018,True,358.944085849
7/15/2018,09 July 2018,"Lower Limit along Date to Plot, Date To",2018,True,78.376668868
7/15/2018,09 July 2018,Number of Complaints,2019,,
7/15/2018,09 July 2018,"Avg Complaints Per Year along Date to Plot, Date To",2019,,192.923076923
7/15/2018,09 July 2018,"Upper Limit along Date to Plot, Date To",2019,,268.993894132
7/15/2018,09 July 2018,"Lower Limit along Date to Plot, Date To",2019,,116.852259715
7/15/2018,09 July 2018,Number of Complaints,2020,,
7/15/2018,09 July 2018,"Avg Complaints Per Year along Date to Plot, Date To",2020,,194.512195122
7/15/2018,09 July 2018,"Upper Limit along Date to Plot, Date To",2020,,343.929245280
7/15/2018,09 July 2018,"Lower Limit along Date to Plot, Date To",2020,,45.095144964
7/22/2018,16 July 2018,Number of Complaints,2016,,
7/22/2018,16 July 2018,"Avg Complaints Per Year along Date to Plot, Date To",2016,,137.596153846
7/22/2018,16 July 2018,"Upper Limit along Date to Plot, Date To",2016,,219.471079151
7/22/2018,16 July 2018,"Lower Limit along Date to Plot, Date To",2016,,55.721228541
7/22/2018,16 July 2018,Number of Complaints,2017,,
7/22/2018,16 July 2018,"Avg Complaints Per Year along Date to Plot, Date To",2017,,184.442307692
7/22/2018,16 July 2018,"Upper Limit along Date to Plot, Date To",2017,,306.413490588
7/22/2018,16 July 2018,"Lower Limit along Date to Plot, Date To",2017,,62.471124796
7/22/2018,16 July 2018,Number of Complaints,2018,True,228
7/22/2018,16 July 2018,"Avg Complaints Per Year along Date to Plot, Date To",2018,True,218.660377358
7/22/2018,16 July 2018,"Upper Limit along Date to Plot, Date To",2018,True,358.944085849
7/22/2018,16 July 2018,"Lower Limit along Date to Plot, Date To",2018,True,78.376668868
7/22/2018,16 July 2018,Number of Complaints,2019,,
7/22/2018,16 July 2018,"Avg Complaints Per Year along Date to Plot, Date To",2019,,192.923076923
7/22/2018,16 July 2018,"Upper Limit along Date to Plot, Date To",2019,,268.993894132
7/22/2018,16 July 2018,"Lower Limit along Date to Plot, Date To",2019,,116.852259715
7/22/2018,16 July 2018,Number of Complaints,2020,,
7/22/2018,16 July 2018,"Avg Complaints Per Year along Date to Plot, Date To",2020,,194.512195122
7/22/2018,16 July 2018,"Upper Limit along Date to Plot, Date To",2020,,343.929245280
7/22/2018,16 July 2018,"Lower Limit along Date to Plot, Date To",2020,,45.095144964
7/29/2018,23 July 2018,Number of Complaints,2016,,
7/29/2018,23 July 2018,"Avg Complaints Per Year along Date to Plot, Date To",2016,,137.596153846
7/29/2018,23 July 2018,"Upper Limit along Date to Plot, Date To",2016,,219.471079151
7/29/2018,23 July 2018,"Lower Limit along Date to Plot, Date To",2016,,55.721228541
7/29/2018,23 July 2018,Number of Complaints,2017,,
7/29/2018,23 July 2018,"Avg Complaints Per Year along Date to Plot, Date To",2017,,184.442307692
7/29/2018,23 July 2018,"Upper Limit along Date to Plot, Date To",2017,,306.413490588
7/29/2018,23 July 2018,"Lower Limit along Date to Plot, Date To",2017,,62.471124796
7/29/2018,23 July 2018,Number of Complaints,2018,True,239
7/29/2018,23 July 2018,"Avg Complaints Per Year along Date to Plot, Date To",2018,True,218.660377358
7/29/2018,23 July 2018,"Upper Limit along Date to Plot, Date To",2018,True,358.944085849
7/29/2018,23 July 2018,"Lower Limit along Date to Plot, Date To",2018,True,78.376668868
7/29/2018,23 July 2018,Number of Complaints,2019,,
7/29/2018,23 July 2018,"Avg Complaints Per Year along Date to Plot, Date To",2019,,192.923076923
7/29/2018,23 July 2018,"Upper Limit along Date to Plot, Date To",2019,,268.993894132
7/29/2018,23 July 2018,"Lower Limit along Date to Plot, Date To",2019,,116.852259715
7/29/2018,23 July 2018,Number of Complaints,2020,,
7/29/2018,23 July 2018,"Avg Complaints Per Year along Date to Plot, Date To",2020,,194.512195122
7/29/2018,23 July 2018,"Upper Limit along Date to Plot, Date To",2020,,343.929245280
7/29/2018,23 July 2018,"Lower Limit along Date to Plot, Date To",2020,,45.095144964
8/5/2018,30 July 2018,Number of Complaints,2016,,
8/5/2018,30 July 2018,"Avg Complaints Per Year along Date to Plot, Date To",2016,,137.596153846
8/5/2018,30 July 2018,"Upper Limit along Date to Plot, Date To",2016,,219.471079151
8/5/2018,30 July 2018,"Lower Limit along Date to Plot, Date To",2016,,55.721228541
8/5/2018,30 July 2018,Number of Complaints,2017,,
8/5/2018,30 July 2018,"Avg Complaints Per Year along Date to Plot, Date To",2017,,184.442307692
8/5/2018,30 July 2018,"Upper Limit along Date to Plot, Date To",2017,,306.413490588
8/5/2018,30 July 2018,"Lower Limit along Date to Plot, Date To",2017,,62.471124796
8/5/2018,30 July 2018,Number of Complaints,2018,True,238
8/5/2018,30 July 2018,"Avg Complaints Per Year along Date to Plot, Date To",2018,True,218.660377358
8/5/2018,30 July 2018,"Upper Limit along Date to Plot, Date To",2018,True,358.944085849
8/5/2018,30 July 2018,"Lower Limit along Date to Plot, Date To",2018,True,78.376668868
8/5/2018,30 July 2018,Number of Complaints,2019,,
8/5/2018,30 July 2018,"Avg Complaints Per Year along Date to Plot, Date To",2019,,192.923076923
8/5/2018,30 July 2018,"Upper Limit along Date to Plot, Date To",2019,,268.993894132
8/5/2018,30 July 2018,"Lower Limit along Date to Plot, Date To",2019,,116.852259715
8/5/2018,30 July 2018,Number of Complaints,2020,,
8/5/2018,30 July 2018,"Avg Complaints Per Year along Date to Plot, Date To",2020,,194.512195122
8/5/2018,30 July 2018,"Upper Limit along Date to Plot, Date To",2020,,343.929245280
8/5/2018,30 July 2018,"Lower Limit along Date to Plot, Date To",2020,,45.095144964
8/12/2018,06 August 2018,Number of Complaints,2016,,
8/12/2018,06 August 2018,"Avg Complaints Per Year along Date to Plot, Date To",2016,,137.596153846
8/12/2018,06 August 2018,"Upper Limit along Date to Plot, Date To",2016,,219.471079151
8/12/2018,06 August 2018,"Lower Limit along Date to Plot, Date To",2016,,55.721228541
8/12/2018,06 August 2018,Number of Complaints,2017,,
8/12/2018,06 August 2018,"Avg Complaints Per Year along Date to Plot, Date To",2017,,184.442307692
8/12/2018,06 August 2018,"Upper Limit along Date to Plot, Date To",2017,,306.413490588
8/12/2018,06 August 2018,"Lower Limit along Date to Plot, Date To",2017,,62.471124796
8/12/2018,06 August 2018,Number of Complaints,2018,True,223
8/12/2018,06 August 2018,"Avg Complaints Per Year along Date to Plot, Date To",2018,True,218.660377358
8/12/2018,06 August 2018,"Upper Limit along Date to Plot, Date To",2018,True,358.944085849
8/12/2018,06 August 2018,"Lower Limit along Date to Plot, Date To",2018,True,78.376668868
8/12/2018,06 August 2018,Number of Complaints,2019,,
8/12/2018,06 August 2018,"Avg Complaints Per Year along Date to Plot, Date To",2019,,192.923076923
8/12/2018,06 August 2018,"Upper Limit along Date to Plot, Date To",2019,,268.993894132
8/12/2018,06 August 2018,"Lower Limit along Date to Plot, Date To",2019,,116.852259715
8/12/2018,06 August 2018,Number of Complaints,2020,,
8/12/2018,06 August 2018,"Avg Complaints Per Year along Date to Plot, Date To",2020,,194.512195122
8/12/2018,06 August 2018,"Upper Limit along Date to Plot, Date To",2020,,343.929245280
8/12/2018,06 August 2018,"Lower Limit along Date to Plot, Date To",2020,,45.095144964
8/19/2018,13 August 2018,Number of Complaints,2016,,
8/19/2018,13 August 2018,"Avg Complaints Per Year along Date to Plot, Date To",2016,,137.596153846
8/19/2018,13 August 2018,"Upper Limit along Date to Plot, Date To",2016,,219.471079151
8/19/2018,13 August 2018,"Lower Limit along Date to Plot, Date To",2016,,55.721228541
8/19/2018,13 August 2018,Number of Complaints,2017,,
8/19/2018,13 August 2018,"Avg Complaints Per Year along Date to Plot, Date To",2017,,184.442307692
8/19/2018,13 August 2018,"Upper Limit along Date to Plot, Date To",2017,,306.413490588
8/19/2018,13 August 2018,"Lower Limit along Date to Plot, Date To",2017,,62.471124796
8/19/2018,13 August 2018,Number of Complaints,2018,True,201
8/19/2018,13 August 2018,"Avg Complaints Per Year along Date to Plot, Date To",2018,True,218.660377358
8/19/2018,13 August 2018,"Upper Limit along Date to Plot, Date To",2018,True,358.944085849
8/19/2018,13 August 2018,"Lower Limit along Date to Plot, Date To",2018,True,78.376668868
8/19/2018,13 August 2018,Number of Complaints,2019,,
8/19/2018,13 August 2018,"Avg Complaints Per Year along Date to Plot, Date To",2019,,192.923076923
8/19/2018,13 August 2018,"Upper Limit along Date to Plot, Date To",2019,,268.993894132
8/19/2018,13 August 2018,"Lower Limit along Date to Plot, Date To",2019,,116.852259715
8/19/2018,13 August 2018,Number of Complaints,2020,,
8/19/2018,13 August 2018,"Avg Complaints Per Year along Date to Plot, Date To",2020,,194.512195122
8/19/2018,13 August 2018,"Upper Limit along Date to Plot, Date To",2020,,343.929245280
8/19/2018,13 August 2018,"Lower Limit along Date to Plot, Date To",2020,,45.095144964
8/26/2018,20 August 2018,Number of Complaints,2016,,
8/26/2018,20 August 2018,"Avg Complaints Per Year along Date to Plot, Date To",2016,,137.596153846
8/26/2018,20 August 2018,"Upper Limit along Date to Plot, Date To",2016,,219.471079151
8/26/2018,20 August 2018,"Lower Limit along Date to Plot, Date To",2016,,55.721228541
8/26/2018,20 August 2018,Number of Complaints,2017,,
8/26/2018,20 August 2018,"Avg Complaints Per Year along Date to Plot, Date To",2017,,184.442307692
8/26/2018,20 August 2018,"Upper Limit along Date to Plot, Date To",2017,,306.413490588
8/26/2018,20 August 2018,"Lower Limit along Date to Plot, Date To",2017,,62.471124796
8/26/2018,20 August 2018,Number of Complaints,2018,True,217
8/26/2018,20 August 2018,"Avg Complaints Per Year along Date to Plot, Date To",2018,True,218.660377358
8/26/2018,20 August 2018,"Upper Limit along Date to Plot, Date To",2018,True,358.944085849
8/26/2018,20 August 2018,"Lower Limit along Date to Plot, Date To",2018,True,78.376668868
8/26/2018,20 August 2018,Number of Complaints,2019,,
8/26/2018,20 August 2018,"Avg Complaints Per Year along Date to Plot, Date To",2019,,192.923076923
8/26/2018,20 August 2018,"Upper Limit along Date to Plot, Date To",2019,,268.993894132
8/26/2018,20 August 2018,"Lower Limit along Date to Plot, Date To",2019,,116.852259715
8/26/2018,20 August 2018,Number of Complaints,2020,,
8/26/2018,20 August 2018,"Avg Complaints Per Year along Date to Plot, Date To",2020,,194.512195122
8/26/2018,20 August 2018,"Upper Limit along Date to Plot, Date To",2020,,343.929245280
8/26/2018,20 August 2018,"Lower Limit along Date to Plot, Date To",2020,,45.095144964
9/2/2018,27 August 2018,Number of Complaints,2016,,
9/2/2018,27 August 2018,"Avg Complaints Per Year along Date to Plot, Date To",2016,,137.596153846
9/2/2018,27 August 2018,"Upper Limit along Date to Plot, Date To",2016,,219.471079151
9/2/2018,27 August 2018,"Lower Limit along Date to Plot, Date To",2016,,55.721228541
9/2/2018,27 August 2018,Number of Complaints,2017,,
9/2/2018,27 August 2018,"Avg Complaints Per Year along Date to Plot, Date To",2017,,184.442307692
9/2/2018,27 August 2018,"Upper Limit along Date to Plot, Date To",2017,,306.413490588
9/2/2018,27 August 2018,"Lower Limit along Date to Plot, Date To",2017,,62.471124796
9/2/2018,27 August 2018,Number of Complaints,2018,True,217
9/2/2018,27 August 2018,"Avg Complaints Per Year along Date to Plot, Date To",2018,True,218.660377358
9/2/2018,27 August 2018,"Upper Limit along Date to Plot, Date To",2018,True,358.944085849
9/2/2018,27 August 2018,"Lower Limit along Date to Plot, Date To",2018,True,78.376668868
9/2/2018,27 August 2018,Number of Complaints,2019,,
9/2/2018,27 August 2018,"Avg Complaints Per Year along Date to Plot, Date To",2019,,192.923076923
9/2/2018,27 August 2018,"Upper Limit along Date to Plot, Date To",2019,,268.993894132
9/2/2018,27 August 2018,"Lower Limit along Date to Plot, Date To",2019,,116.852259715
9/2/2018,27 August 2018,Number of Complaints,2020,,
9/2/2018,27 August 2018,"Avg Complaints Per Year along Date to Plot, Date To",2020,,194.512195122
9/2/2018,27 August 2018,"Upper Limit along Date to Plot, Date To",2020,,343.929245280
9/2/2018,27 August 2018,"Lower Limit along Date to Plot, Date To",2020,,45.095144964
9/9/2018,03 September 2018,Number of Complaints,2016,,
9/9/2018,03 September 2018,"Avg Complaints Per Year along Date to Plot, Date To",2016,,137.596153846
9/9/2018,03 September 2018,"Upper Limit along Date to Plot, Date To",2016,,219.471079151
9/9/2018,03 September 2018,"Lower Limit along Date to Plot, Date To",2016,,55.721228541
9/9/2018,03 September 2018,Number of Complaints,2017,,
9/9/2018,03 September 2018,"Avg Complaints Per Year along Date to Plot, Date To",2017,,184.442307692
9/9/2018,03 September 2018,"Upper Limit along Date to Plot, Date To",2017,,306.413490588
9/9/2018,03 September 2018,"Lower Limit along Date to Plot, Date To",2017,,62.471124796
9/9/2018,03 September 2018,Number of Complaints,2018,True,243
9/9/2018,03 September 2018,"Avg Complaints Per Year along Date to Plot, Date To",2018,True,218.660377358
9/9/2018,03 September 2018,"Upper Limit along Date to Plot, Date To",2018,True,358.944085849
9/9/2018,03 September 2018,"Lower Limit along Date to Plot, Date To",2018,True,78.376668868
9/9/2018,03 September 2018,Number of Complaints,2019,,
9/9/2018,03 September 2018,"Avg Complaints Per Year along Date to Plot, Date To",2019,,192.923076923
9/9/2018,03 September 2018,"Upper Limit along Date to Plot, Date To",2019,,268.993894132
9/9/2018,03 September 2018,"Lower Limit along Date to Plot, Date To",2019,,116.852259715
9/9/2018,03 September 2018,Number of Complaints,2020,,
9/9/2018,03 September 2018,"Avg Complaints Per Year along Date to Plot, Date To",2020,,194.512195122
9/9/2018,03 September 2018,"Upper Limit along Date to Plot, Date To",2020,,343.929245280
9/9/2018,03 September 2018,"Lower Limit along Date to Plot, Date To",2020,,45.095144964
9/16/2018,10 September 2018,Number of Complaints,2016,,
9/16/2018,10 September 2018,"Avg Complaints Per Year along Date to Plot, Date To",2016,,137.596153846
9/16/2018,10 September 2018,"Upper Limit along Date to Plot, Date To",2016,,219.471079151
9/16/2018,10 September 2018,"Lower Limit along Date to Plot, Date To",2016,,55.721228541
9/16/2018,10 September 2018,Number of Complaints,2017,,
9/16/2018,10 September 2018,"Avg Complaints Per Year along Date to Plot, Date To",2017,,184.442307692
9/16/2018,10 September 2018,"Upper Limit along Date to Plot, Date To",2017,,306.413490588
9/16/2018,10 September 2018,"Lower Limit along Date to Plot, Date To",2017,,62.471124796
9/16/2018,10 September 2018,Number of Complaints,2018,True,211
9/16/2018,10 September 2018,"Avg Complaints Per Year along Date to Plot, Date To",2018,True,218.660377358
9/16/2018,10 September 2018,"Upper Limit along Date to Plot, Date To",2018,True,358.944085849
9/16/2018,10 September 2018,"Lower Limit along Date to Plot, Date To",2018,True,78.376668868
9/16/2018,10 September 2018,Number of Complaints,2019,,
9/16/2018,10 September 2018,"Avg Complaints Per Year along Date to Plot, Date To",2019,,192.923076923
9/16/2018,10 September 2018,"Upper Limit along Date to Plot, Date To",2019,,268.993894132
9/16/2018,10 September 2018,"Lower Limit along Date to Plot, Date To",2019,,116.852259715
9/16/2018,10 September 2018,Number of Complaints,2020,,
9/16/2018,10 September 2018,"Avg Complaints Per Year along Date to Plot, Date To",2020,,194.512195122
9/16/2018,10 September 2018,"Upper Limit along Date to Plot, Date To",2020,,343.929245280
9/16/2018,10 September 2018,"Lower Limit along Date to Plot, Date To",2020,,45.095144964
9/23/2018,17 September 2018,Number of Complaints,2016,,
9/23/2018,17 September 2018,"Avg Complaints Per Year along Date to Plot, Date To",2016,,137.596153846
9/23/2018,17 September 2018,"Upper Limit along Date to Plot, Date To",2016,,219.471079151
9/23/2018,17 September 2018,"Lower Limit along Date to Plot, Date To",2016,,55.721228541
9/23/2018,17 September 2018,Number of Complaints,2017,,
9/23/2018,17 September 2018,"Avg Complaints Per Year along Date to Plot, Date To",2017,,184.442307692
9/23/2018,17 September 2018,"Upper Limit along Date to Plot, Date To",2017,,306.413490588
9/23/2018,17 September 2018,"Lower Limit along Date to Plot, Date To",2017,,62.471124796
9/23/2018,17 September 2018,Number of Complaints,2018,True,222
9/23/2018,17 September 2018,"Avg Complaints Per Year along Date to Plot, Date To",2018,True,218.660377358
9/23/2018,17 September 2018,"Upper Limit along Date to Plot, Date To",2018,True,358.944085849
9/23/2018,17 September 2018,"Lower Limit along Date to Plot, Date To",2018,True,78.376668868
9/23/2018,17 September 2018,Number of Complaints,2019,,
9/23/2018,17 September 2018,"Avg Complaints Per Year along Date to Plot, Date To",2019,,192.923076923
9/23/2018,17 September 2018,"Upper Limit along Date to Plot, Date To",2019,,268.993894132
9/23/2018,17 September 2018,"Lower Limit along Date to Plot, Date To",2019,,116.852259715
9/23/2018,17 September 2018,Number of Complaints,2020,,
9/23/2018,17 September 2018,"Avg Complaints Per Year along Date to Plot, Date To",2020,,194.512195122
9/23/2018,17 September 2018,"Upper Limit along Date to Plot, Date To",2020,,343.929245280
9/23/2018,17 September 2018,"Lower Limit along Date to Plot, Date To",2020,,45.095144964
9/30/2018,24 September 2018,Number of Complaints,2016,,
9/30/2018,24 September 2018,"Avg Complaints Per Year along Date to Plot, Date To",2016,,137.596153846
9/30/2018,24 September 2018,"Upper Limit along Date to Plot, Date To",2016,,219.471079151
9/30/2018,24 September 2018,"Lower Limit along Date to Plot, Date To",2016,,55.721228541
9/30/2018,24 September 2018,Number of Complaints,2017,,
9/30/2018,24 September 2018,"Avg Complaints Per Year along Date to Plot, Date To",2017,,184.442307692
9/30/2018,24 September 2018,"Upper Limit along Date to Plot, Date To",2017,,306.413490588
9/30/2018,24 September 2018,"Lower Limit along Date to Plot, Date To",2017,,62.471124796
9/30/2018,24 September 2018,Number of Complaints,2018,True,196
9/30/2018,24 September 2018,"Avg Complaints Per Year along Date to Plot, Date To",2018,True,218.660377358
9/30/2018,24 September 2018,"Upper Limit along Date to Plot, Date To",2018,True,358.944085849
9/30/2018,24 September 2018,"Lower Limit along Date to Plot, Date To",2018,True,78.376668868
9/30/2018,24 September 2018,Number of Complaints,2019,,
9/30/2018,24 September 2018,"Avg Complaints Per Year along Date to Plot, Date To",2019,,192.923076923
9/30/2018,24 September 2018,"Upper Limit along Date to Plot, Date To",2019,,268.993894132
9/30/2018,24 September 2018,"Lower Limit along Date to Plot, Date To",2019,,116.852259715
9/30/2018,24 September 2018,Number of Complaints,2020,,
9/30/2018,24 September 2018,"Avg Complaints Per Year along Date to Plot, Date To",2020,,194.512195122
9/30/2018,24 September 2018,"Upper Limit along Date to Plot, Date To",2020,,343.929245280
9/30/2018,24 September 2018,"Lower Limit along Date to Plot, Date To",2020,,45.095144964
10/7/2018,01 October 2018,Number of Complaints,2016,,
10/7/2018,01 October 2018,"Avg Complaints Per Year along Date to Plot, Date To",2016,,137.596153846
10/7/2018,01 October 2018,"Upper Limit along Date to Plot, Date To",2016,,219.471079151
10/7/2018,01 October 2018,"Lower Limit along Date to Plot, Date To",2016,,55.721228541
10/7/2018,01 October 2018,Number of Complaints,2017,,
10/7/2018,01 October 2018,"Avg Complaints Per Year along Date to Plot, Date To",2017,,184.442307692
10/7/2018,01 October 2018,"Upper Limit along Date to Plot, Date To",2017,,306.413490588
10/7/2018,01 October 2018,"Lower Limit along Date to Plot, Date To",2017,,62.471124796
10/7/2018,01 October 2018,Number of Complaints,2018,True,187
10/7/2018,01 October 2018,"Avg Complaints Per Year along Date to Plot, Date To",2018,True,218.660377358
10/7/2018,01 October 2018,"Upper Limit along Date to Plot, Date To",2018,True,358.944085849
10/7/2018,01 October 2018,"Lower Limit along Date to Plot, Date To",2018,True,78.376668868
10/7/2018,01 October 2018,Number of Complaints,2019,,
10/7/2018,01 October 2018,"Avg Complaints Per Year along Date to Plot, Date To",2019,,192.923076923
10/7/2018,01 October 2018,"Upper Limit along Date to Plot, Date To",2019,,268.993894132
10/7/2018,01 October 2018,"Lower Limit along Date to Plot, Date To",2019,,116.852259715
10/7/2018,01 October 2018,Number of Complaints,2020,,
10/7/2018,01 October 2018,"Avg Complaints Per Year along Date to Plot, Date To",2020,,194.512195122
10/7/2018,01 October 2018,"Upper Limit along Date to Plot, Date To",2020,,343.929245280
10/7/2018,01 October 2018,"Lower Limit along Date to Plot, Date To",2020,,45.095144964
10/14/2018,08 October 2018,Number of Complaints,2016,,
10/14/2018,08 October 2018,"Avg Complaints Per Year along Date to Plot, Date To",2016,,137.596153846
10/14/2018,08 October 2018,"Upper Limit along Date to Plot, Date To",2016,,219.471079151
10/14/2018,08 October 2018,"Lower Limit along Date to Plot, Date To",2016,,55.721228541
10/14/2018,08 October 2018,Number of Complaints,2017,,
10/14/2018,08 October 2018,"Avg Complaints Per Year along Date to Plot, Date To",2017,,184.442307692
10/14/2018,08 October 2018,"Upper Limit along Date to Plot, Date To",2017,,306.413490588
10/14/2018,08 October 2018,"Lower Limit along Date to Plot, Date To",2017,,62.471124796
10/14/2018,08 October 2018,Number of Complaints,2018,True,183
10/14/2018,08 October 2018,"Avg Complaints Per Year along Date to Plot, Date To",2018,True,218.660377358
10/14/2018,08 October 2018,"Upper Limit along Date to Plot, Date To",2018,True,358.944085849
10/14/2018,08 October 2018,"Lower Limit along Date to Plot, Date To",2018,True,78.376668868
10/14/2018,08 October 2018,Number of Complaints,2019,,
10/14/2018,08 October 2018,"Avg Complaints Per Year along Date to Plot, Date To",2019,,192.923076923
10/14/2018,08 October 2018,"Upper Limit along Date to Plot, Date To",2019,,268.993894132
10/14/2018,08 October 2018,"Lower Limit along Date to Plot, Date To",2019,,116.852259715
10/14/2018,08 October 2018,Number of Complaints,2020,,
10/14/2018,08 October 2018,"Avg Complaints Per Year along Date to Plot, Date To",2020,,194.512195122
10/14/2018,08 October 2018,"Upper Limit along Date to Plot, Date To",2020,,343.929245280
10/14/2018,08 October 2018,"Lower Limit along Date to Plot, Date To",2020,,45.095144964
10/21/2018,15 October 2018,Number of Complaints,2016,,
10/21/2018,15 October 2018,"Avg Complaints Per Year along Date to Plot, Date To",2016,,137.596153846
10/21/2018,15 October 2018,"Upper Limit along Date to Plot, Date To",2016,,219.471079151
10/21/2018,15 October 2018,"Lower Limit along Date to Plot, Date To",2016,,55.721228541
10/21/2018,15 October 2018,Number of Complaints,2017,,
10/21/2018,15 October 2018,"Avg Complaints Per Year along Date to Plot, Date To",2017,,184.442307692
10/21/2018,15 October 2018,"Upper Limit along Date to Plot, Date To",2017,,306.413490588
10/21/2018,15 October 2018,"Lower Limit along Date to Plot, Date To",2017,,62.471124796
10/21/2018,15 October 2018,Number of Complaints,2018,True,217
10/21/2018,15 October 2018,"Avg Complaints Per Year along Date to Plot, Date To",2018,True,218.660377358
10/21/2018,15 October 2018,"Upper Limit along Date to Plot, Date To",2018,True,358.944085849
10/21/2018,15 October 2018,"Lower Limit along Date to Plot, Date To",2018,True,78.376668868
10/21/2018,15 October 2018,Number of Complaints,2019,,
10/21/2018,15 October 2018,"Avg Complaints Per Year along Date to Plot, Date To",2019,,192.923076923
10/21/2018,15 October 2018,"Upper Limit along Date to Plot, Date To",2019,,268.993894132
10/21/2018,15 October 2018,"Lower Limit along Date to Plot, Date To",2019,,116.852259715
10/21/2018,15 October 2018,Number of Complaints,2020,,
10/21/2018,15 October 2018,"Avg Complaints Per Year along Date to Plot, Date To",2020,,194.512195122
10/21/2018,15 October 2018,"Upper Limit along Date to Plot, Date To",2020,,343.929245280
10/21/2018,15 October 2018,"Lower Limit along Date to Plot, Date To",2020,,45.095144964
10/28/2018,22 October 2018,Number of Complaints,2016,,
10/28/2018,22 October 2018,"Avg Complaints Per Year along Date to Plot, Date To",2016,,137.596153846
10/28/2018,22 October 2018,"Upper Limit along Date to Plot, Date To",2016,,219.471079151
10/28/2018,22 October 2018,"Lower Limit along Date to Plot, Date To",2016,,55.721228541
10/28/2018,22 October 2018,Number of Complaints,2017,,
10/28/2018,22 October 2018,"Avg Complaints Per Year along Date to Plot, Date To",2017,,184.442307692
10/28/2018,22 October 2018,"Upper Limit along Date to Plot, Date To",2017,,306.413490588
10/28/2018,22 October 2018,"Lower Limit along Date to Plot, Date To",2017,,62.471124796
10/28/2018,22 October 2018,Number of Complaints,2018,True,196
10/28/2018,22 October 2018,"Avg Complaints Per Year along Date to Plot, Date To",2018,True,218.660377358
10/28/2018,22 October 2018,"Upper Limit along Date to Plot, Date To",2018,True,358.944085849
10/28/2018,22 October 2018,"Lower Limit along Date to Plot, Date To",2018,True,78.376668868
10/28/2018,22 October 2018,Number of Complaints,2019,,
10/28/2018,22 October 2018,"Avg Complaints Per Year along Date to Plot, Date To",2019,,192.923076923
10/28/2018,22 October 2018,"Upper Limit along Date to Plot, Date To",2019,,268.993894132
10/28/2018,22 October 2018,"Lower Limit along Date to Plot, Date To",2019,,116.852259715
10/28/2018,22 October 2018,Number of Complaints,2020,,
10/28/2018,22 October 2018,"Avg Complaints Per Year along Date to Plot, Date To",2020,,194.512195122
10/28/2018,22 October 2018,"Upper Limit along Date to Plot, Date To",2020,,343.929245280
10/28/2018,22 October 2018,"Lower Limit along Date to Plot, Date To",2020,,45.095144964
11/4/2018,29 October 2018,Number of Complaints,2016,,
11/4/2018,29 October 2018,"Avg Complaints Per Year along Date to Plot, Date To",2016,,137.596153846
11/4/2018,29 October 2018,"Upper Limit along Date to Plot, Date To",2016,,219.471079151
11/4/2018,29 October 2018,"Lower Limit along Date to Plot, Date To",2016,,55.721228541
11/4/2018,29 October 2018,Number of Complaints,2017,,
11/4/2018,29 October 2018,"Avg Complaints Per Year along Date to Plot, Date To",2017,,184.442307692
11/4/2018,29 October 2018,"Upper Limit along Date to Plot, Date To",2017,,306.413490588
11/4/2018,29 October 2018,"Lower Limit along Date to Plot, Date To",2017,,62.471124796
11/4/2018,29 October 2018,Number of Complaints,2018,True,215
11/4/2018,29 October 2018,"Avg Complaints Per Year along Date to Plot, Date To",2018,True,218.660377358
11/4/2018,29 October 2018,"Upper Limit along Date to Plot, Date To",2018,True,358.944085849
11/4/2018,29 October 2018,"Lower Limit along Date to Plot, Date To",2018,True,78.376668868
11/4/2018,29 October 2018,Number of Complaints,2019,,
11/4/2018,29 October 2018,"Avg Complaints Per Year along Date to Plot, Date To",2019,,192.923076923
11/4/2018,29 October 2018,"Upper Limit along Date to Plot, Date To",2019,,268.993894132
11/4/2018,29 October 2018,"Lower Limit along Date to Plot, Date To",2019,,116.852259715
11/4/2018,29 October 2018,Number of Complaints,2020,,
11/4/2018,29 October 2018,"Avg Complaints Per Year along Date to Plot, Date To",2020,,194.512195122
11/4/2018,29 October 2018,"Upper Limit along Date to Plot, Date To",2020,,343.929245280
11/4/2018,29 October 2018,"Lower Limit along Date to Plot, Date To",2020,,45.095144964
11/11/2018,05 November 2018,Number of Complaints,2016,,
11/11/2018,05 November 2018,"Avg Complaints Per Year along Date to Plot, Date To",2016,,137.596153846
11/11/2018,05 November 2018,"Upper Limit along Date to Plot, Date To",2016,,219.471079151
11/11/2018,05 November 2018,"Lower Limit along Date to Plot, Date To",2016,,55.721228541
11/11/2018,05 November 2018,Number of Complaints,2017,,
11/11/2018,05 November 2018,"Avg Complaints Per Year along Date to Plot, Date To",2017,,184.442307692
11/11/2018,05 November 2018,"Upper Limit along Date to Plot, Date To",2017,,306.413490588
11/11/2018,05 November 2018,"Lower Limit along Date to Plot, Date To",2017,,62.471124796
11/11/2018,05 November 2018,Number of Complaints,2018,True,190
11/11/2018,05 November 2018,"Avg Complaints Per Year along Date to Plot, Date To",2018,True,218.660377358
11/11/2018,05 November 2018,"Upper Limit along Date to Plot, Date To",2018,True,358.944085849
11/11/2018,05 November 2018,"Lower Limit along Date to Plot, Date To",2018,True,78.376668868
11/11/2018,05 November 2018,Number of Complaints,2019,,
11/11/2018,05 November 2018,"Avg Complaints Per Year along Date to Plot, Date To",2019,,192.923076923
11/11/2018,05 November 2018,"Upper Limit along Date to Plot, Date To",2019,,268.993894132
11/11/2018,05 November 2018,"Lower Limit along Date to Plot, Date To",2019,,116.852259715
11/11/2018,05 November 2018,Number of Complaints,2020,,
11/11/2018,05 November 2018,"Avg Complaints Per Year along Date to Plot, Date To",2020,,194.512195122
11/11/2018,05 November 2018,"Upper Limit along Date to Plot, Date To",2020,,343.929245280
11/11/2018,05 November 2018,"Lower Limit along Date to Plot, Date To",2020,,45.095144964
11/18/2018,12 November 2018,Number of Complaints,2016,,
11/18/2018,12 November 2018,"Avg Complaints Per Year along Date to Plot, Date To",2016,,137.596153846
11/18/2018,12 November 2018,"Upper Limit along Date to Plot, Date To",2016,,219.471079151
11/18/2018,12 November 2018,"Lower Limit along Date to Plot, Date To",2016,,55.721228541
11/18/2018,12 November 2018,Number of Complaints,2017,,
11/18/2018,12 November 2018,"Avg Complaints Per Year along Date to Plot, Date To",2017,,184.442307692
11/18/2018,12 November 2018,"Upper Limit along Date to Plot, Date To",2017,,306.413490588
11/18/2018,12 November 2018,"Lower Limit along Date to Plot, Date To",2017,,62.471124796
11/18/2018,12 November 2018,Number of Complaints,2018,True,173
11/18/2018,12 November 2018,"Avg Complaints Per Year along Date to Plot, Date To",2018,True,218.660377358
11/18/2018,12 November 2018,"Upper Limit along Date to Plot, Date To",2018,True,358.944085849
11/18/2018,12 November 2018,"Lower Limit along Date to Plot, Date To",2018,True,78.376668868
11/18/2018,12 November 2018,Number of Complaints,2019,,
11/18/2018,12 November 2018,"Avg Complaints Per Year along Date to Plot, Date To",2019,,192.923076923
11/18/2018,12 November 2018,"Upper Limit along Date to Plot, Date To",2019,,268.993894132
11/18/2018,12 November 2018,"Lower Limit along Date to Plot, Date To",2019,,116.852259715
11/18/2018,12 November 2018,Number of Complaints,2020,,
11/18/2018,12 November 2018,"Avg Complaints Per Year along Date to Plot, Date To",2020,,194.512195122
11/18/2018,12 November 2018,"Upper Limit along Date to Plot, Date To",2020,,343.929245280
11/18/2018,12 November 2018,"Lower Limit along Date to Plot, Date To",2020,,45.095144964
11/25/2018,19 November 2018,Number of Complaints,2016,,
11/25/2018,19 November 2018,"Avg Complaints Per Year along Date to Plot, Date To",2016,,137.596153846
11/25/2018,19 November 2018,"Upper Limit along Date to Plot, Date To",2016,,219.471079151
11/25/2018,19 November 2018,"Lower Limit along Date to Plot, Date To",2016,,55.721228541
11/25/2018,19 November 2018,Number of Complaints,2017,,
11/25/2018,19 November 2018,"Avg Complaints Per Year along Date to Plot, Date To",2017,,184.442307692
11/25/2018,19 November 2018,"Upper Limit along Date to Plot, Date To",2017,,306.413490588
11/25/2018,19 November 2018,"Lower Limit along Date to Plot, Date To",2017,,62.471124796
11/25/2018,19 November 2018,Number of Complaints,2018,True,187
11/25/2018,19 November 2018,"Avg Complaints Per Year along Date to Plot, Date To",2018,True,218.660377358
11/25/2018,19 November 2018,"Upper Limit along Date to Plot, Date To",2018,True,358.944085849
11/25/2018,19 November 2018,"Lower Limit along Date to Plot, Date To",2018,True,78.376668868
11/25/2018,19 November 2018,Number of Complaints,2019,,
11/25/2018,19 November 2018,"Avg Complaints Per Year along Date to Plot, Date To",2019,,192.923076923
11/25/2018,19 November 2018,"Upper Limit along Date to Plot, Date To",2019,,268.993894132
11/25/2018,19 November 2018,"Lower Limit along Date to Plot, Date To",2019,,116.852259715
11/25/2018,19 November 2018,Number of Complaints,2020,,
11/25/2018,19 November 2018,"Avg Complaints Per Year along Date to Plot, Date To",2020,,194.512195122
11/25/2018,19 November 2018,"Upper Limit along Date to Plot, Date To",2020,,343.929245280
11/25/2018,19 November 2018,"Lower Limit along Date to Plot, Date To",2020,,45.095144964
12/2/2018,26 November 2018,Number of Complaints,2016,,
12/2/2018,26 November 2018,"Avg Complaints Per Year along Date to Plot, Date To",2016,,137.596153846
12/2/2018,26 November 2018,"Upper Limit along Date to Plot, Date To",2016,,219.471079151
12/2/2018,26 November 2018,"Lower Limit along Date to Plot, Date To",2016,,55.721228541
12/2/2018,26 November 2018,Number of Complaints,2017,,
12/2/2018,26 November 2018,"Avg Complaints Per Year along Date to Plot, Date To",2017,,184.442307692
12/2/2018,26 November 2018,"Upper Limit along Date to Plot, Date To",2017,,306.413490588
12/2/2018,26 November 2018,"Lower Limit along Date to Plot, Date To",2017,,62.471124796
12/2/2018,26 November 2018,Number of Complaints,2018,True,192
12/2/2018,26 November 2018,"Avg Complaints Per Year along Date to Plot, Date To",2018,True,218.660377358
12/2/2018,26 November 2018,"Upper Limit along Date to Plot, Date To",2018,True,358.944085849
12/2/2018,26 November 2018,"Lower Limit along Date to Plot, Date To",2018,True,78.376668868
12/2/2018,26 November 2018,Number of Complaints,2019,,
12/2/2018,26 November 2018,"Avg Complaints Per Year along Date to Plot, Date To",2019,,192.923076923
12/2/2018,26 November 2018,"Upper Limit along Date to Plot, Date To",2019,,268.993894132
12/2/2018,26 November 2018,"Lower Limit along Date to Plot, Date To",2019,,116.852259715
12/2/2018,26 November 2018,Number of Complaints,2020,,
12/2/2018,26 November 2018,"Avg Complaints Per Year along Date to Plot, Date To",2020,,194.512195122
12/2/2018,26 November 2018,"Upper Limit along Date to Plot, Date To",2020,,343.929245280
12/2/2018,26 November 2018,"Lower Limit along Date to Plot, Date To",2020,,45.095144964
12/9/2018,03 December 2018,Number of Complaints,2016,,
12/9/2018,03 December 2018,"Avg Complaints Per Year along Date to Plot, Date To",2016,,137.596153846
12/9/2018,03 December 2018,"Upper Limit along Date to Plot, Date To",2016,,219.471079151
12/9/2018,03 December 2018,"Lower Limit along Date to Plot, Date To",2016,,55.721228541
12/9/2018,03 December 2018,Number of Complaints,2017,,
12/9/2018,03 December 2018,"Avg Complaints Per Year along Date to Plot, Date To",2017,,184.442307692
12/9/2018,03 December 2018,"Upper Limit along Date to Plot, Date To",2017,,306.413490588
12/9/2018,03 December 2018,"Lower Limit along Date to Plot, Date To",2017,,62.471124796
12/9/2018,03 December 2018,Number of Complaints,2018,True,217
12/9/2018,03 December 2018,"Avg Complaints Per Year along Date to Plot, Date To",2018,True,218.660377358
12/9/2018,03 December 2018,"Upper Limit along Date to Plot, Date To",2018,True,358.944085849
12/9/2018,03 December 2018,"Lower Limit along Date to Plot, Date To",2018,True,78.376668868
12/9/2018,03 December 2018,Number of Complaints,2019,,
12/9/2018,03 December 2018,"Avg Complaints Per Year along Date to Plot, Date To",2019,,192.923076923
12/9/2018,03 December 2018,"Upper Limit along Date to Plot, Date To",2019,,268.993894132
12/9/2018,03 December 2018,"Lower Limit along Date to Plot, Date To",2019,,116.852259715
12/9/2018,03 December 2018,Number of Complaints,2020,,
12/9/2018,03 December 2018,"Avg Complaints Per Year along Date to Plot, Date To",2020,,194.512195122
12/9/2018,03 December 2018,"Upper Limit along Date to Plot, Date To",2020,,343.929245280
12/9/2018,03 December 2018,"Lower Limit along Date to Plot, Date To",2020,,45.095144964
12/16/2018,10 December 2018,Number of Complaints,2016,,
12/16/2018,10 December 2018,"Avg Complaints Per Year along Date to Plot, Date To",2016,,137.596153846
12/16/2018,10 December 2018,"Upper Limit along Date to Plot, Date To",2016,,219.471079151
12/16/2018,10 December 2018,"Lower Limit along Date to Plot, Date To",2016,,55.721228541
12/16/2018,10 December 2018,Number of Complaints,2017,,
12/16/2018,10 December 2018,"Avg Complaints Per Year along Date to Plot, Date To",2017,,184.442307692
12/16/2018,10 December 2018,"Upper Limit along Date to Plot, Date To",2017,,306.413490588
12/16/2018,10 December 2018,"Lower Limit along Date to Plot, Date To",2017,,62.471124796
12/16/2018,10 December 2018,Number of Complaints,2018,True,196
12/16/2018,10 December 2018,"Avg Complaints Per Year along Date to Plot, Date To",2018,True,218.660377358
12/16/2018,10 December 2018,"Upper Limit along Date to Plot, Date To",2018,True,358.944085849
12/16/2018,10 December 2018,"Lower Limit along Date to Plot, Date To",2018,True,78.376668868
12/16/2018,10 December 2018,Number of Complaints,2019,,
12/16/2018,10 December 2018,"Avg Complaints Per Year along Date to Plot, Date To",2019,,192.923076923
12/16/2018,10 December 2018,"Upper Limit along Date to Plot, Date To",2019,,268.993894132
12/16/2018,10 December 2018,"Lower Limit along Date to Plot, Date To",2019,,116.852259715
12/16/2018,10 December 2018,Number of Complaints,2020,,
12/16/2018,10 December 2018,"Avg Complaints Per Year along Date to Plot, Date To",2020,,194.512195122
12/16/2018,10 December 2018,"Upper Limit along Date to Plot, Date To",2020,,343.929245280
12/16/2018,10 December 2018,"Lower Limit along Date to Plot, Date To",2020,,45.095144964
12/23/2018,17 December 2018,Number of Complaints,2016,,
12/23/2018,17 December 2018,"Avg Complaints Per Year along Date to Plot, Date To",2016,,137.596153846
12/23/2018,17 December 2018,"Upper Limit along Date to Plot, Date To",2016,,219.471079151
12/23/2018,17 December 2018,"Lower Limit along Date to Plot, Date To",2016,,55.721228541
12/23/2018,17 December 2018,Number of Complaints,2017,,
12/23/2018,17 December 2018,"Avg Complaints Per Year along Date to Plot, Date To",2017,,184.442307692
12/23/2018,17 December 2018,"Upper Limit along Date to Plot, Date To",2017,,306.413490588
12/23/2018,17 December 2018,"Lower Limit along Date to Plot, Date To",2017,,62.471124796
12/23/2018,17 December 2018,Number of Complaints,2018,True,214
12/23/2018,17 December 2018,"Avg Complaints Per Year along Date to Plot, Date To",2018,True,218.660377358
12/23/2018,17 December 2018,"Upper Limit along Date to Plot, Date To",2018,True,358.944085849
12/23/2018,17 December 2018,"Lower Limit along Date to Plot, Date To",2018,True,78.376668868
12/23/2018,17 December 2018,Number of Complaints,2019,,
12/23/2018,17 December 2018,"Avg Complaints Per Year along Date to Plot, Date To",2019,,192.923076923
12/23/2018,17 December 2018,"Upper Limit along Date to Plot, Date To",2019,,268.993894132
12/23/2018,17 December 2018,"Lower Limit along Date to Plot, Date To",2019,,116.852259715
12/23/2018,17 December 2018,Number of Complaints,2020,,
12/23/2018,17 December 2018,"Avg Complaints Per Year along Date to Plot, Date To",2020,,194.512195122
12/23/2018,17 December 2018,"Upper Limit along Date to Plot, Date To",2020,,343.929245280
12/23/2018,17 December 2018,"Lower Limit along Date to Plot, Date To",2020,,45.095144964
12/30/2018,24 December 2018,Number of Complaints,2016,,
12/30/2018,24 December 2018,"Avg Complaints Per Year along Date to Plot, Date To",2016,,137.596153846
12/30/2018,24 December 2018,"Upper Limit along Date to Plot, Date To",2016,,219.471079151
12/30/2018,24 December 2018,"Lower Limit along Date to Plot, Date To",2016,,55.721228541
12/30/2018,24 December 2018,Number of Complaints,2017,,
12/30/2018,24 December 2018,"Avg Complaints Per Year along Date to Plot, Date To",2017,,184.442307692
12/30/2018,24 December 2018,"Upper Limit along Date to Plot, Date To",2017,,306.413490588
12/30/2018,24 December 2018,"Lower Limit along Date to Plot, Date To",2017,,62.471124796
12/30/2018,24 December 2018,Number of Complaints,2018,True,176
12/30/2018,24 December 2018,"Avg Complaints Per Year along Date to Plot, Date To",2018,True,218.660377358
12/30/2018,24 December 2018,"Upper Limit along Date to Plot, Date To",2018,True,358.944085849
12/30/2018,24 December 2018,"Lower Limit along Date to Plot, Date To",2018,True,78.376668868
12/30/2018,24 December 2018,Number of Complaints,2019,,
12/30/2018,24 December 2018,"Avg Complaints Per Year along Date to Plot, Date To",2019,,192.923076923
12/30/2018,24 December 2018,"Upper Limit along Date to Plot, Date To",2019,,268.993894132
12/30/2018,24 December 2018,"Lower Limit along Date to Plot, Date To",2019,,116.852259715
12/30/2018,24 December 2018,Number of Complaints,2020,,
12/30/2018,24 December 2018,"Avg Complaints Per Year along Date to Plot, Date To",2020,,194.512195122
12/30/2018,24 December 2018,"Upper Limit along Date to Plot, Date To",2020,,343.929245280
12/30/2018,24 December 2018,"Lower Limit along Date to Plot, Date To",2020,,45.095144964
1/6/2019,31 December 2018,Number of Complaints,2016,,
1/6/2019,31 December 2018,"Avg Complaints Per Year along Date to Plot, Date To",2016,,137.596153846
1/6/2019,31 December 2018,"Upper Limit along Date to Plot, Date To",2016,,219.471079151
1/6/2019,31 December 2018,"Lower Limit along Date to Plot, Date To",2016,,55.721228541
1/6/2019,31 December 2018,Number of Complaints,2017,,
1/6/2019,31 December 2018,"Avg Complaints Per Year along Date to Plot, Date To",2017,,184.442307692
1/6/2019,31 December 2018,"Upper Limit along Date to Plot, Date To",2017,,306.413490588
1/6/2019,31 December 2018,"Lower Limit along Date to Plot, Date To",2017,,62.471124796
1/6/2019,31 December 2018,Number of Complaints,2018,True,163
1/6/2019,31 December 2018,"Avg Complaints Per Year along Date to Plot, Date To",2018,True,218.660377358
1/6/2019,31 December 2018,"Upper Limit along Date to Plot, Date To",2018,True,358.944085849
1/6/2019,31 December 2018,"Lower Limit along Date to Plot, Date To",2018,True,78.376668868
1/6/2019,31 December 2018,Number of Complaints,2019,,
1/6/2019,31 December 2018,"Avg Complaints Per Year along Date to Plot, Date To",2019,,192.923076923
1/6/2019,31 December 2018,"Upper Limit along Date to Plot, Date To",2019,,268.993894132
1/6/2019,31 December 2018,"Lower Limit along Date to Plot, Date To",2019,,116.852259715
1/6/2019,31 December 2018,Number of Complaints,2020,,
1/6/2019,31 December 2018,"Avg Complaints Per Year along Date to Plot, Date To",2020,,194.512195122
1/6/2019,31 December 2018,"Upper Limit along Date to Plot, Date To",2020,,343.929245280
1/6/2019,31 December 2018,"Lower Limit along Date to Plot, Date To",2020,,45.095144964
1/13/2019,07 January 2019,Number of Complaints,2016,,
1/13/2019,07 January 2019,"Avg Complaints Per Year along Date to Plot, Date To",2016,,137.596153846
1/13/2019,07 January 2019,"Upper Limit along Date to Plot, Date To",2016,,219.471079151
1/13/2019,07 January 2019,"Lower Limit along Date to Plot, Date To",2016,,55.721228541
1/13/2019,07 January 2019,Number of Complaints,2017,,
1/13/2019,07 January 2019,"Avg Complaints Per Year along Date to Plot, Date To",2017,,184.442307692
1/13/2019,07 January 2019,"Upper Limit along Date to Plot, Date To",2017,,306.413490588
1/13/2019,07 January 2019,"Lower Limit along Date to Plot, Date To",2017,,62.471124796
1/13/2019,07 January 2019,Number of Complaints,2018,,
1/13/2019,07 January 2019,"Avg Complaints Per Year along Date to Plot, Date To",2018,,218.660377358
1/13/2019,07 January 2019,"Upper Limit along Date to Plot, Date To",2018,,358.944085849
1/13/2019,07 January 2019,"Lower Limit along Date to Plot, Date To",2018,,78.376668868
1/13/2019,07 January 2019,Number of Complaints,2019,True,193
1/13/2019,07 January 2019,"Avg Complaints Per Year along Date to Plot, Date To",2019,True,192.923076923
1/13/2019,07 January 2019,"Upper Limit along Date to Plot, Date To",2019,True,268.993894132
1/13/2019,07 January 2019,"Lower Limit along Date to Plot, Date To",2019,True,116.852259715
1/13/2019,07 January 2019,Number of Complaints,2020,,
1/13/2019,07 January 2019,"Avg Complaints Per Year along Date to Plot, Date To",2020,,194.512195122
1/13/2019,07 January 2019,"Upper Limit along Date to Plot, Date To",2020,,343.929245280
1/13/2019,07 January 2019,"Lower Limit along Date to Plot, Date To",2020,,45.095144964
1/20/2019,14 January 2019,Number of Complaints,2016,,
1/20/2019,14 January 2019,"Avg Complaints Per Year along Date to Plot, Date To",2016,,137.596153846
1/20/2019,14 January 2019,"Upper Limit along Date to Plot, Date To",2016,,219.471079151
1/20/2019,14 January 2019,"Lower Limit along Date to Plot, Date To",2016,,55.721228541
1/20/2019,14 January 2019,Number of Complaints,2017,,
1/20/2019,14 January 2019,"Avg Complaints Per Year along Date to Plot, Date To",2017,,184.442307692
1/20/2019,14 January 2019,"Upper Limit along Date to Plot, Date To",2017,,306.413490588
1/20/2019,14 January 2019,"Lower Limit along Date to Plot, Date To",2017,,62.471124796
1/20/2019,14 January 2019,Number of Complaints,2018,,
1/20/2019,14 January 2019,"Avg Complaints Per Year along Date to Plot, Date To",2018,,218.660377358
1/20/2019,14 January 2019,"Upper Limit along Date to Plot, Date To",2018,,358.944085849
1/20/2019,14 January 2019,"Lower Limit along Date to Plot, Date To",2018,,78.376668868
1/20/2019,14 January 2019,Number of Complaints,2019,True,197
1/20/2019,14 January 2019,"Avg Complaints Per Year along Date to Plot, Date To",2019,True,192.923076923
1/20/2019,14 January 2019,"Upper Limit along Date to Plot, Date To",2019,True,268.993894132
1/20/2019,14 January 2019,"Lower Limit along Date to Plot, Date To",2019,True,116.852259715
1/20/2019,14 January 2019,Number of Complaints,2020,,
1/20/2019,14 January 2019,"Avg Complaints Per Year along Date to Plot, Date To",2020,,194.512195122
1/20/2019,14 January 2019,"Upper Limit along Date to Plot, Date To",2020,,343.929245280
1/20/2019,14 January 2019,"Lower Limit along Date to Plot, Date To",2020,,45.095144964
1/27/2019,21 January 2019,Number of Complaints,2016,,
1/27/2019,21 January 2019,"Avg Complaints Per Year along Date to Plot, Date To",2016,,137.596153846
1/27/2019,21 January 2019,"Upper Limit along Date to Plot, Date To",2016,,219.471079151
1/27/2019,21 January 2019,"Lower Limit along Date to Plot, Date To",2016,,55.721228541
1/27/2019,21 January 2019,Number of Complaints,2017,,
1/27/2019,21 January 2019,"Avg Complaints Per Year along Date to Plot, Date To",2017,,184.442307692
1/27/2019,21 January 2019,"Upper Limit along Date to Plot, Date To",2017,,306.413490588
1/27/2019,21 January 2019,"Lower Limit along Date to Plot, Date To",2017,,62.471124796
1/27/2019,21 January 2019,Number of Complaints,2018,,
1/27/2019,21 January 2019,"Avg Complaints Per Year along Date to Plot, Date To",2018,,218.660377358
1/27/2019,21 January 2019,"Upper Limit along Date to Plot, Date To",2018,,358.944085849
1/27/2019,21 January 2019,"Lower Limit along Date to Plot, Date To",2018,,78.376668868
1/27/2019,21 January 2019,Number of Complaints,2019,True,174
1/27/2019,21 January 2019,"Avg Complaints Per Year along Date to Plot, Date To",2019,True,192.923076923
1/27/2019,21 January 2019,"Upper Limit along Date to Plot, Date To",2019,True,268.993894132
1/27/2019,21 January 2019,"Lower Limit along Date to Plot, Date To",2019,True,116.852259715
1/27/2019,21 January 2019,Number of Complaints,2020,,
1/27/2019,21 January 2019,"Avg Complaints Per Year along Date to Plot, Date To",2020,,194.512195122
1/27/2019,21 January 2019,"Upper Limit along Date to Plot, Date To",2020,,343.929245280
1/27/2019,21 January 2019,"Lower Limit along Date to Plot, Date To",2020,,45.095144964
2/3/2019,28 January 2019,Number of Complaints,2016,,
2/3/2019,28 January 2019,"Avg Complaints Per Year along Date to Plot, Date To",2016,,137.596153846
2/3/2019,28 January 2019,"Upper Limit along Date to Plot, Date To",2016,,219.471079151
2/3/2019,28 January 2019,"Lower Limit along Date to Plot, Date To",2016,,55.721228541
2/3/2019,28 January 2019,Number of Complaints,2017,,
2/3/2019,28 January 2019,"Avg Complaints Per Year along Date to Plot, Date To",2017,,184.442307692
2/3/2019,28 January 2019,"Upper Limit along Date to Plot, Date To",2017,,306.413490588
2/3/2019,28 January 2019,"Lower Limit along Date to Plot, Date To",2017,,62.471124796
2/3/2019,28 January 2019,Number of Complaints,2018,,
2/3/2019,28 January 2019,"Avg Complaints Per Year along Date to Plot, Date To",2018,,218.660377358
2/3/2019,28 January 2019,"Upper Limit along Date to Plot, Date To",2018,,358.944085849
2/3/2019,28 January 2019,"Lower Limit along Date to Plot, Date To",2018,,78.376668868
2/3/2019,28 January 2019,Number of Complaints,2019,True,207
2/3/2019,28 January 2019,"Avg Complaints Per Year along Date to Plot, Date To",2019,True,192.923076923
2/3/2019,28 January 2019,"Upper Limit along Date to Plot, Date To",2019,True,268.993894132
2/3/2019,28 January 2019,"Lower Limit along Date to Plot, Date To",2019,True,116.852259715
2/3/2019,28 January 2019,Number of Complaints,2020,,
2/3/2019,28 January 2019,"Avg Complaints Per Year along Date to Plot, Date To",2020,,194.512195122
2/3/2019,28 January 2019,"Upper Limit along Date to Plot, Date To",2020,,343.929245280
2/3/2019,28 January 2019,"Lower Limit along Date to Plot, Date To",2020,,45.095144964
2/10/2019,04 February 2019,Number of Complaints,2016,,
2/10/2019,04 February 2019,"Avg Complaints Per Year along Date to Plot, Date To",2016,,137.596153846
2/10/2019,04 February 2019,"Upper Limit along Date to Plot, Date To",2016,,219.471079151
2/10/2019,04 February 2019,"Lower Limit along Date to Plot, Date To",2016,,55.721228541
2/10/2019,04 February 2019,Number of Complaints,2017,,
2/10/2019,04 February 2019,"Avg Complaints Per Year along Date to Plot, Date To",2017,,184.442307692
2/10/2019,04 February 2019,"Upper Limit along Date to Plot, Date To",2017,,306.413490588
2/10/2019,04 February 2019,"Lower Limit along Date to Plot, Date To",2017,,62.471124796
2/10/2019,04 February 2019,Number of Complaints,2018,,
2/10/2019,04 February 2019,"Avg Complaints Per Year along Date to Plot, Date To",2018,,218.660377358
2/10/2019,04 February 2019,"Upper Limit along Date to Plot, Date To",2018,,358.944085849
2/10/2019,04 February 2019,"Lower Limit along Date to Plot, Date To",2018,,78.376668868
2/10/2019,04 February 2019,Number of Complaints,2019,True,211
2/10/2019,04 February 2019,"Avg Complaints Per Year along Date to Plot, Date To",2019,True,192.923076923
2/10/2019,04 February 2019,"Upper Limit along Date to Plot, Date To",2019,True,268.993894132
2/10/2019,04 February 2019,"Lower Limit along Date to Plot, Date To",2019,True,116.852259715
2/10/2019,04 February 2019,Number of Complaints,2020,,
2/10/2019,04 February 2019,"Avg Complaints Per Year along Date to Plot, Date To",2020,,194.512195122
2/10/2019,04 February 2019,"Upper Limit along Date to Plot, Date To",2020,,343.929245280
2/10/2019,04 February 2019,"Lower Limit along Date to Plot, Date To",2020,,45.095144964
2/17/2019,11 February 2019,Number of Complaints,2016,,
2/17/2019,11 February 2019,"Avg Complaints Per Year along Date to Plot, Date To",2016,,137.596153846
2/17/2019,11 February 2019,"Upper Limit along Date to Plot, Date To",2016,,219.471079151
2/17/2019,11 February 2019,"Lower Limit along Date to Plot, Date To",2016,,55.721228541
2/17/2019,11 February 2019,Number of Complaints,2017,,
2/17/2019,11 February 2019,"Avg Complaints Per Year along Date to Plot, Date To",2017,,184.442307692
2/17/2019,11 February 2019,"Upper Limit along Date to Plot, Date To",2017,,306.413490588
2/17/2019,11 February 2019,"Lower Limit along Date to Plot, Date To",2017,,62.471124796
2/17/2019,11 February 2019,Number of Complaints,2018,,
2/17/2019,11 February 2019,"Avg Complaints Per Year along Date to Plot, Date To",2018,,218.660377358
2/17/2019,11 February 2019,"Upper Limit along Date to Plot, Date To",2018,,358.944085849
2/17/2019,11 February 2019,"Lower Limit along Date to Plot, Date To",2018,,78.376668868
2/17/2019,11 February 2019,Number of Complaints,2019,True,192
2/17/2019,11 February 2019,"Avg Complaints Per Year along Date to Plot, Date To",2019,True,192.923076923
2/17/2019,11 February 2019,"Upper Limit along Date to Plot, Date To",2019,True,268.993894132
2/17/2019,11 February 2019,"Lower Limit along Date to Plot, Date To",2019,True,116.852259715
2/17/2019,11 February 2019,Number of Complaints,2020,,
2/17/2019,11 February 2019,"Avg Complaints Per Year along Date to Plot, Date To",2020,,194.512195122
2/17/2019,11 February 2019,"Upper Limit along Date to Plot, Date To",2020,,343.929245280
2/17/2019,11 February 2019,"Lower Limit along Date to Plot, Date To",2020,,45.095144964
2/24/2019,18 February 2019,Number of Complaints,2016,,
2/24/2019,18 February 2019,"Avg Complaints Per Year along Date to Plot, Date To",2016,,137.596153846
2/24/2019,18 February 2019,"Upper Limit along Date to Plot, Date To",2016,,219.471079151
2/24/2019,18 February 2019,"Lower Limit along Date to Plot, Date To",2016,,55.721228541
2/24/2019,18 February 2019,Number of Complaints,2017,,
2/24/2019,18 February 2019,"Avg Complaints Per Year along Date to Plot, Date To",2017,,184.442307692
2/24/2019,18 February 2019,"Upper Limit along Date to Plot, Date To",2017,,306.413490588
2/24/2019,18 February 2019,"Lower Limit along Date to Plot, Date To",2017,,62.471124796
2/24/2019,18 February 2019,Number of Complaints,2018,,
2/24/2019,18 February 2019,"Avg Complaints Per Year along Date to Plot, Date To",2018,,218.660377358
2/24/2019,18 February 2019,"Upper Limit along Date to Plot, Date To",2018,,358.944085849
2/24/2019,18 February 2019,"Lower Limit along Date to Plot, Date To",2018,,78.376668868
2/24/2019,18 February 2019,Number of Complaints,2019,True,188
2/24/2019,18 February 2019,"Avg Complaints Per Year along Date to Plot, Date To",2019,True,192.923076923
2/24/2019,18 February 2019,"Upper Limit along Date to Plot, Date To",2019,True,268.993894132
2/24/2019,18 February 2019,"Lower Limit along Date to Plot, Date To",2019,True,116.852259715
2/24/2019,18 February 2019,Number of Complaints,2020,,
2/24/2019,18 February 2019,"Avg Complaints Per Year along Date to Plot, Date To",2020,,194.512195122
2/24/2019,18 February 2019,"Upper Limit along Date to Plot, Date To",2020,,343.929245280
2/24/2019,18 February 2019,"Lower Limit along Date to Plot, Date To",2020,,45.095144964
3/3/2019,25 February 2019,Number of Complaints,2016,,
3/3/2019,25 February 2019,"Avg Complaints Per Year along Date to Plot, Date To",2016,,137.596153846
3/3/2019,25 February 2019,"Upper Limit along Date to Plot, Date To",2016,,219.471079151
3/3/2019,25 February 2019,"Lower Limit along Date to Plot, Date To",2016,,55.721228541
3/3/2019,25 February 2019,Number of Complaints,2017,,
3/3/2019,25 February 2019,"Avg Complaints Per Year along Date to Plot, Date To",2017,,184.442307692
3/3/2019,25 February 2019,"Upper Limit along Date to Plot, Date To",2017,,306.413490588
3/3/2019,25 February 2019,"Lower Limit along Date to Plot, Date To",2017,,62.471124796
3/3/2019,25 February 2019,Number of Complaints,2018,,
3/3/2019,25 February 2019,"Avg Complaints Per Year along Date to Plot, Date To",2018,,218.660377358
3/3/2019,25 February 2019,"Upper Limit along Date to Plot, Date To",2018,,358.944085849
3/3/2019,25 February 2019,"Lower Limit along Date to Plot, Date To",2018,,78.376668868
3/3/2019,25 February 2019,Number of Complaints,2019,True,198
3/3/2019,25 February 2019,"Avg Complaints Per Year along Date to Plot, Date To",2019,True,192.923076923
3/3/2019,25 February 2019,"Upper Limit along Date to Plot, Date To",2019,True,268.993894132
3/3/2019,25 February 2019,"Lower Limit along Date to Plot, Date To",2019,True,116.852259715
3/3/2019,25 February 2019,Number of Complaints,2020,,
3/3/2019,25 February 2019,"Avg Complaints Per Year along Date to Plot, Date To",2020,,194.512195122
3/3/2019,25 February 2019,"Upper Limit along Date to Plot, Date To",2020,,343.929245280
3/3/2019,25 February 2019,"Lower Limit along Date to Plot, Date To",2020,,45.095144964
3/10/2019,04 March 2019,Number of Complaints,2016,,
3/10/2019,04 March 2019,"Avg Complaints Per Year along Date to Plot, Date To",2016,,137.596153846
3/10/2019,04 March 2019,"Upper Limit along Date to Plot, Date To",2016,,219.471079151
3/10/2019,04 March 2019,"Lower Limit along Date to Plot, Date To",2016,,55.721228541
3/10/2019,04 March 2019,Number of Complaints,2017,,
3/10/2019,04 March 2019,"Avg Complaints Per Year along Date to Plot, Date To",2017,,184.442307692
3/10/2019,04 March 2019,"Upper Limit along Date to Plot, Date To",2017,,306.413490588
3/10/2019,04 March 2019,"Lower Limit along Date to Plot, Date To",2017,,62.471124796
3/10/2019,04 March 2019,Number of Complaints,2018,,
3/10/2019,04 March 2019,"Avg Complaints Per Year along Date to Plot, Date To",2018,,218.660377358
3/10/2019,04 March 2019,"Upper Limit along Date to Plot, Date To",2018,,358.944085849
3/10/2019,04 March 2019,"Lower Limit along Date to Plot, Date To",2018,,78.376668868
3/10/2019,04 March 2019,Number of Complaints,2019,True,221
3/10/2019,04 March 2019,"Avg Complaints Per Year along Date to Plot, Date To",2019,True,192.923076923
3/10/2019,04 March 2019,"Upper Limit along Date to Plot, Date To",2019,True,268.993894132
3/10/2019,04 March 2019,"Lower Limit along Date to Plot, Date To",2019,True,116.852259715
3/10/2019,04 March 2019,Number of Complaints,2020,,
3/10/2019,04 March 2019,"Avg Complaints Per Year along Date to Plot, Date To",2020,,194.512195122
3/10/2019,04 March 2019,"Upper Limit along Date to Plot, Date To",2020,,343.929245280
3/10/2019,04 March 2019,"Lower Limit along Date to Plot, Date To",2020,,45.095144964
3/17/2019,11 March 2019,Number of Complaints,2016,,
3/17/2019,11 March 2019,"Avg Complaints Per Year along Date to Plot, Date To",2016,,137.596153846
3/17/2019,11 March 2019,"Upper Limit along Date to Plot, Date To",2016,,219.471079151
3/17/2019,11 March 2019,"Lower Limit along Date to Plot, Date To",2016,,55.721228541
3/17/2019,11 March 2019,Number of Complaints,2017,,
3/17/2019,11 March 2019,"Avg Complaints Per Year along Date to Plot, Date To",2017,,184.442307692
3/17/2019,11 March 2019,"Upper Limit along Date to Plot, Date To",2017,,306.413490588
3/17/2019,11 March 2019,"Lower Limit along Date to Plot, Date To",2017,,62.471124796
3/17/2019,11 March 2019,Number of Complaints,2018,,
3/17/2019,11 March 2019,"Avg Complaints Per Year along Date to Plot, Date To",2018,,218.660377358
3/17/2019,11 March 2019,"Upper Limit along Date to Plot, Date To",2018,,358.944085849
3/17/2019,11 March 2019,"Lower Limit along Date to Plot, Date To",2018,,78.376668868
3/17/2019,11 March 2019,Number of Complaints,2019,True,218
3/17/2019,11 March 2019,"Avg Complaints Per Year along Date to Plot, Date To",2019,True,192.923076923
3/17/2019,11 March 2019,"Upper Limit along Date to Plot, Date To",2019,True,268.993894132
3/17/2019,11 March 2019,"Lower Limit along Date to Plot, Date To",2019,True,116.852259715
3/17/2019,11 March 2019,Number of Complaints,2020,,
3/17/2019,11 March 2019,"Avg Complaints Per Year along Date to Plot, Date To",2020,,194.512195122
3/17/2019,11 March 2019,"Upper Limit along Date to Plot, Date To",2020,,343.929245280
3/17/2019,11 March 2019,"Lower Limit along Date to Plot, Date To",2020,,45.095144964
3/24/2019,18 March 2019,Number of Complaints,2016,,
3/24/2019,18 March 2019,"Avg Complaints Per Year along Date to Plot, Date To",2016,,137.596153846
3/24/2019,18 March 2019,"Upper Limit along Date to Plot, Date To",2016,,219.471079151
3/24/2019,18 March 2019,"Lower Limit along Date to Plot, Date To",2016,,55.721228541
3/24/2019,18 March 2019,Number of Complaints,2017,,
3/24/2019,18 March 2019,"Avg Complaints Per Year along Date to Plot, Date To",2017,,184.442307692
3/24/2019,18 March 2019,"Upper Limit along Date to Plot, Date To",2017,,306.413490588
3/24/2019,18 March 2019,"Lower Limit along Date to Plot, Date To",2017,,62.471124796
3/24/2019,18 March 2019,Number of Complaints,2018,,
3/24/2019,18 March 2019,"Avg Complaints Per Year along Date to Plot, Date To",2018,,218.660377358
3/24/2019,18 March 2019,"Upper Limit along Date to Plot, Date To",2018,,358.944085849
3/24/2019,18 March 2019,"Lower Limit along Date to Plot, Date To",2018,,78.376668868
3/24/2019,18 March 2019,Number of Complaints,2019,True,218
3/24/2019,18 March 2019,"Avg Complaints Per Year along Date to Plot, Date To",2019,True,192.923076923
3/24/2019,18 March 2019,"Upper Limit along Date to Plot, Date To",2019,True,268.993894132
3/24/2019,18 March 2019,"Lower Limit along Date to Plot, Date To",2019,True,116.852259715
3/24/2019,18 March 2019,Number of Complaints,2020,,
3/24/2019,18 March 2019,"Avg Complaints Per Year along Date to Plot, Date To",2020,,194.512195122
3/24/2019,18 March 2019,"Upper Limit along Date to Plot, Date To",2020,,343.929245280
3/24/2019,18 March 2019,"Lower Limit along Date to Plot, Date To",2020,,45.095144964
3/31/2019,25 March 2019,Number of Complaints,2016,,
3/31/2019,25 March 2019,"Avg Complaints Per Year along Date to Plot, Date To",2016,,137.596153846
3/31/2019,25 March 2019,"Upper Limit along Date to Plot, Date To",2016,,219.471079151
3/31/2019,25 March 2019,"Lower Limit along Date to Plot, Date To",2016,,55.721228541
3/31/2019,25 March 2019,Number of Complaints,2017,,
3/31/2019,25 March 2019,"Avg Complaints Per Year along Date to Plot, Date To",2017,,184.442307692
3/31/2019,25 March 2019,"Upper Limit along Date to Plot, Date To",2017,,306.413490588
3/31/2019,25 March 2019,"Lower Limit along Date to Plot, Date To",2017,,62.471124796
3/31/2019,25 March 2019,Number of Complaints,2018,,
3/31/2019,25 March 2019,"Avg Complaints Per Year along Date to Plot, Date To",2018,,218.660377358
3/31/2019,25 March 2019,"Upper Limit along Date to Plot, Date To",2018,,358.944085849
3/31/2019,25 March 2019,"Lower Limit along Date to Plot, Date To",2018,,78.376668868
3/31/2019,25 March 2019,Number of Complaints,2019,True,222
3/31/2019,25 March 2019,"Avg Complaints Per Year along Date to Plot, Date To",2019,True,192.923076923
3/31/2019,25 March 2019,"Upper Limit along Date to Plot, Date To",2019,True,268.993894132
3/31/2019,25 March 2019,"Lower Limit along Date to Plot, Date To",2019,True,116.852259715
3/31/2019,25 March 2019,Number of Complaints,2020,,
3/31/2019,25 March 2019,"Avg Complaints Per Year along Date to Plot, Date To",2020,,194.512195122
3/31/2019,25 March 2019,"Upper Limit along Date to Plot, Date To",2020,,343.929245280
3/31/2019,25 March 2019,"Lower Limit along Date to Plot, Date To",2020,,45.095144964
4/7/2019,01 April 2019,Number of Complaints,2016,,
4/7/2019,01 April 2019,"Avg Complaints Per Year along Date to Plot, Date To",2016,,137.596153846
4/7/2019,01 April 2019,"Upper Limit along Date to Plot, Date To",2016,,219.471079151
4/7/2019,01 April 2019,"Lower Limit along Date to Plot, Date To",2016,,55.721228541
4/7/2019,01 April 2019,Number of Complaints,2017,,
4/7/2019,01 April 2019,"Avg Complaints Per Year along Date to Plot, Date To",2017,,184.442307692
4/7/2019,01 April 2019,"Upper Limit along Date to Plot, Date To",2017,,306.413490588
4/7/2019,01 April 2019,"Lower Limit along Date to Plot, Date To",2017,,62.471124796
4/7/2019,01 April 2019,Number of Complaints,2018,,
4/7/2019,01 April 2019,"Avg Complaints Per Year along Date to Plot, Date To",2018,,218.660377358
4/7/2019,01 April 2019,"Upper Limit along Date to Plot, Date To",2018,,358.944085849
4/7/2019,01 April 2019,"Lower Limit along Date to Plot, Date To",2018,,78.376668868
4/7/2019,01 April 2019,Number of Complaints,2019,True,220
4/7/2019,01 April 2019,"Avg Complaints Per Year along Date to Plot, Date To",2019,True,192.923076923
4/7/2019,01 April 2019,"Upper Limit along Date to Plot, Date To",2019,True,268.993894132
4/7/2019,01 April 2019,"Lower Limit along Date to Plot, Date To",2019,True,116.852259715
4/7/2019,01 April 2019,Number of Complaints,2020,,
4/7/2019,01 April 2019,"Avg Complaints Per Year along Date to Plot, Date To",2020,,194.512195122
4/7/2019,01 April 2019,"Upper Limit along Date to Plot, Date To",2020,,343.929245280
4/7/2019,01 April 2019,"Lower Limit along Date to Plot, Date To",2020,,45.095144964
4/14/2019,08 April 2019,Number of Complaints,2016,,
4/14/2019,08 April 2019,"Avg Complaints Per Year along Date to Plot, Date To",2016,,137.596153846
4/14/2019,08 April 2019,"Upper Limit along Date to Plot, Date To",2016,,219.471079151
4/14/2019,08 April 2019,"Lower Limit along Date to Plot, Date To",2016,,55.721228541
4/14/2019,08 April 2019,Number of Complaints,2017,,
4/14/2019,08 April 2019,"Avg Complaints Per Year along Date to Plot, Date To",2017,,184.442307692
4/14/2019,08 April 2019,"Upper Limit along Date to Plot, Date To",2017,,306.413490588
4/14/2019,08 April 2019,"Lower Limit along Date to Plot, Date To",2017,,62.471124796
4/14/2019,08 April 2019,Number of Complaints,2018,,
4/14/2019,08 April 2019,"Avg Complaints Per Year along Date to Plot, Date To",2018,,218.660377358
4/14/2019,08 April 2019,"Upper Limit along Date to Plot, Date To",2018,,358.944085849
4/14/2019,08 April 2019,"Lower Limit along Date to Plot, Date To",2018,,78.376668868
4/14/2019,08 April 2019,Number of Complaints,2019,True,213
4/14/2019,08 April 2019,"Avg Complaints Per Year along Date to Plot, Date To",2019,True,192.923076923
4/14/2019,08 April 2019,"Upper Limit along Date to Plot, Date To",2019,True,268.993894132
4/14/2019,08 April 2019,"Lower Limit along Date to Plot, Date To",2019,True,116.852259715
4/14/2019,08 April 2019,Number of Complaints,2020,,
4/14/2019,08 April 2019,"Avg Complaints Per Year along Date to Plot, Date To",2020,,194.512195122
4/14/2019,08 April 2019,"Upper Limit along Date to Plot, Date To",2020,,343.929245280
4/14/2019,08 April 2019,"Lower Limit along Date to Plot, Date To",2020,,45.095144964
4/21/2019,15 April 2019,Number of Complaints,2016,,
4/21/2019,15 April 2019,"Avg Complaints Per Year along Date to Plot, Date To",2016,,137.596153846
4/21/2019,15 April 2019,"Upper Limit along Date to Plot, Date To",2016,,219.471079151
4/21/2019,15 April 2019,"Lower Limit along Date to Plot, Date To",2016,,55.721228541
4/21/2019,15 April 2019,Number of Complaints,2017,,
4/21/2019,15 April 2019,"Avg Complaints Per Year along Date to Plot, Date To",2017,,184.442307692
4/21/2019,15 April 2019,"Upper Limit along Date to Plot, Date To",2017,,306.413490588
4/21/2019,15 April 2019,"Lower Limit along Date to Plot, Date To",2017,,62.471124796
4/21/2019,15 April 2019,Number of Complaints,2018,,
4/21/2019,15 April 2019,"Avg Complaints Per Year along Date to Plot, Date To",2018,,218.660377358
4/21/2019,15 April 2019,"Upper Limit along Date to Plot, Date To",2018,,358.944085849
4/21/2019,15 April 2019,"Lower Limit along Date to Plot, Date To",2018,,78.376668868
4/21/2019,15 April 2019,Number of Complaints,2019,True,216
4/21/2019,15 April 2019,"Avg Complaints Per Year along Date to Plot, Date To",2019,True,192.923076923
4/21/2019,15 April 2019,"Upper Limit along Date to Plot, Date To",2019,True,268.993894132
4/21/2019,15 April 2019,"Lower Limit along Date to Plot, Date To",2019,True,116.852259715
4/21/2019,15 April 2019,Number of Complaints,2020,,
4/21/2019,15 April 2019,"Avg Complaints Per Year along Date to Plot, Date To",2020,,194.512195122
4/21/2019,15 April 2019,"Upper Limit along Date to Plot, Date To",2020,,343.929245280
4/21/2019,15 April 2019,"Lower Limit along Date to Plot, Date To",2020,,45.095144964
4/28/2019,22 April 2019,Number of Complaints,2016,,
4/28/2019,22 April 2019,"Avg Complaints Per Year along Date to Plot, Date To",2016,,137.596153846
4/28/2019,22 April 2019,"Upper Limit along Date to Plot, Date To",2016,,219.471079151
4/28/2019,22 April 2019,"Lower Limit along Date to Plot, Date To",2016,,55.721228541
4/28/2019,22 April 2019,Number of Complaints,2017,,
4/28/2019,22 April 2019,"Avg Complaints Per Year along Date to Plot, Date To",2017,,184.442307692
4/28/2019,22 April 2019,"Upper Limit along Date to Plot, Date To",2017,,306.413490588
4/28/2019,22 April 2019,"Lower Limit along Date to Plot, Date To",2017,,62.471124796
4/28/2019,22 April 2019,Number of Complaints,2018,,
4/28/2019,22 April 2019,"Avg Complaints Per Year along Date to Plot, Date To",2018,,218.660377358
4/28/2019,22 April 2019,"Upper Limit along Date to Plot, Date To",2018,,358.944085849
4/28/2019,22 April 2019,"Lower Limit along Date to Plot, Date To",2018,,78.376668868
4/28/2019,22 April 2019,Number of Complaints,2019,True,202
4/28/2019,22 April 2019,"Avg Complaints Per Year along Date to Plot, Date To",2019,True,192.923076923
4/28/2019,22 April 2019,"Upper Limit along Date to Plot, Date To",2019,True,268.993894132
4/28/2019,22 April 2019,"Lower Limit along Date to Plot, Date To",2019,True,116.852259715
4/28/2019,22 April 2019,Number of Complaints,2020,,
4/28/2019,22 April 2019,"Avg Complaints Per Year along Date to Plot, Date To",2020,,194.512195122
4/28/2019,22 April 2019,"Upper Limit along Date to Plot, Date To",2020,,343.929245280
4/28/2019,22 April 2019,"Lower Limit along Date to Plot, Date To",2020,,45.095144964
5/5/2019,29 April 2019,Number of Complaints,2016,,
5/5/2019,29 April 2019,"Avg Complaints Per Year along Date to Plot, Date To",2016,,137.596153846
5/5/2019,29 April 2019,"Upper Limit along Date to Plot, Date To",2016,,219.471079151
5/5/2019,29 April 2019,"Lower Limit along Date to Plot, Date To",2016,,55.721228541
5/5/2019,29 April 2019,Number of Complaints,2017,,
5/5/2019,29 April 2019,"Avg Complaints Per Year along Date to Plot, Date To",2017,,184.442307692
5/5/2019,29 April 2019,"Upper Limit along Date to Plot, Date To",2017,,306.413490588
5/5/2019,29 April 2019,"Lower Limit along Date to Plot, Date To",2017,,62.471124796
5/5/2019,29 April 2019,Number of Complaints,2018,,
5/5/2019,29 April 2019,"Avg Complaints Per Year along Date to Plot, Date To",2018,,218.660377358
5/5/2019,29 April 2019,"Upper Limit along Date to Plot, Date To",2018,,358.944085849
5/5/2019,29 April 2019,"Lower Limit along Date to Plot, Date To",2018,,78.376668868
5/5/2019,29 April 2019,Number of Complaints,2019,True,208
5/5/2019,29 April 2019,"Avg Complaints Per Year along Date to Plot, Date To",2019,True,192.923076923
5/5/2019,29 April 2019,"Upper Limit along Date to Plot, Date To",2019,True,268.993894132
5/5/2019,29 April 2019,"Lower Limit along Date to Plot, Date To",2019,True,116.852259715
5/5/2019,29 April 2019,Number of Complaints,2020,,
5/5/2019,29 April 2019,"Avg Complaints Per Year along Date to Plot, Date To",2020,,194.512195122
5/5/2019,29 April 2019,"Upper Limit along Date to Plot, Date To",2020,,343.929245280
5/5/2019,29 April 2019,"Lower Limit along Date to Plot, Date To",2020,,45.095144964
5/12/2019,06 May 2019,Number of Complaints,2016,,
5/12/2019,06 May 2019,"Avg Complaints Per Year along Date to Plot, Date To",2016,,137.596153846
5/12/2019,06 May 2019,"Upper Limit along Date to Plot, Date To",2016,,219.471079151
5/12/2019,06 May 2019,"Lower Limit along Date to Plot, Date To",2016,,55.721228541
5/12/2019,06 May 2019,Number of Complaints,2017,,
5/12/2019,06 May 2019,"Avg Complaints Per Year along Date to Plot, Date To",2017,,184.442307692
5/12/2019,06 May 2019,"Upper Limit along Date to Plot, Date To",2017,,306.413490588
5/12/2019,06 May 2019,"Lower Limit along Date to Plot, Date To",2017,,62.471124796
5/12/2019,06 May 2019,Number of Complaints,2018,,
5/12/2019,06 May 2019,"Avg Complaints Per Year along Date to Plot, Date To",2018,,218.660377358
5/12/2019,06 May 2019,"Upper Limit along Date to Plot, Date To",2018,,358.944085849
5/12/2019,06 May 2019,"Lower Limit along Date to Plot, Date To",2018,,78.376668868
5/12/2019,06 May 2019,Number of Complaints,2019,True,204
5/12/2019,06 May 2019,"Avg Complaints Per Year along Date to Plot, Date To",2019,True,192.923076923
5/12/2019,06 May 2019,"Upper Limit along Date to Plot, Date To",2019,True,268.993894132
5/12/2019,06 May 2019,"Lower Limit along Date to Plot, Date To",2019,True,116.852259715
5/12/2019,06 May 2019,Number of Complaints,2020,,
5/12/2019,06 May 2019,"Avg Complaints Per Year along Date to Plot, Date To",2020,,194.512195122
5/12/2019,06 May 2019,"Upper Limit along Date to Plot, Date To",2020,,343.929245280
5/12/2019,06 May 2019,"Lower Limit along Date to Plot, Date To",2020,,45.095144964
5/19/2019,13 May 2019,Number of Complaints,2016,,
5/19/2019,13 May 2019,"Avg Complaints Per Year along Date to Plot, Date To",2016,,137.596153846
5/19/2019,13 May 2019,"Upper Limit along Date to Plot, Date To",2016,,219.471079151
5/19/2019,13 May 2019,"Lower Limit along Date to Plot, Date To",2016,,55.721228541
5/19/2019,13 May 2019,Number of Complaints,2017,,
5/19/2019,13 May 2019,"Avg Complaints Per Year along Date to Plot, Date To",2017,,184.442307692
5/19/2019,13 May 2019,"Upper Limit along Date to Plot, Date To",2017,,306.413490588
5/19/2019,13 May 2019,"Lower Limit along Date to Plot, Date To",2017,,62.471124796
5/19/2019,13 May 2019,Number of Complaints,2018,,
5/19/2019,13 May 2019,"Avg Complaints Per Year along Date to Plot, Date To",2018,,218.660377358
5/19/2019,13 May 2019,"Upper Limit along Date to Plot, Date To",2018,,358.944085849
5/19/2019,13 May 2019,"Lower Limit along Date to Plot, Date To",2018,,78.376668868
5/19/2019,13 May 2019,Number of Complaints,2019,True,224
5/19/2019,13 May 2019,"Avg Complaints Per Year along Date to Plot, Date To",2019,True,192.923076923
5/19/2019,13 May 2019,"Upper Limit along Date to Plot, Date To",2019,True,268.993894132
5/19/2019,13 May 2019,"Lower Limit along Date to Plot, Date To",2019,True,116.852259715
5/19/2019,13 May 2019,Number of Complaints,2020,,
5/19/2019,13 May 2019,"Avg Complaints Per Year along Date to Plot, Date To",2020,,194.512195122
5/19/2019,13 May 2019,"Upper Limit along Date to Plot, Date To",2020,,343.929245280
5/19/2019,13 May 2019,"Lower Limit along Date to Plot, Date To",2020,,45.095144964
5/26/2019,20 May 2019,Number of Complaints,2016,,
5/26/2019,20 May 2019,"Avg Complaints Per Year along Date to Plot, Date To",2016,,137.596153846
5/26/2019,20 May 2019,"Upper Limit along Date to Plot, Date To",2016,,219.471079151
5/26/2019,20 May 2019,"Lower Limit along Date to Plot, Date To",2016,,55.721228541
5/26/2019,20 May 2019,Number of Complaints,2017,,
5/26/2019,20 May 2019,"Avg Complaints Per Year along Date to Plot, Date To",2017,,184.442307692
5/26/2019,20 May 2019,"Upper Limit along Date to Plot, Date To",2017,,306.413490588
5/26/2019,20 May 2019,"Lower Limit along Date to Plot, Date To",2017,,62.471124796
5/26/2019,20 May 2019,Number of Complaints,2018,,
5/26/2019,20 May 2019,"Avg Complaints Per Year along Date to Plot, Date To",2018,,218.660377358
5/26/2019,20 May 2019,"Upper Limit along Date to Plot, Date To",2018,,358.944085849
5/26/2019,20 May 2019,"Lower Limit along Date to Plot, Date To",2018,,78.376668868
5/26/2019,20 May 2019,Number of Complaints,2019,True,208
5/26/2019,20 May 2019,"Avg Complaints Per Year along Date to Plot, Date To",2019,True,192.923076923
5/26/2019,20 May 2019,"Upper Limit along Date to Plot, Date To",2019,True,268.993894132
5/26/2019,20 May 2019,"Lower Limit along Date to Plot, Date To",2019,True,116.852259715
5/26/2019,20 May 2019,Number of Complaints,2020,,
5/26/2019,20 May 2019,"Avg Complaints Per Year along Date to Plot, Date To",2020,,194.512195122
5/26/2019,20 May 2019,"Upper Limit along Date to Plot, Date To",2020,,343.929245280
5/26/2019,20 May 2019,"Lower Limit along Date to Plot, Date To",2020,,45.095144964
6/2/2019,27 May 2019,Number of Complaints,2016,,
6/2/2019,27 May 2019,"Avg Complaints Per Year along Date to Plot, Date To",2016,,137.596153846
6/2/2019,27 May 2019,"Upper Limit along Date to Plot, Date To",2016,,219.471079151
6/2/2019,27 May 2019,"Lower Limit along Date to Plot, Date To",2016,,55.721228541
6/2/2019,27 May 2019,Number of Complaints,2017,,
6/2/2019,27 May 2019,"Avg Complaints Per Year along Date to Plot, Date To",2017,,184.442307692
6/2/2019,27 May 2019,"Upper Limit along Date to Plot, Date To",2017,,306.413490588
6/2/2019,27 May 2019,"Lower Limit along Date to Plot, Date To",2017,,62.471124796
6/2/2019,27 May 2019,Number of Complaints,2018,,
6/2/2019,27 May 2019,"Avg Complaints Per Year along Date to Plot, Date To",2018,,218.660377358
6/2/2019,27 May 2019,"Upper Limit along Date to Plot, Date To",2018,,358.944085849
6/2/2019,27 May 2019,"Lower Limit along Date to Plot, Date To",2018,,78.376668868
6/2/2019,27 May 2019,Number of Complaints,2019,True,212
6/2/2019,27 May 2019,"Avg Complaints Per Year along Date to Plot, Date To",2019,True,192.923076923
6/2/2019,27 May 2019,"Upper Limit along Date to Plot, Date To",2019,True,268.993894132
6/2/2019,27 May 2019,"Lower Limit along Date to Plot, Date To",2019,True,116.852259715
6/2/2019,27 May 2019,Number of Complaints,2020,,
6/2/2019,27 May 2019,"Avg Complaints Per Year along Date to Plot, Date To",2020,,194.512195122
6/2/2019,27 May 2019,"Upper Limit along Date to Plot, Date To",2020,,343.929245280
6/2/2019,27 May 2019,"Lower Limit along Date to Plot, Date To",2020,,45.095144964
6/9/2019,03 June 2019,Number of Complaints,2016,,
6/9/2019,03 June 2019,"Avg Complaints Per Year along Date to Plot, Date To",2016,,137.596153846
6/9/2019,03 June 2019,"Upper Limit along Date to Plot, Date To",2016,,219.471079151
6/9/2019,03 June 2019,"Lower Limit along Date to Plot, Date To",2016,,55.721228541
6/9/2019,03 June 2019,Number of Complaints,2017,,
6/9/2019,03 June 2019,"Avg Complaints Per Year along Date to Plot, Date To",2017,,184.442307692
6/9/2019,03 June 2019,"Upper Limit along Date to Plot, Date To",2017,,306.413490588
6/9/2019,03 June 2019,"Lower Limit along Date to Plot, Date To",2017,,62.471124796
6/9/2019,03 June 2019,Number of Complaints,2018,,
6/9/2019,03 June 2019,"Avg Complaints Per Year along Date to Plot, Date To",2018,,218.660377358
6/9/2019,03 June 2019,"Upper Limit along Date to Plot, Date To",2018,,358.944085849
6/9/2019,03 June 2019,"Lower Limit along Date to Plot, Date To",2018,,78.376668868
6/9/2019,03 June 2019,Number of Complaints,2019,True,219
6/9/2019,03 June 2019,"Avg Complaints Per Year along Date to Plot, Date To",2019,True,192.923076923
6/9/2019,03 June 2019,"Upper Limit along Date to Plot, Date To",2019,True,268.993894132
6/9/2019,03 June 2019,"Lower Limit along Date to Plot, Date To",2019,True,116.852259715
6/9/2019,03 June 2019,Number of Complaints,2020,,
6/9/2019,03 June 2019,"Avg Complaints Per Year along Date to Plot, Date To",2020,,194.512195122
6/9/2019,03 June 2019,"Upper Limit along Date to Plot, Date To",2020,,343.929245280
6/9/2019,03 June 2019,"Lower Limit along Date to Plot, Date To",2020,,45.095144964
6/16/2019,10 June 2019,Number of Complaints,2016,,
6/16/2019,10 June 2019,"Avg Complaints Per Year along Date to Plot, Date To",2016,,137.596153846
6/16/2019,10 June 2019,"Upper Limit along Date to Plot, Date To",2016,,219.471079151
6/16/2019,10 June 2019,"Lower Limit along Date to Plot, Date To",2016,,55.721228541
6/16/2019,10 June 2019,Number of Complaints,2017,,
6/16/2019,10 June 2019,"Avg Complaints Per Year along Date to Plot, Date To",2017,,184.442307692
6/16/2019,10 June 2019,"Upper Limit along Date to Plot, Date To",2017,,306.413490588
6/16/2019,10 June 2019,"Lower Limit along Date to Plot, Date To",2017,,62.471124796
6/16/2019,10 June 2019,Number of Complaints,2018,,
6/16/2019,10 June 2019,"Avg Complaints Per Year along Date to Plot, Date To",2018,,218.660377358
6/16/2019,10 June 2019,"Upper Limit along Date to Plot, Date To",2018,,358.944085849
6/16/2019,10 June 2019,"Lower Limit along Date to Plot, Date To",2018,,78.376668868
6/16/2019,10 June 2019,Number of Complaints,2019,True,219
6/16/2019,10 June 2019,"Avg Complaints Per Year along Date to Plot, Date To",2019,True,192.923076923
6/16/2019,10 June 2019,"Upper Limit along Date to Plot, Date To",2019,True,268.993894132
6/16/2019,10 June 2019,"Lower Limit along Date to Plot, Date To",2019,True,116.852259715
6/16/2019,10 June 2019,Number of Complaints,2020,,
6/16/2019,10 June 2019,"Avg Complaints Per Year along Date to Plot, Date To",2020,,194.512195122
6/16/2019,10 June 2019,"Upper Limit along Date to Plot, Date To",2020,,343.929245280
6/16/2019,10 June 2019,"Lower Limit along Date to Plot, Date To",2020,,45.095144964
6/23/2019,17 June 2019,Number of Complaints,2016,,
6/23/2019,17 June 2019,"Avg Complaints Per Year along Date to Plot, Date To",2016,,137.596153846
6/23/2019,17 June 2019,"Upper Limit along Date to Plot, Date To",2016,,219.471079151
6/23/2019,17 June 2019,"Lower Limit along Date to Plot, Date To",2016,,55.721228541
6/23/2019,17 June 2019,Number of Complaints,2017,,
6/23/2019,17 June 2019,"Avg Complaints Per Year along Date to Plot, Date To",2017,,184.442307692
6/23/2019,17 June 2019,"Upper Limit along Date to Plot, Date To",2017,,306.413490588
6/23/2019,17 June 2019,"Lower Limit along Date to Plot, Date To",2017,,62.471124796
6/23/2019,17 June 2019,Number of Complaints,2018,,
6/23/2019,17 June 2019,"Avg Complaints Per Year along Date to Plot, Date To",2018,,218.660377358
6/23/2019,17 June 2019,"Upper Limit along Date to Plot, Date To",2018,,358.944085849
6/23/2019,17 June 2019,"Lower Limit along Date to Plot, Date To",2018,,78.376668868
6/23/2019,17 June 2019,Number of Complaints,2019,True,208
6/23/2019,17 June 2019,"Avg Complaints Per Year along Date to Plot, Date To",2019,True,192.923076923
6/23/2019,17 June 2019,"Upper Limit along Date to Plot, Date To",2019,True,268.993894132
6/23/2019,17 June 2019,"Lower Limit along Date to Plot, Date To",2019,True,116.852259715
6/23/2019,17 June 2019,Number of Complaints,2020,,
6/23/2019,17 June 2019,"Avg Complaints Per Year along Date to Plot, Date To",2020,,194.512195122
6/23/2019,17 June 2019,"Upper Limit along Date to Plot, Date To",2020,,343.929245280
6/23/2019,17 June 2019,"Lower Limit along Date to Plot, Date To",2020,,45.095144964
6/30/2019,24 June 2019,Number of Complaints,2016,,
6/30/2019,24 June 2019,"Avg Complaints Per Year along Date to Plot, Date To",2016,,137.596153846
6/30/2019,24 June 2019,"Upper Limit along Date to Plot, Date To",2016,,219.471079151
6/30/2019,24 June 2019,"Lower Limit along Date to Plot, Date To",2016,,55.721228541
6/30/2019,24 June 2019,Number of Complaints,2017,,
6/30/2019,24 June 2019,"Avg Complaints Per Year along Date to Plot, Date To",2017,,184.442307692
6/30/2019,24 June 2019,"Upper Limit along Date to Plot, Date To",2017,,306.413490588
6/30/2019,24 June 2019,"Lower Limit along Date to Plot, Date To",2017,,62.471124796
6/30/2019,24 June 2019,Number of Complaints,2018,,
6/30/2019,24 June 2019,"Avg Complaints Per Year along Date to Plot, Date To",2018,,218.660377358
6/30/2019,24 June 2019,"Upper Limit along Date to Plot, Date To",2018,,358.944085849
6/30/2019,24 June 2019,"Lower Limit along Date to Plot, Date To",2018,,78.376668868
6/30/2019,24 June 2019,Number of Complaints,2019,True,240
6/30/2019,24 June 2019,"Avg Complaints Per Year along Date to Plot, Date To",2019,True,192.923076923
6/30/2019,24 June 2019,"Upper Limit along Date to Plot, Date To",2019,True,268.993894132
6/30/2019,24 June 2019,"Lower Limit along Date to Plot, Date To",2019,True,116.852259715
6/30/2019,24 June 2019,Number of Complaints,2020,,
6/30/2019,24 June 2019,"Avg Complaints Per Year along Date to Plot, Date To",2020,,194.512195122
6/30/2019,24 June 2019,"Upper Limit along Date to Plot, Date To",2020,,343.929245280
6/30/2019,24 June 2019,"Lower Limit along Date to Plot, Date To",2020,,45.095144964
7/7/2019,01 July 2019,Number of Complaints,2016,,
7/7/2019,01 July 2019,"Avg Complaints Per Year along Date to Plot, Date To",2016,,137.596153846
7/7/2019,01 July 2019,"Upper Limit along Date to Plot, Date To",2016,,219.471079151
7/7/2019,01 July 2019,"Lower Limit along Date to Plot, Date To",2016,,55.721228541
7/7/2019,01 July 2019,Number of Complaints,2017,,
7/7/2019,01 July 2019,"Avg Complaints Per Year along Date to Plot, Date To",2017,,184.442307692
7/7/2019,01 July 2019,"Upper Limit along Date to Plot, Date To",2017,,306.413490588
7/7/2019,01 July 2019,"Lower Limit along Date to Plot, Date To",2017,,62.471124796
7/7/2019,01 July 2019,Number of Complaints,2018,,
7/7/2019,01 July 2019,"Avg Complaints Per Year along Date to Plot, Date To",2018,,218.660377358
7/7/2019,01 July 2019,"Upper Limit along Date to Plot, Date To",2018,,358.944085849
7/7/2019,01 July 2019,"Lower Limit along Date to Plot, Date To",2018,,78.376668868
7/7/2019,01 July 2019,Number of Complaints,2019,True,175
7/7/2019,01 July 2019,"Avg Complaints Per Year along Date to Plot, Date To",2019,True,192.923076923
7/7/2019,01 July 2019,"Upper Limit along Date to Plot, Date To",2019,True,268.993894132
7/7/2019,01 July 2019,"Lower Limit along Date to Plot, Date To",2019,True,116.852259715
7/7/2019,01 July 2019,Number of Complaints,2020,,
7/7/2019,01 July 2019,"Avg Complaints Per Year along Date to Plot, Date To",2020,,194.512195122
7/7/2019,01 July 2019,"Upper Limit along Date to Plot, Date To",2020,,343.929245280
7/7/2019,01 July 2019,"Lower Limit along Date to Plot, Date To",2020,,45.095144964
7/14/2019,08 July 2019,Number of Complaints,2016,,
7/14/2019,08 July 2019,"Avg Complaints Per Year along Date to Plot, Date To",2016,,137.596153846
7/14/2019,08 July 2019,"Upper Limit along Date to Plot, Date To",2016,,219.471079151
7/14/2019,08 July 2019,"Lower Limit along Date to Plot, Date To",2016,,55.721228541
7/14/2019,08 July 2019,Number of Complaints,2017,,
7/14/2019,08 July 2019,"Avg Complaints Per Year along Date to Plot, Date To",2017,,184.442307692
7/14/2019,08 July 2019,"Upper Limit along Date to Plot, Date To",2017,,306.413490588
7/14/2019,08 July 2019,"Lower Limit along Date to Plot, Date To",2017,,62.471124796
7/14/2019,08 July 2019,Number of Complaints,2018,,
7/14/2019,08 July 2019,"Avg Complaints Per Year along Date to Plot, Date To",2018,,218.660377358
7/14/2019,08 July 2019,"Upper Limit along Date to Plot, Date To",2018,,358.944085849
7/14/2019,08 July 2019,"Lower Limit along Date to Plot, Date To",2018,,78.376668868
7/14/2019,08 July 2019,Number of Complaints,2019,True,208
7/14/2019,08 July 2019,"Avg Complaints Per Year along Date to Plot, Date To",2019,True,192.923076923
7/14/2019,08 July 2019,"Upper Limit along Date to Plot, Date To",2019,True,268.993894132
7/14/2019,08 July 2019,"Lower Limit along Date to Plot, Date To",2019,True,116.852259715
7/14/2019,08 July 2019,Number of Complaints,2020,,
7/14/2019,08 July 2019,"Avg Complaints Per Year along Date to Plot, Date To",2020,,194.512195122
7/14/2019,08 July 2019,"Upper Limit along Date to Plot, Date To",2020,,343.929245280
7/14/2019,08 July 2019,"Lower Limit along Date to Plot, Date To",2020,,45.095144964
7/21/2019,15 July 2019,Number of Complaints,2016,,
7/21/2019,15 July 2019,"Avg Complaints Per Year along Date to Plot, Date To",2016,,137.596153846
7/21/2019,15 July 2019,"Upper Limit along Date to Plot, Date To",2016,,219.471079151
7/21/2019,15 July 2019,"Lower Limit along Date to Plot, Date To",2016,,55.721228541
7/21/2019,15 July 2019,Number of Complaints,2017,,
7/21/2019,15 July 2019,"Avg Complaints Per Year along Date to Plot, Date To",2017,,184.442307692
7/21/2019,15 July 2019,"Upper Limit along Date to Plot, Date To",2017,,306.413490588
7/21/2019,15 July 2019,"Lower Limit along Date to Plot, Date To",2017,,62.471124796
7/21/2019,15 July 2019,Number of Complaints,2018,,
7/21/2019,15 July 2019,"Avg Complaints Per Year along Date to Plot, Date To",2018,,218.660377358
7/21/2019,15 July 2019,"Upper Limit along Date to Plot, Date To",2018,,358.944085849
7/21/2019,15 July 2019,"Lower Limit along Date to Plot, Date To",2018,,78.376668868
7/21/2019,15 July 2019,Number of Complaints,2019,True,190
7/21/2019,15 July 2019,"Avg Complaints Per Year along Date to Plot, Date To",2019,True,192.923076923
7/21/2019,15 July 2019,"Upper Limit along Date to Plot, Date To",2019,True,268.993894132
7/21/2019,15 July 2019,"Lower Limit along Date to Plot, Date To",2019,True,116.852259715
7/21/2019,15 July 2019,Number of Complaints,2020,,
7/21/2019,15 July 2019,"Avg Complaints Per Year along Date to Plot, Date To",2020,,194.512195122
7/21/2019,15 July 2019,"Upper Limit along Date to Plot, Date To",2020,,343.929245280
7/21/2019,15 July 2019,"Lower Limit along Date to Plot, Date To",2020,,45.095144964
7/28/2019,22 July 2019,Number of Complaints,2016,,
7/28/2019,22 July 2019,"Avg Complaints Per Year along Date to Plot, Date To",2016,,137.596153846
7/28/2019,22 July 2019,"Upper Limit along Date to Plot, Date To",2016,,219.471079151
7/28/2019,22 July 2019,"Lower Limit along Date to Plot, Date To",2016,,55.721228541
7/28/2019,22 July 2019,Number of Complaints,2017,,
7/28/2019,22 July 2019,"Avg Complaints Per Year along Date to Plot, Date To",2017,,184.442307692
7/28/2019,22 July 2019,"Upper Limit along Date to Plot, Date To",2017,,306.413490588
7/28/2019,22 July 2019,"Lower Limit along Date to Plot, Date To",2017,,62.471124796
7/28/2019,22 July 2019,Number of Complaints,2018,,
7/28/2019,22 July 2019,"Avg Complaints Per Year along Date to Plot, Date To",2018,,218.660377358
7/28/2019,22 July 2019,"Upper Limit along Date to Plot, Date To",2018,,358.944085849
7/28/2019,22 July 2019,"Lower Limit along Date to Plot, Date To",2018,,78.376668868
7/28/2019,22 July 2019,Number of Complaints,2019,True,190
7/28/2019,22 July 2019,"Avg Complaints Per Year along Date to Plot, Date To",2019,True,192.923076923
7/28/2019,22 July 2019,"Upper Limit along Date to Plot, Date To",2019,True,268.993894132
7/28/2019,22 July 2019,"Lower Limit along Date to Plot, Date To",2019,True,116.852259715
7/28/2019,22 July 2019,Number of Complaints,2020,,
7/28/2019,22 July 2019,"Avg Complaints Per Year along Date to Plot, Date To",2020,,194.512195122
7/28/2019,22 July 2019,"Upper Limit along Date to Plot, Date To",2020,,343.929245280
7/28/2019,22 July 2019,"Lower Limit along Date to Plot, Date To",2020,,45.095144964
8/4/2019,29 July 2019,Number of Complaints,2016,,
8/4/2019,29 July 2019,"Avg Complaints Per Year along Date to Plot, Date To",2016,,137.596153846
8/4/2019,29 July 2019,"Upper Limit along Date to Plot, Date To",2016,,219.471079151
8/4/2019,29 July 2019,"Lower Limit along Date to Plot, Date To",2016,,55.721228541
8/4/2019,29 July 2019,Number of Complaints,2017,,
8/4/2019,29 July 2019,"Avg Complaints Per Year along Date to Plot, Date To",2017,,184.442307692
8/4/2019,29 July 2019,"Upper Limit along Date to Plot, Date To",2017,,306.413490588
8/4/2019,29 July 2019,"Lower Limit along Date to Plot, Date To",2017,,62.471124796
8/4/2019,29 July 2019,Number of Complaints,2018,,
8/4/2019,29 July 2019,"Avg Complaints Per Year along Date to Plot, Date To",2018,,218.660377358
8/4/2019,29 July 2019,"Upper Limit along Date to Plot, Date To",2018,,358.944085849
8/4/2019,29 July 2019,"Lower Limit along Date to Plot, Date To",2018,,78.376668868
8/4/2019,29 July 2019,Number of Complaints,2019,True,220
8/4/2019,29 July 2019,"Avg Complaints Per Year along Date to Plot, Date To",2019,True,192.923076923
8/4/2019,29 July 2019,"Upper Limit along Date to Plot, Date To",2019,True,268.993894132
8/4/2019,29 July 2019,"Lower Limit along Date to Plot, Date To",2019,True,116.852259715
8/4/2019,29 July 2019,Number of Complaints,2020,,
8/4/2019,29 July 2019,"Avg Complaints Per Year along Date to Plot, Date To",2020,,194.512195122
8/4/2019,29 July 2019,"Upper Limit along Date to Plot, Date To",2020,,343.929245280
8/4/2019,29 July 2019,"Lower Limit along Date to Plot, Date To",2020,,45.095144964
8/11/2019,05 August 2019,Number of Complaints,2016,,
8/11/2019,05 August 2019,"Avg Complaints Per Year along Date to Plot, Date To",2016,,137.596153846
8/11/2019,05 August 2019,"Upper Limit along Date to Plot, Date To",2016,,219.471079151
8/11/2019,05 August 2019,"Lower Limit along Date to Plot, Date To",2016,,55.721228541
8/11/2019,05 August 2019,Number of Complaints,2017,,
8/11/2019,05 August 2019,"Avg Complaints Per Year along Date to Plot, Date To",2017,,184.442307692
8/11/2019,05 August 2019,"Upper Limit along Date to Plot, Date To",2017,,306.413490588
8/11/2019,05 August 2019,"Lower Limit along Date to Plot, Date To",2017,,62.471124796
8/11/2019,05 August 2019,Number of Complaints,2018,,
8/11/2019,05 August 2019,"Avg Complaints Per Year along Date to Plot, Date To",2018,,218.660377358
8/11/2019,05 August 2019,"Upper Limit along Date to Plot, Date To",2018,,358.944085849
8/11/2019,05 August 2019,"Lower Limit along Date to Plot, Date To",2018,,78.376668868
8/11/2019,05 August 2019,Number of Complaints,2019,True,201
8/11/2019,05 August 2019,"Avg Complaints Per Year along Date to Plot, Date To",2019,True,192.923076923
8/11/2019,05 August 2019,"Upper Limit along Date to Plot, Date To",2019,True,268.993894132
8/11/2019,05 August 2019,"Lower Limit along Date to Plot, Date To",2019,True,116.852259715
8/11/2019,05 August 2019,Number of Complaints,2020,,
8/11/2019,05 August 2019,"Avg Complaints Per Year along Date to Plot, Date To",2020,,194.512195122
8/11/2019,05 August 2019,"Upper Limit along Date to Plot, Date To",2020,,343.929245280
8/11/2019,05 August 2019,"Lower Limit along Date to Plot, Date To",2020,,45.095144964
8/18/2019,12 August 2019,Number of Complaints,2016,,
8/18/2019,12 August 2019,"Avg Complaints Per Year along Date to Plot, Date To",2016,,137.596153846
8/18/2019,12 August 2019,"Upper Limit along Date to Plot, Date To",2016,,219.471079151
8/18/2019,12 August 2019,"Lower Limit along Date to Plot, Date To",2016,,55.721228541
8/18/2019,12 August 2019,Number of Complaints,2017,,
8/18/2019,12 August 2019,"Avg Complaints Per Year along Date to Plot, Date To",2017,,184.442307692
8/18/2019,12 August 2019,"Upper Limit along Date to Plot, Date To",2017,,306.413490588
8/18/2019,12 August 2019,"Lower Limit along Date to Plot, Date To",2017,,62.471124796
8/18/2019,12 August 2019,Number of Complaints,2018,,
8/18/2019,12 August 2019,"Avg Complaints Per Year along Date to Plot, Date To",2018,,218.660377358
8/18/2019,12 August 2019,"Upper Limit along Date to Plot, Date To",2018,,358.944085849
8/18/2019,12 August 2019,"Lower Limit along Date to Plot, Date To",2018,,78.376668868
8/18/2019,12 August 2019,Number of Complaints,2019,True,196
8/18/2019,12 August 2019,"Avg Complaints Per Year along Date to Plot, Date To",2019,True,192.923076923
8/18/2019,12 August 2019,"Upper Limit along Date to Plot, Date To",2019,True,268.993894132
8/18/2019,12 August 2019,"Lower Limit along Date to Plot, Date To",2019,True,116.852259715
8/18/2019,12 August 2019,Number of Complaints,2020,,
8/18/2019,12 August 2019,"Avg Complaints Per Year along Date to Plot, Date To",2020,,194.512195122
8/18/2019,12 August 2019,"Upper Limit along Date to Plot, Date To",2020,,343.929245280
8/18/2019,12 August 2019,"Lower Limit along Date to Plot, Date To",2020,,45.095144964
8/25/2019,19 August 2019,Number of Complaints,2016,,
8/25/2019,19 August 2019,"Avg Complaints Per Year along Date to Plot, Date To",2016,,137.596153846
8/25/2019,19 August 2019,"Upper Limit along Date to Plot, Date To",2016,,219.471079151
8/25/2019,19 August 2019,"Lower Limit along Date to Plot, Date To",2016,,55.721228541
8/25/2019,19 August 2019,Number of Complaints,2017,,
8/25/2019,19 August 2019,"Avg Complaints Per Year along Date to Plot, Date To",2017,,184.442307692
8/25/2019,19 August 2019,"Upper Limit along Date to Plot, Date To",2017,,306.413490588
8/25/2019,19 August 2019,"Lower Limit along Date to Plot, Date To",2017,,62.471124796
8/25/2019,19 August 2019,Number of Complaints,2018,,
8/25/2019,19 August 2019,"Avg Complaints Per Year along Date to Plot, Date To",2018,,218.660377358
8/25/2019,19 August 2019,"Upper Limit along Date to Plot, Date To",2018,,358.944085849
8/25/2019,19 August 2019,"Lower Limit along Date to Plot, Date To",2018,,78.376668868
8/25/2019,19 August 2019,Number of Complaints,2019,True,211
8/25/2019,19 August 2019,"Avg Complaints Per Year along Date to Plot, Date To",2019,True,192.923076923
8/25/2019,19 August 2019,"Upper Limit along Date to Plot, Date To",2019,True,268.993894132
8/25/2019,19 August 2019,"Lower Limit along Date to Plot, Date To",2019,True,116.852259715
8/25/2019,19 August 2019,Number of Complaints,2020,,
8/25/2019,19 August 2019,"Avg Complaints Per Year along Date to Plot, Date To",2020,,194.512195122
8/25/2019,19 August 2019,"Upper Limit along Date to Plot, Date To",2020,,343.929245280
8/25/2019,19 August 2019,"Lower Limit along Date to Plot, Date To",2020,,45.095144964
9/1/2019,26 August 2019,Number of Complaints,2016,,
9/1/2019,26 August 2019,"Avg Complaints Per Year along Date to Plot, Date To",2016,,137.596153846
9/1/2019,26 August 2019,"Upper Limit along Date to Plot, Date To",2016,,219.471079151
9/1/2019,26 August 2019,"Lower Limit along Date to Plot, Date To",2016,,55.721228541
9/1/2019,26 August 2019,Number of Complaints,2017,,
9/1/2019,26 August 2019,"Avg Complaints Per Year along Date to Plot, Date To",2017,,184.442307692
9/1/2019,26 August 2019,"Upper Limit along Date to Plot, Date To",2017,,306.413490588
9/1/2019,26 August 2019,"Lower Limit along Date to Plot, Date To",2017,,62.471124796
9/1/2019,26 August 2019,Number of Complaints,2018,,
9/1/2019,26 August 2019,"Avg Complaints Per Year along Date to Plot, Date To",2018,,218.660377358
9/1/2019,26 August 2019,"Upper Limit along Date to Plot, Date To",2018,,358.944085849
9/1/2019,26 August 2019,"Lower Limit along Date to Plot, Date To",2018,,78.376668868
9/1/2019,26 August 2019,Number of Complaints,2019,True,189
9/1/2019,26 August 2019,"Avg Complaints Per Year along Date to Plot, Date To",2019,True,192.923076923
9/1/2019,26 August 2019,"Upper Limit along Date to Plot, Date To",2019,True,268.993894132
9/1/2019,26 August 2019,"Lower Limit along Date to Plot, Date To",2019,True,116.852259715
9/1/2019,26 August 2019,Number of Complaints,2020,,
9/1/2019,26 August 2019,"Avg Complaints Per Year along Date to Plot, Date To",2020,,194.512195122
9/1/2019,26 August 2019,"Upper Limit along Date to Plot, Date To",2020,,343.929245280
9/1/2019,26 August 2019,"Lower Limit along Date to Plot, Date To",2020,,45.095144964
9/8/2019,02 September 2019,Number of Complaints,2016,,
9/8/2019,02 September 2019,"Avg Complaints Per Year along Date to Plot, Date To",2016,,137.596153846
9/8/2019,02 September 2019,"Upper Limit along Date to Plot, Date To",2016,,219.471079151
9/8/2019,02 September 2019,"Lower Limit along Date to Plot, Date To",2016,,55.721228541
9/8/2019,02 September 2019,Number of Complaints,2017,,
9/8/2019,02 September 2019,"Avg Complaints Per Year along Date to Plot, Date To",2017,,184.442307692
9/8/2019,02 September 2019,"Upper Limit along Date to Plot, Date To",2017,,306.413490588
9/8/2019,02 September 2019,"Lower Limit along Date to Plot, Date To",2017,,62.471124796
9/8/2019,02 September 2019,Number of Complaints,2018,,
9/8/2019,02 September 2019,"Avg Complaints Per Year along Date to Plot, Date To",2018,,218.660377358
9/8/2019,02 September 2019,"Upper Limit along Date to Plot, Date To",2018,,358.944085849
9/8/2019,02 September 2019,"Lower Limit along Date to Plot, Date To",2018,,78.376668868
9/8/2019,02 September 2019,Number of Complaints,2019,True,150
9/8/2019,02 September 2019,"Avg Complaints Per Year along Date to Plot, Date To",2019,True,192.923076923
9/8/2019,02 September 2019,"Upper Limit along Date to Plot, Date To",2019,True,268.993894132
9/8/2019,02 September 2019,"Lower Limit along Date to Plot, Date To",2019,True,116.852259715
9/8/2019,02 September 2019,Number of Complaints,2020,,
9/8/2019,02 September 2019,"Avg Complaints Per Year along Date to Plot, Date To",2020,,194.512195122
9/8/2019,02 September 2019,"Upper Limit along Date to Plot, Date To",2020,,343.929245280
9/8/2019,02 September 2019,"Lower Limit along Date to Plot, Date To",2020,,45.095144964
9/15/2019,09 September 2019,Number of Complaints,2016,,
9/15/2019,09 September 2019,"Avg Complaints Per Year along Date to Plot, Date To",2016,,137.596153846
9/15/2019,09 September 2019,"Upper Limit along Date to Plot, Date To",2016,,219.471079151
9/15/2019,09 September 2019,"Lower Limit along Date to Plot, Date To",2016,,55.721228541
9/15/2019,09 September 2019,Number of Complaints,2017,,
9/15/2019,09 September 2019,"Avg Complaints Per Year along Date to Plot, Date To",2017,,184.442307692
9/15/2019,09 September 2019,"Upper Limit along Date to Plot, Date To",2017,,306.413490588
9/15/2019,09 September 2019,"Lower Limit along Date to Plot, Date To",2017,,62.471124796
9/15/2019,09 September 2019,Number of Complaints,2018,,
9/15/2019,09 September 2019,"Avg Complaints Per Year along Date to Plot, Date To",2018,,218.660377358
9/15/2019,09 September 2019,"Upper Limit along Date to Plot, Date To",2018,,358.944085849
9/15/2019,09 September 2019,"Lower Limit along Date to Plot, Date To",2018,,78.376668868
9/15/2019,09 September 2019,Number of Complaints,2019,True,180
9/15/2019,09 September 2019,"Avg Complaints Per Year along Date to Plot, Date To",2019,True,192.923076923
9/15/2019,09 September 2019,"Upper Limit along Date to Plot, Date To",2019,True,268.993894132
9/15/2019,09 September 2019,"Lower Limit along Date to Plot, Date To",2019,True,116.852259715
9/15/2019,09 September 2019,Number of Complaints,2020,,
9/15/2019,09 September 2019,"Avg Complaints Per Year along Date to Plot, Date To",2020,,194.512195122
9/15/2019,09 September 2019,"Upper Limit along Date to Plot, Date To",2020,,343.929245280
9/15/2019,09 September 2019,"Lower Limit along Date to Plot, Date To",2020,,45.095144964
9/22/2019,16 September 2019,Number of Complaints,2016,,
9/22/2019,16 September 2019,"Avg Complaints Per Year along Date to Plot, Date To",2016,,137.596153846
9/22/2019,16 September 2019,"Upper Limit along Date to Plot, Date To",2016,,219.471079151
9/22/2019,16 September 2019,"Lower Limit along Date to Plot, Date To",2016,,55.721228541
9/22/2019,16 September 2019,Number of Complaints,2017,,
9/22/2019,16 September 2019,"Avg Complaints Per Year along Date to Plot, Date To",2017,,184.442307692
9/22/2019,16 September 2019,"Upper Limit along Date to Plot, Date To",2017,,306.413490588
9/22/2019,16 September 2019,"Lower Limit along Date to Plot, Date To",2017,,62.471124796
9/22/2019,16 September 2019,Number of Complaints,2018,,
9/22/2019,16 September 2019,"Avg Complaints Per Year along Date to Plot, Date To",2018,,218.660377358
9/22/2019,16 September 2019,"Upper Limit along Date to Plot, Date To",2018,,358.944085849
9/22/2019,16 September 2019,"Lower Limit along Date to Plot, Date To",2018,,78.376668868
9/22/2019,16 September 2019,Number of Complaints,2019,True,176
9/22/2019,16 September 2019,"Avg Complaints Per Year along Date to Plot, Date To",2019,True,192.923076923
9/22/2019,16 September 2019,"Upper Limit along Date to Plot, Date To",2019,True,268.993894132
9/22/2019,16 September 2019,"Lower Limit along Date to Plot, Date To",2019,True,116.852259715
9/22/2019,16 September 2019,Number of Complaints,2020,,
9/22/2019,16 September 2019,"Avg Complaints Per Year along Date to Plot, Date To",2020,,194.512195122
9/22/2019,16 September 2019,"Upper Limit along Date to Plot, Date To",2020,,343.929245280
9/22/2019,16 September 2019,"Lower Limit along Date to Plot, Date To",2020,,45.095144964
9/29/2019,23 September 2019,Number of Complaints,2016,,
9/29/2019,23 September 2019,"Avg Complaints Per Year along Date to Plot, Date To",2016,,137.596153846
9/29/2019,23 September 2019,"Upper Limit along Date to Plot, Date To",2016,,219.471079151
9/29/2019,23 September 2019,"Lower Limit along Date to Plot, Date To",2016,,55.721228541
9/29/2019,23 September 2019,Number of Complaints,2017,,
9/29/2019,23 September 2019,"Avg Complaints Per Year along Date to Plot, Date To",2017,,184.442307692
9/29/2019,23 September 2019,"Upper Limit along Date to Plot, Date To",2017,,306.413490588
9/29/2019,23 September 2019,"Lower Limit along Date to Plot, Date To",2017,,62.471124796
9/29/2019,23 September 2019,Number of Complaints,2018,,
9/29/2019,23 September 2019,"Avg Complaints Per Year along Date to Plot, Date To",2018,,218.660377358
9/29/2019,23 September 2019,"Upper Limit along Date to Plot, Date To",2018,,358.944085849
9/29/2019,23 September 2019,"Lower Limit along Date to Plot, Date To",2018,,78.376668868
9/29/2019,23 September 2019,Number of Complaints,2019,True,218
9/29/2019,23 September 2019,"Avg Complaints Per Year along Date to Plot, Date To",2019,True,192.923076923
9/29/2019,23 September 2019,"Upper Limit along Date to Plot, Date To",2019,True,268.993894132
9/29/2019,23 September 2019,"Lower Limit along Date to Plot, Date To",2019,True,116.852259715
9/29/2019,23 September 2019,Number of Complaints,2020,,
9/29/2019,23 September 2019,"Avg Complaints Per Year along Date to Plot, Date To",2020,,194.512195122
9/29/2019,23 September 2019,"Upper Limit along Date to Plot, Date To",2020,,343.929245280
9/29/2019,23 September 2019,"Lower Limit along Date to Plot, Date To",2020,,45.095144964
10/6/2019,30 September 2019,Number of Complaints,2016,,
10/6/2019,30 September 2019,"Avg Complaints Per Year along Date to Plot, Date To",2016,,137.596153846
10/6/2019,30 September 2019,"Upper Limit along Date to Plot, Date To",2016,,219.471079151
10/6/2019,30 September 2019,"Lower Limit along Date to Plot, Date To",2016,,55.721228541
10/6/2019,30 September 2019,Number of Complaints,2017,,
10/6/2019,30 September 2019,"Avg Complaints Per Year along Date to Plot, Date To",2017,,184.442307692
10/6/2019,30 September 2019,"Upper Limit along Date to Plot, Date To",2017,,306.413490588
10/6/2019,30 September 2019,"Lower Limit along Date to Plot, Date To",2017,,62.471124796
10/6/2019,30 September 2019,Number of Complaints,2018,,
10/6/2019,30 September 2019,"Avg Complaints Per Year along Date to Plot, Date To",2018,,218.660377358
10/6/2019,30 September 2019,"Upper Limit along Date to Plot, Date To",2018,,358.944085849
10/6/2019,30 September 2019,"Lower Limit along Date to Plot, Date To",2018,,78.376668868
10/6/2019,30 September 2019,Number of Complaints,2019,True,182
10/6/2019,30 September 2019,"Avg Complaints Per Year along Date to Plot, Date To",2019,True,192.923076923
10/6/2019,30 September 2019,"Upper Limit along Date to Plot, Date To",2019,True,268.993894132
10/6/2019,30 September 2019,"Lower Limit along Date to Plot, Date To",2019,True,116.852259715
10/6/2019,30 September 2019,Number of Complaints,2020,,
10/6/2019,30 September 2019,"Avg Complaints Per Year along Date to Plot, Date To",2020,,194.512195122
10/6/2019,30 September 2019,"Upper Limit along Date to Plot, Date To",2020,,343.929245280
10/6/2019,30 September 2019,"Lower Limit along Date to Plot, Date To",2020,,45.095144964
10/13/2019,07 October 2019,Number of Complaints,2016,,
10/13/2019,07 October 2019,"Avg Complaints Per Year along Date to Plot, Date To",2016,,137.596153846
10/13/2019,07 October 2019,"Upper Limit along Date to Plot, Date To",2016,,219.471079151
10/13/2019,07 October 2019,"Lower Limit along Date to Plot, Date To",2016,,55.721228541
10/13/2019,07 October 2019,Number of Complaints,2017,,
10/13/2019,07 October 2019,"Avg Complaints Per Year along Date to Plot, Date To",2017,,184.442307692
10/13/2019,07 October 2019,"Upper Limit along Date to Plot, Date To",2017,,306.413490588
10/13/2019,07 October 2019,"Lower Limit along Date to Plot, Date To",2017,,62.471124796
10/13/2019,07 October 2019,Number of Complaints,2018,,
10/13/2019,07 October 2019,"Avg Complaints Per Year along Date to Plot, Date To",2018,,218.660377358
10/13/2019,07 October 2019,"Upper Limit along Date to Plot, Date To",2018,,358.944085849
10/13/2019,07 October 2019,"Lower Limit along Date to Plot, Date To",2018,,78.376668868
10/13/2019,07 October 2019,Number of Complaints,2019,True,167
10/13/2019,07 October 2019,"Avg Complaints Per Year along Date to Plot, Date To",2019,True,192.923076923
10/13/2019,07 October 2019,"Upper Limit along Date to Plot, Date To",2019,True,268.993894132
10/13/2019,07 October 2019,"Lower Limit along Date to Plot, Date To",2019,True,116.852259715
10/13/2019,07 October 2019,Number of Complaints,2020,,
10/13/2019,07 October 2019,"Avg Complaints Per Year along Date to Plot, Date To",2020,,194.512195122
10/13/2019,07 October 2019,"Upper Limit along Date to Plot, Date To",2020,,343.929245280
10/13/2019,07 October 2019,"Lower Limit along Date to Plot, Date To",2020,,45.095144964
10/20/2019,14 October 2019,Number of Complaints,2016,,
10/20/2019,14 October 2019,"Avg Complaints Per Year along Date to Plot, Date To",2016,,137.596153846
10/20/2019,14 October 2019,"Upper Limit along Date to Plot, Date To",2016,,219.471079151
10/20/2019,14 October 2019,"Lower Limit along Date to Plot, Date To",2016,,55.721228541
10/20/2019,14 October 2019,Number of Complaints,2017,,
10/20/2019,14 October 2019,"Avg Complaints Per Year along Date to Plot, Date To",2017,,184.442307692
10/20/2019,14 October 2019,"Upper Limit along Date to Plot, Date To",2017,,306.413490588
10/20/2019,14 October 2019,"Lower Limit along Date to Plot, Date To",2017,,62.471124796
10/20/2019,14 October 2019,Number of Complaints,2018,,
10/20/2019,14 October 2019,"Avg Complaints Per Year along Date to Plot, Date To",2018,,218.660377358
10/20/2019,14 October 2019,"Upper Limit along Date to Plot, Date To",2018,,358.944085849
10/20/2019,14 October 2019,"Lower Limit along Date to Plot, Date To",2018,,78.376668868
10/20/2019,14 October 2019,Number of Complaints,2019,True,186
10/20/2019,14 October 2019,"Avg Complaints Per Year along Date to Plot, Date To",2019,True,192.923076923
10/20/2019,14 October 2019,"Upper Limit along Date to Plot, Date To",2019,True,268.993894132
10/20/2019,14 October 2019,"Lower Limit along Date to Plot, Date To",2019,True,116.852259715
10/20/2019,14 October 2019,Number of Complaints,2020,,
10/20/2019,14 October 2019,"Avg Complaints Per Year along Date to Plot, Date To",2020,,194.512195122
10/20/2019,14 October 2019,"Upper Limit along Date to Plot, Date To",2020,,343.929245280
10/20/2019,14 October 2019,"Lower Limit along Date to Plot, Date To",2020,,45.095144964
10/27/2019,21 October 2019,Number of Complaints,2016,,
10/27/2019,21 October 2019,"Avg Complaints Per Year along Date to Plot, Date To",2016,,137.596153846
10/27/2019,21 October 2019,"Upper Limit along Date to Plot, Date To",2016,,219.471079151
10/27/2019,21 October 2019,"Lower Limit along Date to Plot, Date To",2016,,55.721228541
10/27/2019,21 October 2019,Number of Complaints,2017,,
10/27/2019,21 October 2019,"Avg Complaints Per Year along Date to Plot, Date To",2017,,184.442307692
10/27/2019,21 October 2019,"Upper Limit along Date to Plot, Date To",2017,,306.413490588
10/27/2019,21 October 2019,"Lower Limit along Date to Plot, Date To",2017,,62.471124796
10/27/2019,21 October 2019,Number of Complaints,2018,,
10/27/2019,21 October 2019,"Avg Complaints Per Year along Date to Plot, Date To",2018,,218.660377358
10/27/2019,21 October 2019,"Upper Limit along Date to Plot, Date To",2018,,358.944085849
10/27/2019,21 October 2019,"Lower Limit along Date to Plot, Date To",2018,,78.376668868
10/27/2019,21 October 2019,Number of Complaints,2019,True,190
10/27/2019,21 October 2019,"Avg Complaints Per Year along Date to Plot, Date To",2019,True,192.923076923
10/27/2019,21 October 2019,"Upper Limit along Date to Plot, Date To",2019,True,268.993894132
10/27/2019,21 October 2019,"Lower Limit along Date to Plot, Date To",2019,True,116.852259715
10/27/2019,21 October 2019,Number of Complaints,2020,,
10/27/2019,21 October 2019,"Avg Complaints Per Year along Date to Plot, Date To",2020,,194.512195122
10/27/2019,21 October 2019,"Upper Limit along Date to Plot, Date To",2020,,343.929245280
10/27/2019,21 October 2019,"Lower Limit along Date to Plot, Date To",2020,,45.095144964
11/3/2019,28 October 2019,Number of Complaints,2016,,
11/3/2019,28 October 2019,"Avg Complaints Per Year along Date to Plot, Date To",2016,,137.596153846
11/3/2019,28 October 2019,"Upper Limit along Date to Plot, Date To",2016,,219.471079151
11/3/2019,28 October 2019,"Lower Limit along Date to Plot, Date To",2016,,55.721228541
11/3/2019,28 October 2019,Number of Complaints,2017,,
11/3/2019,28 October 2019,"Avg Complaints Per Year along Date to Plot, Date To",2017,,184.442307692
11/3/2019,28 October 2019,"Upper Limit along Date to Plot, Date To",2017,,306.413490588
11/3/2019,28 October 2019,"Lower Limit along Date to Plot, Date To",2017,,62.471124796
11/3/2019,28 October 2019,Number of Complaints,2018,,
11/3/2019,28 October 2019,"Avg Complaints Per Year along Date to Plot, Date To",2018,,218.660377358
11/3/2019,28 October 2019,"Upper Limit along Date to Plot, Date To",2018,,358.944085849
11/3/2019,28 October 2019,"Lower Limit along Date to Plot, Date To",2018,,78.376668868
11/3/2019,28 October 2019,Number of Complaints,2019,True,175
11/3/2019,28 October 2019,"Avg Complaints Per Year along Date to Plot, Date To",2019,True,192.923076923
11/3/2019,28 October 2019,"Upper Limit along Date to Plot, Date To",2019,True,268.993894132
11/3/2019,28 October 2019,"Lower Limit along Date to Plot, Date To",2019,True,116.852259715
11/3/2019,28 October 2019,Number of Complaints,2020,,
11/3/2019,28 October 2019,"Avg Complaints Per Year along Date to Plot, Date To",2020,,194.512195122
11/3/2019,28 October 2019,"Upper Limit along Date to Plot, Date To",2020,,343.929245280
11/3/2019,28 October 2019,"Lower Limit along Date to Plot, Date To",2020,,45.095144964
11/10/2019,04 November 2019,Number of Complaints,2016,,
11/10/2019,04 November 2019,"Avg Complaints Per Year along Date to Plot, Date To",2016,,137.596153846
11/10/2019,04 November 2019,"Upper Limit along Date to Plot, Date To",2016,,219.471079151
11/10/2019,04 November 2019,"Lower Limit along Date to Plot, Date To",2016,,55.721228541
11/10/2019,04 November 2019,Number of Complaints,2017,,
11/10/2019,04 November 2019,"Avg Complaints Per Year along Date to Plot, Date To",2017,,184.442307692
11/10/2019,04 November 2019,"Upper Limit along Date to Plot, Date To",2017,,306.413490588
11/10/2019,04 November 2019,"Lower Limit along Date to Plot, Date To",2017,,62.471124796
11/10/2019,04 November 2019,Number of Complaints,2018,,
11/10/2019,04 November 2019,"Avg Complaints Per Year along Date to Plot, Date To",2018,,218.660377358
11/10/2019,04 November 2019,"Upper Limit along Date to Plot, Date To",2018,,358.944085849
11/10/2019,04 November 2019,"Lower Limit along Date to Plot, Date To",2018,,78.376668868
11/10/2019,04 November 2019,Number of Complaints,2019,True,178
11/10/2019,04 November 2019,"Avg Complaints Per Year along Date to Plot, Date To",2019,True,192.923076923
11/10/2019,04 November 2019,"Upper Limit along Date to Plot, Date To",2019,True,268.993894132
11/10/2019,04 November 2019,"Lower Limit along Date to Plot, Date To",2019,True,116.852259715
11/10/2019,04 November 2019,Number of Complaints,2020,,
11/10/2019,04 November 2019,"Avg Complaints Per Year along Date to Plot, Date To",2020,,194.512195122
11/10/2019,04 November 2019,"Upper Limit along Date to Plot, Date To",2020,,343.929245280
11/10/2019,04 November 2019,"Lower Limit along Date to Plot, Date To",2020,,45.095144964
11/17/2019,11 November 2019,Number of Complaints,2016,,
11/17/2019,11 November 2019,"Avg Complaints Per Year along Date to Plot, Date To",2016,,137.596153846
11/17/2019,11 November 2019,"Upper Limit along Date to Plot, Date To",2016,,219.471079151
11/17/2019,11 November 2019,"Lower Limit along Date to Plot, Date To",2016,,55.721228541
11/17/2019,11 November 2019,Number of Complaints,2017,,
11/17/2019,11 November 2019,"Avg Complaints Per Year along Date to Plot, Date To",2017,,184.442307692
11/17/2019,11 November 2019,"Upper Limit along Date to Plot, Date To",2017,,306.413490588
11/17/2019,11 November 2019,"Lower Limit along Date to Plot, Date To",2017,,62.471124796
11/17/2019,11 November 2019,Number of Complaints,2018,,
11/17/2019,11 November 2019,"Avg Complaints Per Year along Date to Plot, Date To",2018,,218.660377358
11/17/2019,11 November 2019,"Upper Limit along Date to Plot, Date To",2018,,358.944085849
11/17/2019,11 November 2019,"Lower Limit along Date to Plot, Date To",2018,,78.376668868
11/17/2019,11 November 2019,Number of Complaints,2019,True,152
11/17/2019,11 November 2019,"Avg Complaints Per Year along Date to Plot, Date To",2019,True,192.923076923
11/17/2019,11 November 2019,"Upper Limit along Date to Plot, Date To",2019,True,268.993894132
11/17/2019,11 November 2019,"Lower Limit along Date to Plot, Date To",2019,True,116.852259715
11/17/2019,11 November 2019,Number of Complaints,2020,,
11/17/2019,11 November 2019,"Avg Complaints Per Year along Date to Plot, Date To",2020,,194.512195122
11/17/2019,11 November 2019,"Upper Limit along Date to Plot, Date To",2020,,343.929245280
11/17/2019,11 November 2019,"Lower Limit along Date to Plot, Date To",2020,,45.095144964
11/24/2019,18 November 2019,Number of Complaints,2016,,
11/24/2019,18 November 2019,"Avg Complaints Per Year along Date to Plot, Date To",2016,,137.596153846
11/24/2019,18 November 2019,"Upper Limit along Date to Plot, Date To",2016,,219.471079151
11/24/2019,18 November 2019,"Lower Limit along Date to Plot, Date To",2016,,55.721228541
11/24/2019,18 November 2019,Number of Complaints,2017,,
11/24/2019,18 November 2019,"Avg Complaints Per Year along Date to Plot, Date To",2017,,184.442307692
11/24/2019,18 November 2019,"Upper Limit along Date to Plot, Date To",2017,,306.413490588
11/24/2019,18 November 2019,"Lower Limit along Date to Plot, Date To",2017,,62.471124796
11/24/2019,18 November 2019,Number of Complaints,2018,,
11/24/2019,18 November 2019,"Avg Complaints Per Year along Date to Plot, Date To",2018,,218.660377358
11/24/2019,18 November 2019,"Upper Limit along Date to Plot, Date To",2018,,358.944085849
11/24/2019,18 November 2019,"Lower Limit along Date to Plot, Date To",2018,,78.376668868
11/24/2019,18 November 2019,Number of Complaints,2019,True,162
11/24/2019,18 November 2019,"Avg Complaints Per Year along Date to Plot, Date To",2019,True,192.923076923
11/24/2019,18 November 2019,"Upper Limit along Date to Plot, Date To",2019,True,268.993894132
11/24/2019,18 November 2019,"Lower Limit along Date to Plot, Date To",2019,True,116.852259715
11/24/2019,18 November 2019,Number of Complaints,2020,,
11/24/2019,18 November 2019,"Avg Complaints Per Year along Date to Plot, Date To",2020,,194.512195122
11/24/2019,18 November 2019,"Upper Limit along Date to Plot, Date To",2020,,343.929245280
11/24/2019,18 November 2019,"Lower Limit along Date to Plot, Date To",2020,,45.095144964
12/1/2019,25 November 2019,Number of Complaints,2016,,
12/1/2019,25 November 2019,"Avg Complaints Per Year along Date to Plot, Date To",2016,,137.596153846
12/1/2019,25 November 2019,"Upper Limit along Date to Plot, Date To",2016,,219.471079151
12/1/2019,25 November 2019,"Lower Limit along Date to Plot, Date To",2016,,55.721228541
12/1/2019,25 November 2019,Number of Complaints,2017,,
12/1/2019,25 November 2019,"Avg Complaints Per Year along Date to Plot, Date To",2017,,184.442307692
12/1/2019,25 November 2019,"Upper Limit along Date to Plot, Date To",2017,,306.413490588
12/1/2019,25 November 2019,"Lower Limit along Date to Plot, Date To",2017,,62.471124796
12/1/2019,25 November 2019,Number of Complaints,2018,,
12/1/2019,25 November 2019,"Avg Complaints Per Year along Date to Plot, Date To",2018,,218.660377358
12/1/2019,25 November 2019,"Upper Limit along Date to Plot, Date To",2018,,358.944085849
12/1/2019,25 November 2019,"Lower Limit along Date to Plot, Date To",2018,,78.376668868
12/1/2019,25 November 2019,Number of Complaints,2019,True,163
12/1/2019,25 November 2019,"Avg Complaints Per Year along Date to Plot, Date To",2019,True,192.923076923
12/1/2019,25 November 2019,"Upper Limit along Date to Plot, Date To",2019,True,268.993894132
12/1/2019,25 November 2019,"Lower Limit along Date to Plot, Date To",2019,True,116.852259715
12/1/2019,25 November 2019,Number of Complaints,2020,,
12/1/2019,25 November 2019,"Avg Complaints Per Year along Date to Plot, Date To",2020,,194.512195122
12/1/2019,25 November 2019,"Upper Limit along Date to Plot, Date To",2020,,343.929245280
12/1/2019,25 November 2019,"Lower Limit along Date to Plot, Date To",2020,,45.095144964
12/8/2019,02 December 2019,Number of Complaints,2016,,
12/8/2019,02 December 2019,"Avg Complaints Per Year along Date to Plot, Date To",2016,,137.596153846
12/8/2019,02 December 2019,"Upper Limit along Date to Plot, Date To",2016,,219.471079151
12/8/2019,02 December 2019,"Lower Limit along Date to Plot, Date To",2016,,55.721228541
12/8/2019,02 December 2019,Number of Complaints,2017,,
12/8/2019,02 December 2019,"Avg Complaints Per Year along Date to Plot, Date To",2017,,184.442307692
12/8/2019,02 December 2019,"Upper Limit along Date to Plot, Date To",2017,,306.413490588
12/8/2019,02 December 2019,"Lower Limit along Date to Plot, Date To",2017,,62.471124796
12/8/2019,02 December 2019,Number of Complaints,2018,,
12/8/2019,02 December 2019,"Avg Complaints Per Year along Date to Plot, Date To",2018,,218.660377358
12/8/2019,02 December 2019,"Upper Limit along Date to Plot, Date To",2018,,358.944085849
12/8/2019,02 December 2019,"Lower Limit along Date to Plot, Date To",2018,,78.376668868
12/8/2019,02 December 2019,Number of Complaints,2019,True,144
12/8/2019,02 December 2019,"Avg Complaints Per Year along Date to Plot, Date To",2019,True,192.923076923
12/8/2019,02 December 2019,"Upper Limit along Date to Plot, Date To",2019,True,268.993894132
12/8/2019,02 December 2019,"Lower Limit along Date to Plot, Date To",2019,True,116.852259715
12/8/2019,02 December 2019,Number of Complaints,2020,,
12/8/2019,02 December 2019,"Avg Complaints Per Year along Date to Plot, Date To",2020,,194.512195122
12/8/2019,02 December 2019,"Upper Limit along Date to Plot, Date To",2020,,343.929245280
12/8/2019,02 December 2019,"Lower Limit along Date to Plot, Date To",2020,,45.095144964
12/15/2019,09 December 2019,Number of Complaints,2016,,
12/15/2019,09 December 2019,"Avg Complaints Per Year along Date to Plot, Date To",2016,,137.596153846
12/15/2019,09 December 2019,"Upper Limit along Date to Plot, Date To",2016,,219.471079151
12/15/2019,09 December 2019,"Lower Limit along Date to Plot, Date To",2016,,55.721228541
12/15/2019,09 December 2019,Number of Complaints,2017,,
12/15/2019,09 December 2019,"Avg Complaints Per Year along Date to Plot, Date To",2017,,184.442307692
12/15/2019,09 December 2019,"Upper Limit along Date to Plot, Date To",2017,,306.413490588
12/15/2019,09 December 2019,"Lower Limit along Date to Plot, Date To",2017,,62.471124796
12/15/2019,09 December 2019,Number of Complaints,2018,,
12/15/2019,09 December 2019,"Avg Complaints Per Year along Date to Plot, Date To",2018,,218.660377358
12/15/2019,09 December 2019,"Upper Limit along Date to Plot, Date To",2018,,358.944085849
12/15/2019,09 December 2019,"Lower Limit along Date to Plot, Date To",2018,,78.376668868
12/15/2019,09 December 2019,Number of Complaints,2019,True,173
12/15/2019,09 December 2019,"Avg Complaints Per Year along Date to Plot, Date To",2019,True,192.923076923
12/15/2019,09 December 2019,"Upper Limit along Date to Plot, Date To",2019,True,268.993894132
12/15/2019,09 December 2019,"Lower Limit along Date to Plot, Date To",2019,True,116.852259715
12/15/2019,09 December 2019,Number of Complaints,2020,,
12/15/2019,09 December 2019,"Avg Complaints Per Year along Date to Plot, Date To",2020,,194.512195122
12/15/2019,09 December 2019,"Upper Limit along Date to Plot, Date To",2020,,343.929245280
12/15/2019,09 December 2019,"Lower Limit along Date to Plot, Date To",2020,,45.095144964
12/22/2019,16 December 2019,Number of Complaints,2016,,
12/22/2019,16 December 2019,"Avg Complaints Per Year along Date to Plot, Date To",2016,,137.596153846
12/22/2019,16 December 2019,"Upper Limit along Date to Plot, Date To",2016,,219.471079151
12/22/2019,16 December 2019,"Lower Limit along Date to Plot, Date To",2016,,55.721228541
12/22/2019,16 December 2019,Number of Complaints,2017,,
12/22/2019,16 December 2019,"Avg Complaints Per Year along Date to Plot, Date To",2017,,184.442307692
12/22/2019,16 December 2019,"Upper Limit along Date to Plot, Date To",2017,,306.413490588
12/22/2019,16 December 2019,"Lower Limit along Date to Plot, Date To",2017,,62.471124796
12/22/2019,16 December 2019,Number of Complaints,2018,,
12/22/2019,16 December 2019,"Avg Complaints Per Year along Date to Plot, Date To",2018,,218.660377358
12/22/2019,16 December 2019,"Upper Limit along Date to Plot, Date To",2018,,358.944085849
12/22/2019,16 December 2019,"Lower Limit along Date to Plot, Date To",2018,,78.376668868
12/22/2019,16 December 2019,Number of Complaints,2019,True,166
12/22/2019,16 December 2019,"Avg Complaints Per Year along Date to Plot, Date To",2019,True,192.923076923
12/22/2019,16 December 2019,"Upper Limit along Date to Plot, Date To",2019,True,268.993894132
12/22/2019,16 December 2019,"Lower Limit along Date to Plot, Date To",2019,True,116.852259715
12/22/2019,16 December 2019,Number of Complaints,2020,,
12/22/2019,16 December 2019,"Avg Complaints Per Year along Date to Plot, Date To",2020,,194.512195122
12/22/2019,16 December 2019,"Upper Limit along Date to Plot, Date To",2020,,343.929245280
12/22/2019,16 December 2019,"Lower Limit along Date to Plot, Date To",2020,,45.095144964
12/29/2019,23 December 2019,Number of Complaints,2016,,
12/29/2019,23 December 2019,"Avg Complaints Per Year along Date to Plot, Date To",2016,,137.596153846
12/29/2019,23 December 2019,"Upper Limit along Date to Plot, Date To",2016,,219.471079151
12/29/2019,23 December 2019,"Lower Limit along Date to Plot, Date To",2016,,55.721228541
12/29/2019,23 December 2019,Number of Complaints,2017,,
12/29/2019,23 December 2019,"Avg Complaints Per Year along Date to Plot, Date To",2017,,184.442307692
12/29/2019,23 December 2019,"Upper Limit along Date to Plot, Date To",2017,,306.413490588
12/29/2019,23 December 2019,"Lower Limit along Date to Plot, Date To",2017,,62.471124796
12/29/2019,23 December 2019,Number of Complaints,2018,,
12/29/2019,23 December 2019,"Avg Complaints Per Year along Date to Plot, Date To",2018,,218.660377358
12/29/2019,23 December 2019,"Upper Limit along Date to Plot, Date To",2018,,358.944085849
12/29/2019,23 December 2019,"Lower Limit along Date to Plot, Date To",2018,,78.376668868
12/29/2019,23 December 2019,Number of Complaints,2019,True,118
12/29/2019,23 December 2019,"Avg Complaints Per Year along Date to Plot, Date To",2019,True,192.923076923
12/29/2019,23 December 2019,"Upper Limit along Date to Plot, Date To",2019,True,268.993894132
12/29/2019,23 December 2019,"Lower Limit along Date to Plot, Date To",2019,True,116.852259715
12/29/2019,23 December 2019,Number of Complaints,2020,,
12/29/2019,23 December 2019,"Avg Complaints Per Year along Date to Plot, Date To",2020,,194.512195122
12/29/2019,23 December 2019,"Upper Limit along Date to Plot, Date To",2020,,343.929245280
12/29/2019,23 December 2019,"Lower Limit along Date to Plot, Date To",2020,,45.095144964
1/5/2020,30 December 2019,Number of Complaints,2016,,
1/5/2020,30 December 2019,"Avg Complaints Per Year along Date to Plot, Date To",2016,,137.596153846
1/5/2020,30 December 2019,"Upper Limit along Date to Plot, Date To",2016,,219.471079151
1/5/2020,30 December 2019,"Lower Limit along Date to Plot, Date To",2016,,55.721228541
1/5/2020,30 December 2019,Number of Complaints,2017,,
1/5/2020,30 December 2019,"Avg Complaints Per Year along Date to Plot, Date To",2017,,184.442307692
1/5/2020,30 December 2019,"Upper Limit along Date to Plot, Date To",2017,,306.413490588
1/5/2020,30 December 2019,"Lower Limit along Date to Plot, Date To",2017,,62.471124796
1/5/2020,30 December 2019,Number of Complaints,2018,,
1/5/2020,30 December 2019,"Avg Complaints Per Year along Date to Plot, Date To",2018,,218.660377358
1/5/2020,30 December 2019,"Upper Limit along Date to Plot, Date To",2018,,358.944085849
1/5/2020,30 December 2019,"Lower Limit along Date to Plot, Date To",2018,,78.376668868
1/5/2020,30 December 2019,Number of Complaints,2019,True,140
1/5/2020,30 December 2019,"Avg Complaints Per Year along Date to Plot, Date To",2019,True,192.923076923
1/5/2020,30 December 2019,"Upper Limit along Date to Plot, Date To",2019,True,268.993894132
1/5/2020,30 December 2019,"Lower Limit along Date to Plot, Date To",2019,True,116.852259715
1/5/2020,30 December 2019,Number of Complaints,2020,,
1/5/2020,30 December 2019,"Avg Complaints Per Year along Date to Plot, Date To",2020,,194.512195122
1/5/2020,30 December 2019,"Upper Limit along Date to Plot, Date To",2020,,343.929245280
1/5/2020,30 December 2019,"Lower Limit along Date to Plot, Date To",2020,,45.095144964
1/12/2020,06 January 2020,Number of Complaints,2016,,
1/12/2020,06 January 2020,"Avg Complaints Per Year along Date to Plot, Date To",2016,,137.596153846
1/12/2020,06 January 2020,"Upper Limit along Date to Plot, Date To",2016,,219.471079151
1/12/2020,06 January 2020,"Lower Limit along Date to Plot, Date To",2016,,55.721228541
1/12/2020,06 January 2020,Number of Complaints,2017,,
1/12/2020,06 January 2020,"Avg Complaints Per Year along Date to Plot, Date To",2017,,184.442307692
1/12/2020,06 January 2020,"Upper Limit along Date to Plot, Date To",2017,,306.413490588
1/12/2020,06 January 2020,"Lower Limit along Date to Plot, Date To",2017,,62.471124796
1/12/2020,06 January 2020,Number of Complaints,2018,,
1/12/2020,06 January 2020,"Avg Complaints Per Year along Date to Plot, Date To",2018,,218.660377358
1/12/2020,06 January 2020,"Upper Limit along Date to Plot, Date To",2018,,358.944085849
1/12/2020,06 January 2020,"Lower Limit along Date to Plot, Date To",2018,,78.376668868
1/12/2020,06 January 2020,Number of Complaints,2019,,
1/12/2020,06 January 2020,"Avg Complaints Per Year along Date to Plot, Date To",2019,,192.923076923
1/12/2020,06 January 2020,"Upper Limit along Date to Plot, Date To",2019,,268.993894132
1/12/2020,06 January 2020,"Lower Limit along Date to Plot, Date To",2019,,116.852259715
1/12/2020,06 January 2020,Number of Complaints,2020,True,169
1/12/2020,06 January 2020,"Avg Complaints Per Year along Date to Plot, Date To",2020,True,194.512195122
1/12/2020,06 January 2020,"Upper Limit along Date to Plot, Date To",2020,True,343.929245280
1/12/2020,06 January 2020,"Lower Limit along Date to Plot, Date To",2020,True,45.095144964
1/19/2020,13 January 2020,Number of Complaints,2016,,
1/19/2020,13 January 2020,"Avg Complaints Per Year along Date to Plot, Date To",2016,,137.596153846
1/19/2020,13 January 2020,"Upper Limit along Date to Plot, Date To",2016,,219.471079151
1/19/2020,13 January 2020,"Lower Limit along Date to Plot, Date To",2016,,55.721228541
1/19/2020,13 January 2020,Number of Complaints,2017,,
1/19/2020,13 January 2020,"Avg Complaints Per Year along Date to Plot, Date To",2017,,184.442307692
1/19/2020,13 January 2020,"Upper Limit along Date to Plot, Date To",2017,,306.413490588
1/19/2020,13 January 2020,"Lower Limit along Date to Plot, Date To",2017,,62.471124796
1/19/2020,13 January 2020,Number of Complaints,2018,,
1/19/2020,13 January 2020,"Avg Complaints Per Year along Date to Plot, Date To",2018,,218.660377358
1/19/2020,13 January 2020,"Upper Limit along Date to Plot, Date To",2018,,358.944085849
1/19/2020,13 January 2020,"Lower Limit along Date to Plot, Date To",2018,,78.376668868
1/19/2020,13 January 2020,Number of Complaints,2019,,
1/19/2020,13 January 2020,"Avg Complaints Per Year along Date to Plot, Date To",2019,,192.923076923
1/19/2020,13 January 2020,"Upper Limit along Date to Plot, Date To",2019,,268.993894132
1/19/2020,13 January 2020,"Lower Limit along Date to Plot, Date To",2019,,116.852259715
1/19/2020,13 January 2020,Number of Complaints,2020,True,164
1/19/2020,13 January 2020,"Avg Complaints Per Year along Date to Plot, Date To",2020,True,194.512195122
1/19/2020,13 January 2020,"Upper Limit along Date to Plot, Date To",2020,True,343.929245280
1/19/2020,13 January 2020,"Lower Limit along Date to Plot, Date To",2020,True,45.095144964
1/26/2020,20 January 2020,Number of Complaints,2016,,
1/26/2020,20 January 2020,"Avg Complaints Per Year along Date to Plot, Date To",2016,,137.596153846
1/26/2020,20 January 2020,"Upper Limit along Date to Plot, Date To",2016,,219.471079151
1/26/2020,20 January 2020,"Lower Limit along Date to Plot, Date To",2016,,55.721228541
1/26/2020,20 January 2020,Number of Complaints,2017,,
1/26/2020,20 January 2020,"Avg Complaints Per Year along Date to Plot, Date To",2017,,184.442307692
1/26/2020,20 January 2020,"Upper Limit along Date to Plot, Date To",2017,,306.413490588
1/26/2020,20 January 2020,"Lower Limit along Date to Plot, Date To",2017,,62.471124796
1/26/2020,20 January 2020,Number of Complaints,2018,,
1/26/2020,20 January 2020,"Avg Complaints Per Year along Date to Plot, Date To",2018,,218.660377358
1/26/2020,20 January 2020,"Upper Limit along Date to Plot, Date To",2018,,358.944085849
1/26/2020,20 January 2020,"Lower Limit along Date to Plot, Date To",2018,,78.376668868
1/26/2020,20 January 2020,Number of Complaints,2019,,
1/26/2020,20 January 2020,"Avg Complaints Per Year along Date to Plot, Date To",2019,,192.923076923
1/26/2020,20 January 2020,"Upper Limit along Date to Plot, Date To",2019,,268.993894132
1/26/2020,20 January 2020,"Lower Limit along Date to Plot, Date To",2019,,116.852259715
1/26/2020,20 January 2020,Number of Complaints,2020,True,162
1/26/2020,20 January 2020,"Avg Complaints Per Year along Date to Plot, Date To",2020,True,194.512195122
1/26/2020,20 January 2020,"Upper Limit along Date to Plot, Date To",2020,True,343.929245280
1/26/2020,20 January 2020,"Lower Limit along Date to Plot, Date To",2020,True,45.095144964
2/2/2020,27 January 2020,Number of Complaints,2016,,
2/2/2020,27 January 2020,"Avg Complaints Per Year along Date to Plot, Date To",2016,,137.596153846
2/2/2020,27 January 2020,"Upper Limit along Date to Plot, Date To",2016,,219.471079151
2/2/2020,27 January 2020,"Lower Limit along Date to Plot, Date To",2016,,55.721228541
2/2/2020,27 January 2020,Number of Complaints,2017,,
2/2/2020,27 January 2020,"Avg Complaints Per Year along Date to Plot, Date To",2017,,184.442307692
2/2/2020,27 January 2020,"Upper Limit along Date to Plot, Date To",2017,,306.413490588
2/2/2020,27 January 2020,"Lower Limit along Date to Plot, Date To",2017,,62.471124796
2/2/2020,27 January 2020,Number of Complaints,2018,,
2/2/2020,27 January 2020,"Avg Complaints Per Year along Date to Plot, Date To",2018,,218.660377358
2/2/2020,27 January 2020,"Upper Limit along Date to Plot, Date To",2018,,358.944085849
2/2/2020,27 January 2020,"Lower Limit along Date to Plot, Date To",2018,,78.376668868
2/2/2020,27 January 2020,Number of Complaints,2019,,
2/2/2020,27 January 2020,"Avg Complaints Per Year along Date to Plot, Date To",2019,,192.923076923
2/2/2020,27 January 2020,"Upper Limit along Date to Plot, Date To",2019,,268.993894132
2/2/2020,27 January 2020,"Lower Limit along Date to Plot, Date To",2019,,116.852259715
2/2/2020,27 January 2020,Number of Complaints,2020,True,193
2/2/2020,27 January 2020,"Avg Complaints Per Year along Date to Plot, Date To",2020,True,194.512195122
2/2/2020,27 January 2020,"Upper Limit along Date to Plot, Date To",2020,True,343.929245280
2/2/2020,27 January 2020,"Lower Limit along Date to Plot, Date To",2020,True,45.095144964
2/9/2020,03 February 2020,Number of Complaints,2016,,
2/9/2020,03 February 2020,"Avg Complaints Per Year along Date to Plot, Date To",2016,,137.596153846
2/9/2020,03 February 2020,"Upper Limit along Date to Plot, Date To",2016,,219.471079151
2/9/2020,03 February 2020,"Lower Limit along Date to Plot, Date To",2016,,55.721228541
2/9/2020,03 February 2020,Number of Complaints,2017,,
2/9/2020,03 February 2020,"Avg Complaints Per Year along Date to Plot, Date To",2017,,184.442307692
2/9/2020,03 February 2020,"Upper Limit along Date to Plot, Date To",2017,,306.413490588
2/9/2020,03 February 2020,"Lower Limit along Date to Plot, Date To",2017,,62.471124796
2/9/2020,03 February 2020,Number of Complaints,2018,,
2/9/2020,03 February 2020,"Avg Complaints Per Year along Date to Plot, Date To",2018,,218.660377358
2/9/2020,03 February 2020,"Upper Limit along Date to Plot, Date To",2018,,358.944085849
2/9/2020,03 February 2020,"Lower Limit along Date to Plot, Date To",2018,,78.376668868
2/9/2020,03 February 2020,Number of Complaints,2019,,
2/9/2020,03 February 2020,"Avg Complaints Per Year along Date to Plot, Date To",2019,,192.923076923
2/9/2020,03 February 2020,"Upper Limit along Date to Plot, Date To",2019,,268.993894132
2/9/2020,03 February 2020,"Lower Limit along Date to Plot, Date To",2019,,116.852259715
2/9/2020,03 February 2020,Number of Complaints,2020,True,188
2/9/2020,03 February 2020,"Avg Complaints Per Year along Date to Plot, Date To",2020,True,194.512195122
2/9/2020,03 February 2020,"Upper Limit along Date to Plot, Date To",2020,True,343.929245280
2/9/2020,03 February 2020,"Lower Limit along Date to Plot, Date To",2020,True,45.095144964
2/16/2020,10 February 2020,Number of Complaints,2016,,
2/16/2020,10 February 2020,"Avg Complaints Per Year along Date to Plot, Date To",2016,,137.596153846
2/16/2020,10 February 2020,"Upper Limit along Date to Plot, Date To",2016,,219.471079151
2/16/2020,10 February 2020,"Lower Limit along Date to Plot, Date To",2016,,55.721228541
2/16/2020,10 February 2020,Number of Complaints,2017,,
2/16/2020,10 February 2020,"Avg Complaints Per Year along Date to Plot, Date To",2017,,184.442307692
2/16/2020,10 February 2020,"Upper Limit along Date to Plot, Date To",2017,,306.413490588
2/16/2020,10 February 2020,"Lower Limit along Date to Plot, Date To",2017,,62.471124796
2/16/2020,10 February 2020,Number of Complaints,2018,,
2/16/2020,10 February 2020,"Avg Complaints Per Year along Date to Plot, Date To",2018,,218.660377358
2/16/2020,10 February 2020,"Upper Limit along Date to Plot, Date To",2018,,358.944085849
2/16/2020,10 February 2020,"Lower Limit along Date to Plot, Date To",2018,,78.376668868
2/16/2020,10 February 2020,Number of Complaints,2019,,
2/16/2020,10 February 2020,"Avg Complaints Per Year along Date to Plot, Date To",2019,,192.923076923
2/16/2020,10 February 2020,"Upper Limit along Date to Plot, Date To",2019,,268.993894132
2/16/2020,10 February 2020,"Lower Limit along Date to Plot, Date To",2019,,116.852259715
2/16/2020,10 February 2020,Number of Complaints,2020,True,193
2/16/2020,10 February 2020,"Avg Complaints Per Year along Date to Plot, Date To",2020,True,194.512195122
2/16/2020,10 February 2020,"Upper Limit along Date to Plot, Date To",2020,True,343.929245280
2/16/2020,10 February 2020,"Lower Limit along Date to Plot, Date To",2020,True,45.095144964
2/23/2020,17 February 2020,Number of Complaints,2016,,
2/23/2020,17 February 2020,"Avg Complaints Per Year along Date to Plot, Date To",2016,,137.596153846
2/23/2020,17 February 2020,"Upper Limit along Date to Plot, Date To",2016,,219.471079151
2/23/2020,17 February 2020,"Lower Limit along Date to Plot, Date To",2016,,55.721228541
2/23/2020,17 February 2020,Number of Complaints,2017,,
2/23/2020,17 February 2020,"Avg Complaints Per Year along Date to Plot, Date To",2017,,184.442307692
2/23/2020,17 February 2020,"Upper Limit along Date to Plot, Date To",2017,,306.413490588
2/23/2020,17 February 2020,"Lower Limit along Date to Plot, Date To",2017,,62.471124796
2/23/2020,17 February 2020,Number of Complaints,2018,,
2/23/2020,17 February 2020,"Avg Complaints Per Year along Date to Plot, Date To",2018,,218.660377358
2/23/2020,17 February 2020,"Upper Limit along Date to Plot, Date To",2018,,358.944085849
2/23/2020,17 February 2020,"Lower Limit along Date to Plot, Date To",2018,,78.376668868
2/23/2020,17 February 2020,Number of Complaints,2019,,
2/23/2020,17 February 2020,"Avg Complaints Per Year along Date to Plot, Date To",2019,,192.923076923
2/23/2020,17 February 2020,"Upper Limit along Date to Plot, Date To",2019,,268.993894132
2/23/2020,17 February 2020,"Lower Limit along Date to Plot, Date To",2019,,116.852259715
2/23/2020,17 February 2020,Number of Complaints,2020,True,191
2/23/2020,17 February 2020,"Avg Complaints Per Year along Date to Plot, Date To",2020,True,194.512195122
2/23/2020,17 February 2020,"Upper Limit along Date to Plot, Date To",2020,True,343.929245280
2/23/2020,17 February 2020,"Lower Limit along Date to Plot, Date To",2020,True,45.095144964
3/1/2020,24 February 2020,Number of Complaints,2016,,
3/1/2020,24 February 2020,"Avg Complaints Per Year along Date to Plot, Date To",2016,,137.596153846
3/1/2020,24 February 2020,"Upper Limit along Date to Plot, Date To",2016,,219.471079151
3/1/2020,24 February 2020,"Lower Limit along Date to Plot, Date To",2016,,55.721228541
3/1/2020,24 February 2020,Number of Complaints,2017,,
3/1/2020,24 February 2020,"Avg Complaints Per Year along Date to Plot, Date To",2017,,184.442307692
3/1/2020,24 February 2020,"Upper Limit along Date to Plot, Date To",2017,,306.413490588
3/1/2020,24 February 2020,"Lower Limit along Date to Plot, Date To",2017,,62.471124796
3/1/2020,24 February 2020,Number of Complaints,2018,,
3/1/2020,24 February 2020,"Avg Complaints Per Year along Date to Plot, Date To",2018,,218.660377358
3/1/2020,24 February 2020,"Upper Limit along Date to Plot, Date To",2018,,358.944085849
3/1/2020,24 February 2020,"Lower Limit along Date to Plot, Date To",2018,,78.376668868
3/1/2020,24 February 2020,Number of Complaints,2019,,
3/1/2020,24 February 2020,"Avg Complaints Per Year along Date to Plot, Date To",2019,,192.923076923
3/1/2020,24 February 2020,"Upper Limit along Date to Plot, Date To",2019,,268.993894132
3/1/2020,24 February 2020,"Lower Limit along Date to Plot, Date To",2019,,116.852259715
3/1/2020,24 February 2020,Number of Complaints,2020,True,203
3/1/2020,24 February 2020,"Avg Complaints Per Year along Date to Plot, Date To",2020,True,194.512195122
3/1/2020,24 February 2020,"Upper Limit along Date to Plot, Date To",2020,True,343.929245280
3/1/2020,24 February 2020,"Lower Limit along Date to Plot, Date To",2020,True,45.095144964
3/8/2020,02 March 2020,Number of Complaints,2016,,
3/8/2020,02 March 2020,"Avg Complaints Per Year along Date to Plot, Date To",2016,,137.596153846
3/8/2020,02 March 2020,"Upper Limit along Date to Plot, Date To",2016,,219.471079151
3/8/2020,02 March 2020,"Lower Limit along Date to Plot, Date To",2016,,55.721228541
3/8/2020,02 March 2020,Number of Complaints,2017,,
3/8/2020,02 March 2020,"Avg Complaints Per Year along Date to Plot, Date To",2017,,184.442307692
3/8/2020,02 March 2020,"Upper Limit along Date to Plot, Date To",2017,,306.413490588
3/8/2020,02 March 2020,"Lower Limit along Date to Plot, Date To",2017,,62.471124796
3/8/2020,02 March 2020,Number of Complaints,2018,,
3/8/2020,02 March 2020,"Avg Complaints Per Year along Date to Plot, Date To",2018,,218.660377358
3/8/2020,02 March 2020,"Upper Limit along Date to Plot, Date To",2018,,358.944085849
3/8/2020,02 March 2020,"Lower Limit along Date to Plot, Date To",2018,,78.376668868
3/8/2020,02 March 2020,Number of Complaints,2019,,
3/8/2020,02 March 2020,"Avg Complaints Per Year along Date to Plot, Date To",2019,,192.923076923
3/8/2020,02 March 2020,"Upper Limit along Date to Plot, Date To",2019,,268.993894132
3/8/2020,02 March 2020,"Lower Limit along Date to Plot, Date To",2019,,116.852259715
3/8/2020,02 March 2020,Number of Complaints,2020,True,169
3/8/2020,02 March 2020,"Avg Complaints Per Year along Date to Plot, Date To",2020,True,194.512195122
3/8/2020,02 March 2020,"Upper Limit along Date to Plot, Date To",2020,True,343.929245280
3/8/2020,02 March 2020,"Lower Limit along Date to Plot, Date To",2020,True,45.095144964
3/15/2020,09 March 2020,Number of Complaints,2016,,
3/15/2020,09 March 2020,"Avg Complaints Per Year along Date to Plot, Date To",2016,,137.596153846
3/15/2020,09 March 2020,"Upper Limit along Date to Plot, Date To",2016,,219.471079151
3/15/2020,09 March 2020,"Lower Limit along Date to Plot, Date To",2016,,55.721228541
3/15/2020,09 March 2020,Number of Complaints,2017,,
3/15/2020,09 March 2020,"Avg Complaints Per Year along Date to Plot, Date To",2017,,184.442307692
3/15/2020,09 March 2020,"Upper Limit along Date to Plot, Date To",2017,,306.413490588
3/15/2020,09 March 2020,"Lower Limit along Date to Plot, Date To",2017,,62.471124796
3/15/2020,09 March 2020,Number of Complaints,2018,,
3/15/2020,09 March 2020,"Avg Complaints Per Year along Date to Plot, Date To",2018,,218.660377358
3/15/2020,09 March 2020,"Upper Limit along Date to Plot, Date To",2018,,358.944085849
3/15/2020,09 March 2020,"Lower Limit along Date to Plot, Date To",2018,,78.376668868
3/15/2020,09 March 2020,Number of Complaints,2019,,
3/15/2020,09 March 2020,"Avg Complaints Per Year along Date to Plot, Date To",2019,,192.923076923
3/15/2020,09 March 2020,"Upper Limit along Date to Plot, Date To",2019,,268.993894132
3/15/2020,09 March 2020,"Lower Limit along Date to Plot, Date To",2019,,116.852259715
3/15/2020,09 March 2020,Number of Complaints,2020,True,216
3/15/2020,09 March 2020,"Avg Complaints Per Year along Date to Plot, Date To",2020,True,194.512195122
3/15/2020,09 March 2020,"Upper Limit along Date to Plot, Date To",2020,True,343.929245280
3/15/2020,09 March 2020,"Lower Limit along Date to Plot, Date To",2020,True,45.095144964
3/22/2020,16 March 2020,Number of Complaints,2016,,
3/22/2020,16 March 2020,"Avg Complaints Per Year along Date to Plot, Date To",2016,,137.596153846
3/22/2020,16 March 2020,"Upper Limit along Date to Plot, Date To",2016,,219.471079151
3/22/2020,16 March 2020,"Lower Limit along Date to Plot, Date To",2016,,55.721228541
3/22/2020,16 March 2020,Number of Complaints,2017,,
3/22/2020,16 March 2020,"Avg Complaints Per Year along Date to Plot, Date To",2017,,184.442307692
3/22/2020,16 March 2020,"Upper Limit along Date to Plot, Date To",2017,,306.413490588
3/22/2020,16 March 2020,"Lower Limit along Date to Plot, Date To",2017,,62.471124796
3/22/2020,16 March 2020,Number of Complaints,2018,,
3/22/2020,16 March 2020,"Avg Complaints Per Year along Date to Plot, Date To",2018,,218.660377358
3/22/2020,16 March 2020,"Upper Limit along Date to Plot, Date To",2018,,358.944085849
3/22/2020,16 March 2020,"Lower Limit along Date to Plot, Date To",2018,,78.376668868
3/22/2020,16 March 2020,Number of Complaints,2019,,
3/22/2020,16 March 2020,"Avg Complaints Per Year along Date to Plot, Date To",2019,,192.923076923
3/22/2020,16 March 2020,"Upper Limit along Date to Plot, Date To",2019,,268.993894132
3/22/2020,16 March 2020,"Lower Limit along Date to Plot, Date To",2019,,116.852259715
3/22/2020,16 March 2020,Number of Complaints,2020,True,165
3/22/2020,16 March 2020,"Avg Complaints Per Year along Date to Plot, Date To",2020,True,194.512195122
3/22/2020,16 March 2020,"Upper Limit along Date to Plot, Date To",2020,True,343.929245280
3/22/2020,16 March 2020,"Lower Limit along Date to Plot, Date To",2020,True,45.095144964
3/29/2020,23 March 2020,Number of Complaints,2016,,
3/29/2020,23 March 2020,"Avg Complaints Per Year along Date to Plot, Date To",2016,,137.596153846
3/29/2020,23 March 2020,"Upper Limit along Date to Plot, Date To",2016,,219.471079151
3/29/2020,23 March 2020,"Lower Limit along Date to Plot, Date To",2016,,55.721228541
3/29/2020,23 March 2020,Number of Complaints,2017,,
3/29/2020,23 March 2020,"Avg Complaints Per Year along Date to Plot, Date To",2017,,184.442307692
3/29/2020,23 March 2020,"Upper Limit along Date to Plot, Date To",2017,,306.413490588
3/29/2020,23 March 2020,"Lower Limit along Date to Plot, Date To",2017,,62.471124796
3/29/2020,23 March 2020,Number of Complaints,2018,,
3/29/2020,23 March 2020,"Avg Complaints Per Year along Date to Plot, Date To",2018,,218.660377358
3/29/2020,23 March 2020,"Upper Limit along Date to Plot, Date To",2018,,358.944085849
3/29/2020,23 March 2020,"Lower Limit along Date to Plot, Date To",2018,,78.376668868
3/29/2020,23 March 2020,Number of Complaints,2019,,
3/29/2020,23 March 2020,"Avg Complaints Per Year along Date to Plot, Date To",2019,,192.923076923
3/29/2020,23 March 2020,"Upper Limit along Date to Plot, Date To",2019,,268.993894132
3/29/2020,23 March 2020,"Lower Limit along Date to Plot, Date To",2019,,116.852259715
3/29/2020,23 March 2020,Number of Complaints,2020,True,175
3/29/2020,23 March 2020,"Avg Complaints Per Year along Date to Plot, Date To",2020,True,194.512195122
3/29/2020,23 March 2020,"Upper Limit along Date to Plot, Date To",2020,True,343.929245280
3/29/2020,23 March 2020,"Lower Limit along Date to Plot, Date To",2020,True,45.095144964
4/5/2020,30 March 2020,Number of Complaints,2016,,
4/5/2020,30 March 2020,"Avg Complaints Per Year along Date to Plot, Date To",2016,,137.596153846
4/5/2020,30 March 2020,"Upper Limit along Date to Plot, Date To",2016,,219.471079151
4/5/2020,30 March 2020,"Lower Limit along Date to Plot, Date To",2016,,55.721228541
4/5/2020,30 March 2020,Number of Complaints,2017,,
4/5/2020,30 March 2020,"Avg Complaints Per Year along Date to Plot, Date To",2017,,184.442307692
4/5/2020,30 March 2020,"Upper Limit along Date to Plot, Date To",2017,,306.413490588
4/5/2020,30 March 2020,"Lower Limit along Date to Plot, Date To",2017,,62.471124796
4/5/2020,30 March 2020,Number of Complaints,2018,,
4/5/2020,30 March 2020,"Avg Complaints Per Year along Date to Plot, Date To",2018,,218.660377358
4/5/2020,30 March 2020,"Upper Limit along Date to Plot, Date To",2018,,358.944085849
4/5/2020,30 March 2020,"Lower Limit along Date to Plot, Date To",2018,,78.376668868
4/5/2020,30 March 2020,Number of Complaints,2019,,
4/5/2020,30 March 2020,"Avg Complaints Per Year along Date to Plot, Date To",2019,,192.923076923
4/5/2020,30 March 2020,"Upper Limit along Date to Plot, Date To",2019,,268.993894132
4/5/2020,30 March 2020,"Lower Limit along Date to Plot, Date To",2019,,116.852259715
4/5/2020,30 March 2020,Number of Complaints,2020,True,192
4/5/2020,30 March 2020,"Avg Complaints Per Year along Date to Plot, Date To",2020,True,194.512195122
4/5/2020,30 March 2020,"Upper Limit along Date to Plot, Date To",2020,True,343.929245280
4/5/2020,30 March 2020,"Lower Limit along Date to Plot, Date To",2020,True,45.095144964
4/12/2020,06 April 2020,Number of Complaints,2016,,
4/12/2020,06 April 2020,"Avg Complaints Per Year along Date to Plot, Date To",2016,,137.596153846
4/12/2020,06 April 2020,"Upper Limit along Date to Plot, Date To",2016,,219.471079151
4/12/2020,06 April 2020,"Lower Limit along Date to Plot, Date To",2016,,55.721228541
4/12/2020,06 April 2020,Number of Complaints,2017,,
4/12/2020,06 April 2020,"Avg Complaints Per Year along Date to Plot, Date To",2017,,184.442307692
4/12/2020,06 April 2020,"Upper Limit along Date to Plot, Date To",2017,,306.413490588
4/12/2020,06 April 2020,"Lower Limit along Date to Plot, Date To",2017,,62.471124796
4/12/2020,06 April 2020,Number of Complaints,2018,,
4/12/2020,06 April 2020,"Avg Complaints Per Year along Date to Plot, Date To",2018,,218.660377358
4/12/2020,06 April 2020,"Upper Limit along Date to Plot, Date To",2018,,358.944085849
4/12/2020,06 April 2020,"Lower Limit along Date to Plot, Date To",2018,,78.376668868
4/12/2020,06 April 2020,Number of Complaints,2019,,
4/12/2020,06 April 2020,"Avg Complaints Per Year along Date to Plot, Date To",2019,,192.923076923
4/12/2020,06 April 2020,"Upper Limit along Date to Plot, Date To",2019,,268.993894132
4/12/2020,06 April 2020,"Lower Limit along Date to Plot, Date To",2019,,116.852259715
4/12/2020,06 April 2020,Number of Complaints,2020,True,164
4/12/2020,06 April 2020,"Avg Complaints Per Year along Date to Plot, Date To",2020,True,194.512195122
4/12/2020,06 April 2020,"Upper Limit along Date to Plot, Date To",2020,True,343.929245280
4/12/2020,06 April 2020,"Lower Limit along Date to Plot, Date To",2020,True,45.095144964
4/19/2020,13 April 2020,Number of Complaints,2016,,
4/19/2020,13 April 2020,"Avg Complaints Per Year along Date to Plot, Date To",2016,,137.596153846
4/19/2020,13 April 2020,"Upper Limit along Date to Plot, Date To",2016,,219.471079151
4/19/2020,13 April 2020,"Lower Limit along Date to Plot, Date To",2016,,55.721228541
4/19/2020,13 April 2020,Number of Complaints,2017,,
4/19/2020,13 April 2020,"Avg Complaints Per Year along Date to Plot, Date To",2017,,184.442307692
4/19/2020,13 April 2020,"Upper Limit along Date to Plot, Date To",2017,,306.413490588
4/19/2020,13 April 2020,"Lower Limit along Date to Plot, Date To",2017,,62.471124796
4/19/2020,13 April 2020,Number of Complaints,2018,,
4/19/2020,13 April 2020,"Avg Complaints Per Year along Date to Plot, Date To",2018,,218.660377358
4/19/2020,13 April 2020,"Upper Limit along Date to Plot, Date To",2018,,358.944085849
4/19/2020,13 April 2020,"Lower Limit along Date to Plot, Date To",2018,,78.376668868
4/19/2020,13 April 2020,Number of Complaints,2019,,
4/19/2020,13 April 2020,"Avg Complaints Per Year along Date to Plot, Date To",2019,,192.923076923
4/19/2020,13 April 2020,"Upper Limit along Date to Plot, Date To",2019,,268.993894132
4/19/2020,13 April 2020,"Lower Limit along Date to Plot, Date To",2019,,116.852259715
4/19/2020,13 April 2020,Number of Complaints,2020,True,181
4/19/2020,13 April 2020,"Avg Complaints Per Year along Date to Plot, Date To",2020,True,194.512195122
4/19/2020,13 April 2020,"Upper Limit along Date to Plot, Date To",2020,True,343.929245280
4/19/2020,13 April 2020,"Lower Limit along Date to Plot, Date To",2020,True,45.095144964
4/26/2020,20 April 2020,Number of Complaints,2016,,
4/26/2020,20 April 2020,"Avg Complaints Per Year along Date to Plot, Date To",2016,,137.596153846
4/26/2020,20 April 2020,"Upper Limit along Date to Plot, Date To",2016,,219.471079151
4/26/2020,20 April 2020,"Lower Limit along Date to Plot, Date To",2016,,55.721228541
4/26/2020,20 April 2020,Number of Complaints,2017,,
4/26/2020,20 April 2020,"Avg Complaints Per Year along Date to Plot, Date To",2017,,184.442307692
4/26/2020,20 April 2020,"Upper Limit along Date to Plot, Date To",2017,,306.413490588
4/26/2020,20 April 2020,"Lower Limit along Date to Plot, Date To",2017,,62.471124796
4/26/2020,20 April 2020,Number of Complaints,2018,,
4/26/2020,20 April 2020,"Avg Complaints Per Year along Date to Plot, Date To",2018,,218.660377358
4/26/2020,20 April 2020,"Upper Limit along Date to Plot, Date To",2018,,358.944085849
4/26/2020,20 April 2020,"Lower Limit along Date to Plot, Date To",2018,,78.376668868
4/26/2020,20 April 2020,Number of Complaints,2019,,
4/26/2020,20 April 2020,"Avg Complaints Per Year along Date to Plot, Date To",2019,,192.923076923
4/26/2020,20 April 2020,"Upper Limit along Date to Plot, Date To",2019,,268.993894132
4/26/2020,20 April 2020,"Lower Limit along Date to Plot, Date To",2019,,116.852259715
4/26/2020,20 April 2020,Number of Complaints,2020,True,190
4/26/2020,20 April 2020,"Avg Complaints Per Year along Date to Plot, Date To",2020,True,194.512195122
4/26/2020,20 April 2020,"Upper Limit along Date to Plot, Date To",2020,True,343.929245280
4/26/2020,20 April 2020,"Lower Limit along Date to Plot, Date To",2020,True,45.095144964
5/3/2020,27 April 2020,Number of Complaints,2016,,
5/3/2020,27 April 2020,"Avg Complaints Per Year along Date to Plot, Date To",2016,,137.596153846
5/3/2020,27 April 2020,"Upper Limit along Date to Plot, Date To",2016,,219.471079151
5/3/2020,27 April 2020,"Lower Limit along Date to Plot, Date To",2016,,55.721228541
5/3/2020,27 April 2020,Number of Complaints,2017,,
5/3/2020,27 April 2020,"Avg Complaints Per Year along Date to Plot, Date To",2017,,184.442307692
5/3/2020,27 April 2020,"Upper Limit along Date to Plot, Date To",2017,,306.413490588
5/3/2020,27 April 2020,"Lower Limit along Date to Plot, Date To",2017,,62.471124796
5/3/2020,27 April 2020,Number of Complaints,2018,,
5/3/2020,27 April 2020,"Avg Complaints Per Year along Date to Plot, Date To",2018,,218.660377358
5/3/2020,27 April 2020,"Upper Limit along Date to Plot, Date To",2018,,358.944085849
5/3/2020,27 April 2020,"Lower Limit along Date to Plot, Date To",2018,,78.376668868
5/3/2020,27 April 2020,Number of Complaints,2019,,
5/3/2020,27 April 2020,"Avg Complaints Per Year along Date to Plot, Date To",2019,,192.923076923
5/3/2020,27 April 2020,"Upper Limit along Date to Plot, Date To",2019,,268.993894132
5/3/2020,27 April 2020,"Lower Limit along Date to Plot, Date To",2019,,116.852259715
5/3/2020,27 April 2020,Number of Complaints,2020,True,207
5/3/2020,27 April 2020,"Avg Complaints Per Year along Date to Plot, Date To",2020,True,194.512195122
5/3/2020,27 April 2020,"Upper Limit along Date to Plot, Date To",2020,True,343.929245280
5/3/2020,27 April 2020,"Lower Limit along Date to Plot, Date To",2020,True,45.095144964
5/10/2020,04 May 2020,Number of Complaints,2016,,
5/10/2020,04 May 2020,"Avg Complaints Per Year along Date to Plot, Date To",2016,,137.596153846
5/10/2020,04 May 2020,"Upper Limit along Date to Plot, Date To",2016,,219.471079151
5/10/2020,04 May 2020,"Lower Limit along Date to Plot, Date To",2016,,55.721228541
5/10/2020,04 May 2020,Number of Complaints,2017,,
5/10/2020,04 May 2020,"Avg Complaints Per Year along Date to Plot, Date To",2017,,184.442307692
5/10/2020,04 May 2020,"Upper Limit along Date to Plot, Date To",2017,,306.413490588
5/10/2020,04 May 2020,"Lower Limit along Date to Plot, Date To",2017,,62.471124796
5/10/2020,04 May 2020,Number of Complaints,2018,,
5/10/2020,04 May 2020,"Avg Complaints Per Year along Date to Plot, Date To",2018,,218.660377358
5/10/2020,04 May 2020,"Upper Limit along Date to Plot, Date To",2018,,358.944085849
5/10/2020,04 May 2020,"Lower Limit along Date to Plot, Date To",2018,,78.376668868
5/10/2020,04 May 2020,Number of Complaints,2019,,
5/10/2020,04 May 2020,"Avg Complaints Per Year along Date to Plot, Date To",2019,,192.923076923
5/10/2020,04 May 2020,"Upper Limit along Date to Plot, Date To",2019,,268.993894132
5/10/2020,04 May 2020,"Lower Limit along Date to Plot, Date To",2019,,116.852259715
5/10/2020,04 May 2020,Number of Complaints,2020,True,185
5/10/2020,04 May 2020,"Avg Complaints Per Year along Date to Plot, Date To",2020,True,194.512195122
5/10/2020,04 May 2020,"Upper Limit along Date to Plot, Date To",2020,True,343.929245280
5/10/2020,04 May 2020,"Lower Limit along Date to Plot, Date To",2020,True,45.095144964
5/17/2020,11 May 2020,Number of Complaints,2016,,
5/17/2020,11 May 2020,"Avg Complaints Per Year along Date to Plot, Date To",2016,,137.596153846
5/17/2020,11 May 2020,"Upper Limit along Date to Plot, Date To",2016,,219.471079151
5/17/2020,11 May 2020,"Lower Limit along Date to Plot, Date To",2016,,55.721228541
5/17/2020,11 May 2020,Number of Complaints,2017,,
5/17/2020,11 May 2020,"Avg Complaints Per Year along Date to Plot, Date To",2017,,184.442307692
5/17/2020,11 May 2020,"Upper Limit along Date to Plot, Date To",2017,,306.413490588
5/17/2020,11 May 2020,"Lower Limit along Date to Plot, Date To",2017,,62.471124796
5/17/2020,11 May 2020,Number of Complaints,2018,,
5/17/2020,11 May 2020,"Avg Complaints Per Year along Date to Plot, Date To",2018,,218.660377358
5/17/2020,11 May 2020,"Upper Limit along Date to Plot, Date To",2018,,358.944085849
5/17/2020,11 May 2020,"Lower Limit along Date to Plot, Date To",2018,,78.376668868
5/17/2020,11 May 2020,Number of Complaints,2019,,
5/17/2020,11 May 2020,"Avg Complaints Per Year along Date to Plot, Date To",2019,,192.923076923
5/17/2020,11 May 2020,"Upper Limit along Date to Plot, Date To",2019,,268.993894132
5/17/2020,11 May 2020,"Lower Limit along Date to Plot, Date To",2019,,116.852259715
5/17/2020,11 May 2020,Number of Complaints,2020,True,164
5/17/2020,11 May 2020,"Avg Complaints Per Year along Date to Plot, Date To",2020,True,194.512195122
5/17/2020,11 May 2020,"Upper Limit along Date to Plot, Date To",2020,True,343.929245280
5/17/2020,11 May 2020,"Lower Limit along Date to Plot, Date To",2020,True,45.095144964
5/24/2020,18 May 2020,Number of Complaints,2016,,
5/24/2020,18 May 2020,"Avg Complaints Per Year along Date to Plot, Date To",2016,,137.596153846
5/24/2020,18 May 2020,"Upper Limit along Date to Plot, Date To",2016,,219.471079151
5/24/2020,18 May 2020,"Lower Limit along Date to Plot, Date To",2016,,55.721228541
5/24/2020,18 May 2020,Number of Complaints,2017,,
5/24/2020,18 May 2020,"Avg Complaints Per Year along Date to Plot, Date To",2017,,184.442307692
5/24/2020,18 May 2020,"Upper Limit along Date to Plot, Date To",2017,,306.413490588
5/24/2020,18 May 2020,"Lower Limit along Date to Plot, Date To",2017,,62.471124796
5/24/2020,18 May 2020,Number of Complaints,2018,,
5/24/2020,18 May 2020,"Avg Complaints Per Year along Date to Plot, Date To",2018,,218.660377358
5/24/2020,18 May 2020,"Upper Limit along Date to Plot, Date To",2018,,358.944085849
5/24/2020,18 May 2020,"Lower Limit along Date to Plot, Date To",2018,,78.376668868
5/24/2020,18 May 2020,Number of Complaints,2019,,
5/24/2020,18 May 2020,"Avg Complaints Per Year along Date to Plot, Date To",2019,,192.923076923
5/24/2020,18 May 2020,"Upper Limit along Date to Plot, Date To",2019,,268.993894132
5/24/2020,18 May 2020,"Lower Limit along Date to Plot, Date To",2019,,116.852259715
5/24/2020,18 May 2020,Number of Complaints,2020,True,185
5/24/2020,18 May 2020,"Avg Complaints Per Year along Date to Plot, Date To",2020,True,194.512195122
5/24/2020,18 May 2020,"Upper Limit along Date to Plot, Date To",2020,True,343.929245280
5/24/2020,18 May 2020,"Lower Limit along Date to Plot, Date To",2020,True,45.095144964
5/31/2020,25 May 2020,Number of Complaints,2016,,
5/31/2020,25 May 2020,"Avg Complaints Per Year along Date to Plot, Date To",2016,,137.596153846
5/31/2020,25 May 2020,"Upper Limit along Date to Plot, Date To",2016,,219.471079151
5/31/2020,25 May 2020,"Lower Limit along Date to Plot, Date To",2016,,55.721228541
5/31/2020,25 May 2020,Number of Complaints,2017,,
5/31/2020,25 May 2020,"Avg Complaints Per Year along Date to Plot, Date To",2017,,184.442307692
5/31/2020,25 May 2020,"Upper Limit along Date to Plot, Date To",2017,,306.413490588
5/31/2020,25 May 2020,"Lower Limit along Date to Plot, Date To",2017,,62.471124796
5/31/2020,25 May 2020,Number of Complaints,2018,,
5/31/2020,25 May 2020,"Avg Complaints Per Year along Date to Plot, Date To",2018,,218.660377358
5/31/2020,25 May 2020,"Upper Limit along Date to Plot, Date To",2018,,358.944085849
5/31/2020,25 May 2020,"Lower Limit along Date to Plot, Date To",2018,,78.376668868
5/31/2020,25 May 2020,Number of Complaints,2019,,
5/31/2020,25 May 2020,"Avg Complaints Per Year along Date to Plot, Date To",2019,,192.923076923
5/31/2020,25 May 2020,"Upper Limit along Date to Plot, Date To",2019,,268.993894132
5/31/2020,25 May 2020,"Lower Limit along Date to Plot, Date To",2019,,116.852259715
5/31/2020,25 May 2020,Number of Complaints,2020,True,177
5/31/2020,25 May 2020,"Avg Complaints Per Year along Date to Plot, Date To",2020,True,194.512195122
5/31/2020,25 May 2020,"Upper Limit along Date to Plot, Date To",2020,True,343.929245280
5/31/2020,25 May 2020,"Lower Limit along Date to Plot, Date To",2020,True,45.095144964
6/7/2020,01 June 2020,Number of Complaints,2016,,
6/7/2020,01 June 2020,"Avg Complaints Per Year along Date to Plot, Date To",2016,,137.596153846
6/7/2020,01 June 2020,"Upper Limit along Date to Plot, Date To",2016,,219.471079151
6/7/2020,01 June 2020,"Lower Limit along Date to Plot, Date To",2016,,55.721228541
6/7/2020,01 June 2020,Number of Complaints,2017,,
6/7/2020,01 June 2020,"Avg Complaints Per Year along Date to Plot, Date To",2017,,184.442307692
6/7/2020,01 June 2020,"Upper Limit along Date to Plot, Date To",2017,,306.413490588
6/7/2020,01 June 2020,"Lower Limit along Date to Plot, Date To",2017,,62.471124796
6/7/2020,01 June 2020,Number of Complaints,2018,,
6/7/2020,01 June 2020,"Avg Complaints Per Year along Date to Plot, Date To",2018,,218.660377358
6/7/2020,01 June 2020,"Upper Limit along Date to Plot, Date To",2018,,358.944085849
6/7/2020,01 June 2020,"Lower Limit along Date to Plot, Date To",2018,,78.376668868
6/7/2020,01 June 2020,Number of Complaints,2019,,
6/7/2020,01 June 2020,"Avg Complaints Per Year along Date to Plot, Date To",2019,,192.923076923
6/7/2020,01 June 2020,"Upper Limit along Date to Plot, Date To",2019,,268.993894132
6/7/2020,01 June 2020,"Lower Limit along Date to Plot, Date To",2019,,116.852259715
6/7/2020,01 June 2020,Number of Complaints,2020,True,219
6/7/2020,01 June 2020,"Avg Complaints Per Year along Date to Plot, Date To",2020,True,194.512195122
6/7/2020,01 June 2020,"Upper Limit along Date to Plot, Date To",2020,True,343.929245280
6/7/2020,01 June 2020,"Lower Limit along Date to Plot, Date To",2020,True,45.095144964
6/14/2020,08 June 2020,Number of Complaints,2016,,
6/14/2020,08 June 2020,"Avg Complaints Per Year along Date to Plot, Date To",2016,,137.596153846
6/14/2020,08 June 2020,"Upper Limit along Date to Plot, Date To",2016,,219.471079151
6/14/2020,08 June 2020,"Lower Limit along Date to Plot, Date To",2016,,55.721228541
6/14/2020,08 June 2020,Number of Complaints,2017,,
6/14/2020,08 June 2020,"Avg Complaints Per Year along Date to Plot, Date To",2017,,184.442307692
6/14/2020,08 June 2020,"Upper Limit along Date to Plot, Date To",2017,,306.413490588
6/14/2020,08 June 2020,"Lower Limit along Date to Plot, Date To",2017,,62.471124796
6/14/2020,08 June 2020,Number of Complaints,2018,,
6/14/2020,08 June 2020,"Avg Complaints Per Year along Date to Plot, Date To",2018,,218.660377358
6/14/2020,08 June 2020,"Upper Limit along Date to Plot, Date To",2018,,358.944085849
6/14/2020,08 June 2020,"Lower Limit along Date to Plot, Date To",2018,,78.376668868
6/14/2020,08 June 2020,Number of Complaints,2019,,
6/14/2020,08 June 2020,"Avg Complaints Per Year along Date to Plot, Date To",2019,,192.923076923
6/14/2020,08 June 2020,"Upper Limit along Date to Plot, Date To",2019,,268.993894132
6/14/2020,08 June 2020,"Lower Limit along Date to Plot, Date To",2019,,116.852259715
6/14/2020,08 June 2020,Number of Complaints,2020,True,181
6/14/2020,08 June 2020,"Avg Complaints Per Year along Date to Plot, Date To",2020,True,194.512195122
6/14/2020,08 June 2020,"Upper Limit along Date to Plot, Date To",2020,True,343.929245280
6/14/2020,08 June 2020,"Lower Limit along Date to Plot, Date To",2020,True,45.095144964
6/21/2020,15 June 2020,Number of Complaints,2016,,
6/21/2020,15 June 2020,"Avg Complaints Per Year along Date to Plot, Date To",2016,,137.596153846
6/21/2020,15 June 2020,"Upper Limit along Date to Plot, Date To",2016,,219.471079151
6/21/2020,15 June 2020,"Lower Limit along Date to Plot, Date To",2016,,55.721228541
6/21/2020,15 June 2020,Number of Complaints,2017,,
6/21/2020,15 June 2020,"Avg Complaints Per Year along Date to Plot, Date To",2017,,184.442307692
6/21/2020,15 June 2020,"Upper Limit along Date to Plot, Date To",2017,,306.413490588
6/21/2020,15 June 2020,"Lower Limit along Date to Plot, Date To",2017,,62.471124796
6/21/2020,15 June 2020,Number of Complaints,2018,,
6/21/2020,15 June 2020,"Avg Complaints Per Year along Date to Plot, Date To",2018,,218.660377358
6/21/2020,15 June 2020,"Upper Limit along Date to Plot, Date To",2018,,358.944085849
6/21/2020,15 June 2020,"Lower Limit along Date to Plot, Date To",2018,,78.376668868
6/21/2020,15 June 2020,Number of Complaints,2019,,
6/21/2020,15 June 2020,"Avg Complaints Per Year along Date to Plot, Date To",2019,,192.923076923
6/21/2020,15 June 2020,"Upper Limit along Date to Plot, Date To",2019,,268.993894132
6/21/2020,15 June 2020,"Lower Limit along Date to Plot, Date To",2019,,116.852259715
6/21/2020,15 June 2020,Number of Complaints,2020,True,204
6/21/2020,15 June 2020,"Avg Complaints Per Year along Date to Plot, Date To",2020,True,194.512195122
6/21/2020,15 June 2020,"Upper Limit along Date to Plot, Date To",2020,True,343.929245280
6/21/2020,15 June 2020,"Lower Limit along Date to Plot, Date To",2020,True,45.095144964
6/28/2020,22 June 2020,Number of Complaints,2016,,
6/28/2020,22 June 2020,"Avg Complaints Per Year along Date to Plot, Date To",2016,,137.596153846
6/28/2020,22 June 2020,"Upper Limit along Date to Plot, Date To",2016,,219.471079151
6/28/2020,22 June 2020,"Lower Limit along Date to Plot, Date To",2016,,55.721228541
6/28/2020,22 June 2020,Number of Complaints,2017,,
6/28/2020,22 June 2020,"Avg Complaints Per Year along Date to Plot, Date To",2017,,184.442307692
6/28/2020,22 June 2020,"Upper Limit along Date to Plot, Date To",2017,,306.413490588
6/28/2020,22 June 2020,"Lower Limit along Date to Plot, Date To",2017,,62.471124796
6/28/2020,22 June 2020,Number of Complaints,2018,,
6/28/2020,22 June 2020,"Avg Complaints Per Year along Date to Plot, Date To",2018,,218.660377358
6/28/2020,22 June 2020,"Upper Limit along Date to Plot, Date To",2018,,358.944085849
6/28/2020,22 June 2020,"Lower Limit along Date to Plot, Date To",2018,,78.376668868
6/28/2020,22 June 2020,Number of Complaints,2019,,
6/28/2020,22 June 2020,"Avg Complaints Per Year along Date to Plot, Date To",2019,,192.923076923
6/28/2020,22 June 2020,"Upper Limit along Date to Plot, Date To",2019,,268.993894132
6/28/2020,22 June 2020,"Lower Limit along Date to Plot, Date To",2019,,116.852259715
6/28/2020,22 June 2020,Number of Complaints,2020,True,237
6/28/2020,22 June 2020,"Avg Complaints Per Year along Date to Plot, Date To",2020,True,194.512195122
6/28/2020,22 June 2020,"Upper Limit along Date to Plot, Date To",2020,True,343.929245280
6/28/2020,22 June 2020,"Lower Limit along Date to Plot, Date To",2020,True,45.095144964
7/5/2020,29 June 2020,Number of Complaints,2016,,
7/5/2020,29 June 2020,"Avg Complaints Per Year along Date to Plot, Date To",2016,,137.596153846
7/5/2020,29 June 2020,"Upper Limit along Date to Plot, Date To",2016,,219.471079151
7/5/2020,29 June 2020,"Lower Limit along Date to Plot, Date To",2016,,55.721228541
7/5/2020,29 June 2020,Number of Complaints,2017,,
7/5/2020,29 June 2020,"Avg Complaints Per Year along Date to Plot, Date To",2017,,184.442307692
7/5/2020,29 June 2020,"Upper Limit along Date to Plot, Date To",2017,,306.413490588
7/5/2020,29 June 2020,"Lower Limit along Date to Plot, Date To",2017,,62.471124796
7/5/2020,29 June 2020,Number of Complaints,2018,,
7/5/2020,29 June 2020,"Avg Complaints Per Year along Date to Plot, Date To",2018,,218.660377358
7/5/2020,29 June 2020,"Upper Limit along Date to Plot, Date To",2018,,358.944085849
7/5/2020,29 June 2020,"Lower Limit along Date to Plot, Date To",2018,,78.376668868
7/5/2020,29 June 2020,Number of Complaints,2019,,
7/5/2020,29 June 2020,"Avg Complaints Per Year along Date to Plot, Date To",2019,,192.923076923
7/5/2020,29 June 2020,"Upper Limit along Date to Plot, Date To",2019,,268.993894132
7/5/2020,29 June 2020,"Lower Limit along Date to Plot, Date To",2019,,116.852259715
7/5/2020,29 June 2020,Number of Complaints,2020,True,200
7/5/2020,29 June 2020,"Avg Complaints Per Year along Date to Plot, Date To",2020,True,194.512195122
7/5/2020,29 June 2020,"Upper Limit along Date to Plot, Date To",2020,True,343.929245280
7/5/2020,29 June 2020,"Lower Limit along Date to Plot, Date To",2020,True,45.095144964
7/12/2020,06 July 2020,Number of Complaints,2016,,
7/12/2020,06 July 2020,"Avg Complaints Per Year along Date to Plot, Date To",2016,,137.596153846
7/12/2020,06 July 2020,"Upper Limit along Date to Plot, Date To",2016,,219.471079151
7/12/2020,06 July 2020,"Lower Limit along Date to Plot, Date To",2016,,55.721228541
7/12/2020,06 July 2020,Number of Complaints,2017,,
7/12/2020,06 July 2020,"Avg Complaints Per Year along Date to Plot, Date To",2017,,184.442307692
7/12/2020,06 July 2020,"Upper Limit along Date to Plot, Date To",2017,,306.413490588
7/12/2020,06 July 2020,"Lower Limit along Date to Plot, Date To",2017,,62.471124796
7/12/2020,06 July 2020,Number of Complaints,2018,,
7/12/2020,06 July 2020,"Avg Complaints Per Year along Date to Plot, Date To",2018,,218.660377358
7/12/2020,06 July 2020,"Upper Limit along Date to Plot, Date To",2018,,358.944085849
7/12/2020,06 July 2020,"Lower Limit along Date to Plot, Date To",2018,,78.376668868
7/12/2020,06 July 2020,Number of Complaints,2019,,
7/12/2020,06 July 2020,"Avg Complaints Per Year along Date to Plot, Date To",2019,,192.923076923
7/12/2020,06 July 2020,"Upper Limit along Date to Plot, Date To",2019,,268.993894132
7/12/2020,06 July 2020,"Lower Limit along Date to Plot, Date To",2019,,116.852259715
7/12/2020,06 July 2020,Number of Complaints,2020,True,235
7/12/2020,06 July 2020,"Avg Complaints Per Year along Date to Plot, Date To",2020,True,194.512195122
7/12/2020,06 July 2020,"Upper Limit along Date to Plot, Date To",2020,True,343.929245280
7/12/2020,06 July 2020,"Lower Limit along Date to Plot, Date To",2020,True,45.095144964
7/19/2020,13 July 2020,Number of Complaints,2016,,
7/19/2020,13 July 2020,"Avg Complaints Per Year along Date to Plot, Date To",2016,,137.596153846
7/19/2020,13 July 2020,"Upper Limit along Date to Plot, Date To",2016,,219.471079151
7/19/2020,13 July 2020,"Lower Limit along Date to Plot, Date To",2016,,55.721228541
7/19/2020,13 July 2020,Number of Complaints,2017,,
7/19/2020,13 July 2020,"Avg Complaints Per Year along Date to Plot, Date To",2017,,184.442307692
7/19/2020,13 July 2020,"Upper Limit along Date to Plot, Date To",2017,,306.413490588
7/19/2020,13 July 2020,"Lower Limit along Date to Plot, Date To",2017,,62.471124796
7/19/2020,13 July 2020,Number of Complaints,2018,,
7/19/2020,13 July 2020,"Avg Complaints Per Year along Date to Plot, Date To",2018,,218.660377358
7/19/2020,13 July 2020,"Upper Limit along Date to Plot, Date To",2018,,358.944085849
7/19/2020,13 July 2020,"Lower Limit along Date to Plot, Date To",2018,,78.376668868
7/19/2020,13 July 2020,Number of Complaints,2019,,
7/19/2020,13 July 2020,"Avg Complaints Per Year along Date to Plot, Date To",2019,,192.923076923
7/19/2020,13 July 2020,"Upper Limit along Date to Plot, Date To",2019,,268.993894132
7/19/2020,13 July 2020,"Lower Limit along Date to Plot, Date To",2019,,116.852259715
7/19/2020,13 July 2020,Number of Complaints,2020,True,226
7/19/2020,13 July 2020,"Avg Complaints Per Year along Date to Plot, Date To",2020,True,194.512195122
7/19/2020,13 July 2020,"Upper Limit along Date to Plot, Date To",2020,True,343.929245280
7/19/2020,13 July 2020,"Lower Limit along Date to Plot, Date To",2020,True,45.095144964
7/26/2020,20 July 2020,Number of Complaints,2016,,
7/26/2020,20 July 2020,"Avg Complaints Per Year along Date to Plot, Date To",2016,,137.596153846
7/26/2020,20 July 2020,"Upper Limit along Date to Plot, Date To",2016,,219.471079151
7/26/2020,20 July 2020,"Lower Limit along Date to Plot, Date To",2016,,55.721228541
7/26/2020,20 July 2020,Number of Complaints,2017,,
7/26/2020,20 July 2020,"Avg Complaints Per Year along Date to Plot, Date To",2017,,184.442307692
7/26/2020,20 July 2020,"Upper Limit along Date to Plot, Date To",2017,,306.413490588
7/26/2020,20 July 2020,"Lower Limit along Date to Plot, Date To",2017,,62.471124796
7/26/2020,20 July 2020,Number of Complaints,2018,,
7/26/2020,20 July 2020,"Avg Complaints Per Year along Date to Plot, Date To",2018,,218.660377358
7/26/2020,20 July 2020,"Upper Limit along Date to Plot, Date To",2018,,358.944085849
7/26/2020,20 July 2020,"Lower Limit along Date to Plot, Date To",2018,,78.376668868
7/26/2020,20 July 2020,Number of Complaints,2019,,
7/26/2020,20 July 2020,"Avg Complaints Per Year along Date to Plot, Date To",2019,,192.923076923
7/26/2020,20 July 2020,"Upper Limit along Date to Plot, Date To",2019,,268.993894132
7/26/2020,20 July 2020,"Lower Limit along Date to Plot, Date To",2019,,116.852259715
7/26/2020,20 July 2020,Number of Complaints,2020,True,200
7/26/2020,20 July 2020,"Avg Complaints Per Year along Date to Plot, Date To",2020,True,194.512195122
7/26/2020,20 July 2020,"Upper Limit along Date to Plot, Date To",2020,True,343.929245280
7/26/2020,20 July 2020,"Lower Limit along Date to Plot, Date To",2020,True,45.095144964
8/2/2020,27 July 2020,Number of Complaints,2016,,
8/2/2020,27 July 2020,"Avg Complaints Per Year along Date to Plot, Date To",2016,,137.596153846
8/2/2020,27 July 2020,"Upper Limit along Date to Plot, Date To",2016,,219.471079151
8/2/2020,27 July 2020,"Lower Limit along Date to Plot, Date To",2016,,55.721228541
8/2/2020,27 July 2020,Number of Complaints,2017,,
8/2/2020,27 July 2020,"Avg Complaints Per Year along Date to Plot, Date To",2017,,184.442307692
8/2/2020,27 July 2020,"Upper Limit along Date to Plot, Date To",2017,,306.413490588
8/2/2020,27 July 2020,"Lower Limit along Date to Plot, Date To",2017,,62.471124796
8/2/2020,27 July 2020,Number of Complaints,2018,,
8/2/2020,27 July 2020,"Avg Complaints Per Year along Date to Plot, Date To",2018,,218.660377358
8/2/2020,27 July 2020,"Upper Limit along Date to Plot, Date To",2018,,358.944085849
8/2/2020,27 July 2020,"Lower Limit along Date to Plot, Date To",2018,,78.376668868
8/2/2020,27 July 2020,Number of Complaints,2019,,
8/2/2020,27 July 2020,"Avg Complaints Per Year along Date to Plot, Date To",2019,,192.923076923
8/2/2020,27 July 2020,"Upper Limit along Date to Plot, Date To",2019,,268.993894132
8/2/2020,27 July 2020,"Lower Limit along Date to Plot, Date To",2019,,116.852259715
8/2/2020,27 July 2020,Number of Complaints,2020,True,194
8/2/2020,27 July 2020,"Avg Complaints Per Year along Date to Plot, Date To",2020,True,194.512195122
8/2/2020,27 July 2020,"Upper Limit along Date to Plot, Date To",2020,True,343.929245280
8/2/2020,27 July 2020,"Lower Limit along Date to Plot, Date To",2020,True,45.095144964
8/9/2020,03 August 2020,Number of Complaints,2016,,
8/9/2020,03 August 2020,"Avg Complaints Per Year along Date to Plot, Date To",2016,,137.596153846
8/9/2020,03 August 2020,"Upper Limit along Date to Plot, Date To",2016,,219.471079151
8/9/2020,03 August 2020,"Lower Limit along Date to Plot, Date To",2016,,55.721228541
8/9/2020,03 August 2020,Number of Complaints,2017,,
8/9/2020,03 August 2020,"Avg Complaints Per Year along Date to Plot, Date To",2017,,184.442307692
8/9/2020,03 August 2020,"Upper Limit along Date to Plot, Date To",2017,,306.413490588
8/9/2020,03 August 2020,"Lower Limit along Date to Plot, Date To",2017,,62.471124796
8/9/2020,03 August 2020,Number of Complaints,2018,,
8/9/2020,03 August 2020,"Avg Complaints Per Year along Date to Plot, Date To",2018,,218.660377358
8/9/2020,03 August 2020,"Upper Limit along Date to Plot, Date To",2018,,358.944085849
8/9/2020,03 August 2020,"Lower Limit along Date to Plot, Date To",2018,,78.376668868
8/9/2020,03 August 2020,Number of Complaints,2019,,
8/9/2020,03 August 2020,"Avg Complaints Per Year along Date to Plot, Date To",2019,,192.923076923
8/9/2020,03 August 2020,"Upper Limit along Date to Plot, Date To",2019,,268.993894132
8/9/2020,03 August 2020,"Lower Limit along Date to Plot, Date To",2019,,116.852259715
8/9/2020,03 August 2020,Number of Complaints,2020,True,184
8/9/2020,03 August 2020,"Avg Complaints Per Year along Date to Plot, Date To",2020,True,194.512195122
8/9/2020,03 August 2020,"Upper Limit along Date to Plot, Date To",2020,True,343.929245280
8/9/2020,03 August 2020,"Lower Limit along Date to Plot, Date To",2020,True,45.095144964
8/16/2020,10 August 2020,Number of Complaints,2016,,
8/16/2020,10 August 2020,"Avg Complaints Per Year along Date to Plot, Date To",2016,,137.596153846
8/16/2020,10 August 2020,"Upper Limit along Date to Plot, Date To",2016,,219.471079151
8/16/2020,10 August 2020,"Lower Limit along Date to Plot, Date To",2016,,55.721228541
8/16/2020,10 August 2020,Number of Complaints,2017,,
8/16/2020,10 August 2020,"Avg Complaints Per Year along Date to Plot, Date To",2017,,184.442307692
8/16/2020,10 August 2020,"Upper Limit along Date to Plot, Date To",2017,,306.413490588
8/16/2020,10 August 2020,"Lower Limit along Date to Plot, Date To",2017,,62.471124796
8/16/2020,10 August 2020,Number of Complaints,2018,,
8/16/2020,10 August 2020,"Avg Complaints Per Year along Date to Plot, Date To",2018,,218.660377358
8/16/2020,10 August 2020,"Upper Limit along Date to Plot, Date To",2018,,358.944085849
8/16/2020,10 August 2020,"Lower Limit along Date to Plot, Date To",2018,,78.376668868
8/16/2020,10 August 2020,Number of Complaints,2019,,
8/16/2020,10 August 2020,"Avg Complaints Per Year along Date to Plot, Date To",2019,,192.923076923
8/16/2020,10 August 2020,"Upper Limit along Date to Plot, Date To",2019,,268.993894132
8/16/2020,10 August 2020,"Lower Limit along Date to Plot, Date To",2019,,116.852259715
8/16/2020,10 August 2020,Number of Complaints,2020,True,195
8/16/2020,10 August 2020,"Avg Complaints Per Year along Date to Plot, Date To",2020,True,194.512195122
8/16/2020,10 August 2020,"Upper Limit along Date to Plot, Date To",2020,True,343.929245280
8/16/2020,10 August 2020,"Lower Limit along Date to Plot, Date To",2020,True,45.095144964
8/23/2020,17 August 2020,Number of Complaints,2016,,
8/23/2020,17 August 2020,"Avg Complaints Per Year along Date to Plot, Date To",2016,,137.596153846
8/23/2020,17 August 2020,"Upper Limit along Date to Plot, Date To",2016,,219.471079151
8/23/2020,17 August 2020,"Lower Limit along Date to Plot, Date To",2016,,55.721228541
8/23/2020,17 August 2020,Number of Complaints,2017,,
8/23/2020,17 August 2020,"Avg Complaints Per Year along Date to Plot, Date To",2017,,184.442307692
8/23/2020,17 August 2020,"Upper Limit along Date to Plot, Date To",2017,,306.413490588
8/23/2020,17 August 2020,"Lower Limit along Date to Plot, Date To",2017,,62.471124796
8/23/2020,17 August 2020,Number of Complaints,2018,,
8/23/2020,17 August 2020,"Avg Complaints Per Year along Date to Plot, Date To",2018,,218.660377358
8/23/2020,17 August 2020,"Upper Limit along Date to Plot, Date To",2018,,358.944085849
8/23/2020,17 August 2020,"Lower Limit along Date to Plot, Date To",2018,,78.376668868
8/23/2020,17 August 2020,Number of Complaints,2019,,
8/23/2020,17 August 2020,"Avg Complaints Per Year along Date to Plot, Date To",2019,,192.923076923
8/23/2020,17 August 2020,"Upper Limit along Date to Plot, Date To",2019,,268.993894132
8/23/2020,17 August 2020,"Lower Limit along Date to Plot, Date To",2019,,116.852259715
8/23/2020,17 August 2020,Number of Complaints,2020,True,220
8/23/2020,17 August 2020,"Avg Complaints Per Year along Date to Plot, Date To",2020,True,194.512195122
8/23/2020,17 August 2020,"Upper Limit along Date to Plot, Date To",2020,True,343.929245280
8/23/2020,17 August 2020,"Lower Limit along Date to Plot, Date To",2020,True,45.095144964
8/30/2020,24 August 2020,Number of Complaints,2016,,
8/30/2020,24 August 2020,"Avg Complaints Per Year along Date to Plot, Date To",2016,,137.596153846
8/30/2020,24 August 2020,"Upper Limit along Date to Plot, Date To",2016,,219.471079151
8/30/2020,24 August 2020,"Lower Limit along Date to Plot, Date To",2016,,55.721228541
8/30/2020,24 August 2020,Number of Complaints,2017,,
8/30/2020,24 August 2020,"Avg Complaints Per Year along Date to Plot, Date To",2017,,184.442307692
8/30/2020,24 August 2020,"Upper Limit along Date to Plot, Date To",2017,,306.413490588
8/30/2020,24 August 2020,"Lower Limit along Date to Plot, Date To",2017,,62.471124796
8/30/2020,24 August 2020,Number of Complaints,2018,,
8/30/2020,24 August 2020,"Avg Complaints Per Year along Date to Plot, Date To",2018,,218.660377358
8/30/2020,24 August 2020,"Upper Limit along Date to Plot, Date To",2018,,358.944085849
8/30/2020,24 August 2020,"Lower Limit along Date to Plot, Date To",2018,,78.376668868
8/30/2020,24 August 2020,Number of Complaints,2019,,
8/30/2020,24 August 2020,"Avg Complaints Per Year along Date to Plot, Date To",2019,,192.923076923
8/30/2020,24 August 2020,"Upper Limit along Date to Plot, Date To",2019,,268.993894132
8/30/2020,24 August 2020,"Lower Limit along Date to Plot, Date To",2019,,116.852259715
8/30/2020,24 August 2020,Number of Complaints,2020,True,271
8/30/2020,24 August 2020,"Avg Complaints Per Year along Date to Plot, Date To",2020,True,194.512195122
8/30/2020,24 August 2020,"Upper Limit along Date to Plot, Date To",2020,True,343.929245280
8/30/2020,24 August 2020,"Lower Limit along Date to Plot, Date To",2020,True,45.095144964
9/6/2020,31 August 2020,Number of Complaints,2016,,
9/6/2020,31 August 2020,"Avg Complaints Per Year along Date to Plot, Date To",2016,,137.596153846
9/6/2020,31 August 2020,"Upper Limit along Date to Plot, Date To",2016,,219.471079151
9/6/2020,31 August 2020,"Lower Limit along Date to Plot, Date To",2016,,55.721228541
9/6/2020,31 August 2020,Number of Complaints,2017,,
9/6/2020,31 August 2020,"Avg Complaints Per Year along Date to Plot, Date To",2017,,184.442307692
9/6/2020,31 August 2020,"Upper Limit along Date to Plot, Date To",2017,,306.413490588
9/6/2020,31 August 2020,"Lower Limit along Date to Plot, Date To",2017,,62.471124796
9/6/2020,31 August 2020,Number of Complaints,2018,,
9/6/2020,31 August 2020,"Avg Complaints Per Year along Date to Plot, Date To",2018,,218.660377358
9/6/2020,31 August 2020,"Upper Limit along Date to Plot, Date To",2018,,358.944085849
9/6/2020,31 August 2020,"Lower Limit along Date to Plot, Date To",2018,,78.376668868
9/6/2020,31 August 2020,Number of Complaints,2019,,
9/6/2020,31 August 2020,"Avg Complaints Per Year along Date to Plot, Date To",2019,,192.923076923
9/6/2020,31 August 2020,"Upper Limit along Date to Plot, Date To",2019,,268.993894132
9/6/2020,31 August 2020,"Lower Limit along Date to Plot, Date To",2019,,116.852259715
9/6/2020,31 August 2020,Number of Complaints,2020,True,264
9/6/2020,31 August 2020,"Avg Complaints Per Year along Date to Plot, Date To",2020,True,194.512195122
9/6/2020,31 August 2020,"Upper Limit along Date to Plot, Date To",2020,True,343.929245280
9/6/2020,31 August 2020,"Lower Limit along Date to Plot, Date To",2020,True,45.095144964
9/13/2020,07 September 2020,Number of Complaints,2016,,
9/13/2020,07 September 2020,"Avg Complaints Per Year along Date to Plot, Date To",2016,,137.596153846
9/13/2020,07 September 2020,"Upper Limit along Date to Plot, Date To",2016,,219.471079151
9/13/2020,07 September 2020,"Lower Limit along Date to Plot, Date To",2016,,55.721228541
9/13/2020,07 September 2020,Number of Complaints,2017,,
9/13/2020,07 September 2020,"Avg Complaints Per Year along Date to Plot, Date To",2017,,184.442307692
9/13/2020,07 September 2020,"Upper Limit along Date to Plot, Date To",2017,,306.413490588
9/13/2020,07 September 2020,"Lower Limit along Date to Plot, Date To",2017,,62.471124796
9/13/2020,07 September 2020,Number of Complaints,2018,,
9/13/2020,07 September 2020,"Avg Complaints Per Year along Date to Plot, Date To",2018,,218.660377358
9/13/2020,07 September 2020,"Upper Limit along Date to Plot, Date To",2018,,358.944085849
9/13/2020,07 September 2020,"Lower Limit along Date to Plot, Date To",2018,,78.376668868
9/13/2020,07 September 2020,Number of Complaints,2019,,
9/13/2020,07 September 2020,"Avg Complaints Per Year along Date to Plot, Date To",2019,,192.923076923
9/13/2020,07 September 2020,"Upper Limit along Date to Plot, Date To",2019,,268.993894132
9/13/2020,07 September 2020,"Lower Limit along Date to Plot, Date To",2019,,116.852259715
9/13/2020,07 September 2020,Number of Complaints,2020,True,248
9/13/2020,07 September 2020,"Avg Complaints Per Year along Date to Plot, Date To",2020,True,194.512195122
9/13/2020,07 September 2020,"Upper Limit along Date to Plot, Date To",2020,True,343.929245280
9/13/2020,07 September 2020,"Lower Limit along Date to Plot, Date To",2020,True,45.095144964
9/20/2020,14 September 2020,Number of Complaints,2016,,
9/20/2020,14 September 2020,"Avg Complaints Per Year along Date to Plot, Date To",2016,,137.596153846
9/20/2020,14 September 2020,"Upper Limit along Date to Plot, Date To",2016,,219.471079151
9/20/2020,14 September 2020,"Lower Limit along Date to Plot, Date To",2016,,55.721228541
9/20/2020,14 September 2020,Number of Complaints,2017,,
9/20/2020,14 September 2020,"Avg Complaints Per Year along Date to Plot, Date To",2017,,184.442307692
9/20/2020,14 September 2020,"Upper Limit along Date to Plot, Date To",2017,,306.413490588
9/20/2020,14 September 2020,"Lower Limit along Date to Plot, Date To",2017,,62.471124796
9/20/2020,14 September 2020,Number of Complaints,2018,,
9/20/2020,14 September 2020,"Avg Complaints Per Year along Date to Plot, Date To",2018,,218.660377358
9/20/2020,14 September 2020,"Upper Limit along Date to Plot, Date To",2018,,358.944085849
9/20/2020,14 September 2020,"Lower Limit along Date to Plot, Date To",2018,,78.376668868
9/20/2020,14 September 2020,Number of Complaints,2019,,
9/20/2020,14 September 2020,"Avg Complaints Per Year along Date to Plot, Date To",2019,,192.923076923
9/20/2020,14 September 2020,"Upper Limit along Date to Plot, Date To",2019,,268.993894132
9/20/2020,14 September 2020,"Lower Limit along Date to Plot, Date To",2019,,116.852259715
9/20/2020,14 September 2020,Number of Complaints,2020,True,265
9/20/2020,14 September 2020,"Avg Complaints Per Year along Date to Plot, Date To",2020,True,194.512195122
9/20/2020,14 September 2020,"Upper Limit along Date to Plot, Date To",2020,True,343.929245280
9/20/2020,14 September 2020,"Lower Limit along Date to Plot, Date To",2020,True,45.095144964
9/27/2020,21 September 2020,Number of Complaints,2016,,
9/27/2020,21 September 2020,"Avg Complaints Per Year along Date to Plot, Date To",2016,,137.596153846
9/27/2020,21 September 2020,"Upper Limit along Date to Plot, Date To",2016,,219.471079151
9/27/2020,21 September 2020,"Lower Limit along Date to Plot, Date To",2016,,55.721228541
9/27/2020,21 September 2020,Number of Complaints,2017,,
9/27/2020,21 September 2020,"Avg Complaints Per Year along Date to Plot, Date To",2017,,184.442307692
9/27/2020,21 September 2020,"Upper Limit along Date to Plot, Date To",2017,,306.413490588
9/27/2020,21 September 2020,"Lower Limit along Date to Plot, Date To",2017,,62.471124796
9/27/2020,21 September 2020,Number of Complaints,2018,,
9/27/2020,21 September 2020,"Avg Complaints Per Year along Date to Plot, Date To",2018,,218.660377358
9/27/2020,21 September 2020,"Upper Limit along Date to Plot, Date To",2018,,358.944085849
9/27/2020,21 September 2020,"Lower Limit along Date to Plot, Date To",2018,,78.376668868
9/27/2020,21 September 2020,Number of Complaints,2019,,
9/27/2020,21 September 2020,"Avg Complaints Per Year along Date to Plot, Date To",2019,,192.923076923
9/27/2020,21 September 2020,"Upper Limit along Date to Plot, Date To",2019,,268.993894132
9/27/2020,21 September 2020,"Lower Limit along Date to Plot, Date To",2019,,116.852259715
9/27/2020,21 September 2020,Number of Complaints,2020,True,262
9/27/2020,21 September 2020,"Avg Complaints Per Year along Date to Plot, Date To",2020,True,194.512195122
9/27/2020,21 September 2020,"Upper Limit along Date to Plot, Date To",2020,True,343.929245280
9/27/2020,21 September 2020,"Lower Limit along Date to Plot, Date To",2020,True,45.095144964
10/4/2020,28 September 2020,Number of Complaints,2016,,
10/4/2020,28 September 2020,"Avg Complaints Per Year along Date to Plot, Date To",2016,,137.596153846
10/4/2020,28 September 2020,"Upper Limit along Date to Plot, Date To",2016,,219.471079151
10/4/2020,28 September 2020,"Lower Limit along Date to Plot, Date To",2016,,55.721228541
10/4/2020,28 September 2020,Number of Complaints,2017,,
10/4/2020,28 September 2020,"Avg Complaints Per Year along Date to Plot, Date To",2017,,184.442307692
10/4/2020,28 September 2020,"Upper Limit along Date to Plot, Date To",2017,,306.413490588
10/4/2020,28 September 2020,"Lower Limit along Date to Plot, Date To",2017,,62.471124796
10/4/2020,28 September 2020,Number of Complaints,2018,,
10/4/2020,28 September 2020,"Avg Complaints Per Year along Date to Plot, Date To",2018,,218.660377358
10/4/2020,28 September 2020,"Upper Limit along Date to Plot, Date To",2018,,358.944085849
10/4/2020,28 September 2020,"Lower Limit along Date to Plot, Date To",2018,,78.376668868
10/4/2020,28 September 2020,Number of Complaints,2019,,
10/4/2020,28 September 2020,"Avg Complaints Per Year along Date to Plot, Date To",2019,,192.923076923
10/4/2020,28 September 2020,"Upper Limit along Date to Plot, Date To",2019,,268.993894132
10/4/2020,28 September 2020,"Lower Limit along Date to Plot, Date To",2019,,116.852259715
10/4/2020,28 September 2020,Number of Complaints,2020,True,277
10/4/2020,28 September 2020,"Avg Complaints Per Year along Date to Plot, Date To",2020,True,194.512195122
10/4/2020,28 September 2020,"Upper Limit along Date to Plot, Date To",2020,True,343.929245280
10/4/2020,28 September 2020,"Lower Limit along Date to Plot, Date To",2020,True,45.095144964
10/11/2020,05 October 2020,Number of Complaints,2016,,
10/11/2020,05 October 2020,"Avg Complaints Per Year along Date to Plot, Date To",2016,,137.596153846
10/11/2020,05 October 2020,"Upper Limit along Date to Plot, Date To",2016,,219.471079151
10/11/2020,05 October 2020,"Lower Limit along Date to Plot, Date To",2016,,55.721228541
10/11/2020,05 October 2020,Number of Complaints,2017,,
10/11/2020,05 October 2020,"Avg Complaints Per Year along Date to Plot, Date To",2017,,184.442307692
10/11/2020,05 October 2020,"Upper Limit along Date to Plot, Date To",2017,,306.413490588
10/11/2020,05 October 2020,"Lower Limit along Date to Plot, Date To",2017,,62.471124796
10/11/2020,05 October 2020,Number of Complaints,2018,,
10/11/2020,05 October 2020,"Avg Complaints Per Year along Date to Plot, Date To",2018,,218.660377358
10/11/2020,05 October 2020,"Upper Limit along Date to Plot, Date To",2018,,358.944085849
10/11/2020,05 October 2020,"Lower Limit along Date to Plot, Date To",2018,,78.376668868
10/11/2020,05 October 2020,Number of Complaints,2019,,
10/11/2020,05 October 2020,"Avg Complaints Per Year along Date to Plot, Date To",2019,,192.923076923
10/11/2020,05 October 2020,"Upper Limit along Date to Plot, Date To",2019,,268.993894132
10/11/2020,05 October 2020,"Lower Limit along Date to Plot, Date To",2019,,116.852259715
10/11/2020,05 October 2020,Number of Complaints,2020,True,55
10/11/2020,05 October 2020,"Avg Complaints Per Year along Date to Plot, Date To",2020,True,194.512195122
10/11/2020,05 October 2020,"Upper Limit along Date to Plot, Date To",2020,True,343.929245280
10/11/2020,05 October 2020,"Lower Limit along Date to Plot, Date To",2020,True,45.095144964
10/18/2020,12 October 2020,Number of Complaints,2016,,
10/18/2020,12 October 2020,"Avg Complaints Per Year along Date to Plot, Date To",2016,,137.596153846
10/18/2020,12 October 2020,"Upper Limit along Date to Plot, Date To",2016,,219.471079151
10/18/2020,12 October 2020,"Lower Limit along Date to Plot, Date To",2016,,55.721228541
10/18/2020,12 October 2020,Number of Complaints,2017,,
10/18/2020,12 October 2020,"Avg Complaints Per Year along Date to Plot, Date To",2017,,184.442307692
10/18/2020,12 October 2020,"Upper Limit along Date to Plot, Date To",2017,,306.413490588
10/18/2020,12 October 2020,"Lower Limit along Date to Plot, Date To",2017,,62.471124796
10/18/2020,12 October 2020,Number of Complaints,2018,,
10/18/2020,12 October 2020,"Avg Complaints Per Year along Date to Plot, Date To",2018,,218.660377358
10/18/2020,12 October 2020,"Upper Limit along Date to Plot, Date To",2018,,358.944085849
10/18/2020,12 October 2020,"Lower Limit along Date to Plot, Date To",2018,,78.376668868
10/18/2020,12 October 2020,Number of Complaints,2019,,
10/18/2020,12 October 2020,"Avg Complaints Per Year along Date to Plot, Date To",2019,,192.923076923
10/18/2020,12 October 2020,"Upper Limit along Date to Plot, Date To",2019,,268.993894132
10/18/2020,12 October 2020,"Lower Limit along Date to Plot, Date To",2019,,116.852259715
10/18/2020,12 October 2020,Number of Complaints,2020,False,5
10/18/2020,12 October 2020,"Avg Complaints Per Year along Date to Plot, Date To",2020,False,194.512195122
10/18/2020,12 October 2020,"Upper Limit along Date to Plot, Date To",2020,False,343.929245280
10/18/2020,12 October 2020,"Lower Limit along Date to Plot, Date To",2020,False,45.095144964
