Date From,Date To,Measure Names,Year,Within STD Limits?,Measure Values
04/01/2016,10/01/2016,Number of Complaints,2016,True,129
04/01/2016,10/01/2016,"Avg Complaints Per Year along Date From, Date To",2016,True,137.596153846
04/01/2016,10/01/2016,"Upper Limit along Date From, Date To",2016,True,219.471079151
04/01/2016,10/01/2016,"Lower Limit along Date From, Date To",2016,True,55.721228541
04/01/2016,10/01/2016,Number of Complaints,2017,,
04/01/2016,10/01/2016,"Avg Complaints Per Year along Date From, Date To",2017,,184.442307692
04/01/2016,10/01/2016,"Upper Limit along Date From, Date To",2017,,306.413490588
04/01/2016,10/01/2016,"Lower Limit along Date From, Date To",2017,,62.471124796
04/01/2016,10/01/2016,Number of Complaints,2018,,
04/01/2016,10/01/2016,"Avg Complaints Per Year along Date From, Date To",2018,,218.660377358
04/01/2016,10/01/2016,"Upper Limit along Date From, Date To",2018,,358.944085849
04/01/2016,10/01/2016,"Lower Limit along Date From, Date To",2018,,78.376668868
04/01/2016,10/01/2016,Number of Complaints,2019,,
04/01/2016,10/01/2016,"Avg Complaints Per Year along Date From, Date To",2019,,192.923076923
04/01/2016,10/01/2016,"Upper Limit along Date From, Date To",2019,,268.993894132
04/01/2016,10/01/2016,"Lower Limit along Date From, Date To",2019,,116.852259715
04/01/2016,10/01/2016,Number of Complaints,2020,,
04/01/2016,10/01/2016,"Avg Complaints Per Year along Date From, Date To",2020,,194.512195122
04/01/2016,10/01/2016,"Upper Limit along Date From, Date To",2020,,343.929245280
04/01/2016,10/01/2016,"Lower Limit along Date From, Date To",2020,,45.095144964
11/01/2016,17/01/2016,Number of Complaints,2016,True,156
11/01/2016,17/01/2016,"Avg Complaints Per Year along Date From, Date To",2016,True,137.596153846
11/01/2016,17/01/2016,"Upper Limit along Date From, Date To",2016,True,219.471079151
11/01/2016,17/01/2016,"Lower Limit along Date From, Date To",2016,True,55.721228541
11/01/2016,17/01/2016,Number of Complaints,2017,,
11/01/2016,17/01/2016,"Avg Complaints Per Year along Date From, Date To",2017,,184.442307692
11/01/2016,17/01/2016,"Upper Limit along Date From, Date To",2017,,306.413490588
11/01/2016,17/01/2016,"Lower Limit along Date From, Date To",2017,,62.471124796
11/01/2016,17/01/2016,Number of Complaints,2018,,
11/01/2016,17/01/2016,"Avg Complaints Per Year along Date From, Date To",2018,,218.660377358
11/01/2016,17/01/2016,"Upper Limit along Date From, Date To",2018,,358.944085849
11/01/2016,17/01/2016,"Lower Limit along Date From, Date To",2018,,78.376668868
11/01/2016,17/01/2016,Number of Complaints,2019,,
11/01/2016,17/01/2016,"Avg Complaints Per Year along Date From, Date To",2019,,192.923076923
11/01/2016,17/01/2016,"Upper Limit along Date From, Date To",2019,,268.993894132
11/01/2016,17/01/2016,"Lower Limit along Date From, Date To",2019,,116.852259715
11/01/2016,17/01/2016,Number of Complaints,2020,,
11/01/2016,17/01/2016,"Avg Complaints Per Year along Date From, Date To",2020,,194.512195122
11/01/2016,17/01/2016,"Upper Limit along Date From, Date To",2020,,343.929245280
11/01/2016,17/01/2016,"Lower Limit along Date From, Date To",2020,,45.095144964
18/01/2016,24/01/2016,Number of Complaints,2016,True,108
18/01/2016,24/01/2016,"Avg Complaints Per Year along Date From, Date To",2016,True,137.596153846
18/01/2016,24/01/2016,"Upper Limit along Date From, Date To",2016,True,219.471079151
18/01/2016,24/01/2016,"Lower Limit along Date From, Date To",2016,True,55.721228541
18/01/2016,24/01/2016,Number of Complaints,2017,,
18/01/2016,24/01/2016,"Avg Complaints Per Year along Date From, Date To",2017,,184.442307692
18/01/2016,24/01/2016,"Upper Limit along Date From, Date To",2017,,306.413490588
18/01/2016,24/01/2016,"Lower Limit along Date From, Date To",2017,,62.471124796
18/01/2016,24/01/2016,Number of Complaints,2018,,
18/01/2016,24/01/2016,"Avg Complaints Per Year along Date From, Date To",2018,,218.660377358
18/01/2016,24/01/2016,"Upper Limit along Date From, Date To",2018,,358.944085849
18/01/2016,24/01/2016,"Lower Limit along Date From, Date To",2018,,78.376668868
18/01/2016,24/01/2016,Number of Complaints,2019,,
18/01/2016,24/01/2016,"Avg Complaints Per Year along Date From, Date To",2019,,192.923076923
18/01/2016,24/01/2016,"Upper Limit along Date From, Date To",2019,,268.993894132
18/01/2016,24/01/2016,"Lower Limit along Date From, Date To",2019,,116.852259715
18/01/2016,24/01/2016,Number of Complaints,2020,,
18/01/2016,24/01/2016,"Avg Complaints Per Year along Date From, Date To",2020,,194.512195122
18/01/2016,24/01/2016,"Upper Limit along Date From, Date To",2020,,343.929245280
18/01/2016,24/01/2016,"Lower Limit along Date From, Date To",2020,,45.095144964
25/01/2016,31/01/2016,Number of Complaints,2016,True,138
25/01/2016,31/01/2016,"Avg Complaints Per Year along Date From, Date To",2016,True,137.596153846
25/01/2016,31/01/2016,"Upper Limit along Date From, Date To",2016,True,219.471079151
25/01/2016,31/01/2016,"Lower Limit along Date From, Date To",2016,True,55.721228541
25/01/2016,31/01/2016,Number of Complaints,2017,,
25/01/2016,31/01/2016,"Avg Complaints Per Year along Date From, Date To",2017,,184.442307692
25/01/2016,31/01/2016,"Upper Limit along Date From, Date To",2017,,306.413490588
25/01/2016,31/01/2016,"Lower Limit along Date From, Date To",2017,,62.471124796
25/01/2016,31/01/2016,Number of Complaints,2018,,
25/01/2016,31/01/2016,"Avg Complaints Per Year along Date From, Date To",2018,,218.660377358
25/01/2016,31/01/2016,"Upper Limit along Date From, Date To",2018,,358.944085849
25/01/2016,31/01/2016,"Lower Limit along Date From, Date To",2018,,78.376668868
25/01/2016,31/01/2016,Number of Complaints,2019,,
25/01/2016,31/01/2016,"Avg Complaints Per Year along Date From, Date To",2019,,192.923076923
25/01/2016,31/01/2016,"Upper Limit along Date From, Date To",2019,,268.993894132
25/01/2016,31/01/2016,"Lower Limit along Date From, Date To",2019,,116.852259715
25/01/2016,31/01/2016,Number of Complaints,2020,,
25/01/2016,31/01/2016,"Avg Complaints Per Year along Date From, Date To",2020,,194.512195122
25/01/2016,31/01/2016,"Upper Limit along Date From, Date To",2020,,343.929245280
25/01/2016,31/01/2016,"Lower Limit along Date From, Date To",2020,,45.095144964
01/02/2016,07/02/2016,Number of Complaints,2016,True,120
01/02/2016,07/02/2016,"Avg Complaints Per Year along Date From, Date To",2016,True,137.596153846
01/02/2016,07/02/2016,"Upper Limit along Date From, Date To",2016,True,219.471079151
01/02/2016,07/02/2016,"Lower Limit along Date From, Date To",2016,True,55.721228541
01/02/2016,07/02/2016,Number of Complaints,2017,,
01/02/2016,07/02/2016,"Avg Complaints Per Year along Date From, Date To",2017,,184.442307692
01/02/2016,07/02/2016,"Upper Limit along Date From, Date To",2017,,306.413490588
01/02/2016,07/02/2016,"Lower Limit along Date From, Date To",2017,,62.471124796
01/02/2016,07/02/2016,Number of Complaints,2018,,
01/02/2016,07/02/2016,"Avg Complaints Per Year along Date From, Date To",2018,,218.660377358
01/02/2016,07/02/2016,"Upper Limit along Date From, Date To",2018,,358.944085849
01/02/2016,07/02/2016,"Lower Limit along Date From, Date To",2018,,78.376668868
01/02/2016,07/02/2016,Number of Complaints,2019,,
01/02/2016,07/02/2016,"Avg Complaints Per Year along Date From, Date To",2019,,192.923076923
01/02/2016,07/02/2016,"Upper Limit along Date From, Date To",2019,,268.993894132
01/02/2016,07/02/2016,"Lower Limit along Date From, Date To",2019,,116.852259715
01/02/2016,07/02/2016,Number of Complaints,2020,,
01/02/2016,07/02/2016,"Avg Complaints Per Year along Date From, Date To",2020,,194.512195122
01/02/2016,07/02/2016,"Upper Limit along Date From, Date To",2020,,343.929245280
01/02/2016,07/02/2016,"Lower Limit along Date From, Date To",2020,,45.095144964
08/02/2016,14/02/2016,Number of Complaints,2016,True,119
08/02/2016,14/02/2016,"Avg Complaints Per Year along Date From, Date To",2016,True,137.596153846
08/02/2016,14/02/2016,"Upper Limit along Date From, Date To",2016,True,219.471079151
08/02/2016,14/02/2016,"Lower Limit along Date From, Date To",2016,True,55.721228541
08/02/2016,14/02/2016,Number of Complaints,2017,,
08/02/2016,14/02/2016,"Avg Complaints Per Year along Date From, Date To",2017,,184.442307692
08/02/2016,14/02/2016,"Upper Limit along Date From, Date To",2017,,306.413490588
08/02/2016,14/02/2016,"Lower Limit along Date From, Date To",2017,,62.471124796
08/02/2016,14/02/2016,Number of Complaints,2018,,
08/02/2016,14/02/2016,"Avg Complaints Per Year along Date From, Date To",2018,,218.660377358
08/02/2016,14/02/2016,"Upper Limit along Date From, Date To",2018,,358.944085849
08/02/2016,14/02/2016,"Lower Limit along Date From, Date To",2018,,78.376668868
08/02/2016,14/02/2016,Number of Complaints,2019,,
08/02/2016,14/02/2016,"Avg Complaints Per Year along Date From, Date To",2019,,192.923076923
08/02/2016,14/02/2016,"Upper Limit along Date From, Date To",2019,,268.993894132
08/02/2016,14/02/2016,"Lower Limit along Date From, Date To",2019,,116.852259715
08/02/2016,14/02/2016,Number of Complaints,2020,,
08/02/2016,14/02/2016,"Avg Complaints Per Year along Date From, Date To",2020,,194.512195122
08/02/2016,14/02/2016,"Upper Limit along Date From, Date To",2020,,343.929245280
08/02/2016,14/02/2016,"Lower Limit along Date From, Date To",2020,,45.095144964
15/02/2016,21/02/2016,Number of Complaints,2016,True,113
15/02/2016,21/02/2016,"Avg Complaints Per Year along Date From, Date To",2016,True,137.596153846
15/02/2016,21/02/2016,"Upper Limit along Date From, Date To",2016,True,219.471079151
15/02/2016,21/02/2016,"Lower Limit along Date From, Date To",2016,True,55.721228541
15/02/2016,21/02/2016,Number of Complaints,2017,,
15/02/2016,21/02/2016,"Avg Complaints Per Year along Date From, Date To",2017,,184.442307692
15/02/2016,21/02/2016,"Upper Limit along Date From, Date To",2017,,306.413490588
15/02/2016,21/02/2016,"Lower Limit along Date From, Date To",2017,,62.471124796
15/02/2016,21/02/2016,Number of Complaints,2018,,
15/02/2016,21/02/2016,"Avg Complaints Per Year along Date From, Date To",2018,,218.660377358
15/02/2016,21/02/2016,"Upper Limit along Date From, Date To",2018,,358.944085849
15/02/2016,21/02/2016,"Lower Limit along Date From, Date To",2018,,78.376668868
15/02/2016,21/02/2016,Number of Complaints,2019,,
15/02/2016,21/02/2016,"Avg Complaints Per Year along Date From, Date To",2019,,192.923076923
15/02/2016,21/02/2016,"Upper Limit along Date From, Date To",2019,,268.993894132
15/02/2016,21/02/2016,"Lower Limit along Date From, Date To",2019,,116.852259715
15/02/2016,21/02/2016,Number of Complaints,2020,,
15/02/2016,21/02/2016,"Avg Complaints Per Year along Date From, Date To",2020,,194.512195122
15/02/2016,21/02/2016,"Upper Limit along Date From, Date To",2020,,343.929245280
15/02/2016,21/02/2016,"Lower Limit along Date From, Date To",2020,,45.095144964
22/02/2016,28/02/2016,Number of Complaints,2016,True,128
22/02/2016,28/02/2016,"Avg Complaints Per Year along Date From, Date To",2016,True,137.596153846
22/02/2016,28/02/2016,"Upper Limit along Date From, Date To",2016,True,219.471079151
22/02/2016,28/02/2016,"Lower Limit along Date From, Date To",2016,True,55.721228541
22/02/2016,28/02/2016,Number of Complaints,2017,,
22/02/2016,28/02/2016,"Avg Complaints Per Year along Date From, Date To",2017,,184.442307692
22/02/2016,28/02/2016,"Upper Limit along Date From, Date To",2017,,306.413490588
22/02/2016,28/02/2016,"Lower Limit along Date From, Date To",2017,,62.471124796
22/02/2016,28/02/2016,Number of Complaints,2018,,
22/02/2016,28/02/2016,"Avg Complaints Per Year along Date From, Date To",2018,,218.660377358
22/02/2016,28/02/2016,"Upper Limit along Date From, Date To",2018,,358.944085849
22/02/2016,28/02/2016,"Lower Limit along Date From, Date To",2018,,78.376668868
22/02/2016,28/02/2016,Number of Complaints,2019,,
22/02/2016,28/02/2016,"Avg Complaints Per Year along Date From, Date To",2019,,192.923076923
22/02/2016,28/02/2016,"Upper Limit along Date From, Date To",2019,,268.993894132
22/02/2016,28/02/2016,"Lower Limit along Date From, Date To",2019,,116.852259715
22/02/2016,28/02/2016,Number of Complaints,2020,,
22/02/2016,28/02/2016,"Avg Complaints Per Year along Date From, Date To",2020,,194.512195122
22/02/2016,28/02/2016,"Upper Limit along Date From, Date To",2020,,343.929245280
22/02/2016,28/02/2016,"Lower Limit along Date From, Date To",2020,,45.095144964
29/02/2016,06/03/2016,Number of Complaints,2016,True,119
29/02/2016,06/03/2016,"Avg Complaints Per Year along Date From, Date To",2016,True,137.596153846
29/02/2016,06/03/2016,"Upper Limit along Date From, Date To",2016,True,219.471079151
29/02/2016,06/03/2016,"Lower Limit along Date From, Date To",2016,True,55.721228541
29/02/2016,06/03/2016,Number of Complaints,2017,,
29/02/2016,06/03/2016,"Avg Complaints Per Year along Date From, Date To",2017,,184.442307692
29/02/2016,06/03/2016,"Upper Limit along Date From, Date To",2017,,306.413490588
29/02/2016,06/03/2016,"Lower Limit along Date From, Date To",2017,,62.471124796
29/02/2016,06/03/2016,Number of Complaints,2018,,
29/02/2016,06/03/2016,"Avg Complaints Per Year along Date From, Date To",2018,,218.660377358
29/02/2016,06/03/2016,"Upper Limit along Date From, Date To",2018,,358.944085849
29/02/2016,06/03/2016,"Lower Limit along Date From, Date To",2018,,78.376668868
29/02/2016,06/03/2016,Number of Complaints,2019,,
29/02/2016,06/03/2016,"Avg Complaints Per Year along Date From, Date To",2019,,192.923076923
29/02/2016,06/03/2016,"Upper Limit along Date From, Date To",2019,,268.993894132
29/02/2016,06/03/2016,"Lower Limit along Date From, Date To",2019,,116.852259715
29/02/2016,06/03/2016,Number of Complaints,2020,,
29/02/2016,06/03/2016,"Avg Complaints Per Year along Date From, Date To",2020,,194.512195122
29/02/2016,06/03/2016,"Upper Limit along Date From, Date To",2020,,343.929245280
29/02/2016,06/03/2016,"Lower Limit along Date From, Date To",2020,,45.095144964
07/03/2016,13/03/2016,Number of Complaints,2016,True,124
07/03/2016,13/03/2016,"Avg Complaints Per Year along Date From, Date To",2016,True,137.596153846
07/03/2016,13/03/2016,"Upper Limit along Date From, Date To",2016,True,219.471079151
07/03/2016,13/03/2016,"Lower Limit along Date From, Date To",2016,True,55.721228541
07/03/2016,13/03/2016,Number of Complaints,2017,,
07/03/2016,13/03/2016,"Avg Complaints Per Year along Date From, Date To",2017,,184.442307692
07/03/2016,13/03/2016,"Upper Limit along Date From, Date To",2017,,306.413490588
07/03/2016,13/03/2016,"Lower Limit along Date From, Date To",2017,,62.471124796
07/03/2016,13/03/2016,Number of Complaints,2018,,
07/03/2016,13/03/2016,"Avg Complaints Per Year along Date From, Date To",2018,,218.660377358
07/03/2016,13/03/2016,"Upper Limit along Date From, Date To",2018,,358.944085849
07/03/2016,13/03/2016,"Lower Limit along Date From, Date To",2018,,78.376668868
07/03/2016,13/03/2016,Number of Complaints,2019,,
07/03/2016,13/03/2016,"Avg Complaints Per Year along Date From, Date To",2019,,192.923076923
07/03/2016,13/03/2016,"Upper Limit along Date From, Date To",2019,,268.993894132
07/03/2016,13/03/2016,"Lower Limit along Date From, Date To",2019,,116.852259715
07/03/2016,13/03/2016,Number of Complaints,2020,,
07/03/2016,13/03/2016,"Avg Complaints Per Year along Date From, Date To",2020,,194.512195122
07/03/2016,13/03/2016,"Upper Limit along Date From, Date To",2020,,343.929245280
07/03/2016,13/03/2016,"Lower Limit along Date From, Date To",2020,,45.095144964
14/03/2016,20/03/2016,Number of Complaints,2016,True,152
14/03/2016,20/03/2016,"Avg Complaints Per Year along Date From, Date To",2016,True,137.596153846
14/03/2016,20/03/2016,"Upper Limit along Date From, Date To",2016,True,219.471079151
14/03/2016,20/03/2016,"Lower Limit along Date From, Date To",2016,True,55.721228541
14/03/2016,20/03/2016,Number of Complaints,2017,,
14/03/2016,20/03/2016,"Avg Complaints Per Year along Date From, Date To",2017,,184.442307692
14/03/2016,20/03/2016,"Upper Limit along Date From, Date To",2017,,306.413490588
14/03/2016,20/03/2016,"Lower Limit along Date From, Date To",2017,,62.471124796
14/03/2016,20/03/2016,Number of Complaints,2018,,
14/03/2016,20/03/2016,"Avg Complaints Per Year along Date From, Date To",2018,,218.660377358
14/03/2016,20/03/2016,"Upper Limit along Date From, Date To",2018,,358.944085849
14/03/2016,20/03/2016,"Lower Limit along Date From, Date To",2018,,78.376668868
14/03/2016,20/03/2016,Number of Complaints,2019,,
14/03/2016,20/03/2016,"Avg Complaints Per Year along Date From, Date To",2019,,192.923076923
14/03/2016,20/03/2016,"Upper Limit along Date From, Date To",2019,,268.993894132
14/03/2016,20/03/2016,"Lower Limit along Date From, Date To",2019,,116.852259715
14/03/2016,20/03/2016,Number of Complaints,2020,,
14/03/2016,20/03/2016,"Avg Complaints Per Year along Date From, Date To",2020,,194.512195122
14/03/2016,20/03/2016,"Upper Limit along Date From, Date To",2020,,343.929245280
14/03/2016,20/03/2016,"Lower Limit along Date From, Date To",2020,,45.095144964
21/03/2016,27/03/2016,Number of Complaints,2016,True,109
21/03/2016,27/03/2016,"Avg Complaints Per Year along Date From, Date To",2016,True,137.596153846
21/03/2016,27/03/2016,"Upper Limit along Date From, Date To",2016,True,219.471079151
21/03/2016,27/03/2016,"Lower Limit along Date From, Date To",2016,True,55.721228541
21/03/2016,27/03/2016,Number of Complaints,2017,,
21/03/2016,27/03/2016,"Avg Complaints Per Year along Date From, Date To",2017,,184.442307692
21/03/2016,27/03/2016,"Upper Limit along Date From, Date To",2017,,306.413490588
21/03/2016,27/03/2016,"Lower Limit along Date From, Date To",2017,,62.471124796
21/03/2016,27/03/2016,Number of Complaints,2018,,
21/03/2016,27/03/2016,"Avg Complaints Per Year along Date From, Date To",2018,,218.660377358
21/03/2016,27/03/2016,"Upper Limit along Date From, Date To",2018,,358.944085849
21/03/2016,27/03/2016,"Lower Limit along Date From, Date To",2018,,78.376668868
21/03/2016,27/03/2016,Number of Complaints,2019,,
21/03/2016,27/03/2016,"Avg Complaints Per Year along Date From, Date To",2019,,192.923076923
21/03/2016,27/03/2016,"Upper Limit along Date From, Date To",2019,,268.993894132
21/03/2016,27/03/2016,"Lower Limit along Date From, Date To",2019,,116.852259715
21/03/2016,27/03/2016,Number of Complaints,2020,,
21/03/2016,27/03/2016,"Avg Complaints Per Year along Date From, Date To",2020,,194.512195122
21/03/2016,27/03/2016,"Upper Limit along Date From, Date To",2020,,343.929245280
21/03/2016,27/03/2016,"Lower Limit along Date From, Date To",2020,,45.095144964
28/03/2016,03/04/2016,Number of Complaints,2016,True,131
28/03/2016,03/04/2016,"Avg Complaints Per Year along Date From, Date To",2016,True,137.596153846
28/03/2016,03/04/2016,"Upper Limit along Date From, Date To",2016,True,219.471079151
28/03/2016,03/04/2016,"Lower Limit along Date From, Date To",2016,True,55.721228541
28/03/2016,03/04/2016,Number of Complaints,2017,,
28/03/2016,03/04/2016,"Avg Complaints Per Year along Date From, Date To",2017,,184.442307692
28/03/2016,03/04/2016,"Upper Limit along Date From, Date To",2017,,306.413490588
28/03/2016,03/04/2016,"Lower Limit along Date From, Date To",2017,,62.471124796
28/03/2016,03/04/2016,Number of Complaints,2018,,
28/03/2016,03/04/2016,"Avg Complaints Per Year along Date From, Date To",2018,,218.660377358
28/03/2016,03/04/2016,"Upper Limit along Date From, Date To",2018,,358.944085849
28/03/2016,03/04/2016,"Lower Limit along Date From, Date To",2018,,78.376668868
28/03/2016,03/04/2016,Number of Complaints,2019,,
28/03/2016,03/04/2016,"Avg Complaints Per Year along Date From, Date To",2019,,192.923076923
28/03/2016,03/04/2016,"Upper Limit along Date From, Date To",2019,,268.993894132
28/03/2016,03/04/2016,"Lower Limit along Date From, Date To",2019,,116.852259715
28/03/2016,03/04/2016,Number of Complaints,2020,,
28/03/2016,03/04/2016,"Avg Complaints Per Year along Date From, Date To",2020,,194.512195122
28/03/2016,03/04/2016,"Upper Limit along Date From, Date To",2020,,343.929245280
28/03/2016,03/04/2016,"Lower Limit along Date From, Date To",2020,,45.095144964
04/04/2016,10/04/2016,Number of Complaints,2016,True,96
04/04/2016,10/04/2016,"Avg Complaints Per Year along Date From, Date To",2016,True,137.596153846
04/04/2016,10/04/2016,"Upper Limit along Date From, Date To",2016,True,219.471079151
04/04/2016,10/04/2016,"Lower Limit along Date From, Date To",2016,True,55.721228541
04/04/2016,10/04/2016,Number of Complaints,2017,,
04/04/2016,10/04/2016,"Avg Complaints Per Year along Date From, Date To",2017,,184.442307692
04/04/2016,10/04/2016,"Upper Limit along Date From, Date To",2017,,306.413490588
04/04/2016,10/04/2016,"Lower Limit along Date From, Date To",2017,,62.471124796
04/04/2016,10/04/2016,Number of Complaints,2018,,
04/04/2016,10/04/2016,"Avg Complaints Per Year along Date From, Date To",2018,,218.660377358
04/04/2016,10/04/2016,"Upper Limit along Date From, Date To",2018,,358.944085849
04/04/2016,10/04/2016,"Lower Limit along Date From, Date To",2018,,78.376668868
04/04/2016,10/04/2016,Number of Complaints,2019,,
04/04/2016,10/04/2016,"Avg Complaints Per Year along Date From, Date To",2019,,192.923076923
04/04/2016,10/04/2016,"Upper Limit along Date From, Date To",2019,,268.993894132
04/04/2016,10/04/2016,"Lower Limit along Date From, Date To",2019,,116.852259715
04/04/2016,10/04/2016,Number of Complaints,2020,,
04/04/2016,10/04/2016,"Avg Complaints Per Year along Date From, Date To",2020,,194.512195122
04/04/2016,10/04/2016,"Upper Limit along Date From, Date To",2020,,343.929245280
04/04/2016,10/04/2016,"Lower Limit along Date From, Date To",2020,,45.095144964
11/04/2016,17/04/2016,Number of Complaints,2016,True,119
11/04/2016,17/04/2016,"Avg Complaints Per Year along Date From, Date To",2016,True,137.596153846
11/04/2016,17/04/2016,"Upper Limit along Date From, Date To",2016,True,219.471079151
11/04/2016,17/04/2016,"Lower Limit along Date From, Date To",2016,True,55.721228541
11/04/2016,17/04/2016,Number of Complaints,2017,,
11/04/2016,17/04/2016,"Avg Complaints Per Year along Date From, Date To",2017,,184.442307692
11/04/2016,17/04/2016,"Upper Limit along Date From, Date To",2017,,306.413490588
11/04/2016,17/04/2016,"Lower Limit along Date From, Date To",2017,,62.471124796
11/04/2016,17/04/2016,Number of Complaints,2018,,
11/04/2016,17/04/2016,"Avg Complaints Per Year along Date From, Date To",2018,,218.660377358
11/04/2016,17/04/2016,"Upper Limit along Date From, Date To",2018,,358.944085849
11/04/2016,17/04/2016,"Lower Limit along Date From, Date To",2018,,78.376668868
11/04/2016,17/04/2016,Number of Complaints,2019,,
11/04/2016,17/04/2016,"Avg Complaints Per Year along Date From, Date To",2019,,192.923076923
11/04/2016,17/04/2016,"Upper Limit along Date From, Date To",2019,,268.993894132
11/04/2016,17/04/2016,"Lower Limit along Date From, Date To",2019,,116.852259715
11/04/2016,17/04/2016,Number of Complaints,2020,,
11/04/2016,17/04/2016,"Avg Complaints Per Year along Date From, Date To",2020,,194.512195122
11/04/2016,17/04/2016,"Upper Limit along Date From, Date To",2020,,343.929245280
11/04/2016,17/04/2016,"Lower Limit along Date From, Date To",2020,,45.095144964
18/04/2016,24/04/2016,Number of Complaints,2016,True,117
18/04/2016,24/04/2016,"Avg Complaints Per Year along Date From, Date To",2016,True,137.596153846
18/04/2016,24/04/2016,"Upper Limit along Date From, Date To",2016,True,219.471079151
18/04/2016,24/04/2016,"Lower Limit along Date From, Date To",2016,True,55.721228541
18/04/2016,24/04/2016,Number of Complaints,2017,,
18/04/2016,24/04/2016,"Avg Complaints Per Year along Date From, Date To",2017,,184.442307692
18/04/2016,24/04/2016,"Upper Limit along Date From, Date To",2017,,306.413490588
18/04/2016,24/04/2016,"Lower Limit along Date From, Date To",2017,,62.471124796
18/04/2016,24/04/2016,Number of Complaints,2018,,
18/04/2016,24/04/2016,"Avg Complaints Per Year along Date From, Date To",2018,,218.660377358
18/04/2016,24/04/2016,"Upper Limit along Date From, Date To",2018,,358.944085849
18/04/2016,24/04/2016,"Lower Limit along Date From, Date To",2018,,78.376668868
18/04/2016,24/04/2016,Number of Complaints,2019,,
18/04/2016,24/04/2016,"Avg Complaints Per Year along Date From, Date To",2019,,192.923076923
18/04/2016,24/04/2016,"Upper Limit along Date From, Date To",2019,,268.993894132
18/04/2016,24/04/2016,"Lower Limit along Date From, Date To",2019,,116.852259715
18/04/2016,24/04/2016,Number of Complaints,2020,,
18/04/2016,24/04/2016,"Avg Complaints Per Year along Date From, Date To",2020,,194.512195122
18/04/2016,24/04/2016,"Upper Limit along Date From, Date To",2020,,343.929245280
18/04/2016,24/04/2016,"Lower Limit along Date From, Date To",2020,,45.095144964
25/04/2016,01/05/2016,Number of Complaints,2016,True,117
25/04/2016,01/05/2016,"Avg Complaints Per Year along Date From, Date To",2016,True,137.596153846
25/04/2016,01/05/2016,"Upper Limit along Date From, Date To",2016,True,219.471079151
25/04/2016,01/05/2016,"Lower Limit along Date From, Date To",2016,True,55.721228541
25/04/2016,01/05/2016,Number of Complaints,2017,,
25/04/2016,01/05/2016,"Avg Complaints Per Year along Date From, Date To",2017,,184.442307692
25/04/2016,01/05/2016,"Upper Limit along Date From, Date To",2017,,306.413490588
25/04/2016,01/05/2016,"Lower Limit along Date From, Date To",2017,,62.471124796
25/04/2016,01/05/2016,Number of Complaints,2018,,
25/04/2016,01/05/2016,"Avg Complaints Per Year along Date From, Date To",2018,,218.660377358
25/04/2016,01/05/2016,"Upper Limit along Date From, Date To",2018,,358.944085849
25/04/2016,01/05/2016,"Lower Limit along Date From, Date To",2018,,78.376668868
25/04/2016,01/05/2016,Number of Complaints,2019,,
25/04/2016,01/05/2016,"Avg Complaints Per Year along Date From, Date To",2019,,192.923076923
25/04/2016,01/05/2016,"Upper Limit along Date From, Date To",2019,,268.993894132
25/04/2016,01/05/2016,"Lower Limit along Date From, Date To",2019,,116.852259715
25/04/2016,01/05/2016,Number of Complaints,2020,,
25/04/2016,01/05/2016,"Avg Complaints Per Year along Date From, Date To",2020,,194.512195122
25/04/2016,01/05/2016,"Upper Limit along Date From, Date To",2020,,343.929245280
25/04/2016,01/05/2016,"Lower Limit along Date From, Date To",2020,,45.095144964
02/05/2016,08/05/2016,Number of Complaints,2016,True,116
02/05/2016,08/05/2016,"Avg Complaints Per Year along Date From, Date To",2016,True,137.596153846
02/05/2016,08/05/2016,"Upper Limit along Date From, Date To",2016,True,219.471079151
02/05/2016,08/05/2016,"Lower Limit along Date From, Date To",2016,True,55.721228541
02/05/2016,08/05/2016,Number of Complaints,2017,,
02/05/2016,08/05/2016,"Avg Complaints Per Year along Date From, Date To",2017,,184.442307692
02/05/2016,08/05/2016,"Upper Limit along Date From, Date To",2017,,306.413490588
02/05/2016,08/05/2016,"Lower Limit along Date From, Date To",2017,,62.471124796
02/05/2016,08/05/2016,Number of Complaints,2018,,
02/05/2016,08/05/2016,"Avg Complaints Per Year along Date From, Date To",2018,,218.660377358
02/05/2016,08/05/2016,"Upper Limit along Date From, Date To",2018,,358.944085849
02/05/2016,08/05/2016,"Lower Limit along Date From, Date To",2018,,78.376668868
02/05/2016,08/05/2016,Number of Complaints,2019,,
02/05/2016,08/05/2016,"Avg Complaints Per Year along Date From, Date To",2019,,192.923076923
02/05/2016,08/05/2016,"Upper Limit along Date From, Date To",2019,,268.993894132
02/05/2016,08/05/2016,"Lower Limit along Date From, Date To",2019,,116.852259715
02/05/2016,08/05/2016,Number of Complaints,2020,,
02/05/2016,08/05/2016,"Avg Complaints Per Year along Date From, Date To",2020,,194.512195122
02/05/2016,08/05/2016,"Upper Limit along Date From, Date To",2020,,343.929245280
02/05/2016,08/05/2016,"Lower Limit along Date From, Date To",2020,,45.095144964
09/05/2016,15/05/2016,Number of Complaints,2016,True,134
09/05/2016,15/05/2016,"Avg Complaints Per Year along Date From, Date To",2016,True,137.596153846
09/05/2016,15/05/2016,"Upper Limit along Date From, Date To",2016,True,219.471079151
09/05/2016,15/05/2016,"Lower Limit along Date From, Date To",2016,True,55.721228541
09/05/2016,15/05/2016,Number of Complaints,2017,,
09/05/2016,15/05/2016,"Avg Complaints Per Year along Date From, Date To",2017,,184.442307692
09/05/2016,15/05/2016,"Upper Limit along Date From, Date To",2017,,306.413490588
09/05/2016,15/05/2016,"Lower Limit along Date From, Date To",2017,,62.471124796
09/05/2016,15/05/2016,Number of Complaints,2018,,
09/05/2016,15/05/2016,"Avg Complaints Per Year along Date From, Date To",2018,,218.660377358
09/05/2016,15/05/2016,"Upper Limit along Date From, Date To",2018,,358.944085849
09/05/2016,15/05/2016,"Lower Limit along Date From, Date To",2018,,78.376668868
09/05/2016,15/05/2016,Number of Complaints,2019,,
09/05/2016,15/05/2016,"Avg Complaints Per Year along Date From, Date To",2019,,192.923076923
09/05/2016,15/05/2016,"Upper Limit along Date From, Date To",2019,,268.993894132
09/05/2016,15/05/2016,"Lower Limit along Date From, Date To",2019,,116.852259715
09/05/2016,15/05/2016,Number of Complaints,2020,,
09/05/2016,15/05/2016,"Avg Complaints Per Year along Date From, Date To",2020,,194.512195122
09/05/2016,15/05/2016,"Upper Limit along Date From, Date To",2020,,343.929245280
09/05/2016,15/05/2016,"Lower Limit along Date From, Date To",2020,,45.095144964
16/05/2016,22/05/2016,Number of Complaints,2016,True,119
16/05/2016,22/05/2016,"Avg Complaints Per Year along Date From, Date To",2016,True,137.596153846
16/05/2016,22/05/2016,"Upper Limit along Date From, Date To",2016,True,219.471079151
16/05/2016,22/05/2016,"Lower Limit along Date From, Date To",2016,True,55.721228541
16/05/2016,22/05/2016,Number of Complaints,2017,,
16/05/2016,22/05/2016,"Avg Complaints Per Year along Date From, Date To",2017,,184.442307692
16/05/2016,22/05/2016,"Upper Limit along Date From, Date To",2017,,306.413490588
16/05/2016,22/05/2016,"Lower Limit along Date From, Date To",2017,,62.471124796
16/05/2016,22/05/2016,Number of Complaints,2018,,
16/05/2016,22/05/2016,"Avg Complaints Per Year along Date From, Date To",2018,,218.660377358
16/05/2016,22/05/2016,"Upper Limit along Date From, Date To",2018,,358.944085849
16/05/2016,22/05/2016,"Lower Limit along Date From, Date To",2018,,78.376668868
16/05/2016,22/05/2016,Number of Complaints,2019,,
16/05/2016,22/05/2016,"Avg Complaints Per Year along Date From, Date To",2019,,192.923076923
16/05/2016,22/05/2016,"Upper Limit along Date From, Date To",2019,,268.993894132
16/05/2016,22/05/2016,"Lower Limit along Date From, Date To",2019,,116.852259715
16/05/2016,22/05/2016,Number of Complaints,2020,,
16/05/2016,22/05/2016,"Avg Complaints Per Year along Date From, Date To",2020,,194.512195122
16/05/2016,22/05/2016,"Upper Limit along Date From, Date To",2020,,343.929245280
16/05/2016,22/05/2016,"Lower Limit along Date From, Date To",2020,,45.095144964
23/05/2016,29/05/2016,Number of Complaints,2016,True,139
23/05/2016,29/05/2016,"Avg Complaints Per Year along Date From, Date To",2016,True,137.596153846
23/05/2016,29/05/2016,"Upper Limit along Date From, Date To",2016,True,219.471079151
23/05/2016,29/05/2016,"Lower Limit along Date From, Date To",2016,True,55.721228541
23/05/2016,29/05/2016,Number of Complaints,2017,,
23/05/2016,29/05/2016,"Avg Complaints Per Year along Date From, Date To",2017,,184.442307692
23/05/2016,29/05/2016,"Upper Limit along Date From, Date To",2017,,306.413490588
23/05/2016,29/05/2016,"Lower Limit along Date From, Date To",2017,,62.471124796
23/05/2016,29/05/2016,Number of Complaints,2018,,
23/05/2016,29/05/2016,"Avg Complaints Per Year along Date From, Date To",2018,,218.660377358
23/05/2016,29/05/2016,"Upper Limit along Date From, Date To",2018,,358.944085849
23/05/2016,29/05/2016,"Lower Limit along Date From, Date To",2018,,78.376668868
23/05/2016,29/05/2016,Number of Complaints,2019,,
23/05/2016,29/05/2016,"Avg Complaints Per Year along Date From, Date To",2019,,192.923076923
23/05/2016,29/05/2016,"Upper Limit along Date From, Date To",2019,,268.993894132
23/05/2016,29/05/2016,"Lower Limit along Date From, Date To",2019,,116.852259715
23/05/2016,29/05/2016,Number of Complaints,2020,,
23/05/2016,29/05/2016,"Avg Complaints Per Year along Date From, Date To",2020,,194.512195122
23/05/2016,29/05/2016,"Upper Limit along Date From, Date To",2020,,343.929245280
23/05/2016,29/05/2016,"Lower Limit along Date From, Date To",2020,,45.095144964
30/05/2016,05/06/2016,Number of Complaints,2016,True,77
30/05/2016,05/06/2016,"Avg Complaints Per Year along Date From, Date To",2016,True,137.596153846
30/05/2016,05/06/2016,"Upper Limit along Date From, Date To",2016,True,219.471079151
30/05/2016,05/06/2016,"Lower Limit along Date From, Date To",2016,True,55.721228541
30/05/2016,05/06/2016,Number of Complaints,2017,,
30/05/2016,05/06/2016,"Avg Complaints Per Year along Date From, Date To",2017,,184.442307692
30/05/2016,05/06/2016,"Upper Limit along Date From, Date To",2017,,306.413490588
30/05/2016,05/06/2016,"Lower Limit along Date From, Date To",2017,,62.471124796
30/05/2016,05/06/2016,Number of Complaints,2018,,
30/05/2016,05/06/2016,"Avg Complaints Per Year along Date From, Date To",2018,,218.660377358
30/05/2016,05/06/2016,"Upper Limit along Date From, Date To",2018,,358.944085849
30/05/2016,05/06/2016,"Lower Limit along Date From, Date To",2018,,78.376668868
30/05/2016,05/06/2016,Number of Complaints,2019,,
30/05/2016,05/06/2016,"Avg Complaints Per Year along Date From, Date To",2019,,192.923076923
30/05/2016,05/06/2016,"Upper Limit along Date From, Date To",2019,,268.993894132
30/05/2016,05/06/2016,"Lower Limit along Date From, Date To",2019,,116.852259715
30/05/2016,05/06/2016,Number of Complaints,2020,,
30/05/2016,05/06/2016,"Avg Complaints Per Year along Date From, Date To",2020,,194.512195122
30/05/2016,05/06/2016,"Upper Limit along Date From, Date To",2020,,343.929245280
30/05/2016,05/06/2016,"Lower Limit along Date From, Date To",2020,,45.095144964
06/06/2016,12/06/2016,Number of Complaints,2016,True,120
06/06/2016,12/06/2016,"Avg Complaints Per Year along Date From, Date To",2016,True,137.596153846
06/06/2016,12/06/2016,"Upper Limit along Date From, Date To",2016,True,219.471079151
06/06/2016,12/06/2016,"Lower Limit along Date From, Date To",2016,True,55.721228541
06/06/2016,12/06/2016,Number of Complaints,2017,,
06/06/2016,12/06/2016,"Avg Complaints Per Year along Date From, Date To",2017,,184.442307692
06/06/2016,12/06/2016,"Upper Limit along Date From, Date To",2017,,306.413490588
06/06/2016,12/06/2016,"Lower Limit along Date From, Date To",2017,,62.471124796
06/06/2016,12/06/2016,Number of Complaints,2018,,
06/06/2016,12/06/2016,"Avg Complaints Per Year along Date From, Date To",2018,,218.660377358
06/06/2016,12/06/2016,"Upper Limit along Date From, Date To",2018,,358.944085849
06/06/2016,12/06/2016,"Lower Limit along Date From, Date To",2018,,78.376668868
06/06/2016,12/06/2016,Number of Complaints,2019,,
06/06/2016,12/06/2016,"Avg Complaints Per Year along Date From, Date To",2019,,192.923076923
06/06/2016,12/06/2016,"Upper Limit along Date From, Date To",2019,,268.993894132
06/06/2016,12/06/2016,"Lower Limit along Date From, Date To",2019,,116.852259715
06/06/2016,12/06/2016,Number of Complaints,2020,,
06/06/2016,12/06/2016,"Avg Complaints Per Year along Date From, Date To",2020,,194.512195122
06/06/2016,12/06/2016,"Upper Limit along Date From, Date To",2020,,343.929245280
06/06/2016,12/06/2016,"Lower Limit along Date From, Date To",2020,,45.095144964
13/06/2016,19/06/2016,Number of Complaints,2016,True,120
13/06/2016,19/06/2016,"Avg Complaints Per Year along Date From, Date To",2016,True,137.596153846
13/06/2016,19/06/2016,"Upper Limit along Date From, Date To",2016,True,219.471079151
13/06/2016,19/06/2016,"Lower Limit along Date From, Date To",2016,True,55.721228541
13/06/2016,19/06/2016,Number of Complaints,2017,,
13/06/2016,19/06/2016,"Avg Complaints Per Year along Date From, Date To",2017,,184.442307692
13/06/2016,19/06/2016,"Upper Limit along Date From, Date To",2017,,306.413490588
13/06/2016,19/06/2016,"Lower Limit along Date From, Date To",2017,,62.471124796
13/06/2016,19/06/2016,Number of Complaints,2018,,
13/06/2016,19/06/2016,"Avg Complaints Per Year along Date From, Date To",2018,,218.660377358
13/06/2016,19/06/2016,"Upper Limit along Date From, Date To",2018,,358.944085849
13/06/2016,19/06/2016,"Lower Limit along Date From, Date To",2018,,78.376668868
13/06/2016,19/06/2016,Number of Complaints,2019,,
13/06/2016,19/06/2016,"Avg Complaints Per Year along Date From, Date To",2019,,192.923076923
13/06/2016,19/06/2016,"Upper Limit along Date From, Date To",2019,,268.993894132
13/06/2016,19/06/2016,"Lower Limit along Date From, Date To",2019,,116.852259715
13/06/2016,19/06/2016,Number of Complaints,2020,,
13/06/2016,19/06/2016,"Avg Complaints Per Year along Date From, Date To",2020,,194.512195122
13/06/2016,19/06/2016,"Upper Limit along Date From, Date To",2020,,343.929245280
13/06/2016,19/06/2016,"Lower Limit along Date From, Date To",2020,,45.095144964
20/06/2016,26/06/2016,Number of Complaints,2016,True,126
20/06/2016,26/06/2016,"Avg Complaints Per Year along Date From, Date To",2016,True,137.596153846
20/06/2016,26/06/2016,"Upper Limit along Date From, Date To",2016,True,219.471079151
20/06/2016,26/06/2016,"Lower Limit along Date From, Date To",2016,True,55.721228541
20/06/2016,26/06/2016,Number of Complaints,2017,,
20/06/2016,26/06/2016,"Avg Complaints Per Year along Date From, Date To",2017,,184.442307692
20/06/2016,26/06/2016,"Upper Limit along Date From, Date To",2017,,306.413490588
20/06/2016,26/06/2016,"Lower Limit along Date From, Date To",2017,,62.471124796
20/06/2016,26/06/2016,Number of Complaints,2018,,
20/06/2016,26/06/2016,"Avg Complaints Per Year along Date From, Date To",2018,,218.660377358
20/06/2016,26/06/2016,"Upper Limit along Date From, Date To",2018,,358.944085849
20/06/2016,26/06/2016,"Lower Limit along Date From, Date To",2018,,78.376668868
20/06/2016,26/06/2016,Number of Complaints,2019,,
20/06/2016,26/06/2016,"Avg Complaints Per Year along Date From, Date To",2019,,192.923076923
20/06/2016,26/06/2016,"Upper Limit along Date From, Date To",2019,,268.993894132
20/06/2016,26/06/2016,"Lower Limit along Date From, Date To",2019,,116.852259715
20/06/2016,26/06/2016,Number of Complaints,2020,,
20/06/2016,26/06/2016,"Avg Complaints Per Year along Date From, Date To",2020,,194.512195122
20/06/2016,26/06/2016,"Upper Limit along Date From, Date To",2020,,343.929245280
20/06/2016,26/06/2016,"Lower Limit along Date From, Date To",2020,,45.095144964
27/06/2016,03/07/2016,Number of Complaints,2016,True,109
27/06/2016,03/07/2016,"Avg Complaints Per Year along Date From, Date To",2016,True,137.596153846
27/06/2016,03/07/2016,"Upper Limit along Date From, Date To",2016,True,219.471079151
27/06/2016,03/07/2016,"Lower Limit along Date From, Date To",2016,True,55.721228541
27/06/2016,03/07/2016,Number of Complaints,2017,,
27/06/2016,03/07/2016,"Avg Complaints Per Year along Date From, Date To",2017,,184.442307692
27/06/2016,03/07/2016,"Upper Limit along Date From, Date To",2017,,306.413490588
27/06/2016,03/07/2016,"Lower Limit along Date From, Date To",2017,,62.471124796
27/06/2016,03/07/2016,Number of Complaints,2018,,
27/06/2016,03/07/2016,"Avg Complaints Per Year along Date From, Date To",2018,,218.660377358
27/06/2016,03/07/2016,"Upper Limit along Date From, Date To",2018,,358.944085849
27/06/2016,03/07/2016,"Lower Limit along Date From, Date To",2018,,78.376668868
27/06/2016,03/07/2016,Number of Complaints,2019,,
27/06/2016,03/07/2016,"Avg Complaints Per Year along Date From, Date To",2019,,192.923076923
27/06/2016,03/07/2016,"Upper Limit along Date From, Date To",2019,,268.993894132
27/06/2016,03/07/2016,"Lower Limit along Date From, Date To",2019,,116.852259715
27/06/2016,03/07/2016,Number of Complaints,2020,,
27/06/2016,03/07/2016,"Avg Complaints Per Year along Date From, Date To",2020,,194.512195122
27/06/2016,03/07/2016,"Upper Limit along Date From, Date To",2020,,343.929245280
27/06/2016,03/07/2016,"Lower Limit along Date From, Date To",2020,,45.095144964
04/07/2016,10/07/2016,Number of Complaints,2016,True,97
04/07/2016,10/07/2016,"Avg Complaints Per Year along Date From, Date To",2016,True,137.596153846
04/07/2016,10/07/2016,"Upper Limit along Date From, Date To",2016,True,219.471079151
04/07/2016,10/07/2016,"Lower Limit along Date From, Date To",2016,True,55.721228541
04/07/2016,10/07/2016,Number of Complaints,2017,,
04/07/2016,10/07/2016,"Avg Complaints Per Year along Date From, Date To",2017,,184.442307692
04/07/2016,10/07/2016,"Upper Limit along Date From, Date To",2017,,306.413490588
04/07/2016,10/07/2016,"Lower Limit along Date From, Date To",2017,,62.471124796
04/07/2016,10/07/2016,Number of Complaints,2018,,
04/07/2016,10/07/2016,"Avg Complaints Per Year along Date From, Date To",2018,,218.660377358
04/07/2016,10/07/2016,"Upper Limit along Date From, Date To",2018,,358.944085849
04/07/2016,10/07/2016,"Lower Limit along Date From, Date To",2018,,78.376668868
04/07/2016,10/07/2016,Number of Complaints,2019,,
04/07/2016,10/07/2016,"Avg Complaints Per Year along Date From, Date To",2019,,192.923076923
04/07/2016,10/07/2016,"Upper Limit along Date From, Date To",2019,,268.993894132
04/07/2016,10/07/2016,"Lower Limit along Date From, Date To",2019,,116.852259715
04/07/2016,10/07/2016,Number of Complaints,2020,,
04/07/2016,10/07/2016,"Avg Complaints Per Year along Date From, Date To",2020,,194.512195122
04/07/2016,10/07/2016,"Upper Limit along Date From, Date To",2020,,343.929245280
04/07/2016,10/07/2016,"Lower Limit along Date From, Date To",2020,,45.095144964
11/07/2016,17/07/2016,Number of Complaints,2016,True,135
11/07/2016,17/07/2016,"Avg Complaints Per Year along Date From, Date To",2016,True,137.596153846
11/07/2016,17/07/2016,"Upper Limit along Date From, Date To",2016,True,219.471079151
11/07/2016,17/07/2016,"Lower Limit along Date From, Date To",2016,True,55.721228541
11/07/2016,17/07/2016,Number of Complaints,2017,,
11/07/2016,17/07/2016,"Avg Complaints Per Year along Date From, Date To",2017,,184.442307692
11/07/2016,17/07/2016,"Upper Limit along Date From, Date To",2017,,306.413490588
11/07/2016,17/07/2016,"Lower Limit along Date From, Date To",2017,,62.471124796
11/07/2016,17/07/2016,Number of Complaints,2018,,
11/07/2016,17/07/2016,"Avg Complaints Per Year along Date From, Date To",2018,,218.660377358
11/07/2016,17/07/2016,"Upper Limit along Date From, Date To",2018,,358.944085849
11/07/2016,17/07/2016,"Lower Limit along Date From, Date To",2018,,78.376668868
11/07/2016,17/07/2016,Number of Complaints,2019,,
11/07/2016,17/07/2016,"Avg Complaints Per Year along Date From, Date To",2019,,192.923076923
11/07/2016,17/07/2016,"Upper Limit along Date From, Date To",2019,,268.993894132
11/07/2016,17/07/2016,"Lower Limit along Date From, Date To",2019,,116.852259715
11/07/2016,17/07/2016,Number of Complaints,2020,,
11/07/2016,17/07/2016,"Avg Complaints Per Year along Date From, Date To",2020,,194.512195122
11/07/2016,17/07/2016,"Upper Limit along Date From, Date To",2020,,343.929245280
11/07/2016,17/07/2016,"Lower Limit along Date From, Date To",2020,,45.095144964
18/07/2016,24/07/2016,Number of Complaints,2016,True,122
18/07/2016,24/07/2016,"Avg Complaints Per Year along Date From, Date To",2016,True,137.596153846
18/07/2016,24/07/2016,"Upper Limit along Date From, Date To",2016,True,219.471079151
18/07/2016,24/07/2016,"Lower Limit along Date From, Date To",2016,True,55.721228541
18/07/2016,24/07/2016,Number of Complaints,2017,,
18/07/2016,24/07/2016,"Avg Complaints Per Year along Date From, Date To",2017,,184.442307692
18/07/2016,24/07/2016,"Upper Limit along Date From, Date To",2017,,306.413490588
18/07/2016,24/07/2016,"Lower Limit along Date From, Date To",2017,,62.471124796
18/07/2016,24/07/2016,Number of Complaints,2018,,
18/07/2016,24/07/2016,"Avg Complaints Per Year along Date From, Date To",2018,,218.660377358
18/07/2016,24/07/2016,"Upper Limit along Date From, Date To",2018,,358.944085849
18/07/2016,24/07/2016,"Lower Limit along Date From, Date To",2018,,78.376668868
18/07/2016,24/07/2016,Number of Complaints,2019,,
18/07/2016,24/07/2016,"Avg Complaints Per Year along Date From, Date To",2019,,192.923076923
18/07/2016,24/07/2016,"Upper Limit along Date From, Date To",2019,,268.993894132
18/07/2016,24/07/2016,"Lower Limit along Date From, Date To",2019,,116.852259715
18/07/2016,24/07/2016,Number of Complaints,2020,,
18/07/2016,24/07/2016,"Avg Complaints Per Year along Date From, Date To",2020,,194.512195122
18/07/2016,24/07/2016,"Upper Limit along Date From, Date To",2020,,343.929245280
18/07/2016,24/07/2016,"Lower Limit along Date From, Date To",2020,,45.095144964
25/07/2016,31/07/2016,Number of Complaints,2016,True,139
25/07/2016,31/07/2016,"Avg Complaints Per Year along Date From, Date To",2016,True,137.596153846
25/07/2016,31/07/2016,"Upper Limit along Date From, Date To",2016,True,219.471079151
25/07/2016,31/07/2016,"Lower Limit along Date From, Date To",2016,True,55.721228541
25/07/2016,31/07/2016,Number of Complaints,2017,,
25/07/2016,31/07/2016,"Avg Complaints Per Year along Date From, Date To",2017,,184.442307692
25/07/2016,31/07/2016,"Upper Limit along Date From, Date To",2017,,306.413490588
25/07/2016,31/07/2016,"Lower Limit along Date From, Date To",2017,,62.471124796
25/07/2016,31/07/2016,Number of Complaints,2018,,
25/07/2016,31/07/2016,"Avg Complaints Per Year along Date From, Date To",2018,,218.660377358
25/07/2016,31/07/2016,"Upper Limit along Date From, Date To",2018,,358.944085849
25/07/2016,31/07/2016,"Lower Limit along Date From, Date To",2018,,78.376668868
25/07/2016,31/07/2016,Number of Complaints,2019,,
25/07/2016,31/07/2016,"Avg Complaints Per Year along Date From, Date To",2019,,192.923076923
25/07/2016,31/07/2016,"Upper Limit along Date From, Date To",2019,,268.993894132
25/07/2016,31/07/2016,"Lower Limit along Date From, Date To",2019,,116.852259715
25/07/2016,31/07/2016,Number of Complaints,2020,,
25/07/2016,31/07/2016,"Avg Complaints Per Year along Date From, Date To",2020,,194.512195122
25/07/2016,31/07/2016,"Upper Limit along Date From, Date To",2020,,343.929245280
25/07/2016,31/07/2016,"Lower Limit along Date From, Date To",2020,,45.095144964
01/08/2016,07/08/2016,Number of Complaints,2016,True,147
01/08/2016,07/08/2016,"Avg Complaints Per Year along Date From, Date To",2016,True,137.596153846
01/08/2016,07/08/2016,"Upper Limit along Date From, Date To",2016,True,219.471079151
01/08/2016,07/08/2016,"Lower Limit along Date From, Date To",2016,True,55.721228541
01/08/2016,07/08/2016,Number of Complaints,2017,,
01/08/2016,07/08/2016,"Avg Complaints Per Year along Date From, Date To",2017,,184.442307692
01/08/2016,07/08/2016,"Upper Limit along Date From, Date To",2017,,306.413490588
01/08/2016,07/08/2016,"Lower Limit along Date From, Date To",2017,,62.471124796
01/08/2016,07/08/2016,Number of Complaints,2018,,
01/08/2016,07/08/2016,"Avg Complaints Per Year along Date From, Date To",2018,,218.660377358
01/08/2016,07/08/2016,"Upper Limit along Date From, Date To",2018,,358.944085849
01/08/2016,07/08/2016,"Lower Limit along Date From, Date To",2018,,78.376668868
01/08/2016,07/08/2016,Number of Complaints,2019,,
01/08/2016,07/08/2016,"Avg Complaints Per Year along Date From, Date To",2019,,192.923076923
01/08/2016,07/08/2016,"Upper Limit along Date From, Date To",2019,,268.993894132
01/08/2016,07/08/2016,"Lower Limit along Date From, Date To",2019,,116.852259715
01/08/2016,07/08/2016,Number of Complaints,2020,,
01/08/2016,07/08/2016,"Avg Complaints Per Year along Date From, Date To",2020,,194.512195122
01/08/2016,07/08/2016,"Upper Limit along Date From, Date To",2020,,343.929245280
01/08/2016,07/08/2016,"Lower Limit along Date From, Date To",2020,,45.095144964
08/08/2016,14/08/2016,Number of Complaints,2016,True,141
08/08/2016,14/08/2016,"Avg Complaints Per Year along Date From, Date To",2016,True,137.596153846
08/08/2016,14/08/2016,"Upper Limit along Date From, Date To",2016,True,219.471079151
08/08/2016,14/08/2016,"Lower Limit along Date From, Date To",2016,True,55.721228541
08/08/2016,14/08/2016,Number of Complaints,2017,,
08/08/2016,14/08/2016,"Avg Complaints Per Year along Date From, Date To",2017,,184.442307692
08/08/2016,14/08/2016,"Upper Limit along Date From, Date To",2017,,306.413490588
08/08/2016,14/08/2016,"Lower Limit along Date From, Date To",2017,,62.471124796
08/08/2016,14/08/2016,Number of Complaints,2018,,
08/08/2016,14/08/2016,"Avg Complaints Per Year along Date From, Date To",2018,,218.660377358
08/08/2016,14/08/2016,"Upper Limit along Date From, Date To",2018,,358.944085849
08/08/2016,14/08/2016,"Lower Limit along Date From, Date To",2018,,78.376668868
08/08/2016,14/08/2016,Number of Complaints,2019,,
08/08/2016,14/08/2016,"Avg Complaints Per Year along Date From, Date To",2019,,192.923076923
08/08/2016,14/08/2016,"Upper Limit along Date From, Date To",2019,,268.993894132
08/08/2016,14/08/2016,"Lower Limit along Date From, Date To",2019,,116.852259715
08/08/2016,14/08/2016,Number of Complaints,2020,,
08/08/2016,14/08/2016,"Avg Complaints Per Year along Date From, Date To",2020,,194.512195122
08/08/2016,14/08/2016,"Upper Limit along Date From, Date To",2020,,343.929245280
08/08/2016,14/08/2016,"Lower Limit along Date From, Date To",2020,,45.095144964
15/08/2016,21/08/2016,Number of Complaints,2016,True,164
15/08/2016,21/08/2016,"Avg Complaints Per Year along Date From, Date To",2016,True,137.596153846
15/08/2016,21/08/2016,"Upper Limit along Date From, Date To",2016,True,219.471079151
15/08/2016,21/08/2016,"Lower Limit along Date From, Date To",2016,True,55.721228541
15/08/2016,21/08/2016,Number of Complaints,2017,,
15/08/2016,21/08/2016,"Avg Complaints Per Year along Date From, Date To",2017,,184.442307692
15/08/2016,21/08/2016,"Upper Limit along Date From, Date To",2017,,306.413490588
15/08/2016,21/08/2016,"Lower Limit along Date From, Date To",2017,,62.471124796
15/08/2016,21/08/2016,Number of Complaints,2018,,
15/08/2016,21/08/2016,"Avg Complaints Per Year along Date From, Date To",2018,,218.660377358
15/08/2016,21/08/2016,"Upper Limit along Date From, Date To",2018,,358.944085849
15/08/2016,21/08/2016,"Lower Limit along Date From, Date To",2018,,78.376668868
15/08/2016,21/08/2016,Number of Complaints,2019,,
15/08/2016,21/08/2016,"Avg Complaints Per Year along Date From, Date To",2019,,192.923076923
15/08/2016,21/08/2016,"Upper Limit along Date From, Date To",2019,,268.993894132
15/08/2016,21/08/2016,"Lower Limit along Date From, Date To",2019,,116.852259715
15/08/2016,21/08/2016,Number of Complaints,2020,,
15/08/2016,21/08/2016,"Avg Complaints Per Year along Date From, Date To",2020,,194.512195122
15/08/2016,21/08/2016,"Upper Limit along Date From, Date To",2020,,343.929245280
15/08/2016,21/08/2016,"Lower Limit along Date From, Date To",2020,,45.095144964
22/08/2016,28/08/2016,Number of Complaints,2016,True,154
22/08/2016,28/08/2016,"Avg Complaints Per Year along Date From, Date To",2016,True,137.596153846
22/08/2016,28/08/2016,"Upper Limit along Date From, Date To",2016,True,219.471079151
22/08/2016,28/08/2016,"Lower Limit along Date From, Date To",2016,True,55.721228541
22/08/2016,28/08/2016,Number of Complaints,2017,,
22/08/2016,28/08/2016,"Avg Complaints Per Year along Date From, Date To",2017,,184.442307692
22/08/2016,28/08/2016,"Upper Limit along Date From, Date To",2017,,306.413490588
22/08/2016,28/08/2016,"Lower Limit along Date From, Date To",2017,,62.471124796
22/08/2016,28/08/2016,Number of Complaints,2018,,
22/08/2016,28/08/2016,"Avg Complaints Per Year along Date From, Date To",2018,,218.660377358
22/08/2016,28/08/2016,"Upper Limit along Date From, Date To",2018,,358.944085849
22/08/2016,28/08/2016,"Lower Limit along Date From, Date To",2018,,78.376668868
22/08/2016,28/08/2016,Number of Complaints,2019,,
22/08/2016,28/08/2016,"Avg Complaints Per Year along Date From, Date To",2019,,192.923076923
22/08/2016,28/08/2016,"Upper Limit along Date From, Date To",2019,,268.993894132
22/08/2016,28/08/2016,"Lower Limit along Date From, Date To",2019,,116.852259715
22/08/2016,28/08/2016,Number of Complaints,2020,,
22/08/2016,28/08/2016,"Avg Complaints Per Year along Date From, Date To",2020,,194.512195122
22/08/2016,28/08/2016,"Upper Limit along Date From, Date To",2020,,343.929245280
22/08/2016,28/08/2016,"Lower Limit along Date From, Date To",2020,,45.095144964
29/08/2016,04/09/2016,Number of Complaints,2016,True,162
29/08/2016,04/09/2016,"Avg Complaints Per Year along Date From, Date To",2016,True,137.596153846
29/08/2016,04/09/2016,"Upper Limit along Date From, Date To",2016,True,219.471079151
29/08/2016,04/09/2016,"Lower Limit along Date From, Date To",2016,True,55.721228541
29/08/2016,04/09/2016,Number of Complaints,2017,,
29/08/2016,04/09/2016,"Avg Complaints Per Year along Date From, Date To",2017,,184.442307692
29/08/2016,04/09/2016,"Upper Limit along Date From, Date To",2017,,306.413490588
29/08/2016,04/09/2016,"Lower Limit along Date From, Date To",2017,,62.471124796
29/08/2016,04/09/2016,Number of Complaints,2018,,
29/08/2016,04/09/2016,"Avg Complaints Per Year along Date From, Date To",2018,,218.660377358
29/08/2016,04/09/2016,"Upper Limit along Date From, Date To",2018,,358.944085849
29/08/2016,04/09/2016,"Lower Limit along Date From, Date To",2018,,78.376668868
29/08/2016,04/09/2016,Number of Complaints,2019,,
29/08/2016,04/09/2016,"Avg Complaints Per Year along Date From, Date To",2019,,192.923076923
29/08/2016,04/09/2016,"Upper Limit along Date From, Date To",2019,,268.993894132
29/08/2016,04/09/2016,"Lower Limit along Date From, Date To",2019,,116.852259715
29/08/2016,04/09/2016,Number of Complaints,2020,,
29/08/2016,04/09/2016,"Avg Complaints Per Year along Date From, Date To",2020,,194.512195122
29/08/2016,04/09/2016,"Upper Limit along Date From, Date To",2020,,343.929245280
29/08/2016,04/09/2016,"Lower Limit along Date From, Date To",2020,,45.095144964
05/09/2016,11/09/2016,Number of Complaints,2016,True,168
05/09/2016,11/09/2016,"Avg Complaints Per Year along Date From, Date To",2016,True,137.596153846
05/09/2016,11/09/2016,"Upper Limit along Date From, Date To",2016,True,219.471079151
05/09/2016,11/09/2016,"Lower Limit along Date From, Date To",2016,True,55.721228541
05/09/2016,11/09/2016,Number of Complaints,2017,,
05/09/2016,11/09/2016,"Avg Complaints Per Year along Date From, Date To",2017,,184.442307692
05/09/2016,11/09/2016,"Upper Limit along Date From, Date To",2017,,306.413490588
05/09/2016,11/09/2016,"Lower Limit along Date From, Date To",2017,,62.471124796
05/09/2016,11/09/2016,Number of Complaints,2018,,
05/09/2016,11/09/2016,"Avg Complaints Per Year along Date From, Date To",2018,,218.660377358
05/09/2016,11/09/2016,"Upper Limit along Date From, Date To",2018,,358.944085849
05/09/2016,11/09/2016,"Lower Limit along Date From, Date To",2018,,78.376668868
05/09/2016,11/09/2016,Number of Complaints,2019,,
05/09/2016,11/09/2016,"Avg Complaints Per Year along Date From, Date To",2019,,192.923076923
05/09/2016,11/09/2016,"Upper Limit along Date From, Date To",2019,,268.993894132
05/09/2016,11/09/2016,"Lower Limit along Date From, Date To",2019,,116.852259715
05/09/2016,11/09/2016,Number of Complaints,2020,,
05/09/2016,11/09/2016,"Avg Complaints Per Year along Date From, Date To",2020,,194.512195122
05/09/2016,11/09/2016,"Upper Limit along Date From, Date To",2020,,343.929245280
05/09/2016,11/09/2016,"Lower Limit along Date From, Date To",2020,,45.095144964
12/09/2016,18/09/2016,Number of Complaints,2016,True,178
12/09/2016,18/09/2016,"Avg Complaints Per Year along Date From, Date To",2016,True,137.596153846
12/09/2016,18/09/2016,"Upper Limit along Date From, Date To",2016,True,219.471079151
12/09/2016,18/09/2016,"Lower Limit along Date From, Date To",2016,True,55.721228541
12/09/2016,18/09/2016,Number of Complaints,2017,,
12/09/2016,18/09/2016,"Avg Complaints Per Year along Date From, Date To",2017,,184.442307692
12/09/2016,18/09/2016,"Upper Limit along Date From, Date To",2017,,306.413490588
12/09/2016,18/09/2016,"Lower Limit along Date From, Date To",2017,,62.471124796
12/09/2016,18/09/2016,Number of Complaints,2018,,
12/09/2016,18/09/2016,"Avg Complaints Per Year along Date From, Date To",2018,,218.660377358
12/09/2016,18/09/2016,"Upper Limit along Date From, Date To",2018,,358.944085849
12/09/2016,18/09/2016,"Lower Limit along Date From, Date To",2018,,78.376668868
12/09/2016,18/09/2016,Number of Complaints,2019,,
12/09/2016,18/09/2016,"Avg Complaints Per Year along Date From, Date To",2019,,192.923076923
12/09/2016,18/09/2016,"Upper Limit along Date From, Date To",2019,,268.993894132
12/09/2016,18/09/2016,"Lower Limit along Date From, Date To",2019,,116.852259715
12/09/2016,18/09/2016,Number of Complaints,2020,,
12/09/2016,18/09/2016,"Avg Complaints Per Year along Date From, Date To",2020,,194.512195122
12/09/2016,18/09/2016,"Upper Limit along Date From, Date To",2020,,343.929245280
12/09/2016,18/09/2016,"Lower Limit along Date From, Date To",2020,,45.095144964
19/09/2016,25/09/2016,Number of Complaints,2016,True,204
19/09/2016,25/09/2016,"Avg Complaints Per Year along Date From, Date To",2016,True,137.596153846
19/09/2016,25/09/2016,"Upper Limit along Date From, Date To",2016,True,219.471079151
19/09/2016,25/09/2016,"Lower Limit along Date From, Date To",2016,True,55.721228541
19/09/2016,25/09/2016,Number of Complaints,2017,,
19/09/2016,25/09/2016,"Avg Complaints Per Year along Date From, Date To",2017,,184.442307692
19/09/2016,25/09/2016,"Upper Limit along Date From, Date To",2017,,306.413490588
19/09/2016,25/09/2016,"Lower Limit along Date From, Date To",2017,,62.471124796
19/09/2016,25/09/2016,Number of Complaints,2018,,
19/09/2016,25/09/2016,"Avg Complaints Per Year along Date From, Date To",2018,,218.660377358
19/09/2016,25/09/2016,"Upper Limit along Date From, Date To",2018,,358.944085849
19/09/2016,25/09/2016,"Lower Limit along Date From, Date To",2018,,78.376668868
19/09/2016,25/09/2016,Number of Complaints,2019,,
19/09/2016,25/09/2016,"Avg Complaints Per Year along Date From, Date To",2019,,192.923076923
19/09/2016,25/09/2016,"Upper Limit along Date From, Date To",2019,,268.993894132
19/09/2016,25/09/2016,"Lower Limit along Date From, Date To",2019,,116.852259715
19/09/2016,25/09/2016,Number of Complaints,2020,,
19/09/2016,25/09/2016,"Avg Complaints Per Year along Date From, Date To",2020,,194.512195122
19/09/2016,25/09/2016,"Upper Limit along Date From, Date To",2020,,343.929245280
19/09/2016,25/09/2016,"Lower Limit along Date From, Date To",2020,,45.095144964
26/09/2016,02/10/2016,Number of Complaints,2016,True,210
26/09/2016,02/10/2016,"Avg Complaints Per Year along Date From, Date To",2016,True,137.596153846
26/09/2016,02/10/2016,"Upper Limit along Date From, Date To",2016,True,219.471079151
26/09/2016,02/10/2016,"Lower Limit along Date From, Date To",2016,True,55.721228541
26/09/2016,02/10/2016,Number of Complaints,2017,,
26/09/2016,02/10/2016,"Avg Complaints Per Year along Date From, Date To",2017,,184.442307692
26/09/2016,02/10/2016,"Upper Limit along Date From, Date To",2017,,306.413490588
26/09/2016,02/10/2016,"Lower Limit along Date From, Date To",2017,,62.471124796
26/09/2016,02/10/2016,Number of Complaints,2018,,
26/09/2016,02/10/2016,"Avg Complaints Per Year along Date From, Date To",2018,,218.660377358
26/09/2016,02/10/2016,"Upper Limit along Date From, Date To",2018,,358.944085849
26/09/2016,02/10/2016,"Lower Limit along Date From, Date To",2018,,78.376668868
26/09/2016,02/10/2016,Number of Complaints,2019,,
26/09/2016,02/10/2016,"Avg Complaints Per Year along Date From, Date To",2019,,192.923076923
26/09/2016,02/10/2016,"Upper Limit along Date From, Date To",2019,,268.993894132
26/09/2016,02/10/2016,"Lower Limit along Date From, Date To",2019,,116.852259715
26/09/2016,02/10/2016,Number of Complaints,2020,,
26/09/2016,02/10/2016,"Avg Complaints Per Year along Date From, Date To",2020,,194.512195122
26/09/2016,02/10/2016,"Upper Limit along Date From, Date To",2020,,343.929245280
26/09/2016,02/10/2016,"Lower Limit along Date From, Date To",2020,,45.095144964
03/10/2016,09/10/2016,Number of Complaints,2016,True,172
03/10/2016,09/10/2016,"Avg Complaints Per Year along Date From, Date To",2016,True,137.596153846
03/10/2016,09/10/2016,"Upper Limit along Date From, Date To",2016,True,219.471079151
03/10/2016,09/10/2016,"Lower Limit along Date From, Date To",2016,True,55.721228541
03/10/2016,09/10/2016,Number of Complaints,2017,,
03/10/2016,09/10/2016,"Avg Complaints Per Year along Date From, Date To",2017,,184.442307692
03/10/2016,09/10/2016,"Upper Limit along Date From, Date To",2017,,306.413490588
03/10/2016,09/10/2016,"Lower Limit along Date From, Date To",2017,,62.471124796
03/10/2016,09/10/2016,Number of Complaints,2018,,
03/10/2016,09/10/2016,"Avg Complaints Per Year along Date From, Date To",2018,,218.660377358
03/10/2016,09/10/2016,"Upper Limit along Date From, Date To",2018,,358.944085849
03/10/2016,09/10/2016,"Lower Limit along Date From, Date To",2018,,78.376668868
03/10/2016,09/10/2016,Number of Complaints,2019,,
03/10/2016,09/10/2016,"Avg Complaints Per Year along Date From, Date To",2019,,192.923076923
03/10/2016,09/10/2016,"Upper Limit along Date From, Date To",2019,,268.993894132
03/10/2016,09/10/2016,"Lower Limit along Date From, Date To",2019,,116.852259715
03/10/2016,09/10/2016,Number of Complaints,2020,,
03/10/2016,09/10/2016,"Avg Complaints Per Year along Date From, Date To",2020,,194.512195122
03/10/2016,09/10/2016,"Upper Limit along Date From, Date To",2020,,343.929245280
03/10/2016,09/10/2016,"Lower Limit along Date From, Date To",2020,,45.095144964
10/10/2016,16/10/2016,Number of Complaints,2016,True,155
10/10/2016,16/10/2016,"Avg Complaints Per Year along Date From, Date To",2016,True,137.596153846
10/10/2016,16/10/2016,"Upper Limit along Date From, Date To",2016,True,219.471079151
10/10/2016,16/10/2016,"Lower Limit along Date From, Date To",2016,True,55.721228541
10/10/2016,16/10/2016,Number of Complaints,2017,,
10/10/2016,16/10/2016,"Avg Complaints Per Year along Date From, Date To",2017,,184.442307692
10/10/2016,16/10/2016,"Upper Limit along Date From, Date To",2017,,306.413490588
10/10/2016,16/10/2016,"Lower Limit along Date From, Date To",2017,,62.471124796
10/10/2016,16/10/2016,Number of Complaints,2018,,
10/10/2016,16/10/2016,"Avg Complaints Per Year along Date From, Date To",2018,,218.660377358
10/10/2016,16/10/2016,"Upper Limit along Date From, Date To",2018,,358.944085849
10/10/2016,16/10/2016,"Lower Limit along Date From, Date To",2018,,78.376668868
10/10/2016,16/10/2016,Number of Complaints,2019,,
10/10/2016,16/10/2016,"Avg Complaints Per Year along Date From, Date To",2019,,192.923076923
10/10/2016,16/10/2016,"Upper Limit along Date From, Date To",2019,,268.993894132
10/10/2016,16/10/2016,"Lower Limit along Date From, Date To",2019,,116.852259715
10/10/2016,16/10/2016,Number of Complaints,2020,,
10/10/2016,16/10/2016,"Avg Complaints Per Year along Date From, Date To",2020,,194.512195122
10/10/2016,16/10/2016,"Upper Limit along Date From, Date To",2020,,343.929245280
10/10/2016,16/10/2016,"Lower Limit along Date From, Date To",2020,,45.095144964
17/10/2016,23/10/2016,Number of Complaints,2016,True,174
17/10/2016,23/10/2016,"Avg Complaints Per Year along Date From, Date To",2016,True,137.596153846
17/10/2016,23/10/2016,"Upper Limit along Date From, Date To",2016,True,219.471079151
17/10/2016,23/10/2016,"Lower Limit along Date From, Date To",2016,True,55.721228541
17/10/2016,23/10/2016,Number of Complaints,2017,,
17/10/2016,23/10/2016,"Avg Complaints Per Year along Date From, Date To",2017,,184.442307692
17/10/2016,23/10/2016,"Upper Limit along Date From, Date To",2017,,306.413490588
17/10/2016,23/10/2016,"Lower Limit along Date From, Date To",2017,,62.471124796
17/10/2016,23/10/2016,Number of Complaints,2018,,
17/10/2016,23/10/2016,"Avg Complaints Per Year along Date From, Date To",2018,,218.660377358
17/10/2016,23/10/2016,"Upper Limit along Date From, Date To",2018,,358.944085849
17/10/2016,23/10/2016,"Lower Limit along Date From, Date To",2018,,78.376668868
17/10/2016,23/10/2016,Number of Complaints,2019,,
17/10/2016,23/10/2016,"Avg Complaints Per Year along Date From, Date To",2019,,192.923076923
17/10/2016,23/10/2016,"Upper Limit along Date From, Date To",2019,,268.993894132
17/10/2016,23/10/2016,"Lower Limit along Date From, Date To",2019,,116.852259715
17/10/2016,23/10/2016,Number of Complaints,2020,,
17/10/2016,23/10/2016,"Avg Complaints Per Year along Date From, Date To",2020,,194.512195122
17/10/2016,23/10/2016,"Upper Limit along Date From, Date To",2020,,343.929245280
17/10/2016,23/10/2016,"Lower Limit along Date From, Date To",2020,,45.095144964
24/10/2016,30/10/2016,Number of Complaints,2016,True,179
24/10/2016,30/10/2016,"Avg Complaints Per Year along Date From, Date To",2016,True,137.596153846
24/10/2016,30/10/2016,"Upper Limit along Date From, Date To",2016,True,219.471079151
24/10/2016,30/10/2016,"Lower Limit along Date From, Date To",2016,True,55.721228541
24/10/2016,30/10/2016,Number of Complaints,2017,,
24/10/2016,30/10/2016,"Avg Complaints Per Year along Date From, Date To",2017,,184.442307692
24/10/2016,30/10/2016,"Upper Limit along Date From, Date To",2017,,306.413490588
24/10/2016,30/10/2016,"Lower Limit along Date From, Date To",2017,,62.471124796
24/10/2016,30/10/2016,Number of Complaints,2018,,
24/10/2016,30/10/2016,"Avg Complaints Per Year along Date From, Date To",2018,,218.660377358
24/10/2016,30/10/2016,"Upper Limit along Date From, Date To",2018,,358.944085849
24/10/2016,30/10/2016,"Lower Limit along Date From, Date To",2018,,78.376668868
24/10/2016,30/10/2016,Number of Complaints,2019,,
24/10/2016,30/10/2016,"Avg Complaints Per Year along Date From, Date To",2019,,192.923076923
24/10/2016,30/10/2016,"Upper Limit along Date From, Date To",2019,,268.993894132
24/10/2016,30/10/2016,"Lower Limit along Date From, Date To",2019,,116.852259715
24/10/2016,30/10/2016,Number of Complaints,2020,,
24/10/2016,30/10/2016,"Avg Complaints Per Year along Date From, Date To",2020,,194.512195122
24/10/2016,30/10/2016,"Upper Limit along Date From, Date To",2020,,343.929245280
24/10/2016,30/10/2016,"Lower Limit along Date From, Date To",2020,,45.095144964
31/10/2016,06/11/2016,Number of Complaints,2016,True,170
31/10/2016,06/11/2016,"Avg Complaints Per Year along Date From, Date To",2016,True,137.596153846
31/10/2016,06/11/2016,"Upper Limit along Date From, Date To",2016,True,219.471079151
31/10/2016,06/11/2016,"Lower Limit along Date From, Date To",2016,True,55.721228541
31/10/2016,06/11/2016,Number of Complaints,2017,,
31/10/2016,06/11/2016,"Avg Complaints Per Year along Date From, Date To",2017,,184.442307692
31/10/2016,06/11/2016,"Upper Limit along Date From, Date To",2017,,306.413490588
31/10/2016,06/11/2016,"Lower Limit along Date From, Date To",2017,,62.471124796
31/10/2016,06/11/2016,Number of Complaints,2018,,
31/10/2016,06/11/2016,"Avg Complaints Per Year along Date From, Date To",2018,,218.660377358
31/10/2016,06/11/2016,"Upper Limit along Date From, Date To",2018,,358.944085849
31/10/2016,06/11/2016,"Lower Limit along Date From, Date To",2018,,78.376668868
31/10/2016,06/11/2016,Number of Complaints,2019,,
31/10/2016,06/11/2016,"Avg Complaints Per Year along Date From, Date To",2019,,192.923076923
31/10/2016,06/11/2016,"Upper Limit along Date From, Date To",2019,,268.993894132
31/10/2016,06/11/2016,"Lower Limit along Date From, Date To",2019,,116.852259715
31/10/2016,06/11/2016,Number of Complaints,2020,,
31/10/2016,06/11/2016,"Avg Complaints Per Year along Date From, Date To",2020,,194.512195122
31/10/2016,06/11/2016,"Upper Limit along Date From, Date To",2020,,343.929245280
31/10/2016,06/11/2016,"Lower Limit along Date From, Date To",2020,,45.095144964
07/11/2016,13/11/2016,Number of Complaints,2016,True,146
07/11/2016,13/11/2016,"Avg Complaints Per Year along Date From, Date To",2016,True,137.596153846
07/11/2016,13/11/2016,"Upper Limit along Date From, Date To",2016,True,219.471079151
07/11/2016,13/11/2016,"Lower Limit along Date From, Date To",2016,True,55.721228541
07/11/2016,13/11/2016,Number of Complaints,2017,,
07/11/2016,13/11/2016,"Avg Complaints Per Year along Date From, Date To",2017,,184.442307692
07/11/2016,13/11/2016,"Upper Limit along Date From, Date To",2017,,306.413490588
07/11/2016,13/11/2016,"Lower Limit along Date From, Date To",2017,,62.471124796
07/11/2016,13/11/2016,Number of Complaints,2018,,
07/11/2016,13/11/2016,"Avg Complaints Per Year along Date From, Date To",2018,,218.660377358
07/11/2016,13/11/2016,"Upper Limit along Date From, Date To",2018,,358.944085849
07/11/2016,13/11/2016,"Lower Limit along Date From, Date To",2018,,78.376668868
07/11/2016,13/11/2016,Number of Complaints,2019,,
07/11/2016,13/11/2016,"Avg Complaints Per Year along Date From, Date To",2019,,192.923076923
07/11/2016,13/11/2016,"Upper Limit along Date From, Date To",2019,,268.993894132
07/11/2016,13/11/2016,"Lower Limit along Date From, Date To",2019,,116.852259715
07/11/2016,13/11/2016,Number of Complaints,2020,,
07/11/2016,13/11/2016,"Avg Complaints Per Year along Date From, Date To",2020,,194.512195122
07/11/2016,13/11/2016,"Upper Limit along Date From, Date To",2020,,343.929245280
07/11/2016,13/11/2016,"Lower Limit along Date From, Date To",2020,,45.095144964
14/11/2016,20/11/2016,Number of Complaints,2016,True,172
14/11/2016,20/11/2016,"Avg Complaints Per Year along Date From, Date To",2016,True,137.596153846
14/11/2016,20/11/2016,"Upper Limit along Date From, Date To",2016,True,219.471079151
14/11/2016,20/11/2016,"Lower Limit along Date From, Date To",2016,True,55.721228541
14/11/2016,20/11/2016,Number of Complaints,2017,,
14/11/2016,20/11/2016,"Avg Complaints Per Year along Date From, Date To",2017,,184.442307692
14/11/2016,20/11/2016,"Upper Limit along Date From, Date To",2017,,306.413490588
14/11/2016,20/11/2016,"Lower Limit along Date From, Date To",2017,,62.471124796
14/11/2016,20/11/2016,Number of Complaints,2018,,
14/11/2016,20/11/2016,"Avg Complaints Per Year along Date From, Date To",2018,,218.660377358
14/11/2016,20/11/2016,"Upper Limit along Date From, Date To",2018,,358.944085849
14/11/2016,20/11/2016,"Lower Limit along Date From, Date To",2018,,78.376668868
14/11/2016,20/11/2016,Number of Complaints,2019,,
14/11/2016,20/11/2016,"Avg Complaints Per Year along Date From, Date To",2019,,192.923076923
14/11/2016,20/11/2016,"Upper Limit along Date From, Date To",2019,,268.993894132
14/11/2016,20/11/2016,"Lower Limit along Date From, Date To",2019,,116.852259715
14/11/2016,20/11/2016,Number of Complaints,2020,,
14/11/2016,20/11/2016,"Avg Complaints Per Year along Date From, Date To",2020,,194.512195122
14/11/2016,20/11/2016,"Upper Limit along Date From, Date To",2020,,343.929245280
14/11/2016,20/11/2016,"Lower Limit along Date From, Date To",2020,,45.095144964
21/11/2016,27/11/2016,Number of Complaints,2016,True,113
21/11/2016,27/11/2016,"Avg Complaints Per Year along Date From, Date To",2016,True,137.596153846
21/11/2016,27/11/2016,"Upper Limit along Date From, Date To",2016,True,219.471079151
21/11/2016,27/11/2016,"Lower Limit along Date From, Date To",2016,True,55.721228541
21/11/2016,27/11/2016,Number of Complaints,2017,,
21/11/2016,27/11/2016,"Avg Complaints Per Year along Date From, Date To",2017,,184.442307692
21/11/2016,27/11/2016,"Upper Limit along Date From, Date To",2017,,306.413490588
21/11/2016,27/11/2016,"Lower Limit along Date From, Date To",2017,,62.471124796
21/11/2016,27/11/2016,Number of Complaints,2018,,
21/11/2016,27/11/2016,"Avg Complaints Per Year along Date From, Date To",2018,,218.660377358
21/11/2016,27/11/2016,"Upper Limit along Date From, Date To",2018,,358.944085849
21/11/2016,27/11/2016,"Lower Limit along Date From, Date To",2018,,78.376668868
21/11/2016,27/11/2016,Number of Complaints,2019,,
21/11/2016,27/11/2016,"Avg Complaints Per Year along Date From, Date To",2019,,192.923076923
21/11/2016,27/11/2016,"Upper Limit along Date From, Date To",2019,,268.993894132
21/11/2016,27/11/2016,"Lower Limit along Date From, Date To",2019,,116.852259715
21/11/2016,27/11/2016,Number of Complaints,2020,,
21/11/2016,27/11/2016,"Avg Complaints Per Year along Date From, Date To",2020,,194.512195122
21/11/2016,27/11/2016,"Upper Limit along Date From, Date To",2020,,343.929245280
21/11/2016,27/11/2016,"Lower Limit along Date From, Date To",2020,,45.095144964
28/11/2016,04/12/2016,Number of Complaints,2016,True,149
28/11/2016,04/12/2016,"Avg Complaints Per Year along Date From, Date To",2016,True,137.596153846
28/11/2016,04/12/2016,"Upper Limit along Date From, Date To",2016,True,219.471079151
28/11/2016,04/12/2016,"Lower Limit along Date From, Date To",2016,True,55.721228541
28/11/2016,04/12/2016,Number of Complaints,2017,,
28/11/2016,04/12/2016,"Avg Complaints Per Year along Date From, Date To",2017,,184.442307692
28/11/2016,04/12/2016,"Upper Limit along Date From, Date To",2017,,306.413490588
28/11/2016,04/12/2016,"Lower Limit along Date From, Date To",2017,,62.471124796
28/11/2016,04/12/2016,Number of Complaints,2018,,
28/11/2016,04/12/2016,"Avg Complaints Per Year along Date From, Date To",2018,,218.660377358
28/11/2016,04/12/2016,"Upper Limit along Date From, Date To",2018,,358.944085849
28/11/2016,04/12/2016,"Lower Limit along Date From, Date To",2018,,78.376668868
28/11/2016,04/12/2016,Number of Complaints,2019,,
28/11/2016,04/12/2016,"Avg Complaints Per Year along Date From, Date To",2019,,192.923076923
28/11/2016,04/12/2016,"Upper Limit along Date From, Date To",2019,,268.993894132
28/11/2016,04/12/2016,"Lower Limit along Date From, Date To",2019,,116.852259715
28/11/2016,04/12/2016,Number of Complaints,2020,,
28/11/2016,04/12/2016,"Avg Complaints Per Year along Date From, Date To",2020,,194.512195122
28/11/2016,04/12/2016,"Upper Limit along Date From, Date To",2020,,343.929245280
28/11/2016,04/12/2016,"Lower Limit along Date From, Date To",2020,,45.095144964
05/12/2016,11/12/2016,Number of Complaints,2016,True,152
05/12/2016,11/12/2016,"Avg Complaints Per Year along Date From, Date To",2016,True,137.596153846
05/12/2016,11/12/2016,"Upper Limit along Date From, Date To",2016,True,219.471079151
05/12/2016,11/12/2016,"Lower Limit along Date From, Date To",2016,True,55.721228541
05/12/2016,11/12/2016,Number of Complaints,2017,,
05/12/2016,11/12/2016,"Avg Complaints Per Year along Date From, Date To",2017,,184.442307692
05/12/2016,11/12/2016,"Upper Limit along Date From, Date To",2017,,306.413490588
05/12/2016,11/12/2016,"Lower Limit along Date From, Date To",2017,,62.471124796
05/12/2016,11/12/2016,Number of Complaints,2018,,
05/12/2016,11/12/2016,"Avg Complaints Per Year along Date From, Date To",2018,,218.660377358
05/12/2016,11/12/2016,"Upper Limit along Date From, Date To",2018,,358.944085849
05/12/2016,11/12/2016,"Lower Limit along Date From, Date To",2018,,78.376668868
05/12/2016,11/12/2016,Number of Complaints,2019,,
05/12/2016,11/12/2016,"Avg Complaints Per Year along Date From, Date To",2019,,192.923076923
05/12/2016,11/12/2016,"Upper Limit along Date From, Date To",2019,,268.993894132
05/12/2016,11/12/2016,"Lower Limit along Date From, Date To",2019,,116.852259715
05/12/2016,11/12/2016,Number of Complaints,2020,,
05/12/2016,11/12/2016,"Avg Complaints Per Year along Date From, Date To",2020,,194.512195122
05/12/2016,11/12/2016,"Upper Limit along Date From, Date To",2020,,343.929245280
05/12/2016,11/12/2016,"Lower Limit along Date From, Date To",2020,,45.095144964
12/12/2016,18/12/2016,Number of Complaints,2016,True,152
12/12/2016,18/12/2016,"Avg Complaints Per Year along Date From, Date To",2016,True,137.596153846
12/12/2016,18/12/2016,"Upper Limit along Date From, Date To",2016,True,219.471079151
12/12/2016,18/12/2016,"Lower Limit along Date From, Date To",2016,True,55.721228541
12/12/2016,18/12/2016,Number of Complaints,2017,,
12/12/2016,18/12/2016,"Avg Complaints Per Year along Date From, Date To",2017,,184.442307692
12/12/2016,18/12/2016,"Upper Limit along Date From, Date To",2017,,306.413490588
12/12/2016,18/12/2016,"Lower Limit along Date From, Date To",2017,,62.471124796
12/12/2016,18/12/2016,Number of Complaints,2018,,
12/12/2016,18/12/2016,"Avg Complaints Per Year along Date From, Date To",2018,,218.660377358
12/12/2016,18/12/2016,"Upper Limit along Date From, Date To",2018,,358.944085849
12/12/2016,18/12/2016,"Lower Limit along Date From, Date To",2018,,78.376668868
12/12/2016,18/12/2016,Number of Complaints,2019,,
12/12/2016,18/12/2016,"Avg Complaints Per Year along Date From, Date To",2019,,192.923076923
12/12/2016,18/12/2016,"Upper Limit along Date From, Date To",2019,,268.993894132
12/12/2016,18/12/2016,"Lower Limit along Date From, Date To",2019,,116.852259715
12/12/2016,18/12/2016,Number of Complaints,2020,,
12/12/2016,18/12/2016,"Avg Complaints Per Year along Date From, Date To",2020,,194.512195122
12/12/2016,18/12/2016,"Upper Limit along Date From, Date To",2020,,343.929245280
12/12/2016,18/12/2016,"Lower Limit along Date From, Date To",2020,,45.095144964
19/12/2016,25/12/2016,Number of Complaints,2016,True,139
19/12/2016,25/12/2016,"Avg Complaints Per Year along Date From, Date To",2016,True,137.596153846
19/12/2016,25/12/2016,"Upper Limit along Date From, Date To",2016,True,219.471079151
19/12/2016,25/12/2016,"Lower Limit along Date From, Date To",2016,True,55.721228541
19/12/2016,25/12/2016,Number of Complaints,2017,,
19/12/2016,25/12/2016,"Avg Complaints Per Year along Date From, Date To",2017,,184.442307692
19/12/2016,25/12/2016,"Upper Limit along Date From, Date To",2017,,306.413490588
19/12/2016,25/12/2016,"Lower Limit along Date From, Date To",2017,,62.471124796
19/12/2016,25/12/2016,Number of Complaints,2018,,
19/12/2016,25/12/2016,"Avg Complaints Per Year along Date From, Date To",2018,,218.660377358
19/12/2016,25/12/2016,"Upper Limit along Date From, Date To",2018,,358.944085849
19/12/2016,25/12/2016,"Lower Limit along Date From, Date To",2018,,78.376668868
19/12/2016,25/12/2016,Number of Complaints,2019,,
19/12/2016,25/12/2016,"Avg Complaints Per Year along Date From, Date To",2019,,192.923076923
19/12/2016,25/12/2016,"Upper Limit along Date From, Date To",2019,,268.993894132
19/12/2016,25/12/2016,"Lower Limit along Date From, Date To",2019,,116.852259715
19/12/2016,25/12/2016,Number of Complaints,2020,,
19/12/2016,25/12/2016,"Avg Complaints Per Year along Date From, Date To",2020,,194.512195122
19/12/2016,25/12/2016,"Upper Limit along Date From, Date To",2020,,343.929245280
19/12/2016,25/12/2016,"Lower Limit along Date From, Date To",2020,,45.095144964
26/12/2016,01/01/2017,Number of Complaints,2016,True,106
26/12/2016,01/01/2017,"Avg Complaints Per Year along Date From, Date To",2016,True,137.596153846
26/12/2016,01/01/2017,"Upper Limit along Date From, Date To",2016,True,219.471079151
26/12/2016,01/01/2017,"Lower Limit along Date From, Date To",2016,True,55.721228541
26/12/2016,01/01/2017,Number of Complaints,2017,,
26/12/2016,01/01/2017,"Avg Complaints Per Year along Date From, Date To",2017,,184.442307692
26/12/2016,01/01/2017,"Upper Limit along Date From, Date To",2017,,306.413490588
26/12/2016,01/01/2017,"Lower Limit along Date From, Date To",2017,,62.471124796
26/12/2016,01/01/2017,Number of Complaints,2018,,
26/12/2016,01/01/2017,"Avg Complaints Per Year along Date From, Date To",2018,,218.660377358
26/12/2016,01/01/2017,"Upper Limit along Date From, Date To",2018,,358.944085849
26/12/2016,01/01/2017,"Lower Limit along Date From, Date To",2018,,78.376668868
26/12/2016,01/01/2017,Number of Complaints,2019,,
26/12/2016,01/01/2017,"Avg Complaints Per Year along Date From, Date To",2019,,192.923076923
26/12/2016,01/01/2017,"Upper Limit along Date From, Date To",2019,,268.993894132
26/12/2016,01/01/2017,"Lower Limit along Date From, Date To",2019,,116.852259715
26/12/2016,01/01/2017,Number of Complaints,2020,,
26/12/2016,01/01/2017,"Avg Complaints Per Year along Date From, Date To",2020,,194.512195122
26/12/2016,01/01/2017,"Upper Limit along Date From, Date To",2020,,343.929245280
26/12/2016,01/01/2017,"Lower Limit along Date From, Date To",2020,,45.095144964
02/01/2017,08/01/2017,Number of Complaints,2016,,
02/01/2017,08/01/2017,"Avg Complaints Per Year along Date From, Date To",2016,,137.596153846
02/01/2017,08/01/2017,"Upper Limit along Date From, Date To",2016,,219.471079151
02/01/2017,08/01/2017,"Lower Limit along Date From, Date To",2016,,55.721228541
02/01/2017,08/01/2017,Number of Complaints,2017,True,120
02/01/2017,08/01/2017,"Avg Complaints Per Year along Date From, Date To",2017,True,184.442307692
02/01/2017,08/01/2017,"Upper Limit along Date From, Date To",2017,True,306.413490588
02/01/2017,08/01/2017,"Lower Limit along Date From, Date To",2017,True,62.471124796
02/01/2017,08/01/2017,Number of Complaints,2018,,
02/01/2017,08/01/2017,"Avg Complaints Per Year along Date From, Date To",2018,,218.660377358
02/01/2017,08/01/2017,"Upper Limit along Date From, Date To",2018,,358.944085849
02/01/2017,08/01/2017,"Lower Limit along Date From, Date To",2018,,78.376668868
02/01/2017,08/01/2017,Number of Complaints,2019,,
02/01/2017,08/01/2017,"Avg Complaints Per Year along Date From, Date To",2019,,192.923076923
02/01/2017,08/01/2017,"Upper Limit along Date From, Date To",2019,,268.993894132
02/01/2017,08/01/2017,"Lower Limit along Date From, Date To",2019,,116.852259715
02/01/2017,08/01/2017,Number of Complaints,2020,,
02/01/2017,08/01/2017,"Avg Complaints Per Year along Date From, Date To",2020,,194.512195122
02/01/2017,08/01/2017,"Upper Limit along Date From, Date To",2020,,343.929245280
02/01/2017,08/01/2017,"Lower Limit along Date From, Date To",2020,,45.095144964
09/01/2017,15/01/2017,Number of Complaints,2016,,
09/01/2017,15/01/2017,"Avg Complaints Per Year along Date From, Date To",2016,,137.596153846
09/01/2017,15/01/2017,"Upper Limit along Date From, Date To",2016,,219.471079151
09/01/2017,15/01/2017,"Lower Limit along Date From, Date To",2016,,55.721228541
09/01/2017,15/01/2017,Number of Complaints,2017,True,130
09/01/2017,15/01/2017,"Avg Complaints Per Year along Date From, Date To",2017,True,184.442307692
09/01/2017,15/01/2017,"Upper Limit along Date From, Date To",2017,True,306.413490588
09/01/2017,15/01/2017,"Lower Limit along Date From, Date To",2017,True,62.471124796
09/01/2017,15/01/2017,Number of Complaints,2018,,
09/01/2017,15/01/2017,"Avg Complaints Per Year along Date From, Date To",2018,,218.660377358
09/01/2017,15/01/2017,"Upper Limit along Date From, Date To",2018,,358.944085849
09/01/2017,15/01/2017,"Lower Limit along Date From, Date To",2018,,78.376668868
09/01/2017,15/01/2017,Number of Complaints,2019,,
09/01/2017,15/01/2017,"Avg Complaints Per Year along Date From, Date To",2019,,192.923076923
09/01/2017,15/01/2017,"Upper Limit along Date From, Date To",2019,,268.993894132
09/01/2017,15/01/2017,"Lower Limit along Date From, Date To",2019,,116.852259715
09/01/2017,15/01/2017,Number of Complaints,2020,,
09/01/2017,15/01/2017,"Avg Complaints Per Year along Date From, Date To",2020,,194.512195122
09/01/2017,15/01/2017,"Upper Limit along Date From, Date To",2020,,343.929245280
09/01/2017,15/01/2017,"Lower Limit along Date From, Date To",2020,,45.095144964
16/01/2017,22/01/2017,Number of Complaints,2016,,
16/01/2017,22/01/2017,"Avg Complaints Per Year along Date From, Date To",2016,,137.596153846
16/01/2017,22/01/2017,"Upper Limit along Date From, Date To",2016,,219.471079151
16/01/2017,22/01/2017,"Lower Limit along Date From, Date To",2016,,55.721228541
16/01/2017,22/01/2017,Number of Complaints,2017,True,134
16/01/2017,22/01/2017,"Avg Complaints Per Year along Date From, Date To",2017,True,184.442307692
16/01/2017,22/01/2017,"Upper Limit along Date From, Date To",2017,True,306.413490588
16/01/2017,22/01/2017,"Lower Limit along Date From, Date To",2017,True,62.471124796
16/01/2017,22/01/2017,Number of Complaints,2018,,
16/01/2017,22/01/2017,"Avg Complaints Per Year along Date From, Date To",2018,,218.660377358
16/01/2017,22/01/2017,"Upper Limit along Date From, Date To",2018,,358.944085849
16/01/2017,22/01/2017,"Lower Limit along Date From, Date To",2018,,78.376668868
16/01/2017,22/01/2017,Number of Complaints,2019,,
16/01/2017,22/01/2017,"Avg Complaints Per Year along Date From, Date To",2019,,192.923076923
16/01/2017,22/01/2017,"Upper Limit along Date From, Date To",2019,,268.993894132
16/01/2017,22/01/2017,"Lower Limit along Date From, Date To",2019,,116.852259715
16/01/2017,22/01/2017,Number of Complaints,2020,,
16/01/2017,22/01/2017,"Avg Complaints Per Year along Date From, Date To",2020,,194.512195122
16/01/2017,22/01/2017,"Upper Limit along Date From, Date To",2020,,343.929245280
16/01/2017,22/01/2017,"Lower Limit along Date From, Date To",2020,,45.095144964
23/01/2017,29/01/2017,Number of Complaints,2016,,
23/01/2017,29/01/2017,"Avg Complaints Per Year along Date From, Date To",2016,,137.596153846
23/01/2017,29/01/2017,"Upper Limit along Date From, Date To",2016,,219.471079151
23/01/2017,29/01/2017,"Lower Limit along Date From, Date To",2016,,55.721228541
23/01/2017,29/01/2017,Number of Complaints,2017,True,145
23/01/2017,29/01/2017,"Avg Complaints Per Year along Date From, Date To",2017,True,184.442307692
23/01/2017,29/01/2017,"Upper Limit along Date From, Date To",2017,True,306.413490588
23/01/2017,29/01/2017,"Lower Limit along Date From, Date To",2017,True,62.471124796
23/01/2017,29/01/2017,Number of Complaints,2018,,
23/01/2017,29/01/2017,"Avg Complaints Per Year along Date From, Date To",2018,,218.660377358
23/01/2017,29/01/2017,"Upper Limit along Date From, Date To",2018,,358.944085849
23/01/2017,29/01/2017,"Lower Limit along Date From, Date To",2018,,78.376668868
23/01/2017,29/01/2017,Number of Complaints,2019,,
23/01/2017,29/01/2017,"Avg Complaints Per Year along Date From, Date To",2019,,192.923076923
23/01/2017,29/01/2017,"Upper Limit along Date From, Date To",2019,,268.993894132
23/01/2017,29/01/2017,"Lower Limit along Date From, Date To",2019,,116.852259715
23/01/2017,29/01/2017,Number of Complaints,2020,,
23/01/2017,29/01/2017,"Avg Complaints Per Year along Date From, Date To",2020,,194.512195122
23/01/2017,29/01/2017,"Upper Limit along Date From, Date To",2020,,343.929245280
23/01/2017,29/01/2017,"Lower Limit along Date From, Date To",2020,,45.095144964
30/01/2017,05/02/2017,Number of Complaints,2016,,
30/01/2017,05/02/2017,"Avg Complaints Per Year along Date From, Date To",2016,,137.596153846
30/01/2017,05/02/2017,"Upper Limit along Date From, Date To",2016,,219.471079151
30/01/2017,05/02/2017,"Lower Limit along Date From, Date To",2016,,55.721228541
30/01/2017,05/02/2017,Number of Complaints,2017,True,157
30/01/2017,05/02/2017,"Avg Complaints Per Year along Date From, Date To",2017,True,184.442307692
30/01/2017,05/02/2017,"Upper Limit along Date From, Date To",2017,True,306.413490588
30/01/2017,05/02/2017,"Lower Limit along Date From, Date To",2017,True,62.471124796
30/01/2017,05/02/2017,Number of Complaints,2018,,
30/01/2017,05/02/2017,"Avg Complaints Per Year along Date From, Date To",2018,,218.660377358
30/01/2017,05/02/2017,"Upper Limit along Date From, Date To",2018,,358.944085849
30/01/2017,05/02/2017,"Lower Limit along Date From, Date To",2018,,78.376668868
30/01/2017,05/02/2017,Number of Complaints,2019,,
30/01/2017,05/02/2017,"Avg Complaints Per Year along Date From, Date To",2019,,192.923076923
30/01/2017,05/02/2017,"Upper Limit along Date From, Date To",2019,,268.993894132
30/01/2017,05/02/2017,"Lower Limit along Date From, Date To",2019,,116.852259715
30/01/2017,05/02/2017,Number of Complaints,2020,,
30/01/2017,05/02/2017,"Avg Complaints Per Year along Date From, Date To",2020,,194.512195122
30/01/2017,05/02/2017,"Upper Limit along Date From, Date To",2020,,343.929245280
30/01/2017,05/02/2017,"Lower Limit along Date From, Date To",2020,,45.095144964
06/02/2017,12/02/2017,Number of Complaints,2016,,
06/02/2017,12/02/2017,"Avg Complaints Per Year along Date From, Date To",2016,,137.596153846
06/02/2017,12/02/2017,"Upper Limit along Date From, Date To",2016,,219.471079151
06/02/2017,12/02/2017,"Lower Limit along Date From, Date To",2016,,55.721228541
06/02/2017,12/02/2017,Number of Complaints,2017,True,138
06/02/2017,12/02/2017,"Avg Complaints Per Year along Date From, Date To",2017,True,184.442307692
06/02/2017,12/02/2017,"Upper Limit along Date From, Date To",2017,True,306.413490588
06/02/2017,12/02/2017,"Lower Limit along Date From, Date To",2017,True,62.471124796
06/02/2017,12/02/2017,Number of Complaints,2018,,
06/02/2017,12/02/2017,"Avg Complaints Per Year along Date From, Date To",2018,,218.660377358
06/02/2017,12/02/2017,"Upper Limit along Date From, Date To",2018,,358.944085849
06/02/2017,12/02/2017,"Lower Limit along Date From, Date To",2018,,78.376668868
06/02/2017,12/02/2017,Number of Complaints,2019,,
06/02/2017,12/02/2017,"Avg Complaints Per Year along Date From, Date To",2019,,192.923076923
06/02/2017,12/02/2017,"Upper Limit along Date From, Date To",2019,,268.993894132
06/02/2017,12/02/2017,"Lower Limit along Date From, Date To",2019,,116.852259715
06/02/2017,12/02/2017,Number of Complaints,2020,,
06/02/2017,12/02/2017,"Avg Complaints Per Year along Date From, Date To",2020,,194.512195122
06/02/2017,12/02/2017,"Upper Limit along Date From, Date To",2020,,343.929245280
06/02/2017,12/02/2017,"Lower Limit along Date From, Date To",2020,,45.095144964
13/02/2017,19/02/2017,Number of Complaints,2016,,
13/02/2017,19/02/2017,"Avg Complaints Per Year along Date From, Date To",2016,,137.596153846
13/02/2017,19/02/2017,"Upper Limit along Date From, Date To",2016,,219.471079151
13/02/2017,19/02/2017,"Lower Limit along Date From, Date To",2016,,55.721228541
13/02/2017,19/02/2017,Number of Complaints,2017,True,144
13/02/2017,19/02/2017,"Avg Complaints Per Year along Date From, Date To",2017,True,184.442307692
13/02/2017,19/02/2017,"Upper Limit along Date From, Date To",2017,True,306.413490588
13/02/2017,19/02/2017,"Lower Limit along Date From, Date To",2017,True,62.471124796
13/02/2017,19/02/2017,Number of Complaints,2018,,
13/02/2017,19/02/2017,"Avg Complaints Per Year along Date From, Date To",2018,,218.660377358
13/02/2017,19/02/2017,"Upper Limit along Date From, Date To",2018,,358.944085849
13/02/2017,19/02/2017,"Lower Limit along Date From, Date To",2018,,78.376668868
13/02/2017,19/02/2017,Number of Complaints,2019,,
13/02/2017,19/02/2017,"Avg Complaints Per Year along Date From, Date To",2019,,192.923076923
13/02/2017,19/02/2017,"Upper Limit along Date From, Date To",2019,,268.993894132
13/02/2017,19/02/2017,"Lower Limit along Date From, Date To",2019,,116.852259715
13/02/2017,19/02/2017,Number of Complaints,2020,,
13/02/2017,19/02/2017,"Avg Complaints Per Year along Date From, Date To",2020,,194.512195122
13/02/2017,19/02/2017,"Upper Limit along Date From, Date To",2020,,343.929245280
13/02/2017,19/02/2017,"Lower Limit along Date From, Date To",2020,,45.095144964
20/02/2017,26/02/2017,Number of Complaints,2016,,
20/02/2017,26/02/2017,"Avg Complaints Per Year along Date From, Date To",2016,,137.596153846
20/02/2017,26/02/2017,"Upper Limit along Date From, Date To",2016,,219.471079151
20/02/2017,26/02/2017,"Lower Limit along Date From, Date To",2016,,55.721228541
20/02/2017,26/02/2017,Number of Complaints,2017,True,137
20/02/2017,26/02/2017,"Avg Complaints Per Year along Date From, Date To",2017,True,184.442307692
20/02/2017,26/02/2017,"Upper Limit along Date From, Date To",2017,True,306.413490588
20/02/2017,26/02/2017,"Lower Limit along Date From, Date To",2017,True,62.471124796
20/02/2017,26/02/2017,Number of Complaints,2018,,
20/02/2017,26/02/2017,"Avg Complaints Per Year along Date From, Date To",2018,,218.660377358
20/02/2017,26/02/2017,"Upper Limit along Date From, Date To",2018,,358.944085849
20/02/2017,26/02/2017,"Lower Limit along Date From, Date To",2018,,78.376668868
20/02/2017,26/02/2017,Number of Complaints,2019,,
20/02/2017,26/02/2017,"Avg Complaints Per Year along Date From, Date To",2019,,192.923076923
20/02/2017,26/02/2017,"Upper Limit along Date From, Date To",2019,,268.993894132
20/02/2017,26/02/2017,"Lower Limit along Date From, Date To",2019,,116.852259715
20/02/2017,26/02/2017,Number of Complaints,2020,,
20/02/2017,26/02/2017,"Avg Complaints Per Year along Date From, Date To",2020,,194.512195122
20/02/2017,26/02/2017,"Upper Limit along Date From, Date To",2020,,343.929245280
20/02/2017,26/02/2017,"Lower Limit along Date From, Date To",2020,,45.095144964
27/02/2017,05/03/2017,Number of Complaints,2016,,
27/02/2017,05/03/2017,"Avg Complaints Per Year along Date From, Date To",2016,,137.596153846
27/02/2017,05/03/2017,"Upper Limit along Date From, Date To",2016,,219.471079151
27/02/2017,05/03/2017,"Lower Limit along Date From, Date To",2016,,55.721228541
27/02/2017,05/03/2017,Number of Complaints,2017,True,156
27/02/2017,05/03/2017,"Avg Complaints Per Year along Date From, Date To",2017,True,184.442307692
27/02/2017,05/03/2017,"Upper Limit along Date From, Date To",2017,True,306.413490588
27/02/2017,05/03/2017,"Lower Limit along Date From, Date To",2017,True,62.471124796
27/02/2017,05/03/2017,Number of Complaints,2018,,
27/02/2017,05/03/2017,"Avg Complaints Per Year along Date From, Date To",2018,,218.660377358
27/02/2017,05/03/2017,"Upper Limit along Date From, Date To",2018,,358.944085849
27/02/2017,05/03/2017,"Lower Limit along Date From, Date To",2018,,78.376668868
27/02/2017,05/03/2017,Number of Complaints,2019,,
27/02/2017,05/03/2017,"Avg Complaints Per Year along Date From, Date To",2019,,192.923076923
27/02/2017,05/03/2017,"Upper Limit along Date From, Date To",2019,,268.993894132
27/02/2017,05/03/2017,"Lower Limit along Date From, Date To",2019,,116.852259715
27/02/2017,05/03/2017,Number of Complaints,2020,,
27/02/2017,05/03/2017,"Avg Complaints Per Year along Date From, Date To",2020,,194.512195122
27/02/2017,05/03/2017,"Upper Limit along Date From, Date To",2020,,343.929245280
27/02/2017,05/03/2017,"Lower Limit along Date From, Date To",2020,,45.095144964
06/03/2017,12/03/2017,Number of Complaints,2016,,
06/03/2017,12/03/2017,"Avg Complaints Per Year along Date From, Date To",2016,,137.596153846
06/03/2017,12/03/2017,"Upper Limit along Date From, Date To",2016,,219.471079151
06/03/2017,12/03/2017,"Lower Limit along Date From, Date To",2016,,55.721228541
06/03/2017,12/03/2017,Number of Complaints,2017,True,159
06/03/2017,12/03/2017,"Avg Complaints Per Year along Date From, Date To",2017,True,184.442307692
06/03/2017,12/03/2017,"Upper Limit along Date From, Date To",2017,True,306.413490588
06/03/2017,12/03/2017,"Lower Limit along Date From, Date To",2017,True,62.471124796
06/03/2017,12/03/2017,Number of Complaints,2018,,
06/03/2017,12/03/2017,"Avg Complaints Per Year along Date From, Date To",2018,,218.660377358
06/03/2017,12/03/2017,"Upper Limit along Date From, Date To",2018,,358.944085849
06/03/2017,12/03/2017,"Lower Limit along Date From, Date To",2018,,78.376668868
06/03/2017,12/03/2017,Number of Complaints,2019,,
06/03/2017,12/03/2017,"Avg Complaints Per Year along Date From, Date To",2019,,192.923076923
06/03/2017,12/03/2017,"Upper Limit along Date From, Date To",2019,,268.993894132
06/03/2017,12/03/2017,"Lower Limit along Date From, Date To",2019,,116.852259715
06/03/2017,12/03/2017,Number of Complaints,2020,,
06/03/2017,12/03/2017,"Avg Complaints Per Year along Date From, Date To",2020,,194.512195122
06/03/2017,12/03/2017,"Upper Limit along Date From, Date To",2020,,343.929245280
06/03/2017,12/03/2017,"Lower Limit along Date From, Date To",2020,,45.095144964
13/03/2017,19/03/2017,Number of Complaints,2016,,
13/03/2017,19/03/2017,"Avg Complaints Per Year along Date From, Date To",2016,,137.596153846
13/03/2017,19/03/2017,"Upper Limit along Date From, Date To",2016,,219.471079151
13/03/2017,19/03/2017,"Lower Limit along Date From, Date To",2016,,55.721228541
13/03/2017,19/03/2017,Number of Complaints,2017,True,167
13/03/2017,19/03/2017,"Avg Complaints Per Year along Date From, Date To",2017,True,184.442307692
13/03/2017,19/03/2017,"Upper Limit along Date From, Date To",2017,True,306.413490588
13/03/2017,19/03/2017,"Lower Limit along Date From, Date To",2017,True,62.471124796
13/03/2017,19/03/2017,Number of Complaints,2018,,
13/03/2017,19/03/2017,"Avg Complaints Per Year along Date From, Date To",2018,,218.660377358
13/03/2017,19/03/2017,"Upper Limit along Date From, Date To",2018,,358.944085849
13/03/2017,19/03/2017,"Lower Limit along Date From, Date To",2018,,78.376668868
13/03/2017,19/03/2017,Number of Complaints,2019,,
13/03/2017,19/03/2017,"Avg Complaints Per Year along Date From, Date To",2019,,192.923076923
13/03/2017,19/03/2017,"Upper Limit along Date From, Date To",2019,,268.993894132
13/03/2017,19/03/2017,"Lower Limit along Date From, Date To",2019,,116.852259715
13/03/2017,19/03/2017,Number of Complaints,2020,,
13/03/2017,19/03/2017,"Avg Complaints Per Year along Date From, Date To",2020,,194.512195122
13/03/2017,19/03/2017,"Upper Limit along Date From, Date To",2020,,343.929245280
13/03/2017,19/03/2017,"Lower Limit along Date From, Date To",2020,,45.095144964
20/03/2017,26/03/2017,Number of Complaints,2016,,
20/03/2017,26/03/2017,"Avg Complaints Per Year along Date From, Date To",2016,,137.596153846
20/03/2017,26/03/2017,"Upper Limit along Date From, Date To",2016,,219.471079151
20/03/2017,26/03/2017,"Lower Limit along Date From, Date To",2016,,55.721228541
20/03/2017,26/03/2017,Number of Complaints,2017,True,135
20/03/2017,26/03/2017,"Avg Complaints Per Year along Date From, Date To",2017,True,184.442307692
20/03/2017,26/03/2017,"Upper Limit along Date From, Date To",2017,True,306.413490588
20/03/2017,26/03/2017,"Lower Limit along Date From, Date To",2017,True,62.471124796
20/03/2017,26/03/2017,Number of Complaints,2018,,
20/03/2017,26/03/2017,"Avg Complaints Per Year along Date From, Date To",2018,,218.660377358
20/03/2017,26/03/2017,"Upper Limit along Date From, Date To",2018,,358.944085849
20/03/2017,26/03/2017,"Lower Limit along Date From, Date To",2018,,78.376668868
20/03/2017,26/03/2017,Number of Complaints,2019,,
20/03/2017,26/03/2017,"Avg Complaints Per Year along Date From, Date To",2019,,192.923076923
20/03/2017,26/03/2017,"Upper Limit along Date From, Date To",2019,,268.993894132
20/03/2017,26/03/2017,"Lower Limit along Date From, Date To",2019,,116.852259715
20/03/2017,26/03/2017,Number of Complaints,2020,,
20/03/2017,26/03/2017,"Avg Complaints Per Year along Date From, Date To",2020,,194.512195122
20/03/2017,26/03/2017,"Upper Limit along Date From, Date To",2020,,343.929245280
20/03/2017,26/03/2017,"Lower Limit along Date From, Date To",2020,,45.095144964
27/03/2017,02/04/2017,Number of Complaints,2016,,
27/03/2017,02/04/2017,"Avg Complaints Per Year along Date From, Date To",2016,,137.596153846
27/03/2017,02/04/2017,"Upper Limit along Date From, Date To",2016,,219.471079151
27/03/2017,02/04/2017,"Lower Limit along Date From, Date To",2016,,55.721228541
27/03/2017,02/04/2017,Number of Complaints,2017,True,129
27/03/2017,02/04/2017,"Avg Complaints Per Year along Date From, Date To",2017,True,184.442307692
27/03/2017,02/04/2017,"Upper Limit along Date From, Date To",2017,True,306.413490588
27/03/2017,02/04/2017,"Lower Limit along Date From, Date To",2017,True,62.471124796
27/03/2017,02/04/2017,Number of Complaints,2018,,
27/03/2017,02/04/2017,"Avg Complaints Per Year along Date From, Date To",2018,,218.660377358
27/03/2017,02/04/2017,"Upper Limit along Date From, Date To",2018,,358.944085849
27/03/2017,02/04/2017,"Lower Limit along Date From, Date To",2018,,78.376668868
27/03/2017,02/04/2017,Number of Complaints,2019,,
27/03/2017,02/04/2017,"Avg Complaints Per Year along Date From, Date To",2019,,192.923076923
27/03/2017,02/04/2017,"Upper Limit along Date From, Date To",2019,,268.993894132
27/03/2017,02/04/2017,"Lower Limit along Date From, Date To",2019,,116.852259715
27/03/2017,02/04/2017,Number of Complaints,2020,,
27/03/2017,02/04/2017,"Avg Complaints Per Year along Date From, Date To",2020,,194.512195122
27/03/2017,02/04/2017,"Upper Limit along Date From, Date To",2020,,343.929245280
27/03/2017,02/04/2017,"Lower Limit along Date From, Date To",2020,,45.095144964
03/04/2017,09/04/2017,Number of Complaints,2016,,
03/04/2017,09/04/2017,"Avg Complaints Per Year along Date From, Date To",2016,,137.596153846
03/04/2017,09/04/2017,"Upper Limit along Date From, Date To",2016,,219.471079151
03/04/2017,09/04/2017,"Lower Limit along Date From, Date To",2016,,55.721228541
03/04/2017,09/04/2017,Number of Complaints,2017,True,139
03/04/2017,09/04/2017,"Avg Complaints Per Year along Date From, Date To",2017,True,184.442307692
03/04/2017,09/04/2017,"Upper Limit along Date From, Date To",2017,True,306.413490588
03/04/2017,09/04/2017,"Lower Limit along Date From, Date To",2017,True,62.471124796
03/04/2017,09/04/2017,Number of Complaints,2018,,
03/04/2017,09/04/2017,"Avg Complaints Per Year along Date From, Date To",2018,,218.660377358
03/04/2017,09/04/2017,"Upper Limit along Date From, Date To",2018,,358.944085849
03/04/2017,09/04/2017,"Lower Limit along Date From, Date To",2018,,78.376668868
03/04/2017,09/04/2017,Number of Complaints,2019,,
03/04/2017,09/04/2017,"Avg Complaints Per Year along Date From, Date To",2019,,192.923076923
03/04/2017,09/04/2017,"Upper Limit along Date From, Date To",2019,,268.993894132
03/04/2017,09/04/2017,"Lower Limit along Date From, Date To",2019,,116.852259715
03/04/2017,09/04/2017,Number of Complaints,2020,,
03/04/2017,09/04/2017,"Avg Complaints Per Year along Date From, Date To",2020,,194.512195122
03/04/2017,09/04/2017,"Upper Limit along Date From, Date To",2020,,343.929245280
03/04/2017,09/04/2017,"Lower Limit along Date From, Date To",2020,,45.095144964
10/04/2017,16/04/2017,Number of Complaints,2016,,
10/04/2017,16/04/2017,"Avg Complaints Per Year along Date From, Date To",2016,,137.596153846
10/04/2017,16/04/2017,"Upper Limit along Date From, Date To",2016,,219.471079151
10/04/2017,16/04/2017,"Lower Limit along Date From, Date To",2016,,55.721228541
10/04/2017,16/04/2017,Number of Complaints,2017,True,124
10/04/2017,16/04/2017,"Avg Complaints Per Year along Date From, Date To",2017,True,184.442307692
10/04/2017,16/04/2017,"Upper Limit along Date From, Date To",2017,True,306.413490588
10/04/2017,16/04/2017,"Lower Limit along Date From, Date To",2017,True,62.471124796
10/04/2017,16/04/2017,Number of Complaints,2018,,
10/04/2017,16/04/2017,"Avg Complaints Per Year along Date From, Date To",2018,,218.660377358
10/04/2017,16/04/2017,"Upper Limit along Date From, Date To",2018,,358.944085849
10/04/2017,16/04/2017,"Lower Limit along Date From, Date To",2018,,78.376668868
10/04/2017,16/04/2017,Number of Complaints,2019,,
10/04/2017,16/04/2017,"Avg Complaints Per Year along Date From, Date To",2019,,192.923076923
10/04/2017,16/04/2017,"Upper Limit along Date From, Date To",2019,,268.993894132
10/04/2017,16/04/2017,"Lower Limit along Date From, Date To",2019,,116.852259715
10/04/2017,16/04/2017,Number of Complaints,2020,,
10/04/2017,16/04/2017,"Avg Complaints Per Year along Date From, Date To",2020,,194.512195122
10/04/2017,16/04/2017,"Upper Limit along Date From, Date To",2020,,343.929245280
10/04/2017,16/04/2017,"Lower Limit along Date From, Date To",2020,,45.095144964
17/04/2017,23/04/2017,Number of Complaints,2016,,
17/04/2017,23/04/2017,"Avg Complaints Per Year along Date From, Date To",2016,,137.596153846
17/04/2017,23/04/2017,"Upper Limit along Date From, Date To",2016,,219.471079151
17/04/2017,23/04/2017,"Lower Limit along Date From, Date To",2016,,55.721228541
17/04/2017,23/04/2017,Number of Complaints,2017,True,126
17/04/2017,23/04/2017,"Avg Complaints Per Year along Date From, Date To",2017,True,184.442307692
17/04/2017,23/04/2017,"Upper Limit along Date From, Date To",2017,True,306.413490588
17/04/2017,23/04/2017,"Lower Limit along Date From, Date To",2017,True,62.471124796
17/04/2017,23/04/2017,Number of Complaints,2018,,
17/04/2017,23/04/2017,"Avg Complaints Per Year along Date From, Date To",2018,,218.660377358
17/04/2017,23/04/2017,"Upper Limit along Date From, Date To",2018,,358.944085849
17/04/2017,23/04/2017,"Lower Limit along Date From, Date To",2018,,78.376668868
17/04/2017,23/04/2017,Number of Complaints,2019,,
17/04/2017,23/04/2017,"Avg Complaints Per Year along Date From, Date To",2019,,192.923076923
17/04/2017,23/04/2017,"Upper Limit along Date From, Date To",2019,,268.993894132
17/04/2017,23/04/2017,"Lower Limit along Date From, Date To",2019,,116.852259715
17/04/2017,23/04/2017,Number of Complaints,2020,,
17/04/2017,23/04/2017,"Avg Complaints Per Year along Date From, Date To",2020,,194.512195122
17/04/2017,23/04/2017,"Upper Limit along Date From, Date To",2020,,343.929245280
17/04/2017,23/04/2017,"Lower Limit along Date From, Date To",2020,,45.095144964
24/04/2017,30/04/2017,Number of Complaints,2016,,
24/04/2017,30/04/2017,"Avg Complaints Per Year along Date From, Date To",2016,,137.596153846
24/04/2017,30/04/2017,"Upper Limit along Date From, Date To",2016,,219.471079151
24/04/2017,30/04/2017,"Lower Limit along Date From, Date To",2016,,55.721228541
24/04/2017,30/04/2017,Number of Complaints,2017,True,192
24/04/2017,30/04/2017,"Avg Complaints Per Year along Date From, Date To",2017,True,184.442307692
24/04/2017,30/04/2017,"Upper Limit along Date From, Date To",2017,True,306.413490588
24/04/2017,30/04/2017,"Lower Limit along Date From, Date To",2017,True,62.471124796
24/04/2017,30/04/2017,Number of Complaints,2018,,
24/04/2017,30/04/2017,"Avg Complaints Per Year along Date From, Date To",2018,,218.660377358
24/04/2017,30/04/2017,"Upper Limit along Date From, Date To",2018,,358.944085849
24/04/2017,30/04/2017,"Lower Limit along Date From, Date To",2018,,78.376668868
24/04/2017,30/04/2017,Number of Complaints,2019,,
24/04/2017,30/04/2017,"Avg Complaints Per Year along Date From, Date To",2019,,192.923076923
24/04/2017,30/04/2017,"Upper Limit along Date From, Date To",2019,,268.993894132
24/04/2017,30/04/2017,"Lower Limit along Date From, Date To",2019,,116.852259715
24/04/2017,30/04/2017,Number of Complaints,2020,,
24/04/2017,30/04/2017,"Avg Complaints Per Year along Date From, Date To",2020,,194.512195122
24/04/2017,30/04/2017,"Upper Limit along Date From, Date To",2020,,343.929245280
24/04/2017,30/04/2017,"Lower Limit along Date From, Date To",2020,,45.095144964
01/05/2017,07/05/2017,Number of Complaints,2016,,
01/05/2017,07/05/2017,"Avg Complaints Per Year along Date From, Date To",2016,,137.596153846
01/05/2017,07/05/2017,"Upper Limit along Date From, Date To",2016,,219.471079151
01/05/2017,07/05/2017,"Lower Limit along Date From, Date To",2016,,55.721228541
01/05/2017,07/05/2017,Number of Complaints,2017,True,252
01/05/2017,07/05/2017,"Avg Complaints Per Year along Date From, Date To",2017,True,184.442307692
01/05/2017,07/05/2017,"Upper Limit along Date From, Date To",2017,True,306.413490588
01/05/2017,07/05/2017,"Lower Limit along Date From, Date To",2017,True,62.471124796
01/05/2017,07/05/2017,Number of Complaints,2018,,
01/05/2017,07/05/2017,"Avg Complaints Per Year along Date From, Date To",2018,,218.660377358
01/05/2017,07/05/2017,"Upper Limit along Date From, Date To",2018,,358.944085849
01/05/2017,07/05/2017,"Lower Limit along Date From, Date To",2018,,78.376668868
01/05/2017,07/05/2017,Number of Complaints,2019,,
01/05/2017,07/05/2017,"Avg Complaints Per Year along Date From, Date To",2019,,192.923076923
01/05/2017,07/05/2017,"Upper Limit along Date From, Date To",2019,,268.993894132
01/05/2017,07/05/2017,"Lower Limit along Date From, Date To",2019,,116.852259715
01/05/2017,07/05/2017,Number of Complaints,2020,,
01/05/2017,07/05/2017,"Avg Complaints Per Year along Date From, Date To",2020,,194.512195122
01/05/2017,07/05/2017,"Upper Limit along Date From, Date To",2020,,343.929245280
01/05/2017,07/05/2017,"Lower Limit along Date From, Date To",2020,,45.095144964
08/05/2017,14/05/2017,Number of Complaints,2016,,
08/05/2017,14/05/2017,"Avg Complaints Per Year along Date From, Date To",2016,,137.596153846
08/05/2017,14/05/2017,"Upper Limit along Date From, Date To",2016,,219.471079151
08/05/2017,14/05/2017,"Lower Limit along Date From, Date To",2016,,55.721228541
08/05/2017,14/05/2017,Number of Complaints,2017,True,218
08/05/2017,14/05/2017,"Avg Complaints Per Year along Date From, Date To",2017,True,184.442307692
08/05/2017,14/05/2017,"Upper Limit along Date From, Date To",2017,True,306.413490588
08/05/2017,14/05/2017,"Lower Limit along Date From, Date To",2017,True,62.471124796
08/05/2017,14/05/2017,Number of Complaints,2018,,
08/05/2017,14/05/2017,"Avg Complaints Per Year along Date From, Date To",2018,,218.660377358
08/05/2017,14/05/2017,"Upper Limit along Date From, Date To",2018,,358.944085849
08/05/2017,14/05/2017,"Lower Limit along Date From, Date To",2018,,78.376668868
08/05/2017,14/05/2017,Number of Complaints,2019,,
08/05/2017,14/05/2017,"Avg Complaints Per Year along Date From, Date To",2019,,192.923076923
08/05/2017,14/05/2017,"Upper Limit along Date From, Date To",2019,,268.993894132
08/05/2017,14/05/2017,"Lower Limit along Date From, Date To",2019,,116.852259715
08/05/2017,14/05/2017,Number of Complaints,2020,,
08/05/2017,14/05/2017,"Avg Complaints Per Year along Date From, Date To",2020,,194.512195122
08/05/2017,14/05/2017,"Upper Limit along Date From, Date To",2020,,343.929245280
08/05/2017,14/05/2017,"Lower Limit along Date From, Date To",2020,,45.095144964
15/05/2017,21/05/2017,Number of Complaints,2016,,
15/05/2017,21/05/2017,"Avg Complaints Per Year along Date From, Date To",2016,,137.596153846
15/05/2017,21/05/2017,"Upper Limit along Date From, Date To",2016,,219.471079151
15/05/2017,21/05/2017,"Lower Limit along Date From, Date To",2016,,55.721228541
15/05/2017,21/05/2017,Number of Complaints,2017,True,206
15/05/2017,21/05/2017,"Avg Complaints Per Year along Date From, Date To",2017,True,184.442307692
15/05/2017,21/05/2017,"Upper Limit along Date From, Date To",2017,True,306.413490588
15/05/2017,21/05/2017,"Lower Limit along Date From, Date To",2017,True,62.471124796
15/05/2017,21/05/2017,Number of Complaints,2018,,
15/05/2017,21/05/2017,"Avg Complaints Per Year along Date From, Date To",2018,,218.660377358
15/05/2017,21/05/2017,"Upper Limit along Date From, Date To",2018,,358.944085849
15/05/2017,21/05/2017,"Lower Limit along Date From, Date To",2018,,78.376668868
15/05/2017,21/05/2017,Number of Complaints,2019,,
15/05/2017,21/05/2017,"Avg Complaints Per Year along Date From, Date To",2019,,192.923076923
15/05/2017,21/05/2017,"Upper Limit along Date From, Date To",2019,,268.993894132
15/05/2017,21/05/2017,"Lower Limit along Date From, Date To",2019,,116.852259715
15/05/2017,21/05/2017,Number of Complaints,2020,,
15/05/2017,21/05/2017,"Avg Complaints Per Year along Date From, Date To",2020,,194.512195122
15/05/2017,21/05/2017,"Upper Limit along Date From, Date To",2020,,343.929245280
15/05/2017,21/05/2017,"Lower Limit along Date From, Date To",2020,,45.095144964
22/05/2017,28/05/2017,Number of Complaints,2016,,
22/05/2017,28/05/2017,"Avg Complaints Per Year along Date From, Date To",2016,,137.596153846
22/05/2017,28/05/2017,"Upper Limit along Date From, Date To",2016,,219.471079151
22/05/2017,28/05/2017,"Lower Limit along Date From, Date To",2016,,55.721228541
22/05/2017,28/05/2017,Number of Complaints,2017,True,209
22/05/2017,28/05/2017,"Avg Complaints Per Year along Date From, Date To",2017,True,184.442307692
22/05/2017,28/05/2017,"Upper Limit along Date From, Date To",2017,True,306.413490588
22/05/2017,28/05/2017,"Lower Limit along Date From, Date To",2017,True,62.471124796
22/05/2017,28/05/2017,Number of Complaints,2018,,
22/05/2017,28/05/2017,"Avg Complaints Per Year along Date From, Date To",2018,,218.660377358
22/05/2017,28/05/2017,"Upper Limit along Date From, Date To",2018,,358.944085849
22/05/2017,28/05/2017,"Lower Limit along Date From, Date To",2018,,78.376668868
22/05/2017,28/05/2017,Number of Complaints,2019,,
22/05/2017,28/05/2017,"Avg Complaints Per Year along Date From, Date To",2019,,192.923076923
22/05/2017,28/05/2017,"Upper Limit along Date From, Date To",2019,,268.993894132
22/05/2017,28/05/2017,"Lower Limit along Date From, Date To",2019,,116.852259715
22/05/2017,28/05/2017,Number of Complaints,2020,,
22/05/2017,28/05/2017,"Avg Complaints Per Year along Date From, Date To",2020,,194.512195122
22/05/2017,28/05/2017,"Upper Limit along Date From, Date To",2020,,343.929245280
22/05/2017,28/05/2017,"Lower Limit along Date From, Date To",2020,,45.095144964
29/05/2017,04/06/2017,Number of Complaints,2016,,
29/05/2017,04/06/2017,"Avg Complaints Per Year along Date From, Date To",2016,,137.596153846
29/05/2017,04/06/2017,"Upper Limit along Date From, Date To",2016,,219.471079151
29/05/2017,04/06/2017,"Lower Limit along Date From, Date To",2016,,55.721228541
29/05/2017,04/06/2017,Number of Complaints,2017,True,174
29/05/2017,04/06/2017,"Avg Complaints Per Year along Date From, Date To",2017,True,184.442307692
29/05/2017,04/06/2017,"Upper Limit along Date From, Date To",2017,True,306.413490588
29/05/2017,04/06/2017,"Lower Limit along Date From, Date To",2017,True,62.471124796
29/05/2017,04/06/2017,Number of Complaints,2018,,
29/05/2017,04/06/2017,"Avg Complaints Per Year along Date From, Date To",2018,,218.660377358
29/05/2017,04/06/2017,"Upper Limit along Date From, Date To",2018,,358.944085849
29/05/2017,04/06/2017,"Lower Limit along Date From, Date To",2018,,78.376668868
29/05/2017,04/06/2017,Number of Complaints,2019,,
29/05/2017,04/06/2017,"Avg Complaints Per Year along Date From, Date To",2019,,192.923076923
29/05/2017,04/06/2017,"Upper Limit along Date From, Date To",2019,,268.993894132
29/05/2017,04/06/2017,"Lower Limit along Date From, Date To",2019,,116.852259715
29/05/2017,04/06/2017,Number of Complaints,2020,,
29/05/2017,04/06/2017,"Avg Complaints Per Year along Date From, Date To",2020,,194.512195122
29/05/2017,04/06/2017,"Upper Limit along Date From, Date To",2020,,343.929245280
29/05/2017,04/06/2017,"Lower Limit along Date From, Date To",2020,,45.095144964
05/06/2017,11/06/2017,Number of Complaints,2016,,
05/06/2017,11/06/2017,"Avg Complaints Per Year along Date From, Date To",2016,,137.596153846
05/06/2017,11/06/2017,"Upper Limit along Date From, Date To",2016,,219.471079151
05/06/2017,11/06/2017,"Lower Limit along Date From, Date To",2016,,55.721228541
05/06/2017,11/06/2017,Number of Complaints,2017,True,201
05/06/2017,11/06/2017,"Avg Complaints Per Year along Date From, Date To",2017,True,184.442307692
05/06/2017,11/06/2017,"Upper Limit along Date From, Date To",2017,True,306.413490588
05/06/2017,11/06/2017,"Lower Limit along Date From, Date To",2017,True,62.471124796
05/06/2017,11/06/2017,Number of Complaints,2018,,
05/06/2017,11/06/2017,"Avg Complaints Per Year along Date From, Date To",2018,,218.660377358
05/06/2017,11/06/2017,"Upper Limit along Date From, Date To",2018,,358.944085849
05/06/2017,11/06/2017,"Lower Limit along Date From, Date To",2018,,78.376668868
05/06/2017,11/06/2017,Number of Complaints,2019,,
05/06/2017,11/06/2017,"Avg Complaints Per Year along Date From, Date To",2019,,192.923076923
05/06/2017,11/06/2017,"Upper Limit along Date From, Date To",2019,,268.993894132
05/06/2017,11/06/2017,"Lower Limit along Date From, Date To",2019,,116.852259715
05/06/2017,11/06/2017,Number of Complaints,2020,,
05/06/2017,11/06/2017,"Avg Complaints Per Year along Date From, Date To",2020,,194.512195122
05/06/2017,11/06/2017,"Upper Limit along Date From, Date To",2020,,343.929245280
05/06/2017,11/06/2017,"Lower Limit along Date From, Date To",2020,,45.095144964
12/06/2017,18/06/2017,Number of Complaints,2016,,
12/06/2017,18/06/2017,"Avg Complaints Per Year along Date From, Date To",2016,,137.596153846
12/06/2017,18/06/2017,"Upper Limit along Date From, Date To",2016,,219.471079151
12/06/2017,18/06/2017,"Lower Limit along Date From, Date To",2016,,55.721228541
12/06/2017,18/06/2017,Number of Complaints,2017,True,205
12/06/2017,18/06/2017,"Avg Complaints Per Year along Date From, Date To",2017,True,184.442307692
12/06/2017,18/06/2017,"Upper Limit along Date From, Date To",2017,True,306.413490588
12/06/2017,18/06/2017,"Lower Limit along Date From, Date To",2017,True,62.471124796
12/06/2017,18/06/2017,Number of Complaints,2018,,
12/06/2017,18/06/2017,"Avg Complaints Per Year along Date From, Date To",2018,,218.660377358
12/06/2017,18/06/2017,"Upper Limit along Date From, Date To",2018,,358.944085849
12/06/2017,18/06/2017,"Lower Limit along Date From, Date To",2018,,78.376668868
12/06/2017,18/06/2017,Number of Complaints,2019,,
12/06/2017,18/06/2017,"Avg Complaints Per Year along Date From, Date To",2019,,192.923076923
12/06/2017,18/06/2017,"Upper Limit along Date From, Date To",2019,,268.993894132
12/06/2017,18/06/2017,"Lower Limit along Date From, Date To",2019,,116.852259715
12/06/2017,18/06/2017,Number of Complaints,2020,,
12/06/2017,18/06/2017,"Avg Complaints Per Year along Date From, Date To",2020,,194.512195122
12/06/2017,18/06/2017,"Upper Limit along Date From, Date To",2020,,343.929245280
12/06/2017,18/06/2017,"Lower Limit along Date From, Date To",2020,,45.095144964
19/06/2017,25/06/2017,Number of Complaints,2016,,
19/06/2017,25/06/2017,"Avg Complaints Per Year along Date From, Date To",2016,,137.596153846
19/06/2017,25/06/2017,"Upper Limit along Date From, Date To",2016,,219.471079151
19/06/2017,25/06/2017,"Lower Limit along Date From, Date To",2016,,55.721228541
19/06/2017,25/06/2017,Number of Complaints,2017,True,231
19/06/2017,25/06/2017,"Avg Complaints Per Year along Date From, Date To",2017,True,184.442307692
19/06/2017,25/06/2017,"Upper Limit along Date From, Date To",2017,True,306.413490588
19/06/2017,25/06/2017,"Lower Limit along Date From, Date To",2017,True,62.471124796
19/06/2017,25/06/2017,Number of Complaints,2018,,
19/06/2017,25/06/2017,"Avg Complaints Per Year along Date From, Date To",2018,,218.660377358
19/06/2017,25/06/2017,"Upper Limit along Date From, Date To",2018,,358.944085849
19/06/2017,25/06/2017,"Lower Limit along Date From, Date To",2018,,78.376668868
19/06/2017,25/06/2017,Number of Complaints,2019,,
19/06/2017,25/06/2017,"Avg Complaints Per Year along Date From, Date To",2019,,192.923076923
19/06/2017,25/06/2017,"Upper Limit along Date From, Date To",2019,,268.993894132
19/06/2017,25/06/2017,"Lower Limit along Date From, Date To",2019,,116.852259715
19/06/2017,25/06/2017,Number of Complaints,2020,,
19/06/2017,25/06/2017,"Avg Complaints Per Year along Date From, Date To",2020,,194.512195122
19/06/2017,25/06/2017,"Upper Limit along Date From, Date To",2020,,343.929245280
19/06/2017,25/06/2017,"Lower Limit along Date From, Date To",2020,,45.095144964
26/06/2017,02/07/2017,Number of Complaints,2016,,
26/06/2017,02/07/2017,"Avg Complaints Per Year along Date From, Date To",2016,,137.596153846
26/06/2017,02/07/2017,"Upper Limit along Date From, Date To",2016,,219.471079151
26/06/2017,02/07/2017,"Lower Limit along Date From, Date To",2016,,55.721228541
26/06/2017,02/07/2017,Number of Complaints,2017,True,235
26/06/2017,02/07/2017,"Avg Complaints Per Year along Date From, Date To",2017,True,184.442307692
26/06/2017,02/07/2017,"Upper Limit along Date From, Date To",2017,True,306.413490588
26/06/2017,02/07/2017,"Lower Limit along Date From, Date To",2017,True,62.471124796
26/06/2017,02/07/2017,Number of Complaints,2018,,
26/06/2017,02/07/2017,"Avg Complaints Per Year along Date From, Date To",2018,,218.660377358
26/06/2017,02/07/2017,"Upper Limit along Date From, Date To",2018,,358.944085849
26/06/2017,02/07/2017,"Lower Limit along Date From, Date To",2018,,78.376668868
26/06/2017,02/07/2017,Number of Complaints,2019,,
26/06/2017,02/07/2017,"Avg Complaints Per Year along Date From, Date To",2019,,192.923076923
26/06/2017,02/07/2017,"Upper Limit along Date From, Date To",2019,,268.993894132
26/06/2017,02/07/2017,"Lower Limit along Date From, Date To",2019,,116.852259715
26/06/2017,02/07/2017,Number of Complaints,2020,,
26/06/2017,02/07/2017,"Avg Complaints Per Year along Date From, Date To",2020,,194.512195122
26/06/2017,02/07/2017,"Upper Limit along Date From, Date To",2020,,343.929245280
26/06/2017,02/07/2017,"Lower Limit along Date From, Date To",2020,,45.095144964
03/07/2017,09/07/2017,Number of Complaints,2016,,
03/07/2017,09/07/2017,"Avg Complaints Per Year along Date From, Date To",2016,,137.596153846
03/07/2017,09/07/2017,"Upper Limit along Date From, Date To",2016,,219.471079151
03/07/2017,09/07/2017,"Lower Limit along Date From, Date To",2016,,55.721228541
03/07/2017,09/07/2017,Number of Complaints,2017,True,213
03/07/2017,09/07/2017,"Avg Complaints Per Year along Date From, Date To",2017,True,184.442307692
03/07/2017,09/07/2017,"Upper Limit along Date From, Date To",2017,True,306.413490588
03/07/2017,09/07/2017,"Lower Limit along Date From, Date To",2017,True,62.471124796
03/07/2017,09/07/2017,Number of Complaints,2018,,
03/07/2017,09/07/2017,"Avg Complaints Per Year along Date From, Date To",2018,,218.660377358
03/07/2017,09/07/2017,"Upper Limit along Date From, Date To",2018,,358.944085849
03/07/2017,09/07/2017,"Lower Limit along Date From, Date To",2018,,78.376668868
03/07/2017,09/07/2017,Number of Complaints,2019,,
03/07/2017,09/07/2017,"Avg Complaints Per Year along Date From, Date To",2019,,192.923076923
03/07/2017,09/07/2017,"Upper Limit along Date From, Date To",2019,,268.993894132
03/07/2017,09/07/2017,"Lower Limit along Date From, Date To",2019,,116.852259715
03/07/2017,09/07/2017,Number of Complaints,2020,,
03/07/2017,09/07/2017,"Avg Complaints Per Year along Date From, Date To",2020,,194.512195122
03/07/2017,09/07/2017,"Upper Limit along Date From, Date To",2020,,343.929245280
03/07/2017,09/07/2017,"Lower Limit along Date From, Date To",2020,,45.095144964
10/07/2017,16/07/2017,Number of Complaints,2016,,
10/07/2017,16/07/2017,"Avg Complaints Per Year along Date From, Date To",2016,,137.596153846
10/07/2017,16/07/2017,"Upper Limit along Date From, Date To",2016,,219.471079151
10/07/2017,16/07/2017,"Lower Limit along Date From, Date To",2016,,55.721228541
10/07/2017,16/07/2017,Number of Complaints,2017,True,216
10/07/2017,16/07/2017,"Avg Complaints Per Year along Date From, Date To",2017,True,184.442307692
10/07/2017,16/07/2017,"Upper Limit along Date From, Date To",2017,True,306.413490588
10/07/2017,16/07/2017,"Lower Limit along Date From, Date To",2017,True,62.471124796
10/07/2017,16/07/2017,Number of Complaints,2018,,
10/07/2017,16/07/2017,"Avg Complaints Per Year along Date From, Date To",2018,,218.660377358
10/07/2017,16/07/2017,"Upper Limit along Date From, Date To",2018,,358.944085849
10/07/2017,16/07/2017,"Lower Limit along Date From, Date To",2018,,78.376668868
10/07/2017,16/07/2017,Number of Complaints,2019,,
10/07/2017,16/07/2017,"Avg Complaints Per Year along Date From, Date To",2019,,192.923076923
10/07/2017,16/07/2017,"Upper Limit along Date From, Date To",2019,,268.993894132
10/07/2017,16/07/2017,"Lower Limit along Date From, Date To",2019,,116.852259715
10/07/2017,16/07/2017,Number of Complaints,2020,,
10/07/2017,16/07/2017,"Avg Complaints Per Year along Date From, Date To",2020,,194.512195122
10/07/2017,16/07/2017,"Upper Limit along Date From, Date To",2020,,343.929245280
10/07/2017,16/07/2017,"Lower Limit along Date From, Date To",2020,,45.095144964
17/07/2017,23/07/2017,Number of Complaints,2016,,
17/07/2017,23/07/2017,"Avg Complaints Per Year along Date From, Date To",2016,,137.596153846
17/07/2017,23/07/2017,"Upper Limit along Date From, Date To",2016,,219.471079151
17/07/2017,23/07/2017,"Lower Limit along Date From, Date To",2016,,55.721228541
17/07/2017,23/07/2017,Number of Complaints,2017,True,226
17/07/2017,23/07/2017,"Avg Complaints Per Year along Date From, Date To",2017,True,184.442307692
17/07/2017,23/07/2017,"Upper Limit along Date From, Date To",2017,True,306.413490588
17/07/2017,23/07/2017,"Lower Limit along Date From, Date To",2017,True,62.471124796
17/07/2017,23/07/2017,Number of Complaints,2018,,
17/07/2017,23/07/2017,"Avg Complaints Per Year along Date From, Date To",2018,,218.660377358
17/07/2017,23/07/2017,"Upper Limit along Date From, Date To",2018,,358.944085849
17/07/2017,23/07/2017,"Lower Limit along Date From, Date To",2018,,78.376668868
17/07/2017,23/07/2017,Number of Complaints,2019,,
17/07/2017,23/07/2017,"Avg Complaints Per Year along Date From, Date To",2019,,192.923076923
17/07/2017,23/07/2017,"Upper Limit along Date From, Date To",2019,,268.993894132
17/07/2017,23/07/2017,"Lower Limit along Date From, Date To",2019,,116.852259715
17/07/2017,23/07/2017,Number of Complaints,2020,,
17/07/2017,23/07/2017,"Avg Complaints Per Year along Date From, Date To",2020,,194.512195122
17/07/2017,23/07/2017,"Upper Limit along Date From, Date To",2020,,343.929245280
17/07/2017,23/07/2017,"Lower Limit along Date From, Date To",2020,,45.095144964
24/07/2017,30/07/2017,Number of Complaints,2016,,
24/07/2017,30/07/2017,"Avg Complaints Per Year along Date From, Date To",2016,,137.596153846
24/07/2017,30/07/2017,"Upper Limit along Date From, Date To",2016,,219.471079151
24/07/2017,30/07/2017,"Lower Limit along Date From, Date To",2016,,55.721228541
24/07/2017,30/07/2017,Number of Complaints,2017,True,218
24/07/2017,30/07/2017,"Avg Complaints Per Year along Date From, Date To",2017,True,184.442307692
24/07/2017,30/07/2017,"Upper Limit along Date From, Date To",2017,True,306.413490588
24/07/2017,30/07/2017,"Lower Limit along Date From, Date To",2017,True,62.471124796
24/07/2017,30/07/2017,Number of Complaints,2018,,
24/07/2017,30/07/2017,"Avg Complaints Per Year along Date From, Date To",2018,,218.660377358
24/07/2017,30/07/2017,"Upper Limit along Date From, Date To",2018,,358.944085849
24/07/2017,30/07/2017,"Lower Limit along Date From, Date To",2018,,78.376668868
24/07/2017,30/07/2017,Number of Complaints,2019,,
24/07/2017,30/07/2017,"Avg Complaints Per Year along Date From, Date To",2019,,192.923076923
24/07/2017,30/07/2017,"Upper Limit along Date From, Date To",2019,,268.993894132
24/07/2017,30/07/2017,"Lower Limit along Date From, Date To",2019,,116.852259715
24/07/2017,30/07/2017,Number of Complaints,2020,,
24/07/2017,30/07/2017,"Avg Complaints Per Year along Date From, Date To",2020,,194.512195122
24/07/2017,30/07/2017,"Upper Limit along Date From, Date To",2020,,343.929245280
24/07/2017,30/07/2017,"Lower Limit along Date From, Date To",2020,,45.095144964
31/07/2017,06/08/2017,Number of Complaints,2016,,
31/07/2017,06/08/2017,"Avg Complaints Per Year along Date From, Date To",2016,,137.596153846
31/07/2017,06/08/2017,"Upper Limit along Date From, Date To",2016,,219.471079151
31/07/2017,06/08/2017,"Lower Limit along Date From, Date To",2016,,55.721228541
31/07/2017,06/08/2017,Number of Complaints,2017,True,248
31/07/2017,06/08/2017,"Avg Complaints Per Year along Date From, Date To",2017,True,184.442307692
31/07/2017,06/08/2017,"Upper Limit along Date From, Date To",2017,True,306.413490588
31/07/2017,06/08/2017,"Lower Limit along Date From, Date To",2017,True,62.471124796
31/07/2017,06/08/2017,Number of Complaints,2018,,
31/07/2017,06/08/2017,"Avg Complaints Per Year along Date From, Date To",2018,,218.660377358
31/07/2017,06/08/2017,"Upper Limit along Date From, Date To",2018,,358.944085849
31/07/2017,06/08/2017,"Lower Limit along Date From, Date To",2018,,78.376668868
31/07/2017,06/08/2017,Number of Complaints,2019,,
31/07/2017,06/08/2017,"Avg Complaints Per Year along Date From, Date To",2019,,192.923076923
31/07/2017,06/08/2017,"Upper Limit along Date From, Date To",2019,,268.993894132
31/07/2017,06/08/2017,"Lower Limit along Date From, Date To",2019,,116.852259715
31/07/2017,06/08/2017,Number of Complaints,2020,,
31/07/2017,06/08/2017,"Avg Complaints Per Year along Date From, Date To",2020,,194.512195122
31/07/2017,06/08/2017,"Upper Limit along Date From, Date To",2020,,343.929245280
31/07/2017,06/08/2017,"Lower Limit along Date From, Date To",2020,,45.095144964
07/08/2017,13/08/2017,Number of Complaints,2016,,
07/08/2017,13/08/2017,"Avg Complaints Per Year along Date From, Date To",2016,,137.596153846
07/08/2017,13/08/2017,"Upper Limit along Date From, Date To",2016,,219.471079151
07/08/2017,13/08/2017,"Lower Limit along Date From, Date To",2016,,55.721228541
07/08/2017,13/08/2017,Number of Complaints,2017,True,224
07/08/2017,13/08/2017,"Avg Complaints Per Year along Date From, Date To",2017,True,184.442307692
07/08/2017,13/08/2017,"Upper Limit along Date From, Date To",2017,True,306.413490588
07/08/2017,13/08/2017,"Lower Limit along Date From, Date To",2017,True,62.471124796
07/08/2017,13/08/2017,Number of Complaints,2018,,
07/08/2017,13/08/2017,"Avg Complaints Per Year along Date From, Date To",2018,,218.660377358
07/08/2017,13/08/2017,"Upper Limit along Date From, Date To",2018,,358.944085849
07/08/2017,13/08/2017,"Lower Limit along Date From, Date To",2018,,78.376668868
07/08/2017,13/08/2017,Number of Complaints,2019,,
07/08/2017,13/08/2017,"Avg Complaints Per Year along Date From, Date To",2019,,192.923076923
07/08/2017,13/08/2017,"Upper Limit along Date From, Date To",2019,,268.993894132
07/08/2017,13/08/2017,"Lower Limit along Date From, Date To",2019,,116.852259715
07/08/2017,13/08/2017,Number of Complaints,2020,,
07/08/2017,13/08/2017,"Avg Complaints Per Year along Date From, Date To",2020,,194.512195122
07/08/2017,13/08/2017,"Upper Limit along Date From, Date To",2020,,343.929245280
07/08/2017,13/08/2017,"Lower Limit along Date From, Date To",2020,,45.095144964
14/08/2017,20/08/2017,Number of Complaints,2016,,
14/08/2017,20/08/2017,"Avg Complaints Per Year along Date From, Date To",2016,,137.596153846
14/08/2017,20/08/2017,"Upper Limit along Date From, Date To",2016,,219.471079151
14/08/2017,20/08/2017,"Lower Limit along Date From, Date To",2016,,55.721228541
14/08/2017,20/08/2017,Number of Complaints,2017,True,191
14/08/2017,20/08/2017,"Avg Complaints Per Year along Date From, Date To",2017,True,184.442307692
14/08/2017,20/08/2017,"Upper Limit along Date From, Date To",2017,True,306.413490588
14/08/2017,20/08/2017,"Lower Limit along Date From, Date To",2017,True,62.471124796
14/08/2017,20/08/2017,Number of Complaints,2018,,
14/08/2017,20/08/2017,"Avg Complaints Per Year along Date From, Date To",2018,,218.660377358
14/08/2017,20/08/2017,"Upper Limit along Date From, Date To",2018,,358.944085849
14/08/2017,20/08/2017,"Lower Limit along Date From, Date To",2018,,78.376668868
14/08/2017,20/08/2017,Number of Complaints,2019,,
14/08/2017,20/08/2017,"Avg Complaints Per Year along Date From, Date To",2019,,192.923076923
14/08/2017,20/08/2017,"Upper Limit along Date From, Date To",2019,,268.993894132
14/08/2017,20/08/2017,"Lower Limit along Date From, Date To",2019,,116.852259715
14/08/2017,20/08/2017,Number of Complaints,2020,,
14/08/2017,20/08/2017,"Avg Complaints Per Year along Date From, Date To",2020,,194.512195122
14/08/2017,20/08/2017,"Upper Limit along Date From, Date To",2020,,343.929245280
14/08/2017,20/08/2017,"Lower Limit along Date From, Date To",2020,,45.095144964
21/08/2017,27/08/2017,Number of Complaints,2016,,
21/08/2017,27/08/2017,"Avg Complaints Per Year along Date From, Date To",2016,,137.596153846
21/08/2017,27/08/2017,"Upper Limit along Date From, Date To",2016,,219.471079151
21/08/2017,27/08/2017,"Lower Limit along Date From, Date To",2016,,55.721228541
21/08/2017,27/08/2017,Number of Complaints,2017,True,159
21/08/2017,27/08/2017,"Avg Complaints Per Year along Date From, Date To",2017,True,184.442307692
21/08/2017,27/08/2017,"Upper Limit along Date From, Date To",2017,True,306.413490588
21/08/2017,27/08/2017,"Lower Limit along Date From, Date To",2017,True,62.471124796
21/08/2017,27/08/2017,Number of Complaints,2018,,
21/08/2017,27/08/2017,"Avg Complaints Per Year along Date From, Date To",2018,,218.660377358
21/08/2017,27/08/2017,"Upper Limit along Date From, Date To",2018,,358.944085849
21/08/2017,27/08/2017,"Lower Limit along Date From, Date To",2018,,78.376668868
21/08/2017,27/08/2017,Number of Complaints,2019,,
21/08/2017,27/08/2017,"Avg Complaints Per Year along Date From, Date To",2019,,192.923076923
21/08/2017,27/08/2017,"Upper Limit along Date From, Date To",2019,,268.993894132
21/08/2017,27/08/2017,"Lower Limit along Date From, Date To",2019,,116.852259715
21/08/2017,27/08/2017,Number of Complaints,2020,,
21/08/2017,27/08/2017,"Avg Complaints Per Year along Date From, Date To",2020,,194.512195122
21/08/2017,27/08/2017,"Upper Limit along Date From, Date To",2020,,343.929245280
21/08/2017,27/08/2017,"Lower Limit along Date From, Date To",2020,,45.095144964
28/08/2017,03/09/2017,Number of Complaints,2016,,
28/08/2017,03/09/2017,"Avg Complaints Per Year along Date From, Date To",2016,,137.596153846
28/08/2017,03/09/2017,"Upper Limit along Date From, Date To",2016,,219.471079151
28/08/2017,03/09/2017,"Lower Limit along Date From, Date To",2016,,55.721228541
28/08/2017,03/09/2017,Number of Complaints,2017,True,199
28/08/2017,03/09/2017,"Avg Complaints Per Year along Date From, Date To",2017,True,184.442307692
28/08/2017,03/09/2017,"Upper Limit along Date From, Date To",2017,True,306.413490588
28/08/2017,03/09/2017,"Lower Limit along Date From, Date To",2017,True,62.471124796
28/08/2017,03/09/2017,Number of Complaints,2018,,
28/08/2017,03/09/2017,"Avg Complaints Per Year along Date From, Date To",2018,,218.660377358
28/08/2017,03/09/2017,"Upper Limit along Date From, Date To",2018,,358.944085849
28/08/2017,03/09/2017,"Lower Limit along Date From, Date To",2018,,78.376668868
28/08/2017,03/09/2017,Number of Complaints,2019,,
28/08/2017,03/09/2017,"Avg Complaints Per Year along Date From, Date To",2019,,192.923076923
28/08/2017,03/09/2017,"Upper Limit along Date From, Date To",2019,,268.993894132
28/08/2017,03/09/2017,"Lower Limit along Date From, Date To",2019,,116.852259715
28/08/2017,03/09/2017,Number of Complaints,2020,,
28/08/2017,03/09/2017,"Avg Complaints Per Year along Date From, Date To",2020,,194.512195122
28/08/2017,03/09/2017,"Upper Limit along Date From, Date To",2020,,343.929245280
28/08/2017,03/09/2017,"Lower Limit along Date From, Date To",2020,,45.095144964
04/09/2017,10/09/2017,Number of Complaints,2016,,
04/09/2017,10/09/2017,"Avg Complaints Per Year along Date From, Date To",2016,,137.596153846
04/09/2017,10/09/2017,"Upper Limit along Date From, Date To",2016,,219.471079151
04/09/2017,10/09/2017,"Lower Limit along Date From, Date To",2016,,55.721228541
04/09/2017,10/09/2017,Number of Complaints,2017,True,141
04/09/2017,10/09/2017,"Avg Complaints Per Year along Date From, Date To",2017,True,184.442307692
04/09/2017,10/09/2017,"Upper Limit along Date From, Date To",2017,True,306.413490588
04/09/2017,10/09/2017,"Lower Limit along Date From, Date To",2017,True,62.471124796
04/09/2017,10/09/2017,Number of Complaints,2018,,
04/09/2017,10/09/2017,"Avg Complaints Per Year along Date From, Date To",2018,,218.660377358
04/09/2017,10/09/2017,"Upper Limit along Date From, Date To",2018,,358.944085849
04/09/2017,10/09/2017,"Lower Limit along Date From, Date To",2018,,78.376668868
04/09/2017,10/09/2017,Number of Complaints,2019,,
04/09/2017,10/09/2017,"Avg Complaints Per Year along Date From, Date To",2019,,192.923076923
04/09/2017,10/09/2017,"Upper Limit along Date From, Date To",2019,,268.993894132
04/09/2017,10/09/2017,"Lower Limit along Date From, Date To",2019,,116.852259715
04/09/2017,10/09/2017,Number of Complaints,2020,,
04/09/2017,10/09/2017,"Avg Complaints Per Year along Date From, Date To",2020,,194.512195122
04/09/2017,10/09/2017,"Upper Limit along Date From, Date To",2020,,343.929245280
04/09/2017,10/09/2017,"Lower Limit along Date From, Date To",2020,,45.095144964
11/09/2017,17/09/2017,Number of Complaints,2016,,
11/09/2017,17/09/2017,"Avg Complaints Per Year along Date From, Date To",2016,,137.596153846
11/09/2017,17/09/2017,"Upper Limit along Date From, Date To",2016,,219.471079151
11/09/2017,17/09/2017,"Lower Limit along Date From, Date To",2016,,55.721228541
11/09/2017,17/09/2017,Number of Complaints,2017,True,253
11/09/2017,17/09/2017,"Avg Complaints Per Year along Date From, Date To",2017,True,184.442307692
11/09/2017,17/09/2017,"Upper Limit along Date From, Date To",2017,True,306.413490588
11/09/2017,17/09/2017,"Lower Limit along Date From, Date To",2017,True,62.471124796
11/09/2017,17/09/2017,Number of Complaints,2018,,
11/09/2017,17/09/2017,"Avg Complaints Per Year along Date From, Date To",2018,,218.660377358
11/09/2017,17/09/2017,"Upper Limit along Date From, Date To",2018,,358.944085849
11/09/2017,17/09/2017,"Lower Limit along Date From, Date To",2018,,78.376668868
11/09/2017,17/09/2017,Number of Complaints,2019,,
11/09/2017,17/09/2017,"Avg Complaints Per Year along Date From, Date To",2019,,192.923076923
11/09/2017,17/09/2017,"Upper Limit along Date From, Date To",2019,,268.993894132
11/09/2017,17/09/2017,"Lower Limit along Date From, Date To",2019,,116.852259715
11/09/2017,17/09/2017,Number of Complaints,2020,,
11/09/2017,17/09/2017,"Avg Complaints Per Year along Date From, Date To",2020,,194.512195122
11/09/2017,17/09/2017,"Upper Limit along Date From, Date To",2020,,343.929245280
11/09/2017,17/09/2017,"Lower Limit along Date From, Date To",2020,,45.095144964
18/09/2017,24/09/2017,Number of Complaints,2016,,
18/09/2017,24/09/2017,"Avg Complaints Per Year along Date From, Date To",2016,,137.596153846
18/09/2017,24/09/2017,"Upper Limit along Date From, Date To",2016,,219.471079151
18/09/2017,24/09/2017,"Lower Limit along Date From, Date To",2016,,55.721228541
18/09/2017,24/09/2017,Number of Complaints,2017,True,240
18/09/2017,24/09/2017,"Avg Complaints Per Year along Date From, Date To",2017,True,184.442307692
18/09/2017,24/09/2017,"Upper Limit along Date From, Date To",2017,True,306.413490588
18/09/2017,24/09/2017,"Lower Limit along Date From, Date To",2017,True,62.471124796
18/09/2017,24/09/2017,Number of Complaints,2018,,
18/09/2017,24/09/2017,"Avg Complaints Per Year along Date From, Date To",2018,,218.660377358
18/09/2017,24/09/2017,"Upper Limit along Date From, Date To",2018,,358.944085849
18/09/2017,24/09/2017,"Lower Limit along Date From, Date To",2018,,78.376668868
18/09/2017,24/09/2017,Number of Complaints,2019,,
18/09/2017,24/09/2017,"Avg Complaints Per Year along Date From, Date To",2019,,192.923076923
18/09/2017,24/09/2017,"Upper Limit along Date From, Date To",2019,,268.993894132
18/09/2017,24/09/2017,"Lower Limit along Date From, Date To",2019,,116.852259715
18/09/2017,24/09/2017,Number of Complaints,2020,,
18/09/2017,24/09/2017,"Avg Complaints Per Year along Date From, Date To",2020,,194.512195122
18/09/2017,24/09/2017,"Upper Limit along Date From, Date To",2020,,343.929245280
18/09/2017,24/09/2017,"Lower Limit along Date From, Date To",2020,,45.095144964
25/09/2017,01/10/2017,Number of Complaints,2016,,
25/09/2017,01/10/2017,"Avg Complaints Per Year along Date From, Date To",2016,,137.596153846
25/09/2017,01/10/2017,"Upper Limit along Date From, Date To",2016,,219.471079151
25/09/2017,01/10/2017,"Lower Limit along Date From, Date To",2016,,55.721228541
25/09/2017,01/10/2017,Number of Complaints,2017,True,259
25/09/2017,01/10/2017,"Avg Complaints Per Year along Date From, Date To",2017,True,184.442307692
25/09/2017,01/10/2017,"Upper Limit along Date From, Date To",2017,True,306.413490588
25/09/2017,01/10/2017,"Lower Limit along Date From, Date To",2017,True,62.471124796
25/09/2017,01/10/2017,Number of Complaints,2018,,
25/09/2017,01/10/2017,"Avg Complaints Per Year along Date From, Date To",2018,,218.660377358
25/09/2017,01/10/2017,"Upper Limit along Date From, Date To",2018,,358.944085849
25/09/2017,01/10/2017,"Lower Limit along Date From, Date To",2018,,78.376668868
25/09/2017,01/10/2017,Number of Complaints,2019,,
25/09/2017,01/10/2017,"Avg Complaints Per Year along Date From, Date To",2019,,192.923076923
25/09/2017,01/10/2017,"Upper Limit along Date From, Date To",2019,,268.993894132
25/09/2017,01/10/2017,"Lower Limit along Date From, Date To",2019,,116.852259715
25/09/2017,01/10/2017,Number of Complaints,2020,,
25/09/2017,01/10/2017,"Avg Complaints Per Year along Date From, Date To",2020,,194.512195122
25/09/2017,01/10/2017,"Upper Limit along Date From, Date To",2020,,343.929245280
25/09/2017,01/10/2017,"Lower Limit along Date From, Date To",2020,,45.095144964
02/10/2017,08/10/2017,Number of Complaints,2016,,
02/10/2017,08/10/2017,"Avg Complaints Per Year along Date From, Date To",2016,,137.596153846
02/10/2017,08/10/2017,"Upper Limit along Date From, Date To",2016,,219.471079151
02/10/2017,08/10/2017,"Lower Limit along Date From, Date To",2016,,55.721228541
02/10/2017,08/10/2017,Number of Complaints,2017,True,208
02/10/2017,08/10/2017,"Avg Complaints Per Year along Date From, Date To",2017,True,184.442307692
02/10/2017,08/10/2017,"Upper Limit along Date From, Date To",2017,True,306.413490588
02/10/2017,08/10/2017,"Lower Limit along Date From, Date To",2017,True,62.471124796
02/10/2017,08/10/2017,Number of Complaints,2018,,
02/10/2017,08/10/2017,"Avg Complaints Per Year along Date From, Date To",2018,,218.660377358
02/10/2017,08/10/2017,"Upper Limit along Date From, Date To",2018,,358.944085849
02/10/2017,08/10/2017,"Lower Limit along Date From, Date To",2018,,78.376668868
02/10/2017,08/10/2017,Number of Complaints,2019,,
02/10/2017,08/10/2017,"Avg Complaints Per Year along Date From, Date To",2019,,192.923076923
02/10/2017,08/10/2017,"Upper Limit along Date From, Date To",2019,,268.993894132
02/10/2017,08/10/2017,"Lower Limit along Date From, Date To",2019,,116.852259715
02/10/2017,08/10/2017,Number of Complaints,2020,,
02/10/2017,08/10/2017,"Avg Complaints Per Year along Date From, Date To",2020,,194.512195122
02/10/2017,08/10/2017,"Upper Limit along Date From, Date To",2020,,343.929245280
02/10/2017,08/10/2017,"Lower Limit along Date From, Date To",2020,,45.095144964
09/10/2017,15/10/2017,Number of Complaints,2016,,
09/10/2017,15/10/2017,"Avg Complaints Per Year along Date From, Date To",2016,,137.596153846
09/10/2017,15/10/2017,"Upper Limit along Date From, Date To",2016,,219.471079151
09/10/2017,15/10/2017,"Lower Limit along Date From, Date To",2016,,55.721228541
09/10/2017,15/10/2017,Number of Complaints,2017,True,150
09/10/2017,15/10/2017,"Avg Complaints Per Year along Date From, Date To",2017,True,184.442307692
09/10/2017,15/10/2017,"Upper Limit along Date From, Date To",2017,True,306.413490588
09/10/2017,15/10/2017,"Lower Limit along Date From, Date To",2017,True,62.471124796
09/10/2017,15/10/2017,Number of Complaints,2018,,
09/10/2017,15/10/2017,"Avg Complaints Per Year along Date From, Date To",2018,,218.660377358
09/10/2017,15/10/2017,"Upper Limit along Date From, Date To",2018,,358.944085849
09/10/2017,15/10/2017,"Lower Limit along Date From, Date To",2018,,78.376668868
09/10/2017,15/10/2017,Number of Complaints,2019,,
09/10/2017,15/10/2017,"Avg Complaints Per Year along Date From, Date To",2019,,192.923076923
09/10/2017,15/10/2017,"Upper Limit along Date From, Date To",2019,,268.993894132
09/10/2017,15/10/2017,"Lower Limit along Date From, Date To",2019,,116.852259715
09/10/2017,15/10/2017,Number of Complaints,2020,,
09/10/2017,15/10/2017,"Avg Complaints Per Year along Date From, Date To",2020,,194.512195122
09/10/2017,15/10/2017,"Upper Limit along Date From, Date To",2020,,343.929245280
09/10/2017,15/10/2017,"Lower Limit along Date From, Date To",2020,,45.095144964
16/10/2017,22/10/2017,Number of Complaints,2016,,
16/10/2017,22/10/2017,"Avg Complaints Per Year along Date From, Date To",2016,,137.596153846
16/10/2017,22/10/2017,"Upper Limit along Date From, Date To",2016,,219.471079151
16/10/2017,22/10/2017,"Lower Limit along Date From, Date To",2016,,55.721228541
16/10/2017,22/10/2017,Number of Complaints,2017,True,189
16/10/2017,22/10/2017,"Avg Complaints Per Year along Date From, Date To",2017,True,184.442307692
16/10/2017,22/10/2017,"Upper Limit along Date From, Date To",2017,True,306.413490588
16/10/2017,22/10/2017,"Lower Limit along Date From, Date To",2017,True,62.471124796
16/10/2017,22/10/2017,Number of Complaints,2018,,
16/10/2017,22/10/2017,"Avg Complaints Per Year along Date From, Date To",2018,,218.660377358
16/10/2017,22/10/2017,"Upper Limit along Date From, Date To",2018,,358.944085849
16/10/2017,22/10/2017,"Lower Limit along Date From, Date To",2018,,78.376668868
16/10/2017,22/10/2017,Number of Complaints,2019,,
16/10/2017,22/10/2017,"Avg Complaints Per Year along Date From, Date To",2019,,192.923076923
16/10/2017,22/10/2017,"Upper Limit along Date From, Date To",2019,,268.993894132
16/10/2017,22/10/2017,"Lower Limit along Date From, Date To",2019,,116.852259715
16/10/2017,22/10/2017,Number of Complaints,2020,,
16/10/2017,22/10/2017,"Avg Complaints Per Year along Date From, Date To",2020,,194.512195122
16/10/2017,22/10/2017,"Upper Limit along Date From, Date To",2020,,343.929245280
16/10/2017,22/10/2017,"Lower Limit along Date From, Date To",2020,,45.095144964
23/10/2017,29/10/2017,Number of Complaints,2016,,
23/10/2017,29/10/2017,"Avg Complaints Per Year along Date From, Date To",2016,,137.596153846
23/10/2017,29/10/2017,"Upper Limit along Date From, Date To",2016,,219.471079151
23/10/2017,29/10/2017,"Lower Limit along Date From, Date To",2016,,55.721228541
23/10/2017,29/10/2017,Number of Complaints,2017,True,218
23/10/2017,29/10/2017,"Avg Complaints Per Year along Date From, Date To",2017,True,184.442307692
23/10/2017,29/10/2017,"Upper Limit along Date From, Date To",2017,True,306.413490588
23/10/2017,29/10/2017,"Lower Limit along Date From, Date To",2017,True,62.471124796
23/10/2017,29/10/2017,Number of Complaints,2018,,
23/10/2017,29/10/2017,"Avg Complaints Per Year along Date From, Date To",2018,,218.660377358
23/10/2017,29/10/2017,"Upper Limit along Date From, Date To",2018,,358.944085849
23/10/2017,29/10/2017,"Lower Limit along Date From, Date To",2018,,78.376668868
23/10/2017,29/10/2017,Number of Complaints,2019,,
23/10/2017,29/10/2017,"Avg Complaints Per Year along Date From, Date To",2019,,192.923076923
23/10/2017,29/10/2017,"Upper Limit along Date From, Date To",2019,,268.993894132
23/10/2017,29/10/2017,"Lower Limit along Date From, Date To",2019,,116.852259715
23/10/2017,29/10/2017,Number of Complaints,2020,,
23/10/2017,29/10/2017,"Avg Complaints Per Year along Date From, Date To",2020,,194.512195122
23/10/2017,29/10/2017,"Upper Limit along Date From, Date To",2020,,343.929245280
23/10/2017,29/10/2017,"Lower Limit along Date From, Date To",2020,,45.095144964
30/10/2017,05/11/2017,Number of Complaints,2016,,
30/10/2017,05/11/2017,"Avg Complaints Per Year along Date From, Date To",2016,,137.596153846
30/10/2017,05/11/2017,"Upper Limit along Date From, Date To",2016,,219.471079151
30/10/2017,05/11/2017,"Lower Limit along Date From, Date To",2016,,55.721228541
30/10/2017,05/11/2017,Number of Complaints,2017,True,213
30/10/2017,05/11/2017,"Avg Complaints Per Year along Date From, Date To",2017,True,184.442307692
30/10/2017,05/11/2017,"Upper Limit along Date From, Date To",2017,True,306.413490588
30/10/2017,05/11/2017,"Lower Limit along Date From, Date To",2017,True,62.471124796
30/10/2017,05/11/2017,Number of Complaints,2018,,
30/10/2017,05/11/2017,"Avg Complaints Per Year along Date From, Date To",2018,,218.660377358
30/10/2017,05/11/2017,"Upper Limit along Date From, Date To",2018,,358.944085849
30/10/2017,05/11/2017,"Lower Limit along Date From, Date To",2018,,78.376668868
30/10/2017,05/11/2017,Number of Complaints,2019,,
30/10/2017,05/11/2017,"Avg Complaints Per Year along Date From, Date To",2019,,192.923076923
30/10/2017,05/11/2017,"Upper Limit along Date From, Date To",2019,,268.993894132
30/10/2017,05/11/2017,"Lower Limit along Date From, Date To",2019,,116.852259715
30/10/2017,05/11/2017,Number of Complaints,2020,,
30/10/2017,05/11/2017,"Avg Complaints Per Year along Date From, Date To",2020,,194.512195122
30/10/2017,05/11/2017,"Upper Limit along Date From, Date To",2020,,343.929245280
30/10/2017,05/11/2017,"Lower Limit along Date From, Date To",2020,,45.095144964
06/11/2017,12/11/2017,Number of Complaints,2016,,
06/11/2017,12/11/2017,"Avg Complaints Per Year along Date From, Date To",2016,,137.596153846
06/11/2017,12/11/2017,"Upper Limit along Date From, Date To",2016,,219.471079151
06/11/2017,12/11/2017,"Lower Limit along Date From, Date To",2016,,55.721228541
06/11/2017,12/11/2017,Number of Complaints,2017,True,166
06/11/2017,12/11/2017,"Avg Complaints Per Year along Date From, Date To",2017,True,184.442307692
06/11/2017,12/11/2017,"Upper Limit along Date From, Date To",2017,True,306.413490588
06/11/2017,12/11/2017,"Lower Limit along Date From, Date To",2017,True,62.471124796
06/11/2017,12/11/2017,Number of Complaints,2018,,
06/11/2017,12/11/2017,"Avg Complaints Per Year along Date From, Date To",2018,,218.660377358
06/11/2017,12/11/2017,"Upper Limit along Date From, Date To",2018,,358.944085849
06/11/2017,12/11/2017,"Lower Limit along Date From, Date To",2018,,78.376668868
06/11/2017,12/11/2017,Number of Complaints,2019,,
06/11/2017,12/11/2017,"Avg Complaints Per Year along Date From, Date To",2019,,192.923076923
06/11/2017,12/11/2017,"Upper Limit along Date From, Date To",2019,,268.993894132
06/11/2017,12/11/2017,"Lower Limit along Date From, Date To",2019,,116.852259715
06/11/2017,12/11/2017,Number of Complaints,2020,,
06/11/2017,12/11/2017,"Avg Complaints Per Year along Date From, Date To",2020,,194.512195122
06/11/2017,12/11/2017,"Upper Limit along Date From, Date To",2020,,343.929245280
06/11/2017,12/11/2017,"Lower Limit along Date From, Date To",2020,,45.095144964
13/11/2017,19/11/2017,Number of Complaints,2016,,
13/11/2017,19/11/2017,"Avg Complaints Per Year along Date From, Date To",2016,,137.596153846
13/11/2017,19/11/2017,"Upper Limit along Date From, Date To",2016,,219.471079151
13/11/2017,19/11/2017,"Lower Limit along Date From, Date To",2016,,55.721228541
13/11/2017,19/11/2017,Number of Complaints,2017,True,217
13/11/2017,19/11/2017,"Avg Complaints Per Year along Date From, Date To",2017,True,184.442307692
13/11/2017,19/11/2017,"Upper Limit along Date From, Date To",2017,True,306.413490588
13/11/2017,19/11/2017,"Lower Limit along Date From, Date To",2017,True,62.471124796
13/11/2017,19/11/2017,Number of Complaints,2018,,
13/11/2017,19/11/2017,"Avg Complaints Per Year along Date From, Date To",2018,,218.660377358
13/11/2017,19/11/2017,"Upper Limit along Date From, Date To",2018,,358.944085849
13/11/2017,19/11/2017,"Lower Limit along Date From, Date To",2018,,78.376668868
13/11/2017,19/11/2017,Number of Complaints,2019,,
13/11/2017,19/11/2017,"Avg Complaints Per Year along Date From, Date To",2019,,192.923076923
13/11/2017,19/11/2017,"Upper Limit along Date From, Date To",2019,,268.993894132
13/11/2017,19/11/2017,"Lower Limit along Date From, Date To",2019,,116.852259715
13/11/2017,19/11/2017,Number of Complaints,2020,,
13/11/2017,19/11/2017,"Avg Complaints Per Year along Date From, Date To",2020,,194.512195122
13/11/2017,19/11/2017,"Upper Limit along Date From, Date To",2020,,343.929245280
13/11/2017,19/11/2017,"Lower Limit along Date From, Date To",2020,,45.095144964
20/11/2017,26/11/2017,Number of Complaints,2016,,
20/11/2017,26/11/2017,"Avg Complaints Per Year along Date From, Date To",2016,,137.596153846
20/11/2017,26/11/2017,"Upper Limit along Date From, Date To",2016,,219.471079151
20/11/2017,26/11/2017,"Lower Limit along Date From, Date To",2016,,55.721228541
20/11/2017,26/11/2017,Number of Complaints,2017,True,140
20/11/2017,26/11/2017,"Avg Complaints Per Year along Date From, Date To",2017,True,184.442307692
20/11/2017,26/11/2017,"Upper Limit along Date From, Date To",2017,True,306.413490588
20/11/2017,26/11/2017,"Lower Limit along Date From, Date To",2017,True,62.471124796
20/11/2017,26/11/2017,Number of Complaints,2018,,
20/11/2017,26/11/2017,"Avg Complaints Per Year along Date From, Date To",2018,,218.660377358
20/11/2017,26/11/2017,"Upper Limit along Date From, Date To",2018,,358.944085849
20/11/2017,26/11/2017,"Lower Limit along Date From, Date To",2018,,78.376668868
20/11/2017,26/11/2017,Number of Complaints,2019,,
20/11/2017,26/11/2017,"Avg Complaints Per Year along Date From, Date To",2019,,192.923076923
20/11/2017,26/11/2017,"Upper Limit along Date From, Date To",2019,,268.993894132
20/11/2017,26/11/2017,"Lower Limit along Date From, Date To",2019,,116.852259715
20/11/2017,26/11/2017,Number of Complaints,2020,,
20/11/2017,26/11/2017,"Avg Complaints Per Year along Date From, Date To",2020,,194.512195122
20/11/2017,26/11/2017,"Upper Limit along Date From, Date To",2020,,343.929245280
20/11/2017,26/11/2017,"Lower Limit along Date From, Date To",2020,,45.095144964
27/11/2017,03/12/2017,Number of Complaints,2016,,
27/11/2017,03/12/2017,"Avg Complaints Per Year along Date From, Date To",2016,,137.596153846
27/11/2017,03/12/2017,"Upper Limit along Date From, Date To",2016,,219.471079151
27/11/2017,03/12/2017,"Lower Limit along Date From, Date To",2016,,55.721228541
27/11/2017,03/12/2017,Number of Complaints,2017,True,232
27/11/2017,03/12/2017,"Avg Complaints Per Year along Date From, Date To",2017,True,184.442307692
27/11/2017,03/12/2017,"Upper Limit along Date From, Date To",2017,True,306.413490588
27/11/2017,03/12/2017,"Lower Limit along Date From, Date To",2017,True,62.471124796
27/11/2017,03/12/2017,Number of Complaints,2018,,
27/11/2017,03/12/2017,"Avg Complaints Per Year along Date From, Date To",2018,,218.660377358
27/11/2017,03/12/2017,"Upper Limit along Date From, Date To",2018,,358.944085849
27/11/2017,03/12/2017,"Lower Limit along Date From, Date To",2018,,78.376668868
27/11/2017,03/12/2017,Number of Complaints,2019,,
27/11/2017,03/12/2017,"Avg Complaints Per Year along Date From, Date To",2019,,192.923076923
27/11/2017,03/12/2017,"Upper Limit along Date From, Date To",2019,,268.993894132
27/11/2017,03/12/2017,"Lower Limit along Date From, Date To",2019,,116.852259715
27/11/2017,03/12/2017,Number of Complaints,2020,,
27/11/2017,03/12/2017,"Avg Complaints Per Year along Date From, Date To",2020,,194.512195122
27/11/2017,03/12/2017,"Upper Limit along Date From, Date To",2020,,343.929245280
27/11/2017,03/12/2017,"Lower Limit along Date From, Date To",2020,,45.095144964
04/12/2017,10/12/2017,Number of Complaints,2016,,
04/12/2017,10/12/2017,"Avg Complaints Per Year along Date From, Date To",2016,,137.596153846
04/12/2017,10/12/2017,"Upper Limit along Date From, Date To",2016,,219.471079151
04/12/2017,10/12/2017,"Lower Limit along Date From, Date To",2016,,55.721228541
04/12/2017,10/12/2017,Number of Complaints,2017,True,187
04/12/2017,10/12/2017,"Avg Complaints Per Year along Date From, Date To",2017,True,184.442307692
04/12/2017,10/12/2017,"Upper Limit along Date From, Date To",2017,True,306.413490588
04/12/2017,10/12/2017,"Lower Limit along Date From, Date To",2017,True,62.471124796
04/12/2017,10/12/2017,Number of Complaints,2018,,
04/12/2017,10/12/2017,"Avg Complaints Per Year along Date From, Date To",2018,,218.660377358
04/12/2017,10/12/2017,"Upper Limit along Date From, Date To",2018,,358.944085849
04/12/2017,10/12/2017,"Lower Limit along Date From, Date To",2018,,78.376668868
04/12/2017,10/12/2017,Number of Complaints,2019,,
04/12/2017,10/12/2017,"Avg Complaints Per Year along Date From, Date To",2019,,192.923076923
04/12/2017,10/12/2017,"Upper Limit along Date From, Date To",2019,,268.993894132
04/12/2017,10/12/2017,"Lower Limit along Date From, Date To",2019,,116.852259715
04/12/2017,10/12/2017,Number of Complaints,2020,,
04/12/2017,10/12/2017,"Avg Complaints Per Year along Date From, Date To",2020,,194.512195122
04/12/2017,10/12/2017,"Upper Limit along Date From, Date To",2020,,343.929245280
04/12/2017,10/12/2017,"Lower Limit along Date From, Date To",2020,,45.095144964
11/12/2017,17/12/2017,Number of Complaints,2016,,
11/12/2017,17/12/2017,"Avg Complaints Per Year along Date From, Date To",2016,,137.596153846
11/12/2017,17/12/2017,"Upper Limit along Date From, Date To",2016,,219.471079151
11/12/2017,17/12/2017,"Lower Limit along Date From, Date To",2016,,55.721228541
11/12/2017,17/12/2017,Number of Complaints,2017,True,198
11/12/2017,17/12/2017,"Avg Complaints Per Year along Date From, Date To",2017,True,184.442307692
11/12/2017,17/12/2017,"Upper Limit along Date From, Date To",2017,True,306.413490588
11/12/2017,17/12/2017,"Lower Limit along Date From, Date To",2017,True,62.471124796
11/12/2017,17/12/2017,Number of Complaints,2018,,
11/12/2017,17/12/2017,"Avg Complaints Per Year along Date From, Date To",2018,,218.660377358
11/12/2017,17/12/2017,"Upper Limit along Date From, Date To",2018,,358.944085849
11/12/2017,17/12/2017,"Lower Limit along Date From, Date To",2018,,78.376668868
11/12/2017,17/12/2017,Number of Complaints,2019,,
11/12/2017,17/12/2017,"Avg Complaints Per Year along Date From, Date To",2019,,192.923076923
11/12/2017,17/12/2017,"Upper Limit along Date From, Date To",2019,,268.993894132
11/12/2017,17/12/2017,"Lower Limit along Date From, Date To",2019,,116.852259715
11/12/2017,17/12/2017,Number of Complaints,2020,,
11/12/2017,17/12/2017,"Avg Complaints Per Year along Date From, Date To",2020,,194.512195122
11/12/2017,17/12/2017,"Upper Limit along Date From, Date To",2020,,343.929245280
11/12/2017,17/12/2017,"Lower Limit along Date From, Date To",2020,,45.095144964
18/12/2017,24/12/2017,Number of Complaints,2016,,
18/12/2017,24/12/2017,"Avg Complaints Per Year along Date From, Date To",2016,,137.596153846
18/12/2017,24/12/2017,"Upper Limit along Date From, Date To",2016,,219.471079151
18/12/2017,24/12/2017,"Lower Limit along Date From, Date To",2016,,55.721228541
18/12/2017,24/12/2017,Number of Complaints,2017,True,178
18/12/2017,24/12/2017,"Avg Complaints Per Year along Date From, Date To",2017,True,184.442307692
18/12/2017,24/12/2017,"Upper Limit along Date From, Date To",2017,True,306.413490588
18/12/2017,24/12/2017,"Lower Limit along Date From, Date To",2017,True,62.471124796
18/12/2017,24/12/2017,Number of Complaints,2018,,
18/12/2017,24/12/2017,"Avg Complaints Per Year along Date From, Date To",2018,,218.660377358
18/12/2017,24/12/2017,"Upper Limit along Date From, Date To",2018,,358.944085849
18/12/2017,24/12/2017,"Lower Limit along Date From, Date To",2018,,78.376668868
18/12/2017,24/12/2017,Number of Complaints,2019,,
18/12/2017,24/12/2017,"Avg Complaints Per Year along Date From, Date To",2019,,192.923076923
18/12/2017,24/12/2017,"Upper Limit along Date From, Date To",2019,,268.993894132
18/12/2017,24/12/2017,"Lower Limit along Date From, Date To",2019,,116.852259715
18/12/2017,24/12/2017,Number of Complaints,2020,,
18/12/2017,24/12/2017,"Avg Complaints Per Year along Date From, Date To",2020,,194.512195122
18/12/2017,24/12/2017,"Upper Limit along Date From, Date To",2020,,343.929245280
18/12/2017,24/12/2017,"Lower Limit along Date From, Date To",2020,,45.095144964
25/12/2017,31/12/2017,Number of Complaints,2016,,
25/12/2017,31/12/2017,"Avg Complaints Per Year along Date From, Date To",2016,,137.596153846
25/12/2017,31/12/2017,"Upper Limit along Date From, Date To",2016,,219.471079151
25/12/2017,31/12/2017,"Lower Limit along Date From, Date To",2016,,55.721228541
25/12/2017,31/12/2017,Number of Complaints,2017,True,145
25/12/2017,31/12/2017,"Avg Complaints Per Year along Date From, Date To",2017,True,184.442307692
25/12/2017,31/12/2017,"Upper Limit along Date From, Date To",2017,True,306.413490588
25/12/2017,31/12/2017,"Lower Limit along Date From, Date To",2017,True,62.471124796
25/12/2017,31/12/2017,Number of Complaints,2018,,
25/12/2017,31/12/2017,"Avg Complaints Per Year along Date From, Date To",2018,,218.660377358
25/12/2017,31/12/2017,"Upper Limit along Date From, Date To",2018,,358.944085849
25/12/2017,31/12/2017,"Lower Limit along Date From, Date To",2018,,78.376668868
25/12/2017,31/12/2017,Number of Complaints,2019,,
25/12/2017,31/12/2017,"Avg Complaints Per Year along Date From, Date To",2019,,192.923076923
25/12/2017,31/12/2017,"Upper Limit along Date From, Date To",2019,,268.993894132
25/12/2017,31/12/2017,"Lower Limit along Date From, Date To",2019,,116.852259715
25/12/2017,31/12/2017,Number of Complaints,2020,,
25/12/2017,31/12/2017,"Avg Complaints Per Year along Date From, Date To",2020,,194.512195122
25/12/2017,31/12/2017,"Upper Limit along Date From, Date To",2020,,343.929245280
25/12/2017,31/12/2017,"Lower Limit along Date From, Date To",2020,,45.095144964
01/01/2018,07/01/2018,Number of Complaints,2016,,
01/01/2018,07/01/2018,"Avg Complaints Per Year along Date From, Date To",2016,,137.596153846
01/01/2018,07/01/2018,"Upper Limit along Date From, Date To",2016,,219.471079151
01/01/2018,07/01/2018,"Lower Limit along Date From, Date To",2016,,55.721228541
01/01/2018,07/01/2018,Number of Complaints,2017,,
01/01/2018,07/01/2018,"Avg Complaints Per Year along Date From, Date To",2017,,184.442307692
01/01/2018,07/01/2018,"Upper Limit along Date From, Date To",2017,,306.413490588
01/01/2018,07/01/2018,"Lower Limit along Date From, Date To",2017,,62.471124796
01/01/2018,07/01/2018,Number of Complaints,2018,True,166
01/01/2018,07/01/2018,"Avg Complaints Per Year along Date From, Date To",2018,True,218.660377358
01/01/2018,07/01/2018,"Upper Limit along Date From, Date To",2018,True,358.944085849
01/01/2018,07/01/2018,"Lower Limit along Date From, Date To",2018,True,78.376668868
01/01/2018,07/01/2018,Number of Complaints,2019,,
01/01/2018,07/01/2018,"Avg Complaints Per Year along Date From, Date To",2019,,192.923076923
01/01/2018,07/01/2018,"Upper Limit along Date From, Date To",2019,,268.993894132
01/01/2018,07/01/2018,"Lower Limit along Date From, Date To",2019,,116.852259715
01/01/2018,07/01/2018,Number of Complaints,2020,,
01/01/2018,07/01/2018,"Avg Complaints Per Year along Date From, Date To",2020,,194.512195122
01/01/2018,07/01/2018,"Upper Limit along Date From, Date To",2020,,343.929245280
01/01/2018,07/01/2018,"Lower Limit along Date From, Date To",2020,,45.095144964
08/01/2018,14/01/2018,Number of Complaints,2016,,
08/01/2018,14/01/2018,"Avg Complaints Per Year along Date From, Date To",2016,,137.596153846
08/01/2018,14/01/2018,"Upper Limit along Date From, Date To",2016,,219.471079151
08/01/2018,14/01/2018,"Lower Limit along Date From, Date To",2016,,55.721228541
08/01/2018,14/01/2018,Number of Complaints,2017,,
08/01/2018,14/01/2018,"Avg Complaints Per Year along Date From, Date To",2017,,184.442307692
08/01/2018,14/01/2018,"Upper Limit along Date From, Date To",2017,,306.413490588
08/01/2018,14/01/2018,"Lower Limit along Date From, Date To",2017,,62.471124796
08/01/2018,14/01/2018,Number of Complaints,2018,True,167
08/01/2018,14/01/2018,"Avg Complaints Per Year along Date From, Date To",2018,True,218.660377358
08/01/2018,14/01/2018,"Upper Limit along Date From, Date To",2018,True,358.944085849
08/01/2018,14/01/2018,"Lower Limit along Date From, Date To",2018,True,78.376668868
08/01/2018,14/01/2018,Number of Complaints,2019,,
08/01/2018,14/01/2018,"Avg Complaints Per Year along Date From, Date To",2019,,192.923076923
08/01/2018,14/01/2018,"Upper Limit along Date From, Date To",2019,,268.993894132
08/01/2018,14/01/2018,"Lower Limit along Date From, Date To",2019,,116.852259715
08/01/2018,14/01/2018,Number of Complaints,2020,,
08/01/2018,14/01/2018,"Avg Complaints Per Year along Date From, Date To",2020,,194.512195122
08/01/2018,14/01/2018,"Upper Limit along Date From, Date To",2020,,343.929245280
08/01/2018,14/01/2018,"Lower Limit along Date From, Date To",2020,,45.095144964
15/01/2018,21/01/2018,Number of Complaints,2016,,
15/01/2018,21/01/2018,"Avg Complaints Per Year along Date From, Date To",2016,,137.596153846
15/01/2018,21/01/2018,"Upper Limit along Date From, Date To",2016,,219.471079151
15/01/2018,21/01/2018,"Lower Limit along Date From, Date To",2016,,55.721228541
15/01/2018,21/01/2018,Number of Complaints,2017,,
15/01/2018,21/01/2018,"Avg Complaints Per Year along Date From, Date To",2017,,184.442307692
15/01/2018,21/01/2018,"Upper Limit along Date From, Date To",2017,,306.413490588
15/01/2018,21/01/2018,"Lower Limit along Date From, Date To",2017,,62.471124796
15/01/2018,21/01/2018,Number of Complaints,2018,True,173
15/01/2018,21/01/2018,"Avg Complaints Per Year along Date From, Date To",2018,True,218.660377358
15/01/2018,21/01/2018,"Upper Limit along Date From, Date To",2018,True,358.944085849
15/01/2018,21/01/2018,"Lower Limit along Date From, Date To",2018,True,78.376668868
15/01/2018,21/01/2018,Number of Complaints,2019,,
15/01/2018,21/01/2018,"Avg Complaints Per Year along Date From, Date To",2019,,192.923076923
15/01/2018,21/01/2018,"Upper Limit along Date From, Date To",2019,,268.993894132
15/01/2018,21/01/2018,"Lower Limit along Date From, Date To",2019,,116.852259715
15/01/2018,21/01/2018,Number of Complaints,2020,,
15/01/2018,21/01/2018,"Avg Complaints Per Year along Date From, Date To",2020,,194.512195122
15/01/2018,21/01/2018,"Upper Limit along Date From, Date To",2020,,343.929245280
15/01/2018,21/01/2018,"Lower Limit along Date From, Date To",2020,,45.095144964
22/01/2018,28/01/2018,Number of Complaints,2016,,
22/01/2018,28/01/2018,"Avg Complaints Per Year along Date From, Date To",2016,,137.596153846
22/01/2018,28/01/2018,"Upper Limit along Date From, Date To",2016,,219.471079151
22/01/2018,28/01/2018,"Lower Limit along Date From, Date To",2016,,55.721228541
22/01/2018,28/01/2018,Number of Complaints,2017,,
22/01/2018,28/01/2018,"Avg Complaints Per Year along Date From, Date To",2017,,184.442307692
22/01/2018,28/01/2018,"Upper Limit along Date From, Date To",2017,,306.413490588
22/01/2018,28/01/2018,"Lower Limit along Date From, Date To",2017,,62.471124796
22/01/2018,28/01/2018,Number of Complaints,2018,True,208
22/01/2018,28/01/2018,"Avg Complaints Per Year along Date From, Date To",2018,True,218.660377358
22/01/2018,28/01/2018,"Upper Limit along Date From, Date To",2018,True,358.944085849
22/01/2018,28/01/2018,"Lower Limit along Date From, Date To",2018,True,78.376668868
22/01/2018,28/01/2018,Number of Complaints,2019,,
22/01/2018,28/01/2018,"Avg Complaints Per Year along Date From, Date To",2019,,192.923076923
22/01/2018,28/01/2018,"Upper Limit along Date From, Date To",2019,,268.993894132
22/01/2018,28/01/2018,"Lower Limit along Date From, Date To",2019,,116.852259715
22/01/2018,28/01/2018,Number of Complaints,2020,,
22/01/2018,28/01/2018,"Avg Complaints Per Year along Date From, Date To",2020,,194.512195122
22/01/2018,28/01/2018,"Upper Limit along Date From, Date To",2020,,343.929245280
22/01/2018,28/01/2018,"Lower Limit along Date From, Date To",2020,,45.095144964
29/01/2018,04/02/2018,Number of Complaints,2016,,
29/01/2018,04/02/2018,"Avg Complaints Per Year along Date From, Date To",2016,,137.596153846
29/01/2018,04/02/2018,"Upper Limit along Date From, Date To",2016,,219.471079151
29/01/2018,04/02/2018,"Lower Limit along Date From, Date To",2016,,55.721228541
29/01/2018,04/02/2018,Number of Complaints,2017,,
29/01/2018,04/02/2018,"Avg Complaints Per Year along Date From, Date To",2017,,184.442307692
29/01/2018,04/02/2018,"Upper Limit along Date From, Date To",2017,,306.413490588
29/01/2018,04/02/2018,"Lower Limit along Date From, Date To",2017,,62.471124796
29/01/2018,04/02/2018,Number of Complaints,2018,True,226
29/01/2018,04/02/2018,"Avg Complaints Per Year along Date From, Date To",2018,True,218.660377358
29/01/2018,04/02/2018,"Upper Limit along Date From, Date To",2018,True,358.944085849
29/01/2018,04/02/2018,"Lower Limit along Date From, Date To",2018,True,78.376668868
29/01/2018,04/02/2018,Number of Complaints,2019,,
29/01/2018,04/02/2018,"Avg Complaints Per Year along Date From, Date To",2019,,192.923076923
29/01/2018,04/02/2018,"Upper Limit along Date From, Date To",2019,,268.993894132
29/01/2018,04/02/2018,"Lower Limit along Date From, Date To",2019,,116.852259715
29/01/2018,04/02/2018,Number of Complaints,2020,,
29/01/2018,04/02/2018,"Avg Complaints Per Year along Date From, Date To",2020,,194.512195122
29/01/2018,04/02/2018,"Upper Limit along Date From, Date To",2020,,343.929245280
29/01/2018,04/02/2018,"Lower Limit along Date From, Date To",2020,,45.095144964
05/02/2018,11/02/2018,Number of Complaints,2016,,
05/02/2018,11/02/2018,"Avg Complaints Per Year along Date From, Date To",2016,,137.596153846
05/02/2018,11/02/2018,"Upper Limit along Date From, Date To",2016,,219.471079151
05/02/2018,11/02/2018,"Lower Limit along Date From, Date To",2016,,55.721228541
05/02/2018,11/02/2018,Number of Complaints,2017,,
05/02/2018,11/02/2018,"Avg Complaints Per Year along Date From, Date To",2017,,184.442307692
05/02/2018,11/02/2018,"Upper Limit along Date From, Date To",2017,,306.413490588
05/02/2018,11/02/2018,"Lower Limit along Date From, Date To",2017,,62.471124796
05/02/2018,11/02/2018,Number of Complaints,2018,True,203
05/02/2018,11/02/2018,"Avg Complaints Per Year along Date From, Date To",2018,True,218.660377358
05/02/2018,11/02/2018,"Upper Limit along Date From, Date To",2018,True,358.944085849
05/02/2018,11/02/2018,"Lower Limit along Date From, Date To",2018,True,78.376668868
05/02/2018,11/02/2018,Number of Complaints,2019,,
05/02/2018,11/02/2018,"Avg Complaints Per Year along Date From, Date To",2019,,192.923076923
05/02/2018,11/02/2018,"Upper Limit along Date From, Date To",2019,,268.993894132
05/02/2018,11/02/2018,"Lower Limit along Date From, Date To",2019,,116.852259715
05/02/2018,11/02/2018,Number of Complaints,2020,,
05/02/2018,11/02/2018,"Avg Complaints Per Year along Date From, Date To",2020,,194.512195122
05/02/2018,11/02/2018,"Upper Limit along Date From, Date To",2020,,343.929245280
05/02/2018,11/02/2018,"Lower Limit along Date From, Date To",2020,,45.095144964
12/02/2018,18/02/2018,Number of Complaints,2016,,
12/02/2018,18/02/2018,"Avg Complaints Per Year along Date From, Date To",2016,,137.596153846
12/02/2018,18/02/2018,"Upper Limit along Date From, Date To",2016,,219.471079151
12/02/2018,18/02/2018,"Lower Limit along Date From, Date To",2016,,55.721228541
12/02/2018,18/02/2018,Number of Complaints,2017,,
12/02/2018,18/02/2018,"Avg Complaints Per Year along Date From, Date To",2017,,184.442307692
12/02/2018,18/02/2018,"Upper Limit along Date From, Date To",2017,,306.413490588
12/02/2018,18/02/2018,"Lower Limit along Date From, Date To",2017,,62.471124796
12/02/2018,18/02/2018,Number of Complaints,2018,True,229
12/02/2018,18/02/2018,"Avg Complaints Per Year along Date From, Date To",2018,True,218.660377358
12/02/2018,18/02/2018,"Upper Limit along Date From, Date To",2018,True,358.944085849
12/02/2018,18/02/2018,"Lower Limit along Date From, Date To",2018,True,78.376668868
12/02/2018,18/02/2018,Number of Complaints,2019,,
12/02/2018,18/02/2018,"Avg Complaints Per Year along Date From, Date To",2019,,192.923076923
12/02/2018,18/02/2018,"Upper Limit along Date From, Date To",2019,,268.993894132
12/02/2018,18/02/2018,"Lower Limit along Date From, Date To",2019,,116.852259715
12/02/2018,18/02/2018,Number of Complaints,2020,,
12/02/2018,18/02/2018,"Avg Complaints Per Year along Date From, Date To",2020,,194.512195122
12/02/2018,18/02/2018,"Upper Limit along Date From, Date To",2020,,343.929245280
12/02/2018,18/02/2018,"Lower Limit along Date From, Date To",2020,,45.095144964
19/02/2018,25/02/2018,Number of Complaints,2016,,
19/02/2018,25/02/2018,"Avg Complaints Per Year along Date From, Date To",2016,,137.596153846
19/02/2018,25/02/2018,"Upper Limit along Date From, Date To",2016,,219.471079151
19/02/2018,25/02/2018,"Lower Limit along Date From, Date To",2016,,55.721228541
19/02/2018,25/02/2018,Number of Complaints,2017,,
19/02/2018,25/02/2018,"Avg Complaints Per Year along Date From, Date To",2017,,184.442307692
19/02/2018,25/02/2018,"Upper Limit along Date From, Date To",2017,,306.413490588
19/02/2018,25/02/2018,"Lower Limit along Date From, Date To",2017,,62.471124796
19/02/2018,25/02/2018,Number of Complaints,2018,True,192
19/02/2018,25/02/2018,"Avg Complaints Per Year along Date From, Date To",2018,True,218.660377358
19/02/2018,25/02/2018,"Upper Limit along Date From, Date To",2018,True,358.944085849
19/02/2018,25/02/2018,"Lower Limit along Date From, Date To",2018,True,78.376668868
19/02/2018,25/02/2018,Number of Complaints,2019,,
19/02/2018,25/02/2018,"Avg Complaints Per Year along Date From, Date To",2019,,192.923076923
19/02/2018,25/02/2018,"Upper Limit along Date From, Date To",2019,,268.993894132
19/02/2018,25/02/2018,"Lower Limit along Date From, Date To",2019,,116.852259715
19/02/2018,25/02/2018,Number of Complaints,2020,,
19/02/2018,25/02/2018,"Avg Complaints Per Year along Date From, Date To",2020,,194.512195122
19/02/2018,25/02/2018,"Upper Limit along Date From, Date To",2020,,343.929245280
19/02/2018,25/02/2018,"Lower Limit along Date From, Date To",2020,,45.095144964
26/02/2018,04/03/2018,Number of Complaints,2016,,
26/02/2018,04/03/2018,"Avg Complaints Per Year along Date From, Date To",2016,,137.596153846
26/02/2018,04/03/2018,"Upper Limit along Date From, Date To",2016,,219.471079151
26/02/2018,04/03/2018,"Lower Limit along Date From, Date To",2016,,55.721228541
26/02/2018,04/03/2018,Number of Complaints,2017,,
26/02/2018,04/03/2018,"Avg Complaints Per Year along Date From, Date To",2017,,184.442307692
26/02/2018,04/03/2018,"Upper Limit along Date From, Date To",2017,,306.413490588
26/02/2018,04/03/2018,"Lower Limit along Date From, Date To",2017,,62.471124796
26/02/2018,04/03/2018,Number of Complaints,2018,True,235
26/02/2018,04/03/2018,"Avg Complaints Per Year along Date From, Date To",2018,True,218.660377358
26/02/2018,04/03/2018,"Upper Limit along Date From, Date To",2018,True,358.944085849
26/02/2018,04/03/2018,"Lower Limit along Date From, Date To",2018,True,78.376668868
26/02/2018,04/03/2018,Number of Complaints,2019,,
26/02/2018,04/03/2018,"Avg Complaints Per Year along Date From, Date To",2019,,192.923076923
26/02/2018,04/03/2018,"Upper Limit along Date From, Date To",2019,,268.993894132
26/02/2018,04/03/2018,"Lower Limit along Date From, Date To",2019,,116.852259715
26/02/2018,04/03/2018,Number of Complaints,2020,,
26/02/2018,04/03/2018,"Avg Complaints Per Year along Date From, Date To",2020,,194.512195122
26/02/2018,04/03/2018,"Upper Limit along Date From, Date To",2020,,343.929245280
26/02/2018,04/03/2018,"Lower Limit along Date From, Date To",2020,,45.095144964
05/03/2018,11/03/2018,Number of Complaints,2016,,
05/03/2018,11/03/2018,"Avg Complaints Per Year along Date From, Date To",2016,,137.596153846
05/03/2018,11/03/2018,"Upper Limit along Date From, Date To",2016,,219.471079151
05/03/2018,11/03/2018,"Lower Limit along Date From, Date To",2016,,55.721228541
05/03/2018,11/03/2018,Number of Complaints,2017,,
05/03/2018,11/03/2018,"Avg Complaints Per Year along Date From, Date To",2017,,184.442307692
05/03/2018,11/03/2018,"Upper Limit along Date From, Date To",2017,,306.413490588
05/03/2018,11/03/2018,"Lower Limit along Date From, Date To",2017,,62.471124796
05/03/2018,11/03/2018,Number of Complaints,2018,True,226
05/03/2018,11/03/2018,"Avg Complaints Per Year along Date From, Date To",2018,True,218.660377358
05/03/2018,11/03/2018,"Upper Limit along Date From, Date To",2018,True,358.944085849
05/03/2018,11/03/2018,"Lower Limit along Date From, Date To",2018,True,78.376668868
05/03/2018,11/03/2018,Number of Complaints,2019,,
05/03/2018,11/03/2018,"Avg Complaints Per Year along Date From, Date To",2019,,192.923076923
05/03/2018,11/03/2018,"Upper Limit along Date From, Date To",2019,,268.993894132
05/03/2018,11/03/2018,"Lower Limit along Date From, Date To",2019,,116.852259715
05/03/2018,11/03/2018,Number of Complaints,2020,,
05/03/2018,11/03/2018,"Avg Complaints Per Year along Date From, Date To",2020,,194.512195122
05/03/2018,11/03/2018,"Upper Limit along Date From, Date To",2020,,343.929245280
05/03/2018,11/03/2018,"Lower Limit along Date From, Date To",2020,,45.095144964
12/03/2018,18/03/2018,Number of Complaints,2016,,
12/03/2018,18/03/2018,"Avg Complaints Per Year along Date From, Date To",2016,,137.596153846
12/03/2018,18/03/2018,"Upper Limit along Date From, Date To",2016,,219.471079151
12/03/2018,18/03/2018,"Lower Limit along Date From, Date To",2016,,55.721228541
12/03/2018,18/03/2018,Number of Complaints,2017,,
12/03/2018,18/03/2018,"Avg Complaints Per Year along Date From, Date To",2017,,184.442307692
12/03/2018,18/03/2018,"Upper Limit along Date From, Date To",2017,,306.413490588
12/03/2018,18/03/2018,"Lower Limit along Date From, Date To",2017,,62.471124796
12/03/2018,18/03/2018,Number of Complaints,2018,True,213
12/03/2018,18/03/2018,"Avg Complaints Per Year along Date From, Date To",2018,True,218.660377358
12/03/2018,18/03/2018,"Upper Limit along Date From, Date To",2018,True,358.944085849
12/03/2018,18/03/2018,"Lower Limit along Date From, Date To",2018,True,78.376668868
12/03/2018,18/03/2018,Number of Complaints,2019,,
12/03/2018,18/03/2018,"Avg Complaints Per Year along Date From, Date To",2019,,192.923076923
12/03/2018,18/03/2018,"Upper Limit along Date From, Date To",2019,,268.993894132
12/03/2018,18/03/2018,"Lower Limit along Date From, Date To",2019,,116.852259715
12/03/2018,18/03/2018,Number of Complaints,2020,,
12/03/2018,18/03/2018,"Avg Complaints Per Year along Date From, Date To",2020,,194.512195122
12/03/2018,18/03/2018,"Upper Limit along Date From, Date To",2020,,343.929245280
12/03/2018,18/03/2018,"Lower Limit along Date From, Date To",2020,,45.095144964
19/03/2018,25/03/2018,Number of Complaints,2016,,
19/03/2018,25/03/2018,"Avg Complaints Per Year along Date From, Date To",2016,,137.596153846
19/03/2018,25/03/2018,"Upper Limit along Date From, Date To",2016,,219.471079151
19/03/2018,25/03/2018,"Lower Limit along Date From, Date To",2016,,55.721228541
19/03/2018,25/03/2018,Number of Complaints,2017,,
19/03/2018,25/03/2018,"Avg Complaints Per Year along Date From, Date To",2017,,184.442307692
19/03/2018,25/03/2018,"Upper Limit along Date From, Date To",2017,,306.413490588
19/03/2018,25/03/2018,"Lower Limit along Date From, Date To",2017,,62.471124796
19/03/2018,25/03/2018,Number of Complaints,2018,True,245
19/03/2018,25/03/2018,"Avg Complaints Per Year along Date From, Date To",2018,True,218.660377358
19/03/2018,25/03/2018,"Upper Limit along Date From, Date To",2018,True,358.944085849
19/03/2018,25/03/2018,"Lower Limit along Date From, Date To",2018,True,78.376668868
19/03/2018,25/03/2018,Number of Complaints,2019,,
19/03/2018,25/03/2018,"Avg Complaints Per Year along Date From, Date To",2019,,192.923076923
19/03/2018,25/03/2018,"Upper Limit along Date From, Date To",2019,,268.993894132
19/03/2018,25/03/2018,"Lower Limit along Date From, Date To",2019,,116.852259715
19/03/2018,25/03/2018,Number of Complaints,2020,,
19/03/2018,25/03/2018,"Avg Complaints Per Year along Date From, Date To",2020,,194.512195122
19/03/2018,25/03/2018,"Upper Limit along Date From, Date To",2020,,343.929245280
19/03/2018,25/03/2018,"Lower Limit along Date From, Date To",2020,,45.095144964
26/03/2018,01/04/2018,Number of Complaints,2016,,
26/03/2018,01/04/2018,"Avg Complaints Per Year along Date From, Date To",2016,,137.596153846
26/03/2018,01/04/2018,"Upper Limit along Date From, Date To",2016,,219.471079151
26/03/2018,01/04/2018,"Lower Limit along Date From, Date To",2016,,55.721228541
26/03/2018,01/04/2018,Number of Complaints,2017,,
26/03/2018,01/04/2018,"Avg Complaints Per Year along Date From, Date To",2017,,184.442307692
26/03/2018,01/04/2018,"Upper Limit along Date From, Date To",2017,,306.413490588
26/03/2018,01/04/2018,"Lower Limit along Date From, Date To",2017,,62.471124796
26/03/2018,01/04/2018,Number of Complaints,2018,True,245
26/03/2018,01/04/2018,"Avg Complaints Per Year along Date From, Date To",2018,True,218.660377358
26/03/2018,01/04/2018,"Upper Limit along Date From, Date To",2018,True,358.944085849
26/03/2018,01/04/2018,"Lower Limit along Date From, Date To",2018,True,78.376668868
26/03/2018,01/04/2018,Number of Complaints,2019,,
26/03/2018,01/04/2018,"Avg Complaints Per Year along Date From, Date To",2019,,192.923076923
26/03/2018,01/04/2018,"Upper Limit along Date From, Date To",2019,,268.993894132
26/03/2018,01/04/2018,"Lower Limit along Date From, Date To",2019,,116.852259715
26/03/2018,01/04/2018,Number of Complaints,2020,,
26/03/2018,01/04/2018,"Avg Complaints Per Year along Date From, Date To",2020,,194.512195122
26/03/2018,01/04/2018,"Upper Limit along Date From, Date To",2020,,343.929245280
26/03/2018,01/04/2018,"Lower Limit along Date From, Date To",2020,,45.095144964
02/04/2018,08/04/2018,Number of Complaints,2016,,
02/04/2018,08/04/2018,"Avg Complaints Per Year along Date From, Date To",2016,,137.596153846
02/04/2018,08/04/2018,"Upper Limit along Date From, Date To",2016,,219.471079151
02/04/2018,08/04/2018,"Lower Limit along Date From, Date To",2016,,55.721228541
02/04/2018,08/04/2018,Number of Complaints,2017,,
02/04/2018,08/04/2018,"Avg Complaints Per Year along Date From, Date To",2017,,184.442307692
02/04/2018,08/04/2018,"Upper Limit along Date From, Date To",2017,,306.413490588
02/04/2018,08/04/2018,"Lower Limit along Date From, Date To",2017,,62.471124796
02/04/2018,08/04/2018,Number of Complaints,2018,False,484
02/04/2018,08/04/2018,"Avg Complaints Per Year along Date From, Date To",2018,False,218.660377358
02/04/2018,08/04/2018,"Upper Limit along Date From, Date To",2018,False,358.944085849
02/04/2018,08/04/2018,"Lower Limit along Date From, Date To",2018,False,78.376668868
02/04/2018,08/04/2018,Number of Complaints,2019,,
02/04/2018,08/04/2018,"Avg Complaints Per Year along Date From, Date To",2019,,192.923076923
02/04/2018,08/04/2018,"Upper Limit along Date From, Date To",2019,,268.993894132
02/04/2018,08/04/2018,"Lower Limit along Date From, Date To",2019,,116.852259715
02/04/2018,08/04/2018,Number of Complaints,2020,,
02/04/2018,08/04/2018,"Avg Complaints Per Year along Date From, Date To",2020,,194.512195122
02/04/2018,08/04/2018,"Upper Limit along Date From, Date To",2020,,343.929245280
02/04/2018,08/04/2018,"Lower Limit along Date From, Date To",2020,,45.095144964
09/04/2018,15/04/2018,Number of Complaints,2016,,
09/04/2018,15/04/2018,"Avg Complaints Per Year along Date From, Date To",2016,,137.596153846
09/04/2018,15/04/2018,"Upper Limit along Date From, Date To",2016,,219.471079151
09/04/2018,15/04/2018,"Lower Limit along Date From, Date To",2016,,55.721228541
09/04/2018,15/04/2018,Number of Complaints,2017,,
09/04/2018,15/04/2018,"Avg Complaints Per Year along Date From, Date To",2017,,184.442307692
09/04/2018,15/04/2018,"Upper Limit along Date From, Date To",2017,,306.413490588
09/04/2018,15/04/2018,"Lower Limit along Date From, Date To",2017,,62.471124796
09/04/2018,15/04/2018,Number of Complaints,2018,True,216
09/04/2018,15/04/2018,"Avg Complaints Per Year along Date From, Date To",2018,True,218.660377358
09/04/2018,15/04/2018,"Upper Limit along Date From, Date To",2018,True,358.944085849
09/04/2018,15/04/2018,"Lower Limit along Date From, Date To",2018,True,78.376668868
09/04/2018,15/04/2018,Number of Complaints,2019,,
09/04/2018,15/04/2018,"Avg Complaints Per Year along Date From, Date To",2019,,192.923076923
09/04/2018,15/04/2018,"Upper Limit along Date From, Date To",2019,,268.993894132
09/04/2018,15/04/2018,"Lower Limit along Date From, Date To",2019,,116.852259715
09/04/2018,15/04/2018,Number of Complaints,2020,,
09/04/2018,15/04/2018,"Avg Complaints Per Year along Date From, Date To",2020,,194.512195122
09/04/2018,15/04/2018,"Upper Limit along Date From, Date To",2020,,343.929245280
09/04/2018,15/04/2018,"Lower Limit along Date From, Date To",2020,,45.095144964
16/04/2018,22/04/2018,Number of Complaints,2016,,
16/04/2018,22/04/2018,"Avg Complaints Per Year along Date From, Date To",2016,,137.596153846
16/04/2018,22/04/2018,"Upper Limit along Date From, Date To",2016,,219.471079151
16/04/2018,22/04/2018,"Lower Limit along Date From, Date To",2016,,55.721228541
16/04/2018,22/04/2018,Number of Complaints,2017,,
16/04/2018,22/04/2018,"Avg Complaints Per Year along Date From, Date To",2017,,184.442307692
16/04/2018,22/04/2018,"Upper Limit along Date From, Date To",2017,,306.413490588
16/04/2018,22/04/2018,"Lower Limit along Date From, Date To",2017,,62.471124796
16/04/2018,22/04/2018,Number of Complaints,2018,True,288
16/04/2018,22/04/2018,"Avg Complaints Per Year along Date From, Date To",2018,True,218.660377358
16/04/2018,22/04/2018,"Upper Limit along Date From, Date To",2018,True,358.944085849
16/04/2018,22/04/2018,"Lower Limit along Date From, Date To",2018,True,78.376668868
16/04/2018,22/04/2018,Number of Complaints,2019,,
16/04/2018,22/04/2018,"Avg Complaints Per Year along Date From, Date To",2019,,192.923076923
16/04/2018,22/04/2018,"Upper Limit along Date From, Date To",2019,,268.993894132
16/04/2018,22/04/2018,"Lower Limit along Date From, Date To",2019,,116.852259715
16/04/2018,22/04/2018,Number of Complaints,2020,,
16/04/2018,22/04/2018,"Avg Complaints Per Year along Date From, Date To",2020,,194.512195122
16/04/2018,22/04/2018,"Upper Limit along Date From, Date To",2020,,343.929245280
16/04/2018,22/04/2018,"Lower Limit along Date From, Date To",2020,,45.095144964
23/04/2018,29/04/2018,Number of Complaints,2016,,
23/04/2018,29/04/2018,"Avg Complaints Per Year along Date From, Date To",2016,,137.596153846
23/04/2018,29/04/2018,"Upper Limit along Date From, Date To",2016,,219.471079151
23/04/2018,29/04/2018,"Lower Limit along Date From, Date To",2016,,55.721228541
23/04/2018,29/04/2018,Number of Complaints,2017,,
23/04/2018,29/04/2018,"Avg Complaints Per Year along Date From, Date To",2017,,184.442307692
23/04/2018,29/04/2018,"Upper Limit along Date From, Date To",2017,,306.413490588
23/04/2018,29/04/2018,"Lower Limit along Date From, Date To",2017,,62.471124796
23/04/2018,29/04/2018,Number of Complaints,2018,True,277
23/04/2018,29/04/2018,"Avg Complaints Per Year along Date From, Date To",2018,True,218.660377358
23/04/2018,29/04/2018,"Upper Limit along Date From, Date To",2018,True,358.944085849
23/04/2018,29/04/2018,"Lower Limit along Date From, Date To",2018,True,78.376668868
23/04/2018,29/04/2018,Number of Complaints,2019,,
23/04/2018,29/04/2018,"Avg Complaints Per Year along Date From, Date To",2019,,192.923076923
23/04/2018,29/04/2018,"Upper Limit along Date From, Date To",2019,,268.993894132
23/04/2018,29/04/2018,"Lower Limit along Date From, Date To",2019,,116.852259715
23/04/2018,29/04/2018,Number of Complaints,2020,,
23/04/2018,29/04/2018,"Avg Complaints Per Year along Date From, Date To",2020,,194.512195122
23/04/2018,29/04/2018,"Upper Limit along Date From, Date To",2020,,343.929245280
23/04/2018,29/04/2018,"Lower Limit along Date From, Date To",2020,,45.095144964
30/04/2018,06/05/2018,Number of Complaints,2016,,
30/04/2018,06/05/2018,"Avg Complaints Per Year along Date From, Date To",2016,,137.596153846
30/04/2018,06/05/2018,"Upper Limit along Date From, Date To",2016,,219.471079151
30/04/2018,06/05/2018,"Lower Limit along Date From, Date To",2016,,55.721228541
30/04/2018,06/05/2018,Number of Complaints,2017,,
30/04/2018,06/05/2018,"Avg Complaints Per Year along Date From, Date To",2017,,184.442307692
30/04/2018,06/05/2018,"Upper Limit along Date From, Date To",2017,,306.413490588
30/04/2018,06/05/2018,"Lower Limit along Date From, Date To",2017,,62.471124796
30/04/2018,06/05/2018,Number of Complaints,2018,True,255
30/04/2018,06/05/2018,"Avg Complaints Per Year along Date From, Date To",2018,True,218.660377358
30/04/2018,06/05/2018,"Upper Limit along Date From, Date To",2018,True,358.944085849
30/04/2018,06/05/2018,"Lower Limit along Date From, Date To",2018,True,78.376668868
30/04/2018,06/05/2018,Number of Complaints,2019,,
30/04/2018,06/05/2018,"Avg Complaints Per Year along Date From, Date To",2019,,192.923076923
30/04/2018,06/05/2018,"Upper Limit along Date From, Date To",2019,,268.993894132
30/04/2018,06/05/2018,"Lower Limit along Date From, Date To",2019,,116.852259715
30/04/2018,06/05/2018,Number of Complaints,2020,,
30/04/2018,06/05/2018,"Avg Complaints Per Year along Date From, Date To",2020,,194.512195122
30/04/2018,06/05/2018,"Upper Limit along Date From, Date To",2020,,343.929245280
30/04/2018,06/05/2018,"Lower Limit along Date From, Date To",2020,,45.095144964
07/05/2018,13/05/2018,Number of Complaints,2016,,
07/05/2018,13/05/2018,"Avg Complaints Per Year along Date From, Date To",2016,,137.596153846
07/05/2018,13/05/2018,"Upper Limit along Date From, Date To",2016,,219.471079151
07/05/2018,13/05/2018,"Lower Limit along Date From, Date To",2016,,55.721228541
07/05/2018,13/05/2018,Number of Complaints,2017,,
07/05/2018,13/05/2018,"Avg Complaints Per Year along Date From, Date To",2017,,184.442307692
07/05/2018,13/05/2018,"Upper Limit along Date From, Date To",2017,,306.413490588
07/05/2018,13/05/2018,"Lower Limit along Date From, Date To",2017,,62.471124796
07/05/2018,13/05/2018,Number of Complaints,2018,True,273
07/05/2018,13/05/2018,"Avg Complaints Per Year along Date From, Date To",2018,True,218.660377358
07/05/2018,13/05/2018,"Upper Limit along Date From, Date To",2018,True,358.944085849
07/05/2018,13/05/2018,"Lower Limit along Date From, Date To",2018,True,78.376668868
07/05/2018,13/05/2018,Number of Complaints,2019,,
07/05/2018,13/05/2018,"Avg Complaints Per Year along Date From, Date To",2019,,192.923076923
07/05/2018,13/05/2018,"Upper Limit along Date From, Date To",2019,,268.993894132
07/05/2018,13/05/2018,"Lower Limit along Date From, Date To",2019,,116.852259715
07/05/2018,13/05/2018,Number of Complaints,2020,,
07/05/2018,13/05/2018,"Avg Complaints Per Year along Date From, Date To",2020,,194.512195122
07/05/2018,13/05/2018,"Upper Limit along Date From, Date To",2020,,343.929245280
07/05/2018,13/05/2018,"Lower Limit along Date From, Date To",2020,,45.095144964
14/05/2018,20/05/2018,Number of Complaints,2016,,
14/05/2018,20/05/2018,"Avg Complaints Per Year along Date From, Date To",2016,,137.596153846
14/05/2018,20/05/2018,"Upper Limit along Date From, Date To",2016,,219.471079151
14/05/2018,20/05/2018,"Lower Limit along Date From, Date To",2016,,55.721228541
14/05/2018,20/05/2018,Number of Complaints,2017,,
14/05/2018,20/05/2018,"Avg Complaints Per Year along Date From, Date To",2017,,184.442307692
14/05/2018,20/05/2018,"Upper Limit along Date From, Date To",2017,,306.413490588
14/05/2018,20/05/2018,"Lower Limit along Date From, Date To",2017,,62.471124796
14/05/2018,20/05/2018,Number of Complaints,2018,True,245
14/05/2018,20/05/2018,"Avg Complaints Per Year along Date From, Date To",2018,True,218.660377358
14/05/2018,20/05/2018,"Upper Limit along Date From, Date To",2018,True,358.944085849
14/05/2018,20/05/2018,"Lower Limit along Date From, Date To",2018,True,78.376668868
14/05/2018,20/05/2018,Number of Complaints,2019,,
14/05/2018,20/05/2018,"Avg Complaints Per Year along Date From, Date To",2019,,192.923076923
14/05/2018,20/05/2018,"Upper Limit along Date From, Date To",2019,,268.993894132
14/05/2018,20/05/2018,"Lower Limit along Date From, Date To",2019,,116.852259715
14/05/2018,20/05/2018,Number of Complaints,2020,,
14/05/2018,20/05/2018,"Avg Complaints Per Year along Date From, Date To",2020,,194.512195122
14/05/2018,20/05/2018,"Upper Limit along Date From, Date To",2020,,343.929245280
14/05/2018,20/05/2018,"Lower Limit along Date From, Date To",2020,,45.095144964
21/05/2018,27/05/2018,Number of Complaints,2016,,
21/05/2018,27/05/2018,"Avg Complaints Per Year along Date From, Date To",2016,,137.596153846
21/05/2018,27/05/2018,"Upper Limit along Date From, Date To",2016,,219.471079151
21/05/2018,27/05/2018,"Lower Limit along Date From, Date To",2016,,55.721228541
21/05/2018,27/05/2018,Number of Complaints,2017,,
21/05/2018,27/05/2018,"Avg Complaints Per Year along Date From, Date To",2017,,184.442307692
21/05/2018,27/05/2018,"Upper Limit along Date From, Date To",2017,,306.413490588
21/05/2018,27/05/2018,"Lower Limit along Date From, Date To",2017,,62.471124796
21/05/2018,27/05/2018,Number of Complaints,2018,True,245
21/05/2018,27/05/2018,"Avg Complaints Per Year along Date From, Date To",2018,True,218.660377358
21/05/2018,27/05/2018,"Upper Limit along Date From, Date To",2018,True,358.944085849
21/05/2018,27/05/2018,"Lower Limit along Date From, Date To",2018,True,78.376668868
21/05/2018,27/05/2018,Number of Complaints,2019,,
21/05/2018,27/05/2018,"Avg Complaints Per Year along Date From, Date To",2019,,192.923076923
21/05/2018,27/05/2018,"Upper Limit along Date From, Date To",2019,,268.993894132
21/05/2018,27/05/2018,"Lower Limit along Date From, Date To",2019,,116.852259715
21/05/2018,27/05/2018,Number of Complaints,2020,,
21/05/2018,27/05/2018,"Avg Complaints Per Year along Date From, Date To",2020,,194.512195122
21/05/2018,27/05/2018,"Upper Limit along Date From, Date To",2020,,343.929245280
21/05/2018,27/05/2018,"Lower Limit along Date From, Date To",2020,,45.095144964
28/05/2018,03/06/2018,Number of Complaints,2016,,
28/05/2018,03/06/2018,"Avg Complaints Per Year along Date From, Date To",2016,,137.596153846
28/05/2018,03/06/2018,"Upper Limit along Date From, Date To",2016,,219.471079151
28/05/2018,03/06/2018,"Lower Limit along Date From, Date To",2016,,55.721228541
28/05/2018,03/06/2018,Number of Complaints,2017,,
28/05/2018,03/06/2018,"Avg Complaints Per Year along Date From, Date To",2017,,184.442307692
28/05/2018,03/06/2018,"Upper Limit along Date From, Date To",2017,,306.413490588
28/05/2018,03/06/2018,"Lower Limit along Date From, Date To",2017,,62.471124796
28/05/2018,03/06/2018,Number of Complaints,2018,True,194
28/05/2018,03/06/2018,"Avg Complaints Per Year along Date From, Date To",2018,True,218.660377358
28/05/2018,03/06/2018,"Upper Limit along Date From, Date To",2018,True,358.944085849
28/05/2018,03/06/2018,"Lower Limit along Date From, Date To",2018,True,78.376668868
28/05/2018,03/06/2018,Number of Complaints,2019,,
28/05/2018,03/06/2018,"Avg Complaints Per Year along Date From, Date To",2019,,192.923076923
28/05/2018,03/06/2018,"Upper Limit along Date From, Date To",2019,,268.993894132
28/05/2018,03/06/2018,"Lower Limit along Date From, Date To",2019,,116.852259715
28/05/2018,03/06/2018,Number of Complaints,2020,,
28/05/2018,03/06/2018,"Avg Complaints Per Year along Date From, Date To",2020,,194.512195122
28/05/2018,03/06/2018,"Upper Limit along Date From, Date To",2020,,343.929245280
28/05/2018,03/06/2018,"Lower Limit along Date From, Date To",2020,,45.095144964
04/06/2018,10/06/2018,Number of Complaints,2016,,
04/06/2018,10/06/2018,"Avg Complaints Per Year along Date From, Date To",2016,,137.596153846
04/06/2018,10/06/2018,"Upper Limit along Date From, Date To",2016,,219.471079151
04/06/2018,10/06/2018,"Lower Limit along Date From, Date To",2016,,55.721228541
04/06/2018,10/06/2018,Number of Complaints,2017,,
04/06/2018,10/06/2018,"Avg Complaints Per Year along Date From, Date To",2017,,184.442307692
04/06/2018,10/06/2018,"Upper Limit along Date From, Date To",2017,,306.413490588
04/06/2018,10/06/2018,"Lower Limit along Date From, Date To",2017,,62.471124796
04/06/2018,10/06/2018,Number of Complaints,2018,True,240
04/06/2018,10/06/2018,"Avg Complaints Per Year along Date From, Date To",2018,True,218.660377358
04/06/2018,10/06/2018,"Upper Limit along Date From, Date To",2018,True,358.944085849
04/06/2018,10/06/2018,"Lower Limit along Date From, Date To",2018,True,78.376668868
04/06/2018,10/06/2018,Number of Complaints,2019,,
04/06/2018,10/06/2018,"Avg Complaints Per Year along Date From, Date To",2019,,192.923076923
04/06/2018,10/06/2018,"Upper Limit along Date From, Date To",2019,,268.993894132
04/06/2018,10/06/2018,"Lower Limit along Date From, Date To",2019,,116.852259715
04/06/2018,10/06/2018,Number of Complaints,2020,,
04/06/2018,10/06/2018,"Avg Complaints Per Year along Date From, Date To",2020,,194.512195122
04/06/2018,10/06/2018,"Upper Limit along Date From, Date To",2020,,343.929245280
04/06/2018,10/06/2018,"Lower Limit along Date From, Date To",2020,,45.095144964
11/06/2018,17/06/2018,Number of Complaints,2016,,
11/06/2018,17/06/2018,"Avg Complaints Per Year along Date From, Date To",2016,,137.596153846
11/06/2018,17/06/2018,"Upper Limit along Date From, Date To",2016,,219.471079151
11/06/2018,17/06/2018,"Lower Limit along Date From, Date To",2016,,55.721228541
11/06/2018,17/06/2018,Number of Complaints,2017,,
11/06/2018,17/06/2018,"Avg Complaints Per Year along Date From, Date To",2017,,184.442307692
11/06/2018,17/06/2018,"Upper Limit along Date From, Date To",2017,,306.413490588
11/06/2018,17/06/2018,"Lower Limit along Date From, Date To",2017,,62.471124796
11/06/2018,17/06/2018,Number of Complaints,2018,True,206
11/06/2018,17/06/2018,"Avg Complaints Per Year along Date From, Date To",2018,True,218.660377358
11/06/2018,17/06/2018,"Upper Limit along Date From, Date To",2018,True,358.944085849
11/06/2018,17/06/2018,"Lower Limit along Date From, Date To",2018,True,78.376668868
11/06/2018,17/06/2018,Number of Complaints,2019,,
11/06/2018,17/06/2018,"Avg Complaints Per Year along Date From, Date To",2019,,192.923076923
11/06/2018,17/06/2018,"Upper Limit along Date From, Date To",2019,,268.993894132
11/06/2018,17/06/2018,"Lower Limit along Date From, Date To",2019,,116.852259715
11/06/2018,17/06/2018,Number of Complaints,2020,,
11/06/2018,17/06/2018,"Avg Complaints Per Year along Date From, Date To",2020,,194.512195122
11/06/2018,17/06/2018,"Upper Limit along Date From, Date To",2020,,343.929245280
11/06/2018,17/06/2018,"Lower Limit along Date From, Date To",2020,,45.095144964
18/06/2018,24/06/2018,Number of Complaints,2016,,
18/06/2018,24/06/2018,"Avg Complaints Per Year along Date From, Date To",2016,,137.596153846
18/06/2018,24/06/2018,"Upper Limit along Date From, Date To",2016,,219.471079151
18/06/2018,24/06/2018,"Lower Limit along Date From, Date To",2016,,55.721228541
18/06/2018,24/06/2018,Number of Complaints,2017,,
18/06/2018,24/06/2018,"Avg Complaints Per Year along Date From, Date To",2017,,184.442307692
18/06/2018,24/06/2018,"Upper Limit along Date From, Date To",2017,,306.413490588
18/06/2018,24/06/2018,"Lower Limit along Date From, Date To",2017,,62.471124796
18/06/2018,24/06/2018,Number of Complaints,2018,True,174
18/06/2018,24/06/2018,"Avg Complaints Per Year along Date From, Date To",2018,True,218.660377358
18/06/2018,24/06/2018,"Upper Limit along Date From, Date To",2018,True,358.944085849
18/06/2018,24/06/2018,"Lower Limit along Date From, Date To",2018,True,78.376668868
18/06/2018,24/06/2018,Number of Complaints,2019,,
18/06/2018,24/06/2018,"Avg Complaints Per Year along Date From, Date To",2019,,192.923076923
18/06/2018,24/06/2018,"Upper Limit along Date From, Date To",2019,,268.993894132
18/06/2018,24/06/2018,"Lower Limit along Date From, Date To",2019,,116.852259715
18/06/2018,24/06/2018,Number of Complaints,2020,,
18/06/2018,24/06/2018,"Avg Complaints Per Year along Date From, Date To",2020,,194.512195122
18/06/2018,24/06/2018,"Upper Limit along Date From, Date To",2020,,343.929245280
18/06/2018,24/06/2018,"Lower Limit along Date From, Date To",2020,,45.095144964
25/06/2018,01/07/2018,Number of Complaints,2016,,
25/06/2018,01/07/2018,"Avg Complaints Per Year along Date From, Date To",2016,,137.596153846
25/06/2018,01/07/2018,"Upper Limit along Date From, Date To",2016,,219.471079151
25/06/2018,01/07/2018,"Lower Limit along Date From, Date To",2016,,55.721228541
25/06/2018,01/07/2018,Number of Complaints,2017,,
25/06/2018,01/07/2018,"Avg Complaints Per Year along Date From, Date To",2017,,184.442307692
25/06/2018,01/07/2018,"Upper Limit along Date From, Date To",2017,,306.413490588
25/06/2018,01/07/2018,"Lower Limit along Date From, Date To",2017,,62.471124796
25/06/2018,01/07/2018,Number of Complaints,2018,True,213
25/06/2018,01/07/2018,"Avg Complaints Per Year along Date From, Date To",2018,True,218.660377358
25/06/2018,01/07/2018,"Upper Limit along Date From, Date To",2018,True,358.944085849
25/06/2018,01/07/2018,"Lower Limit along Date From, Date To",2018,True,78.376668868
25/06/2018,01/07/2018,Number of Complaints,2019,,
25/06/2018,01/07/2018,"Avg Complaints Per Year along Date From, Date To",2019,,192.923076923
25/06/2018,01/07/2018,"Upper Limit along Date From, Date To",2019,,268.993894132
25/06/2018,01/07/2018,"Lower Limit along Date From, Date To",2019,,116.852259715
25/06/2018,01/07/2018,Number of Complaints,2020,,
25/06/2018,01/07/2018,"Avg Complaints Per Year along Date From, Date To",2020,,194.512195122
25/06/2018,01/07/2018,"Upper Limit along Date From, Date To",2020,,343.929245280
25/06/2018,01/07/2018,"Lower Limit along Date From, Date To",2020,,45.095144964
02/07/2018,08/07/2018,Number of Complaints,2016,,
02/07/2018,08/07/2018,"Avg Complaints Per Year along Date From, Date To",2016,,137.596153846
02/07/2018,08/07/2018,"Upper Limit along Date From, Date To",2016,,219.471079151
02/07/2018,08/07/2018,"Lower Limit along Date From, Date To",2016,,55.721228541
02/07/2018,08/07/2018,Number of Complaints,2017,,
02/07/2018,08/07/2018,"Avg Complaints Per Year along Date From, Date To",2017,,184.442307692
02/07/2018,08/07/2018,"Upper Limit along Date From, Date To",2017,,306.413490588
02/07/2018,08/07/2018,"Lower Limit along Date From, Date To",2017,,62.471124796
02/07/2018,08/07/2018,Number of Complaints,2018,True,201
02/07/2018,08/07/2018,"Avg Complaints Per Year along Date From, Date To",2018,True,218.660377358
02/07/2018,08/07/2018,"Upper Limit along Date From, Date To",2018,True,358.944085849
02/07/2018,08/07/2018,"Lower Limit along Date From, Date To",2018,True,78.376668868
02/07/2018,08/07/2018,Number of Complaints,2019,,
02/07/2018,08/07/2018,"Avg Complaints Per Year along Date From, Date To",2019,,192.923076923
02/07/2018,08/07/2018,"Upper Limit along Date From, Date To",2019,,268.993894132
02/07/2018,08/07/2018,"Lower Limit along Date From, Date To",2019,,116.852259715
02/07/2018,08/07/2018,Number of Complaints,2020,,
02/07/2018,08/07/2018,"Avg Complaints Per Year along Date From, Date To",2020,,194.512195122
02/07/2018,08/07/2018,"Upper Limit along Date From, Date To",2020,,343.929245280
02/07/2018,08/07/2018,"Lower Limit along Date From, Date To",2020,,45.095144964
09/07/2018,15/07/2018,Number of Complaints,2016,,
09/07/2018,15/07/2018,"Avg Complaints Per Year along Date From, Date To",2016,,137.596153846
09/07/2018,15/07/2018,"Upper Limit along Date From, Date To",2016,,219.471079151
09/07/2018,15/07/2018,"Lower Limit along Date From, Date To",2016,,55.721228541
09/07/2018,15/07/2018,Number of Complaints,2017,,
09/07/2018,15/07/2018,"Avg Complaints Per Year along Date From, Date To",2017,,184.442307692
09/07/2018,15/07/2018,"Upper Limit along Date From, Date To",2017,,306.413490588
09/07/2018,15/07/2018,"Lower Limit along Date From, Date To",2017,,62.471124796
09/07/2018,15/07/2018,Number of Complaints,2018,True,209
09/07/2018,15/07/2018,"Avg Complaints Per Year along Date From, Date To",2018,True,218.660377358
09/07/2018,15/07/2018,"Upper Limit along Date From, Date To",2018,True,358.944085849
09/07/2018,15/07/2018,"Lower Limit along Date From, Date To",2018,True,78.376668868
09/07/2018,15/07/2018,Number of Complaints,2019,,
09/07/2018,15/07/2018,"Avg Complaints Per Year along Date From, Date To",2019,,192.923076923
09/07/2018,15/07/2018,"Upper Limit along Date From, Date To",2019,,268.993894132
09/07/2018,15/07/2018,"Lower Limit along Date From, Date To",2019,,116.852259715
09/07/2018,15/07/2018,Number of Complaints,2020,,
09/07/2018,15/07/2018,"Avg Complaints Per Year along Date From, Date To",2020,,194.512195122
09/07/2018,15/07/2018,"Upper Limit along Date From, Date To",2020,,343.929245280
09/07/2018,15/07/2018,"Lower Limit along Date From, Date To",2020,,45.095144964
16/07/2018,22/07/2018,Number of Complaints,2016,,
16/07/2018,22/07/2018,"Avg Complaints Per Year along Date From, Date To",2016,,137.596153846
16/07/2018,22/07/2018,"Upper Limit along Date From, Date To",2016,,219.471079151
16/07/2018,22/07/2018,"Lower Limit along Date From, Date To",2016,,55.721228541
16/07/2018,22/07/2018,Number of Complaints,2017,,
16/07/2018,22/07/2018,"Avg Complaints Per Year along Date From, Date To",2017,,184.442307692
16/07/2018,22/07/2018,"Upper Limit along Date From, Date To",2017,,306.413490588
16/07/2018,22/07/2018,"Lower Limit along Date From, Date To",2017,,62.471124796
16/07/2018,22/07/2018,Number of Complaints,2018,True,228
16/07/2018,22/07/2018,"Avg Complaints Per Year along Date From, Date To",2018,True,218.660377358
16/07/2018,22/07/2018,"Upper Limit along Date From, Date To",2018,True,358.944085849
16/07/2018,22/07/2018,"Lower Limit along Date From, Date To",2018,True,78.376668868
16/07/2018,22/07/2018,Number of Complaints,2019,,
16/07/2018,22/07/2018,"Avg Complaints Per Year along Date From, Date To",2019,,192.923076923
16/07/2018,22/07/2018,"Upper Limit along Date From, Date To",2019,,268.993894132
16/07/2018,22/07/2018,"Lower Limit along Date From, Date To",2019,,116.852259715
16/07/2018,22/07/2018,Number of Complaints,2020,,
16/07/2018,22/07/2018,"Avg Complaints Per Year along Date From, Date To",2020,,194.512195122
16/07/2018,22/07/2018,"Upper Limit along Date From, Date To",2020,,343.929245280
16/07/2018,22/07/2018,"Lower Limit along Date From, Date To",2020,,45.095144964
23/07/2018,29/07/2018,Number of Complaints,2016,,
23/07/2018,29/07/2018,"Avg Complaints Per Year along Date From, Date To",2016,,137.596153846
23/07/2018,29/07/2018,"Upper Limit along Date From, Date To",2016,,219.471079151
23/07/2018,29/07/2018,"Lower Limit along Date From, Date To",2016,,55.721228541
23/07/2018,29/07/2018,Number of Complaints,2017,,
23/07/2018,29/07/2018,"Avg Complaints Per Year along Date From, Date To",2017,,184.442307692
23/07/2018,29/07/2018,"Upper Limit along Date From, Date To",2017,,306.413490588
23/07/2018,29/07/2018,"Lower Limit along Date From, Date To",2017,,62.471124796
23/07/2018,29/07/2018,Number of Complaints,2018,True,239
23/07/2018,29/07/2018,"Avg Complaints Per Year along Date From, Date To",2018,True,218.660377358
23/07/2018,29/07/2018,"Upper Limit along Date From, Date To",2018,True,358.944085849
23/07/2018,29/07/2018,"Lower Limit along Date From, Date To",2018,True,78.376668868
23/07/2018,29/07/2018,Number of Complaints,2019,,
23/07/2018,29/07/2018,"Avg Complaints Per Year along Date From, Date To",2019,,192.923076923
23/07/2018,29/07/2018,"Upper Limit along Date From, Date To",2019,,268.993894132
23/07/2018,29/07/2018,"Lower Limit along Date From, Date To",2019,,116.852259715
23/07/2018,29/07/2018,Number of Complaints,2020,,
23/07/2018,29/07/2018,"Avg Complaints Per Year along Date From, Date To",2020,,194.512195122
23/07/2018,29/07/2018,"Upper Limit along Date From, Date To",2020,,343.929245280
23/07/2018,29/07/2018,"Lower Limit along Date From, Date To",2020,,45.095144964
30/07/2018,05/08/2018,Number of Complaints,2016,,
30/07/2018,05/08/2018,"Avg Complaints Per Year along Date From, Date To",2016,,137.596153846
30/07/2018,05/08/2018,"Upper Limit along Date From, Date To",2016,,219.471079151
30/07/2018,05/08/2018,"Lower Limit along Date From, Date To",2016,,55.721228541
30/07/2018,05/08/2018,Number of Complaints,2017,,
30/07/2018,05/08/2018,"Avg Complaints Per Year along Date From, Date To",2017,,184.442307692
30/07/2018,05/08/2018,"Upper Limit along Date From, Date To",2017,,306.413490588
30/07/2018,05/08/2018,"Lower Limit along Date From, Date To",2017,,62.471124796
30/07/2018,05/08/2018,Number of Complaints,2018,True,238
30/07/2018,05/08/2018,"Avg Complaints Per Year along Date From, Date To",2018,True,218.660377358
30/07/2018,05/08/2018,"Upper Limit along Date From, Date To",2018,True,358.944085849
30/07/2018,05/08/2018,"Lower Limit along Date From, Date To",2018,True,78.376668868
30/07/2018,05/08/2018,Number of Complaints,2019,,
30/07/2018,05/08/2018,"Avg Complaints Per Year along Date From, Date To",2019,,192.923076923
30/07/2018,05/08/2018,"Upper Limit along Date From, Date To",2019,,268.993894132
30/07/2018,05/08/2018,"Lower Limit along Date From, Date To",2019,,116.852259715
30/07/2018,05/08/2018,Number of Complaints,2020,,
30/07/2018,05/08/2018,"Avg Complaints Per Year along Date From, Date To",2020,,194.512195122
30/07/2018,05/08/2018,"Upper Limit along Date From, Date To",2020,,343.929245280
30/07/2018,05/08/2018,"Lower Limit along Date From, Date To",2020,,45.095144964
06/08/2018,12/08/2018,Number of Complaints,2016,,
06/08/2018,12/08/2018,"Avg Complaints Per Year along Date From, Date To",2016,,137.596153846
06/08/2018,12/08/2018,"Upper Limit along Date From, Date To",2016,,219.471079151
06/08/2018,12/08/2018,"Lower Limit along Date From, Date To",2016,,55.721228541
06/08/2018,12/08/2018,Number of Complaints,2017,,
06/08/2018,12/08/2018,"Avg Complaints Per Year along Date From, Date To",2017,,184.442307692
06/08/2018,12/08/2018,"Upper Limit along Date From, Date To",2017,,306.413490588
06/08/2018,12/08/2018,"Lower Limit along Date From, Date To",2017,,62.471124796
06/08/2018,12/08/2018,Number of Complaints,2018,True,223
06/08/2018,12/08/2018,"Avg Complaints Per Year along Date From, Date To",2018,True,218.660377358
06/08/2018,12/08/2018,"Upper Limit along Date From, Date To",2018,True,358.944085849
06/08/2018,12/08/2018,"Lower Limit along Date From, Date To",2018,True,78.376668868
06/08/2018,12/08/2018,Number of Complaints,2019,,
06/08/2018,12/08/2018,"Avg Complaints Per Year along Date From, Date To",2019,,192.923076923
06/08/2018,12/08/2018,"Upper Limit along Date From, Date To",2019,,268.993894132
06/08/2018,12/08/2018,"Lower Limit along Date From, Date To",2019,,116.852259715
06/08/2018,12/08/2018,Number of Complaints,2020,,
06/08/2018,12/08/2018,"Avg Complaints Per Year along Date From, Date To",2020,,194.512195122
06/08/2018,12/08/2018,"Upper Limit along Date From, Date To",2020,,343.929245280
06/08/2018,12/08/2018,"Lower Limit along Date From, Date To",2020,,45.095144964
13/08/2018,19/08/2018,Number of Complaints,2016,,
13/08/2018,19/08/2018,"Avg Complaints Per Year along Date From, Date To",2016,,137.596153846
13/08/2018,19/08/2018,"Upper Limit along Date From, Date To",2016,,219.471079151
13/08/2018,19/08/2018,"Lower Limit along Date From, Date To",2016,,55.721228541
13/08/2018,19/08/2018,Number of Complaints,2017,,
13/08/2018,19/08/2018,"Avg Complaints Per Year along Date From, Date To",2017,,184.442307692
13/08/2018,19/08/2018,"Upper Limit along Date From, Date To",2017,,306.413490588
13/08/2018,19/08/2018,"Lower Limit along Date From, Date To",2017,,62.471124796
13/08/2018,19/08/2018,Number of Complaints,2018,True,201
13/08/2018,19/08/2018,"Avg Complaints Per Year along Date From, Date To",2018,True,218.660377358
13/08/2018,19/08/2018,"Upper Limit along Date From, Date To",2018,True,358.944085849
13/08/2018,19/08/2018,"Lower Limit along Date From, Date To",2018,True,78.376668868
13/08/2018,19/08/2018,Number of Complaints,2019,,
13/08/2018,19/08/2018,"Avg Complaints Per Year along Date From, Date To",2019,,192.923076923
13/08/2018,19/08/2018,"Upper Limit along Date From, Date To",2019,,268.993894132
13/08/2018,19/08/2018,"Lower Limit along Date From, Date To",2019,,116.852259715
13/08/2018,19/08/2018,Number of Complaints,2020,,
13/08/2018,19/08/2018,"Avg Complaints Per Year along Date From, Date To",2020,,194.512195122
13/08/2018,19/08/2018,"Upper Limit along Date From, Date To",2020,,343.929245280
13/08/2018,19/08/2018,"Lower Limit along Date From, Date To",2020,,45.095144964
20/08/2018,26/08/2018,Number of Complaints,2016,,
20/08/2018,26/08/2018,"Avg Complaints Per Year along Date From, Date To",2016,,137.596153846
20/08/2018,26/08/2018,"Upper Limit along Date From, Date To",2016,,219.471079151
20/08/2018,26/08/2018,"Lower Limit along Date From, Date To",2016,,55.721228541
20/08/2018,26/08/2018,Number of Complaints,2017,,
20/08/2018,26/08/2018,"Avg Complaints Per Year along Date From, Date To",2017,,184.442307692
20/08/2018,26/08/2018,"Upper Limit along Date From, Date To",2017,,306.413490588
20/08/2018,26/08/2018,"Lower Limit along Date From, Date To",2017,,62.471124796
20/08/2018,26/08/2018,Number of Complaints,2018,True,217
20/08/2018,26/08/2018,"Avg Complaints Per Year along Date From, Date To",2018,True,218.660377358
20/08/2018,26/08/2018,"Upper Limit along Date From, Date To",2018,True,358.944085849
20/08/2018,26/08/2018,"Lower Limit along Date From, Date To",2018,True,78.376668868
20/08/2018,26/08/2018,Number of Complaints,2019,,
20/08/2018,26/08/2018,"Avg Complaints Per Year along Date From, Date To",2019,,192.923076923
20/08/2018,26/08/2018,"Upper Limit along Date From, Date To",2019,,268.993894132
20/08/2018,26/08/2018,"Lower Limit along Date From, Date To",2019,,116.852259715
20/08/2018,26/08/2018,Number of Complaints,2020,,
20/08/2018,26/08/2018,"Avg Complaints Per Year along Date From, Date To",2020,,194.512195122
20/08/2018,26/08/2018,"Upper Limit along Date From, Date To",2020,,343.929245280
20/08/2018,26/08/2018,"Lower Limit along Date From, Date To",2020,,45.095144964
27/08/2018,02/09/2018,Number of Complaints,2016,,
27/08/2018,02/09/2018,"Avg Complaints Per Year along Date From, Date To",2016,,137.596153846
27/08/2018,02/09/2018,"Upper Limit along Date From, Date To",2016,,219.471079151
27/08/2018,02/09/2018,"Lower Limit along Date From, Date To",2016,,55.721228541
27/08/2018,02/09/2018,Number of Complaints,2017,,
27/08/2018,02/09/2018,"Avg Complaints Per Year along Date From, Date To",2017,,184.442307692
27/08/2018,02/09/2018,"Upper Limit along Date From, Date To",2017,,306.413490588
27/08/2018,02/09/2018,"Lower Limit along Date From, Date To",2017,,62.471124796
27/08/2018,02/09/2018,Number of Complaints,2018,True,217
27/08/2018,02/09/2018,"Avg Complaints Per Year along Date From, Date To",2018,True,218.660377358
27/08/2018,02/09/2018,"Upper Limit along Date From, Date To",2018,True,358.944085849
27/08/2018,02/09/2018,"Lower Limit along Date From, Date To",2018,True,78.376668868
27/08/2018,02/09/2018,Number of Complaints,2019,,
27/08/2018,02/09/2018,"Avg Complaints Per Year along Date From, Date To",2019,,192.923076923
27/08/2018,02/09/2018,"Upper Limit along Date From, Date To",2019,,268.993894132
27/08/2018,02/09/2018,"Lower Limit along Date From, Date To",2019,,116.852259715
27/08/2018,02/09/2018,Number of Complaints,2020,,
27/08/2018,02/09/2018,"Avg Complaints Per Year along Date From, Date To",2020,,194.512195122
27/08/2018,02/09/2018,"Upper Limit along Date From, Date To",2020,,343.929245280
27/08/2018,02/09/2018,"Lower Limit along Date From, Date To",2020,,45.095144964
03/09/2018,09/09/2018,Number of Complaints,2016,,
03/09/2018,09/09/2018,"Avg Complaints Per Year along Date From, Date To",2016,,137.596153846
03/09/2018,09/09/2018,"Upper Limit along Date From, Date To",2016,,219.471079151
03/09/2018,09/09/2018,"Lower Limit along Date From, Date To",2016,,55.721228541
03/09/2018,09/09/2018,Number of Complaints,2017,,
03/09/2018,09/09/2018,"Avg Complaints Per Year along Date From, Date To",2017,,184.442307692
03/09/2018,09/09/2018,"Upper Limit along Date From, Date To",2017,,306.413490588
03/09/2018,09/09/2018,"Lower Limit along Date From, Date To",2017,,62.471124796
03/09/2018,09/09/2018,Number of Complaints,2018,True,243
03/09/2018,09/09/2018,"Avg Complaints Per Year along Date From, Date To",2018,True,218.660377358
03/09/2018,09/09/2018,"Upper Limit along Date From, Date To",2018,True,358.944085849
03/09/2018,09/09/2018,"Lower Limit along Date From, Date To",2018,True,78.376668868
03/09/2018,09/09/2018,Number of Complaints,2019,,
03/09/2018,09/09/2018,"Avg Complaints Per Year along Date From, Date To",2019,,192.923076923
03/09/2018,09/09/2018,"Upper Limit along Date From, Date To",2019,,268.993894132
03/09/2018,09/09/2018,"Lower Limit along Date From, Date To",2019,,116.852259715
03/09/2018,09/09/2018,Number of Complaints,2020,,
03/09/2018,09/09/2018,"Avg Complaints Per Year along Date From, Date To",2020,,194.512195122
03/09/2018,09/09/2018,"Upper Limit along Date From, Date To",2020,,343.929245280
03/09/2018,09/09/2018,"Lower Limit along Date From, Date To",2020,,45.095144964
10/09/2018,16/09/2018,Number of Complaints,2016,,
10/09/2018,16/09/2018,"Avg Complaints Per Year along Date From, Date To",2016,,137.596153846
10/09/2018,16/09/2018,"Upper Limit along Date From, Date To",2016,,219.471079151
10/09/2018,16/09/2018,"Lower Limit along Date From, Date To",2016,,55.721228541
10/09/2018,16/09/2018,Number of Complaints,2017,,
10/09/2018,16/09/2018,"Avg Complaints Per Year along Date From, Date To",2017,,184.442307692
10/09/2018,16/09/2018,"Upper Limit along Date From, Date To",2017,,306.413490588
10/09/2018,16/09/2018,"Lower Limit along Date From, Date To",2017,,62.471124796
10/09/2018,16/09/2018,Number of Complaints,2018,True,211
10/09/2018,16/09/2018,"Avg Complaints Per Year along Date From, Date To",2018,True,218.660377358
10/09/2018,16/09/2018,"Upper Limit along Date From, Date To",2018,True,358.944085849
10/09/2018,16/09/2018,"Lower Limit along Date From, Date To",2018,True,78.376668868
10/09/2018,16/09/2018,Number of Complaints,2019,,
10/09/2018,16/09/2018,"Avg Complaints Per Year along Date From, Date To",2019,,192.923076923
10/09/2018,16/09/2018,"Upper Limit along Date From, Date To",2019,,268.993894132
10/09/2018,16/09/2018,"Lower Limit along Date From, Date To",2019,,116.852259715
10/09/2018,16/09/2018,Number of Complaints,2020,,
10/09/2018,16/09/2018,"Avg Complaints Per Year along Date From, Date To",2020,,194.512195122
10/09/2018,16/09/2018,"Upper Limit along Date From, Date To",2020,,343.929245280
10/09/2018,16/09/2018,"Lower Limit along Date From, Date To",2020,,45.095144964
17/09/2018,23/09/2018,Number of Complaints,2016,,
17/09/2018,23/09/2018,"Avg Complaints Per Year along Date From, Date To",2016,,137.596153846
17/09/2018,23/09/2018,"Upper Limit along Date From, Date To",2016,,219.471079151
17/09/2018,23/09/2018,"Lower Limit along Date From, Date To",2016,,55.721228541
17/09/2018,23/09/2018,Number of Complaints,2017,,
17/09/2018,23/09/2018,"Avg Complaints Per Year along Date From, Date To",2017,,184.442307692
17/09/2018,23/09/2018,"Upper Limit along Date From, Date To",2017,,306.413490588
17/09/2018,23/09/2018,"Lower Limit along Date From, Date To",2017,,62.471124796
17/09/2018,23/09/2018,Number of Complaints,2018,True,222
17/09/2018,23/09/2018,"Avg Complaints Per Year along Date From, Date To",2018,True,218.660377358
17/09/2018,23/09/2018,"Upper Limit along Date From, Date To",2018,True,358.944085849
17/09/2018,23/09/2018,"Lower Limit along Date From, Date To",2018,True,78.376668868
17/09/2018,23/09/2018,Number of Complaints,2019,,
17/09/2018,23/09/2018,"Avg Complaints Per Year along Date From, Date To",2019,,192.923076923
17/09/2018,23/09/2018,"Upper Limit along Date From, Date To",2019,,268.993894132
17/09/2018,23/09/2018,"Lower Limit along Date From, Date To",2019,,116.852259715
17/09/2018,23/09/2018,Number of Complaints,2020,,
17/09/2018,23/09/2018,"Avg Complaints Per Year along Date From, Date To",2020,,194.512195122
17/09/2018,23/09/2018,"Upper Limit along Date From, Date To",2020,,343.929245280
17/09/2018,23/09/2018,"Lower Limit along Date From, Date To",2020,,45.095144964
24/09/2018,30/09/2018,Number of Complaints,2016,,
24/09/2018,30/09/2018,"Avg Complaints Per Year along Date From, Date To",2016,,137.596153846
24/09/2018,30/09/2018,"Upper Limit along Date From, Date To",2016,,219.471079151
24/09/2018,30/09/2018,"Lower Limit along Date From, Date To",2016,,55.721228541
24/09/2018,30/09/2018,Number of Complaints,2017,,
24/09/2018,30/09/2018,"Avg Complaints Per Year along Date From, Date To",2017,,184.442307692
24/09/2018,30/09/2018,"Upper Limit along Date From, Date To",2017,,306.413490588
24/09/2018,30/09/2018,"Lower Limit along Date From, Date To",2017,,62.471124796
24/09/2018,30/09/2018,Number of Complaints,2018,True,196
24/09/2018,30/09/2018,"Avg Complaints Per Year along Date From, Date To",2018,True,218.660377358
24/09/2018,30/09/2018,"Upper Limit along Date From, Date To",2018,True,358.944085849
24/09/2018,30/09/2018,"Lower Limit along Date From, Date To",2018,True,78.376668868
24/09/2018,30/09/2018,Number of Complaints,2019,,
24/09/2018,30/09/2018,"Avg Complaints Per Year along Date From, Date To",2019,,192.923076923
24/09/2018,30/09/2018,"Upper Limit along Date From, Date To",2019,,268.993894132
24/09/2018,30/09/2018,"Lower Limit along Date From, Date To",2019,,116.852259715
24/09/2018,30/09/2018,Number of Complaints,2020,,
24/09/2018,30/09/2018,"Avg Complaints Per Year along Date From, Date To",2020,,194.512195122
24/09/2018,30/09/2018,"Upper Limit along Date From, Date To",2020,,343.929245280
24/09/2018,30/09/2018,"Lower Limit along Date From, Date To",2020,,45.095144964
01/10/2018,07/10/2018,Number of Complaints,2016,,
01/10/2018,07/10/2018,"Avg Complaints Per Year along Date From, Date To",2016,,137.596153846
01/10/2018,07/10/2018,"Upper Limit along Date From, Date To",2016,,219.471079151
01/10/2018,07/10/2018,"Lower Limit along Date From, Date To",2016,,55.721228541
01/10/2018,07/10/2018,Number of Complaints,2017,,
01/10/2018,07/10/2018,"Avg Complaints Per Year along Date From, Date To",2017,,184.442307692
01/10/2018,07/10/2018,"Upper Limit along Date From, Date To",2017,,306.413490588
01/10/2018,07/10/2018,"Lower Limit along Date From, Date To",2017,,62.471124796
01/10/2018,07/10/2018,Number of Complaints,2018,True,187
01/10/2018,07/10/2018,"Avg Complaints Per Year along Date From, Date To",2018,True,218.660377358
01/10/2018,07/10/2018,"Upper Limit along Date From, Date To",2018,True,358.944085849
01/10/2018,07/10/2018,"Lower Limit along Date From, Date To",2018,True,78.376668868
01/10/2018,07/10/2018,Number of Complaints,2019,,
01/10/2018,07/10/2018,"Avg Complaints Per Year along Date From, Date To",2019,,192.923076923
01/10/2018,07/10/2018,"Upper Limit along Date From, Date To",2019,,268.993894132
01/10/2018,07/10/2018,"Lower Limit along Date From, Date To",2019,,116.852259715
01/10/2018,07/10/2018,Number of Complaints,2020,,
01/10/2018,07/10/2018,"Avg Complaints Per Year along Date From, Date To",2020,,194.512195122
01/10/2018,07/10/2018,"Upper Limit along Date From, Date To",2020,,343.929245280
01/10/2018,07/10/2018,"Lower Limit along Date From, Date To",2020,,45.095144964
08/10/2018,14/10/2018,Number of Complaints,2016,,
08/10/2018,14/10/2018,"Avg Complaints Per Year along Date From, Date To",2016,,137.596153846
08/10/2018,14/10/2018,"Upper Limit along Date From, Date To",2016,,219.471079151
08/10/2018,14/10/2018,"Lower Limit along Date From, Date To",2016,,55.721228541
08/10/2018,14/10/2018,Number of Complaints,2017,,
08/10/2018,14/10/2018,"Avg Complaints Per Year along Date From, Date To",2017,,184.442307692
08/10/2018,14/10/2018,"Upper Limit along Date From, Date To",2017,,306.413490588
08/10/2018,14/10/2018,"Lower Limit along Date From, Date To",2017,,62.471124796
08/10/2018,14/10/2018,Number of Complaints,2018,True,183
08/10/2018,14/10/2018,"Avg Complaints Per Year along Date From, Date To",2018,True,218.660377358
08/10/2018,14/10/2018,"Upper Limit along Date From, Date To",2018,True,358.944085849
08/10/2018,14/10/2018,"Lower Limit along Date From, Date To",2018,True,78.376668868
08/10/2018,14/10/2018,Number of Complaints,2019,,
08/10/2018,14/10/2018,"Avg Complaints Per Year along Date From, Date To",2019,,192.923076923
08/10/2018,14/10/2018,"Upper Limit along Date From, Date To",2019,,268.993894132
08/10/2018,14/10/2018,"Lower Limit along Date From, Date To",2019,,116.852259715
08/10/2018,14/10/2018,Number of Complaints,2020,,
08/10/2018,14/10/2018,"Avg Complaints Per Year along Date From, Date To",2020,,194.512195122
08/10/2018,14/10/2018,"Upper Limit along Date From, Date To",2020,,343.929245280
08/10/2018,14/10/2018,"Lower Limit along Date From, Date To",2020,,45.095144964
15/10/2018,21/10/2018,Number of Complaints,2016,,
15/10/2018,21/10/2018,"Avg Complaints Per Year along Date From, Date To",2016,,137.596153846
15/10/2018,21/10/2018,"Upper Limit along Date From, Date To",2016,,219.471079151
15/10/2018,21/10/2018,"Lower Limit along Date From, Date To",2016,,55.721228541
15/10/2018,21/10/2018,Number of Complaints,2017,,
15/10/2018,21/10/2018,"Avg Complaints Per Year along Date From, Date To",2017,,184.442307692
15/10/2018,21/10/2018,"Upper Limit along Date From, Date To",2017,,306.413490588
15/10/2018,21/10/2018,"Lower Limit along Date From, Date To",2017,,62.471124796
15/10/2018,21/10/2018,Number of Complaints,2018,True,217
15/10/2018,21/10/2018,"Avg Complaints Per Year along Date From, Date To",2018,True,218.660377358
15/10/2018,21/10/2018,"Upper Limit along Date From, Date To",2018,True,358.944085849
15/10/2018,21/10/2018,"Lower Limit along Date From, Date To",2018,True,78.376668868
15/10/2018,21/10/2018,Number of Complaints,2019,,
15/10/2018,21/10/2018,"Avg Complaints Per Year along Date From, Date To",2019,,192.923076923
15/10/2018,21/10/2018,"Upper Limit along Date From, Date To",2019,,268.993894132
15/10/2018,21/10/2018,"Lower Limit along Date From, Date To",2019,,116.852259715
15/10/2018,21/10/2018,Number of Complaints,2020,,
15/10/2018,21/10/2018,"Avg Complaints Per Year along Date From, Date To",2020,,194.512195122
15/10/2018,21/10/2018,"Upper Limit along Date From, Date To",2020,,343.929245280
15/10/2018,21/10/2018,"Lower Limit along Date From, Date To",2020,,45.095144964
22/10/2018,28/10/2018,Number of Complaints,2016,,
22/10/2018,28/10/2018,"Avg Complaints Per Year along Date From, Date To",2016,,137.596153846
22/10/2018,28/10/2018,"Upper Limit along Date From, Date To",2016,,219.471079151
22/10/2018,28/10/2018,"Lower Limit along Date From, Date To",2016,,55.721228541
22/10/2018,28/10/2018,Number of Complaints,2017,,
22/10/2018,28/10/2018,"Avg Complaints Per Year along Date From, Date To",2017,,184.442307692
22/10/2018,28/10/2018,"Upper Limit along Date From, Date To",2017,,306.413490588
22/10/2018,28/10/2018,"Lower Limit along Date From, Date To",2017,,62.471124796
22/10/2018,28/10/2018,Number of Complaints,2018,True,196
22/10/2018,28/10/2018,"Avg Complaints Per Year along Date From, Date To",2018,True,218.660377358
22/10/2018,28/10/2018,"Upper Limit along Date From, Date To",2018,True,358.944085849
22/10/2018,28/10/2018,"Lower Limit along Date From, Date To",2018,True,78.376668868
22/10/2018,28/10/2018,Number of Complaints,2019,,
22/10/2018,28/10/2018,"Avg Complaints Per Year along Date From, Date To",2019,,192.923076923
22/10/2018,28/10/2018,"Upper Limit along Date From, Date To",2019,,268.993894132
22/10/2018,28/10/2018,"Lower Limit along Date From, Date To",2019,,116.852259715
22/10/2018,28/10/2018,Number of Complaints,2020,,
22/10/2018,28/10/2018,"Avg Complaints Per Year along Date From, Date To",2020,,194.512195122
22/10/2018,28/10/2018,"Upper Limit along Date From, Date To",2020,,343.929245280
22/10/2018,28/10/2018,"Lower Limit along Date From, Date To",2020,,45.095144964
29/10/2018,04/11/2018,Number of Complaints,2016,,
29/10/2018,04/11/2018,"Avg Complaints Per Year along Date From, Date To",2016,,137.596153846
29/10/2018,04/11/2018,"Upper Limit along Date From, Date To",2016,,219.471079151
29/10/2018,04/11/2018,"Lower Limit along Date From, Date To",2016,,55.721228541
29/10/2018,04/11/2018,Number of Complaints,2017,,
29/10/2018,04/11/2018,"Avg Complaints Per Year along Date From, Date To",2017,,184.442307692
29/10/2018,04/11/2018,"Upper Limit along Date From, Date To",2017,,306.413490588
29/10/2018,04/11/2018,"Lower Limit along Date From, Date To",2017,,62.471124796
29/10/2018,04/11/2018,Number of Complaints,2018,True,215
29/10/2018,04/11/2018,"Avg Complaints Per Year along Date From, Date To",2018,True,218.660377358
29/10/2018,04/11/2018,"Upper Limit along Date From, Date To",2018,True,358.944085849
29/10/2018,04/11/2018,"Lower Limit along Date From, Date To",2018,True,78.376668868
29/10/2018,04/11/2018,Number of Complaints,2019,,
29/10/2018,04/11/2018,"Avg Complaints Per Year along Date From, Date To",2019,,192.923076923
29/10/2018,04/11/2018,"Upper Limit along Date From, Date To",2019,,268.993894132
29/10/2018,04/11/2018,"Lower Limit along Date From, Date To",2019,,116.852259715
29/10/2018,04/11/2018,Number of Complaints,2020,,
29/10/2018,04/11/2018,"Avg Complaints Per Year along Date From, Date To",2020,,194.512195122
29/10/2018,04/11/2018,"Upper Limit along Date From, Date To",2020,,343.929245280
29/10/2018,04/11/2018,"Lower Limit along Date From, Date To",2020,,45.095144964
05/11/2018,11/11/2018,Number of Complaints,2016,,
05/11/2018,11/11/2018,"Avg Complaints Per Year along Date From, Date To",2016,,137.596153846
05/11/2018,11/11/2018,"Upper Limit along Date From, Date To",2016,,219.471079151
05/11/2018,11/11/2018,"Lower Limit along Date From, Date To",2016,,55.721228541
05/11/2018,11/11/2018,Number of Complaints,2017,,
05/11/2018,11/11/2018,"Avg Complaints Per Year along Date From, Date To",2017,,184.442307692
05/11/2018,11/11/2018,"Upper Limit along Date From, Date To",2017,,306.413490588
05/11/2018,11/11/2018,"Lower Limit along Date From, Date To",2017,,62.471124796
05/11/2018,11/11/2018,Number of Complaints,2018,True,190
05/11/2018,11/11/2018,"Avg Complaints Per Year along Date From, Date To",2018,True,218.660377358
05/11/2018,11/11/2018,"Upper Limit along Date From, Date To",2018,True,358.944085849
05/11/2018,11/11/2018,"Lower Limit along Date From, Date To",2018,True,78.376668868
05/11/2018,11/11/2018,Number of Complaints,2019,,
05/11/2018,11/11/2018,"Avg Complaints Per Year along Date From, Date To",2019,,192.923076923
05/11/2018,11/11/2018,"Upper Limit along Date From, Date To",2019,,268.993894132
05/11/2018,11/11/2018,"Lower Limit along Date From, Date To",2019,,116.852259715
05/11/2018,11/11/2018,Number of Complaints,2020,,
05/11/2018,11/11/2018,"Avg Complaints Per Year along Date From, Date To",2020,,194.512195122
05/11/2018,11/11/2018,"Upper Limit along Date From, Date To",2020,,343.929245280
05/11/2018,11/11/2018,"Lower Limit along Date From, Date To",2020,,45.095144964
12/11/2018,18/11/2018,Number of Complaints,2016,,
12/11/2018,18/11/2018,"Avg Complaints Per Year along Date From, Date To",2016,,137.596153846
12/11/2018,18/11/2018,"Upper Limit along Date From, Date To",2016,,219.471079151
12/11/2018,18/11/2018,"Lower Limit along Date From, Date To",2016,,55.721228541
12/11/2018,18/11/2018,Number of Complaints,2017,,
12/11/2018,18/11/2018,"Avg Complaints Per Year along Date From, Date To",2017,,184.442307692
12/11/2018,18/11/2018,"Upper Limit along Date From, Date To",2017,,306.413490588
12/11/2018,18/11/2018,"Lower Limit along Date From, Date To",2017,,62.471124796
12/11/2018,18/11/2018,Number of Complaints,2018,True,173
12/11/2018,18/11/2018,"Avg Complaints Per Year along Date From, Date To",2018,True,218.660377358
12/11/2018,18/11/2018,"Upper Limit along Date From, Date To",2018,True,358.944085849
12/11/2018,18/11/2018,"Lower Limit along Date From, Date To",2018,True,78.376668868
12/11/2018,18/11/2018,Number of Complaints,2019,,
12/11/2018,18/11/2018,"Avg Complaints Per Year along Date From, Date To",2019,,192.923076923
12/11/2018,18/11/2018,"Upper Limit along Date From, Date To",2019,,268.993894132
12/11/2018,18/11/2018,"Lower Limit along Date From, Date To",2019,,116.852259715
12/11/2018,18/11/2018,Number of Complaints,2020,,
12/11/2018,18/11/2018,"Avg Complaints Per Year along Date From, Date To",2020,,194.512195122
12/11/2018,18/11/2018,"Upper Limit along Date From, Date To",2020,,343.929245280
12/11/2018,18/11/2018,"Lower Limit along Date From, Date To",2020,,45.095144964
19/11/2018,25/11/2018,Number of Complaints,2016,,
19/11/2018,25/11/2018,"Avg Complaints Per Year along Date From, Date To",2016,,137.596153846
19/11/2018,25/11/2018,"Upper Limit along Date From, Date To",2016,,219.471079151
19/11/2018,25/11/2018,"Lower Limit along Date From, Date To",2016,,55.721228541
19/11/2018,25/11/2018,Number of Complaints,2017,,
19/11/2018,25/11/2018,"Avg Complaints Per Year along Date From, Date To",2017,,184.442307692
19/11/2018,25/11/2018,"Upper Limit along Date From, Date To",2017,,306.413490588
19/11/2018,25/11/2018,"Lower Limit along Date From, Date To",2017,,62.471124796
19/11/2018,25/11/2018,Number of Complaints,2018,True,187
19/11/2018,25/11/2018,"Avg Complaints Per Year along Date From, Date To",2018,True,218.660377358
19/11/2018,25/11/2018,"Upper Limit along Date From, Date To",2018,True,358.944085849
19/11/2018,25/11/2018,"Lower Limit along Date From, Date To",2018,True,78.376668868
19/11/2018,25/11/2018,Number of Complaints,2019,,
19/11/2018,25/11/2018,"Avg Complaints Per Year along Date From, Date To",2019,,192.923076923
19/11/2018,25/11/2018,"Upper Limit along Date From, Date To",2019,,268.993894132
19/11/2018,25/11/2018,"Lower Limit along Date From, Date To",2019,,116.852259715
19/11/2018,25/11/2018,Number of Complaints,2020,,
19/11/2018,25/11/2018,"Avg Complaints Per Year along Date From, Date To",2020,,194.512195122
19/11/2018,25/11/2018,"Upper Limit along Date From, Date To",2020,,343.929245280
19/11/2018,25/11/2018,"Lower Limit along Date From, Date To",2020,,45.095144964
26/11/2018,02/12/2018,Number of Complaints,2016,,
26/11/2018,02/12/2018,"Avg Complaints Per Year along Date From, Date To",2016,,137.596153846
26/11/2018,02/12/2018,"Upper Limit along Date From, Date To",2016,,219.471079151
26/11/2018,02/12/2018,"Lower Limit along Date From, Date To",2016,,55.721228541
26/11/2018,02/12/2018,Number of Complaints,2017,,
26/11/2018,02/12/2018,"Avg Complaints Per Year along Date From, Date To",2017,,184.442307692
26/11/2018,02/12/2018,"Upper Limit along Date From, Date To",2017,,306.413490588
26/11/2018,02/12/2018,"Lower Limit along Date From, Date To",2017,,62.471124796
26/11/2018,02/12/2018,Number of Complaints,2018,True,192
26/11/2018,02/12/2018,"Avg Complaints Per Year along Date From, Date To",2018,True,218.660377358
26/11/2018,02/12/2018,"Upper Limit along Date From, Date To",2018,True,358.944085849
26/11/2018,02/12/2018,"Lower Limit along Date From, Date To",2018,True,78.376668868
26/11/2018,02/12/2018,Number of Complaints,2019,,
26/11/2018,02/12/2018,"Avg Complaints Per Year along Date From, Date To",2019,,192.923076923
26/11/2018,02/12/2018,"Upper Limit along Date From, Date To",2019,,268.993894132
26/11/2018,02/12/2018,"Lower Limit along Date From, Date To",2019,,116.852259715
26/11/2018,02/12/2018,Number of Complaints,2020,,
26/11/2018,02/12/2018,"Avg Complaints Per Year along Date From, Date To",2020,,194.512195122
26/11/2018,02/12/2018,"Upper Limit along Date From, Date To",2020,,343.929245280
26/11/2018,02/12/2018,"Lower Limit along Date From, Date To",2020,,45.095144964
03/12/2018,09/12/2018,Number of Complaints,2016,,
03/12/2018,09/12/2018,"Avg Complaints Per Year along Date From, Date To",2016,,137.596153846
03/12/2018,09/12/2018,"Upper Limit along Date From, Date To",2016,,219.471079151
03/12/2018,09/12/2018,"Lower Limit along Date From, Date To",2016,,55.721228541
03/12/2018,09/12/2018,Number of Complaints,2017,,
03/12/2018,09/12/2018,"Avg Complaints Per Year along Date From, Date To",2017,,184.442307692
03/12/2018,09/12/2018,"Upper Limit along Date From, Date To",2017,,306.413490588
03/12/2018,09/12/2018,"Lower Limit along Date From, Date To",2017,,62.471124796
03/12/2018,09/12/2018,Number of Complaints,2018,True,217
03/12/2018,09/12/2018,"Avg Complaints Per Year along Date From, Date To",2018,True,218.660377358
03/12/2018,09/12/2018,"Upper Limit along Date From, Date To",2018,True,358.944085849
03/12/2018,09/12/2018,"Lower Limit along Date From, Date To",2018,True,78.376668868
03/12/2018,09/12/2018,Number of Complaints,2019,,
03/12/2018,09/12/2018,"Avg Complaints Per Year along Date From, Date To",2019,,192.923076923
03/12/2018,09/12/2018,"Upper Limit along Date From, Date To",2019,,268.993894132
03/12/2018,09/12/2018,"Lower Limit along Date From, Date To",2019,,116.852259715
03/12/2018,09/12/2018,Number of Complaints,2020,,
03/12/2018,09/12/2018,"Avg Complaints Per Year along Date From, Date To",2020,,194.512195122
03/12/2018,09/12/2018,"Upper Limit along Date From, Date To",2020,,343.929245280
03/12/2018,09/12/2018,"Lower Limit along Date From, Date To",2020,,45.095144964
10/12/2018,16/12/2018,Number of Complaints,2016,,
10/12/2018,16/12/2018,"Avg Complaints Per Year along Date From, Date To",2016,,137.596153846
10/12/2018,16/12/2018,"Upper Limit along Date From, Date To",2016,,219.471079151
10/12/2018,16/12/2018,"Lower Limit along Date From, Date To",2016,,55.721228541
10/12/2018,16/12/2018,Number of Complaints,2017,,
10/12/2018,16/12/2018,"Avg Complaints Per Year along Date From, Date To",2017,,184.442307692
10/12/2018,16/12/2018,"Upper Limit along Date From, Date To",2017,,306.413490588
10/12/2018,16/12/2018,"Lower Limit along Date From, Date To",2017,,62.471124796
10/12/2018,16/12/2018,Number of Complaints,2018,True,196
10/12/2018,16/12/2018,"Avg Complaints Per Year along Date From, Date To",2018,True,218.660377358
10/12/2018,16/12/2018,"Upper Limit along Date From, Date To",2018,True,358.944085849
10/12/2018,16/12/2018,"Lower Limit along Date From, Date To",2018,True,78.376668868
10/12/2018,16/12/2018,Number of Complaints,2019,,
10/12/2018,16/12/2018,"Avg Complaints Per Year along Date From, Date To",2019,,192.923076923
10/12/2018,16/12/2018,"Upper Limit along Date From, Date To",2019,,268.993894132
10/12/2018,16/12/2018,"Lower Limit along Date From, Date To",2019,,116.852259715
10/12/2018,16/12/2018,Number of Complaints,2020,,
10/12/2018,16/12/2018,"Avg Complaints Per Year along Date From, Date To",2020,,194.512195122
10/12/2018,16/12/2018,"Upper Limit along Date From, Date To",2020,,343.929245280
10/12/2018,16/12/2018,"Lower Limit along Date From, Date To",2020,,45.095144964
17/12/2018,23/12/2018,Number of Complaints,2016,,
17/12/2018,23/12/2018,"Avg Complaints Per Year along Date From, Date To",2016,,137.596153846
17/12/2018,23/12/2018,"Upper Limit along Date From, Date To",2016,,219.471079151
17/12/2018,23/12/2018,"Lower Limit along Date From, Date To",2016,,55.721228541
17/12/2018,23/12/2018,Number of Complaints,2017,,
17/12/2018,23/12/2018,"Avg Complaints Per Year along Date From, Date To",2017,,184.442307692
17/12/2018,23/12/2018,"Upper Limit along Date From, Date To",2017,,306.413490588
17/12/2018,23/12/2018,"Lower Limit along Date From, Date To",2017,,62.471124796
17/12/2018,23/12/2018,Number of Complaints,2018,True,214
17/12/2018,23/12/2018,"Avg Complaints Per Year along Date From, Date To",2018,True,218.660377358
17/12/2018,23/12/2018,"Upper Limit along Date From, Date To",2018,True,358.944085849
17/12/2018,23/12/2018,"Lower Limit along Date From, Date To",2018,True,78.376668868
17/12/2018,23/12/2018,Number of Complaints,2019,,
17/12/2018,23/12/2018,"Avg Complaints Per Year along Date From, Date To",2019,,192.923076923
17/12/2018,23/12/2018,"Upper Limit along Date From, Date To",2019,,268.993894132
17/12/2018,23/12/2018,"Lower Limit along Date From, Date To",2019,,116.852259715
17/12/2018,23/12/2018,Number of Complaints,2020,,
17/12/2018,23/12/2018,"Avg Complaints Per Year along Date From, Date To",2020,,194.512195122
17/12/2018,23/12/2018,"Upper Limit along Date From, Date To",2020,,343.929245280
17/12/2018,23/12/2018,"Lower Limit along Date From, Date To",2020,,45.095144964
24/12/2018,30/12/2018,Number of Complaints,2016,,
24/12/2018,30/12/2018,"Avg Complaints Per Year along Date From, Date To",2016,,137.596153846
24/12/2018,30/12/2018,"Upper Limit along Date From, Date To",2016,,219.471079151
24/12/2018,30/12/2018,"Lower Limit along Date From, Date To",2016,,55.721228541
24/12/2018,30/12/2018,Number of Complaints,2017,,
24/12/2018,30/12/2018,"Avg Complaints Per Year along Date From, Date To",2017,,184.442307692
24/12/2018,30/12/2018,"Upper Limit along Date From, Date To",2017,,306.413490588
24/12/2018,30/12/2018,"Lower Limit along Date From, Date To",2017,,62.471124796
24/12/2018,30/12/2018,Number of Complaints,2018,True,176
24/12/2018,30/12/2018,"Avg Complaints Per Year along Date From, Date To",2018,True,218.660377358
24/12/2018,30/12/2018,"Upper Limit along Date From, Date To",2018,True,358.944085849
24/12/2018,30/12/2018,"Lower Limit along Date From, Date To",2018,True,78.376668868
24/12/2018,30/12/2018,Number of Complaints,2019,,
24/12/2018,30/12/2018,"Avg Complaints Per Year along Date From, Date To",2019,,192.923076923
24/12/2018,30/12/2018,"Upper Limit along Date From, Date To",2019,,268.993894132
24/12/2018,30/12/2018,"Lower Limit along Date From, Date To",2019,,116.852259715
24/12/2018,30/12/2018,Number of Complaints,2020,,
24/12/2018,30/12/2018,"Avg Complaints Per Year along Date From, Date To",2020,,194.512195122
24/12/2018,30/12/2018,"Upper Limit along Date From, Date To",2020,,343.929245280
24/12/2018,30/12/2018,"Lower Limit along Date From, Date To",2020,,45.095144964
31/12/2018,06/01/2019,Number of Complaints,2016,,
31/12/2018,06/01/2019,"Avg Complaints Per Year along Date From, Date To",2016,,137.596153846
31/12/2018,06/01/2019,"Upper Limit along Date From, Date To",2016,,219.471079151
31/12/2018,06/01/2019,"Lower Limit along Date From, Date To",2016,,55.721228541
31/12/2018,06/01/2019,Number of Complaints,2017,,
31/12/2018,06/01/2019,"Avg Complaints Per Year along Date From, Date To",2017,,184.442307692
31/12/2018,06/01/2019,"Upper Limit along Date From, Date To",2017,,306.413490588
31/12/2018,06/01/2019,"Lower Limit along Date From, Date To",2017,,62.471124796
31/12/2018,06/01/2019,Number of Complaints,2018,True,163
31/12/2018,06/01/2019,"Avg Complaints Per Year along Date From, Date To",2018,True,218.660377358
31/12/2018,06/01/2019,"Upper Limit along Date From, Date To",2018,True,358.944085849
31/12/2018,06/01/2019,"Lower Limit along Date From, Date To",2018,True,78.376668868
31/12/2018,06/01/2019,Number of Complaints,2019,,
31/12/2018,06/01/2019,"Avg Complaints Per Year along Date From, Date To",2019,,192.923076923
31/12/2018,06/01/2019,"Upper Limit along Date From, Date To",2019,,268.993894132
31/12/2018,06/01/2019,"Lower Limit along Date From, Date To",2019,,116.852259715
31/12/2018,06/01/2019,Number of Complaints,2020,,
31/12/2018,06/01/2019,"Avg Complaints Per Year along Date From, Date To",2020,,194.512195122
31/12/2018,06/01/2019,"Upper Limit along Date From, Date To",2020,,343.929245280
31/12/2018,06/01/2019,"Lower Limit along Date From, Date To",2020,,45.095144964
07/01/2019,13/01/2019,Number of Complaints,2016,,
07/01/2019,13/01/2019,"Avg Complaints Per Year along Date From, Date To",2016,,137.596153846
07/01/2019,13/01/2019,"Upper Limit along Date From, Date To",2016,,219.471079151
07/01/2019,13/01/2019,"Lower Limit along Date From, Date To",2016,,55.721228541
07/01/2019,13/01/2019,Number of Complaints,2017,,
07/01/2019,13/01/2019,"Avg Complaints Per Year along Date From, Date To",2017,,184.442307692
07/01/2019,13/01/2019,"Upper Limit along Date From, Date To",2017,,306.413490588
07/01/2019,13/01/2019,"Lower Limit along Date From, Date To",2017,,62.471124796
07/01/2019,13/01/2019,Number of Complaints,2018,,
07/01/2019,13/01/2019,"Avg Complaints Per Year along Date From, Date To",2018,,218.660377358
07/01/2019,13/01/2019,"Upper Limit along Date From, Date To",2018,,358.944085849
07/01/2019,13/01/2019,"Lower Limit along Date From, Date To",2018,,78.376668868
07/01/2019,13/01/2019,Number of Complaints,2019,True,193
07/01/2019,13/01/2019,"Avg Complaints Per Year along Date From, Date To",2019,True,192.923076923
07/01/2019,13/01/2019,"Upper Limit along Date From, Date To",2019,True,268.993894132
07/01/2019,13/01/2019,"Lower Limit along Date From, Date To",2019,True,116.852259715
07/01/2019,13/01/2019,Number of Complaints,2020,,
07/01/2019,13/01/2019,"Avg Complaints Per Year along Date From, Date To",2020,,194.512195122
07/01/2019,13/01/2019,"Upper Limit along Date From, Date To",2020,,343.929245280
07/01/2019,13/01/2019,"Lower Limit along Date From, Date To",2020,,45.095144964
14/01/2019,20/01/2019,Number of Complaints,2016,,
14/01/2019,20/01/2019,"Avg Complaints Per Year along Date From, Date To",2016,,137.596153846
14/01/2019,20/01/2019,"Upper Limit along Date From, Date To",2016,,219.471079151
14/01/2019,20/01/2019,"Lower Limit along Date From, Date To",2016,,55.721228541
14/01/2019,20/01/2019,Number of Complaints,2017,,
14/01/2019,20/01/2019,"Avg Complaints Per Year along Date From, Date To",2017,,184.442307692
14/01/2019,20/01/2019,"Upper Limit along Date From, Date To",2017,,306.413490588
14/01/2019,20/01/2019,"Lower Limit along Date From, Date To",2017,,62.471124796
14/01/2019,20/01/2019,Number of Complaints,2018,,
14/01/2019,20/01/2019,"Avg Complaints Per Year along Date From, Date To",2018,,218.660377358
14/01/2019,20/01/2019,"Upper Limit along Date From, Date To",2018,,358.944085849
14/01/2019,20/01/2019,"Lower Limit along Date From, Date To",2018,,78.376668868
14/01/2019,20/01/2019,Number of Complaints,2019,True,197
14/01/2019,20/01/2019,"Avg Complaints Per Year along Date From, Date To",2019,True,192.923076923
14/01/2019,20/01/2019,"Upper Limit along Date From, Date To",2019,True,268.993894132
14/01/2019,20/01/2019,"Lower Limit along Date From, Date To",2019,True,116.852259715
14/01/2019,20/01/2019,Number of Complaints,2020,,
14/01/2019,20/01/2019,"Avg Complaints Per Year along Date From, Date To",2020,,194.512195122
14/01/2019,20/01/2019,"Upper Limit along Date From, Date To",2020,,343.929245280
14/01/2019,20/01/2019,"Lower Limit along Date From, Date To",2020,,45.095144964
21/01/2019,27/01/2019,Number of Complaints,2016,,
21/01/2019,27/01/2019,"Avg Complaints Per Year along Date From, Date To",2016,,137.596153846
21/01/2019,27/01/2019,"Upper Limit along Date From, Date To",2016,,219.471079151
21/01/2019,27/01/2019,"Lower Limit along Date From, Date To",2016,,55.721228541
21/01/2019,27/01/2019,Number of Complaints,2017,,
21/01/2019,27/01/2019,"Avg Complaints Per Year along Date From, Date To",2017,,184.442307692
21/01/2019,27/01/2019,"Upper Limit along Date From, Date To",2017,,306.413490588
21/01/2019,27/01/2019,"Lower Limit along Date From, Date To",2017,,62.471124796
21/01/2019,27/01/2019,Number of Complaints,2018,,
21/01/2019,27/01/2019,"Avg Complaints Per Year along Date From, Date To",2018,,218.660377358
21/01/2019,27/01/2019,"Upper Limit along Date From, Date To",2018,,358.944085849
21/01/2019,27/01/2019,"Lower Limit along Date From, Date To",2018,,78.376668868
21/01/2019,27/01/2019,Number of Complaints,2019,True,174
21/01/2019,27/01/2019,"Avg Complaints Per Year along Date From, Date To",2019,True,192.923076923
21/01/2019,27/01/2019,"Upper Limit along Date From, Date To",2019,True,268.993894132
21/01/2019,27/01/2019,"Lower Limit along Date From, Date To",2019,True,116.852259715
21/01/2019,27/01/2019,Number of Complaints,2020,,
21/01/2019,27/01/2019,"Avg Complaints Per Year along Date From, Date To",2020,,194.512195122
21/01/2019,27/01/2019,"Upper Limit along Date From, Date To",2020,,343.929245280
21/01/2019,27/01/2019,"Lower Limit along Date From, Date To",2020,,45.095144964
28/01/2019,03/02/2019,Number of Complaints,2016,,
28/01/2019,03/02/2019,"Avg Complaints Per Year along Date From, Date To",2016,,137.596153846
28/01/2019,03/02/2019,"Upper Limit along Date From, Date To",2016,,219.471079151
28/01/2019,03/02/2019,"Lower Limit along Date From, Date To",2016,,55.721228541
28/01/2019,03/02/2019,Number of Complaints,2017,,
28/01/2019,03/02/2019,"Avg Complaints Per Year along Date From, Date To",2017,,184.442307692
28/01/2019,03/02/2019,"Upper Limit along Date From, Date To",2017,,306.413490588
28/01/2019,03/02/2019,"Lower Limit along Date From, Date To",2017,,62.471124796
28/01/2019,03/02/2019,Number of Complaints,2018,,
28/01/2019,03/02/2019,"Avg Complaints Per Year along Date From, Date To",2018,,218.660377358
28/01/2019,03/02/2019,"Upper Limit along Date From, Date To",2018,,358.944085849
28/01/2019,03/02/2019,"Lower Limit along Date From, Date To",2018,,78.376668868
28/01/2019,03/02/2019,Number of Complaints,2019,True,207
28/01/2019,03/02/2019,"Avg Complaints Per Year along Date From, Date To",2019,True,192.923076923
28/01/2019,03/02/2019,"Upper Limit along Date From, Date To",2019,True,268.993894132
28/01/2019,03/02/2019,"Lower Limit along Date From, Date To",2019,True,116.852259715
28/01/2019,03/02/2019,Number of Complaints,2020,,
28/01/2019,03/02/2019,"Avg Complaints Per Year along Date From, Date To",2020,,194.512195122
28/01/2019,03/02/2019,"Upper Limit along Date From, Date To",2020,,343.929245280
28/01/2019,03/02/2019,"Lower Limit along Date From, Date To",2020,,45.095144964
04/02/2019,10/02/2019,Number of Complaints,2016,,
04/02/2019,10/02/2019,"Avg Complaints Per Year along Date From, Date To",2016,,137.596153846
04/02/2019,10/02/2019,"Upper Limit along Date From, Date To",2016,,219.471079151
04/02/2019,10/02/2019,"Lower Limit along Date From, Date To",2016,,55.721228541
04/02/2019,10/02/2019,Number of Complaints,2017,,
04/02/2019,10/02/2019,"Avg Complaints Per Year along Date From, Date To",2017,,184.442307692
04/02/2019,10/02/2019,"Upper Limit along Date From, Date To",2017,,306.413490588
04/02/2019,10/02/2019,"Lower Limit along Date From, Date To",2017,,62.471124796
04/02/2019,10/02/2019,Number of Complaints,2018,,
04/02/2019,10/02/2019,"Avg Complaints Per Year along Date From, Date To",2018,,218.660377358
04/02/2019,10/02/2019,"Upper Limit along Date From, Date To",2018,,358.944085849
04/02/2019,10/02/2019,"Lower Limit along Date From, Date To",2018,,78.376668868
04/02/2019,10/02/2019,Number of Complaints,2019,True,211
04/02/2019,10/02/2019,"Avg Complaints Per Year along Date From, Date To",2019,True,192.923076923
04/02/2019,10/02/2019,"Upper Limit along Date From, Date To",2019,True,268.993894132
04/02/2019,10/02/2019,"Lower Limit along Date From, Date To",2019,True,116.852259715
04/02/2019,10/02/2019,Number of Complaints,2020,,
04/02/2019,10/02/2019,"Avg Complaints Per Year along Date From, Date To",2020,,194.512195122
04/02/2019,10/02/2019,"Upper Limit along Date From, Date To",2020,,343.929245280
04/02/2019,10/02/2019,"Lower Limit along Date From, Date To",2020,,45.095144964
11/02/2019,17/02/2019,Number of Complaints,2016,,
11/02/2019,17/02/2019,"Avg Complaints Per Year along Date From, Date To",2016,,137.596153846
11/02/2019,17/02/2019,"Upper Limit along Date From, Date To",2016,,219.471079151
11/02/2019,17/02/2019,"Lower Limit along Date From, Date To",2016,,55.721228541
11/02/2019,17/02/2019,Number of Complaints,2017,,
11/02/2019,17/02/2019,"Avg Complaints Per Year along Date From, Date To",2017,,184.442307692
11/02/2019,17/02/2019,"Upper Limit along Date From, Date To",2017,,306.413490588
11/02/2019,17/02/2019,"Lower Limit along Date From, Date To",2017,,62.471124796
11/02/2019,17/02/2019,Number of Complaints,2018,,
11/02/2019,17/02/2019,"Avg Complaints Per Year along Date From, Date To",2018,,218.660377358
11/02/2019,17/02/2019,"Upper Limit along Date From, Date To",2018,,358.944085849
11/02/2019,17/02/2019,"Lower Limit along Date From, Date To",2018,,78.376668868
11/02/2019,17/02/2019,Number of Complaints,2019,True,192
11/02/2019,17/02/2019,"Avg Complaints Per Year along Date From, Date To",2019,True,192.923076923
11/02/2019,17/02/2019,"Upper Limit along Date From, Date To",2019,True,268.993894132
11/02/2019,17/02/2019,"Lower Limit along Date From, Date To",2019,True,116.852259715
11/02/2019,17/02/2019,Number of Complaints,2020,,
11/02/2019,17/02/2019,"Avg Complaints Per Year along Date From, Date To",2020,,194.512195122
11/02/2019,17/02/2019,"Upper Limit along Date From, Date To",2020,,343.929245280
11/02/2019,17/02/2019,"Lower Limit along Date From, Date To",2020,,45.095144964
18/02/2019,24/02/2019,Number of Complaints,2016,,
18/02/2019,24/02/2019,"Avg Complaints Per Year along Date From, Date To",2016,,137.596153846
18/02/2019,24/02/2019,"Upper Limit along Date From, Date To",2016,,219.471079151
18/02/2019,24/02/2019,"Lower Limit along Date From, Date To",2016,,55.721228541
18/02/2019,24/02/2019,Number of Complaints,2017,,
18/02/2019,24/02/2019,"Avg Complaints Per Year along Date From, Date To",2017,,184.442307692
18/02/2019,24/02/2019,"Upper Limit along Date From, Date To",2017,,306.413490588
18/02/2019,24/02/2019,"Lower Limit along Date From, Date To",2017,,62.471124796
18/02/2019,24/02/2019,Number of Complaints,2018,,
18/02/2019,24/02/2019,"Avg Complaints Per Year along Date From, Date To",2018,,218.660377358
18/02/2019,24/02/2019,"Upper Limit along Date From, Date To",2018,,358.944085849
18/02/2019,24/02/2019,"Lower Limit along Date From, Date To",2018,,78.376668868
18/02/2019,24/02/2019,Number of Complaints,2019,True,188
18/02/2019,24/02/2019,"Avg Complaints Per Year along Date From, Date To",2019,True,192.923076923
18/02/2019,24/02/2019,"Upper Limit along Date From, Date To",2019,True,268.993894132
18/02/2019,24/02/2019,"Lower Limit along Date From, Date To",2019,True,116.852259715
18/02/2019,24/02/2019,Number of Complaints,2020,,
18/02/2019,24/02/2019,"Avg Complaints Per Year along Date From, Date To",2020,,194.512195122
18/02/2019,24/02/2019,"Upper Limit along Date From, Date To",2020,,343.929245280
18/02/2019,24/02/2019,"Lower Limit along Date From, Date To",2020,,45.095144964
25/02/2019,03/03/2019,Number of Complaints,2016,,
25/02/2019,03/03/2019,"Avg Complaints Per Year along Date From, Date To",2016,,137.596153846
25/02/2019,03/03/2019,"Upper Limit along Date From, Date To",2016,,219.471079151
25/02/2019,03/03/2019,"Lower Limit along Date From, Date To",2016,,55.721228541
25/02/2019,03/03/2019,Number of Complaints,2017,,
25/02/2019,03/03/2019,"Avg Complaints Per Year along Date From, Date To",2017,,184.442307692
25/02/2019,03/03/2019,"Upper Limit along Date From, Date To",2017,,306.413490588
25/02/2019,03/03/2019,"Lower Limit along Date From, Date To",2017,,62.471124796
25/02/2019,03/03/2019,Number of Complaints,2018,,
25/02/2019,03/03/2019,"Avg Complaints Per Year along Date From, Date To",2018,,218.660377358
25/02/2019,03/03/2019,"Upper Limit along Date From, Date To",2018,,358.944085849
25/02/2019,03/03/2019,"Lower Limit along Date From, Date To",2018,,78.376668868
25/02/2019,03/03/2019,Number of Complaints,2019,True,198
25/02/2019,03/03/2019,"Avg Complaints Per Year along Date From, Date To",2019,True,192.923076923
25/02/2019,03/03/2019,"Upper Limit along Date From, Date To",2019,True,268.993894132
25/02/2019,03/03/2019,"Lower Limit along Date From, Date To",2019,True,116.852259715
25/02/2019,03/03/2019,Number of Complaints,2020,,
25/02/2019,03/03/2019,"Avg Complaints Per Year along Date From, Date To",2020,,194.512195122
25/02/2019,03/03/2019,"Upper Limit along Date From, Date To",2020,,343.929245280
25/02/2019,03/03/2019,"Lower Limit along Date From, Date To",2020,,45.095144964
04/03/2019,10/03/2019,Number of Complaints,2016,,
04/03/2019,10/03/2019,"Avg Complaints Per Year along Date From, Date To",2016,,137.596153846
04/03/2019,10/03/2019,"Upper Limit along Date From, Date To",2016,,219.471079151
04/03/2019,10/03/2019,"Lower Limit along Date From, Date To",2016,,55.721228541
04/03/2019,10/03/2019,Number of Complaints,2017,,
04/03/2019,10/03/2019,"Avg Complaints Per Year along Date From, Date To",2017,,184.442307692
04/03/2019,10/03/2019,"Upper Limit along Date From, Date To",2017,,306.413490588
04/03/2019,10/03/2019,"Lower Limit along Date From, Date To",2017,,62.471124796
04/03/2019,10/03/2019,Number of Complaints,2018,,
04/03/2019,10/03/2019,"Avg Complaints Per Year along Date From, Date To",2018,,218.660377358
04/03/2019,10/03/2019,"Upper Limit along Date From, Date To",2018,,358.944085849
04/03/2019,10/03/2019,"Lower Limit along Date From, Date To",2018,,78.376668868
04/03/2019,10/03/2019,Number of Complaints,2019,True,221
04/03/2019,10/03/2019,"Avg Complaints Per Year along Date From, Date To",2019,True,192.923076923
04/03/2019,10/03/2019,"Upper Limit along Date From, Date To",2019,True,268.993894132
04/03/2019,10/03/2019,"Lower Limit along Date From, Date To",2019,True,116.852259715
04/03/2019,10/03/2019,Number of Complaints,2020,,
04/03/2019,10/03/2019,"Avg Complaints Per Year along Date From, Date To",2020,,194.512195122
04/03/2019,10/03/2019,"Upper Limit along Date From, Date To",2020,,343.929245280
04/03/2019,10/03/2019,"Lower Limit along Date From, Date To",2020,,45.095144964
11/03/2019,17/03/2019,Number of Complaints,2016,,
11/03/2019,17/03/2019,"Avg Complaints Per Year along Date From, Date To",2016,,137.596153846
11/03/2019,17/03/2019,"Upper Limit along Date From, Date To",2016,,219.471079151
11/03/2019,17/03/2019,"Lower Limit along Date From, Date To",2016,,55.721228541
11/03/2019,17/03/2019,Number of Complaints,2017,,
11/03/2019,17/03/2019,"Avg Complaints Per Year along Date From, Date To",2017,,184.442307692
11/03/2019,17/03/2019,"Upper Limit along Date From, Date To",2017,,306.413490588
11/03/2019,17/03/2019,"Lower Limit along Date From, Date To",2017,,62.471124796
11/03/2019,17/03/2019,Number of Complaints,2018,,
11/03/2019,17/03/2019,"Avg Complaints Per Year along Date From, Date To",2018,,218.660377358
11/03/2019,17/03/2019,"Upper Limit along Date From, Date To",2018,,358.944085849
11/03/2019,17/03/2019,"Lower Limit along Date From, Date To",2018,,78.376668868
11/03/2019,17/03/2019,Number of Complaints,2019,True,218
11/03/2019,17/03/2019,"Avg Complaints Per Year along Date From, Date To",2019,True,192.923076923
11/03/2019,17/03/2019,"Upper Limit along Date From, Date To",2019,True,268.993894132
11/03/2019,17/03/2019,"Lower Limit along Date From, Date To",2019,True,116.852259715
11/03/2019,17/03/2019,Number of Complaints,2020,,
11/03/2019,17/03/2019,"Avg Complaints Per Year along Date From, Date To",2020,,194.512195122
11/03/2019,17/03/2019,"Upper Limit along Date From, Date To",2020,,343.929245280
11/03/2019,17/03/2019,"Lower Limit along Date From, Date To",2020,,45.095144964
18/03/2019,24/03/2019,Number of Complaints,2016,,
18/03/2019,24/03/2019,"Avg Complaints Per Year along Date From, Date To",2016,,137.596153846
18/03/2019,24/03/2019,"Upper Limit along Date From, Date To",2016,,219.471079151
18/03/2019,24/03/2019,"Lower Limit along Date From, Date To",2016,,55.721228541
18/03/2019,24/03/2019,Number of Complaints,2017,,
18/03/2019,24/03/2019,"Avg Complaints Per Year along Date From, Date To",2017,,184.442307692
18/03/2019,24/03/2019,"Upper Limit along Date From, Date To",2017,,306.413490588
18/03/2019,24/03/2019,"Lower Limit along Date From, Date To",2017,,62.471124796
18/03/2019,24/03/2019,Number of Complaints,2018,,
18/03/2019,24/03/2019,"Avg Complaints Per Year along Date From, Date To",2018,,218.660377358
18/03/2019,24/03/2019,"Upper Limit along Date From, Date To",2018,,358.944085849
18/03/2019,24/03/2019,"Lower Limit along Date From, Date To",2018,,78.376668868
18/03/2019,24/03/2019,Number of Complaints,2019,True,218
18/03/2019,24/03/2019,"Avg Complaints Per Year along Date From, Date To",2019,True,192.923076923
18/03/2019,24/03/2019,"Upper Limit along Date From, Date To",2019,True,268.993894132
18/03/2019,24/03/2019,"Lower Limit along Date From, Date To",2019,True,116.852259715
18/03/2019,24/03/2019,Number of Complaints,2020,,
18/03/2019,24/03/2019,"Avg Complaints Per Year along Date From, Date To",2020,,194.512195122
18/03/2019,24/03/2019,"Upper Limit along Date From, Date To",2020,,343.929245280
18/03/2019,24/03/2019,"Lower Limit along Date From, Date To",2020,,45.095144964
25/03/2019,31/03/2019,Number of Complaints,2016,,
25/03/2019,31/03/2019,"Avg Complaints Per Year along Date From, Date To",2016,,137.596153846
25/03/2019,31/03/2019,"Upper Limit along Date From, Date To",2016,,219.471079151
25/03/2019,31/03/2019,"Lower Limit along Date From, Date To",2016,,55.721228541
25/03/2019,31/03/2019,Number of Complaints,2017,,
25/03/2019,31/03/2019,"Avg Complaints Per Year along Date From, Date To",2017,,184.442307692
25/03/2019,31/03/2019,"Upper Limit along Date From, Date To",2017,,306.413490588
25/03/2019,31/03/2019,"Lower Limit along Date From, Date To",2017,,62.471124796
25/03/2019,31/03/2019,Number of Complaints,2018,,
25/03/2019,31/03/2019,"Avg Complaints Per Year along Date From, Date To",2018,,218.660377358
25/03/2019,31/03/2019,"Upper Limit along Date From, Date To",2018,,358.944085849
25/03/2019,31/03/2019,"Lower Limit along Date From, Date To",2018,,78.376668868
25/03/2019,31/03/2019,Number of Complaints,2019,True,222
25/03/2019,31/03/2019,"Avg Complaints Per Year along Date From, Date To",2019,True,192.923076923
25/03/2019,31/03/2019,"Upper Limit along Date From, Date To",2019,True,268.993894132
25/03/2019,31/03/2019,"Lower Limit along Date From, Date To",2019,True,116.852259715
25/03/2019,31/03/2019,Number of Complaints,2020,,
25/03/2019,31/03/2019,"Avg Complaints Per Year along Date From, Date To",2020,,194.512195122
25/03/2019,31/03/2019,"Upper Limit along Date From, Date To",2020,,343.929245280
25/03/2019,31/03/2019,"Lower Limit along Date From, Date To",2020,,45.095144964
01/04/2019,07/04/2019,Number of Complaints,2016,,
01/04/2019,07/04/2019,"Avg Complaints Per Year along Date From, Date To",2016,,137.596153846
01/04/2019,07/04/2019,"Upper Limit along Date From, Date To",2016,,219.471079151
01/04/2019,07/04/2019,"Lower Limit along Date From, Date To",2016,,55.721228541
01/04/2019,07/04/2019,Number of Complaints,2017,,
01/04/2019,07/04/2019,"Avg Complaints Per Year along Date From, Date To",2017,,184.442307692
01/04/2019,07/04/2019,"Upper Limit along Date From, Date To",2017,,306.413490588
01/04/2019,07/04/2019,"Lower Limit along Date From, Date To",2017,,62.471124796
01/04/2019,07/04/2019,Number of Complaints,2018,,
01/04/2019,07/04/2019,"Avg Complaints Per Year along Date From, Date To",2018,,218.660377358
01/04/2019,07/04/2019,"Upper Limit along Date From, Date To",2018,,358.944085849
01/04/2019,07/04/2019,"Lower Limit along Date From, Date To",2018,,78.376668868
01/04/2019,07/04/2019,Number of Complaints,2019,True,220
01/04/2019,07/04/2019,"Avg Complaints Per Year along Date From, Date To",2019,True,192.923076923
01/04/2019,07/04/2019,"Upper Limit along Date From, Date To",2019,True,268.993894132
01/04/2019,07/04/2019,"Lower Limit along Date From, Date To",2019,True,116.852259715
01/04/2019,07/04/2019,Number of Complaints,2020,,
01/04/2019,07/04/2019,"Avg Complaints Per Year along Date From, Date To",2020,,194.512195122
01/04/2019,07/04/2019,"Upper Limit along Date From, Date To",2020,,343.929245280
01/04/2019,07/04/2019,"Lower Limit along Date From, Date To",2020,,45.095144964
08/04/2019,14/04/2019,Number of Complaints,2016,,
08/04/2019,14/04/2019,"Avg Complaints Per Year along Date From, Date To",2016,,137.596153846
08/04/2019,14/04/2019,"Upper Limit along Date From, Date To",2016,,219.471079151
08/04/2019,14/04/2019,"Lower Limit along Date From, Date To",2016,,55.721228541
08/04/2019,14/04/2019,Number of Complaints,2017,,
08/04/2019,14/04/2019,"Avg Complaints Per Year along Date From, Date To",2017,,184.442307692
08/04/2019,14/04/2019,"Upper Limit along Date From, Date To",2017,,306.413490588
08/04/2019,14/04/2019,"Lower Limit along Date From, Date To",2017,,62.471124796
08/04/2019,14/04/2019,Number of Complaints,2018,,
08/04/2019,14/04/2019,"Avg Complaints Per Year along Date From, Date To",2018,,218.660377358
08/04/2019,14/04/2019,"Upper Limit along Date From, Date To",2018,,358.944085849
08/04/2019,14/04/2019,"Lower Limit along Date From, Date To",2018,,78.376668868
08/04/2019,14/04/2019,Number of Complaints,2019,True,213
08/04/2019,14/04/2019,"Avg Complaints Per Year along Date From, Date To",2019,True,192.923076923
08/04/2019,14/04/2019,"Upper Limit along Date From, Date To",2019,True,268.993894132
08/04/2019,14/04/2019,"Lower Limit along Date From, Date To",2019,True,116.852259715
08/04/2019,14/04/2019,Number of Complaints,2020,,
08/04/2019,14/04/2019,"Avg Complaints Per Year along Date From, Date To",2020,,194.512195122
08/04/2019,14/04/2019,"Upper Limit along Date From, Date To",2020,,343.929245280
08/04/2019,14/04/2019,"Lower Limit along Date From, Date To",2020,,45.095144964
15/04/2019,21/04/2019,Number of Complaints,2016,,
15/04/2019,21/04/2019,"Avg Complaints Per Year along Date From, Date To",2016,,137.596153846
15/04/2019,21/04/2019,"Upper Limit along Date From, Date To",2016,,219.471079151
15/04/2019,21/04/2019,"Lower Limit along Date From, Date To",2016,,55.721228541
15/04/2019,21/04/2019,Number of Complaints,2017,,
15/04/2019,21/04/2019,"Avg Complaints Per Year along Date From, Date To",2017,,184.442307692
15/04/2019,21/04/2019,"Upper Limit along Date From, Date To",2017,,306.413490588
15/04/2019,21/04/2019,"Lower Limit along Date From, Date To",2017,,62.471124796
15/04/2019,21/04/2019,Number of Complaints,2018,,
15/04/2019,21/04/2019,"Avg Complaints Per Year along Date From, Date To",2018,,218.660377358
15/04/2019,21/04/2019,"Upper Limit along Date From, Date To",2018,,358.944085849
15/04/2019,21/04/2019,"Lower Limit along Date From, Date To",2018,,78.376668868
15/04/2019,21/04/2019,Number of Complaints,2019,True,216
15/04/2019,21/04/2019,"Avg Complaints Per Year along Date From, Date To",2019,True,192.923076923
15/04/2019,21/04/2019,"Upper Limit along Date From, Date To",2019,True,268.993894132
15/04/2019,21/04/2019,"Lower Limit along Date From, Date To",2019,True,116.852259715
15/04/2019,21/04/2019,Number of Complaints,2020,,
15/04/2019,21/04/2019,"Avg Complaints Per Year along Date From, Date To",2020,,194.512195122
15/04/2019,21/04/2019,"Upper Limit along Date From, Date To",2020,,343.929245280
15/04/2019,21/04/2019,"Lower Limit along Date From, Date To",2020,,45.095144964
22/04/2019,28/04/2019,Number of Complaints,2016,,
22/04/2019,28/04/2019,"Avg Complaints Per Year along Date From, Date To",2016,,137.596153846
22/04/2019,28/04/2019,"Upper Limit along Date From, Date To",2016,,219.471079151
22/04/2019,28/04/2019,"Lower Limit along Date From, Date To",2016,,55.721228541
22/04/2019,28/04/2019,Number of Complaints,2017,,
22/04/2019,28/04/2019,"Avg Complaints Per Year along Date From, Date To",2017,,184.442307692
22/04/2019,28/04/2019,"Upper Limit along Date From, Date To",2017,,306.413490588
22/04/2019,28/04/2019,"Lower Limit along Date From, Date To",2017,,62.471124796
22/04/2019,28/04/2019,Number of Complaints,2018,,
22/04/2019,28/04/2019,"Avg Complaints Per Year along Date From, Date To",2018,,218.660377358
22/04/2019,28/04/2019,"Upper Limit along Date From, Date To",2018,,358.944085849
22/04/2019,28/04/2019,"Lower Limit along Date From, Date To",2018,,78.376668868
22/04/2019,28/04/2019,Number of Complaints,2019,True,202
22/04/2019,28/04/2019,"Avg Complaints Per Year along Date From, Date To",2019,True,192.923076923
22/04/2019,28/04/2019,"Upper Limit along Date From, Date To",2019,True,268.993894132
22/04/2019,28/04/2019,"Lower Limit along Date From, Date To",2019,True,116.852259715
22/04/2019,28/04/2019,Number of Complaints,2020,,
22/04/2019,28/04/2019,"Avg Complaints Per Year along Date From, Date To",2020,,194.512195122
22/04/2019,28/04/2019,"Upper Limit along Date From, Date To",2020,,343.929245280
22/04/2019,28/04/2019,"Lower Limit along Date From, Date To",2020,,45.095144964
29/04/2019,05/05/2019,Number of Complaints,2016,,
29/04/2019,05/05/2019,"Avg Complaints Per Year along Date From, Date To",2016,,137.596153846
29/04/2019,05/05/2019,"Upper Limit along Date From, Date To",2016,,219.471079151
29/04/2019,05/05/2019,"Lower Limit along Date From, Date To",2016,,55.721228541
29/04/2019,05/05/2019,Number of Complaints,2017,,
29/04/2019,05/05/2019,"Avg Complaints Per Year along Date From, Date To",2017,,184.442307692
29/04/2019,05/05/2019,"Upper Limit along Date From, Date To",2017,,306.413490588
29/04/2019,05/05/2019,"Lower Limit along Date From, Date To",2017,,62.471124796
29/04/2019,05/05/2019,Number of Complaints,2018,,
29/04/2019,05/05/2019,"Avg Complaints Per Year along Date From, Date To",2018,,218.660377358
29/04/2019,05/05/2019,"Upper Limit along Date From, Date To",2018,,358.944085849
29/04/2019,05/05/2019,"Lower Limit along Date From, Date To",2018,,78.376668868
29/04/2019,05/05/2019,Number of Complaints,2019,True,208
29/04/2019,05/05/2019,"Avg Complaints Per Year along Date From, Date To",2019,True,192.923076923
29/04/2019,05/05/2019,"Upper Limit along Date From, Date To",2019,True,268.993894132
29/04/2019,05/05/2019,"Lower Limit along Date From, Date To",2019,True,116.852259715
29/04/2019,05/05/2019,Number of Complaints,2020,,
29/04/2019,05/05/2019,"Avg Complaints Per Year along Date From, Date To",2020,,194.512195122
29/04/2019,05/05/2019,"Upper Limit along Date From, Date To",2020,,343.929245280
29/04/2019,05/05/2019,"Lower Limit along Date From, Date To",2020,,45.095144964
06/05/2019,12/05/2019,Number of Complaints,2016,,
06/05/2019,12/05/2019,"Avg Complaints Per Year along Date From, Date To",2016,,137.596153846
06/05/2019,12/05/2019,"Upper Limit along Date From, Date To",2016,,219.471079151
06/05/2019,12/05/2019,"Lower Limit along Date From, Date To",2016,,55.721228541
06/05/2019,12/05/2019,Number of Complaints,2017,,
06/05/2019,12/05/2019,"Avg Complaints Per Year along Date From, Date To",2017,,184.442307692
06/05/2019,12/05/2019,"Upper Limit along Date From, Date To",2017,,306.413490588
06/05/2019,12/05/2019,"Lower Limit along Date From, Date To",2017,,62.471124796
06/05/2019,12/05/2019,Number of Complaints,2018,,
06/05/2019,12/05/2019,"Avg Complaints Per Year along Date From, Date To",2018,,218.660377358
06/05/2019,12/05/2019,"Upper Limit along Date From, Date To",2018,,358.944085849
06/05/2019,12/05/2019,"Lower Limit along Date From, Date To",2018,,78.376668868
06/05/2019,12/05/2019,Number of Complaints,2019,True,204
06/05/2019,12/05/2019,"Avg Complaints Per Year along Date From, Date To",2019,True,192.923076923
06/05/2019,12/05/2019,"Upper Limit along Date From, Date To",2019,True,268.993894132
06/05/2019,12/05/2019,"Lower Limit along Date From, Date To",2019,True,116.852259715
06/05/2019,12/05/2019,Number of Complaints,2020,,
06/05/2019,12/05/2019,"Avg Complaints Per Year along Date From, Date To",2020,,194.512195122
06/05/2019,12/05/2019,"Upper Limit along Date From, Date To",2020,,343.929245280
06/05/2019,12/05/2019,"Lower Limit along Date From, Date To",2020,,45.095144964
13/05/2019,19/05/2019,Number of Complaints,2016,,
13/05/2019,19/05/2019,"Avg Complaints Per Year along Date From, Date To",2016,,137.596153846
13/05/2019,19/05/2019,"Upper Limit along Date From, Date To",2016,,219.471079151
13/05/2019,19/05/2019,"Lower Limit along Date From, Date To",2016,,55.721228541
13/05/2019,19/05/2019,Number of Complaints,2017,,
13/05/2019,19/05/2019,"Avg Complaints Per Year along Date From, Date To",2017,,184.442307692
13/05/2019,19/05/2019,"Upper Limit along Date From, Date To",2017,,306.413490588
13/05/2019,19/05/2019,"Lower Limit along Date From, Date To",2017,,62.471124796
13/05/2019,19/05/2019,Number of Complaints,2018,,
13/05/2019,19/05/2019,"Avg Complaints Per Year along Date From, Date To",2018,,218.660377358
13/05/2019,19/05/2019,"Upper Limit along Date From, Date To",2018,,358.944085849
13/05/2019,19/05/2019,"Lower Limit along Date From, Date To",2018,,78.376668868
13/05/2019,19/05/2019,Number of Complaints,2019,True,224
13/05/2019,19/05/2019,"Avg Complaints Per Year along Date From, Date To",2019,True,192.923076923
13/05/2019,19/05/2019,"Upper Limit along Date From, Date To",2019,True,268.993894132
13/05/2019,19/05/2019,"Lower Limit along Date From, Date To",2019,True,116.852259715
13/05/2019,19/05/2019,Number of Complaints,2020,,
13/05/2019,19/05/2019,"Avg Complaints Per Year along Date From, Date To",2020,,194.512195122
13/05/2019,19/05/2019,"Upper Limit along Date From, Date To",2020,,343.929245280
13/05/2019,19/05/2019,"Lower Limit along Date From, Date To",2020,,45.095144964
20/05/2019,26/05/2019,Number of Complaints,2016,,
20/05/2019,26/05/2019,"Avg Complaints Per Year along Date From, Date To",2016,,137.596153846
20/05/2019,26/05/2019,"Upper Limit along Date From, Date To",2016,,219.471079151
20/05/2019,26/05/2019,"Lower Limit along Date From, Date To",2016,,55.721228541
20/05/2019,26/05/2019,Number of Complaints,2017,,
20/05/2019,26/05/2019,"Avg Complaints Per Year along Date From, Date To",2017,,184.442307692
20/05/2019,26/05/2019,"Upper Limit along Date From, Date To",2017,,306.413490588
20/05/2019,26/05/2019,"Lower Limit along Date From, Date To",2017,,62.471124796
20/05/2019,26/05/2019,Number of Complaints,2018,,
20/05/2019,26/05/2019,"Avg Complaints Per Year along Date From, Date To",2018,,218.660377358
20/05/2019,26/05/2019,"Upper Limit along Date From, Date To",2018,,358.944085849
20/05/2019,26/05/2019,"Lower Limit along Date From, Date To",2018,,78.376668868
20/05/2019,26/05/2019,Number of Complaints,2019,True,208
20/05/2019,26/05/2019,"Avg Complaints Per Year along Date From, Date To",2019,True,192.923076923
20/05/2019,26/05/2019,"Upper Limit along Date From, Date To",2019,True,268.993894132
20/05/2019,26/05/2019,"Lower Limit along Date From, Date To",2019,True,116.852259715
20/05/2019,26/05/2019,Number of Complaints,2020,,
20/05/2019,26/05/2019,"Avg Complaints Per Year along Date From, Date To",2020,,194.512195122
20/05/2019,26/05/2019,"Upper Limit along Date From, Date To",2020,,343.929245280
20/05/2019,26/05/2019,"Lower Limit along Date From, Date To",2020,,45.095144964
27/05/2019,02/06/2019,Number of Complaints,2016,,
27/05/2019,02/06/2019,"Avg Complaints Per Year along Date From, Date To",2016,,137.596153846
27/05/2019,02/06/2019,"Upper Limit along Date From, Date To",2016,,219.471079151
27/05/2019,02/06/2019,"Lower Limit along Date From, Date To",2016,,55.721228541
27/05/2019,02/06/2019,Number of Complaints,2017,,
27/05/2019,02/06/2019,"Avg Complaints Per Year along Date From, Date To",2017,,184.442307692
27/05/2019,02/06/2019,"Upper Limit along Date From, Date To",2017,,306.413490588
27/05/2019,02/06/2019,"Lower Limit along Date From, Date To",2017,,62.471124796
27/05/2019,02/06/2019,Number of Complaints,2018,,
27/05/2019,02/06/2019,"Avg Complaints Per Year along Date From, Date To",2018,,218.660377358
27/05/2019,02/06/2019,"Upper Limit along Date From, Date To",2018,,358.944085849
27/05/2019,02/06/2019,"Lower Limit along Date From, Date To",2018,,78.376668868
27/05/2019,02/06/2019,Number of Complaints,2019,True,212
27/05/2019,02/06/2019,"Avg Complaints Per Year along Date From, Date To",2019,True,192.923076923
27/05/2019,02/06/2019,"Upper Limit along Date From, Date To",2019,True,268.993894132
27/05/2019,02/06/2019,"Lower Limit along Date From, Date To",2019,True,116.852259715
27/05/2019,02/06/2019,Number of Complaints,2020,,
27/05/2019,02/06/2019,"Avg Complaints Per Year along Date From, Date To",2020,,194.512195122
27/05/2019,02/06/2019,"Upper Limit along Date From, Date To",2020,,343.929245280
27/05/2019,02/06/2019,"Lower Limit along Date From, Date To",2020,,45.095144964
03/06/2019,09/06/2019,Number of Complaints,2016,,
03/06/2019,09/06/2019,"Avg Complaints Per Year along Date From, Date To",2016,,137.596153846
03/06/2019,09/06/2019,"Upper Limit along Date From, Date To",2016,,219.471079151
03/06/2019,09/06/2019,"Lower Limit along Date From, Date To",2016,,55.721228541
03/06/2019,09/06/2019,Number of Complaints,2017,,
03/06/2019,09/06/2019,"Avg Complaints Per Year along Date From, Date To",2017,,184.442307692
03/06/2019,09/06/2019,"Upper Limit along Date From, Date To",2017,,306.413490588
03/06/2019,09/06/2019,"Lower Limit along Date From, Date To",2017,,62.471124796
03/06/2019,09/06/2019,Number of Complaints,2018,,
03/06/2019,09/06/2019,"Avg Complaints Per Year along Date From, Date To",2018,,218.660377358
03/06/2019,09/06/2019,"Upper Limit along Date From, Date To",2018,,358.944085849
03/06/2019,09/06/2019,"Lower Limit along Date From, Date To",2018,,78.376668868
03/06/2019,09/06/2019,Number of Complaints,2019,True,219
03/06/2019,09/06/2019,"Avg Complaints Per Year along Date From, Date To",2019,True,192.923076923
03/06/2019,09/06/2019,"Upper Limit along Date From, Date To",2019,True,268.993894132
03/06/2019,09/06/2019,"Lower Limit along Date From, Date To",2019,True,116.852259715
03/06/2019,09/06/2019,Number of Complaints,2020,,
03/06/2019,09/06/2019,"Avg Complaints Per Year along Date From, Date To",2020,,194.512195122
03/06/2019,09/06/2019,"Upper Limit along Date From, Date To",2020,,343.929245280
03/06/2019,09/06/2019,"Lower Limit along Date From, Date To",2020,,45.095144964
10/06/2019,16/06/2019,Number of Complaints,2016,,
10/06/2019,16/06/2019,"Avg Complaints Per Year along Date From, Date To",2016,,137.596153846
10/06/2019,16/06/2019,"Upper Limit along Date From, Date To",2016,,219.471079151
10/06/2019,16/06/2019,"Lower Limit along Date From, Date To",2016,,55.721228541
10/06/2019,16/06/2019,Number of Complaints,2017,,
10/06/2019,16/06/2019,"Avg Complaints Per Year along Date From, Date To",2017,,184.442307692
10/06/2019,16/06/2019,"Upper Limit along Date From, Date To",2017,,306.413490588
10/06/2019,16/06/2019,"Lower Limit along Date From, Date To",2017,,62.471124796
10/06/2019,16/06/2019,Number of Complaints,2018,,
10/06/2019,16/06/2019,"Avg Complaints Per Year along Date From, Date To",2018,,218.660377358
10/06/2019,16/06/2019,"Upper Limit along Date From, Date To",2018,,358.944085849
10/06/2019,16/06/2019,"Lower Limit along Date From, Date To",2018,,78.376668868
10/06/2019,16/06/2019,Number of Complaints,2019,True,219
10/06/2019,16/06/2019,"Avg Complaints Per Year along Date From, Date To",2019,True,192.923076923
10/06/2019,16/06/2019,"Upper Limit along Date From, Date To",2019,True,268.993894132
10/06/2019,16/06/2019,"Lower Limit along Date From, Date To",2019,True,116.852259715
10/06/2019,16/06/2019,Number of Complaints,2020,,
10/06/2019,16/06/2019,"Avg Complaints Per Year along Date From, Date To",2020,,194.512195122
10/06/2019,16/06/2019,"Upper Limit along Date From, Date To",2020,,343.929245280
10/06/2019,16/06/2019,"Lower Limit along Date From, Date To",2020,,45.095144964
17/06/2019,23/06/2019,Number of Complaints,2016,,
17/06/2019,23/06/2019,"Avg Complaints Per Year along Date From, Date To",2016,,137.596153846
17/06/2019,23/06/2019,"Upper Limit along Date From, Date To",2016,,219.471079151
17/06/2019,23/06/2019,"Lower Limit along Date From, Date To",2016,,55.721228541
17/06/2019,23/06/2019,Number of Complaints,2017,,
17/06/2019,23/06/2019,"Avg Complaints Per Year along Date From, Date To",2017,,184.442307692
17/06/2019,23/06/2019,"Upper Limit along Date From, Date To",2017,,306.413490588
17/06/2019,23/06/2019,"Lower Limit along Date From, Date To",2017,,62.471124796
17/06/2019,23/06/2019,Number of Complaints,2018,,
17/06/2019,23/06/2019,"Avg Complaints Per Year along Date From, Date To",2018,,218.660377358
17/06/2019,23/06/2019,"Upper Limit along Date From, Date To",2018,,358.944085849
17/06/2019,23/06/2019,"Lower Limit along Date From, Date To",2018,,78.376668868
17/06/2019,23/06/2019,Number of Complaints,2019,True,208
17/06/2019,23/06/2019,"Avg Complaints Per Year along Date From, Date To",2019,True,192.923076923
17/06/2019,23/06/2019,"Upper Limit along Date From, Date To",2019,True,268.993894132
17/06/2019,23/06/2019,"Lower Limit along Date From, Date To",2019,True,116.852259715
17/06/2019,23/06/2019,Number of Complaints,2020,,
17/06/2019,23/06/2019,"Avg Complaints Per Year along Date From, Date To",2020,,194.512195122
17/06/2019,23/06/2019,"Upper Limit along Date From, Date To",2020,,343.929245280
17/06/2019,23/06/2019,"Lower Limit along Date From, Date To",2020,,45.095144964
24/06/2019,30/06/2019,Number of Complaints,2016,,
24/06/2019,30/06/2019,"Avg Complaints Per Year along Date From, Date To",2016,,137.596153846
24/06/2019,30/06/2019,"Upper Limit along Date From, Date To",2016,,219.471079151
24/06/2019,30/06/2019,"Lower Limit along Date From, Date To",2016,,55.721228541
24/06/2019,30/06/2019,Number of Complaints,2017,,
24/06/2019,30/06/2019,"Avg Complaints Per Year along Date From, Date To",2017,,184.442307692
24/06/2019,30/06/2019,"Upper Limit along Date From, Date To",2017,,306.413490588
24/06/2019,30/06/2019,"Lower Limit along Date From, Date To",2017,,62.471124796
24/06/2019,30/06/2019,Number of Complaints,2018,,
24/06/2019,30/06/2019,"Avg Complaints Per Year along Date From, Date To",2018,,218.660377358
24/06/2019,30/06/2019,"Upper Limit along Date From, Date To",2018,,358.944085849
24/06/2019,30/06/2019,"Lower Limit along Date From, Date To",2018,,78.376668868
24/06/2019,30/06/2019,Number of Complaints,2019,True,240
24/06/2019,30/06/2019,"Avg Complaints Per Year along Date From, Date To",2019,True,192.923076923
24/06/2019,30/06/2019,"Upper Limit along Date From, Date To",2019,True,268.993894132
24/06/2019,30/06/2019,"Lower Limit along Date From, Date To",2019,True,116.852259715
24/06/2019,30/06/2019,Number of Complaints,2020,,
24/06/2019,30/06/2019,"Avg Complaints Per Year along Date From, Date To",2020,,194.512195122
24/06/2019,30/06/2019,"Upper Limit along Date From, Date To",2020,,343.929245280
24/06/2019,30/06/2019,"Lower Limit along Date From, Date To",2020,,45.095144964
01/07/2019,07/07/2019,Number of Complaints,2016,,
01/07/2019,07/07/2019,"Avg Complaints Per Year along Date From, Date To",2016,,137.596153846
01/07/2019,07/07/2019,"Upper Limit along Date From, Date To",2016,,219.471079151
01/07/2019,07/07/2019,"Lower Limit along Date From, Date To",2016,,55.721228541
01/07/2019,07/07/2019,Number of Complaints,2017,,
01/07/2019,07/07/2019,"Avg Complaints Per Year along Date From, Date To",2017,,184.442307692
01/07/2019,07/07/2019,"Upper Limit along Date From, Date To",2017,,306.413490588
01/07/2019,07/07/2019,"Lower Limit along Date From, Date To",2017,,62.471124796
01/07/2019,07/07/2019,Number of Complaints,2018,,
01/07/2019,07/07/2019,"Avg Complaints Per Year along Date From, Date To",2018,,218.660377358
01/07/2019,07/07/2019,"Upper Limit along Date From, Date To",2018,,358.944085849
01/07/2019,07/07/2019,"Lower Limit along Date From, Date To",2018,,78.376668868
01/07/2019,07/07/2019,Number of Complaints,2019,True,175
01/07/2019,07/07/2019,"Avg Complaints Per Year along Date From, Date To",2019,True,192.923076923
01/07/2019,07/07/2019,"Upper Limit along Date From, Date To",2019,True,268.993894132
01/07/2019,07/07/2019,"Lower Limit along Date From, Date To",2019,True,116.852259715
01/07/2019,07/07/2019,Number of Complaints,2020,,
01/07/2019,07/07/2019,"Avg Complaints Per Year along Date From, Date To",2020,,194.512195122
01/07/2019,07/07/2019,"Upper Limit along Date From, Date To",2020,,343.929245280
01/07/2019,07/07/2019,"Lower Limit along Date From, Date To",2020,,45.095144964
08/07/2019,14/07/2019,Number of Complaints,2016,,
08/07/2019,14/07/2019,"Avg Complaints Per Year along Date From, Date To",2016,,137.596153846
08/07/2019,14/07/2019,"Upper Limit along Date From, Date To",2016,,219.471079151
08/07/2019,14/07/2019,"Lower Limit along Date From, Date To",2016,,55.721228541
08/07/2019,14/07/2019,Number of Complaints,2017,,
08/07/2019,14/07/2019,"Avg Complaints Per Year along Date From, Date To",2017,,184.442307692
08/07/2019,14/07/2019,"Upper Limit along Date From, Date To",2017,,306.413490588
08/07/2019,14/07/2019,"Lower Limit along Date From, Date To",2017,,62.471124796
08/07/2019,14/07/2019,Number of Complaints,2018,,
08/07/2019,14/07/2019,"Avg Complaints Per Year along Date From, Date To",2018,,218.660377358
08/07/2019,14/07/2019,"Upper Limit along Date From, Date To",2018,,358.944085849
08/07/2019,14/07/2019,"Lower Limit along Date From, Date To",2018,,78.376668868
08/07/2019,14/07/2019,Number of Complaints,2019,True,208
08/07/2019,14/07/2019,"Avg Complaints Per Year along Date From, Date To",2019,True,192.923076923
08/07/2019,14/07/2019,"Upper Limit along Date From, Date To",2019,True,268.993894132
08/07/2019,14/07/2019,"Lower Limit along Date From, Date To",2019,True,116.852259715
08/07/2019,14/07/2019,Number of Complaints,2020,,
08/07/2019,14/07/2019,"Avg Complaints Per Year along Date From, Date To",2020,,194.512195122
08/07/2019,14/07/2019,"Upper Limit along Date From, Date To",2020,,343.929245280
08/07/2019,14/07/2019,"Lower Limit along Date From, Date To",2020,,45.095144964
15/07/2019,21/07/2019,Number of Complaints,2016,,
15/07/2019,21/07/2019,"Avg Complaints Per Year along Date From, Date To",2016,,137.596153846
15/07/2019,21/07/2019,"Upper Limit along Date From, Date To",2016,,219.471079151
15/07/2019,21/07/2019,"Lower Limit along Date From, Date To",2016,,55.721228541
15/07/2019,21/07/2019,Number of Complaints,2017,,
15/07/2019,21/07/2019,"Avg Complaints Per Year along Date From, Date To",2017,,184.442307692
15/07/2019,21/07/2019,"Upper Limit along Date From, Date To",2017,,306.413490588
15/07/2019,21/07/2019,"Lower Limit along Date From, Date To",2017,,62.471124796
15/07/2019,21/07/2019,Number of Complaints,2018,,
15/07/2019,21/07/2019,"Avg Complaints Per Year along Date From, Date To",2018,,218.660377358
15/07/2019,21/07/2019,"Upper Limit along Date From, Date To",2018,,358.944085849
15/07/2019,21/07/2019,"Lower Limit along Date From, Date To",2018,,78.376668868
15/07/2019,21/07/2019,Number of Complaints,2019,True,190
15/07/2019,21/07/2019,"Avg Complaints Per Year along Date From, Date To",2019,True,192.923076923
15/07/2019,21/07/2019,"Upper Limit along Date From, Date To",2019,True,268.993894132
15/07/2019,21/07/2019,"Lower Limit along Date From, Date To",2019,True,116.852259715
15/07/2019,21/07/2019,Number of Complaints,2020,,
15/07/2019,21/07/2019,"Avg Complaints Per Year along Date From, Date To",2020,,194.512195122
15/07/2019,21/07/2019,"Upper Limit along Date From, Date To",2020,,343.929245280
15/07/2019,21/07/2019,"Lower Limit along Date From, Date To",2020,,45.095144964
22/07/2019,28/07/2019,Number of Complaints,2016,,
22/07/2019,28/07/2019,"Avg Complaints Per Year along Date From, Date To",2016,,137.596153846
22/07/2019,28/07/2019,"Upper Limit along Date From, Date To",2016,,219.471079151
22/07/2019,28/07/2019,"Lower Limit along Date From, Date To",2016,,55.721228541
22/07/2019,28/07/2019,Number of Complaints,2017,,
22/07/2019,28/07/2019,"Avg Complaints Per Year along Date From, Date To",2017,,184.442307692
22/07/2019,28/07/2019,"Upper Limit along Date From, Date To",2017,,306.413490588
22/07/2019,28/07/2019,"Lower Limit along Date From, Date To",2017,,62.471124796
22/07/2019,28/07/2019,Number of Complaints,2018,,
22/07/2019,28/07/2019,"Avg Complaints Per Year along Date From, Date To",2018,,218.660377358
22/07/2019,28/07/2019,"Upper Limit along Date From, Date To",2018,,358.944085849
22/07/2019,28/07/2019,"Lower Limit along Date From, Date To",2018,,78.376668868
22/07/2019,28/07/2019,Number of Complaints,2019,True,190
22/07/2019,28/07/2019,"Avg Complaints Per Year along Date From, Date To",2019,True,192.923076923
22/07/2019,28/07/2019,"Upper Limit along Date From, Date To",2019,True,268.993894132
22/07/2019,28/07/2019,"Lower Limit along Date From, Date To",2019,True,116.852259715
22/07/2019,28/07/2019,Number of Complaints,2020,,
22/07/2019,28/07/2019,"Avg Complaints Per Year along Date From, Date To",2020,,194.512195122
22/07/2019,28/07/2019,"Upper Limit along Date From, Date To",2020,,343.929245280
22/07/2019,28/07/2019,"Lower Limit along Date From, Date To",2020,,45.095144964
29/07/2019,04/08/2019,Number of Complaints,2016,,
29/07/2019,04/08/2019,"Avg Complaints Per Year along Date From, Date To",2016,,137.596153846
29/07/2019,04/08/2019,"Upper Limit along Date From, Date To",2016,,219.471079151
29/07/2019,04/08/2019,"Lower Limit along Date From, Date To",2016,,55.721228541
29/07/2019,04/08/2019,Number of Complaints,2017,,
29/07/2019,04/08/2019,"Avg Complaints Per Year along Date From, Date To",2017,,184.442307692
29/07/2019,04/08/2019,"Upper Limit along Date From, Date To",2017,,306.413490588
29/07/2019,04/08/2019,"Lower Limit along Date From, Date To",2017,,62.471124796
29/07/2019,04/08/2019,Number of Complaints,2018,,
29/07/2019,04/08/2019,"Avg Complaints Per Year along Date From, Date To",2018,,218.660377358
29/07/2019,04/08/2019,"Upper Limit along Date From, Date To",2018,,358.944085849
29/07/2019,04/08/2019,"Lower Limit along Date From, Date To",2018,,78.376668868
29/07/2019,04/08/2019,Number of Complaints,2019,True,220
29/07/2019,04/08/2019,"Avg Complaints Per Year along Date From, Date To",2019,True,192.923076923
29/07/2019,04/08/2019,"Upper Limit along Date From, Date To",2019,True,268.993894132
29/07/2019,04/08/2019,"Lower Limit along Date From, Date To",2019,True,116.852259715
29/07/2019,04/08/2019,Number of Complaints,2020,,
29/07/2019,04/08/2019,"Avg Complaints Per Year along Date From, Date To",2020,,194.512195122
29/07/2019,04/08/2019,"Upper Limit along Date From, Date To",2020,,343.929245280
29/07/2019,04/08/2019,"Lower Limit along Date From, Date To",2020,,45.095144964
05/08/2019,11/08/2019,Number of Complaints,2016,,
05/08/2019,11/08/2019,"Avg Complaints Per Year along Date From, Date To",2016,,137.596153846
05/08/2019,11/08/2019,"Upper Limit along Date From, Date To",2016,,219.471079151
05/08/2019,11/08/2019,"Lower Limit along Date From, Date To",2016,,55.721228541
05/08/2019,11/08/2019,Number of Complaints,2017,,
05/08/2019,11/08/2019,"Avg Complaints Per Year along Date From, Date To",2017,,184.442307692
05/08/2019,11/08/2019,"Upper Limit along Date From, Date To",2017,,306.413490588
05/08/2019,11/08/2019,"Lower Limit along Date From, Date To",2017,,62.471124796
05/08/2019,11/08/2019,Number of Complaints,2018,,
05/08/2019,11/08/2019,"Avg Complaints Per Year along Date From, Date To",2018,,218.660377358
05/08/2019,11/08/2019,"Upper Limit along Date From, Date To",2018,,358.944085849
05/08/2019,11/08/2019,"Lower Limit along Date From, Date To",2018,,78.376668868
05/08/2019,11/08/2019,Number of Complaints,2019,True,201
05/08/2019,11/08/2019,"Avg Complaints Per Year along Date From, Date To",2019,True,192.923076923
05/08/2019,11/08/2019,"Upper Limit along Date From, Date To",2019,True,268.993894132
05/08/2019,11/08/2019,"Lower Limit along Date From, Date To",2019,True,116.852259715
05/08/2019,11/08/2019,Number of Complaints,2020,,
05/08/2019,11/08/2019,"Avg Complaints Per Year along Date From, Date To",2020,,194.512195122
05/08/2019,11/08/2019,"Upper Limit along Date From, Date To",2020,,343.929245280
05/08/2019,11/08/2019,"Lower Limit along Date From, Date To",2020,,45.095144964
12/08/2019,18/08/2019,Number of Complaints,2016,,
12/08/2019,18/08/2019,"Avg Complaints Per Year along Date From, Date To",2016,,137.596153846
12/08/2019,18/08/2019,"Upper Limit along Date From, Date To",2016,,219.471079151
12/08/2019,18/08/2019,"Lower Limit along Date From, Date To",2016,,55.721228541
12/08/2019,18/08/2019,Number of Complaints,2017,,
12/08/2019,18/08/2019,"Avg Complaints Per Year along Date From, Date To",2017,,184.442307692
12/08/2019,18/08/2019,"Upper Limit along Date From, Date To",2017,,306.413490588
12/08/2019,18/08/2019,"Lower Limit along Date From, Date To",2017,,62.471124796
12/08/2019,18/08/2019,Number of Complaints,2018,,
12/08/2019,18/08/2019,"Avg Complaints Per Year along Date From, Date To",2018,,218.660377358
12/08/2019,18/08/2019,"Upper Limit along Date From, Date To",2018,,358.944085849
12/08/2019,18/08/2019,"Lower Limit along Date From, Date To",2018,,78.376668868
12/08/2019,18/08/2019,Number of Complaints,2019,True,196
12/08/2019,18/08/2019,"Avg Complaints Per Year along Date From, Date To",2019,True,192.923076923
12/08/2019,18/08/2019,"Upper Limit along Date From, Date To",2019,True,268.993894132
12/08/2019,18/08/2019,"Lower Limit along Date From, Date To",2019,True,116.852259715
12/08/2019,18/08/2019,Number of Complaints,2020,,
12/08/2019,18/08/2019,"Avg Complaints Per Year along Date From, Date To",2020,,194.512195122
12/08/2019,18/08/2019,"Upper Limit along Date From, Date To",2020,,343.929245280
12/08/2019,18/08/2019,"Lower Limit along Date From, Date To",2020,,45.095144964
19/08/2019,25/08/2019,Number of Complaints,2016,,
19/08/2019,25/08/2019,"Avg Complaints Per Year along Date From, Date To",2016,,137.596153846
19/08/2019,25/08/2019,"Upper Limit along Date From, Date To",2016,,219.471079151
19/08/2019,25/08/2019,"Lower Limit along Date From, Date To",2016,,55.721228541
19/08/2019,25/08/2019,Number of Complaints,2017,,
19/08/2019,25/08/2019,"Avg Complaints Per Year along Date From, Date To",2017,,184.442307692
19/08/2019,25/08/2019,"Upper Limit along Date From, Date To",2017,,306.413490588
19/08/2019,25/08/2019,"Lower Limit along Date From, Date To",2017,,62.471124796
19/08/2019,25/08/2019,Number of Complaints,2018,,
19/08/2019,25/08/2019,"Avg Complaints Per Year along Date From, Date To",2018,,218.660377358
19/08/2019,25/08/2019,"Upper Limit along Date From, Date To",2018,,358.944085849
19/08/2019,25/08/2019,"Lower Limit along Date From, Date To",2018,,78.376668868
19/08/2019,25/08/2019,Number of Complaints,2019,True,211
19/08/2019,25/08/2019,"Avg Complaints Per Year along Date From, Date To",2019,True,192.923076923
19/08/2019,25/08/2019,"Upper Limit along Date From, Date To",2019,True,268.993894132
19/08/2019,25/08/2019,"Lower Limit along Date From, Date To",2019,True,116.852259715
19/08/2019,25/08/2019,Number of Complaints,2020,,
19/08/2019,25/08/2019,"Avg Complaints Per Year along Date From, Date To",2020,,194.512195122
19/08/2019,25/08/2019,"Upper Limit along Date From, Date To",2020,,343.929245280
19/08/2019,25/08/2019,"Lower Limit along Date From, Date To",2020,,45.095144964
26/08/2019,01/09/2019,Number of Complaints,2016,,
26/08/2019,01/09/2019,"Avg Complaints Per Year along Date From, Date To",2016,,137.596153846
26/08/2019,01/09/2019,"Upper Limit along Date From, Date To",2016,,219.471079151
26/08/2019,01/09/2019,"Lower Limit along Date From, Date To",2016,,55.721228541
26/08/2019,01/09/2019,Number of Complaints,2017,,
26/08/2019,01/09/2019,"Avg Complaints Per Year along Date From, Date To",2017,,184.442307692
26/08/2019,01/09/2019,"Upper Limit along Date From, Date To",2017,,306.413490588
26/08/2019,01/09/2019,"Lower Limit along Date From, Date To",2017,,62.471124796
26/08/2019,01/09/2019,Number of Complaints,2018,,
26/08/2019,01/09/2019,"Avg Complaints Per Year along Date From, Date To",2018,,218.660377358
26/08/2019,01/09/2019,"Upper Limit along Date From, Date To",2018,,358.944085849
26/08/2019,01/09/2019,"Lower Limit along Date From, Date To",2018,,78.376668868
26/08/2019,01/09/2019,Number of Complaints,2019,True,189
26/08/2019,01/09/2019,"Avg Complaints Per Year along Date From, Date To",2019,True,192.923076923
26/08/2019,01/09/2019,"Upper Limit along Date From, Date To",2019,True,268.993894132
26/08/2019,01/09/2019,"Lower Limit along Date From, Date To",2019,True,116.852259715
26/08/2019,01/09/2019,Number of Complaints,2020,,
26/08/2019,01/09/2019,"Avg Complaints Per Year along Date From, Date To",2020,,194.512195122
26/08/2019,01/09/2019,"Upper Limit along Date From, Date To",2020,,343.929245280
26/08/2019,01/09/2019,"Lower Limit along Date From, Date To",2020,,45.095144964
02/09/2019,08/09/2019,Number of Complaints,2016,,
02/09/2019,08/09/2019,"Avg Complaints Per Year along Date From, Date To",2016,,137.596153846
02/09/2019,08/09/2019,"Upper Limit along Date From, Date To",2016,,219.471079151
02/09/2019,08/09/2019,"Lower Limit along Date From, Date To",2016,,55.721228541
02/09/2019,08/09/2019,Number of Complaints,2017,,
02/09/2019,08/09/2019,"Avg Complaints Per Year along Date From, Date To",2017,,184.442307692
02/09/2019,08/09/2019,"Upper Limit along Date From, Date To",2017,,306.413490588
02/09/2019,08/09/2019,"Lower Limit along Date From, Date To",2017,,62.471124796
02/09/2019,08/09/2019,Number of Complaints,2018,,
02/09/2019,08/09/2019,"Avg Complaints Per Year along Date From, Date To",2018,,218.660377358
02/09/2019,08/09/2019,"Upper Limit along Date From, Date To",2018,,358.944085849
02/09/2019,08/09/2019,"Lower Limit along Date From, Date To",2018,,78.376668868
02/09/2019,08/09/2019,Number of Complaints,2019,True,150
02/09/2019,08/09/2019,"Avg Complaints Per Year along Date From, Date To",2019,True,192.923076923
02/09/2019,08/09/2019,"Upper Limit along Date From, Date To",2019,True,268.993894132
02/09/2019,08/09/2019,"Lower Limit along Date From, Date To",2019,True,116.852259715
02/09/2019,08/09/2019,Number of Complaints,2020,,
02/09/2019,08/09/2019,"Avg Complaints Per Year along Date From, Date To",2020,,194.512195122
02/09/2019,08/09/2019,"Upper Limit along Date From, Date To",2020,,343.929245280
02/09/2019,08/09/2019,"Lower Limit along Date From, Date To",2020,,45.095144964
09/09/2019,15/09/2019,Number of Complaints,2016,,
09/09/2019,15/09/2019,"Avg Complaints Per Year along Date From, Date To",2016,,137.596153846
09/09/2019,15/09/2019,"Upper Limit along Date From, Date To",2016,,219.471079151
09/09/2019,15/09/2019,"Lower Limit along Date From, Date To",2016,,55.721228541
09/09/2019,15/09/2019,Number of Complaints,2017,,
09/09/2019,15/09/2019,"Avg Complaints Per Year along Date From, Date To",2017,,184.442307692
09/09/2019,15/09/2019,"Upper Limit along Date From, Date To",2017,,306.413490588
09/09/2019,15/09/2019,"Lower Limit along Date From, Date To",2017,,62.471124796
09/09/2019,15/09/2019,Number of Complaints,2018,,
09/09/2019,15/09/2019,"Avg Complaints Per Year along Date From, Date To",2018,,218.660377358
09/09/2019,15/09/2019,"Upper Limit along Date From, Date To",2018,,358.944085849
09/09/2019,15/09/2019,"Lower Limit along Date From, Date To",2018,,78.376668868
09/09/2019,15/09/2019,Number of Complaints,2019,True,180
09/09/2019,15/09/2019,"Avg Complaints Per Year along Date From, Date To",2019,True,192.923076923
09/09/2019,15/09/2019,"Upper Limit along Date From, Date To",2019,True,268.993894132
09/09/2019,15/09/2019,"Lower Limit along Date From, Date To",2019,True,116.852259715
09/09/2019,15/09/2019,Number of Complaints,2020,,
09/09/2019,15/09/2019,"Avg Complaints Per Year along Date From, Date To",2020,,194.512195122
09/09/2019,15/09/2019,"Upper Limit along Date From, Date To",2020,,343.929245280
09/09/2019,15/09/2019,"Lower Limit along Date From, Date To",2020,,45.095144964
16/09/2019,22/09/2019,Number of Complaints,2016,,
16/09/2019,22/09/2019,"Avg Complaints Per Year along Date From, Date To",2016,,137.596153846
16/09/2019,22/09/2019,"Upper Limit along Date From, Date To",2016,,219.471079151
16/09/2019,22/09/2019,"Lower Limit along Date From, Date To",2016,,55.721228541
16/09/2019,22/09/2019,Number of Complaints,2017,,
16/09/2019,22/09/2019,"Avg Complaints Per Year along Date From, Date To",2017,,184.442307692
16/09/2019,22/09/2019,"Upper Limit along Date From, Date To",2017,,306.413490588
16/09/2019,22/09/2019,"Lower Limit along Date From, Date To",2017,,62.471124796
16/09/2019,22/09/2019,Number of Complaints,2018,,
16/09/2019,22/09/2019,"Avg Complaints Per Year along Date From, Date To",2018,,218.660377358
16/09/2019,22/09/2019,"Upper Limit along Date From, Date To",2018,,358.944085849
16/09/2019,22/09/2019,"Lower Limit along Date From, Date To",2018,,78.376668868
16/09/2019,22/09/2019,Number of Complaints,2019,True,176
16/09/2019,22/09/2019,"Avg Complaints Per Year along Date From, Date To",2019,True,192.923076923
16/09/2019,22/09/2019,"Upper Limit along Date From, Date To",2019,True,268.993894132
16/09/2019,22/09/2019,"Lower Limit along Date From, Date To",2019,True,116.852259715
16/09/2019,22/09/2019,Number of Complaints,2020,,
16/09/2019,22/09/2019,"Avg Complaints Per Year along Date From, Date To",2020,,194.512195122
16/09/2019,22/09/2019,"Upper Limit along Date From, Date To",2020,,343.929245280
16/09/2019,22/09/2019,"Lower Limit along Date From, Date To",2020,,45.095144964
23/09/2019,29/09/2019,Number of Complaints,2016,,
23/09/2019,29/09/2019,"Avg Complaints Per Year along Date From, Date To",2016,,137.596153846
23/09/2019,29/09/2019,"Upper Limit along Date From, Date To",2016,,219.471079151
23/09/2019,29/09/2019,"Lower Limit along Date From, Date To",2016,,55.721228541
23/09/2019,29/09/2019,Number of Complaints,2017,,
23/09/2019,29/09/2019,"Avg Complaints Per Year along Date From, Date To",2017,,184.442307692
23/09/2019,29/09/2019,"Upper Limit along Date From, Date To",2017,,306.413490588
23/09/2019,29/09/2019,"Lower Limit along Date From, Date To",2017,,62.471124796
23/09/2019,29/09/2019,Number of Complaints,2018,,
23/09/2019,29/09/2019,"Avg Complaints Per Year along Date From, Date To",2018,,218.660377358
23/09/2019,29/09/2019,"Upper Limit along Date From, Date To",2018,,358.944085849
23/09/2019,29/09/2019,"Lower Limit along Date From, Date To",2018,,78.376668868
23/09/2019,29/09/2019,Number of Complaints,2019,True,218
23/09/2019,29/09/2019,"Avg Complaints Per Year along Date From, Date To",2019,True,192.923076923
23/09/2019,29/09/2019,"Upper Limit along Date From, Date To",2019,True,268.993894132
23/09/2019,29/09/2019,"Lower Limit along Date From, Date To",2019,True,116.852259715
23/09/2019,29/09/2019,Number of Complaints,2020,,
23/09/2019,29/09/2019,"Avg Complaints Per Year along Date From, Date To",2020,,194.512195122
23/09/2019,29/09/2019,"Upper Limit along Date From, Date To",2020,,343.929245280
23/09/2019,29/09/2019,"Lower Limit along Date From, Date To",2020,,45.095144964
30/09/2019,06/10/2019,Number of Complaints,2016,,
30/09/2019,06/10/2019,"Avg Complaints Per Year along Date From, Date To",2016,,137.596153846
30/09/2019,06/10/2019,"Upper Limit along Date From, Date To",2016,,219.471079151
30/09/2019,06/10/2019,"Lower Limit along Date From, Date To",2016,,55.721228541
30/09/2019,06/10/2019,Number of Complaints,2017,,
30/09/2019,06/10/2019,"Avg Complaints Per Year along Date From, Date To",2017,,184.442307692
30/09/2019,06/10/2019,"Upper Limit along Date From, Date To",2017,,306.413490588
30/09/2019,06/10/2019,"Lower Limit along Date From, Date To",2017,,62.471124796
30/09/2019,06/10/2019,Number of Complaints,2018,,
30/09/2019,06/10/2019,"Avg Complaints Per Year along Date From, Date To",2018,,218.660377358
30/09/2019,06/10/2019,"Upper Limit along Date From, Date To",2018,,358.944085849
30/09/2019,06/10/2019,"Lower Limit along Date From, Date To",2018,,78.376668868
30/09/2019,06/10/2019,Number of Complaints,2019,True,182
30/09/2019,06/10/2019,"Avg Complaints Per Year along Date From, Date To",2019,True,192.923076923
30/09/2019,06/10/2019,"Upper Limit along Date From, Date To",2019,True,268.993894132
30/09/2019,06/10/2019,"Lower Limit along Date From, Date To",2019,True,116.852259715
30/09/2019,06/10/2019,Number of Complaints,2020,,
30/09/2019,06/10/2019,"Avg Complaints Per Year along Date From, Date To",2020,,194.512195122
30/09/2019,06/10/2019,"Upper Limit along Date From, Date To",2020,,343.929245280
30/09/2019,06/10/2019,"Lower Limit along Date From, Date To",2020,,45.095144964
07/10/2019,13/10/2019,Number of Complaints,2016,,
07/10/2019,13/10/2019,"Avg Complaints Per Year along Date From, Date To",2016,,137.596153846
07/10/2019,13/10/2019,"Upper Limit along Date From, Date To",2016,,219.471079151
07/10/2019,13/10/2019,"Lower Limit along Date From, Date To",2016,,55.721228541
07/10/2019,13/10/2019,Number of Complaints,2017,,
07/10/2019,13/10/2019,"Avg Complaints Per Year along Date From, Date To",2017,,184.442307692
07/10/2019,13/10/2019,"Upper Limit along Date From, Date To",2017,,306.413490588
07/10/2019,13/10/2019,"Lower Limit along Date From, Date To",2017,,62.471124796
07/10/2019,13/10/2019,Number of Complaints,2018,,
07/10/2019,13/10/2019,"Avg Complaints Per Year along Date From, Date To",2018,,218.660377358
07/10/2019,13/10/2019,"Upper Limit along Date From, Date To",2018,,358.944085849
07/10/2019,13/10/2019,"Lower Limit along Date From, Date To",2018,,78.376668868
07/10/2019,13/10/2019,Number of Complaints,2019,True,167
07/10/2019,13/10/2019,"Avg Complaints Per Year along Date From, Date To",2019,True,192.923076923
07/10/2019,13/10/2019,"Upper Limit along Date From, Date To",2019,True,268.993894132
07/10/2019,13/10/2019,"Lower Limit along Date From, Date To",2019,True,116.852259715
07/10/2019,13/10/2019,Number of Complaints,2020,,
07/10/2019,13/10/2019,"Avg Complaints Per Year along Date From, Date To",2020,,194.512195122
07/10/2019,13/10/2019,"Upper Limit along Date From, Date To",2020,,343.929245280
07/10/2019,13/10/2019,"Lower Limit along Date From, Date To",2020,,45.095144964
14/10/2019,20/10/2019,Number of Complaints,2016,,
14/10/2019,20/10/2019,"Avg Complaints Per Year along Date From, Date To",2016,,137.596153846
14/10/2019,20/10/2019,"Upper Limit along Date From, Date To",2016,,219.471079151
14/10/2019,20/10/2019,"Lower Limit along Date From, Date To",2016,,55.721228541
14/10/2019,20/10/2019,Number of Complaints,2017,,
14/10/2019,20/10/2019,"Avg Complaints Per Year along Date From, Date To",2017,,184.442307692
14/10/2019,20/10/2019,"Upper Limit along Date From, Date To",2017,,306.413490588
14/10/2019,20/10/2019,"Lower Limit along Date From, Date To",2017,,62.471124796
14/10/2019,20/10/2019,Number of Complaints,2018,,
14/10/2019,20/10/2019,"Avg Complaints Per Year along Date From, Date To",2018,,218.660377358
14/10/2019,20/10/2019,"Upper Limit along Date From, Date To",2018,,358.944085849
14/10/2019,20/10/2019,"Lower Limit along Date From, Date To",2018,,78.376668868
14/10/2019,20/10/2019,Number of Complaints,2019,True,186
14/10/2019,20/10/2019,"Avg Complaints Per Year along Date From, Date To",2019,True,192.923076923
14/10/2019,20/10/2019,"Upper Limit along Date From, Date To",2019,True,268.993894132
14/10/2019,20/10/2019,"Lower Limit along Date From, Date To",2019,True,116.852259715
14/10/2019,20/10/2019,Number of Complaints,2020,,
14/10/2019,20/10/2019,"Avg Complaints Per Year along Date From, Date To",2020,,194.512195122
14/10/2019,20/10/2019,"Upper Limit along Date From, Date To",2020,,343.929245280
14/10/2019,20/10/2019,"Lower Limit along Date From, Date To",2020,,45.095144964
21/10/2019,27/10/2019,Number of Complaints,2016,,
21/10/2019,27/10/2019,"Avg Complaints Per Year along Date From, Date To",2016,,137.596153846
21/10/2019,27/10/2019,"Upper Limit along Date From, Date To",2016,,219.471079151
21/10/2019,27/10/2019,"Lower Limit along Date From, Date To",2016,,55.721228541
21/10/2019,27/10/2019,Number of Complaints,2017,,
21/10/2019,27/10/2019,"Avg Complaints Per Year along Date From, Date To",2017,,184.442307692
21/10/2019,27/10/2019,"Upper Limit along Date From, Date To",2017,,306.413490588
21/10/2019,27/10/2019,"Lower Limit along Date From, Date To",2017,,62.471124796
21/10/2019,27/10/2019,Number of Complaints,2018,,
21/10/2019,27/10/2019,"Avg Complaints Per Year along Date From, Date To",2018,,218.660377358
21/10/2019,27/10/2019,"Upper Limit along Date From, Date To",2018,,358.944085849
21/10/2019,27/10/2019,"Lower Limit along Date From, Date To",2018,,78.376668868
21/10/2019,27/10/2019,Number of Complaints,2019,True,190
21/10/2019,27/10/2019,"Avg Complaints Per Year along Date From, Date To",2019,True,192.923076923
21/10/2019,27/10/2019,"Upper Limit along Date From, Date To",2019,True,268.993894132
21/10/2019,27/10/2019,"Lower Limit along Date From, Date To",2019,True,116.852259715
21/10/2019,27/10/2019,Number of Complaints,2020,,
21/10/2019,27/10/2019,"Avg Complaints Per Year along Date From, Date To",2020,,194.512195122
21/10/2019,27/10/2019,"Upper Limit along Date From, Date To",2020,,343.929245280
21/10/2019,27/10/2019,"Lower Limit along Date From, Date To",2020,,45.095144964
28/10/2019,03/11/2019,Number of Complaints,2016,,
28/10/2019,03/11/2019,"Avg Complaints Per Year along Date From, Date To",2016,,137.596153846
28/10/2019,03/11/2019,"Upper Limit along Date From, Date To",2016,,219.471079151
28/10/2019,03/11/2019,"Lower Limit along Date From, Date To",2016,,55.721228541
28/10/2019,03/11/2019,Number of Complaints,2017,,
28/10/2019,03/11/2019,"Avg Complaints Per Year along Date From, Date To",2017,,184.442307692
28/10/2019,03/11/2019,"Upper Limit along Date From, Date To",2017,,306.413490588
28/10/2019,03/11/2019,"Lower Limit along Date From, Date To",2017,,62.471124796
28/10/2019,03/11/2019,Number of Complaints,2018,,
28/10/2019,03/11/2019,"Avg Complaints Per Year along Date From, Date To",2018,,218.660377358
28/10/2019,03/11/2019,"Upper Limit along Date From, Date To",2018,,358.944085849
28/10/2019,03/11/2019,"Lower Limit along Date From, Date To",2018,,78.376668868
28/10/2019,03/11/2019,Number of Complaints,2019,True,175
28/10/2019,03/11/2019,"Avg Complaints Per Year along Date From, Date To",2019,True,192.923076923
28/10/2019,03/11/2019,"Upper Limit along Date From, Date To",2019,True,268.993894132
28/10/2019,03/11/2019,"Lower Limit along Date From, Date To",2019,True,116.852259715
28/10/2019,03/11/2019,Number of Complaints,2020,,
28/10/2019,03/11/2019,"Avg Complaints Per Year along Date From, Date To",2020,,194.512195122
28/10/2019,03/11/2019,"Upper Limit along Date From, Date To",2020,,343.929245280
28/10/2019,03/11/2019,"Lower Limit along Date From, Date To",2020,,45.095144964
04/11/2019,10/11/2019,Number of Complaints,2016,,
04/11/2019,10/11/2019,"Avg Complaints Per Year along Date From, Date To",2016,,137.596153846
04/11/2019,10/11/2019,"Upper Limit along Date From, Date To",2016,,219.471079151
04/11/2019,10/11/2019,"Lower Limit along Date From, Date To",2016,,55.721228541
04/11/2019,10/11/2019,Number of Complaints,2017,,
04/11/2019,10/11/2019,"Avg Complaints Per Year along Date From, Date To",2017,,184.442307692
04/11/2019,10/11/2019,"Upper Limit along Date From, Date To",2017,,306.413490588
04/11/2019,10/11/2019,"Lower Limit along Date From, Date To",2017,,62.471124796
04/11/2019,10/11/2019,Number of Complaints,2018,,
04/11/2019,10/11/2019,"Avg Complaints Per Year along Date From, Date To",2018,,218.660377358
04/11/2019,10/11/2019,"Upper Limit along Date From, Date To",2018,,358.944085849
04/11/2019,10/11/2019,"Lower Limit along Date From, Date To",2018,,78.376668868
04/11/2019,10/11/2019,Number of Complaints,2019,True,178
04/11/2019,10/11/2019,"Avg Complaints Per Year along Date From, Date To",2019,True,192.923076923
04/11/2019,10/11/2019,"Upper Limit along Date From, Date To",2019,True,268.993894132
04/11/2019,10/11/2019,"Lower Limit along Date From, Date To",2019,True,116.852259715
04/11/2019,10/11/2019,Number of Complaints,2020,,
04/11/2019,10/11/2019,"Avg Complaints Per Year along Date From, Date To",2020,,194.512195122
04/11/2019,10/11/2019,"Upper Limit along Date From, Date To",2020,,343.929245280
04/11/2019,10/11/2019,"Lower Limit along Date From, Date To",2020,,45.095144964
11/11/2019,17/11/2019,Number of Complaints,2016,,
11/11/2019,17/11/2019,"Avg Complaints Per Year along Date From, Date To",2016,,137.596153846
11/11/2019,17/11/2019,"Upper Limit along Date From, Date To",2016,,219.471079151
11/11/2019,17/11/2019,"Lower Limit along Date From, Date To",2016,,55.721228541
11/11/2019,17/11/2019,Number of Complaints,2017,,
11/11/2019,17/11/2019,"Avg Complaints Per Year along Date From, Date To",2017,,184.442307692
11/11/2019,17/11/2019,"Upper Limit along Date From, Date To",2017,,306.413490588
11/11/2019,17/11/2019,"Lower Limit along Date From, Date To",2017,,62.471124796
11/11/2019,17/11/2019,Number of Complaints,2018,,
11/11/2019,17/11/2019,"Avg Complaints Per Year along Date From, Date To",2018,,218.660377358
11/11/2019,17/11/2019,"Upper Limit along Date From, Date To",2018,,358.944085849
11/11/2019,17/11/2019,"Lower Limit along Date From, Date To",2018,,78.376668868
11/11/2019,17/11/2019,Number of Complaints,2019,True,152
11/11/2019,17/11/2019,"Avg Complaints Per Year along Date From, Date To",2019,True,192.923076923
11/11/2019,17/11/2019,"Upper Limit along Date From, Date To",2019,True,268.993894132
11/11/2019,17/11/2019,"Lower Limit along Date From, Date To",2019,True,116.852259715
11/11/2019,17/11/2019,Number of Complaints,2020,,
11/11/2019,17/11/2019,"Avg Complaints Per Year along Date From, Date To",2020,,194.512195122
11/11/2019,17/11/2019,"Upper Limit along Date From, Date To",2020,,343.929245280
11/11/2019,17/11/2019,"Lower Limit along Date From, Date To",2020,,45.095144964
18/11/2019,24/11/2019,Number of Complaints,2016,,
18/11/2019,24/11/2019,"Avg Complaints Per Year along Date From, Date To",2016,,137.596153846
18/11/2019,24/11/2019,"Upper Limit along Date From, Date To",2016,,219.471079151
18/11/2019,24/11/2019,"Lower Limit along Date From, Date To",2016,,55.721228541
18/11/2019,24/11/2019,Number of Complaints,2017,,
18/11/2019,24/11/2019,"Avg Complaints Per Year along Date From, Date To",2017,,184.442307692
18/11/2019,24/11/2019,"Upper Limit along Date From, Date To",2017,,306.413490588
18/11/2019,24/11/2019,"Lower Limit along Date From, Date To",2017,,62.471124796
18/11/2019,24/11/2019,Number of Complaints,2018,,
18/11/2019,24/11/2019,"Avg Complaints Per Year along Date From, Date To",2018,,218.660377358
18/11/2019,24/11/2019,"Upper Limit along Date From, Date To",2018,,358.944085849
18/11/2019,24/11/2019,"Lower Limit along Date From, Date To",2018,,78.376668868
18/11/2019,24/11/2019,Number of Complaints,2019,True,162
18/11/2019,24/11/2019,"Avg Complaints Per Year along Date From, Date To",2019,True,192.923076923
18/11/2019,24/11/2019,"Upper Limit along Date From, Date To",2019,True,268.993894132
18/11/2019,24/11/2019,"Lower Limit along Date From, Date To",2019,True,116.852259715
18/11/2019,24/11/2019,Number of Complaints,2020,,
18/11/2019,24/11/2019,"Avg Complaints Per Year along Date From, Date To",2020,,194.512195122
18/11/2019,24/11/2019,"Upper Limit along Date From, Date To",2020,,343.929245280
18/11/2019,24/11/2019,"Lower Limit along Date From, Date To",2020,,45.095144964
25/11/2019,01/12/2019,Number of Complaints,2016,,
25/11/2019,01/12/2019,"Avg Complaints Per Year along Date From, Date To",2016,,137.596153846
25/11/2019,01/12/2019,"Upper Limit along Date From, Date To",2016,,219.471079151
25/11/2019,01/12/2019,"Lower Limit along Date From, Date To",2016,,55.721228541
25/11/2019,01/12/2019,Number of Complaints,2017,,
25/11/2019,01/12/2019,"Avg Complaints Per Year along Date From, Date To",2017,,184.442307692
25/11/2019,01/12/2019,"Upper Limit along Date From, Date To",2017,,306.413490588
25/11/2019,01/12/2019,"Lower Limit along Date From, Date To",2017,,62.471124796
25/11/2019,01/12/2019,Number of Complaints,2018,,
25/11/2019,01/12/2019,"Avg Complaints Per Year along Date From, Date To",2018,,218.660377358
25/11/2019,01/12/2019,"Upper Limit along Date From, Date To",2018,,358.944085849
25/11/2019,01/12/2019,"Lower Limit along Date From, Date To",2018,,78.376668868
25/11/2019,01/12/2019,Number of Complaints,2019,True,163
25/11/2019,01/12/2019,"Avg Complaints Per Year along Date From, Date To",2019,True,192.923076923
25/11/2019,01/12/2019,"Upper Limit along Date From, Date To",2019,True,268.993894132
25/11/2019,01/12/2019,"Lower Limit along Date From, Date To",2019,True,116.852259715
25/11/2019,01/12/2019,Number of Complaints,2020,,
25/11/2019,01/12/2019,"Avg Complaints Per Year along Date From, Date To",2020,,194.512195122
25/11/2019,01/12/2019,"Upper Limit along Date From, Date To",2020,,343.929245280
25/11/2019,01/12/2019,"Lower Limit along Date From, Date To",2020,,45.095144964
02/12/2019,08/12/2019,Number of Complaints,2016,,
02/12/2019,08/12/2019,"Avg Complaints Per Year along Date From, Date To",2016,,137.596153846
02/12/2019,08/12/2019,"Upper Limit along Date From, Date To",2016,,219.471079151
02/12/2019,08/12/2019,"Lower Limit along Date From, Date To",2016,,55.721228541
02/12/2019,08/12/2019,Number of Complaints,2017,,
02/12/2019,08/12/2019,"Avg Complaints Per Year along Date From, Date To",2017,,184.442307692
02/12/2019,08/12/2019,"Upper Limit along Date From, Date To",2017,,306.413490588
02/12/2019,08/12/2019,"Lower Limit along Date From, Date To",2017,,62.471124796
02/12/2019,08/12/2019,Number of Complaints,2018,,
02/12/2019,08/12/2019,"Avg Complaints Per Year along Date From, Date To",2018,,218.660377358
02/12/2019,08/12/2019,"Upper Limit along Date From, Date To",2018,,358.944085849
02/12/2019,08/12/2019,"Lower Limit along Date From, Date To",2018,,78.376668868
02/12/2019,08/12/2019,Number of Complaints,2019,True,144
02/12/2019,08/12/2019,"Avg Complaints Per Year along Date From, Date To",2019,True,192.923076923
02/12/2019,08/12/2019,"Upper Limit along Date From, Date To",2019,True,268.993894132
02/12/2019,08/12/2019,"Lower Limit along Date From, Date To",2019,True,116.852259715
02/12/2019,08/12/2019,Number of Complaints,2020,,
02/12/2019,08/12/2019,"Avg Complaints Per Year along Date From, Date To",2020,,194.512195122
02/12/2019,08/12/2019,"Upper Limit along Date From, Date To",2020,,343.929245280
02/12/2019,08/12/2019,"Lower Limit along Date From, Date To",2020,,45.095144964
09/12/2019,15/12/2019,Number of Complaints,2016,,
09/12/2019,15/12/2019,"Avg Complaints Per Year along Date From, Date To",2016,,137.596153846
09/12/2019,15/12/2019,"Upper Limit along Date From, Date To",2016,,219.471079151
09/12/2019,15/12/2019,"Lower Limit along Date From, Date To",2016,,55.721228541
09/12/2019,15/12/2019,Number of Complaints,2017,,
09/12/2019,15/12/2019,"Avg Complaints Per Year along Date From, Date To",2017,,184.442307692
09/12/2019,15/12/2019,"Upper Limit along Date From, Date To",2017,,306.413490588
09/12/2019,15/12/2019,"Lower Limit along Date From, Date To",2017,,62.471124796
09/12/2019,15/12/2019,Number of Complaints,2018,,
09/12/2019,15/12/2019,"Avg Complaints Per Year along Date From, Date To",2018,,218.660377358
09/12/2019,15/12/2019,"Upper Limit along Date From, Date To",2018,,358.944085849
09/12/2019,15/12/2019,"Lower Limit along Date From, Date To",2018,,78.376668868
09/12/2019,15/12/2019,Number of Complaints,2019,True,173
09/12/2019,15/12/2019,"Avg Complaints Per Year along Date From, Date To",2019,True,192.923076923
09/12/2019,15/12/2019,"Upper Limit along Date From, Date To",2019,True,268.993894132
09/12/2019,15/12/2019,"Lower Limit along Date From, Date To",2019,True,116.852259715
09/12/2019,15/12/2019,Number of Complaints,2020,,
09/12/2019,15/12/2019,"Avg Complaints Per Year along Date From, Date To",2020,,194.512195122
09/12/2019,15/12/2019,"Upper Limit along Date From, Date To",2020,,343.929245280
09/12/2019,15/12/2019,"Lower Limit along Date From, Date To",2020,,45.095144964
16/12/2019,22/12/2019,Number of Complaints,2016,,
16/12/2019,22/12/2019,"Avg Complaints Per Year along Date From, Date To",2016,,137.596153846
16/12/2019,22/12/2019,"Upper Limit along Date From, Date To",2016,,219.471079151
16/12/2019,22/12/2019,"Lower Limit along Date From, Date To",2016,,55.721228541
16/12/2019,22/12/2019,Number of Complaints,2017,,
16/12/2019,22/12/2019,"Avg Complaints Per Year along Date From, Date To",2017,,184.442307692
16/12/2019,22/12/2019,"Upper Limit along Date From, Date To",2017,,306.413490588
16/12/2019,22/12/2019,"Lower Limit along Date From, Date To",2017,,62.471124796
16/12/2019,22/12/2019,Number of Complaints,2018,,
16/12/2019,22/12/2019,"Avg Complaints Per Year along Date From, Date To",2018,,218.660377358
16/12/2019,22/12/2019,"Upper Limit along Date From, Date To",2018,,358.944085849
16/12/2019,22/12/2019,"Lower Limit along Date From, Date To",2018,,78.376668868
16/12/2019,22/12/2019,Number of Complaints,2019,True,166
16/12/2019,22/12/2019,"Avg Complaints Per Year along Date From, Date To",2019,True,192.923076923
16/12/2019,22/12/2019,"Upper Limit along Date From, Date To",2019,True,268.993894132
16/12/2019,22/12/2019,"Lower Limit along Date From, Date To",2019,True,116.852259715
16/12/2019,22/12/2019,Number of Complaints,2020,,
16/12/2019,22/12/2019,"Avg Complaints Per Year along Date From, Date To",2020,,194.512195122
16/12/2019,22/12/2019,"Upper Limit along Date From, Date To",2020,,343.929245280
16/12/2019,22/12/2019,"Lower Limit along Date From, Date To",2020,,45.095144964
23/12/2019,29/12/2019,Number of Complaints,2016,,
23/12/2019,29/12/2019,"Avg Complaints Per Year along Date From, Date To",2016,,137.596153846
23/12/2019,29/12/2019,"Upper Limit along Date From, Date To",2016,,219.471079151
23/12/2019,29/12/2019,"Lower Limit along Date From, Date To",2016,,55.721228541
23/12/2019,29/12/2019,Number of Complaints,2017,,
23/12/2019,29/12/2019,"Avg Complaints Per Year along Date From, Date To",2017,,184.442307692
23/12/2019,29/12/2019,"Upper Limit along Date From, Date To",2017,,306.413490588
23/12/2019,29/12/2019,"Lower Limit along Date From, Date To",2017,,62.471124796
23/12/2019,29/12/2019,Number of Complaints,2018,,
23/12/2019,29/12/2019,"Avg Complaints Per Year along Date From, Date To",2018,,218.660377358
23/12/2019,29/12/2019,"Upper Limit along Date From, Date To",2018,,358.944085849
23/12/2019,29/12/2019,"Lower Limit along Date From, Date To",2018,,78.376668868
23/12/2019,29/12/2019,Number of Complaints,2019,True,118
23/12/2019,29/12/2019,"Avg Complaints Per Year along Date From, Date To",2019,True,192.923076923
23/12/2019,29/12/2019,"Upper Limit along Date From, Date To",2019,True,268.993894132
23/12/2019,29/12/2019,"Lower Limit along Date From, Date To",2019,True,116.852259715
23/12/2019,29/12/2019,Number of Complaints,2020,,
23/12/2019,29/12/2019,"Avg Complaints Per Year along Date From, Date To",2020,,194.512195122
23/12/2019,29/12/2019,"Upper Limit along Date From, Date To",2020,,343.929245280
23/12/2019,29/12/2019,"Lower Limit along Date From, Date To",2020,,45.095144964
30/12/2019,05/01/2020,Number of Complaints,2016,,
30/12/2019,05/01/2020,"Avg Complaints Per Year along Date From, Date To",2016,,137.596153846
30/12/2019,05/01/2020,"Upper Limit along Date From, Date To",2016,,219.471079151
30/12/2019,05/01/2020,"Lower Limit along Date From, Date To",2016,,55.721228541
30/12/2019,05/01/2020,Number of Complaints,2017,,
30/12/2019,05/01/2020,"Avg Complaints Per Year along Date From, Date To",2017,,184.442307692
30/12/2019,05/01/2020,"Upper Limit along Date From, Date To",2017,,306.413490588
30/12/2019,05/01/2020,"Lower Limit along Date From, Date To",2017,,62.471124796
30/12/2019,05/01/2020,Number of Complaints,2018,,
30/12/2019,05/01/2020,"Avg Complaints Per Year along Date From, Date To",2018,,218.660377358
30/12/2019,05/01/2020,"Upper Limit along Date From, Date To",2018,,358.944085849
30/12/2019,05/01/2020,"Lower Limit along Date From, Date To",2018,,78.376668868
30/12/2019,05/01/2020,Number of Complaints,2019,True,140
30/12/2019,05/01/2020,"Avg Complaints Per Year along Date From, Date To",2019,True,192.923076923
30/12/2019,05/01/2020,"Upper Limit along Date From, Date To",2019,True,268.993894132
30/12/2019,05/01/2020,"Lower Limit along Date From, Date To",2019,True,116.852259715
30/12/2019,05/01/2020,Number of Complaints,2020,,
30/12/2019,05/01/2020,"Avg Complaints Per Year along Date From, Date To",2020,,194.512195122
30/12/2019,05/01/2020,"Upper Limit along Date From, Date To",2020,,343.929245280
30/12/2019,05/01/2020,"Lower Limit along Date From, Date To",2020,,45.095144964
06/01/2020,12/01/2020,Number of Complaints,2016,,
06/01/2020,12/01/2020,"Avg Complaints Per Year along Date From, Date To",2016,,137.596153846
06/01/2020,12/01/2020,"Upper Limit along Date From, Date To",2016,,219.471079151
06/01/2020,12/01/2020,"Lower Limit along Date From, Date To",2016,,55.721228541
06/01/2020,12/01/2020,Number of Complaints,2017,,
06/01/2020,12/01/2020,"Avg Complaints Per Year along Date From, Date To",2017,,184.442307692
06/01/2020,12/01/2020,"Upper Limit along Date From, Date To",2017,,306.413490588
06/01/2020,12/01/2020,"Lower Limit along Date From, Date To",2017,,62.471124796
06/01/2020,12/01/2020,Number of Complaints,2018,,
06/01/2020,12/01/2020,"Avg Complaints Per Year along Date From, Date To",2018,,218.660377358
06/01/2020,12/01/2020,"Upper Limit along Date From, Date To",2018,,358.944085849
06/01/2020,12/01/2020,"Lower Limit along Date From, Date To",2018,,78.376668868
06/01/2020,12/01/2020,Number of Complaints,2019,,
06/01/2020,12/01/2020,"Avg Complaints Per Year along Date From, Date To",2019,,192.923076923
06/01/2020,12/01/2020,"Upper Limit along Date From, Date To",2019,,268.993894132
06/01/2020,12/01/2020,"Lower Limit along Date From, Date To",2019,,116.852259715
06/01/2020,12/01/2020,Number of Complaints,2020,True,169
06/01/2020,12/01/2020,"Avg Complaints Per Year along Date From, Date To",2020,True,194.512195122
06/01/2020,12/01/2020,"Upper Limit along Date From, Date To",2020,True,343.929245280
06/01/2020,12/01/2020,"Lower Limit along Date From, Date To",2020,True,45.095144964
13/01/2020,19/01/2020,Number of Complaints,2016,,
13/01/2020,19/01/2020,"Avg Complaints Per Year along Date From, Date To",2016,,137.596153846
13/01/2020,19/01/2020,"Upper Limit along Date From, Date To",2016,,219.471079151
13/01/2020,19/01/2020,"Lower Limit along Date From, Date To",2016,,55.721228541
13/01/2020,19/01/2020,Number of Complaints,2017,,
13/01/2020,19/01/2020,"Avg Complaints Per Year along Date From, Date To",2017,,184.442307692
13/01/2020,19/01/2020,"Upper Limit along Date From, Date To",2017,,306.413490588
13/01/2020,19/01/2020,"Lower Limit along Date From, Date To",2017,,62.471124796
13/01/2020,19/01/2020,Number of Complaints,2018,,
13/01/2020,19/01/2020,"Avg Complaints Per Year along Date From, Date To",2018,,218.660377358
13/01/2020,19/01/2020,"Upper Limit along Date From, Date To",2018,,358.944085849
13/01/2020,19/01/2020,"Lower Limit along Date From, Date To",2018,,78.376668868
13/01/2020,19/01/2020,Number of Complaints,2019,,
13/01/2020,19/01/2020,"Avg Complaints Per Year along Date From, Date To",2019,,192.923076923
13/01/2020,19/01/2020,"Upper Limit along Date From, Date To",2019,,268.993894132
13/01/2020,19/01/2020,"Lower Limit along Date From, Date To",2019,,116.852259715
13/01/2020,19/01/2020,Number of Complaints,2020,True,164
13/01/2020,19/01/2020,"Avg Complaints Per Year along Date From, Date To",2020,True,194.512195122
13/01/2020,19/01/2020,"Upper Limit along Date From, Date To",2020,True,343.929245280
13/01/2020,19/01/2020,"Lower Limit along Date From, Date To",2020,True,45.095144964
20/01/2020,26/01/2020,Number of Complaints,2016,,
20/01/2020,26/01/2020,"Avg Complaints Per Year along Date From, Date To",2016,,137.596153846
20/01/2020,26/01/2020,"Upper Limit along Date From, Date To",2016,,219.471079151
20/01/2020,26/01/2020,"Lower Limit along Date From, Date To",2016,,55.721228541
20/01/2020,26/01/2020,Number of Complaints,2017,,
20/01/2020,26/01/2020,"Avg Complaints Per Year along Date From, Date To",2017,,184.442307692
20/01/2020,26/01/2020,"Upper Limit along Date From, Date To",2017,,306.413490588
20/01/2020,26/01/2020,"Lower Limit along Date From, Date To",2017,,62.471124796
20/01/2020,26/01/2020,Number of Complaints,2018,,
20/01/2020,26/01/2020,"Avg Complaints Per Year along Date From, Date To",2018,,218.660377358
20/01/2020,26/01/2020,"Upper Limit along Date From, Date To",2018,,358.944085849
20/01/2020,26/01/2020,"Lower Limit along Date From, Date To",2018,,78.376668868
20/01/2020,26/01/2020,Number of Complaints,2019,,
20/01/2020,26/01/2020,"Avg Complaints Per Year along Date From, Date To",2019,,192.923076923
20/01/2020,26/01/2020,"Upper Limit along Date From, Date To",2019,,268.993894132
20/01/2020,26/01/2020,"Lower Limit along Date From, Date To",2019,,116.852259715
20/01/2020,26/01/2020,Number of Complaints,2020,True,162
20/01/2020,26/01/2020,"Avg Complaints Per Year along Date From, Date To",2020,True,194.512195122
20/01/2020,26/01/2020,"Upper Limit along Date From, Date To",2020,True,343.929245280
20/01/2020,26/01/2020,"Lower Limit along Date From, Date To",2020,True,45.095144964
27/01/2020,02/02/2020,Number of Complaints,2016,,
27/01/2020,02/02/2020,"Avg Complaints Per Year along Date From, Date To",2016,,137.596153846
27/01/2020,02/02/2020,"Upper Limit along Date From, Date To",2016,,219.471079151
27/01/2020,02/02/2020,"Lower Limit along Date From, Date To",2016,,55.721228541
27/01/2020,02/02/2020,Number of Complaints,2017,,
27/01/2020,02/02/2020,"Avg Complaints Per Year along Date From, Date To",2017,,184.442307692
27/01/2020,02/02/2020,"Upper Limit along Date From, Date To",2017,,306.413490588
27/01/2020,02/02/2020,"Lower Limit along Date From, Date To",2017,,62.471124796
27/01/2020,02/02/2020,Number of Complaints,2018,,
27/01/2020,02/02/2020,"Avg Complaints Per Year along Date From, Date To",2018,,218.660377358
27/01/2020,02/02/2020,"Upper Limit along Date From, Date To",2018,,358.944085849
27/01/2020,02/02/2020,"Lower Limit along Date From, Date To",2018,,78.376668868
27/01/2020,02/02/2020,Number of Complaints,2019,,
27/01/2020,02/02/2020,"Avg Complaints Per Year along Date From, Date To",2019,,192.923076923
27/01/2020,02/02/2020,"Upper Limit along Date From, Date To",2019,,268.993894132
27/01/2020,02/02/2020,"Lower Limit along Date From, Date To",2019,,116.852259715
27/01/2020,02/02/2020,Number of Complaints,2020,True,193
27/01/2020,02/02/2020,"Avg Complaints Per Year along Date From, Date To",2020,True,194.512195122
27/01/2020,02/02/2020,"Upper Limit along Date From, Date To",2020,True,343.929245280
27/01/2020,02/02/2020,"Lower Limit along Date From, Date To",2020,True,45.095144964
03/02/2020,09/02/2020,Number of Complaints,2016,,
03/02/2020,09/02/2020,"Avg Complaints Per Year along Date From, Date To",2016,,137.596153846
03/02/2020,09/02/2020,"Upper Limit along Date From, Date To",2016,,219.471079151
03/02/2020,09/02/2020,"Lower Limit along Date From, Date To",2016,,55.721228541
03/02/2020,09/02/2020,Number of Complaints,2017,,
03/02/2020,09/02/2020,"Avg Complaints Per Year along Date From, Date To",2017,,184.442307692
03/02/2020,09/02/2020,"Upper Limit along Date From, Date To",2017,,306.413490588
03/02/2020,09/02/2020,"Lower Limit along Date From, Date To",2017,,62.471124796
03/02/2020,09/02/2020,Number of Complaints,2018,,
03/02/2020,09/02/2020,"Avg Complaints Per Year along Date From, Date To",2018,,218.660377358
03/02/2020,09/02/2020,"Upper Limit along Date From, Date To",2018,,358.944085849
03/02/2020,09/02/2020,"Lower Limit along Date From, Date To",2018,,78.376668868
03/02/2020,09/02/2020,Number of Complaints,2019,,
03/02/2020,09/02/2020,"Avg Complaints Per Year along Date From, Date To",2019,,192.923076923
03/02/2020,09/02/2020,"Upper Limit along Date From, Date To",2019,,268.993894132
03/02/2020,09/02/2020,"Lower Limit along Date From, Date To",2019,,116.852259715
03/02/2020,09/02/2020,Number of Complaints,2020,True,188
03/02/2020,09/02/2020,"Avg Complaints Per Year along Date From, Date To",2020,True,194.512195122
03/02/2020,09/02/2020,"Upper Limit along Date From, Date To",2020,True,343.929245280
03/02/2020,09/02/2020,"Lower Limit along Date From, Date To",2020,True,45.095144964
10/02/2020,16/02/2020,Number of Complaints,2016,,
10/02/2020,16/02/2020,"Avg Complaints Per Year along Date From, Date To",2016,,137.596153846
10/02/2020,16/02/2020,"Upper Limit along Date From, Date To",2016,,219.471079151
10/02/2020,16/02/2020,"Lower Limit along Date From, Date To",2016,,55.721228541
10/02/2020,16/02/2020,Number of Complaints,2017,,
10/02/2020,16/02/2020,"Avg Complaints Per Year along Date From, Date To",2017,,184.442307692
10/02/2020,16/02/2020,"Upper Limit along Date From, Date To",2017,,306.413490588
10/02/2020,16/02/2020,"Lower Limit along Date From, Date To",2017,,62.471124796
10/02/2020,16/02/2020,Number of Complaints,2018,,
10/02/2020,16/02/2020,"Avg Complaints Per Year along Date From, Date To",2018,,218.660377358
10/02/2020,16/02/2020,"Upper Limit along Date From, Date To",2018,,358.944085849
10/02/2020,16/02/2020,"Lower Limit along Date From, Date To",2018,,78.376668868
10/02/2020,16/02/2020,Number of Complaints,2019,,
10/02/2020,16/02/2020,"Avg Complaints Per Year along Date From, Date To",2019,,192.923076923
10/02/2020,16/02/2020,"Upper Limit along Date From, Date To",2019,,268.993894132
10/02/2020,16/02/2020,"Lower Limit along Date From, Date To",2019,,116.852259715
10/02/2020,16/02/2020,Number of Complaints,2020,True,193
10/02/2020,16/02/2020,"Avg Complaints Per Year along Date From, Date To",2020,True,194.512195122
10/02/2020,16/02/2020,"Upper Limit along Date From, Date To",2020,True,343.929245280
10/02/2020,16/02/2020,"Lower Limit along Date From, Date To",2020,True,45.095144964
17/02/2020,23/02/2020,Number of Complaints,2016,,
17/02/2020,23/02/2020,"Avg Complaints Per Year along Date From, Date To",2016,,137.596153846
17/02/2020,23/02/2020,"Upper Limit along Date From, Date To",2016,,219.471079151
17/02/2020,23/02/2020,"Lower Limit along Date From, Date To",2016,,55.721228541
17/02/2020,23/02/2020,Number of Complaints,2017,,
17/02/2020,23/02/2020,"Avg Complaints Per Year along Date From, Date To",2017,,184.442307692
17/02/2020,23/02/2020,"Upper Limit along Date From, Date To",2017,,306.413490588
17/02/2020,23/02/2020,"Lower Limit along Date From, Date To",2017,,62.471124796
17/02/2020,23/02/2020,Number of Complaints,2018,,
17/02/2020,23/02/2020,"Avg Complaints Per Year along Date From, Date To",2018,,218.660377358
17/02/2020,23/02/2020,"Upper Limit along Date From, Date To",2018,,358.944085849
17/02/2020,23/02/2020,"Lower Limit along Date From, Date To",2018,,78.376668868
17/02/2020,23/02/2020,Number of Complaints,2019,,
17/02/2020,23/02/2020,"Avg Complaints Per Year along Date From, Date To",2019,,192.923076923
17/02/2020,23/02/2020,"Upper Limit along Date From, Date To",2019,,268.993894132
17/02/2020,23/02/2020,"Lower Limit along Date From, Date To",2019,,116.852259715
17/02/2020,23/02/2020,Number of Complaints,2020,True,191
17/02/2020,23/02/2020,"Avg Complaints Per Year along Date From, Date To",2020,True,194.512195122
17/02/2020,23/02/2020,"Upper Limit along Date From, Date To",2020,True,343.929245280
17/02/2020,23/02/2020,"Lower Limit along Date From, Date To",2020,True,45.095144964
24/02/2020,01/03/2020,Number of Complaints,2016,,
24/02/2020,01/03/2020,"Avg Complaints Per Year along Date From, Date To",2016,,137.596153846
24/02/2020,01/03/2020,"Upper Limit along Date From, Date To",2016,,219.471079151
24/02/2020,01/03/2020,"Lower Limit along Date From, Date To",2016,,55.721228541
24/02/2020,01/03/2020,Number of Complaints,2017,,
24/02/2020,01/03/2020,"Avg Complaints Per Year along Date From, Date To",2017,,184.442307692
24/02/2020,01/03/2020,"Upper Limit along Date From, Date To",2017,,306.413490588
24/02/2020,01/03/2020,"Lower Limit along Date From, Date To",2017,,62.471124796
24/02/2020,01/03/2020,Number of Complaints,2018,,
24/02/2020,01/03/2020,"Avg Complaints Per Year along Date From, Date To",2018,,218.660377358
24/02/2020,01/03/2020,"Upper Limit along Date From, Date To",2018,,358.944085849
24/02/2020,01/03/2020,"Lower Limit along Date From, Date To",2018,,78.376668868
24/02/2020,01/03/2020,Number of Complaints,2019,,
24/02/2020,01/03/2020,"Avg Complaints Per Year along Date From, Date To",2019,,192.923076923
24/02/2020,01/03/2020,"Upper Limit along Date From, Date To",2019,,268.993894132
24/02/2020,01/03/2020,"Lower Limit along Date From, Date To",2019,,116.852259715
24/02/2020,01/03/2020,Number of Complaints,2020,True,203
24/02/2020,01/03/2020,"Avg Complaints Per Year along Date From, Date To",2020,True,194.512195122
24/02/2020,01/03/2020,"Upper Limit along Date From, Date To",2020,True,343.929245280
24/02/2020,01/03/2020,"Lower Limit along Date From, Date To",2020,True,45.095144964
02/03/2020,08/03/2020,Number of Complaints,2016,,
02/03/2020,08/03/2020,"Avg Complaints Per Year along Date From, Date To",2016,,137.596153846
02/03/2020,08/03/2020,"Upper Limit along Date From, Date To",2016,,219.471079151
02/03/2020,08/03/2020,"Lower Limit along Date From, Date To",2016,,55.721228541
02/03/2020,08/03/2020,Number of Complaints,2017,,
02/03/2020,08/03/2020,"Avg Complaints Per Year along Date From, Date To",2017,,184.442307692
02/03/2020,08/03/2020,"Upper Limit along Date From, Date To",2017,,306.413490588
02/03/2020,08/03/2020,"Lower Limit along Date From, Date To",2017,,62.471124796
02/03/2020,08/03/2020,Number of Complaints,2018,,
02/03/2020,08/03/2020,"Avg Complaints Per Year along Date From, Date To",2018,,218.660377358
02/03/2020,08/03/2020,"Upper Limit along Date From, Date To",2018,,358.944085849
02/03/2020,08/03/2020,"Lower Limit along Date From, Date To",2018,,78.376668868
02/03/2020,08/03/2020,Number of Complaints,2019,,
02/03/2020,08/03/2020,"Avg Complaints Per Year along Date From, Date To",2019,,192.923076923
02/03/2020,08/03/2020,"Upper Limit along Date From, Date To",2019,,268.993894132
02/03/2020,08/03/2020,"Lower Limit along Date From, Date To",2019,,116.852259715
02/03/2020,08/03/2020,Number of Complaints,2020,True,169
02/03/2020,08/03/2020,"Avg Complaints Per Year along Date From, Date To",2020,True,194.512195122
02/03/2020,08/03/2020,"Upper Limit along Date From, Date To",2020,True,343.929245280
02/03/2020,08/03/2020,"Lower Limit along Date From, Date To",2020,True,45.095144964
09/03/2020,15/03/2020,Number of Complaints,2016,,
09/03/2020,15/03/2020,"Avg Complaints Per Year along Date From, Date To",2016,,137.596153846
09/03/2020,15/03/2020,"Upper Limit along Date From, Date To",2016,,219.471079151
09/03/2020,15/03/2020,"Lower Limit along Date From, Date To",2016,,55.721228541
09/03/2020,15/03/2020,Number of Complaints,2017,,
09/03/2020,15/03/2020,"Avg Complaints Per Year along Date From, Date To",2017,,184.442307692
09/03/2020,15/03/2020,"Upper Limit along Date From, Date To",2017,,306.413490588
09/03/2020,15/03/2020,"Lower Limit along Date From, Date To",2017,,62.471124796
09/03/2020,15/03/2020,Number of Complaints,2018,,
09/03/2020,15/03/2020,"Avg Complaints Per Year along Date From, Date To",2018,,218.660377358
09/03/2020,15/03/2020,"Upper Limit along Date From, Date To",2018,,358.944085849
09/03/2020,15/03/2020,"Lower Limit along Date From, Date To",2018,,78.376668868
09/03/2020,15/03/2020,Number of Complaints,2019,,
09/03/2020,15/03/2020,"Avg Complaints Per Year along Date From, Date To",2019,,192.923076923
09/03/2020,15/03/2020,"Upper Limit along Date From, Date To",2019,,268.993894132
09/03/2020,15/03/2020,"Lower Limit along Date From, Date To",2019,,116.852259715
09/03/2020,15/03/2020,Number of Complaints,2020,True,216
09/03/2020,15/03/2020,"Avg Complaints Per Year along Date From, Date To",2020,True,194.512195122
09/03/2020,15/03/2020,"Upper Limit along Date From, Date To",2020,True,343.929245280
09/03/2020,15/03/2020,"Lower Limit along Date From, Date To",2020,True,45.095144964
16/03/2020,22/03/2020,Number of Complaints,2016,,
16/03/2020,22/03/2020,"Avg Complaints Per Year along Date From, Date To",2016,,137.596153846
16/03/2020,22/03/2020,"Upper Limit along Date From, Date To",2016,,219.471079151
16/03/2020,22/03/2020,"Lower Limit along Date From, Date To",2016,,55.721228541
16/03/2020,22/03/2020,Number of Complaints,2017,,
16/03/2020,22/03/2020,"Avg Complaints Per Year along Date From, Date To",2017,,184.442307692
16/03/2020,22/03/2020,"Upper Limit along Date From, Date To",2017,,306.413490588
16/03/2020,22/03/2020,"Lower Limit along Date From, Date To",2017,,62.471124796
16/03/2020,22/03/2020,Number of Complaints,2018,,
16/03/2020,22/03/2020,"Avg Complaints Per Year along Date From, Date To",2018,,218.660377358
16/03/2020,22/03/2020,"Upper Limit along Date From, Date To",2018,,358.944085849
16/03/2020,22/03/2020,"Lower Limit along Date From, Date To",2018,,78.376668868
16/03/2020,22/03/2020,Number of Complaints,2019,,
16/03/2020,22/03/2020,"Avg Complaints Per Year along Date From, Date To",2019,,192.923076923
16/03/2020,22/03/2020,"Upper Limit along Date From, Date To",2019,,268.993894132
16/03/2020,22/03/2020,"Lower Limit along Date From, Date To",2019,,116.852259715
16/03/2020,22/03/2020,Number of Complaints,2020,True,165
16/03/2020,22/03/2020,"Avg Complaints Per Year along Date From, Date To",2020,True,194.512195122
16/03/2020,22/03/2020,"Upper Limit along Date From, Date To",2020,True,343.929245280
16/03/2020,22/03/2020,"Lower Limit along Date From, Date To",2020,True,45.095144964
23/03/2020,29/03/2020,Number of Complaints,2016,,
23/03/2020,29/03/2020,"Avg Complaints Per Year along Date From, Date To",2016,,137.596153846
23/03/2020,29/03/2020,"Upper Limit along Date From, Date To",2016,,219.471079151
23/03/2020,29/03/2020,"Lower Limit along Date From, Date To",2016,,55.721228541
23/03/2020,29/03/2020,Number of Complaints,2017,,
23/03/2020,29/03/2020,"Avg Complaints Per Year along Date From, Date To",2017,,184.442307692
23/03/2020,29/03/2020,"Upper Limit along Date From, Date To",2017,,306.413490588
23/03/2020,29/03/2020,"Lower Limit along Date From, Date To",2017,,62.471124796
23/03/2020,29/03/2020,Number of Complaints,2018,,
23/03/2020,29/03/2020,"Avg Complaints Per Year along Date From, Date To",2018,,218.660377358
23/03/2020,29/03/2020,"Upper Limit along Date From, Date To",2018,,358.944085849
23/03/2020,29/03/2020,"Lower Limit along Date From, Date To",2018,,78.376668868
23/03/2020,29/03/2020,Number of Complaints,2019,,
23/03/2020,29/03/2020,"Avg Complaints Per Year along Date From, Date To",2019,,192.923076923
23/03/2020,29/03/2020,"Upper Limit along Date From, Date To",2019,,268.993894132
23/03/2020,29/03/2020,"Lower Limit along Date From, Date To",2019,,116.852259715
23/03/2020,29/03/2020,Number of Complaints,2020,True,175
23/03/2020,29/03/2020,"Avg Complaints Per Year along Date From, Date To",2020,True,194.512195122
23/03/2020,29/03/2020,"Upper Limit along Date From, Date To",2020,True,343.929245280
23/03/2020,29/03/2020,"Lower Limit along Date From, Date To",2020,True,45.095144964
30/03/2020,05/04/2020,Number of Complaints,2016,,
30/03/2020,05/04/2020,"Avg Complaints Per Year along Date From, Date To",2016,,137.596153846
30/03/2020,05/04/2020,"Upper Limit along Date From, Date To",2016,,219.471079151
30/03/2020,05/04/2020,"Lower Limit along Date From, Date To",2016,,55.721228541
30/03/2020,05/04/2020,Number of Complaints,2017,,
30/03/2020,05/04/2020,"Avg Complaints Per Year along Date From, Date To",2017,,184.442307692
30/03/2020,05/04/2020,"Upper Limit along Date From, Date To",2017,,306.413490588
30/03/2020,05/04/2020,"Lower Limit along Date From, Date To",2017,,62.471124796
30/03/2020,05/04/2020,Number of Complaints,2018,,
30/03/2020,05/04/2020,"Avg Complaints Per Year along Date From, Date To",2018,,218.660377358
30/03/2020,05/04/2020,"Upper Limit along Date From, Date To",2018,,358.944085849
30/03/2020,05/04/2020,"Lower Limit along Date From, Date To",2018,,78.376668868
30/03/2020,05/04/2020,Number of Complaints,2019,,
30/03/2020,05/04/2020,"Avg Complaints Per Year along Date From, Date To",2019,,192.923076923
30/03/2020,05/04/2020,"Upper Limit along Date From, Date To",2019,,268.993894132
30/03/2020,05/04/2020,"Lower Limit along Date From, Date To",2019,,116.852259715
30/03/2020,05/04/2020,Number of Complaints,2020,True,192
30/03/2020,05/04/2020,"Avg Complaints Per Year along Date From, Date To",2020,True,194.512195122
30/03/2020,05/04/2020,"Upper Limit along Date From, Date To",2020,True,343.929245280
30/03/2020,05/04/2020,"Lower Limit along Date From, Date To",2020,True,45.095144964
06/04/2020,12/04/2020,Number of Complaints,2016,,
06/04/2020,12/04/2020,"Avg Complaints Per Year along Date From, Date To",2016,,137.596153846
06/04/2020,12/04/2020,"Upper Limit along Date From, Date To",2016,,219.471079151
06/04/2020,12/04/2020,"Lower Limit along Date From, Date To",2016,,55.721228541
06/04/2020,12/04/2020,Number of Complaints,2017,,
06/04/2020,12/04/2020,"Avg Complaints Per Year along Date From, Date To",2017,,184.442307692
06/04/2020,12/04/2020,"Upper Limit along Date From, Date To",2017,,306.413490588
06/04/2020,12/04/2020,"Lower Limit along Date From, Date To",2017,,62.471124796
06/04/2020,12/04/2020,Number of Complaints,2018,,
06/04/2020,12/04/2020,"Avg Complaints Per Year along Date From, Date To",2018,,218.660377358
06/04/2020,12/04/2020,"Upper Limit along Date From, Date To",2018,,358.944085849
06/04/2020,12/04/2020,"Lower Limit along Date From, Date To",2018,,78.376668868
06/04/2020,12/04/2020,Number of Complaints,2019,,
06/04/2020,12/04/2020,"Avg Complaints Per Year along Date From, Date To",2019,,192.923076923
06/04/2020,12/04/2020,"Upper Limit along Date From, Date To",2019,,268.993894132
06/04/2020,12/04/2020,"Lower Limit along Date From, Date To",2019,,116.852259715
06/04/2020,12/04/2020,Number of Complaints,2020,True,164
06/04/2020,12/04/2020,"Avg Complaints Per Year along Date From, Date To",2020,True,194.512195122
06/04/2020,12/04/2020,"Upper Limit along Date From, Date To",2020,True,343.929245280
06/04/2020,12/04/2020,"Lower Limit along Date From, Date To",2020,True,45.095144964
13/04/2020,19/04/2020,Number of Complaints,2016,,
13/04/2020,19/04/2020,"Avg Complaints Per Year along Date From, Date To",2016,,137.596153846
13/04/2020,19/04/2020,"Upper Limit along Date From, Date To",2016,,219.471079151
13/04/2020,19/04/2020,"Lower Limit along Date From, Date To",2016,,55.721228541
13/04/2020,19/04/2020,Number of Complaints,2017,,
13/04/2020,19/04/2020,"Avg Complaints Per Year along Date From, Date To",2017,,184.442307692
13/04/2020,19/04/2020,"Upper Limit along Date From, Date To",2017,,306.413490588
13/04/2020,19/04/2020,"Lower Limit along Date From, Date To",2017,,62.471124796
13/04/2020,19/04/2020,Number of Complaints,2018,,
13/04/2020,19/04/2020,"Avg Complaints Per Year along Date From, Date To",2018,,218.660377358
13/04/2020,19/04/2020,"Upper Limit along Date From, Date To",2018,,358.944085849
13/04/2020,19/04/2020,"Lower Limit along Date From, Date To",2018,,78.376668868
13/04/2020,19/04/2020,Number of Complaints,2019,,
13/04/2020,19/04/2020,"Avg Complaints Per Year along Date From, Date To",2019,,192.923076923
13/04/2020,19/04/2020,"Upper Limit along Date From, Date To",2019,,268.993894132
13/04/2020,19/04/2020,"Lower Limit along Date From, Date To",2019,,116.852259715
13/04/2020,19/04/2020,Number of Complaints,2020,True,181
13/04/2020,19/04/2020,"Avg Complaints Per Year along Date From, Date To",2020,True,194.512195122
13/04/2020,19/04/2020,"Upper Limit along Date From, Date To",2020,True,343.929245280
13/04/2020,19/04/2020,"Lower Limit along Date From, Date To",2020,True,45.095144964
20/04/2020,26/04/2020,Number of Complaints,2016,,
20/04/2020,26/04/2020,"Avg Complaints Per Year along Date From, Date To",2016,,137.596153846
20/04/2020,26/04/2020,"Upper Limit along Date From, Date To",2016,,219.471079151
20/04/2020,26/04/2020,"Lower Limit along Date From, Date To",2016,,55.721228541
20/04/2020,26/04/2020,Number of Complaints,2017,,
20/04/2020,26/04/2020,"Avg Complaints Per Year along Date From, Date To",2017,,184.442307692
20/04/2020,26/04/2020,"Upper Limit along Date From, Date To",2017,,306.413490588
20/04/2020,26/04/2020,"Lower Limit along Date From, Date To",2017,,62.471124796
20/04/2020,26/04/2020,Number of Complaints,2018,,
20/04/2020,26/04/2020,"Avg Complaints Per Year along Date From, Date To",2018,,218.660377358
20/04/2020,26/04/2020,"Upper Limit along Date From, Date To",2018,,358.944085849
20/04/2020,26/04/2020,"Lower Limit along Date From, Date To",2018,,78.376668868
20/04/2020,26/04/2020,Number of Complaints,2019,,
20/04/2020,26/04/2020,"Avg Complaints Per Year along Date From, Date To",2019,,192.923076923
20/04/2020,26/04/2020,"Upper Limit along Date From, Date To",2019,,268.993894132
20/04/2020,26/04/2020,"Lower Limit along Date From, Date To",2019,,116.852259715
20/04/2020,26/04/2020,Number of Complaints,2020,True,190
20/04/2020,26/04/2020,"Avg Complaints Per Year along Date From, Date To",2020,True,194.512195122
20/04/2020,26/04/2020,"Upper Limit along Date From, Date To",2020,True,343.929245280
20/04/2020,26/04/2020,"Lower Limit along Date From, Date To",2020,True,45.095144964
27/04/2020,03/05/2020,Number of Complaints,2016,,
27/04/2020,03/05/2020,"Avg Complaints Per Year along Date From, Date To",2016,,137.596153846
27/04/2020,03/05/2020,"Upper Limit along Date From, Date To",2016,,219.471079151
27/04/2020,03/05/2020,"Lower Limit along Date From, Date To",2016,,55.721228541
27/04/2020,03/05/2020,Number of Complaints,2017,,
27/04/2020,03/05/2020,"Avg Complaints Per Year along Date From, Date To",2017,,184.442307692
27/04/2020,03/05/2020,"Upper Limit along Date From, Date To",2017,,306.413490588
27/04/2020,03/05/2020,"Lower Limit along Date From, Date To",2017,,62.471124796
27/04/2020,03/05/2020,Number of Complaints,2018,,
27/04/2020,03/05/2020,"Avg Complaints Per Year along Date From, Date To",2018,,218.660377358
27/04/2020,03/05/2020,"Upper Limit along Date From, Date To",2018,,358.944085849
27/04/2020,03/05/2020,"Lower Limit along Date From, Date To",2018,,78.376668868
27/04/2020,03/05/2020,Number of Complaints,2019,,
27/04/2020,03/05/2020,"Avg Complaints Per Year along Date From, Date To",2019,,192.923076923
27/04/2020,03/05/2020,"Upper Limit along Date From, Date To",2019,,268.993894132
27/04/2020,03/05/2020,"Lower Limit along Date From, Date To",2019,,116.852259715
27/04/2020,03/05/2020,Number of Complaints,2020,True,207
27/04/2020,03/05/2020,"Avg Complaints Per Year along Date From, Date To",2020,True,194.512195122
27/04/2020,03/05/2020,"Upper Limit along Date From, Date To",2020,True,343.929245280
27/04/2020,03/05/2020,"Lower Limit along Date From, Date To",2020,True,45.095144964
04/05/2020,10/05/2020,Number of Complaints,2016,,
04/05/2020,10/05/2020,"Avg Complaints Per Year along Date From, Date To",2016,,137.596153846
04/05/2020,10/05/2020,"Upper Limit along Date From, Date To",2016,,219.471079151
04/05/2020,10/05/2020,"Lower Limit along Date From, Date To",2016,,55.721228541
04/05/2020,10/05/2020,Number of Complaints,2017,,
04/05/2020,10/05/2020,"Avg Complaints Per Year along Date From, Date To",2017,,184.442307692
04/05/2020,10/05/2020,"Upper Limit along Date From, Date To",2017,,306.413490588
04/05/2020,10/05/2020,"Lower Limit along Date From, Date To",2017,,62.471124796
04/05/2020,10/05/2020,Number of Complaints,2018,,
04/05/2020,10/05/2020,"Avg Complaints Per Year along Date From, Date To",2018,,218.660377358
04/05/2020,10/05/2020,"Upper Limit along Date From, Date To",2018,,358.944085849
04/05/2020,10/05/2020,"Lower Limit along Date From, Date To",2018,,78.376668868
04/05/2020,10/05/2020,Number of Complaints,2019,,
04/05/2020,10/05/2020,"Avg Complaints Per Year along Date From, Date To",2019,,192.923076923
04/05/2020,10/05/2020,"Upper Limit along Date From, Date To",2019,,268.993894132
04/05/2020,10/05/2020,"Lower Limit along Date From, Date To",2019,,116.852259715
04/05/2020,10/05/2020,Number of Complaints,2020,True,185
04/05/2020,10/05/2020,"Avg Complaints Per Year along Date From, Date To",2020,True,194.512195122
04/05/2020,10/05/2020,"Upper Limit along Date From, Date To",2020,True,343.929245280
04/05/2020,10/05/2020,"Lower Limit along Date From, Date To",2020,True,45.095144964
11/05/2020,17/05/2020,Number of Complaints,2016,,
11/05/2020,17/05/2020,"Avg Complaints Per Year along Date From, Date To",2016,,137.596153846
11/05/2020,17/05/2020,"Upper Limit along Date From, Date To",2016,,219.471079151
11/05/2020,17/05/2020,"Lower Limit along Date From, Date To",2016,,55.721228541
11/05/2020,17/05/2020,Number of Complaints,2017,,
11/05/2020,17/05/2020,"Avg Complaints Per Year along Date From, Date To",2017,,184.442307692
11/05/2020,17/05/2020,"Upper Limit along Date From, Date To",2017,,306.413490588
11/05/2020,17/05/2020,"Lower Limit along Date From, Date To",2017,,62.471124796
11/05/2020,17/05/2020,Number of Complaints,2018,,
11/05/2020,17/05/2020,"Avg Complaints Per Year along Date From, Date To",2018,,218.660377358
11/05/2020,17/05/2020,"Upper Limit along Date From, Date To",2018,,358.944085849
11/05/2020,17/05/2020,"Lower Limit along Date From, Date To",2018,,78.376668868
11/05/2020,17/05/2020,Number of Complaints,2019,,
11/05/2020,17/05/2020,"Avg Complaints Per Year along Date From, Date To",2019,,192.923076923
11/05/2020,17/05/2020,"Upper Limit along Date From, Date To",2019,,268.993894132
11/05/2020,17/05/2020,"Lower Limit along Date From, Date To",2019,,116.852259715
11/05/2020,17/05/2020,Number of Complaints,2020,True,164
11/05/2020,17/05/2020,"Avg Complaints Per Year along Date From, Date To",2020,True,194.512195122
11/05/2020,17/05/2020,"Upper Limit along Date From, Date To",2020,True,343.929245280
11/05/2020,17/05/2020,"Lower Limit along Date From, Date To",2020,True,45.095144964
18/05/2020,24/05/2020,Number of Complaints,2016,,
18/05/2020,24/05/2020,"Avg Complaints Per Year along Date From, Date To",2016,,137.596153846
18/05/2020,24/05/2020,"Upper Limit along Date From, Date To",2016,,219.471079151
18/05/2020,24/05/2020,"Lower Limit along Date From, Date To",2016,,55.721228541
18/05/2020,24/05/2020,Number of Complaints,2017,,
18/05/2020,24/05/2020,"Avg Complaints Per Year along Date From, Date To",2017,,184.442307692
18/05/2020,24/05/2020,"Upper Limit along Date From, Date To",2017,,306.413490588
18/05/2020,24/05/2020,"Lower Limit along Date From, Date To",2017,,62.471124796
18/05/2020,24/05/2020,Number of Complaints,2018,,
18/05/2020,24/05/2020,"Avg Complaints Per Year along Date From, Date To",2018,,218.660377358
18/05/2020,24/05/2020,"Upper Limit along Date From, Date To",2018,,358.944085849
18/05/2020,24/05/2020,"Lower Limit along Date From, Date To",2018,,78.376668868
18/05/2020,24/05/2020,Number of Complaints,2019,,
18/05/2020,24/05/2020,"Avg Complaints Per Year along Date From, Date To",2019,,192.923076923
18/05/2020,24/05/2020,"Upper Limit along Date From, Date To",2019,,268.993894132
18/05/2020,24/05/2020,"Lower Limit along Date From, Date To",2019,,116.852259715
18/05/2020,24/05/2020,Number of Complaints,2020,True,185
18/05/2020,24/05/2020,"Avg Complaints Per Year along Date From, Date To",2020,True,194.512195122
18/05/2020,24/05/2020,"Upper Limit along Date From, Date To",2020,True,343.929245280
18/05/2020,24/05/2020,"Lower Limit along Date From, Date To",2020,True,45.095144964
25/05/2020,31/05/2020,Number of Complaints,2016,,
25/05/2020,31/05/2020,"Avg Complaints Per Year along Date From, Date To",2016,,137.596153846
25/05/2020,31/05/2020,"Upper Limit along Date From, Date To",2016,,219.471079151
25/05/2020,31/05/2020,"Lower Limit along Date From, Date To",2016,,55.721228541
25/05/2020,31/05/2020,Number of Complaints,2017,,
25/05/2020,31/05/2020,"Avg Complaints Per Year along Date From, Date To",2017,,184.442307692
25/05/2020,31/05/2020,"Upper Limit along Date From, Date To",2017,,306.413490588
25/05/2020,31/05/2020,"Lower Limit along Date From, Date To",2017,,62.471124796
25/05/2020,31/05/2020,Number of Complaints,2018,,
25/05/2020,31/05/2020,"Avg Complaints Per Year along Date From, Date To",2018,,218.660377358
25/05/2020,31/05/2020,"Upper Limit along Date From, Date To",2018,,358.944085849
25/05/2020,31/05/2020,"Lower Limit along Date From, Date To",2018,,78.376668868
25/05/2020,31/05/2020,Number of Complaints,2019,,
25/05/2020,31/05/2020,"Avg Complaints Per Year along Date From, Date To",2019,,192.923076923
25/05/2020,31/05/2020,"Upper Limit along Date From, Date To",2019,,268.993894132
25/05/2020,31/05/2020,"Lower Limit along Date From, Date To",2019,,116.852259715
25/05/2020,31/05/2020,Number of Complaints,2020,True,177
25/05/2020,31/05/2020,"Avg Complaints Per Year along Date From, Date To",2020,True,194.512195122
25/05/2020,31/05/2020,"Upper Limit along Date From, Date To",2020,True,343.929245280
25/05/2020,31/05/2020,"Lower Limit along Date From, Date To",2020,True,45.095144964
01/06/2020,07/06/2020,Number of Complaints,2016,,
01/06/2020,07/06/2020,"Avg Complaints Per Year along Date From, Date To",2016,,137.596153846
01/06/2020,07/06/2020,"Upper Limit along Date From, Date To",2016,,219.471079151
01/06/2020,07/06/2020,"Lower Limit along Date From, Date To",2016,,55.721228541
01/06/2020,07/06/2020,Number of Complaints,2017,,
01/06/2020,07/06/2020,"Avg Complaints Per Year along Date From, Date To",2017,,184.442307692
01/06/2020,07/06/2020,"Upper Limit along Date From, Date To",2017,,306.413490588
01/06/2020,07/06/2020,"Lower Limit along Date From, Date To",2017,,62.471124796
01/06/2020,07/06/2020,Number of Complaints,2018,,
01/06/2020,07/06/2020,"Avg Complaints Per Year along Date From, Date To",2018,,218.660377358
01/06/2020,07/06/2020,"Upper Limit along Date From, Date To",2018,,358.944085849
01/06/2020,07/06/2020,"Lower Limit along Date From, Date To",2018,,78.376668868
01/06/2020,07/06/2020,Number of Complaints,2019,,
01/06/2020,07/06/2020,"Avg Complaints Per Year along Date From, Date To",2019,,192.923076923
01/06/2020,07/06/2020,"Upper Limit along Date From, Date To",2019,,268.993894132
01/06/2020,07/06/2020,"Lower Limit along Date From, Date To",2019,,116.852259715
01/06/2020,07/06/2020,Number of Complaints,2020,True,219
01/06/2020,07/06/2020,"Avg Complaints Per Year along Date From, Date To",2020,True,194.512195122
01/06/2020,07/06/2020,"Upper Limit along Date From, Date To",2020,True,343.929245280
01/06/2020,07/06/2020,"Lower Limit along Date From, Date To",2020,True,45.095144964
08/06/2020,14/06/2020,Number of Complaints,2016,,
08/06/2020,14/06/2020,"Avg Complaints Per Year along Date From, Date To",2016,,137.596153846
08/06/2020,14/06/2020,"Upper Limit along Date From, Date To",2016,,219.471079151
08/06/2020,14/06/2020,"Lower Limit along Date From, Date To",2016,,55.721228541
08/06/2020,14/06/2020,Number of Complaints,2017,,
08/06/2020,14/06/2020,"Avg Complaints Per Year along Date From, Date To",2017,,184.442307692
08/06/2020,14/06/2020,"Upper Limit along Date From, Date To",2017,,306.413490588
08/06/2020,14/06/2020,"Lower Limit along Date From, Date To",2017,,62.471124796
08/06/2020,14/06/2020,Number of Complaints,2018,,
08/06/2020,14/06/2020,"Avg Complaints Per Year along Date From, Date To",2018,,218.660377358
08/06/2020,14/06/2020,"Upper Limit along Date From, Date To",2018,,358.944085849
08/06/2020,14/06/2020,"Lower Limit along Date From, Date To",2018,,78.376668868
08/06/2020,14/06/2020,Number of Complaints,2019,,
08/06/2020,14/06/2020,"Avg Complaints Per Year along Date From, Date To",2019,,192.923076923
08/06/2020,14/06/2020,"Upper Limit along Date From, Date To",2019,,268.993894132
08/06/2020,14/06/2020,"Lower Limit along Date From, Date To",2019,,116.852259715
08/06/2020,14/06/2020,Number of Complaints,2020,True,181
08/06/2020,14/06/2020,"Avg Complaints Per Year along Date From, Date To",2020,True,194.512195122
08/06/2020,14/06/2020,"Upper Limit along Date From, Date To",2020,True,343.929245280
08/06/2020,14/06/2020,"Lower Limit along Date From, Date To",2020,True,45.095144964
15/06/2020,21/06/2020,Number of Complaints,2016,,
15/06/2020,21/06/2020,"Avg Complaints Per Year along Date From, Date To",2016,,137.596153846
15/06/2020,21/06/2020,"Upper Limit along Date From, Date To",2016,,219.471079151
15/06/2020,21/06/2020,"Lower Limit along Date From, Date To",2016,,55.721228541
15/06/2020,21/06/2020,Number of Complaints,2017,,
15/06/2020,21/06/2020,"Avg Complaints Per Year along Date From, Date To",2017,,184.442307692
15/06/2020,21/06/2020,"Upper Limit along Date From, Date To",2017,,306.413490588
15/06/2020,21/06/2020,"Lower Limit along Date From, Date To",2017,,62.471124796
15/06/2020,21/06/2020,Number of Complaints,2018,,
15/06/2020,21/06/2020,"Avg Complaints Per Year along Date From, Date To",2018,,218.660377358
15/06/2020,21/06/2020,"Upper Limit along Date From, Date To",2018,,358.944085849
15/06/2020,21/06/2020,"Lower Limit along Date From, Date To",2018,,78.376668868
15/06/2020,21/06/2020,Number of Complaints,2019,,
15/06/2020,21/06/2020,"Avg Complaints Per Year along Date From, Date To",2019,,192.923076923
15/06/2020,21/06/2020,"Upper Limit along Date From, Date To",2019,,268.993894132
15/06/2020,21/06/2020,"Lower Limit along Date From, Date To",2019,,116.852259715
15/06/2020,21/06/2020,Number of Complaints,2020,True,204
15/06/2020,21/06/2020,"Avg Complaints Per Year along Date From, Date To",2020,True,194.512195122
15/06/2020,21/06/2020,"Upper Limit along Date From, Date To",2020,True,343.929245280
15/06/2020,21/06/2020,"Lower Limit along Date From, Date To",2020,True,45.095144964
22/06/2020,28/06/2020,Number of Complaints,2016,,
22/06/2020,28/06/2020,"Avg Complaints Per Year along Date From, Date To",2016,,137.596153846
22/06/2020,28/06/2020,"Upper Limit along Date From, Date To",2016,,219.471079151
22/06/2020,28/06/2020,"Lower Limit along Date From, Date To",2016,,55.721228541
22/06/2020,28/06/2020,Number of Complaints,2017,,
22/06/2020,28/06/2020,"Avg Complaints Per Year along Date From, Date To",2017,,184.442307692
22/06/2020,28/06/2020,"Upper Limit along Date From, Date To",2017,,306.413490588
22/06/2020,28/06/2020,"Lower Limit along Date From, Date To",2017,,62.471124796
22/06/2020,28/06/2020,Number of Complaints,2018,,
22/06/2020,28/06/2020,"Avg Complaints Per Year along Date From, Date To",2018,,218.660377358
22/06/2020,28/06/2020,"Upper Limit along Date From, Date To",2018,,358.944085849
22/06/2020,28/06/2020,"Lower Limit along Date From, Date To",2018,,78.376668868
22/06/2020,28/06/2020,Number of Complaints,2019,,
22/06/2020,28/06/2020,"Avg Complaints Per Year along Date From, Date To",2019,,192.923076923
22/06/2020,28/06/2020,"Upper Limit along Date From, Date To",2019,,268.993894132
22/06/2020,28/06/2020,"Lower Limit along Date From, Date To",2019,,116.852259715
22/06/2020,28/06/2020,Number of Complaints,2020,True,237
22/06/2020,28/06/2020,"Avg Complaints Per Year along Date From, Date To",2020,True,194.512195122
22/06/2020,28/06/2020,"Upper Limit along Date From, Date To",2020,True,343.929245280
22/06/2020,28/06/2020,"Lower Limit along Date From, Date To",2020,True,45.095144964
29/06/2020,05/07/2020,Number of Complaints,2016,,
29/06/2020,05/07/2020,"Avg Complaints Per Year along Date From, Date To",2016,,137.596153846
29/06/2020,05/07/2020,"Upper Limit along Date From, Date To",2016,,219.471079151
29/06/2020,05/07/2020,"Lower Limit along Date From, Date To",2016,,55.721228541
29/06/2020,05/07/2020,Number of Complaints,2017,,
29/06/2020,05/07/2020,"Avg Complaints Per Year along Date From, Date To",2017,,184.442307692
29/06/2020,05/07/2020,"Upper Limit along Date From, Date To",2017,,306.413490588
29/06/2020,05/07/2020,"Lower Limit along Date From, Date To",2017,,62.471124796
29/06/2020,05/07/2020,Number of Complaints,2018,,
29/06/2020,05/07/2020,"Avg Complaints Per Year along Date From, Date To",2018,,218.660377358
29/06/2020,05/07/2020,"Upper Limit along Date From, Date To",2018,,358.944085849
29/06/2020,05/07/2020,"Lower Limit along Date From, Date To",2018,,78.376668868
29/06/2020,05/07/2020,Number of Complaints,2019,,
29/06/2020,05/07/2020,"Avg Complaints Per Year along Date From, Date To",2019,,192.923076923
29/06/2020,05/07/2020,"Upper Limit along Date From, Date To",2019,,268.993894132
29/06/2020,05/07/2020,"Lower Limit along Date From, Date To",2019,,116.852259715
29/06/2020,05/07/2020,Number of Complaints,2020,True,200
29/06/2020,05/07/2020,"Avg Complaints Per Year along Date From, Date To",2020,True,194.512195122
29/06/2020,05/07/2020,"Upper Limit along Date From, Date To",2020,True,343.929245280
29/06/2020,05/07/2020,"Lower Limit along Date From, Date To",2020,True,45.095144964
06/07/2020,12/07/2020,Number of Complaints,2016,,
06/07/2020,12/07/2020,"Avg Complaints Per Year along Date From, Date To",2016,,137.596153846
06/07/2020,12/07/2020,"Upper Limit along Date From, Date To",2016,,219.471079151
06/07/2020,12/07/2020,"Lower Limit along Date From, Date To",2016,,55.721228541
06/07/2020,12/07/2020,Number of Complaints,2017,,
06/07/2020,12/07/2020,"Avg Complaints Per Year along Date From, Date To",2017,,184.442307692
06/07/2020,12/07/2020,"Upper Limit along Date From, Date To",2017,,306.413490588
06/07/2020,12/07/2020,"Lower Limit along Date From, Date To",2017,,62.471124796
06/07/2020,12/07/2020,Number of Complaints,2018,,
06/07/2020,12/07/2020,"Avg Complaints Per Year along Date From, Date To",2018,,218.660377358
06/07/2020,12/07/2020,"Upper Limit along Date From, Date To",2018,,358.944085849
06/07/2020,12/07/2020,"Lower Limit along Date From, Date To",2018,,78.376668868
06/07/2020,12/07/2020,Number of Complaints,2019,,
06/07/2020,12/07/2020,"Avg Complaints Per Year along Date From, Date To",2019,,192.923076923
06/07/2020,12/07/2020,"Upper Limit along Date From, Date To",2019,,268.993894132
06/07/2020,12/07/2020,"Lower Limit along Date From, Date To",2019,,116.852259715
06/07/2020,12/07/2020,Number of Complaints,2020,True,235
06/07/2020,12/07/2020,"Avg Complaints Per Year along Date From, Date To",2020,True,194.512195122
06/07/2020,12/07/2020,"Upper Limit along Date From, Date To",2020,True,343.929245280
06/07/2020,12/07/2020,"Lower Limit along Date From, Date To",2020,True,45.095144964
13/07/2020,19/07/2020,Number of Complaints,2016,,
13/07/2020,19/07/2020,"Avg Complaints Per Year along Date From, Date To",2016,,137.596153846
13/07/2020,19/07/2020,"Upper Limit along Date From, Date To",2016,,219.471079151
13/07/2020,19/07/2020,"Lower Limit along Date From, Date To",2016,,55.721228541
13/07/2020,19/07/2020,Number of Complaints,2017,,
13/07/2020,19/07/2020,"Avg Complaints Per Year along Date From, Date To",2017,,184.442307692
13/07/2020,19/07/2020,"Upper Limit along Date From, Date To",2017,,306.413490588
13/07/2020,19/07/2020,"Lower Limit along Date From, Date To",2017,,62.471124796
13/07/2020,19/07/2020,Number of Complaints,2018,,
13/07/2020,19/07/2020,"Avg Complaints Per Year along Date From, Date To",2018,,218.660377358
13/07/2020,19/07/2020,"Upper Limit along Date From, Date To",2018,,358.944085849
13/07/2020,19/07/2020,"Lower Limit along Date From, Date To",2018,,78.376668868
13/07/2020,19/07/2020,Number of Complaints,2019,,
13/07/2020,19/07/2020,"Avg Complaints Per Year along Date From, Date To",2019,,192.923076923
13/07/2020,19/07/2020,"Upper Limit along Date From, Date To",2019,,268.993894132
13/07/2020,19/07/2020,"Lower Limit along Date From, Date To",2019,,116.852259715
13/07/2020,19/07/2020,Number of Complaints,2020,True,226
13/07/2020,19/07/2020,"Avg Complaints Per Year along Date From, Date To",2020,True,194.512195122
13/07/2020,19/07/2020,"Upper Limit along Date From, Date To",2020,True,343.929245280
13/07/2020,19/07/2020,"Lower Limit along Date From, Date To",2020,True,45.095144964
20/07/2020,26/07/2020,Number of Complaints,2016,,
20/07/2020,26/07/2020,"Avg Complaints Per Year along Date From, Date To",2016,,137.596153846
20/07/2020,26/07/2020,"Upper Limit along Date From, Date To",2016,,219.471079151
20/07/2020,26/07/2020,"Lower Limit along Date From, Date To",2016,,55.721228541
20/07/2020,26/07/2020,Number of Complaints,2017,,
20/07/2020,26/07/2020,"Avg Complaints Per Year along Date From, Date To",2017,,184.442307692
20/07/2020,26/07/2020,"Upper Limit along Date From, Date To",2017,,306.413490588
20/07/2020,26/07/2020,"Lower Limit along Date From, Date To",2017,,62.471124796
20/07/2020,26/07/2020,Number of Complaints,2018,,
20/07/2020,26/07/2020,"Avg Complaints Per Year along Date From, Date To",2018,,218.660377358
20/07/2020,26/07/2020,"Upper Limit along Date From, Date To",2018,,358.944085849
20/07/2020,26/07/2020,"Lower Limit along Date From, Date To",2018,,78.376668868
20/07/2020,26/07/2020,Number of Complaints,2019,,
20/07/2020,26/07/2020,"Avg Complaints Per Year along Date From, Date To",2019,,192.923076923
20/07/2020,26/07/2020,"Upper Limit along Date From, Date To",2019,,268.993894132
20/07/2020,26/07/2020,"Lower Limit along Date From, Date To",2019,,116.852259715
20/07/2020,26/07/2020,Number of Complaints,2020,True,200
20/07/2020,26/07/2020,"Avg Complaints Per Year along Date From, Date To",2020,True,194.512195122
20/07/2020,26/07/2020,"Upper Limit along Date From, Date To",2020,True,343.929245280
20/07/2020,26/07/2020,"Lower Limit along Date From, Date To",2020,True,45.095144964
27/07/2020,02/08/2020,Number of Complaints,2016,,
27/07/2020,02/08/2020,"Avg Complaints Per Year along Date From, Date To",2016,,137.596153846
27/07/2020,02/08/2020,"Upper Limit along Date From, Date To",2016,,219.471079151
27/07/2020,02/08/2020,"Lower Limit along Date From, Date To",2016,,55.721228541
27/07/2020,02/08/2020,Number of Complaints,2017,,
27/07/2020,02/08/2020,"Avg Complaints Per Year along Date From, Date To",2017,,184.442307692
27/07/2020,02/08/2020,"Upper Limit along Date From, Date To",2017,,306.413490588
27/07/2020,02/08/2020,"Lower Limit along Date From, Date To",2017,,62.471124796
27/07/2020,02/08/2020,Number of Complaints,2018,,
27/07/2020,02/08/2020,"Avg Complaints Per Year along Date From, Date To",2018,,218.660377358
27/07/2020,02/08/2020,"Upper Limit along Date From, Date To",2018,,358.944085849
27/07/2020,02/08/2020,"Lower Limit along Date From, Date To",2018,,78.376668868
27/07/2020,02/08/2020,Number of Complaints,2019,,
27/07/2020,02/08/2020,"Avg Complaints Per Year along Date From, Date To",2019,,192.923076923
27/07/2020,02/08/2020,"Upper Limit along Date From, Date To",2019,,268.993894132
27/07/2020,02/08/2020,"Lower Limit along Date From, Date To",2019,,116.852259715
27/07/2020,02/08/2020,Number of Complaints,2020,True,194
27/07/2020,02/08/2020,"Avg Complaints Per Year along Date From, Date To",2020,True,194.512195122
27/07/2020,02/08/2020,"Upper Limit along Date From, Date To",2020,True,343.929245280
27/07/2020,02/08/2020,"Lower Limit along Date From, Date To",2020,True,45.095144964
03/08/2020,09/08/2020,Number of Complaints,2016,,
03/08/2020,09/08/2020,"Avg Complaints Per Year along Date From, Date To",2016,,137.596153846
03/08/2020,09/08/2020,"Upper Limit along Date From, Date To",2016,,219.471079151
03/08/2020,09/08/2020,"Lower Limit along Date From, Date To",2016,,55.721228541
03/08/2020,09/08/2020,Number of Complaints,2017,,
03/08/2020,09/08/2020,"Avg Complaints Per Year along Date From, Date To",2017,,184.442307692
03/08/2020,09/08/2020,"Upper Limit along Date From, Date To",2017,,306.413490588
03/08/2020,09/08/2020,"Lower Limit along Date From, Date To",2017,,62.471124796
03/08/2020,09/08/2020,Number of Complaints,2018,,
03/08/2020,09/08/2020,"Avg Complaints Per Year along Date From, Date To",2018,,218.660377358
03/08/2020,09/08/2020,"Upper Limit along Date From, Date To",2018,,358.944085849
03/08/2020,09/08/2020,"Lower Limit along Date From, Date To",2018,,78.376668868
03/08/2020,09/08/2020,Number of Complaints,2019,,
03/08/2020,09/08/2020,"Avg Complaints Per Year along Date From, Date To",2019,,192.923076923
03/08/2020,09/08/2020,"Upper Limit along Date From, Date To",2019,,268.993894132
03/08/2020,09/08/2020,"Lower Limit along Date From, Date To",2019,,116.852259715
03/08/2020,09/08/2020,Number of Complaints,2020,True,184
03/08/2020,09/08/2020,"Avg Complaints Per Year along Date From, Date To",2020,True,194.512195122
03/08/2020,09/08/2020,"Upper Limit along Date From, Date To",2020,True,343.929245280
03/08/2020,09/08/2020,"Lower Limit along Date From, Date To",2020,True,45.095144964
10/08/2020,16/08/2020,Number of Complaints,2016,,
10/08/2020,16/08/2020,"Avg Complaints Per Year along Date From, Date To",2016,,137.596153846
10/08/2020,16/08/2020,"Upper Limit along Date From, Date To",2016,,219.471079151
10/08/2020,16/08/2020,"Lower Limit along Date From, Date To",2016,,55.721228541
10/08/2020,16/08/2020,Number of Complaints,2017,,
10/08/2020,16/08/2020,"Avg Complaints Per Year along Date From, Date To",2017,,184.442307692
10/08/2020,16/08/2020,"Upper Limit along Date From, Date To",2017,,306.413490588
10/08/2020,16/08/2020,"Lower Limit along Date From, Date To",2017,,62.471124796
10/08/2020,16/08/2020,Number of Complaints,2018,,
10/08/2020,16/08/2020,"Avg Complaints Per Year along Date From, Date To",2018,,218.660377358
10/08/2020,16/08/2020,"Upper Limit along Date From, Date To",2018,,358.944085849
10/08/2020,16/08/2020,"Lower Limit along Date From, Date To",2018,,78.376668868
10/08/2020,16/08/2020,Number of Complaints,2019,,
10/08/2020,16/08/2020,"Avg Complaints Per Year along Date From, Date To",2019,,192.923076923
10/08/2020,16/08/2020,"Upper Limit along Date From, Date To",2019,,268.993894132
10/08/2020,16/08/2020,"Lower Limit along Date From, Date To",2019,,116.852259715
10/08/2020,16/08/2020,Number of Complaints,2020,True,195
10/08/2020,16/08/2020,"Avg Complaints Per Year along Date From, Date To",2020,True,194.512195122
10/08/2020,16/08/2020,"Upper Limit along Date From, Date To",2020,True,343.929245280
10/08/2020,16/08/2020,"Lower Limit along Date From, Date To",2020,True,45.095144964
17/08/2020,23/08/2020,Number of Complaints,2016,,
17/08/2020,23/08/2020,"Avg Complaints Per Year along Date From, Date To",2016,,137.596153846
17/08/2020,23/08/2020,"Upper Limit along Date From, Date To",2016,,219.471079151
17/08/2020,23/08/2020,"Lower Limit along Date From, Date To",2016,,55.721228541
17/08/2020,23/08/2020,Number of Complaints,2017,,
17/08/2020,23/08/2020,"Avg Complaints Per Year along Date From, Date To",2017,,184.442307692
17/08/2020,23/08/2020,"Upper Limit along Date From, Date To",2017,,306.413490588
17/08/2020,23/08/2020,"Lower Limit along Date From, Date To",2017,,62.471124796
17/08/2020,23/08/2020,Number of Complaints,2018,,
17/08/2020,23/08/2020,"Avg Complaints Per Year along Date From, Date To",2018,,218.660377358
17/08/2020,23/08/2020,"Upper Limit along Date From, Date To",2018,,358.944085849
17/08/2020,23/08/2020,"Lower Limit along Date From, Date To",2018,,78.376668868
17/08/2020,23/08/2020,Number of Complaints,2019,,
17/08/2020,23/08/2020,"Avg Complaints Per Year along Date From, Date To",2019,,192.923076923
17/08/2020,23/08/2020,"Upper Limit along Date From, Date To",2019,,268.993894132
17/08/2020,23/08/2020,"Lower Limit along Date From, Date To",2019,,116.852259715
17/08/2020,23/08/2020,Number of Complaints,2020,True,220
17/08/2020,23/08/2020,"Avg Complaints Per Year along Date From, Date To",2020,True,194.512195122
17/08/2020,23/08/2020,"Upper Limit along Date From, Date To",2020,True,343.929245280
17/08/2020,23/08/2020,"Lower Limit along Date From, Date To",2020,True,45.095144964
24/08/2020,30/08/2020,Number of Complaints,2016,,
24/08/2020,30/08/2020,"Avg Complaints Per Year along Date From, Date To",2016,,137.596153846
24/08/2020,30/08/2020,"Upper Limit along Date From, Date To",2016,,219.471079151
24/08/2020,30/08/2020,"Lower Limit along Date From, Date To",2016,,55.721228541
24/08/2020,30/08/2020,Number of Complaints,2017,,
24/08/2020,30/08/2020,"Avg Complaints Per Year along Date From, Date To",2017,,184.442307692
24/08/2020,30/08/2020,"Upper Limit along Date From, Date To",2017,,306.413490588
24/08/2020,30/08/2020,"Lower Limit along Date From, Date To",2017,,62.471124796
24/08/2020,30/08/2020,Number of Complaints,2018,,
24/08/2020,30/08/2020,"Avg Complaints Per Year along Date From, Date To",2018,,218.660377358
24/08/2020,30/08/2020,"Upper Limit along Date From, Date To",2018,,358.944085849
24/08/2020,30/08/2020,"Lower Limit along Date From, Date To",2018,,78.376668868
24/08/2020,30/08/2020,Number of Complaints,2019,,
24/08/2020,30/08/2020,"Avg Complaints Per Year along Date From, Date To",2019,,192.923076923
24/08/2020,30/08/2020,"Upper Limit along Date From, Date To",2019,,268.993894132
24/08/2020,30/08/2020,"Lower Limit along Date From, Date To",2019,,116.852259715
24/08/2020,30/08/2020,Number of Complaints,2020,True,271
24/08/2020,30/08/2020,"Avg Complaints Per Year along Date From, Date To",2020,True,194.512195122
24/08/2020,30/08/2020,"Upper Limit along Date From, Date To",2020,True,343.929245280
24/08/2020,30/08/2020,"Lower Limit along Date From, Date To",2020,True,45.095144964
31/08/2020,06/09/2020,Number of Complaints,2016,,
31/08/2020,06/09/2020,"Avg Complaints Per Year along Date From, Date To",2016,,137.596153846
31/08/2020,06/09/2020,"Upper Limit along Date From, Date To",2016,,219.471079151
31/08/2020,06/09/2020,"Lower Limit along Date From, Date To",2016,,55.721228541
31/08/2020,06/09/2020,Number of Complaints,2017,,
31/08/2020,06/09/2020,"Avg Complaints Per Year along Date From, Date To",2017,,184.442307692
31/08/2020,06/09/2020,"Upper Limit along Date From, Date To",2017,,306.413490588
31/08/2020,06/09/2020,"Lower Limit along Date From, Date To",2017,,62.471124796
31/08/2020,06/09/2020,Number of Complaints,2018,,
31/08/2020,06/09/2020,"Avg Complaints Per Year along Date From, Date To",2018,,218.660377358
31/08/2020,06/09/2020,"Upper Limit along Date From, Date To",2018,,358.944085849
31/08/2020,06/09/2020,"Lower Limit along Date From, Date To",2018,,78.376668868
31/08/2020,06/09/2020,Number of Complaints,2019,,
31/08/2020,06/09/2020,"Avg Complaints Per Year along Date From, Date To",2019,,192.923076923
31/08/2020,06/09/2020,"Upper Limit along Date From, Date To",2019,,268.993894132
31/08/2020,06/09/2020,"Lower Limit along Date From, Date To",2019,,116.852259715
31/08/2020,06/09/2020,Number of Complaints,2020,True,264
31/08/2020,06/09/2020,"Avg Complaints Per Year along Date From, Date To",2020,True,194.512195122
31/08/2020,06/09/2020,"Upper Limit along Date From, Date To",2020,True,343.929245280
31/08/2020,06/09/2020,"Lower Limit along Date From, Date To",2020,True,45.095144964
07/09/2020,13/09/2020,Number of Complaints,2016,,
07/09/2020,13/09/2020,"Avg Complaints Per Year along Date From, Date To",2016,,137.596153846
07/09/2020,13/09/2020,"Upper Limit along Date From, Date To",2016,,219.471079151
07/09/2020,13/09/2020,"Lower Limit along Date From, Date To",2016,,55.721228541
07/09/2020,13/09/2020,Number of Complaints,2017,,
07/09/2020,13/09/2020,"Avg Complaints Per Year along Date From, Date To",2017,,184.442307692
07/09/2020,13/09/2020,"Upper Limit along Date From, Date To",2017,,306.413490588
07/09/2020,13/09/2020,"Lower Limit along Date From, Date To",2017,,62.471124796
07/09/2020,13/09/2020,Number of Complaints,2018,,
07/09/2020,13/09/2020,"Avg Complaints Per Year along Date From, Date To",2018,,218.660377358
07/09/2020,13/09/2020,"Upper Limit along Date From, Date To",2018,,358.944085849
07/09/2020,13/09/2020,"Lower Limit along Date From, Date To",2018,,78.376668868
07/09/2020,13/09/2020,Number of Complaints,2019,,
07/09/2020,13/09/2020,"Avg Complaints Per Year along Date From, Date To",2019,,192.923076923
07/09/2020,13/09/2020,"Upper Limit along Date From, Date To",2019,,268.993894132
07/09/2020,13/09/2020,"Lower Limit along Date From, Date To",2019,,116.852259715
07/09/2020,13/09/2020,Number of Complaints,2020,True,248
07/09/2020,13/09/2020,"Avg Complaints Per Year along Date From, Date To",2020,True,194.512195122
07/09/2020,13/09/2020,"Upper Limit along Date From, Date To",2020,True,343.929245280
07/09/2020,13/09/2020,"Lower Limit along Date From, Date To",2020,True,45.095144964
14/09/2020,20/09/2020,Number of Complaints,2016,,
14/09/2020,20/09/2020,"Avg Complaints Per Year along Date From, Date To",2016,,137.596153846
14/09/2020,20/09/2020,"Upper Limit along Date From, Date To",2016,,219.471079151
14/09/2020,20/09/2020,"Lower Limit along Date From, Date To",2016,,55.721228541
14/09/2020,20/09/2020,Number of Complaints,2017,,
14/09/2020,20/09/2020,"Avg Complaints Per Year along Date From, Date To",2017,,184.442307692
14/09/2020,20/09/2020,"Upper Limit along Date From, Date To",2017,,306.413490588
14/09/2020,20/09/2020,"Lower Limit along Date From, Date To",2017,,62.471124796
14/09/2020,20/09/2020,Number of Complaints,2018,,
14/09/2020,20/09/2020,"Avg Complaints Per Year along Date From, Date To",2018,,218.660377358
14/09/2020,20/09/2020,"Upper Limit along Date From, Date To",2018,,358.944085849
14/09/2020,20/09/2020,"Lower Limit along Date From, Date To",2018,,78.376668868
14/09/2020,20/09/2020,Number of Complaints,2019,,
14/09/2020,20/09/2020,"Avg Complaints Per Year along Date From, Date To",2019,,192.923076923
14/09/2020,20/09/2020,"Upper Limit along Date From, Date To",2019,,268.993894132
14/09/2020,20/09/2020,"Lower Limit along Date From, Date To",2019,,116.852259715
14/09/2020,20/09/2020,Number of Complaints,2020,True,265
14/09/2020,20/09/2020,"Avg Complaints Per Year along Date From, Date To",2020,True,194.512195122
14/09/2020,20/09/2020,"Upper Limit along Date From, Date To",2020,True,343.929245280
14/09/2020,20/09/2020,"Lower Limit along Date From, Date To",2020,True,45.095144964
21/09/2020,27/09/2020,Number of Complaints,2016,,
21/09/2020,27/09/2020,"Avg Complaints Per Year along Date From, Date To",2016,,137.596153846
21/09/2020,27/09/2020,"Upper Limit along Date From, Date To",2016,,219.471079151
21/09/2020,27/09/2020,"Lower Limit along Date From, Date To",2016,,55.721228541
21/09/2020,27/09/2020,Number of Complaints,2017,,
21/09/2020,27/09/2020,"Avg Complaints Per Year along Date From, Date To",2017,,184.442307692
21/09/2020,27/09/2020,"Upper Limit along Date From, Date To",2017,,306.413490588
21/09/2020,27/09/2020,"Lower Limit along Date From, Date To",2017,,62.471124796
21/09/2020,27/09/2020,Number of Complaints,2018,,
21/09/2020,27/09/2020,"Avg Complaints Per Year along Date From, Date To",2018,,218.660377358
21/09/2020,27/09/2020,"Upper Limit along Date From, Date To",2018,,358.944085849
21/09/2020,27/09/2020,"Lower Limit along Date From, Date To",2018,,78.376668868
21/09/2020,27/09/2020,Number of Complaints,2019,,
21/09/2020,27/09/2020,"Avg Complaints Per Year along Date From, Date To",2019,,192.923076923
21/09/2020,27/09/2020,"Upper Limit along Date From, Date To",2019,,268.993894132
21/09/2020,27/09/2020,"Lower Limit along Date From, Date To",2019,,116.852259715
21/09/2020,27/09/2020,Number of Complaints,2020,True,262
21/09/2020,27/09/2020,"Avg Complaints Per Year along Date From, Date To",2020,True,194.512195122
21/09/2020,27/09/2020,"Upper Limit along Date From, Date To",2020,True,343.929245280
21/09/2020,27/09/2020,"Lower Limit along Date From, Date To",2020,True,45.095144964
28/09/2020,04/10/2020,Number of Complaints,2016,,
28/09/2020,04/10/2020,"Avg Complaints Per Year along Date From, Date To",2016,,137.596153846
28/09/2020,04/10/2020,"Upper Limit along Date From, Date To",2016,,219.471079151
28/09/2020,04/10/2020,"Lower Limit along Date From, Date To",2016,,55.721228541
28/09/2020,04/10/2020,Number of Complaints,2017,,
28/09/2020,04/10/2020,"Avg Complaints Per Year along Date From, Date To",2017,,184.442307692
28/09/2020,04/10/2020,"Upper Limit along Date From, Date To",2017,,306.413490588
28/09/2020,04/10/2020,"Lower Limit along Date From, Date To",2017,,62.471124796
28/09/2020,04/10/2020,Number of Complaints,2018,,
28/09/2020,04/10/2020,"Avg Complaints Per Year along Date From, Date To",2018,,218.660377358
28/09/2020,04/10/2020,"Upper Limit along Date From, Date To",2018,,358.944085849
28/09/2020,04/10/2020,"Lower Limit along Date From, Date To",2018,,78.376668868
28/09/2020,04/10/2020,Number of Complaints,2019,,
28/09/2020,04/10/2020,"Avg Complaints Per Year along Date From, Date To",2019,,192.923076923
28/09/2020,04/10/2020,"Upper Limit along Date From, Date To",2019,,268.993894132
28/09/2020,04/10/2020,"Lower Limit along Date From, Date To",2019,,116.852259715
28/09/2020,04/10/2020,Number of Complaints,2020,True,277
28/09/2020,04/10/2020,"Avg Complaints Per Year along Date From, Date To",2020,True,194.512195122
28/09/2020,04/10/2020,"Upper Limit along Date From, Date To",2020,True,343.929245280
28/09/2020,04/10/2020,"Lower Limit along Date From, Date To",2020,True,45.095144964
05/10/2020,11/10/2020,Number of Complaints,2016,,
05/10/2020,11/10/2020,"Avg Complaints Per Year along Date From, Date To",2016,,137.596153846
05/10/2020,11/10/2020,"Upper Limit along Date From, Date To",2016,,219.471079151
05/10/2020,11/10/2020,"Lower Limit along Date From, Date To",2016,,55.721228541
05/10/2020,11/10/2020,Number of Complaints,2017,,
05/10/2020,11/10/2020,"Avg Complaints Per Year along Date From, Date To",2017,,184.442307692
05/10/2020,11/10/2020,"Upper Limit along Date From, Date To",2017,,306.413490588
05/10/2020,11/10/2020,"Lower Limit along Date From, Date To",2017,,62.471124796
05/10/2020,11/10/2020,Number of Complaints,2018,,
05/10/2020,11/10/2020,"Avg Complaints Per Year along Date From, Date To",2018,,218.660377358
05/10/2020,11/10/2020,"Upper Limit along Date From, Date To",2018,,358.944085849
05/10/2020,11/10/2020,"Lower Limit along Date From, Date To",2018,,78.376668868
05/10/2020,11/10/2020,Number of Complaints,2019,,
05/10/2020,11/10/2020,"Avg Complaints Per Year along Date From, Date To",2019,,192.923076923
05/10/2020,11/10/2020,"Upper Limit along Date From, Date To",2019,,268.993894132
05/10/2020,11/10/2020,"Lower Limit along Date From, Date To",2019,,116.852259715
05/10/2020,11/10/2020,Number of Complaints,2020,True,55
05/10/2020,11/10/2020,"Avg Complaints Per Year along Date From, Date To",2020,True,194.512195122
05/10/2020,11/10/2020,"Upper Limit along Date From, Date To",2020,True,343.929245280
05/10/2020,11/10/2020,"Lower Limit along Date From, Date To",2020,True,45.095144964
12/10/2020,18/10/2020,Number of Complaints,2016,,
12/10/2020,18/10/2020,"Avg Complaints Per Year along Date From, Date To",2016,,137.596153846
12/10/2020,18/10/2020,"Upper Limit along Date From, Date To",2016,,219.471079151
12/10/2020,18/10/2020,"Lower Limit along Date From, Date To",2016,,55.721228541
12/10/2020,18/10/2020,Number of Complaints,2017,,
12/10/2020,18/10/2020,"Avg Complaints Per Year along Date From, Date To",2017,,184.442307692
12/10/2020,18/10/2020,"Upper Limit along Date From, Date To",2017,,306.413490588
12/10/2020,18/10/2020,"Lower Limit along Date From, Date To",2017,,62.471124796
12/10/2020,18/10/2020,Number of Complaints,2018,,
12/10/2020,18/10/2020,"Avg Complaints Per Year along Date From, Date To",2018,,218.660377358
12/10/2020,18/10/2020,"Upper Limit along Date From, Date To",2018,,358.944085849
12/10/2020,18/10/2020,"Lower Limit along Date From, Date To",2018,,78.376668868
12/10/2020,18/10/2020,Number of Complaints,2019,,
12/10/2020,18/10/2020,"Avg Complaints Per Year along Date From, Date To",2019,,192.923076923
12/10/2020,18/10/2020,"Upper Limit along Date From, Date To",2019,,268.993894132
12/10/2020,18/10/2020,"Lower Limit along Date From, Date To",2019,,116.852259715
12/10/2020,18/10/2020,Number of Complaints,2020,False,5
12/10/2020,18/10/2020,"Avg Complaints Per Year along Date From, Date To",2020,False,194.512195122
12/10/2020,18/10/2020,"Upper Limit along Date From, Date To",2020,False,343.929245280
12/10/2020,18/10/2020,"Lower Limit along Date From, Date To",2020,False,45.095144964
