Day No of Week,Display,Event Description (DimEvent),Type of Day,Week No From Launch,% Total Sales,MIN(0),Actual Date,Day of Week Abbrev,Min. 1,Running Sum of Ticket Sales,Ticket Sales
1,2019,2019 EVENT #1,Regular,1,,,5/21/2018,Mon,,,$0
1,2019,2019 EVENT #2,Regular,1,,,5/21/2018,Mon,,,$0
1,2019,2019 EVENT #3,Regular,1,,,5/21/2018,Mon,,,$0
1,2019,2019 EVENT #4,Regular,1,,,5/21/2018,Mon,,,$0
1,2019,2019 EVENT #5,Regular,1,,,5/21/2018,Mon,,,$0
1,2019,2019 EVENT #6,Regular,1,,,5/21/2018,Mon,,,$0
1,2020,2020 EVENT #1,Regular,1,,,5/13/2019,Mon,,,$0
1,2020,2020 EVENT #2,Regular,1,,,5/13/2019,Mon,,,$0
1,2020,2020 EVENT #3,Regular,1,,,5/13/2019,Mon,,,$0
1,2020,2020 EVENT #4,Regular,1,,,5/13/2019,Mon,,,$0
1,2020,2020 EVENT #5,Regular,1,,,5/13/2019,Mon,,,$0
1,2020,2020 EVENT #6,Regular,1,,,5/13/2019,Mon,,,$0
2,2019,2019 EVENT #1,Launch Date,1,,,5/22/2018,Tue,,,$0
2,2019,2019 EVENT #2,Launch Date,1,,,5/22/2018,Tue,,,"$6,350"
2,2019,2019 EVENT #3,Launch Date,1,,,5/22/2018,Tue,,,"$12,109"
2,2019,2019 EVENT #4,Launch Date,1,,,5/22/2018,Tue,,,"$2,452"
2,2019,2019 EVENT #5,Launch Date,1,,,5/22/2018,Tue,,,"$5,031"
2,2019,2019 EVENT #6,Launch Date,1,,,5/22/2018,Tue,,,"$12,284"
2,2020,2020 EVENT #1,Regular,1,,,5/14/2019,Tue,,,$0
2,2020,2020 EVENT #2,Regular,1,,,5/14/2019,Tue,,,$0
2,2020,2020 EVENT #3,Regular,1,,,5/14/2019,Tue,,,$0
2,2020,2020 EVENT #4,Regular,1,,,5/14/2019,Tue,,,$0
2,2020,2020 EVENT #5,Regular,1,,,5/14/2019,Tue,,,$0
2,2020,2020 EVENT #6,Regular,1,,,5/14/2019,Tue,,,$0
3,2019,2019 EVENT #1,Regular,1,,,5/23/2018,Wed,,,$0
3,2019,2019 EVENT #2,Regular,1,,,5/23/2018,Wed,,,"$13,610"
3,2019,2019 EVENT #3,Regular,1,,,5/23/2018,Wed,,,"$38,526"
3,2019,2019 EVENT #4,Regular,1,,,5/23/2018,Wed,,,"$12,968"
3,2019,2019 EVENT #5,Regular,1,,,5/23/2018,Wed,,,"$14,957"
3,2019,2019 EVENT #6,Regular,1,,,5/23/2018,Wed,,,"$34,827"
3,2020,2020 EVENT #1,Regular,1,,,5/15/2019,Wed,,,$0
3,2020,2020 EVENT #2,Regular,1,,,5/15/2019,Wed,,,$0
3,2020,2020 EVENT #3,Regular,1,,,5/15/2019,Wed,,,$0
3,2020,2020 EVENT #4,Regular,1,,,5/15/2019,Wed,,,$0
3,2020,2020 EVENT #5,Regular,1,,,5/15/2019,Wed,,,$0
3,2020,2020 EVENT #6,Regular,1,,,5/15/2019,Wed,,,$0
4,2020,2020 EVENT #1,Launch Date,1,,,5/16/2019,Thu,,,"$3,113"
4,2020,2020 EVENT #2,Launch Date,1,,,5/16/2019,Thu,,,"$569,378"
4,2020,2020 EVENT #3,Launch Date,1,,,5/16/2019,Thu,,,"$1,947,387"
4,2020,2020 EVENT #4,Launch Date,1,,,5/16/2019,Thu,,,"$584,135"
4,2020,2020 EVENT #5,Launch Date,1,,,5/16/2019,Thu,,,"$656,727"
4,2020,2020 EVENT #6,Launch Date,1,,,5/16/2019,Thu,,,"$2,059,756"
4,2019,2019 EVENT #1,Regular,1,,,5/24/2018,Thu,,,$0
4,2019,2019 EVENT #2,Regular,1,,,5/24/2018,Thu,,,$0
4,2019,2019 EVENT #3,Regular,1,,,5/24/2018,Thu,,,$0
4,2019,2019 EVENT #4,Regular,1,,,5/24/2018,Thu,,,$0
4,2019,2019 EVENT #5,Regular,1,,,5/24/2018,Thu,,,$0
4,2019,2019 EVENT #6,Regular,1,,,5/24/2018,Thu,,,$0
5,2019,2019 EVENT #1,Regular,1,,,5/25/2018,Fri,,,$0
5,2019,2019 EVENT #2,Regular,1,,,5/25/2018,Fri,,,$0
5,2019,2019 EVENT #3,Regular,1,,,5/25/2018,Fri,,,$0
5,2019,2019 EVENT #4,Regular,1,,,5/25/2018,Fri,,,$0
5,2019,2019 EVENT #5,Regular,1,,,5/25/2018,Fri,,,$0
5,2019,2019 EVENT #6,Regular,1,,,5/25/2018,Fri,,,$0
5,2020,2020 EVENT #1,Regular,1,,,5/17/2019,Fri,,,$0
5,2020,2020 EVENT #2,Regular,1,,,5/17/2019,Fri,,,$0
5,2020,2020 EVENT #3,Regular,1,,,5/17/2019,Fri,,,$0
5,2020,2020 EVENT #4,Regular,1,,,5/17/2019,Fri,,,$0
5,2020,2020 EVENT #5,Regular,1,,,5/17/2019,Fri,,,$0
5,2020,2020 EVENT #6,Regular,1,,,5/17/2019,Fri,,,$0
6,2019,2019 EVENT #1,Regular,1,,,5/26/2018,Sat,,,$0
6,2019,2019 EVENT #2,Regular,1,,,5/26/2018,Sat,,,$0
6,2019,2019 EVENT #3,Regular,1,,,5/26/2018,Sat,,,$0
6,2019,2019 EVENT #4,Regular,1,,,5/26/2018,Sat,,,$0
6,2019,2019 EVENT #5,Regular,1,,,5/26/2018,Sat,,,$0
6,2019,2019 EVENT #6,Regular,1,,,5/26/2018,Sat,,,$0
6,2020,2020 EVENT #1,Regular,1,,,5/18/2019,Sat,,,$0
6,2020,2020 EVENT #2,Regular,1,,,5/18/2019,Sat,,,$0
6,2020,2020 EVENT #3,Regular,1,,,5/18/2019,Sat,,,$0
6,2020,2020 EVENT #4,Regular,1,,,5/18/2019,Sat,,,$0
6,2020,2020 EVENT #5,Regular,1,,,5/18/2019,Sat,,,$0
6,2020,2020 EVENT #6,Regular,1,,,5/18/2019,Sat,,,$0
7,2019,2019 EVENT #1,Regular,1,,,5/27/2018,Sun,,,$0
7,2019,2019 EVENT #2,Regular,1,,,5/27/2018,Sun,,,$0
7,2019,2019 EVENT #3,Regular,1,,,5/27/2018,Sun,,,$0
7,2019,2019 EVENT #4,Regular,1,,,5/27/2018,Sun,,,$0
7,2019,2019 EVENT #5,Regular,1,,,5/27/2018,Sun,,,$0
7,2019,2019 EVENT #6,Regular,1,,,5/27/2018,Sun,,,$0
7,2020,2020 EVENT #1,Regular,1,,,5/19/2019,Sun,,,$0
7,2020,2020 EVENT #2,Regular,1,,,5/19/2019,Sun,,,$0
7,2020,2020 EVENT #3,Regular,1,,,5/19/2019,Sun,,,$0
7,2020,2020 EVENT #4,Regular,1,,,5/19/2019,Sun,,,$0
7,2020,2020 EVENT #5,Regular,1,,,5/19/2019,Sun,,,$0
7,2020,2020 EVENT #6,Regular,1,,,5/19/2019,Sun,,,$0
1,2019,2019 EVENT #1,Regular,2,,,5/28/2018,Mon,,,$0
1,2019,2019 EVENT #2,Regular,2,,,5/28/2018,Mon,,,$0
1,2019,2019 EVENT #3,Regular,2,,,5/28/2018,Mon,,,$0
1,2019,2019 EVENT #4,Regular,2,,,5/28/2018,Mon,,,$0
1,2019,2019 EVENT #5,Regular,2,,,5/28/2018,Mon,,,$0
1,2019,2019 EVENT #6,Regular,2,,,5/28/2018,Mon,,,$0
1,2020,2020 EVENT #1,Regular,2,,,5/20/2019,Mon,,,$0
1,2020,2020 EVENT #2,Regular,2,,,5/20/2019,Mon,,,$0
1,2020,2020 EVENT #3,Regular,2,,,5/20/2019,Mon,,,$0
1,2020,2020 EVENT #4,Regular,2,,,5/20/2019,Mon,,,$0
1,2020,2020 EVENT #5,Regular,2,,,5/20/2019,Mon,,,$0
1,2020,2020 EVENT #6,Regular,2,,,5/20/2019,Mon,,,$0
2,2019,2019 EVENT #1,Regular,2,,,5/29/2018,Tue,,,$0
2,2019,2019 EVENT #2,Regular,2,,,5/29/2018,Tue,,,$0
2,2019,2019 EVENT #3,Regular,2,,,5/29/2018,Tue,,,$0
2,2019,2019 EVENT #4,Regular,2,,,5/29/2018,Tue,,,$0
2,2019,2019 EVENT #5,Regular,2,,,5/29/2018,Tue,,,$0
2,2019,2019 EVENT #6,Regular,2,,,5/29/2018,Tue,,,$0
2,2020,2020 EVENT #1,Regular,2,,,5/21/2019,Tue,,,$0
2,2020,2020 EVENT #2,Regular,2,,,5/21/2019,Tue,,,$0
2,2020,2020 EVENT #3,Regular,2,,,5/21/2019,Tue,,,$0
2,2020,2020 EVENT #4,Regular,2,,,5/21/2019,Tue,,,$0
2,2020,2020 EVENT #5,Regular,2,,,5/21/2019,Tue,,,$0
2,2020,2020 EVENT #6,Regular,2,,,5/21/2019,Tue,,,$0
3,2019,2019 EVENT #1,Regular,2,,,5/30/2018,Wed,,,$0
3,2019,2019 EVENT #2,Regular,2,,,5/30/2018,Wed,,,$0
3,2019,2019 EVENT #3,Regular,2,,,5/30/2018,Wed,,,$0
3,2019,2019 EVENT #4,Regular,2,,,5/30/2018,Wed,,,$0
3,2019,2019 EVENT #5,Regular,2,,,5/30/2018,Wed,,,$0
3,2019,2019 EVENT #6,Regular,2,,,5/30/2018,Wed,,,$0
3,2020,2020 EVENT #1,Regular,2,,,5/22/2019,Wed,,,$0
3,2020,2020 EVENT #2,Regular,2,,,5/22/2019,Wed,,,$0
3,2020,2020 EVENT #3,Regular,2,,,5/22/2019,Wed,,,$0
3,2020,2020 EVENT #4,Regular,2,,,5/22/2019,Wed,,,$0
3,2020,2020 EVENT #5,Regular,2,,,5/22/2019,Wed,,,$0
3,2020,2020 EVENT #6,Regular,2,,,5/22/2019,Wed,,,$0
4,2019,2019 EVENT #1,Regular,2,,,5/31/2018,Thu,,,$0
4,2019,2019 EVENT #2,Regular,2,,,5/31/2018,Thu,,,$0
4,2019,2019 EVENT #3,Regular,2,,,5/31/2018,Thu,,,$0
4,2019,2019 EVENT #4,Regular,2,,,5/31/2018,Thu,,,$0
4,2019,2019 EVENT #5,Regular,2,,,5/31/2018,Thu,,,$0
4,2019,2019 EVENT #6,Regular,2,,,5/31/2018,Thu,,,$0
4,2020,2020 EVENT #1,Regular,2,,,5/23/2019,Thu,,,$0
4,2020,2020 EVENT #2,Regular,2,,,5/23/2019,Thu,,,$0
4,2020,2020 EVENT #3,Regular,2,,,5/23/2019,Thu,,,$0
4,2020,2020 EVENT #4,Regular,2,,,5/23/2019,Thu,,,$0
4,2020,2020 EVENT #5,Regular,2,,,5/23/2019,Thu,,,$0
4,2020,2020 EVENT #6,Regular,2,,,5/23/2019,Thu,,,$0
5,2019,2019 EVENT #1,Regular,2,,,6/1/2018,Fri,,,$0
5,2019,2019 EVENT #2,Regular,2,,,6/1/2018,Fri,,,"$1,204"
5,2019,2019 EVENT #3,Regular,2,,,6/1/2018,Fri,,,"$5,183"
5,2019,2019 EVENT #4,Regular,2,,,6/1/2018,Fri,,,"$6,579"
5,2019,2019 EVENT #5,Regular,2,,,6/1/2018,Fri,,,"$2,583"
5,2019,2019 EVENT #6,Regular,2,,,6/1/2018,Fri,,,"$1,248"
5,2020,2020 EVENT #1,Regular,2,,,5/24/2019,Fri,,,$0
5,2020,2020 EVENT #2,Regular,2,,,5/24/2019,Fri,,,$0
5,2020,2020 EVENT #3,Regular,2,,,5/24/2019,Fri,,,$0
5,2020,2020 EVENT #4,Regular,2,,,5/24/2019,Fri,,,$0
5,2020,2020 EVENT #5,Regular,2,,,5/24/2019,Fri,,,$0
5,2020,2020 EVENT #6,Regular,2,,,5/24/2019,Fri,,,$0
6,2019,2019 EVENT #1,Regular,2,,,6/2/2018,Sat,,,$0
6,2019,2019 EVENT #2,Regular,2,,,6/2/2018,Sat,,,$0
6,2019,2019 EVENT #3,Regular,2,,,6/2/2018,Sat,,,"$1,999"
6,2019,2019 EVENT #4,Regular,2,,,6/2/2018,Sat,,,$0
6,2019,2019 EVENT #5,Regular,2,,,6/2/2018,Sat,,,$651
6,2019,2019 EVENT #6,Regular,2,,,6/2/2018,Sat,,,$0
6,2020,2020 EVENT #1,Regular,2,,,5/25/2019,Sat,,,$0
6,2020,2020 EVENT #2,Regular,2,,,5/25/2019,Sat,,,$0
6,2020,2020 EVENT #3,Regular,2,,,5/25/2019,Sat,,,$0
6,2020,2020 EVENT #4,Regular,2,,,5/25/2019,Sat,,,$0
6,2020,2020 EVENT #5,Regular,2,,,5/25/2019,Sat,,,$0
6,2020,2020 EVENT #6,Regular,2,,,5/25/2019,Sat,,,$0
7,2019,2019 EVENT #1,Regular,2,,,6/3/2018,Sun,,,$0
7,2019,2019 EVENT #2,Regular,2,,,6/3/2018,Sun,,,$0
7,2019,2019 EVENT #3,Regular,2,,,6/3/2018,Sun,,,$0
7,2019,2019 EVENT #4,Regular,2,,,6/3/2018,Sun,,,$0
7,2019,2019 EVENT #5,Regular,2,,,6/3/2018,Sun,,,$0
7,2019,2019 EVENT #6,Regular,2,,,6/3/2018,Sun,,,$0
7,2020,2020 EVENT #1,Regular,2,,,5/26/2019,Sun,,,$0
7,2020,2020 EVENT #2,Regular,2,,,5/26/2019,Sun,,,$0
7,2020,2020 EVENT #3,Regular,2,,,5/26/2019,Sun,,,$0
7,2020,2020 EVENT #4,Regular,2,,,5/26/2019,Sun,,,$0
7,2020,2020 EVENT #5,Regular,2,,,5/26/2019,Sun,,,$0
7,2020,2020 EVENT #6,Regular,2,,,5/26/2019,Sun,,,$0
1,2019,2019 EVENT #1,Regular,3,,,6/4/2018,Mon,,,$0
1,2019,2019 EVENT #2,Regular,3,,,6/4/2018,Mon,,,$857
1,2019,2019 EVENT #3,Regular,3,,,6/4/2018,Mon,,,$725
1,2019,2019 EVENT #4,Regular,3,,,6/4/2018,Mon,,,$300
1,2019,2019 EVENT #5,Regular,3,,,6/4/2018,Mon,,,$860
1,2019,2019 EVENT #6,Regular,3,,,6/4/2018,Mon,,,"$2,233"
1,2020,2020 EVENT #1,Regular,3,,,5/27/2019,Mon,,,$0
1,2020,2020 EVENT #2,Regular,3,,,5/27/2019,Mon,,,$0
1,2020,2020 EVENT #3,Regular,3,,,5/27/2019,Mon,,,$0
1,2020,2020 EVENT #4,Regular,3,,,5/27/2019,Mon,,,$0
1,2020,2020 EVENT #5,Regular,3,,,5/27/2019,Mon,,,$0
1,2020,2020 EVENT #6,Regular,3,,,5/27/2019,Mon,,,$0
2,2019,2019 EVENT #1,Regular,3,,,6/5/2018,Tue,,,$0
2,2019,2019 EVENT #2,Regular,3,,,6/5/2018,Tue,,,$116
2,2019,2019 EVENT #3,Regular,3,,,6/5/2018,Tue,,,$0
2,2019,2019 EVENT #4,Regular,3,,,6/5/2018,Tue,,,$98
2,2019,2019 EVENT #5,Regular,3,,,6/5/2018,Tue,,,"$2,074"
2,2019,2019 EVENT #6,Regular,3,,,6/5/2018,Tue,,,$196
2,2020,2020 EVENT #1,Regular,3,,,5/28/2019,Tue,,,$0
2,2020,2020 EVENT #2,Regular,3,,,5/28/2019,Tue,,,$0
2,2020,2020 EVENT #3,Regular,3,,,5/28/2019,Tue,,,$0
2,2020,2020 EVENT #4,Regular,3,,,5/28/2019,Tue,,,$0
2,2020,2020 EVENT #5,Regular,3,,,5/28/2019,Tue,,,$0
2,2020,2020 EVENT #6,Regular,3,,,5/28/2019,Tue,,,$0
3,2019,2019 EVENT #1,Regular,3,,,6/6/2018,Wed,,,$0
3,2019,2019 EVENT #2,Regular,3,,,6/6/2018,Wed,,,"$6,892"
3,2019,2019 EVENT #3,Regular,3,,,6/6/2018,Wed,,,"$28,739"
3,2019,2019 EVENT #4,Regular,3,,,6/6/2018,Wed,,,"$7,411"
3,2019,2019 EVENT #5,Regular,3,,,6/6/2018,Wed,,,"$10,345"
3,2019,2019 EVENT #6,Regular,3,,,6/6/2018,Wed,,,"$21,993"
3,2020,2020 EVENT #1,Regular,3,,,5/29/2019,Wed,,,$0
3,2020,2020 EVENT #2,Regular,3,,,5/29/2019,Wed,,,$0
3,2020,2020 EVENT #3,Regular,3,,,5/29/2019,Wed,,,$0
3,2020,2020 EVENT #4,Regular,3,,,5/29/2019,Wed,,,$0
3,2020,2020 EVENT #5,Regular,3,,,5/29/2019,Wed,,,$0
3,2020,2020 EVENT #6,Regular,3,,,5/29/2019,Wed,,,$0
4,2019,2019 EVENT #1,Regular,3,,,6/7/2018,Thu,,,$0
4,2019,2019 EVENT #2,Regular,3,,,6/7/2018,Thu,,,"$8,973"
4,2019,2019 EVENT #3,Regular,3,,,6/7/2018,Thu,,,"$22,366"
4,2019,2019 EVENT #4,Regular,3,,,6/7/2018,Thu,,,"$8,995"
4,2019,2019 EVENT #5,Regular,3,,,6/7/2018,Thu,,,"$6,862"
4,2019,2019 EVENT #6,Regular,3,,,6/7/2018,Thu,,,"$34,941"
4,2020,2020 EVENT #1,Regular,3,,,5/30/2019,Thu,,,$0
4,2020,2020 EVENT #2,Regular,3,,,5/30/2019,Thu,,,$0
4,2020,2020 EVENT #3,Regular,3,,,5/30/2019,Thu,,,$0
4,2020,2020 EVENT #4,Regular,3,,,5/30/2019,Thu,,,$0
4,2020,2020 EVENT #5,Regular,3,,,5/30/2019,Thu,,,$0
4,2020,2020 EVENT #6,Regular,3,,,5/30/2019,Thu,,,$0
5,2019,2019 EVENT #1,Regular,3,,,6/8/2018,Fri,,,$0
5,2019,2019 EVENT #2,Regular,3,,,6/8/2018,Fri,,,"$10,898"
5,2019,2019 EVENT #3,Regular,3,,,6/8/2018,Fri,,,"$32,159"
5,2019,2019 EVENT #4,Regular,3,,,6/8/2018,Fri,,,"$4,668"
5,2019,2019 EVENT #5,Regular,3,,,6/8/2018,Fri,,,"$8,276"
5,2019,2019 EVENT #6,Regular,3,,,6/8/2018,Fri,,,"$26,069"
5,2020,2020 EVENT #1,Regular,3,,,5/31/2019,Fri,,,$0
5,2020,2020 EVENT #2,Regular,3,,,5/31/2019,Fri,,,$0
5,2020,2020 EVENT #3,Regular,3,,,5/31/2019,Fri,,,$0
5,2020,2020 EVENT #4,Regular,3,,,5/31/2019,Fri,,,$0
5,2020,2020 EVENT #5,Regular,3,,,5/31/2019,Fri,,,$0
5,2020,2020 EVENT #6,Regular,3,,,5/31/2019,Fri,,,$0
6,2019,2019 EVENT #1,Regular,3,,,6/9/2018,Sat,,,$0
6,2019,2019 EVENT #2,Regular,3,,,6/9/2018,Sat,,,$465
6,2019,2019 EVENT #3,Regular,3,,,6/9/2018,Sat,,,"$6,095"
6,2019,2019 EVENT #4,Regular,3,,,6/9/2018,Sat,,,"$3,220"
6,2019,2019 EVENT #5,Regular,3,,,6/9/2018,Sat,,,"$1,724"
6,2019,2019 EVENT #6,Regular,3,,,6/9/2018,Sat,,,"$13,206"
6,2020,2020 EVENT #1,Regular,3,,,6/1/2019,Sat,,,$0
6,2020,2020 EVENT #2,Regular,3,,,6/1/2019,Sat,,,$0
6,2020,2020 EVENT #3,Regular,3,,,6/1/2019,Sat,,,$0
6,2020,2020 EVENT #4,Regular,3,,,6/1/2019,Sat,,,$0
6,2020,2020 EVENT #5,Regular,3,,,6/1/2019,Sat,,,$0
6,2020,2020 EVENT #6,Regular,3,,,6/1/2019,Sat,,,$0
7,2019,2019 EVENT #1,Regular,3,,,6/10/2018,Sun,,,$0
7,2019,2019 EVENT #2,Regular,3,,,6/10/2018,Sun,,,"$5,803"
7,2019,2019 EVENT #3,Regular,3,,,6/10/2018,Sun,,,"$18,452"
7,2019,2019 EVENT #4,Regular,3,,,6/10/2018,Sun,,,$0
7,2019,2019 EVENT #5,Regular,3,,,6/10/2018,Sun,,,$0
7,2019,2019 EVENT #6,Regular,3,,,6/10/2018,Sun,,,$0
7,2020,2020 EVENT #1,Regular,3,,,6/2/2019,Sun,,,$0
7,2020,2020 EVENT #2,Regular,3,,,6/2/2019,Sun,,,$0
7,2020,2020 EVENT #3,Regular,3,,,6/2/2019,Sun,,,$0
7,2020,2020 EVENT #4,Regular,3,,,6/2/2019,Sun,,,$0
7,2020,2020 EVENT #5,Regular,3,,,6/2/2019,Sun,,,$0
7,2020,2020 EVENT #6,Regular,3,,,6/2/2019,Sun,,,$0
1,2019,2019 EVENT #1,Regular,4,,,6/11/2018,Mon,,,$0
1,2019,2019 EVENT #2,Regular,4,,,6/11/2018,Mon,,,"$22,453"
1,2019,2019 EVENT #3,Regular,4,,,6/11/2018,Mon,,,"$74,443"
1,2019,2019 EVENT #4,Regular,4,,,6/11/2018,Mon,,,"$11,027"
1,2019,2019 EVENT #5,Regular,4,,,6/11/2018,Mon,,,"$17,202"
1,2019,2019 EVENT #6,Regular,4,,,6/11/2018,Mon,,,"$38,703"
1,2020,2020 EVENT #1,Regular,4,,,6/3/2019,Mon,,,$0
1,2020,2020 EVENT #2,Regular,4,,,6/3/2019,Mon,,,$0
1,2020,2020 EVENT #3,Regular,4,,,6/3/2019,Mon,,,$0
1,2020,2020 EVENT #4,Regular,4,,,6/3/2019,Mon,,,$0
1,2020,2020 EVENT #5,Regular,4,,,6/3/2019,Mon,,,$0
1,2020,2020 EVENT #6,Regular,4,,,6/3/2019,Mon,,,$0
2,2019,2019 EVENT #1,Regular,4,,,6/12/2018,Tue,,,$0
2,2019,2019 EVENT #2,Regular,4,,,6/12/2018,Tue,,,"$33,478"
2,2019,2019 EVENT #3,Regular,4,,,6/12/2018,Tue,,,"$82,584"
2,2019,2019 EVENT #4,Regular,4,,,6/12/2018,Tue,,,"$15,998"
2,2019,2019 EVENT #5,Regular,4,,,6/12/2018,Tue,,,"$12,830"
2,2019,2019 EVENT #6,Regular,4,,,6/12/2018,Tue,,,"$51,018"
2,2020,2020 EVENT #1,Regular,4,,,6/4/2019,Tue,,,$0
2,2020,2020 EVENT #2,Regular,4,,,6/4/2019,Tue,,,$0
2,2020,2020 EVENT #3,Regular,4,,,6/4/2019,Tue,,,$0
2,2020,2020 EVENT #4,Regular,4,,,6/4/2019,Tue,,,$0
2,2020,2020 EVENT #5,Regular,4,,,6/4/2019,Tue,,,$0
2,2020,2020 EVENT #6,Regular,4,,,6/4/2019,Tue,,,$0
3,2019,2019 EVENT #1,Regular,4,,,6/13/2018,Wed,,,$0
3,2019,2019 EVENT #2,Regular,4,,,6/13/2018,Wed,,,"$4,807"
3,2019,2019 EVENT #3,Regular,4,,,6/13/2018,Wed,,,"$10,390"
3,2019,2019 EVENT #4,Regular,4,,,6/13/2018,Wed,,,"$4,971"
3,2019,2019 EVENT #5,Regular,4,,,6/13/2018,Wed,,,"$4,513"
3,2019,2019 EVENT #6,Regular,4,,,6/13/2018,Wed,,,"$9,266"
3,2020,2020 EVENT #1,Regular,4,,,6/5/2019,Wed,,,$0
3,2020,2020 EVENT #2,Regular,4,,,6/5/2019,Wed,,,$0
3,2020,2020 EVENT #3,Regular,4,,,6/5/2019,Wed,,,$0
3,2020,2020 EVENT #4,Regular,4,,,6/5/2019,Wed,,,$0
3,2020,2020 EVENT #5,Regular,4,,,6/5/2019,Wed,,,$0
3,2020,2020 EVENT #6,Regular,4,,,6/5/2019,Wed,,,$0
4,2019,2019 EVENT #1,Regular,4,,,6/14/2018,Thu,,,$0
4,2019,2019 EVENT #2,Regular,4,,,6/14/2018,Thu,,,"$16,850"
4,2019,2019 EVENT #3,Regular,4,,,6/14/2018,Thu,,,"$42,250"
4,2019,2019 EVENT #4,Regular,4,,,6/14/2018,Thu,,,"$14,154"
4,2019,2019 EVENT #5,Regular,4,,,6/14/2018,Thu,,,"$12,383"
4,2019,2019 EVENT #6,Regular,4,,,6/14/2018,Thu,,,"$42,283"
4,2020,2020 EVENT #1,Regular,4,,,6/6/2019,Thu,,,$0
4,2020,2020 EVENT #2,Regular,4,,,6/6/2019,Thu,,,$0
4,2020,2020 EVENT #3,Regular,4,,,6/6/2019,Thu,,,$0
4,2020,2020 EVENT #4,Regular,4,,,6/6/2019,Thu,,,$0
4,2020,2020 EVENT #5,Regular,4,,,6/6/2019,Thu,,,$0
4,2020,2020 EVENT #6,Regular,4,,,6/6/2019,Thu,,,$372
5,2019,2019 EVENT #1,Regular,4,,,6/15/2018,Fri,,,$0
5,2019,2019 EVENT #2,Regular,4,,,6/15/2018,Fri,,,"$5,182"
5,2019,2019 EVENT #3,Regular,4,,,6/15/2018,Fri,,,"$20,157"
5,2019,2019 EVENT #4,Regular,4,,,6/15/2018,Fri,,,"$7,861"
5,2019,2019 EVENT #5,Regular,4,,,6/15/2018,Fri,,,"$5,654"
5,2019,2019 EVENT #6,Regular,4,,,6/15/2018,Fri,,,"$24,587"
5,2020,2020 EVENT #1,Regular,4,,,6/7/2019,Fri,,,$0
5,2020,2020 EVENT #2,Regular,4,,,6/7/2019,Fri,,,$0
5,2020,2020 EVENT #3,Regular,4,,,6/7/2019,Fri,,,"$1,581"
5,2020,2020 EVENT #4,Regular,4,,,6/7/2019,Fri,,,$0
5,2020,2020 EVENT #5,Regular,4,,,6/7/2019,Fri,,,$0
5,2020,2020 EVENT #6,Regular,4,,,6/7/2019,Fri,,,"$1,758"
6,2019,2019 EVENT #1,Regular,4,,,6/16/2018,Sat,,,$0
6,2019,2019 EVENT #2,Regular,4,,,6/16/2018,Sat,,,"$3,217"
6,2019,2019 EVENT #3,Regular,4,,,6/16/2018,Sat,,,"$7,441"
6,2019,2019 EVENT #4,Regular,4,,,6/16/2018,Sat,,,"$2,737"
6,2019,2019 EVENT #5,Regular,4,,,6/16/2018,Sat,,,"$3,674"
6,2019,2019 EVENT #6,Regular,4,,,6/16/2018,Sat,,,"$10,762"
6,2020,2020 EVENT #1,Regular,4,,,6/8/2019,Sat,,,$0
6,2020,2020 EVENT #2,Regular,4,,,6/8/2019,Sat,,,$0
6,2020,2020 EVENT #3,Regular,4,,,6/8/2019,Sat,,,$0
6,2020,2020 EVENT #4,Regular,4,,,6/8/2019,Sat,,,$0
6,2020,2020 EVENT #5,Regular,4,,,6/8/2019,Sat,,,$0
6,2020,2020 EVENT #6,Regular,4,,,6/8/2019,Sat,,,$0
7,2019,2019 EVENT #1,Regular,4,,,6/17/2018,Sun,,,$0
7,2019,2019 EVENT #2,Regular,4,,,6/17/2018,Sun,,,$0
7,2019,2019 EVENT #3,Regular,4,,,6/17/2018,Sun,,,"$2,579"
7,2019,2019 EVENT #4,Regular,4,,,6/17/2018,Sun,,,$605
7,2019,2019 EVENT #5,Regular,4,,,6/17/2018,Sun,,,"$1,183"
7,2019,2019 EVENT #6,Regular,4,,,6/17/2018,Sun,,,"$1,643"
7,2020,2020 EVENT #1,Regular,4,,,6/9/2019,Sun,,,$0
7,2020,2020 EVENT #2,Regular,4,,,6/9/2019,Sun,,,$0
7,2020,2020 EVENT #3,Regular,4,,,6/9/2019,Sun,,,$0
7,2020,2020 EVENT #4,Regular,4,,,6/9/2019,Sun,,,$0
7,2020,2020 EVENT #5,Regular,4,,,6/9/2019,Sun,,,$0
7,2020,2020 EVENT #6,Regular,4,,,6/9/2019,Sun,,,$0
1,2019,2019 EVENT #1,Regular,5,,,6/18/2018,Mon,,,$0
1,2019,2019 EVENT #2,Regular,5,,,6/18/2018,Mon,,,"$13,575"
1,2019,2019 EVENT #3,Regular,5,,,6/18/2018,Mon,,,"$35,477"
1,2019,2019 EVENT #4,Regular,5,,,6/18/2018,Mon,,,"$8,737"
1,2019,2019 EVENT #5,Regular,5,,,6/18/2018,Mon,,,"$14,974"
1,2019,2019 EVENT #6,Regular,5,,,6/18/2018,Mon,,,"$40,684"
1,2020,2020 EVENT #1,Regular,5,,,6/10/2019,Mon,,,$0
1,2020,2020 EVENT #2,Regular,5,,,6/10/2019,Mon,,,$0
1,2020,2020 EVENT #3,Regular,5,,,6/10/2019,Mon,,,$0
1,2020,2020 EVENT #4,Regular,5,,,6/10/2019,Mon,,,$0
1,2020,2020 EVENT #5,Regular,5,,,6/10/2019,Mon,,,$0
1,2020,2020 EVENT #6,Regular,5,,,6/10/2019,Mon,,,$0
2,2019,2019 EVENT #1,Regular,5,,,6/19/2018,Tue,,,$0
2,2019,2019 EVENT #2,Regular,5,,,6/19/2018,Tue,,,"$5,189"
2,2019,2019 EVENT #3,Regular,5,,,6/19/2018,Tue,,,"$25,528"
2,2019,2019 EVENT #4,Regular,5,,,6/19/2018,Tue,,,"$8,267"
2,2019,2019 EVENT #5,Regular,5,,,6/19/2018,Tue,,,"$10,257"
2,2019,2019 EVENT #6,Regular,5,,,6/19/2018,Tue,,,"$18,021"
2,2020,2020 EVENT #1,Regular,5,,,6/11/2019,Tue,,,$0
2,2020,2020 EVENT #2,Regular,5,,,6/11/2019,Tue,,,$0
2,2020,2020 EVENT #3,Regular,5,,,6/11/2019,Tue,,,$0
2,2020,2020 EVENT #4,Regular,5,,,6/11/2019,Tue,,,$0
2,2020,2020 EVENT #5,Regular,5,,,6/11/2019,Tue,,,$0
2,2020,2020 EVENT #6,Regular,5,,,6/11/2019,Tue,,,$546
3,2019,2019 EVENT #1,Regular,5,,,6/20/2018,Wed,,,$0
3,2019,2019 EVENT #2,Regular,5,,,6/20/2018,Wed,,,"$4,013"
3,2019,2019 EVENT #3,Regular,5,,,6/20/2018,Wed,,,"$12,691"
3,2019,2019 EVENT #4,Regular,5,,,6/20/2018,Wed,,,"$2,707"
3,2019,2019 EVENT #5,Regular,5,,,6/20/2018,Wed,,,"$5,290"
3,2019,2019 EVENT #6,Regular,5,,,6/20/2018,Wed,,,"$14,838"
3,2020,2020 EVENT #1,Regular,5,,,6/12/2019,Wed,,,$0
3,2020,2020 EVENT #2,Regular,5,,,6/12/2019,Wed,,,$659
3,2020,2020 EVENT #3,Regular,5,,,6/12/2019,Wed,,,"$6,006"
3,2020,2020 EVENT #4,Regular,5,,,6/12/2019,Wed,,,$410
3,2020,2020 EVENT #5,Regular,5,,,6/12/2019,Wed,,,"$1,530"
3,2020,2020 EVENT #6,Regular,5,,,6/12/2019,Wed,,,"$3,486"
4,2019,2019 EVENT #1,Regular,5,,,6/21/2018,Thu,,,$0
4,2019,2019 EVENT #2,Regular,5,,,6/21/2018,Thu,,,"$12,224"
4,2019,2019 EVENT #3,Regular,5,,,6/21/2018,Thu,,,"$31,580"
4,2019,2019 EVENT #4,Regular,5,,,6/21/2018,Thu,,,"$8,981"
4,2019,2019 EVENT #5,Regular,5,,,6/21/2018,Thu,,,"$11,439"
4,2019,2019 EVENT #6,Regular,5,,,6/21/2018,Thu,,,"$40,870"
4,2020,2020 EVENT #1,Regular,5,,,6/13/2019,Thu,,,$0
4,2020,2020 EVENT #2,Regular,5,,,6/13/2019,Thu,,,$0
4,2020,2020 EVENT #3,Regular,5,,,6/13/2019,Thu,,,"$4,925"
4,2020,2020 EVENT #4,Regular,5,,,6/13/2019,Thu,,,$0
4,2020,2020 EVENT #5,Regular,5,,,6/13/2019,Thu,,,$674
4,2020,2020 EVENT #6,Regular,5,,,6/13/2019,Thu,,,"$4,177"
5,2019,2019 EVENT #1,Regular,5,,,6/22/2018,Fri,,,$0
5,2019,2019 EVENT #2,Regular,5,,,6/22/2018,Fri,,,"$8,344"
5,2019,2019 EVENT #3,Regular,5,,,6/22/2018,Fri,,,"$13,953"
5,2019,2019 EVENT #4,Regular,5,,,6/22/2018,Fri,,,"$8,101"
5,2019,2019 EVENT #5,Regular,5,,,6/22/2018,Fri,,,"$7,940"
5,2019,2019 EVENT #6,Regular,5,,,6/22/2018,Fri,,,"$32,164"
5,2020,2020 EVENT #1,Regular,5,,,6/14/2019,Fri,,,$0
5,2020,2020 EVENT #2,Regular,5,,,6/14/2019,Fri,,,$0
5,2020,2020 EVENT #3,Regular,5,,,6/14/2019,Fri,,,$0
5,2020,2020 EVENT #4,Regular,5,,,6/14/2019,Fri,,,$0
5,2020,2020 EVENT #5,Regular,5,,,6/14/2019,Fri,,,$441
5,2020,2020 EVENT #6,Regular,5,,,6/14/2019,Fri,,,"$1,714"
6,2019,2019 EVENT #1,Regular,5,,,6/23/2018,Sat,,,$0
6,2019,2019 EVENT #2,Regular,5,,,6/23/2018,Sat,,,"$1,195"
6,2019,2019 EVENT #3,Regular,5,,,6/23/2018,Sat,,,"$8,430"
6,2019,2019 EVENT #4,Regular,5,,,6/23/2018,Sat,,,"$1,657"
6,2019,2019 EVENT #5,Regular,5,,,6/23/2018,Sat,,,"$2,305"
6,2019,2019 EVENT #6,Regular,5,,,6/23/2018,Sat,,,"$8,384"
6,2020,2020 EVENT #1,Regular,5,,,6/15/2019,Sat,,,$0
6,2020,2020 EVENT #2,Regular,5,,,6/15/2019,Sat,,,$0
6,2020,2020 EVENT #3,Regular,5,,,6/15/2019,Sat,,,$0
6,2020,2020 EVENT #4,Regular,5,,,6/15/2019,Sat,,,$0
6,2020,2020 EVENT #5,Regular,5,,,6/15/2019,Sat,,,$0
6,2020,2020 EVENT #6,Regular,5,,,6/15/2019,Sat,,,$0
7,2019,2019 EVENT #1,Regular,5,,,6/24/2018,Sun,,,$0
7,2019,2019 EVENT #2,Regular,5,,,6/24/2018,Sun,,,"$5,415"
7,2019,2019 EVENT #3,Regular,5,,,6/24/2018,Sun,,,"$14,667"
7,2019,2019 EVENT #4,Regular,5,,,6/24/2018,Sun,,,"$3,841"
7,2019,2019 EVENT #5,Regular,5,,,6/24/2018,Sun,,,"$2,758"
7,2019,2019 EVENT #6,Regular,5,,,6/24/2018,Sun,,,"$10,408"
7,2020,2020 EVENT #1,Regular,5,,,6/16/2019,Sun,,,$0
7,2020,2020 EVENT #2,Regular,5,,,6/16/2019,Sun,,,$0
7,2020,2020 EVENT #3,Regular,5,,,6/16/2019,Sun,,,$0
7,2020,2020 EVENT #4,Regular,5,,,6/16/2019,Sun,,,$0
7,2020,2020 EVENT #5,Regular,5,,,6/16/2019,Sun,,,$0
7,2020,2020 EVENT #6,Regular,5,,,6/16/2019,Sun,,,$0
1,2019,2019 EVENT #1,Regular,6,,,6/25/2018,Mon,,,$0
1,2019,2019 EVENT #2,Regular,6,,,6/25/2018,Mon,,,"$10,233"
1,2019,2019 EVENT #3,Regular,6,,,6/25/2018,Mon,,,"$33,041"
1,2019,2019 EVENT #4,Regular,6,,,6/25/2018,Mon,,,"$8,643"
1,2019,2019 EVENT #5,Regular,6,,,6/25/2018,Mon,,,"$8,275"
1,2019,2019 EVENT #6,Regular,6,,,6/25/2018,Mon,,,"$28,798"
1,2020,2020 EVENT #1,Regular,6,,,6/17/2019,Mon,,,$401
1,2020,2020 EVENT #2,Regular,6,,,6/17/2019,Mon,,,"$2,381"
1,2020,2020 EVENT #3,Regular,6,,,6/17/2019,Mon,,,"$1,128"
1,2020,2020 EVENT #4,Regular,6,,,6/17/2019,Mon,,,"$1,509"
1,2020,2020 EVENT #5,Regular,6,,,6/17/2019,Mon,,,$266
1,2020,2020 EVENT #6,Regular,6,,,6/17/2019,Mon,,,"$33,595"
2,2019,2019 EVENT #1,Regular,6,,,6/26/2018,Tue,,,$0
2,2019,2019 EVENT #2,Regular,6,,,6/26/2018,Tue,,,"$3,990"
2,2019,2019 EVENT #3,Regular,6,,,6/26/2018,Tue,,,"$18,011"
2,2019,2019 EVENT #4,Regular,6,,,6/26/2018,Tue,,,"$2,935"
2,2019,2019 EVENT #5,Regular,6,,,6/26/2018,Tue,,,"$3,555"
2,2019,2019 EVENT #6,Regular,6,,,6/26/2018,Tue,,,"$15,200"
2,2020,2020 EVENT #1,Regular,6,,,6/18/2019,Tue,,,$0
2,2020,2020 EVENT #2,Regular,6,,,6/18/2019,Tue,,,$806
2,2020,2020 EVENT #3,Regular,6,,,6/18/2019,Tue,,,"$4,198"
2,2020,2020 EVENT #4,Regular,6,,,6/18/2019,Tue,,,"$1,359"
2,2020,2020 EVENT #5,Regular,6,,,6/18/2019,Tue,,,"$1,287"
2,2020,2020 EVENT #6,Regular,6,,,6/18/2019,Tue,,,"$7,702"
3,2019,2019 EVENT #1,Regular,6,,,6/27/2018,Wed,,,$335
3,2019,2019 EVENT #2,Regular,6,,,6/27/2018,Wed,,,"$20,480"
3,2019,2019 EVENT #3,Regular,6,,,6/27/2018,Wed,,,"$49,028"
3,2019,2019 EVENT #4,Regular,6,,,6/27/2018,Wed,,,"$16,315"
3,2019,2019 EVENT #5,Regular,6,,,6/27/2018,Wed,,,"$13,080"
3,2019,2019 EVENT #6,Regular,6,,,6/27/2018,Wed,,,"$43,711"
3,2020,2020 EVENT #1,Regular,6,,,6/19/2019,Wed,,,$0
3,2020,2020 EVENT #2,Regular,6,,,6/19/2019,Wed,,,"$1,402"
3,2020,2020 EVENT #3,Regular,6,,,6/19/2019,Wed,,,"$6,832"
3,2020,2020 EVENT #4,Regular,6,,,6/19/2019,Wed,,,$893
3,2020,2020 EVENT #5,Regular,6,,,6/19/2019,Wed,,,$0
3,2020,2020 EVENT #6,Regular,6,,,6/19/2019,Wed,,,"$4,830"
4,2019,2019 EVENT #1,Regular,6,,,6/28/2018,Thu,,,$544
4,2019,2019 EVENT #2,Regular,6,,,6/28/2018,Thu,,,"$3,914"
4,2019,2019 EVENT #3,Regular,6,,,6/28/2018,Thu,,,"$22,852"
4,2019,2019 EVENT #4,Regular,6,,,6/28/2018,Thu,,,"$2,569"
4,2019,2019 EVENT #5,Regular,6,,,6/28/2018,Thu,,,"$3,590"
4,2019,2019 EVENT #6,Regular,6,,,6/28/2018,Thu,,,"$13,182"
4,2020,2020 EVENT #1,Regular,6,,,6/20/2019,Thu,,,$0
4,2020,2020 EVENT #2,Regular,6,,,6/20/2019,Thu,,,$653
4,2020,2020 EVENT #3,Regular,6,,,6/20/2019,Thu,,,"$1,534"
4,2020,2020 EVENT #4,Regular,6,,,6/20/2019,Thu,,,$309
4,2020,2020 EVENT #5,Regular,6,,,6/20/2019,Thu,,,$313
4,2020,2020 EVENT #6,Regular,6,,,6/20/2019,Thu,,,"$1,640"
5,2019,2019 EVENT #1,Regular,6,,,6/29/2018,Fri,,,$0
5,2019,2019 EVENT #2,Regular,6,,,6/29/2018,Fri,,,"$12,928"
5,2019,2019 EVENT #3,Regular,6,,,6/29/2018,Fri,,,"$43,067"
5,2019,2019 EVENT #4,Regular,6,,,6/29/2018,Fri,,,"$11,455"
5,2019,2019 EVENT #5,Regular,6,,,6/29/2018,Fri,,,"$13,097"
5,2019,2019 EVENT #6,Regular,6,,,6/29/2018,Fri,,,"$25,715"
5,2020,2020 EVENT #1,Regular,6,,,6/21/2019,Fri,,,$0
5,2020,2020 EVENT #2,Regular,6,,,6/21/2019,Fri,,,$0
5,2020,2020 EVENT #3,Regular,6,,,6/21/2019,Fri,,,"$1,207"
5,2020,2020 EVENT #4,Regular,6,,,6/21/2019,Fri,,,$0
5,2020,2020 EVENT #5,Regular,6,,,6/21/2019,Fri,,,$0
5,2020,2020 EVENT #6,Regular,6,,,6/21/2019,Fri,,,$0
6,2019,2019 EVENT #1,Regular,6,,,6/30/2018,Sat,,,$0
6,2019,2019 EVENT #2,Regular,6,,,6/30/2018,Sat,,,"$5,236"
6,2019,2019 EVENT #3,Regular,6,,,6/30/2018,Sat,,,"$19,274"
6,2019,2019 EVENT #4,Regular,6,,,6/30/2018,Sat,,,"$4,461"
6,2019,2019 EVENT #5,Regular,6,,,6/30/2018,Sat,,,"$5,001"
6,2019,2019 EVENT #6,Regular,6,,,6/30/2018,Sat,,,"$9,063"
6,2020,2020 EVENT #1,Regular,6,,,6/22/2019,Sat,,,$0
6,2020,2020 EVENT #2,Regular,6,,,6/22/2019,Sat,,,$0
6,2020,2020 EVENT #3,Regular,6,,,6/22/2019,Sat,,,$0
6,2020,2020 EVENT #4,Regular,6,,,6/22/2019,Sat,,,$0
6,2020,2020 EVENT #5,Regular,6,,,6/22/2019,Sat,,,$0
6,2020,2020 EVENT #6,Regular,6,,,6/22/2019,Sat,,,$0
7,2019,2019 EVENT #1,Regular,6,,,7/1/2018,Sun,,,$0
7,2019,2019 EVENT #2,Regular,6,,,7/1/2018,Sun,,,"$5,090"
7,2019,2019 EVENT #3,Regular,6,,,7/1/2018,Sun,,,"$12,840"
7,2019,2019 EVENT #4,Regular,6,,,7/1/2018,Sun,,,"$3,649"
7,2019,2019 EVENT #5,Regular,6,,,7/1/2018,Sun,,,"$2,937"
7,2019,2019 EVENT #6,Regular,6,,,7/1/2018,Sun,,,"$13,156"
7,2020,2020 EVENT #1,Regular,6,,,6/23/2019,Sun,,,$0
7,2020,2020 EVENT #2,Regular,6,,,6/23/2019,Sun,,,$0
7,2020,2020 EVENT #3,Regular,6,,,6/23/2019,Sun,,,$0
7,2020,2020 EVENT #4,Regular,6,,,6/23/2019,Sun,,,$0
7,2020,2020 EVENT #5,Regular,6,,,6/23/2019,Sun,,,$0
7,2020,2020 EVENT #6,Regular,6,,,6/23/2019,Sun,,,$0
1,2019,2019 EVENT #1,Regular,7,,,7/2/2018,Mon,,,$0
1,2019,2019 EVENT #2,Regular,7,,,7/2/2018,Mon,,,"$21,707"
1,2019,2019 EVENT #3,Regular,7,,,7/2/2018,Mon,,,"$72,251"
1,2019,2019 EVENT #4,Regular,7,,,7/2/2018,Mon,,,"$24,350"
1,2019,2019 EVENT #5,Regular,7,,,7/2/2018,Mon,,,"$24,631"
1,2019,2019 EVENT #6,Regular,7,,,7/2/2018,Mon,,,"$81,943"
1,2020,2020 EVENT #1,Regular,7,,,6/24/2019,Mon,,,$386
1,2020,2020 EVENT #2,Regular,7,,,6/24/2019,Mon,,,"$3,175"
1,2020,2020 EVENT #3,Regular,7,,,6/24/2019,Mon,,,"$12,733"
1,2020,2020 EVENT #4,Regular,7,,,6/24/2019,Mon,,,"$2,728"
1,2020,2020 EVENT #5,Regular,7,,,6/24/2019,Mon,,,"$3,355"
1,2020,2020 EVENT #6,Regular,7,,,6/24/2019,Mon,,,"$9,906"
2,2019,2019 EVENT #1,Regular,7,,,7/3/2018,Tue,,,$0
2,2019,2019 EVENT #2,Regular,7,,,7/3/2018,Tue,,,"$17,929"
2,2019,2019 EVENT #3,Regular,7,,,7/3/2018,Tue,,,"$62,293"
2,2019,2019 EVENT #4,Regular,7,,,7/3/2018,Tue,,,"$14,549"
2,2019,2019 EVENT #5,Regular,7,,,7/3/2018,Tue,,,"$22,914"
2,2019,2019 EVENT #6,Regular,7,,,7/3/2018,Tue,,,"$59,473"
2,2020,2020 EVENT #1,Regular,7,,,6/25/2019,Tue,,,$0
2,2020,2020 EVENT #2,Regular,7,,,6/25/2019,Tue,,,"$2,029"
2,2020,2020 EVENT #3,Regular,7,,,6/25/2019,Tue,,,$0
2,2020,2020 EVENT #4,Regular,7,,,6/25/2019,Tue,,,"$1,473"
2,2020,2020 EVENT #5,Regular,7,,,6/25/2019,Tue,,,$501
2,2020,2020 EVENT #6,Regular,7,,,6/25/2019,Tue,,,"$3,437"
3,2019,2019 EVENT #1,Regular,7,,,7/4/2018,Wed,,,$0
3,2019,2019 EVENT #2,Regular,7,,,7/4/2018,Wed,,,"$3,966"
3,2019,2019 EVENT #3,Regular,7,,,7/4/2018,Wed,,,"$2,150"
3,2019,2019 EVENT #4,Regular,7,,,7/4/2018,Wed,,,"$2,251"
3,2019,2019 EVENT #5,Regular,7,,,7/4/2018,Wed,,,$765
3,2019,2019 EVENT #6,Regular,7,,,7/4/2018,Wed,,,"$11,680"
3,2020,2020 EVENT #1,Regular,7,,,6/26/2019,Wed,,,$0
3,2020,2020 EVENT #2,Regular,7,,,6/26/2019,Wed,,,$965
3,2020,2020 EVENT #3,Regular,7,,,6/26/2019,Wed,,,"$6,773"
3,2020,2020 EVENT #4,Regular,7,,,6/26/2019,Wed,,,"$2,207"
3,2020,2020 EVENT #5,Regular,7,,,6/26/2019,Wed,,,"$1,493"
3,2020,2020 EVENT #6,Regular,7,,,6/26/2019,Wed,,,"$31,704"
4,2019,2019 EVENT #1,Regular,7,,,7/5/2018,Thu,,,$0
4,2019,2019 EVENT #2,Regular,7,,,7/5/2018,Thu,,,"$23,797"
4,2019,2019 EVENT #3,Regular,7,,,7/5/2018,Thu,,,"$73,678"
4,2019,2019 EVENT #4,Regular,7,,,7/5/2018,Thu,,,"$17,511"
4,2019,2019 EVENT #5,Regular,7,,,7/5/2018,Thu,,,"$26,904"
4,2019,2019 EVENT #6,Regular,7,,,7/5/2018,Thu,,,"$69,455"
4,2020,2020 EVENT #1,Regular,7,,,6/27/2019,Thu,,,$0
4,2020,2020 EVENT #2,Regular,7,,,6/27/2019,Thu,,,$0
4,2020,2020 EVENT #3,Regular,7,,,6/27/2019,Thu,,,$0
4,2020,2020 EVENT #4,Regular,7,,,6/27/2019,Thu,,,$0
4,2020,2020 EVENT #5,Regular,7,,,6/27/2019,Thu,,,$0
4,2020,2020 EVENT #6,Regular,7,,,6/27/2019,Thu,,,$0
5,2019,2019 EVENT #1,Regular,7,,,7/6/2018,Fri,,,$370
5,2019,2019 EVENT #2,Regular,7,,,7/6/2018,Fri,,,"$25,473"
5,2019,2019 EVENT #3,Regular,7,,,7/6/2018,Fri,,,"$94,818"
5,2019,2019 EVENT #4,Regular,7,,,7/6/2018,Fri,,,"$22,661"
5,2019,2019 EVENT #5,Regular,7,,,7/6/2018,Fri,,,"$27,876"
5,2019,2019 EVENT #6,Regular,7,,,7/6/2018,Fri,,,"$65,756"
5,2020,2020 EVENT #1,Regular,7,,,6/28/2019,Fri,,,$0
5,2020,2020 EVENT #2,Regular,7,,,6/28/2019,Fri,,,"$1,543"
5,2020,2020 EVENT #3,Regular,7,,,6/28/2019,Fri,,,"$6,061"
5,2020,2020 EVENT #4,Regular,7,,,6/28/2019,Fri,,,"$2,197"
5,2020,2020 EVENT #5,Regular,7,,,6/28/2019,Fri,,,"$2,620"
5,2020,2020 EVENT #6,Regular,7,,,6/28/2019,Fri,,,"$5,909"
6,2019,2019 EVENT #1,Regular,7,,,7/7/2018,Sat,,,$0
6,2019,2019 EVENT #2,Regular,7,,,7/7/2018,Sat,,,"$7,440"
6,2019,2019 EVENT #3,Regular,7,,,7/7/2018,Sat,,,"$37,698"
6,2019,2019 EVENT #4,Regular,7,,,7/7/2018,Sat,,,"$6,451"
6,2019,2019 EVENT #5,Regular,7,,,7/7/2018,Sat,,,"$6,717"
6,2019,2019 EVENT #6,Regular,7,,,7/7/2018,Sat,,,"$23,220"
6,2020,2020 EVENT #1,Regular,7,,,6/29/2019,Sat,,,$0
6,2020,2020 EVENT #2,Regular,7,,,6/29/2019,Sat,,,$0
6,2020,2020 EVENT #3,Regular,7,,,6/29/2019,Sat,,,$0
6,2020,2020 EVENT #4,Regular,7,,,6/29/2019,Sat,,,$0
6,2020,2020 EVENT #5,Regular,7,,,6/29/2019,Sat,,,$0
6,2020,2020 EVENT #6,Regular,7,,,6/29/2019,Sat,,,$0
7,2019,2019 EVENT #1,Regular,7,,,7/8/2018,Sun,,,$0
7,2019,2019 EVENT #2,Regular,7,,,7/8/2018,Sun,,,"$5,191"
7,2019,2019 EVENT #3,Regular,7,,,7/8/2018,Sun,,,"$22,331"
7,2019,2019 EVENT #4,Regular,7,,,7/8/2018,Sun,,,"$8,402"
7,2019,2019 EVENT #5,Regular,7,,,7/8/2018,Sun,,,"$4,627"
7,2019,2019 EVENT #6,Regular,7,,,7/8/2018,Sun,,,"$16,211"
7,2020,2020 EVENT #1,Regular,7,,,6/30/2019,Sun,,,$0
7,2020,2020 EVENT #2,Regular,7,,,6/30/2019,Sun,,,$0
7,2020,2020 EVENT #3,Regular,7,,,6/30/2019,Sun,,,$0
7,2020,2020 EVENT #4,Regular,7,,,6/30/2019,Sun,,,$0
7,2020,2020 EVENT #5,Regular,7,,,6/30/2019,Sun,,,$0
7,2020,2020 EVENT #6,Regular,7,,,6/30/2019,Sun,,,$0
1,2019,2019 EVENT #1,Regular,8,,,7/9/2018,Mon,,,$537
1,2019,2019 EVENT #2,Regular,8,,,7/9/2018,Mon,,,"$38,452"
1,2019,2019 EVENT #3,Regular,8,,,7/9/2018,Mon,,,"$118,336"
1,2019,2019 EVENT #4,Regular,8,,,7/9/2018,Mon,,,"$32,555"
1,2019,2019 EVENT #5,Regular,8,,,7/9/2018,Mon,,,"$34,027"
1,2019,2019 EVENT #6,Regular,8,,,7/9/2018,Mon,,,"$93,123"
1,2020,2020 EVENT #1,Regular,8,,,7/1/2019,Mon,,,$0
1,2020,2020 EVENT #2,Regular,8,,,7/1/2019,Mon,,,$607
1,2020,2020 EVENT #3,Regular,8,,,7/1/2019,Mon,,,"$3,162"
1,2020,2020 EVENT #4,Regular,8,,,7/1/2019,Mon,,,$933
1,2020,2020 EVENT #5,Regular,8,,,7/1/2019,Mon,,,"$1,780"
1,2020,2020 EVENT #6,Regular,8,,,7/1/2019,Mon,,,"$8,963"
2,2019,2019 EVENT #1,Regular,8,,,7/10/2018,Tue,,,$0
2,2019,2019 EVENT #2,Regular,8,,,7/10/2018,Tue,,,"$35,247"
2,2019,2019 EVENT #3,Regular,8,,,7/10/2018,Tue,,,"$112,734"
2,2019,2019 EVENT #4,Regular,8,,,7/10/2018,Tue,,,"$37,149"
2,2019,2019 EVENT #5,Regular,8,,,7/10/2018,Tue,,,"$47,189"
2,2019,2019 EVENT #6,Regular,8,,,7/10/2018,Tue,,,"$117,484"
2,2020,2020 EVENT #1,Regular,8,,,7/2/2019,Tue,,,$0
2,2020,2020 EVENT #2,Regular,8,,,7/2/2019,Tue,,,$726
2,2020,2020 EVENT #3,Regular,8,,,7/2/2019,Tue,,,$0
2,2020,2020 EVENT #4,Regular,8,,,7/2/2019,Tue,,,$0
2,2020,2020 EVENT #5,Regular,8,,,7/2/2019,Tue,,,$0
2,2020,2020 EVENT #6,Regular,8,,,7/2/2019,Tue,,,$0
3,2019,2019 EVENT #1,Regular,8,,,7/11/2018,Wed,,,$0
3,2019,2019 EVENT #2,Regular,8,,,7/11/2018,Wed,,,"$40,814"
3,2019,2019 EVENT #3,Regular,8,,,7/11/2018,Wed,,,"$188,976"
3,2019,2019 EVENT #4,Regular,8,,,7/11/2018,Wed,,,"$45,221"
3,2019,2019 EVENT #5,Regular,8,,,7/11/2018,Wed,,,"$51,806"
3,2019,2019 EVENT #6,Regular,8,,,7/11/2018,Wed,,,"$175,179"
3,2020,2020 EVENT #1,Regular,8,,,7/3/2019,Wed,,,$0
3,2020,2020 EVENT #2,Regular,8,,,7/3/2019,Wed,,,$0
3,2020,2020 EVENT #3,Regular,8,,,7/3/2019,Wed,,,$0
3,2020,2020 EVENT #4,Regular,8,,,7/3/2019,Wed,,,$0
3,2020,2020 EVENT #5,Regular,8,,,7/3/2019,Wed,,,$0
3,2020,2020 EVENT #6,Regular,8,,,7/3/2019,Wed,,,$0
4,2019,2019 EVENT #1,Regular,8,,,7/12/2018,Thu,,,$0
4,2019,2019 EVENT #2,Regular,8,,,7/12/2018,Thu,,,"$50,380"
4,2019,2019 EVENT #3,Regular,8,,,7/12/2018,Thu,,,"$171,486"
4,2019,2019 EVENT #4,Regular,8,,,7/12/2018,Thu,,,"$50,713"
4,2019,2019 EVENT #5,Regular,8,,,7/12/2018,Thu,,,"$53,232"
4,2019,2019 EVENT #6,Regular,8,,,7/12/2018,Thu,,,"$154,286"
4,2020,2020 EVENT #1,Regular,8,,,7/4/2019,Thu,,,$0
4,2020,2020 EVENT #2,Regular,8,,,7/4/2019,Thu,,,$0
4,2020,2020 EVENT #3,Regular,8,,,7/4/2019,Thu,,,$0
4,2020,2020 EVENT #4,Regular,8,,,7/4/2019,Thu,,,$0
4,2020,2020 EVENT #5,Regular,8,,,7/4/2019,Thu,,,$0
4,2020,2020 EVENT #6,Regular,8,,,7/4/2019,Thu,,,$0
5,2019,2019 EVENT #1,Regular,8,,,7/13/2018,Fri,,,$0
5,2019,2019 EVENT #2,Regular,8,,,7/13/2018,Fri,,,"$61,913"
5,2019,2019 EVENT #3,Regular,8,,,7/13/2018,Fri,,,"$160,116"
5,2019,2019 EVENT #4,Regular,8,,,7/13/2018,Fri,,,"$65,023"
5,2019,2019 EVENT #5,Regular,8,,,7/13/2018,Fri,,,"$69,981"
5,2019,2019 EVENT #6,Regular,8,,,7/13/2018,Fri,,,"$193,761"
5,2020,2020 EVENT #1,Regular,8,,,7/5/2019,Fri,,,$0
5,2020,2020 EVENT #2,Regular,8,,,7/5/2019,Fri,,,$0
5,2020,2020 EVENT #3,Regular,8,,,7/5/2019,Fri,,,$972
5,2020,2020 EVENT #4,Regular,8,,,7/5/2019,Fri,,,$0
5,2020,2020 EVENT #5,Regular,8,,,7/5/2019,Fri,,,$0
5,2020,2020 EVENT #6,Regular,8,,,7/5/2019,Fri,,,"$3,435"
6,2019,2019 EVENT #1,Regular,8,,,7/14/2018,Sat,,,$0
6,2019,2019 EVENT #2,Regular,8,,,7/14/2018,Sat,,,"$5,293"
6,2019,2019 EVENT #3,Regular,8,,,7/14/2018,Sat,,,"$13,587"
6,2019,2019 EVENT #4,Regular,8,,,7/14/2018,Sat,,,"$3,846"
6,2019,2019 EVENT #5,Regular,8,,,7/14/2018,Sat,,,"$7,619"
6,2019,2019 EVENT #6,Regular,8,,,7/14/2018,Sat,,,"$16,020"
6,2020,2020 EVENT #1,Regular,8,,,7/6/2019,Sat,,,$0
6,2020,2020 EVENT #2,Regular,8,,,7/6/2019,Sat,,,$0
6,2020,2020 EVENT #3,Regular,8,,,7/6/2019,Sat,,,$360
6,2020,2020 EVENT #4,Regular,8,,,7/6/2019,Sat,,,$0
6,2020,2020 EVENT #5,Regular,8,,,7/6/2019,Sat,,,$0
6,2020,2020 EVENT #6,Regular,8,,,7/6/2019,Sat,,,$0
7,2019,2019 EVENT #1,Regular,8,,,7/15/2018,Sun,,,$0
7,2019,2019 EVENT #2,Regular,8,,,7/15/2018,Sun,,,$0
7,2019,2019 EVENT #3,Regular,8,,,7/15/2018,Sun,,,"$1,549"
7,2019,2019 EVENT #4,Regular,8,,,7/15/2018,Sun,,,$833
7,2019,2019 EVENT #5,Regular,8,,,7/15/2018,Sun,,,$0
7,2019,2019 EVENT #6,Regular,8,,,7/15/2018,Sun,,,"$2,598"
7,2020,2020 EVENT #1,Regular,8,,,7/7/2019,Sun,,,$0
7,2020,2020 EVENT #2,Regular,8,,,7/7/2019,Sun,,,$0
7,2020,2020 EVENT #3,Regular,8,,,7/7/2019,Sun,,,$0
7,2020,2020 EVENT #4,Regular,8,,,7/7/2019,Sun,,,$0
7,2020,2020 EVENT #5,Regular,8,,,7/7/2019,Sun,,,$0
7,2020,2020 EVENT #6,Regular,8,,,7/7/2019,Sun,,,$0
1,2019,2019 EVENT #1,Regular,9,,,7/16/2018,Mon,,,$0
1,2019,2019 EVENT #2,Regular,9,,,7/16/2018,Mon,,,"$10,509"
1,2019,2019 EVENT #3,Regular,9,,,7/16/2018,Mon,,,"$20,529"
1,2019,2019 EVENT #4,Regular,9,,,7/16/2018,Mon,,,"$5,587"
1,2019,2019 EVENT #5,Regular,9,,,7/16/2018,Mon,,,"$9,082"
1,2019,2019 EVENT #6,Regular,9,,,7/16/2018,Mon,,,"$35,934"
1,2020,2020 EVENT #1,Regular,9,,,7/8/2019,Mon,,,$0
1,2020,2020 EVENT #2,Regular,9,,,7/8/2019,Mon,,,$286
1,2020,2020 EVENT #3,Regular,9,,,7/8/2019,Mon,,,$0
1,2020,2020 EVENT #4,Regular,9,,,7/8/2019,Mon,,,$377
1,2020,2020 EVENT #5,Regular,9,,,7/8/2019,Mon,,,$446
1,2020,2020 EVENT #6,Regular,9,,,7/8/2019,Mon,,,$0
2,2019,2019 EVENT #1,Regular,9,,,7/17/2018,Tue,,,$0
2,2019,2019 EVENT #2,Regular,9,,,7/17/2018,Tue,,,"$7,160"
2,2019,2019 EVENT #3,Regular,9,,,7/17/2018,Tue,,,"$25,215"
2,2019,2019 EVENT #4,Regular,9,,,7/17/2018,Tue,,,"$6,858"
2,2019,2019 EVENT #5,Regular,9,,,7/17/2018,Tue,,,"$3,835"
2,2019,2019 EVENT #6,Regular,9,,,7/17/2018,Tue,,,"$10,259"
2,2020,2020 EVENT #1,Regular,9,,,7/9/2019,Tue,,,$0
2,2020,2020 EVENT #2,Regular,9,,,7/9/2019,Tue,,,"$1,246"
2,2020,2020 EVENT #3,Regular,9,,,7/9/2019,Tue,,,"$8,284"
2,2020,2020 EVENT #4,Regular,9,,,7/9/2019,Tue,,,"$1,903"
2,2020,2020 EVENT #5,Regular,9,,,7/9/2019,Tue,,,$0
2,2020,2020 EVENT #6,Regular,9,,,7/9/2019,Tue,,,"$17,800"
3,2019,2019 EVENT #1,Regular,9,,,7/18/2018,Wed,,,$0
3,2019,2019 EVENT #2,Regular,9,,,7/18/2018,Wed,,,"$5,378"
3,2019,2019 EVENT #3,Regular,9,,,7/18/2018,Wed,,,"$20,827"
3,2019,2019 EVENT #4,Regular,9,,,7/18/2018,Wed,,,"$3,294"
3,2019,2019 EVENT #5,Regular,9,,,7/18/2018,Wed,,,"$5,373"
3,2019,2019 EVENT #6,Regular,9,,,7/18/2018,Wed,,,"$13,811"
3,2020,2020 EVENT #1,Regular,9,,,7/10/2019,Wed,,,$319
3,2020,2020 EVENT #2,Regular,9,,,7/10/2019,Wed,,,$805
3,2020,2020 EVENT #3,Regular,9,,,7/10/2019,Wed,,,"$7,536"
3,2020,2020 EVENT #4,Regular,9,,,7/10/2019,Wed,,,"$2,326"
3,2020,2020 EVENT #5,Regular,9,,,7/10/2019,Wed,,,"$1,352"
3,2020,2020 EVENT #6,Regular,9,,,7/10/2019,Wed,,,"$6,218"
4,2019,2019 EVENT #1,Regular,9,,,7/19/2018,Thu,,,$0
4,2019,2019 EVENT #2,Regular,9,,,7/19/2018,Thu,,,"$2,577"
4,2019,2019 EVENT #3,Regular,9,,,7/19/2018,Thu,,,"$12,609"
4,2019,2019 EVENT #4,Regular,9,,,7/19/2018,Thu,,,"$4,466"
4,2019,2019 EVENT #5,Regular,9,,,7/19/2018,Thu,,,"$4,796"
4,2019,2019 EVENT #6,Regular,9,,,7/19/2018,Thu,,,"$18,933"
4,2020,2020 EVENT #1,Regular,9,,,7/11/2019,Thu,,,$0
4,2020,2020 EVENT #2,Regular,9,,,7/11/2019,Thu,,,"$1,843"
4,2020,2020 EVENT #3,Regular,9,,,7/11/2019,Thu,,,"$4,258"
4,2020,2020 EVENT #4,Regular,9,,,7/11/2019,Thu,,,"$1,503"
4,2020,2020 EVENT #5,Regular,9,,,7/11/2019,Thu,,,$294
4,2020,2020 EVENT #6,Regular,9,,,7/11/2019,Thu,,,"$3,873"
5,2019,2019 EVENT #1,Regular,9,,,7/20/2018,Fri,,,$169
5,2019,2019 EVENT #2,Regular,9,,,7/20/2018,Fri,,,"$13,270"
5,2019,2019 EVENT #3,Regular,9,,,7/20/2018,Fri,,,"$61,087"
5,2019,2019 EVENT #4,Regular,9,,,7/20/2018,Fri,,,"$15,765"
5,2019,2019 EVENT #5,Regular,9,,,7/20/2018,Fri,,,"$16,169"
5,2019,2019 EVENT #6,Regular,9,,,7/20/2018,Fri,,,"$51,176"
5,2020,2020 EVENT #1,Regular,9,,,7/12/2019,Fri,,,"$4,272"
5,2020,2020 EVENT #2,Regular,9,,,7/12/2019,Fri,,,"$16,473"
5,2020,2020 EVENT #3,Regular,9,,,7/12/2019,Fri,,,"$27,791"
5,2020,2020 EVENT #4,Regular,9,,,7/12/2019,Fri,,,"$12,299"
5,2020,2020 EVENT #5,Regular,9,,,7/12/2019,Fri,,,"$12,849"
5,2020,2020 EVENT #6,Regular,9,,,7/12/2019,Fri,,,"$39,358"
6,2019,2019 EVENT #1,Regular,9,,,7/21/2018,Sat,,,$0
6,2019,2019 EVENT #2,Regular,9,,,7/21/2018,Sat,,,$0
6,2019,2019 EVENT #3,Regular,9,,,7/21/2018,Sat,,,$0
6,2019,2019 EVENT #4,Regular,9,,,7/21/2018,Sat,,,$0
6,2019,2019 EVENT #5,Regular,9,,,7/21/2018,Sat,,,"$1,832"
6,2019,2019 EVENT #6,Regular,9,,,7/21/2018,Sat,,,"$4,135"
6,2020,2020 EVENT #1,Regular,9,,,7/13/2019,Sat,,,$0
6,2020,2020 EVENT #2,Regular,9,,,7/13/2019,Sat,,,$0
6,2020,2020 EVENT #3,Regular,9,,,7/13/2019,Sat,,,$0
6,2020,2020 EVENT #4,Regular,9,,,7/13/2019,Sat,,,$0
6,2020,2020 EVENT #5,Regular,9,,,7/13/2019,Sat,,,$0
6,2020,2020 EVENT #6,Regular,9,,,7/13/2019,Sat,,,$0
7,2019,2019 EVENT #1,Regular,9,,,7/22/2018,Sun,,,$0
7,2019,2019 EVENT #2,Regular,9,,,7/22/2018,Sun,,,$0
7,2019,2019 EVENT #3,Regular,9,,,7/22/2018,Sun,,,$0
7,2019,2019 EVENT #4,Regular,9,,,7/22/2018,Sun,,,$0
7,2019,2019 EVENT #5,Regular,9,,,7/22/2018,Sun,,,$0
7,2019,2019 EVENT #6,Regular,9,,,7/22/2018,Sun,,,$0
7,2020,2020 EVENT #1,Regular,9,,,7/14/2019,Sun,,,$0
7,2020,2020 EVENT #2,Regular,9,,,7/14/2019,Sun,,,$0
7,2020,2020 EVENT #3,Regular,9,,,7/14/2019,Sun,,,$0
7,2020,2020 EVENT #4,Regular,9,,,7/14/2019,Sun,,,$0
7,2020,2020 EVENT #5,Regular,9,,,7/14/2019,Sun,,,$0
7,2020,2020 EVENT #6,Regular,9,,,7/14/2019,Sun,,,$0
1,2019,2019 EVENT #1,Regular,10,,,7/23/2018,Mon,,,$0
1,2019,2019 EVENT #2,Regular,10,,,7/23/2018,Mon,,,"$2,789"
1,2019,2019 EVENT #3,Regular,10,,,7/23/2018,Mon,,,"$6,947"
1,2019,2019 EVENT #4,Regular,10,,,7/23/2018,Mon,,,"$2,604"
1,2019,2019 EVENT #5,Regular,10,,,7/23/2018,Mon,,,"$2,794"
1,2019,2019 EVENT #6,Regular,10,,,7/23/2018,Mon,,,"$15,322"
1,2020,2020 EVENT #1,Regular,10,,,7/15/2019,Mon,,,$0
1,2020,2020 EVENT #2,Regular,10,,,7/15/2019,Mon,,,"$1,340"
1,2020,2020 EVENT #3,Regular,10,,,7/15/2019,Mon,,,"$8,302"
1,2020,2020 EVENT #4,Regular,10,,,7/15/2019,Mon,,,$0
1,2020,2020 EVENT #5,Regular,10,,,7/15/2019,Mon,,,"$1,948"
1,2020,2020 EVENT #6,Regular,10,,,7/15/2019,Mon,,,"$10,063"
2,2019,2019 EVENT #1,Regular,10,,,7/24/2018,Tue,,,$0
2,2019,2019 EVENT #2,Regular,10,,,7/24/2018,Tue,,,"$1,815"
2,2019,2019 EVENT #3,Regular,10,,,7/24/2018,Tue,,,"$4,093"
2,2019,2019 EVENT #4,Regular,10,,,7/24/2018,Tue,,,"$1,477"
2,2019,2019 EVENT #5,Regular,10,,,7/24/2018,Tue,,,$747
2,2019,2019 EVENT #6,Regular,10,,,7/24/2018,Tue,,,"$7,721"
2,2020,2020 EVENT #1,Regular,10,,,7/16/2019,Tue,,,$0
2,2020,2020 EVENT #2,Regular,10,,,7/16/2019,Tue,,,"$4,286"
2,2020,2020 EVENT #3,Regular,10,,,7/16/2019,Tue,,,$0
2,2020,2020 EVENT #4,Regular,10,,,7/16/2019,Tue,,,"$1,277"
2,2020,2020 EVENT #5,Regular,10,,,7/16/2019,Tue,,,"$3,853"
2,2020,2020 EVENT #6,Regular,10,,,7/16/2019,Tue,,,$0
3,2019,2019 EVENT #1,Regular,10,,,7/25/2018,Wed,,,$0
3,2019,2019 EVENT #2,Regular,10,,,7/25/2018,Wed,,,"$1,216"
3,2019,2019 EVENT #3,Regular,10,,,7/25/2018,Wed,,,"$15,925"
3,2019,2019 EVENT #4,Regular,10,,,7/25/2018,Wed,,,"$2,197"
3,2019,2019 EVENT #5,Regular,10,,,7/25/2018,Wed,,,"$1,535"
3,2019,2019 EVENT #6,Regular,10,,,7/25/2018,Wed,,,"$12,324"
3,2020,2020 EVENT #1,Regular,10,,,7/17/2019,Wed,,,$978
3,2020,2020 EVENT #2,Regular,10,,,7/17/2019,Wed,,,$453
3,2020,2020 EVENT #3,Regular,10,,,7/17/2019,Wed,,,$0
3,2020,2020 EVENT #4,Regular,10,,,7/17/2019,Wed,,,$573
3,2020,2020 EVENT #5,Regular,10,,,7/17/2019,Wed,,,"$1,180"
3,2020,2020 EVENT #6,Regular,10,,,7/17/2019,Wed,,,"$2,109"
4,2019,2019 EVENT #1,Regular,10,,,7/26/2018,Thu,,,$0
4,2019,2019 EVENT #2,Regular,10,,,7/26/2018,Thu,,,$588
4,2019,2019 EVENT #3,Regular,10,,,7/26/2018,Thu,,,"$19,574"
4,2019,2019 EVENT #4,Regular,10,,,7/26/2018,Thu,,,$0
4,2019,2019 EVENT #5,Regular,10,,,7/26/2018,Thu,,,$734
4,2019,2019 EVENT #6,Regular,10,,,7/26/2018,Thu,,,$0
4,2020,2020 EVENT #1,Regular,10,,,7/18/2019,Thu,,,"$20,950"
4,2020,2020 EVENT #2,Regular,10,,,7/18/2019,Thu,,,"$168,445"
4,2020,2020 EVENT #3,Regular,10,,,7/18/2019,Thu,,,"$3,801,411"
4,2020,2020 EVENT #4,Regular,10,,,7/18/2019,Thu,,,"$7,128"
4,2020,2020 EVENT #5,Regular,10,,,7/18/2019,Thu,,,"$11,913"
4,2020,2020 EVENT #6,Regular,10,,,7/18/2019,Thu,,,"$538,955"
5,2019,2019 EVENT #1,Regular,10,,,7/27/2018,Fri,,,$0
5,2019,2019 EVENT #2,Regular,10,,,7/27/2018,Fri,,,$499
5,2019,2019 EVENT #3,Regular,10,,,7/27/2018,Fri,,,"$291,897"
5,2019,2019 EVENT #4,Regular,10,,,7/27/2018,Fri,,,$0
5,2019,2019 EVENT #5,Regular,10,,,7/27/2018,Fri,,,$111
5,2019,2019 EVENT #6,Regular,10,,,7/27/2018,Fri,,,"$313,239"
5,2020,2020 EVENT #1,Regular,10,,,7/19/2019,Fri,,,$812
5,2020,2020 EVENT #2,Regular,10,,,7/19/2019,Fri,,,"$7,315"
5,2020,2020 EVENT #3,Regular,10,,,7/19/2019,Fri,,,"$25,176"
5,2020,2020 EVENT #4,Regular,10,,,7/19/2019,Fri,,,"$7,828"
5,2020,2020 EVENT #5,Regular,10,,,7/19/2019,Fri,,,"$12,219"
5,2020,2020 EVENT #6,Regular,10,,,7/19/2019,Fri,,,"$40,988"
6,2019,2019 EVENT #1,Regular,10,,,7/28/2018,Sat,,,$0
6,2019,2019 EVENT #2,Regular,10,,,7/28/2018,Sat,,,$0
6,2019,2019 EVENT #3,Regular,10,,,7/28/2018,Sat,,,$0
6,2019,2019 EVENT #4,Regular,10,,,7/28/2018,Sat,,,$0
6,2019,2019 EVENT #5,Regular,10,,,7/28/2018,Sat,,,$0
6,2019,2019 EVENT #6,Regular,10,,,7/28/2018,Sat,,,$0
6,2020,2020 EVENT #1,Regular,10,,,7/20/2019,Sat,,,$0
6,2020,2020 EVENT #2,Regular,10,,,7/20/2019,Sat,,,$0
6,2020,2020 EVENT #3,Regular,10,,,7/20/2019,Sat,,,$0
6,2020,2020 EVENT #4,Regular,10,,,7/20/2019,Sat,,,$0
6,2020,2020 EVENT #5,Regular,10,,,7/20/2019,Sat,,,$0
6,2020,2020 EVENT #6,Regular,10,,,7/20/2019,Sat,,,$0
7,2019,2019 EVENT #1,Regular,10,,,7/29/2018,Sun,,,$0
7,2019,2019 EVENT #2,Regular,10,,,7/29/2018,Sun,,,$0
7,2019,2019 EVENT #3,Regular,10,,,7/29/2018,Sun,,,$0
7,2019,2019 EVENT #4,Regular,10,,,7/29/2018,Sun,,,$0
7,2019,2019 EVENT #5,Regular,10,,,7/29/2018,Sun,,,$0
7,2019,2019 EVENT #6,Regular,10,,,7/29/2018,Sun,,,$0
7,2020,2020 EVENT #1,Regular,10,,,7/21/2019,Sun,,,$0
7,2020,2020 EVENT #2,Regular,10,,,7/21/2019,Sun,,,$348
7,2020,2020 EVENT #3,Regular,10,,,7/21/2019,Sun,,,$699
7,2020,2020 EVENT #4,Regular,10,,,7/21/2019,Sun,,,$0
7,2020,2020 EVENT #5,Regular,10,,,7/21/2019,Sun,,,$0
7,2020,2020 EVENT #6,Regular,10,,,7/21/2019,Sun,,,$0
1,2019,2019 EVENT #1,Regular,11,,,7/30/2018,Mon,,,$0
1,2019,2019 EVENT #2,Regular,11,,,7/30/2018,Mon,,,$0
1,2019,2019 EVENT #3,Regular,11,,,7/30/2018,Mon,,,$373
1,2019,2019 EVENT #4,Regular,11,,,7/30/2018,Mon,,,$245
1,2019,2019 EVENT #5,Regular,11,,,7/30/2018,Mon,,,$0
1,2019,2019 EVENT #6,Regular,11,,,7/30/2018,Mon,,,$629
1,2020,2020 EVENT #1,Regular,11,,,7/22/2019,Mon,,,$0
1,2020,2020 EVENT #2,Regular,11,,,7/22/2019,Mon,,,$338
1,2020,2020 EVENT #3,Regular,11,,,7/22/2019,Mon,,,"$3,607"
1,2020,2020 EVENT #4,Regular,11,,,7/22/2019,Mon,,,$530
1,2020,2020 EVENT #5,Regular,11,,,7/22/2019,Mon,,,"$1,187"
1,2020,2020 EVENT #6,Regular,11,,,7/22/2019,Mon,,,"$3,544"
2,2019,2019 EVENT #1,Regular,11,,,7/31/2018,Tue,,,$0
2,2019,2019 EVENT #2,Regular,11,,,7/31/2018,Tue,,,$0
2,2019,2019 EVENT #3,Regular,11,,,7/31/2018,Tue,,,$995
2,2019,2019 EVENT #4,Regular,11,,,7/31/2018,Tue,,,"$1,641"
2,2019,2019 EVENT #5,Regular,11,,,7/31/2018,Tue,,,"$2,188"
2,2019,2019 EVENT #6,Regular,11,,,7/31/2018,Tue,,,"$1,006"
2,2020,2020 EVENT #1,Regular,11,,,7/23/2019,Tue,,,$0
2,2020,2020 EVENT #2,Regular,11,,,7/23/2019,Tue,,,$320
2,2020,2020 EVENT #3,Regular,11,,,7/23/2019,Tue,,,"$5,517"
2,2020,2020 EVENT #4,Regular,11,,,7/23/2019,Tue,,,"$1,181"
2,2020,2020 EVENT #5,Regular,11,,,7/23/2019,Tue,,,"$2,886"
2,2020,2020 EVENT #6,Regular,11,,,7/23/2019,Tue,,,"$14,590"
3,2019,2019 EVENT #1,Regular,11,,,8/1/2018,Wed,,,$0
3,2019,2019 EVENT #2,Regular,11,,,8/1/2018,Wed,,,$871
3,2019,2019 EVENT #3,Regular,11,,,8/1/2018,Wed,,,"$29,843"
3,2019,2019 EVENT #4,Regular,11,,,8/1/2018,Wed,,,$0
3,2019,2019 EVENT #5,Regular,11,,,8/1/2018,Wed,,,"$1,112"
3,2019,2019 EVENT #6,Regular,11,,,8/1/2018,Wed,,,"$1,102"
3,2020,2020 EVENT #1,Regular,11,,,7/24/2019,Wed,,,$298
3,2020,2020 EVENT #2,Regular,11,,,7/24/2019,Wed,,,$921
3,2020,2020 EVENT #3,Regular,11,,,7/24/2019,Wed,,,"$4,651"
3,2020,2020 EVENT #4,Regular,11,,,7/24/2019,Wed,,,"$1,749"
3,2020,2020 EVENT #5,Regular,11,,,7/24/2019,Wed,,,"$1,270"
3,2020,2020 EVENT #6,Regular,11,,,7/24/2019,Wed,,,"$10,882"
4,2019,2019 EVENT #1,Regular,11,,,8/2/2018,Thu,,,$0
4,2019,2019 EVENT #2,Regular,11,,,8/2/2018,Thu,,,$0
4,2019,2019 EVENT #3,Regular,11,,,8/2/2018,Thu,,,$0
4,2019,2019 EVENT #4,Regular,11,,,8/2/2018,Thu,,,$0
4,2019,2019 EVENT #5,Regular,11,,,8/2/2018,Thu,,,$0
4,2019,2019 EVENT #6,Regular,11,,,8/2/2018,Thu,,,$0
4,2020,2020 EVENT #1,Regular,11,,,7/25/2019,Thu,,,$274
4,2020,2020 EVENT #2,Regular,11,,,7/25/2019,Thu,,,"$1,306"
4,2020,2020 EVENT #3,Regular,11,,,7/25/2019,Thu,,,"$2,666"
4,2020,2020 EVENT #4,Regular,11,,,7/25/2019,Thu,,,"$1,751"
4,2020,2020 EVENT #5,Regular,11,,,7/25/2019,Thu,,,"$2,182"
4,2020,2020 EVENT #6,Regular,11,,,7/25/2019,Thu,,,"$5,261"
5,2019,2019 EVENT #1,Regular,11,,,8/3/2018,Fri,,,$0
5,2019,2019 EVENT #2,Regular,11,,,8/3/2018,Fri,,,$0
5,2019,2019 EVENT #3,Regular,11,,,8/3/2018,Fri,,,"$21,475"
5,2019,2019 EVENT #4,Regular,11,,,8/3/2018,Fri,,,$0
5,2019,2019 EVENT #5,Regular,11,,,8/3/2018,Fri,,,$0
5,2019,2019 EVENT #6,Regular,11,,,8/3/2018,Fri,,,$0
5,2020,2020 EVENT #1,Regular,11,,,7/26/2019,Fri,,,$0
5,2020,2020 EVENT #2,Regular,11,,,7/26/2019,Fri,,,"$1,014"
5,2020,2020 EVENT #3,Regular,11,,,7/26/2019,Fri,,,"$4,227"
5,2020,2020 EVENT #4,Regular,11,,,7/26/2019,Fri,,,$691
5,2020,2020 EVENT #5,Regular,11,,,7/26/2019,Fri,,,$549
5,2020,2020 EVENT #6,Regular,11,,,7/26/2019,Fri,,,"$4,208"
6,2019,2019 EVENT #1,Regular,11,,,8/4/2018,Sat,,,$0
6,2019,2019 EVENT #2,Regular,11,,,8/4/2018,Sat,,,$0
6,2019,2019 EVENT #3,Regular,11,,,8/4/2018,Sat,,,$0
6,2019,2019 EVENT #4,Regular,11,,,8/4/2018,Sat,,,$0
6,2019,2019 EVENT #5,Regular,11,,,8/4/2018,Sat,,,$0
6,2019,2019 EVENT #6,Regular,11,,,8/4/2018,Sat,,,$0
6,2020,2020 EVENT #1,Regular,11,,,7/27/2019,Sat,,,$0
6,2020,2020 EVENT #2,Regular,11,,,7/27/2019,Sat,,,$0
6,2020,2020 EVENT #3,Regular,11,,,7/27/2019,Sat,,,$0
6,2020,2020 EVENT #4,Regular,11,,,7/27/2019,Sat,,,$0
6,2020,2020 EVENT #5,Regular,11,,,7/27/2019,Sat,,,$0
6,2020,2020 EVENT #6,Regular,11,,,7/27/2019,Sat,,,$0
7,2019,2019 EVENT #1,Regular,11,,,8/5/2018,Sun,,,$0
7,2019,2019 EVENT #2,Regular,11,,,8/5/2018,Sun,,,$0
7,2019,2019 EVENT #3,Regular,11,,,8/5/2018,Sun,,,$0
7,2019,2019 EVENT #4,Regular,11,,,8/5/2018,Sun,,,$0
7,2019,2019 EVENT #5,Regular,11,,,8/5/2018,Sun,,,$0
7,2019,2019 EVENT #6,Regular,11,,,8/5/2018,Sun,,,$0
7,2020,2020 EVENT #1,Regular,11,,,7/28/2019,Sun,,,$0
7,2020,2020 EVENT #2,Regular,11,,,7/28/2019,Sun,,,$0
7,2020,2020 EVENT #3,Regular,11,,,7/28/2019,Sun,,,$0
7,2020,2020 EVENT #4,Regular,11,,,7/28/2019,Sun,,,$0
7,2020,2020 EVENT #5,Regular,11,,,7/28/2019,Sun,,,$0
7,2020,2020 EVENT #6,Regular,11,,,7/28/2019,Sun,,,$0
1,2019,2019 EVENT #1,Regular,12,,,8/6/2018,Mon,,,$0
1,2019,2019 EVENT #2,Regular,12,,,8/6/2018,Mon,,,$0
1,2019,2019 EVENT #3,Regular,12,,,8/6/2018,Mon,,,"$104,564"
1,2019,2019 EVENT #4,Regular,12,,,8/6/2018,Mon,,,$0
1,2019,2019 EVENT #5,Regular,12,,,8/6/2018,Mon,,,$0
1,2019,2019 EVENT #6,Regular,12,,,8/6/2018,Mon,,,$0
1,2020,2020 EVENT #1,Regular,12,,,7/29/2019,Mon,,,"$13,452"
1,2020,2020 EVENT #2,Regular,12,,,7/29/2019,Mon,,,"$19,577"
1,2020,2020 EVENT #3,Regular,12,,,7/29/2019,Mon,,,"$62,122"
1,2020,2020 EVENT #4,Regular,12,,,7/29/2019,Mon,,,"$21,596"
1,2020,2020 EVENT #5,Regular,12,,,7/29/2019,Mon,,,"$23,345"
1,2020,2020 EVENT #6,Regular,12,,,7/29/2019,Mon,,,"$61,865"
2,2019,2019 EVENT #1,Regular,12,,,8/7/2018,Tue,,,$0
2,2019,2019 EVENT #2,Regular,12,,,8/7/2018,Tue,,,$409
2,2019,2019 EVENT #3,Regular,12,,,8/7/2018,Tue,,,"$2,318"
2,2019,2019 EVENT #4,Regular,12,,,8/7/2018,Tue,,,$428
2,2019,2019 EVENT #5,Regular,12,,,8/7/2018,Tue,,,$454
2,2019,2019 EVENT #6,Regular,12,,,8/7/2018,Tue,,,"$1,421"
2,2020,2020 EVENT #1,Regular,12,,,7/30/2019,Tue,,,"$7,498"
2,2020,2020 EVENT #2,Regular,12,,,7/30/2019,Tue,,,"$11,825"
2,2020,2020 EVENT #3,Regular,12,,,7/30/2019,Tue,,,"$93,121"
2,2020,2020 EVENT #4,Regular,12,,,7/30/2019,Tue,,,"$10,452"
2,2020,2020 EVENT #5,Regular,12,,,7/30/2019,Tue,,,"$13,387"
2,2020,2020 EVENT #6,Regular,12,,,7/30/2019,Tue,,,"$51,788"
3,2019,2019 EVENT #1,Regular,12,,,8/8/2018,Wed,,,$0
3,2019,2019 EVENT #2,Regular,12,,,8/8/2018,Wed,,,$0
3,2019,2019 EVENT #3,Regular,12,,,8/8/2018,Wed,,,"$17,161"
3,2019,2019 EVENT #4,Regular,12,,,8/8/2018,Wed,,,$981
3,2019,2019 EVENT #5,Regular,12,,,8/8/2018,Wed,,,$665
3,2019,2019 EVENT #6,Regular,12,,,8/8/2018,Wed,,,"$2,210"
3,2020,2020 EVENT #1,Regular,12,,,7/31/2019,Wed,,,"$6,356"
3,2020,2020 EVENT #2,Regular,12,,,7/31/2019,Wed,,,"$7,533"
3,2020,2020 EVENT #3,Regular,12,,,7/31/2019,Wed,,,"$25,624"
3,2020,2020 EVENT #4,Regular,12,,,7/31/2019,Wed,,,"$8,520"
3,2020,2020 EVENT #5,Regular,12,,,7/31/2019,Wed,,,"$5,088"
3,2020,2020 EVENT #6,Regular,12,,,7/31/2019,Wed,,,"$26,091"
4,2019,2019 EVENT #1,Regular,12,,,8/9/2018,Thu,,,$0
4,2019,2019 EVENT #2,Regular,12,,,8/9/2018,Thu,,,$550
4,2019,2019 EVENT #3,Regular,12,,,8/9/2018,Thu,,,"$7,240"
4,2019,2019 EVENT #4,Regular,12,,,8/9/2018,Thu,,,$666
4,2019,2019 EVENT #5,Regular,12,,,8/9/2018,Thu,,,$497
4,2019,2019 EVENT #6,Regular,12,,,8/9/2018,Thu,,,"$1,418"
4,2020,2020 EVENT #1,Regular,12,,,8/1/2019,Thu,,,"$3,637"
4,2020,2020 EVENT #2,Regular,12,,,8/1/2019,Thu,,,"$4,156"
4,2020,2020 EVENT #3,Regular,12,,,8/1/2019,Thu,,,"$26,871"
4,2020,2020 EVENT #4,Regular,12,,,8/1/2019,Thu,,,"$6,157"
4,2020,2020 EVENT #5,Regular,12,,,8/1/2019,Thu,,,"$7,442"
4,2020,2020 EVENT #6,Regular,12,,,8/1/2019,Thu,,,"$17,823"
5,2019,2019 EVENT #1,Regular,12,,,8/10/2018,Fri,,,$0
5,2019,2019 EVENT #2,Regular,12,,,8/10/2018,Fri,,,"$1,771"
5,2019,2019 EVENT #3,Regular,12,,,8/10/2018,Fri,,,"$15,435"
5,2019,2019 EVENT #4,Regular,12,,,8/10/2018,Fri,,,$0
5,2019,2019 EVENT #5,Regular,12,,,8/10/2018,Fri,,,$0
5,2019,2019 EVENT #6,Regular,12,,,8/10/2018,Fri,,,$0
5,2020,2020 EVENT #1,Regular,12,,,8/2/2019,Fri,,,"$2,459"
5,2020,2020 EVENT #2,Regular,12,,,8/2/2019,Fri,,,"$4,121"
5,2020,2020 EVENT #3,Regular,12,,,8/2/2019,Fri,,,"$7,583"
5,2020,2020 EVENT #4,Regular,12,,,8/2/2019,Fri,,,"$5,058"
5,2020,2020 EVENT #5,Regular,12,,,8/2/2019,Fri,,,"$2,830"
5,2020,2020 EVENT #6,Regular,12,,,8/2/2019,Fri,,,"$11,944"
6,2019,2019 EVENT #1,Regular,12,,,8/11/2018,Sat,,,$0
6,2019,2019 EVENT #2,Regular,12,,,8/11/2018,Sat,,,$0
6,2019,2019 EVENT #3,Regular,12,,,8/11/2018,Sat,,,$0
6,2019,2019 EVENT #4,Regular,12,,,8/11/2018,Sat,,,$0
6,2019,2019 EVENT #5,Regular,12,,,8/11/2018,Sat,,,$0
6,2019,2019 EVENT #6,Regular,12,,,8/11/2018,Sat,,,$0
6,2020,2020 EVENT #1,Regular,12,,,8/3/2019,Sat,,,"$1,192"
6,2020,2020 EVENT #2,Regular,12,,,8/3/2019,Sat,,,$943
6,2020,2020 EVENT #3,Regular,12,,,8/3/2019,Sat,,,"$7,061"
6,2020,2020 EVENT #4,Regular,12,,,8/3/2019,Sat,,,$928
6,2020,2020 EVENT #5,Regular,12,,,8/3/2019,Sat,,,"$1,353"
6,2020,2020 EVENT #6,Regular,12,,,8/3/2019,Sat,,,"$3,814"
7,2019,2019 EVENT #1,Regular,12,,,8/12/2018,Sun,,,$0
7,2019,2019 EVENT #2,Regular,12,,,8/12/2018,Sun,,,$0
7,2019,2019 EVENT #3,Regular,12,,,8/12/2018,Sun,,,$0
7,2019,2019 EVENT #4,Regular,12,,,8/12/2018,Sun,,,$0
7,2019,2019 EVENT #5,Regular,12,,,8/12/2018,Sun,,,$0
7,2019,2019 EVENT #6,Regular,12,,,8/12/2018,Sun,,,$0
7,2020,2020 EVENT #1,Regular,12,,,8/4/2019,Sun,,,$0
7,2020,2020 EVENT #2,Regular,12,,,8/4/2019,Sun,,,$0
7,2020,2020 EVENT #3,Regular,12,,,8/4/2019,Sun,,,"$1,922"
7,2020,2020 EVENT #4,Regular,12,,,8/4/2019,Sun,,,$718
7,2020,2020 EVENT #5,Regular,12,,,8/4/2019,Sun,,,$760
7,2020,2020 EVENT #6,Regular,12,,,8/4/2019,Sun,,,"$1,322"
1,2019,2019 EVENT #1,Regular,13,,,8/13/2018,Mon,,,$0
1,2019,2019 EVENT #2,Regular,13,,,8/13/2018,Mon,,,$888
1,2019,2019 EVENT #3,Regular,13,,,8/13/2018,Mon,,,"$13,263"
1,2019,2019 EVENT #4,Regular,13,,,8/13/2018,Mon,,,$454
1,2019,2019 EVENT #5,Regular,13,,,8/13/2018,Mon,,,$0
1,2019,2019 EVENT #6,Regular,13,,,8/13/2018,Mon,,,"$2,140"
1,2020,2020 EVENT #1,Regular,13,,,8/5/2019,Mon,,,"$2,119"
1,2020,2020 EVENT #2,Regular,13,,,8/5/2019,Mon,,,"$2,618"
1,2020,2020 EVENT #3,Regular,13,,,8/5/2019,Mon,,,"$15,192"
1,2020,2020 EVENT #4,Regular,13,,,8/5/2019,Mon,,,"$2,366"
1,2020,2020 EVENT #5,Regular,13,,,8/5/2019,Mon,,,"$5,843"
1,2020,2020 EVENT #6,Regular,13,,,8/5/2019,Mon,,,"$10,237"
2,2019,2019 EVENT #1,Regular,13,,,8/14/2018,Tue,,,$0
2,2019,2019 EVENT #2,Regular,13,,,8/14/2018,Tue,,,"$1,349"
2,2019,2019 EVENT #3,Regular,13,,,8/14/2018,Tue,,,"$66,971"
2,2019,2019 EVENT #4,Regular,13,,,8/14/2018,Tue,,,$666
2,2019,2019 EVENT #5,Regular,13,,,8/14/2018,Tue,,,$0
2,2019,2019 EVENT #6,Regular,13,,,8/14/2018,Tue,,,"$2,503"
2,2020,2020 EVENT #1,Regular,13,,,8/6/2019,Tue,,,$611
2,2020,2020 EVENT #2,Regular,13,,,8/6/2019,Tue,,,"$3,580"
2,2020,2020 EVENT #3,Regular,13,,,8/6/2019,Tue,,,"$20,713"
2,2020,2020 EVENT #4,Regular,13,,,8/6/2019,Tue,,,"$2,263"
2,2020,2020 EVENT #5,Regular,13,,,8/6/2019,Tue,,,"$2,682"
2,2020,2020 EVENT #6,Regular,13,,,8/6/2019,Tue,,,"$6,356"
3,2019,2019 EVENT #1,Regular,13,,,8/15/2018,Wed,,,$361
3,2019,2019 EVENT #2,Regular,13,,,8/15/2018,Wed,,,$760
3,2019,2019 EVENT #3,Regular,13,,,8/15/2018,Wed,,,"$59,820"
3,2019,2019 EVENT #4,Regular,13,,,8/15/2018,Wed,,,$730
3,2019,2019 EVENT #5,Regular,13,,,8/15/2018,Wed,,,"$1,014"
3,2019,2019 EVENT #6,Regular,13,,,8/15/2018,Wed,,,"$1,615"
3,2020,2020 EVENT #1,Regular,13,,,8/7/2019,Wed,,,"$2,380"
3,2020,2020 EVENT #2,Regular,13,,,8/7/2019,Wed,,,"$5,777"
3,2020,2020 EVENT #3,Regular,13,,,8/7/2019,Wed,,,"$38,968"
3,2020,2020 EVENT #4,Regular,13,,,8/7/2019,Wed,,,"$1,435"
3,2020,2020 EVENT #5,Regular,13,,,8/7/2019,Wed,,,"$4,423"
3,2020,2020 EVENT #6,Regular,13,,,8/7/2019,Wed,,,"$9,253"
4,2019,2019 EVENT #1,Regular,13,,,8/16/2018,Thu,,,$491
4,2019,2019 EVENT #2,Regular,13,,,8/16/2018,Thu,,,"$1,044"
4,2019,2019 EVENT #3,Regular,13,,,8/16/2018,Thu,,,"$57,258"
4,2019,2019 EVENT #4,Regular,13,,,8/16/2018,Thu,,,$0
4,2019,2019 EVENT #5,Regular,13,,,8/16/2018,Thu,,,$0
4,2019,2019 EVENT #6,Regular,13,,,8/16/2018,Thu,,,$0
4,2020,2020 EVENT #1,Regular,13,,,8/8/2019,Thu,,,$139
4,2020,2020 EVENT #2,Regular,13,,,8/8/2019,Thu,,,"$1,178"
4,2020,2020 EVENT #3,Regular,13,,,8/8/2019,Thu,,,"$10,040"
4,2020,2020 EVENT #4,Regular,13,,,8/8/2019,Thu,,,$0
4,2020,2020 EVENT #5,Regular,13,,,8/8/2019,Thu,,,$115
4,2020,2020 EVENT #6,Regular,13,,,8/8/2019,Thu,,,"$6,358"
5,2019,2019 EVENT #1,Regular,13,,,8/17/2018,Fri,,,$0
5,2019,2019 EVENT #2,Regular,13,,,8/17/2018,Fri,,,"$1,523"
5,2019,2019 EVENT #3,Regular,13,,,8/17/2018,Fri,,,"$89,517"
5,2019,2019 EVENT #4,Regular,13,,,8/17/2018,Fri,,,$630
5,2019,2019 EVENT #5,Regular,13,,,8/17/2018,Fri,,,$0
5,2019,2019 EVENT #6,Regular,13,,,8/17/2018,Fri,,,"$2,309"
5,2020,2020 EVENT #1,Regular,13,,,8/9/2019,Fri,,,$861
5,2020,2020 EVENT #2,Regular,13,,,8/9/2019,Fri,,,"$1,599"
5,2020,2020 EVENT #3,Regular,13,,,8/9/2019,Fri,,,"$7,255"
5,2020,2020 EVENT #4,Regular,13,,,8/9/2019,Fri,,,$961
5,2020,2020 EVENT #5,Regular,13,,,8/9/2019,Fri,,,"$1,053"
5,2020,2020 EVENT #6,Regular,13,,,8/9/2019,Fri,,,"$3,495"
6,2019,2019 EVENT #1,Regular,13,,,8/18/2018,Sat,,,$0
6,2019,2019 EVENT #2,Regular,13,,,8/18/2018,Sat,,,$504
6,2019,2019 EVENT #3,Regular,13,,,8/18/2018,Sat,,,"$34,231"
6,2019,2019 EVENT #4,Regular,13,,,8/18/2018,Sat,,,$0
6,2019,2019 EVENT #5,Regular,13,,,8/18/2018,Sat,,,$0
6,2019,2019 EVENT #6,Regular,13,,,8/18/2018,Sat,,,$0
6,2020,2020 EVENT #1,Regular,13,,,8/10/2019,Sat,,,"$1,116"
6,2020,2020 EVENT #2,Regular,13,,,8/10/2019,Sat,,,"$1,898"
6,2020,2020 EVENT #3,Regular,13,,,8/10/2019,Sat,,,"$4,412"
6,2020,2020 EVENT #4,Regular,13,,,8/10/2019,Sat,,,$283
6,2020,2020 EVENT #5,Regular,13,,,8/10/2019,Sat,,,$418
6,2020,2020 EVENT #6,Regular,13,,,8/10/2019,Sat,,,"$1,395"
7,2019,2019 EVENT #1,Regular,13,,,8/19/2018,Sun,,,$0
7,2019,2019 EVENT #2,Regular,13,,,8/19/2018,Sun,,,$0
7,2019,2019 EVENT #3,Regular,13,,,8/19/2018,Sun,,,"$5,103"
7,2019,2019 EVENT #4,Regular,13,,,8/19/2018,Sun,,,$0
7,2019,2019 EVENT #5,Regular,13,,,8/19/2018,Sun,,,$0
7,2019,2019 EVENT #6,Regular,13,,,8/19/2018,Sun,,,$0
7,2020,2020 EVENT #1,Regular,13,,,8/11/2019,Sun,,,$254
7,2020,2020 EVENT #2,Regular,13,,,8/11/2019,Sun,,,$0
7,2020,2020 EVENT #3,Regular,13,,,8/11/2019,Sun,,,"$4,225"
7,2020,2020 EVENT #4,Regular,13,,,8/11/2019,Sun,,,$0
7,2020,2020 EVENT #5,Regular,13,,,8/11/2019,Sun,,,$0
7,2020,2020 EVENT #6,Regular,13,,,8/11/2019,Sun,,,"$1,021"
1,2019,2019 EVENT #1,Regular,14,,,8/20/2018,Mon,,,$0
1,2019,2019 EVENT #2,Regular,14,,,8/20/2018,Mon,,,$224
1,2019,2019 EVENT #3,Regular,14,,,8/20/2018,Mon,,,"$78,566"
1,2019,2019 EVENT #4,Regular,14,,,8/20/2018,Mon,,,$269
1,2019,2019 EVENT #5,Regular,14,,,8/20/2018,Mon,,,$661
1,2019,2019 EVENT #6,Regular,14,,,8/20/2018,Mon,,,$0
1,2020,2020 EVENT #1,Regular,14,,,8/12/2019,Mon,,,"$1,886"
1,2020,2020 EVENT #2,Regular,14,,,8/12/2019,Mon,,,"$3,227"
1,2020,2020 EVENT #3,Regular,14,,,8/12/2019,Mon,,,"$39,752"
1,2020,2020 EVENT #4,Regular,14,,,8/12/2019,Mon,,,"$1,802"
1,2020,2020 EVENT #5,Regular,14,,,8/12/2019,Mon,,,"$5,024"
1,2020,2020 EVENT #6,Regular,14,,,8/12/2019,Mon,,,"$17,056"
2,2019,2019 EVENT #1,Regular,14,,,8/21/2018,Tue,,,$461
2,2019,2019 EVENT #2,Regular,14,,,8/21/2018,Tue,,,"$5,523"
2,2019,2019 EVENT #3,Regular,14,,,8/21/2018,Tue,,,"$70,245"
2,2019,2019 EVENT #4,Regular,14,,,8/21/2018,Tue,,,$0
2,2019,2019 EVENT #5,Regular,14,,,8/21/2018,Tue,,,$292
2,2019,2019 EVENT #6,Regular,14,,,8/21/2018,Tue,,,$576
2,2020,2020 EVENT #1,Regular,14,,,8/13/2019,Tue,,,$0
2,2020,2020 EVENT #2,Regular,14,,,8/13/2019,Tue,,,"$2,377"
2,2020,2020 EVENT #3,Regular,14,,,8/13/2019,Tue,,,"$19,848"
2,2020,2020 EVENT #4,Regular,14,,,8/13/2019,Tue,,,"$2,134"
2,2020,2020 EVENT #5,Regular,14,,,8/13/2019,Tue,,,"$2,408"
2,2020,2020 EVENT #6,Regular,14,,,8/13/2019,Tue,,,"$8,492"
3,2019,2019 EVENT #1,Regular,14,,,8/22/2018,Wed,,,$0
3,2019,2019 EVENT #2,Regular,14,,,8/22/2018,Wed,,,"$1,609"
3,2019,2019 EVENT #3,Regular,14,,,8/22/2018,Wed,,,"$63,854"
3,2019,2019 EVENT #4,Regular,14,,,8/22/2018,Wed,,,$290
3,2019,2019 EVENT #5,Regular,14,,,8/22/2018,Wed,,,$266
3,2019,2019 EVENT #6,Regular,14,,,8/22/2018,Wed,,,"$1,703"
3,2020,2020 EVENT #1,Regular,14,,,8/14/2019,Wed,,,"$2,377"
3,2020,2020 EVENT #2,Regular,14,,,8/14/2019,Wed,,,"$2,134"
3,2020,2020 EVENT #3,Regular,14,,,8/14/2019,Wed,,,"$20,619"
3,2020,2020 EVENT #4,Regular,14,,,8/14/2019,Wed,,,"$2,777"
3,2020,2020 EVENT #5,Regular,14,,,8/14/2019,Wed,,,"$3,149"
3,2020,2020 EVENT #6,Regular,14,,,8/14/2019,Wed,,,"$7,567"
4,2019,2019 EVENT #1,Regular,14,,,8/23/2018,Thu,,,$0
4,2019,2019 EVENT #2,Regular,14,,,8/23/2018,Thu,,,$602
4,2019,2019 EVENT #3,Regular,14,,,8/23/2018,Thu,,,"$95,595"
4,2019,2019 EVENT #4,Regular,14,,,8/23/2018,Thu,,,$658
4,2019,2019 EVENT #5,Regular,14,,,8/23/2018,Thu,,,"$1,025"
4,2019,2019 EVENT #6,Regular,14,,,8/23/2018,Thu,,,"$2,280"
4,2020,2020 EVENT #1,Regular,14,,,8/15/2019,Thu,,,"$1,275"
4,2020,2020 EVENT #2,Regular,14,,,8/15/2019,Thu,,,"$1,338"
4,2020,2020 EVENT #3,Regular,14,,,8/15/2019,Thu,,,"$18,864"
4,2020,2020 EVENT #4,Regular,14,,,8/15/2019,Thu,,,"$1,788"
4,2020,2020 EVENT #5,Regular,14,,,8/15/2019,Thu,,,"$4,333"
4,2020,2020 EVENT #6,Regular,14,,,8/15/2019,Thu,,,"$11,735"
5,2019,2019 EVENT #1,Regular,14,,,8/24/2018,Fri,,,$0
5,2019,2019 EVENT #2,Regular,14,,,8/24/2018,Fri,,,$0
5,2019,2019 EVENT #3,Regular,14,,,8/24/2018,Fri,,,"$51,605"
5,2019,2019 EVENT #4,Regular,14,,,8/24/2018,Fri,,,$0
5,2019,2019 EVENT #5,Regular,14,,,8/24/2018,Fri,,,$352
5,2019,2019 EVENT #6,Regular,14,,,8/24/2018,Fri,,,$826
5,2020,2020 EVENT #1,Regular,14,,,8/16/2019,Fri,,,$842
5,2020,2020 EVENT #2,Regular,14,,,8/16/2019,Fri,,,"$1,371"
5,2020,2020 EVENT #3,Regular,14,,,8/16/2019,Fri,,,"$4,974"
5,2020,2020 EVENT #4,Regular,14,,,8/16/2019,Fri,,,$746
5,2020,2020 EVENT #5,Regular,14,,,8/16/2019,Fri,,,"$3,128"
5,2020,2020 EVENT #6,Regular,14,,,8/16/2019,Fri,,,"$14,651"
6,2019,2019 EVENT #1,Regular,14,,,8/25/2018,Sat,,,$0
6,2019,2019 EVENT #2,Regular,14,,,8/25/2018,Sat,,,"$2,202"
6,2019,2019 EVENT #3,Regular,14,,,8/25/2018,Sat,,,"$19,815"
6,2019,2019 EVENT #4,Regular,14,,,8/25/2018,Sat,,,$0
6,2019,2019 EVENT #5,Regular,14,,,8/25/2018,Sat,,,$0
6,2019,2019 EVENT #6,Regular,14,,,8/25/2018,Sat,,,$0
6,2020,2020 EVENT #1,Regular,14,,,8/17/2019,Sat,,,$0
6,2020,2020 EVENT #2,Regular,14,,,8/17/2019,Sat,,,$0
6,2020,2020 EVENT #3,Regular,14,,,8/17/2019,Sat,,,"$2,771"
6,2020,2020 EVENT #4,Regular,14,,,8/17/2019,Sat,,,$657
6,2020,2020 EVENT #5,Regular,14,,,8/17/2019,Sat,,,$467
6,2020,2020 EVENT #6,Regular,14,,,8/17/2019,Sat,,,$0
7,2019,2019 EVENT #1,Regular,14,,,8/26/2018,Sun,,,$0
7,2019,2019 EVENT #2,Regular,14,,,8/26/2018,Sun,,,$0
7,2019,2019 EVENT #3,Regular,14,,,8/26/2018,Sun,,,"$5,148"
7,2019,2019 EVENT #4,Regular,14,,,8/26/2018,Sun,,,$0
7,2019,2019 EVENT #5,Regular,14,,,8/26/2018,Sun,,,$0
7,2019,2019 EVENT #6,Regular,14,,,8/26/2018,Sun,,,$0
7,2020,2020 EVENT #1,Regular,14,,,8/18/2019,Sun,,,$0
7,2020,2020 EVENT #2,Regular,14,,,8/18/2019,Sun,,,$730
7,2020,2020 EVENT #3,Regular,14,,,8/18/2019,Sun,,,$0
7,2020,2020 EVENT #4,Regular,14,,,8/18/2019,Sun,,,$0
7,2020,2020 EVENT #5,Regular,14,,,8/18/2019,Sun,,,$0
7,2020,2020 EVENT #6,Regular,14,,,8/18/2019,Sun,,,$0
1,2019,2019 EVENT #1,Regular,15,,,8/27/2018,Mon,,,$0
1,2019,2019 EVENT #2,Regular,15,,,8/27/2018,Mon,,,"$3,018"
1,2019,2019 EVENT #3,Regular,15,,,8/27/2018,Mon,,,"$62,775"
1,2019,2019 EVENT #4,Regular,15,,,8/27/2018,Mon,,,"$1,382"
1,2019,2019 EVENT #5,Regular,15,,,8/27/2018,Mon,,,"$1,261"
1,2019,2019 EVENT #6,Regular,15,,,8/27/2018,Mon,,,"$3,694"
1,2020,2020 EVENT #1,Regular,15,,,8/19/2019,Mon,,,"$2,528"
1,2020,2020 EVENT #2,Regular,15,,,8/19/2019,Mon,,,"$5,564"
1,2020,2020 EVENT #3,Regular,15,,,8/19/2019,Mon,,,"$22,746"
1,2020,2020 EVENT #4,Regular,15,,,8/19/2019,Mon,,,"$2,159"
1,2020,2020 EVENT #5,Regular,15,,,8/19/2019,Mon,,,"$1,718"
1,2020,2020 EVENT #6,Regular,15,,,8/19/2019,Mon,,,"$11,694"
2,2019,2019 EVENT #1,Regular,15,,,8/28/2018,Tue,,,$0
2,2019,2019 EVENT #2,Regular,15,,,8/28/2018,Tue,,,"$1,891"
2,2019,2019 EVENT #3,Regular,15,,,8/28/2018,Tue,,,"$152,222"
2,2019,2019 EVENT #4,Regular,15,,,8/28/2018,Tue,,,"$2,131"
2,2019,2019 EVENT #5,Regular,15,,,8/28/2018,Tue,,,$981
2,2019,2019 EVENT #6,Regular,15,,,8/28/2018,Tue,,,"$3,546"
2,2020,2020 EVENT #1,Regular,15,,,8/20/2019,Tue,,,"$1,079"
2,2020,2020 EVENT #2,Regular,15,,,8/20/2019,Tue,,,"$1,425"
2,2020,2020 EVENT #3,Regular,15,,,8/20/2019,Tue,,,"$14,757"
2,2020,2020 EVENT #4,Regular,15,,,8/20/2019,Tue,,,"$3,059"
2,2020,2020 EVENT #5,Regular,15,,,8/20/2019,Tue,,,"$2,857"
2,2020,2020 EVENT #6,Regular,15,,,8/20/2019,Tue,,,"$8,565"
3,2019,2019 EVENT #1,Regular,15,,,8/29/2018,Wed,,,$0
3,2019,2019 EVENT #2,Regular,15,,,8/29/2018,Wed,,,"$2,963"
3,2019,2019 EVENT #3,Regular,15,,,8/29/2018,Wed,,,"$22,063"
3,2019,2019 EVENT #4,Regular,15,,,8/29/2018,Wed,,,$0
3,2019,2019 EVENT #5,Regular,15,,,8/29/2018,Wed,,,"$2,044"
3,2019,2019 EVENT #6,Regular,15,,,8/29/2018,Wed,,,"$2,527"
3,2020,2020 EVENT #1,Regular,15,,,8/21/2019,Wed,,,$624
3,2020,2020 EVENT #2,Regular,15,,,8/21/2019,Wed,,,"$2,470"
3,2020,2020 EVENT #3,Regular,15,,,8/21/2019,Wed,,,"$4,711"
3,2020,2020 EVENT #4,Regular,15,,,8/21/2019,Wed,,,"$1,952"
3,2020,2020 EVENT #5,Regular,15,,,8/21/2019,Wed,,,"$2,529"
3,2020,2020 EVENT #6,Regular,15,,,8/21/2019,Wed,,,"$1,202"
4,2019,2019 EVENT #1,Regular,15,,,8/30/2018,Thu,,,$0
4,2019,2019 EVENT #2,Regular,15,,,8/30/2018,Thu,,,"$1,313"
4,2019,2019 EVENT #3,Regular,15,,,8/30/2018,Thu,,,"$47,874"
4,2019,2019 EVENT #4,Regular,15,,,8/30/2018,Thu,,,$0
4,2019,2019 EVENT #5,Regular,15,,,8/30/2018,Thu,,,$0
4,2019,2019 EVENT #6,Regular,15,,,8/30/2018,Thu,,,$0
4,2020,2020 EVENT #1,Regular,15,,,8/22/2019,Thu,,,$966
4,2020,2020 EVENT #2,Regular,15,,,8/22/2019,Thu,,,$166
4,2020,2020 EVENT #3,Regular,15,,,8/22/2019,Thu,,,"$10,689"
4,2020,2020 EVENT #4,Regular,15,,,8/22/2019,Thu,,,"$1,385"
4,2020,2020 EVENT #5,Regular,15,,,8/22/2019,Thu,,,$846
4,2020,2020 EVENT #6,Regular,15,,,8/22/2019,Thu,,,"$5,869"
5,2019,2019 EVENT #1,Regular,15,,,8/31/2018,Fri,,,$293
5,2019,2019 EVENT #2,Regular,15,,,8/31/2018,Fri,,,"$4,686"
5,2019,2019 EVENT #3,Regular,15,,,8/31/2018,Fri,,,"$81,449"
5,2019,2019 EVENT #4,Regular,15,,,8/31/2018,Fri,,,$422
5,2019,2019 EVENT #5,Regular,15,,,8/31/2018,Fri,,,$501
5,2019,2019 EVENT #6,Regular,15,,,8/31/2018,Fri,,,"$2,271"
5,2020,2020 EVENT #1,Regular,15,,,8/23/2019,Fri,,,$518
5,2020,2020 EVENT #2,Regular,15,,,8/23/2019,Fri,,,"$1,367"
5,2020,2020 EVENT #3,Regular,15,,,8/23/2019,Fri,,,"$17,035"
5,2020,2020 EVENT #4,Regular,15,,,8/23/2019,Fri,,,$0
5,2020,2020 EVENT #5,Regular,15,,,8/23/2019,Fri,,,$0
5,2020,2020 EVENT #6,Regular,15,,,8/23/2019,Fri,,,"$22,691"
6,2019,2019 EVENT #1,Regular,15,,,9/1/2018,Sat,,,$0
6,2019,2019 EVENT #2,Regular,15,,,9/1/2018,Sat,,,$0
6,2019,2019 EVENT #3,Regular,15,,,9/1/2018,Sat,,,"$8,813"
6,2019,2019 EVENT #4,Regular,15,,,9/1/2018,Sat,,,$0
6,2019,2019 EVENT #5,Regular,15,,,9/1/2018,Sat,,,$0
6,2019,2019 EVENT #6,Regular,15,,,9/1/2018,Sat,,,$0
6,2020,2020 EVENT #1,Regular,15,,,8/24/2019,Sat,,,$229
6,2020,2020 EVENT #2,Regular,15,,,8/24/2019,Sat,,,$0
6,2020,2020 EVENT #3,Regular,15,,,8/24/2019,Sat,,,$357
6,2020,2020 EVENT #4,Regular,15,,,8/24/2019,Sat,,,$156
6,2020,2020 EVENT #5,Regular,15,,,8/24/2019,Sat,,,$136
6,2020,2020 EVENT #6,Regular,15,,,8/24/2019,Sat,,,$0
7,2019,2019 EVENT #1,Regular,15,,,9/2/2018,Sun,,,$0
7,2019,2019 EVENT #2,Regular,15,,,9/2/2018,Sun,,,$0
7,2019,2019 EVENT #3,Regular,15,,,9/2/2018,Sun,,,"$12,572"
7,2019,2019 EVENT #4,Regular,15,,,9/2/2018,Sun,,,$0
7,2019,2019 EVENT #5,Regular,15,,,9/2/2018,Sun,,,$0
7,2019,2019 EVENT #6,Regular,15,,,9/2/2018,Sun,,,$0
7,2020,2020 EVENT #1,Regular,15,,,8/25/2019,Sun,,,$458
7,2020,2020 EVENT #2,Regular,15,,,8/25/2019,Sun,,,$242
7,2020,2020 EVENT #3,Regular,15,,,8/25/2019,Sun,,,$0
7,2020,2020 EVENT #4,Regular,15,,,8/25/2019,Sun,,,$444
7,2020,2020 EVENT #5,Regular,15,,,8/25/2019,Sun,,,$374
7,2020,2020 EVENT #6,Regular,15,,,8/25/2019,Sun,,,$0
1,2019,2019 EVENT #1,Regular,16,,,9/3/2018,Mon,,,$402
1,2019,2019 EVENT #2,Regular,16,,,9/3/2018,Mon,,,$0
1,2019,2019 EVENT #3,Regular,16,,,9/3/2018,Mon,,,"$7,379"
1,2019,2019 EVENT #4,Regular,16,,,9/3/2018,Mon,,,$0
1,2019,2019 EVENT #5,Regular,16,,,9/3/2018,Mon,,,$0
1,2019,2019 EVENT #6,Regular,16,,,9/3/2018,Mon,,,$0
1,2020,2020 EVENT #1,Regular,16,,,8/26/2019,Mon,,,$305
1,2020,2020 EVENT #2,Regular,16,,,8/26/2019,Mon,,,"$2,240"
1,2020,2020 EVENT #3,Regular,16,,,8/26/2019,Mon,,,"$22,231"
1,2020,2020 EVENT #4,Regular,16,,,8/26/2019,Mon,,,"$1,618"
1,2020,2020 EVENT #5,Regular,16,,,8/26/2019,Mon,,,"$1,579"
1,2020,2020 EVENT #6,Regular,16,,,8/26/2019,Mon,,,"$3,767"
2,2019,2019 EVENT #1,Regular,16,,,9/4/2018,Tue,,,$821
2,2019,2019 EVENT #2,Regular,16,,,9/4/2018,Tue,,,"$2,307"
2,2019,2019 EVENT #3,Regular,16,,,9/4/2018,Tue,,,"$105,399"
2,2019,2019 EVENT #4,Regular,16,,,9/4/2018,Tue,,,"$1,251"
2,2019,2019 EVENT #5,Regular,16,,,9/4/2018,Tue,,,"$2,316"
2,2019,2019 EVENT #6,Regular,16,,,9/4/2018,Tue,,,"$5,429"
2,2020,2020 EVENT #1,Regular,16,,,8/27/2019,Tue,,,$796
2,2020,2020 EVENT #2,Regular,16,,,8/27/2019,Tue,,,$653
2,2020,2020 EVENT #3,Regular,16,,,8/27/2019,Tue,,,"$2,136"
2,2020,2020 EVENT #4,Regular,16,,,8/27/2019,Tue,,,$526
2,2020,2020 EVENT #5,Regular,16,,,8/27/2019,Tue,,,$0
2,2020,2020 EVENT #6,Regular,16,,,8/27/2019,Tue,,,"$1,469"
3,2019,2019 EVENT #1,Regular,16,,,9/5/2018,Wed,,,$175
3,2019,2019 EVENT #2,Regular,16,,,9/5/2018,Wed,,,"$5,596"
3,2019,2019 EVENT #3,Regular,16,,,9/5/2018,Wed,,,"$188,665"
3,2019,2019 EVENT #4,Regular,16,,,9/5/2018,Wed,,,$0
3,2019,2019 EVENT #5,Regular,16,,,9/5/2018,Wed,,,$730
3,2019,2019 EVENT #6,Regular,16,,,9/5/2018,Wed,,,"$2,979"
3,2020,2020 EVENT #1,Regular,16,,,8/28/2019,Wed,,,"$1,090"
3,2020,2020 EVENT #2,Regular,16,,,8/28/2019,Wed,,,"$1,102"
3,2020,2020 EVENT #3,Regular,16,,,8/28/2019,Wed,,,"$10,083"
3,2020,2020 EVENT #4,Regular,16,,,8/28/2019,Wed,,,"$1,712"
3,2020,2020 EVENT #5,Regular,16,,,8/28/2019,Wed,,,"$3,453"
3,2020,2020 EVENT #6,Regular,16,,,8/28/2019,Wed,,,"$10,670"
4,2019,2019 EVENT #1,Regular,16,,,9/6/2018,Thu,,,$0
4,2019,2019 EVENT #2,Regular,16,,,9/6/2018,Thu,,,"$1,052"
4,2019,2019 EVENT #3,Regular,16,,,9/6/2018,Thu,,,"$110,407"
4,2019,2019 EVENT #4,Regular,16,,,9/6/2018,Thu,,,$563
4,2019,2019 EVENT #5,Regular,16,,,9/6/2018,Thu,,,$686
4,2019,2019 EVENT #6,Regular,16,,,9/6/2018,Thu,,,"$1,680"
4,2020,2020 EVENT #1,Regular,16,,,8/29/2019,Thu,,,$534
4,2020,2020 EVENT #2,Regular,16,,,8/29/2019,Thu,,,$743
4,2020,2020 EVENT #3,Regular,16,,,8/29/2019,Thu,,,"$5,622"
4,2020,2020 EVENT #4,Regular,16,,,8/29/2019,Thu,,,$0
4,2020,2020 EVENT #5,Regular,16,,,8/29/2019,Thu,,,$383
4,2020,2020 EVENT #6,Regular,16,,,8/29/2019,Thu,,,"$23,419"
5,2019,2019 EVENT #1,Regular,16,,,9/7/2018,Fri,,,$0
5,2019,2019 EVENT #2,Regular,16,,,9/7/2018,Fri,,,"$9,087"
5,2019,2019 EVENT #3,Regular,16,,,9/7/2018,Fri,,,"$285,696"
5,2019,2019 EVENT #4,Regular,16,,,9/7/2018,Fri,,,$962
5,2019,2019 EVENT #5,Regular,16,,,9/7/2018,Fri,,,"$2,263"
5,2019,2019 EVENT #6,Regular,16,,,9/7/2018,Fri,,,"$4,690"
5,2020,2020 EVENT #1,Regular,16,,,8/30/2019,Fri,,,"$1,404"
5,2020,2020 EVENT #2,Regular,16,,,8/30/2019,Fri,,,"$1,938"
5,2020,2020 EVENT #3,Regular,16,,,8/30/2019,Fri,,,"$5,167"
5,2020,2020 EVENT #4,Regular,16,,,8/30/2019,Fri,,,"$1,782"
5,2020,2020 EVENT #5,Regular,16,,,8/30/2019,Fri,,,"$2,920"
5,2020,2020 EVENT #6,Regular,16,,,8/30/2019,Fri,,,"$7,857"
6,2019,2019 EVENT #1,Regular,16,,,9/8/2018,Sat,,,$0
6,2019,2019 EVENT #2,Regular,16,,,9/8/2018,Sat,,,"$1,517"
6,2019,2019 EVENT #3,Regular,16,,,9/8/2018,Sat,,,"$17,092"
6,2019,2019 EVENT #4,Regular,16,,,9/8/2018,Sat,,,$0
6,2019,2019 EVENT #5,Regular,16,,,9/8/2018,Sat,,,$0
6,2019,2019 EVENT #6,Regular,16,,,9/8/2018,Sat,,,$0
6,2020,2020 EVENT #1,Regular,16,,,8/31/2019,Sat,,,$250
6,2020,2020 EVENT #2,Regular,16,,,8/31/2019,Sat,,,"$3,022"
6,2020,2020 EVENT #3,Regular,16,,,8/31/2019,Sat,,,"$5,836"
6,2020,2020 EVENT #4,Regular,16,,,8/31/2019,Sat,,,$430
6,2020,2020 EVENT #5,Regular,16,,,8/31/2019,Sat,,,$290
6,2020,2020 EVENT #6,Regular,16,,,8/31/2019,Sat,,,"$2,351"
7,2019,2019 EVENT #1,Regular,16,,,9/9/2018,Sun,,,$0
7,2019,2019 EVENT #2,Regular,16,,,9/9/2018,Sun,,,$0
7,2019,2019 EVENT #3,Regular,16,,,9/9/2018,Sun,,,"$2,136"
7,2019,2019 EVENT #4,Regular,16,,,9/9/2018,Sun,,,$0
7,2019,2019 EVENT #5,Regular,16,,,9/9/2018,Sun,,,$0
7,2019,2019 EVENT #6,Regular,16,,,9/9/2018,Sun,,,$0
7,2020,2020 EVENT #1,Regular,16,,,9/1/2019,Sun,,,$0
7,2020,2020 EVENT #2,Regular,16,,,9/1/2019,Sun,,,$0
7,2020,2020 EVENT #3,Regular,16,,,9/1/2019,Sun,,,$0
7,2020,2020 EVENT #4,Regular,16,,,9/1/2019,Sun,,,$0
7,2020,2020 EVENT #5,Regular,16,,,9/1/2019,Sun,,,$0
7,2020,2020 EVENT #6,Regular,16,,,9/1/2019,Sun,,,$0
1,2019,2019 EVENT #1,Regular,17,,,9/10/2018,Mon,,,$680
1,2019,2019 EVENT #2,Regular,17,,,9/10/2018,Mon,,,"$3,931"
1,2019,2019 EVENT #3,Regular,17,,,9/10/2018,Mon,,,"$71,566"
1,2019,2019 EVENT #4,Regular,17,,,9/10/2018,Mon,,,$360
1,2019,2019 EVENT #5,Regular,17,,,9/10/2018,Mon,,,$453
1,2019,2019 EVENT #6,Regular,17,,,9/10/2018,Mon,,,"$1,705"
1,2020,2020 EVENT #1,Regular,17,,,9/2/2019,Mon,,,$0
1,2020,2020 EVENT #2,Regular,17,,,9/2/2019,Mon,,,$0
1,2020,2020 EVENT #3,Regular,17,,,9/2/2019,Mon,,,$0
1,2020,2020 EVENT #4,Regular,17,,,9/2/2019,Mon,,,$0
1,2020,2020 EVENT #5,Regular,17,,,9/2/2019,Mon,,,$0
1,2020,2020 EVENT #6,Regular,17,,,9/2/2019,Mon,,,$0
2,2019,2019 EVENT #1,Regular,17,,,9/11/2018,Tue,,,$0
2,2019,2019 EVENT #2,Regular,17,,,9/11/2018,Tue,,,$116
2,2019,2019 EVENT #3,Regular,17,,,9/11/2018,Tue,,,"$20,335"
2,2019,2019 EVENT #4,Regular,17,,,9/11/2018,Tue,,,$0
2,2019,2019 EVENT #5,Regular,17,,,9/11/2018,Tue,,,$704
2,2019,2019 EVENT #6,Regular,17,,,9/11/2018,Tue,,,$234
2,2020,2020 EVENT #1,Regular,17,,,9/3/2019,Tue,,,"$1,110"
2,2020,2020 EVENT #2,Regular,17,,,9/3/2019,Tue,,,"$2,013"
2,2020,2020 EVENT #3,Regular,17,,,9/3/2019,Tue,,,"$16,738"
2,2020,2020 EVENT #4,Regular,17,,,9/3/2019,Tue,,,"$2,178"
2,2020,2020 EVENT #5,Regular,17,,,9/3/2019,Tue,,,"$2,730"
2,2020,2020 EVENT #6,Regular,17,,,9/3/2019,Tue,,,"$6,337"
3,2019,2019 EVENT #1,Regular,17,,,9/12/2018,Wed,,,$0
3,2019,2019 EVENT #2,Regular,17,,,9/12/2018,Wed,,,"$2,331"
3,2019,2019 EVENT #3,Regular,17,,,9/12/2018,Wed,,,"$41,949"
3,2019,2019 EVENT #4,Regular,17,,,9/12/2018,Wed,,,"$3,108"
3,2019,2019 EVENT #5,Regular,17,,,9/12/2018,Wed,,,"$1,627"
3,2019,2019 EVENT #6,Regular,17,,,9/12/2018,Wed,,,"$7,620"
3,2020,2020 EVENT #1,Regular,17,,,9/4/2019,Wed,,,$948
3,2020,2020 EVENT #2,Regular,17,,,9/4/2019,Wed,,,$0
3,2020,2020 EVENT #3,Regular,17,,,9/4/2019,Wed,,,"$14,284"
3,2020,2020 EVENT #4,Regular,17,,,9/4/2019,Wed,,,"$1,863"
3,2020,2020 EVENT #5,Regular,17,,,9/4/2019,Wed,,,$445
3,2020,2020 EVENT #6,Regular,17,,,9/4/2019,Wed,,,$0
4,2019,2019 EVENT #1,Regular,17,,,9/13/2018,Thu,,,$0
4,2019,2019 EVENT #2,Regular,17,,,9/13/2018,Thu,,,$0
4,2019,2019 EVENT #3,Regular,17,,,9/13/2018,Thu,,,"$26,758"
4,2019,2019 EVENT #4,Regular,17,,,9/13/2018,Thu,,,$0
4,2019,2019 EVENT #5,Regular,17,,,9/13/2018,Thu,,,$0
4,2019,2019 EVENT #6,Regular,17,,,9/13/2018,Thu,,,$0
4,2020,2020 EVENT #1,Regular,17,,,9/5/2019,Thu,,,$0
4,2020,2020 EVENT #2,Regular,17,,,9/5/2019,Thu,,,"$1,601"
4,2020,2020 EVENT #3,Regular,17,,,9/5/2019,Thu,,,"$8,157"
4,2020,2020 EVENT #4,Regular,17,,,9/5/2019,Thu,,,$760
4,2020,2020 EVENT #5,Regular,17,,,9/5/2019,Thu,,,$0
4,2020,2020 EVENT #6,Regular,17,,,9/5/2019,Thu,,,"$6,023"
5,2019,2019 EVENT #1,Regular,17,,,9/14/2018,Fri,,,$0
5,2019,2019 EVENT #2,Regular,17,,,9/14/2018,Fri,,,$691
5,2019,2019 EVENT #3,Regular,17,,,9/14/2018,Fri,,,"$14,075"
5,2019,2019 EVENT #4,Regular,17,,,9/14/2018,Fri,,,$730
5,2019,2019 EVENT #5,Regular,17,,,9/14/2018,Fri,,,$700
5,2019,2019 EVENT #6,Regular,17,,,9/14/2018,Fri,,,"$2,289"
5,2020,2020 EVENT #1,Regular,17,,,9/6/2019,Fri,,,$396
5,2020,2020 EVENT #2,Regular,17,,,9/6/2019,Fri,,,$0
5,2020,2020 EVENT #3,Regular,17,,,9/6/2019,Fri,,,"$12,781"
5,2020,2020 EVENT #4,Regular,17,,,9/6/2019,Fri,,,$374
5,2020,2020 EVENT #5,Regular,17,,,9/6/2019,Fri,,,$250
5,2020,2020 EVENT #6,Regular,17,,,9/6/2019,Fri,,,"$4,218"
6,2019,2019 EVENT #1,Regular,17,,,9/15/2018,Sat,,,$0
6,2019,2019 EVENT #2,Regular,17,,,9/15/2018,Sat,,,$0
6,2019,2019 EVENT #3,Regular,17,,,9/15/2018,Sat,,,$0
6,2019,2019 EVENT #4,Regular,17,,,9/15/2018,Sat,,,$0
6,2019,2019 EVENT #5,Regular,17,,,9/15/2018,Sat,,,$0
6,2019,2019 EVENT #6,Regular,17,,,9/15/2018,Sat,,,$0
6,2020,2020 EVENT #1,Regular,17,,,9/7/2019,Sat,,,$0
6,2020,2020 EVENT #2,Regular,17,,,9/7/2019,Sat,,,$0
6,2020,2020 EVENT #3,Regular,17,,,9/7/2019,Sat,,,$0
6,2020,2020 EVENT #4,Regular,17,,,9/7/2019,Sat,,,$0
6,2020,2020 EVENT #5,Regular,17,,,9/7/2019,Sat,,,$222
6,2020,2020 EVENT #6,Regular,17,,,9/7/2019,Sat,,,$752
7,2019,2019 EVENT #1,Regular,17,,,9/16/2018,Sun,,,$0
7,2019,2019 EVENT #2,Regular,17,,,9/16/2018,Sun,,,$0
7,2019,2019 EVENT #3,Regular,17,,,9/16/2018,Sun,,,$0
7,2019,2019 EVENT #4,Regular,17,,,9/16/2018,Sun,,,$0
7,2019,2019 EVENT #5,Regular,17,,,9/16/2018,Sun,,,$0
7,2019,2019 EVENT #6,Regular,17,,,9/16/2018,Sun,,,$0
7,2020,2020 EVENT #1,Regular,17,,,9/8/2019,Sun,,,$0
7,2020,2020 EVENT #2,Regular,17,,,9/8/2019,Sun,,,$0
7,2020,2020 EVENT #3,Regular,17,,,9/8/2019,Sun,,,$0
7,2020,2020 EVENT #4,Regular,17,,,9/8/2019,Sun,,,$0
7,2020,2020 EVENT #5,Regular,17,,,9/8/2019,Sun,,,$0
7,2020,2020 EVENT #6,Regular,17,,,9/8/2019,Sun,,,$0
1,2019,2019 EVENT #1,Regular,18,,,9/17/2018,Mon,,,$0
1,2019,2019 EVENT #2,Regular,18,,,9/17/2018,Mon,,,"$2,013"
1,2019,2019 EVENT #3,Regular,18,,,9/17/2018,Mon,,,"$22,319"
1,2019,2019 EVENT #4,Regular,18,,,9/17/2018,Mon,,,$850
1,2019,2019 EVENT #5,Regular,18,,,9/17/2018,Mon,,,$847
1,2019,2019 EVENT #6,Regular,18,,,9/17/2018,Mon,,,"$2,175"
1,2020,2020 EVENT #1,Regular,18,,,9/9/2019,Mon,,,$0
1,2020,2020 EVENT #2,Regular,18,,,9/9/2019,Mon,,,"$3,961"
1,2020,2020 EVENT #3,Regular,18,,,9/9/2019,Mon,,,"$47,488"
1,2020,2020 EVENT #4,Regular,18,,,9/9/2019,Mon,,,"$2,368"
1,2020,2020 EVENT #5,Regular,18,,,9/9/2019,Mon,,,"$1,667"
1,2020,2020 EVENT #6,Regular,18,,,9/9/2019,Mon,,,"$32,030"
2,2019,2019 EVENT #1,Regular,18,,,9/18/2018,Tue,,,$0
2,2019,2019 EVENT #2,Regular,18,,,9/18/2018,Tue,,,$838
2,2019,2019 EVENT #3,Regular,18,,,9/18/2018,Tue,,,"$102,452"
2,2019,2019 EVENT #4,Regular,18,,,9/18/2018,Tue,,,$0
2,2019,2019 EVENT #5,Regular,18,,,9/18/2018,Tue,,,$0
2,2019,2019 EVENT #6,Regular,18,,,9/18/2018,Tue,,,$0
2,2020,2020 EVENT #1,Regular,18,,,9/10/2019,Tue,,,$842
2,2020,2020 EVENT #2,Regular,18,,,9/10/2019,Tue,,,"$1,802"
2,2020,2020 EVENT #3,Regular,18,,,9/10/2019,Tue,,,"$8,570"
2,2020,2020 EVENT #4,Regular,18,,,9/10/2019,Tue,,,$673
2,2020,2020 EVENT #5,Regular,18,,,9/10/2019,Tue,,,$0
2,2020,2020 EVENT #6,Regular,18,,,9/10/2019,Tue,,,"$5,110"
3,2019,2019 EVENT #1,Regular,18,,,9/19/2018,Wed,,,$0
3,2019,2019 EVENT #2,Regular,18,,,9/19/2018,Wed,,,$0
3,2019,2019 EVENT #3,Regular,18,,,9/19/2018,Wed,,,"$113,175"
3,2019,2019 EVENT #4,Regular,18,,,9/19/2018,Wed,,,$0
3,2019,2019 EVENT #5,Regular,18,,,9/19/2018,Wed,,,$0
3,2019,2019 EVENT #6,Regular,18,,,9/19/2018,Wed,,,$0
3,2020,2020 EVENT #1,Regular,18,,,9/11/2019,Wed,,,"$1,965"
3,2020,2020 EVENT #2,Regular,18,,,9/11/2019,Wed,,,"$4,387"
3,2020,2020 EVENT #3,Regular,18,,,9/11/2019,Wed,,,"$22,658"
3,2020,2020 EVENT #4,Regular,18,,,9/11/2019,Wed,,,"$5,099"
3,2020,2020 EVENT #5,Regular,18,,,9/11/2019,Wed,,,"$3,481"
3,2020,2020 EVENT #6,Regular,18,,,9/11/2019,Wed,,,"$14,555"
4,2019,2019 EVENT #1,Regular,18,,,9/20/2018,Thu,,,$0
4,2019,2019 EVENT #2,Regular,18,,,9/20/2018,Thu,,,$0
4,2019,2019 EVENT #3,Regular,18,,,9/20/2018,Thu,,,"$15,578"
4,2019,2019 EVENT #4,Regular,18,,,9/20/2018,Thu,,,$0
4,2019,2019 EVENT #5,Regular,18,,,9/20/2018,Thu,,,$0
4,2019,2019 EVENT #6,Regular,18,,,9/20/2018,Thu,,,$0
4,2020,2020 EVENT #1,Regular,18,,,9/12/2019,Thu,,,$662
4,2020,2020 EVENT #2,Regular,18,,,9/12/2019,Thu,,,"$3,030"
4,2020,2020 EVENT #3,Regular,18,,,9/12/2019,Thu,,,"$52,820"
4,2020,2020 EVENT #4,Regular,18,,,9/12/2019,Thu,,,"$2,721"
4,2020,2020 EVENT #5,Regular,18,,,9/12/2019,Thu,,,$572
4,2020,2020 EVENT #6,Regular,18,,,9/12/2019,Thu,,,"$13,592"
5,2019,2019 EVENT #1,Regular,18,,,9/21/2018,Fri,,,$0
5,2019,2019 EVENT #2,Regular,18,,,9/21/2018,Fri,,,"$8,442"
5,2019,2019 EVENT #3,Regular,18,,,9/21/2018,Fri,,,"$73,532"
5,2019,2019 EVENT #4,Regular,18,,,9/21/2018,Fri,,,"$4,795"
5,2019,2019 EVENT #5,Regular,18,,,9/21/2018,Fri,,,"$5,990"
5,2019,2019 EVENT #6,Regular,18,,,9/21/2018,Fri,,,"$13,284"
5,2020,2020 EVENT #1,Regular,18,,,9/13/2019,Fri,,,$454
5,2020,2020 EVENT #2,Regular,18,,,9/13/2019,Fri,,,"$4,383"
5,2020,2020 EVENT #3,Regular,18,,,9/13/2019,Fri,,,"$46,438"
5,2020,2020 EVENT #4,Regular,18,,,9/13/2019,Fri,,,$971
5,2020,2020 EVENT #5,Regular,18,,,9/13/2019,Fri,,,$0
5,2020,2020 EVENT #6,Regular,18,,,9/13/2019,Fri,,,"$6,532"
6,2019,2019 EVENT #1,Regular,18,,,9/22/2018,Sat,,,$0
6,2019,2019 EVENT #2,Regular,18,,,9/22/2018,Sat,,,$733
6,2019,2019 EVENT #3,Regular,18,,,9/22/2018,Sat,,,"$2,532"
6,2019,2019 EVENT #4,Regular,18,,,9/22/2018,Sat,,,$0
6,2019,2019 EVENT #5,Regular,18,,,9/22/2018,Sat,,,$192
6,2019,2019 EVENT #6,Regular,18,,,9/22/2018,Sat,,,$456
6,2020,2020 EVENT #1,Regular,18,,,9/14/2019,Sat,,,$200
6,2020,2020 EVENT #2,Regular,18,,,9/14/2019,Sat,,,"$1,860"
6,2020,2020 EVENT #3,Regular,18,,,9/14/2019,Sat,,,"$7,895"
6,2020,2020 EVENT #4,Regular,18,,,9/14/2019,Sat,,,$0
6,2020,2020 EVENT #5,Regular,18,,,9/14/2019,Sat,,,$296
6,2020,2020 EVENT #6,Regular,18,,,9/14/2019,Sat,,,"$1,914"
7,2019,2019 EVENT #1,Regular,18,,,9/23/2018,Sun,,,$0
7,2019,2019 EVENT #2,Regular,18,,,9/23/2018,Sun,,,$0
7,2019,2019 EVENT #3,Regular,18,,,9/23/2018,Sun,,,"$4,717"
7,2019,2019 EVENT #4,Regular,18,,,9/23/2018,Sun,,,$0
7,2019,2019 EVENT #5,Regular,18,,,9/23/2018,Sun,,,$0
7,2019,2019 EVENT #6,Regular,18,,,9/23/2018,Sun,,,$0
7,2020,2020 EVENT #1,Regular,18,,,9/15/2019,Sun,,,$0
7,2020,2020 EVENT #2,Regular,18,,,9/15/2019,Sun,,,$0
7,2020,2020 EVENT #3,Regular,18,,,9/15/2019,Sun,,,$0
7,2020,2020 EVENT #4,Regular,18,,,9/15/2019,Sun,,,$0
7,2020,2020 EVENT #5,Regular,18,,,9/15/2019,Sun,,,$0
7,2020,2020 EVENT #6,Regular,18,,,9/15/2019,Sun,,,$0
1,2019,2019 EVENT #1,Regular,19,,,9/24/2018,Mon,,,$406
1,2019,2019 EVENT #2,Regular,19,,,9/24/2018,Mon,,,"$5,413"
1,2019,2019 EVENT #3,Regular,19,,,9/24/2018,Mon,,,"$36,908"
1,2019,2019 EVENT #4,Regular,19,,,9/24/2018,Mon,,,$773
1,2019,2019 EVENT #5,Regular,19,,,9/24/2018,Mon,,,$0
1,2019,2019 EVENT #6,Regular,19,,,9/24/2018,Mon,,,$423
1,2020,2020 EVENT #1,Regular,19,,,9/16/2019,Mon,,,$969
1,2020,2020 EVENT #2,Regular,19,,,9/16/2019,Mon,,,$455
1,2020,2020 EVENT #3,Regular,19,,,9/16/2019,Mon,,,"$14,344"
1,2020,2020 EVENT #4,Regular,19,,,9/16/2019,Mon,,,"$1,331"
1,2020,2020 EVENT #5,Regular,19,,,9/16/2019,Mon,,,$330
1,2020,2020 EVENT #6,Regular,19,,,9/16/2019,Mon,,,"$2,751"
2,2019,2019 EVENT #1,Regular,19,,,9/25/2018,Tue,,,$0
2,2019,2019 EVENT #2,Regular,19,,,9/25/2018,Tue,,,"$2,803"
2,2019,2019 EVENT #3,Regular,19,,,9/25/2018,Tue,,,"$22,594"
2,2019,2019 EVENT #4,Regular,19,,,9/25/2018,Tue,,,$778
2,2019,2019 EVENT #5,Regular,19,,,9/25/2018,Tue,,,"$1,106"
2,2019,2019 EVENT #6,Regular,19,,,9/25/2018,Tue,,,$0
2,2020,2020 EVENT #1,Regular,19,,,9/17/2019,Tue,,,$0
2,2020,2020 EVENT #2,Regular,19,,,9/17/2019,Tue,,,$512
2,2020,2020 EVENT #3,Regular,19,,,9/17/2019,Tue,,,"$6,092"
2,2020,2020 EVENT #4,Regular,19,,,9/17/2019,Tue,,,$852
2,2020,2020 EVENT #5,Regular,19,,,9/17/2019,Tue,,,"$1,477"
2,2020,2020 EVENT #6,Regular,19,,,9/17/2019,Tue,,,"$2,175"
3,2019,2019 EVENT #1,Regular,19,,,9/26/2018,Wed,,,$439
3,2019,2019 EVENT #2,Regular,19,,,9/26/2018,Wed,,,"$2,216"
3,2019,2019 EVENT #3,Regular,19,,,9/26/2018,Wed,,,"$22,216"
3,2019,2019 EVENT #4,Regular,19,,,9/26/2018,Wed,,,$0
3,2019,2019 EVENT #5,Regular,19,,,9/26/2018,Wed,,,$0
3,2019,2019 EVENT #6,Regular,19,,,9/26/2018,Wed,,,$0
3,2020,2020 EVENT #1,Regular,19,,,9/18/2019,Wed,,,$594
3,2020,2020 EVENT #2,Regular,19,,,9/18/2019,Wed,,,"$1,485"
3,2020,2020 EVENT #3,Regular,19,,,9/18/2019,Wed,,,"$23,025"
3,2020,2020 EVENT #4,Regular,19,,,9/18/2019,Wed,,,$764
3,2020,2020 EVENT #5,Regular,19,,,9/18/2019,Wed,,,"$1,170"
3,2020,2020 EVENT #6,Regular,19,,,9/18/2019,Wed,,,"$4,454"
4,2019,2019 EVENT #1,Regular,19,,,9/27/2018,Thu,,,$0
4,2019,2019 EVENT #2,Regular,19,,,9/27/2018,Thu,,,"$3,192"
4,2019,2019 EVENT #3,Regular,19,,,9/27/2018,Thu,,,"$43,254"
4,2019,2019 EVENT #4,Regular,19,,,9/27/2018,Thu,,,"$1,020"
4,2019,2019 EVENT #5,Regular,19,,,9/27/2018,Thu,,,$0
4,2019,2019 EVENT #6,Regular,19,,,9/27/2018,Thu,,,"$5,114"
4,2020,2020 EVENT #1,Regular,19,,,9/19/2019,Thu,,,$0
4,2020,2020 EVENT #2,Regular,19,,,9/19/2019,Thu,,,"$1,688"
4,2020,2020 EVENT #3,Regular,19,,,9/19/2019,Thu,,,"$61,056"
4,2020,2020 EVENT #4,Regular,19,,,9/19/2019,Thu,,,"$1,212"
4,2020,2020 EVENT #5,Regular,19,,,9/19/2019,Thu,,,$732
4,2020,2020 EVENT #6,Regular,19,,,9/19/2019,Thu,,,$796
5,2019,2019 EVENT #1,Regular,19,,,9/28/2018,Fri,,,$0
5,2019,2019 EVENT #2,Regular,19,,,9/28/2018,Fri,,,$451
5,2019,2019 EVENT #3,Regular,19,,,9/28/2018,Fri,,,"$24,455"
5,2019,2019 EVENT #4,Regular,19,,,9/28/2018,Fri,,,$559
5,2019,2019 EVENT #5,Regular,19,,,9/28/2018,Fri,,,"$1,072"
5,2019,2019 EVENT #6,Regular,19,,,9/28/2018,Fri,,,$935
5,2020,2020 EVENT #1,Regular,19,,,9/20/2019,Fri,,,"$1,221"
5,2020,2020 EVENT #2,Regular,19,,,9/20/2019,Fri,,,"$3,618"
5,2020,2020 EVENT #3,Regular,19,,,9/20/2019,Fri,,,"$35,177"
5,2020,2020 EVENT #4,Regular,19,,,9/20/2019,Fri,,,"$1,160"
5,2020,2020 EVENT #5,Regular,19,,,9/20/2019,Fri,,,"$1,907"
5,2020,2020 EVENT #6,Regular,19,,,9/20/2019,Fri,,,"$6,384"
6,2019,2019 EVENT #1,Regular,19,,,9/29/2018,Sat,,,$0
6,2019,2019 EVENT #2,Regular,19,,,9/29/2018,Sat,,,$791
6,2019,2019 EVENT #3,Regular,19,,,9/29/2018,Sat,,,"$6,343"
6,2019,2019 EVENT #4,Regular,19,,,9/29/2018,Sat,,,$0
6,2019,2019 EVENT #5,Regular,19,,,9/29/2018,Sat,,,$0
6,2019,2019 EVENT #6,Regular,19,,,9/29/2018,Sat,,,$0
6,2020,2020 EVENT #1,Regular,19,,,9/21/2019,Sat,,,$0
6,2020,2020 EVENT #2,Regular,19,,,9/21/2019,Sat,,,$0
6,2020,2020 EVENT #3,Regular,19,,,9/21/2019,Sat,,,"$2,185"
6,2020,2020 EVENT #4,Regular,19,,,9/21/2019,Sat,,,$0
6,2020,2020 EVENT #5,Regular,19,,,9/21/2019,Sat,,,$0
6,2020,2020 EVENT #6,Regular,19,,,9/21/2019,Sat,,,$0
7,2019,2019 EVENT #1,Regular,19,,,9/30/2018,Sun,,,$0
7,2019,2019 EVENT #2,Regular,19,,,9/30/2018,Sun,,,$0
7,2019,2019 EVENT #3,Regular,19,,,9/30/2018,Sun,,,"$6,536"
7,2019,2019 EVENT #4,Regular,19,,,9/30/2018,Sun,,,$0
7,2019,2019 EVENT #5,Regular,19,,,9/30/2018,Sun,,,$0
7,2019,2019 EVENT #6,Regular,19,,,9/30/2018,Sun,,,$0
7,2020,2020 EVENT #1,Regular,19,,,9/22/2019,Sun,,,$0
7,2020,2020 EVENT #2,Regular,19,,,9/22/2019,Sun,,,$0
7,2020,2020 EVENT #3,Regular,19,,,9/22/2019,Sun,,,$0
7,2020,2020 EVENT #4,Regular,19,,,9/22/2019,Sun,,,$0
7,2020,2020 EVENT #5,Regular,19,,,9/22/2019,Sun,,,$0
7,2020,2020 EVENT #6,Regular,19,,,9/22/2019,Sun,,,$0
1,2019,2019 EVENT #1,Regular,20,,,10/1/2018,Mon,,,$0
1,2019,2019 EVENT #2,Regular,20,,,10/1/2018,Mon,,,"$2,377"
1,2019,2019 EVENT #3,Regular,20,,,10/1/2018,Mon,,,"$26,853"
1,2019,2019 EVENT #4,Regular,20,,,10/1/2018,Mon,,,"$1,630"
1,2019,2019 EVENT #5,Regular,20,,,10/1/2018,Mon,,,"$4,246"
1,2019,2019 EVENT #6,Regular,20,,,10/1/2018,Mon,,,"$5,908"
1,2020,2020 EVENT #1,Regular,20,,,9/23/2019,Mon,,,"$1,480"
1,2020,2020 EVENT #2,Regular,20,,,9/23/2019,Mon,,,"$8,335"
1,2020,2020 EVENT #3,Regular,20,,,9/23/2019,Mon,,,"$64,854"
1,2020,2020 EVENT #4,Regular,20,,,9/23/2019,Mon,,,"$1,822"
1,2020,2020 EVENT #5,Regular,20,,,9/23/2019,Mon,,,$0
1,2020,2020 EVENT #6,Regular,20,,,9/23/2019,Mon,,,$360
2,2019,2019 EVENT #1,Regular,20,,,10/2/2018,Tue,,,"$1,728"
2,2019,2019 EVENT #2,Regular,20,,,10/2/2018,Tue,,,"$3,153"
2,2019,2019 EVENT #3,Regular,20,,,10/2/2018,Tue,,,"$16,892"
2,2019,2019 EVENT #4,Regular,20,,,10/2/2018,Tue,,,$806
2,2019,2019 EVENT #5,Regular,20,,,10/2/2018,Tue,,,"$1,008"
2,2019,2019 EVENT #6,Regular,20,,,10/2/2018,Tue,,,$0
2,2020,2020 EVENT #1,Regular,20,,,9/24/2019,Tue,,,"$2,148"
2,2020,2020 EVENT #2,Regular,20,,,9/24/2019,Tue,,,"$4,116"
2,2020,2020 EVENT #3,Regular,20,,,9/24/2019,Tue,,,"$23,531"
2,2020,2020 EVENT #4,Regular,20,,,9/24/2019,Tue,,,"$1,080"
2,2020,2020 EVENT #5,Regular,20,,,9/24/2019,Tue,,,$933
2,2020,2020 EVENT #6,Regular,20,,,9/24/2019,Tue,,,"$5,816"
3,2019,2019 EVENT #1,Regular,20,,,10/3/2018,Wed,,,$677
3,2019,2019 EVENT #2,Regular,20,,,10/3/2018,Wed,,,"$2,238"
3,2019,2019 EVENT #3,Regular,20,,,10/3/2018,Wed,,,"$7,160"
3,2019,2019 EVENT #4,Regular,20,,,10/3/2018,Wed,,,$0
3,2019,2019 EVENT #5,Regular,20,,,10/3/2018,Wed,,,"$1,077"
3,2019,2019 EVENT #6,Regular,20,,,10/3/2018,Wed,,,"$4,048"
3,2020,2020 EVENT #1,Regular,20,,,9/25/2019,Wed,,,$252
3,2020,2020 EVENT #2,Regular,20,,,9/25/2019,Wed,,,"$1,500"
3,2020,2020 EVENT #3,Regular,20,,,9/25/2019,Wed,,,"$18,671"
3,2020,2020 EVENT #4,Regular,20,,,9/25/2019,Wed,,,$0
3,2020,2020 EVENT #5,Regular,20,,,9/25/2019,Wed,,,$0
3,2020,2020 EVENT #6,Regular,20,,,9/25/2019,Wed,,,$0
4,2019,2019 EVENT #1,Regular,20,,,10/4/2018,Thu,,,$534
4,2019,2019 EVENT #2,Regular,20,,,10/4/2018,Thu,,,"$2,125"
4,2019,2019 EVENT #3,Regular,20,,,10/4/2018,Thu,,,"$85,757"
4,2019,2019 EVENT #4,Regular,20,,,10/4/2018,Thu,,,$754
4,2019,2019 EVENT #5,Regular,20,,,10/4/2018,Thu,,,$0
4,2019,2019 EVENT #6,Regular,20,,,10/4/2018,Thu,,,$0
4,2020,2020 EVENT #1,Regular,20,,,9/26/2019,Thu,,,$740
4,2020,2020 EVENT #2,Regular,20,,,9/26/2019,Thu,,,"$1,795"
4,2020,2020 EVENT #3,Regular,20,,,9/26/2019,Thu,,,"$14,663"
4,2020,2020 EVENT #4,Regular,20,,,9/26/2019,Thu,,,$0
4,2020,2020 EVENT #5,Regular,20,,,9/26/2019,Thu,,,$0
4,2020,2020 EVENT #6,Regular,20,,,9/26/2019,Thu,,,"$3,208"
5,2019,2019 EVENT #1,Regular,20,,,10/5/2018,Fri,,,"$1,850"
5,2019,2019 EVENT #2,Regular,20,,,10/5/2018,Fri,,,"$2,883"
5,2019,2019 EVENT #3,Regular,20,,,10/5/2018,Fri,,,"$113,457"
5,2019,2019 EVENT #4,Regular,20,,,10/5/2018,Fri,,,$0
5,2019,2019 EVENT #5,Regular,20,,,10/5/2018,Fri,,,$0
5,2019,2019 EVENT #6,Regular,20,,,10/5/2018,Fri,,,$0
5,2020,2020 EVENT #1,Regular,20,,,9/27/2019,Fri,,,$826
5,2020,2020 EVENT #2,Regular,20,,,9/27/2019,Fri,,,"$3,353"
5,2020,2020 EVENT #3,Regular,20,,,9/27/2019,Fri,,,"$29,404"
5,2020,2020 EVENT #4,Regular,20,,,9/27/2019,Fri,,,$0
5,2020,2020 EVENT #5,Regular,20,,,9/27/2019,Fri,,,$259
5,2020,2020 EVENT #6,Regular,20,,,9/27/2019,Fri,,,"$2,127"
6,2019,2019 EVENT #1,Regular,20,,,10/6/2018,Sat,,,$681
6,2019,2019 EVENT #2,Regular,20,,,10/6/2018,Sat,,,$572
6,2019,2019 EVENT #3,Regular,20,,,10/6/2018,Sat,,,"$9,049"
6,2019,2019 EVENT #4,Regular,20,,,10/6/2018,Sat,,,$0
6,2019,2019 EVENT #5,Regular,20,,,10/6/2018,Sat,,,$0
6,2019,2019 EVENT #6,Regular,20,,,10/6/2018,Sat,,,$0
6,2020,2020 EVENT #1,Regular,20,,,9/28/2019,Sat,,,$0
6,2020,2020 EVENT #2,Regular,20,,,9/28/2019,Sat,,,$0
6,2020,2020 EVENT #3,Regular,20,,,9/28/2019,Sat,,,$0
6,2020,2020 EVENT #4,Regular,20,,,9/28/2019,Sat,,,$0
6,2020,2020 EVENT #5,Regular,20,,,9/28/2019,Sat,,,$0
6,2020,2020 EVENT #6,Regular,20,,,9/28/2019,Sat,,,$0
7,2019,2019 EVENT #1,Regular,20,,,10/7/2018,Sun,,,$0
7,2019,2019 EVENT #2,Regular,20,,,10/7/2018,Sun,,,"$3,342"
7,2019,2019 EVENT #3,Regular,20,,,10/7/2018,Sun,,,"$14,236"
7,2019,2019 EVENT #4,Regular,20,,,10/7/2018,Sun,,,$0
7,2019,2019 EVENT #5,Regular,20,,,10/7/2018,Sun,,,$0
7,2019,2019 EVENT #6,Regular,20,,,10/7/2018,Sun,,,$0
7,2020,2020 EVENT #1,Regular,20,,,9/29/2019,Sun,,,$0
7,2020,2020 EVENT #2,Regular,20,,,9/29/2019,Sun,,,$0
7,2020,2020 EVENT #3,Regular,20,,,9/29/2019,Sun,,,$964
7,2020,2020 EVENT #4,Regular,20,,,9/29/2019,Sun,,,$0
7,2020,2020 EVENT #5,Regular,20,,,9/29/2019,Sun,,,$0
7,2020,2020 EVENT #6,Regular,20,,,9/29/2019,Sun,,,$0
1,2019,2019 EVENT #1,Regular,21,,,10/8/2018,Mon,,,$205
1,2019,2019 EVENT #2,Regular,21,,,10/8/2018,Mon,,,"$1,365"
1,2019,2019 EVENT #3,Regular,21,,,10/8/2018,Mon,,,"$28,776"
1,2019,2019 EVENT #4,Regular,21,,,10/8/2018,Mon,,,$0
1,2019,2019 EVENT #5,Regular,21,,,10/8/2018,Mon,,,$0
1,2019,2019 EVENT #6,Regular,21,,,10/8/2018,Mon,,,$0
1,2020,2020 EVENT #1,Regular,21,,,9/30/2019,Mon,,,$0
1,2020,2020 EVENT #2,Regular,21,,,9/30/2019,Mon,,,"$3,408"
1,2020,2020 EVENT #3,Regular,21,,,9/30/2019,Mon,,,"$7,693"
1,2020,2020 EVENT #4,Regular,21,,,9/30/2019,Mon,,,$0
1,2020,2020 EVENT #5,Regular,21,,,9/30/2019,Mon,,,$0
1,2020,2020 EVENT #6,Regular,21,,,9/30/2019,Mon,,,"$3,424"
2,2019,2019 EVENT #1,Regular,21,,,10/9/2018,Tue,,,$0
2,2019,2019 EVENT #2,Regular,21,,,10/9/2018,Tue,,,"$2,548"
2,2019,2019 EVENT #3,Regular,21,,,10/9/2018,Tue,,,"$21,364"
2,2019,2019 EVENT #4,Regular,21,,,10/9/2018,Tue,,,$0
2,2019,2019 EVENT #5,Regular,21,,,10/9/2018,Tue,,,$0
2,2019,2019 EVENT #6,Regular,21,,,10/9/2018,Tue,,,"$9,948"
2,2020,2020 EVENT #1,Regular,21,,,10/1/2019,Tue,,,$0
2,2020,2020 EVENT #2,Regular,21,,,10/1/2019,Tue,,,$613
2,2020,2020 EVENT #3,Regular,21,,,10/1/2019,Tue,,,"$8,189"
2,2020,2020 EVENT #4,Regular,21,,,10/1/2019,Tue,,,$0
2,2020,2020 EVENT #5,Regular,21,,,10/1/2019,Tue,,,$0
2,2020,2020 EVENT #6,Regular,21,,,10/1/2019,Tue,,,$0
3,2019,2019 EVENT #1,Regular,21,,,10/10/2018,Wed,,,$0
3,2019,2019 EVENT #2,Regular,21,,,10/10/2018,Wed,,,$127
3,2019,2019 EVENT #3,Regular,21,,,10/10/2018,Wed,,,"$8,395"
3,2019,2019 EVENT #4,Regular,21,,,10/10/2018,Wed,,,$0
3,2019,2019 EVENT #5,Regular,21,,,10/10/2018,Wed,,,$0
3,2019,2019 EVENT #6,Regular,21,,,10/10/2018,Wed,,,$0
3,2020,2020 EVENT #1,Regular,21,,,10/2/2019,Wed,,,$293
3,2020,2020 EVENT #2,Regular,21,,,10/2/2019,Wed,,,$77
3,2020,2020 EVENT #3,Regular,21,,,10/2/2019,Wed,,,"$16,580"
3,2020,2020 EVENT #4,Regular,21,,,10/2/2019,Wed,,,$760
3,2020,2020 EVENT #5,Regular,21,,,10/2/2019,Wed,,,$238
3,2020,2020 EVENT #6,Regular,21,,,10/2/2019,Wed,,,"$1,562"
4,2019,2019 EVENT #1,Regular,21,,,10/11/2018,Thu,,,$0
4,2019,2019 EVENT #2,Regular,21,,,10/11/2018,Thu,,,$0
4,2019,2019 EVENT #3,Regular,21,,,10/11/2018,Thu,,,"$63,922"
4,2019,2019 EVENT #4,Regular,21,,,10/11/2018,Thu,,,$0
4,2019,2019 EVENT #5,Regular,21,,,10/11/2018,Thu,,,$0
4,2019,2019 EVENT #6,Regular,21,,,10/11/2018,Thu,,,$0
4,2020,2020 EVENT #1,Regular,21,,,10/3/2019,Thu,,,$0
4,2020,2020 EVENT #2,Regular,21,,,10/3/2019,Thu,,,$978
4,2020,2020 EVENT #3,Regular,21,,,10/3/2019,Thu,,,"$5,595"
4,2020,2020 EVENT #4,Regular,21,,,10/3/2019,Thu,,,$498
4,2020,2020 EVENT #5,Regular,21,,,10/3/2019,Thu,,,$0
4,2020,2020 EVENT #6,Regular,21,,,10/3/2019,Thu,,,$773
5,2019,2019 EVENT #1,Regular,21,,,10/12/2018,Fri,,,$302
5,2019,2019 EVENT #2,Regular,21,,,10/12/2018,Fri,,,$0
5,2019,2019 EVENT #3,Regular,21,,,10/12/2018,Fri,,,"$11,678"
5,2019,2019 EVENT #4,Regular,21,,,10/12/2018,Fri,,,$0
5,2019,2019 EVENT #5,Regular,21,,,10/12/2018,Fri,,,$0
5,2019,2019 EVENT #6,Regular,21,,,10/12/2018,Fri,,,$564
5,2020,2020 EVENT #1,Regular,21,,,10/4/2019,Fri,,,$0
5,2020,2020 EVENT #2,Regular,21,,,10/4/2019,Fri,,,"$1,714"
5,2020,2020 EVENT #3,Regular,21,,,10/4/2019,Fri,,,"$6,580"
5,2020,2020 EVENT #4,Regular,21,,,10/4/2019,Fri,,,$0
5,2020,2020 EVENT #5,Regular,21,,,10/4/2019,Fri,,,$0
5,2020,2020 EVENT #6,Regular,21,,,10/4/2019,Fri,,,"$4,213"
6,2019,2019 EVENT #1,Regular,21,,,10/13/2018,Sat,,,$0
6,2019,2019 EVENT #2,Regular,21,,,10/13/2018,Sat,,,$943
6,2019,2019 EVENT #3,Regular,21,,,10/13/2018,Sat,,,"$2,529"
6,2019,2019 EVENT #4,Regular,21,,,10/13/2018,Sat,,,$208
6,2019,2019 EVENT #5,Regular,21,,,10/13/2018,Sat,,,$0
6,2019,2019 EVENT #6,Regular,21,,,10/13/2018,Sat,,,$276
6,2020,2020 EVENT #1,Regular,21,,,10/5/2019,Sat,,,$0
6,2020,2020 EVENT #2,Regular,21,,,10/5/2019,Sat,,,$0
6,2020,2020 EVENT #3,Regular,21,,,10/5/2019,Sat,,,$578
6,2020,2020 EVENT #4,Regular,21,,,10/5/2019,Sat,,,$0
6,2020,2020 EVENT #5,Regular,21,,,10/5/2019,Sat,,,$0
6,2020,2020 EVENT #6,Regular,21,,,10/5/2019,Sat,,,$0
7,2019,2019 EVENT #1,Regular,21,,,10/14/2018,Sun,,,$0
7,2019,2019 EVENT #2,Regular,21,,,10/14/2018,Sun,,,$0
7,2019,2019 EVENT #3,Regular,21,,,10/14/2018,Sun,,,"$6,523"
7,2019,2019 EVENT #4,Regular,21,,,10/14/2018,Sun,,,$0
7,2019,2019 EVENT #5,Regular,21,,,10/14/2018,Sun,,,$0
7,2019,2019 EVENT #6,Regular,21,,,10/14/2018,Sun,,,$0
7,2020,2020 EVENT #1,Regular,21,,,10/6/2019,Sun,,,$971
7,2020,2020 EVENT #2,Regular,21,,,10/6/2019,Sun,,,$0
7,2020,2020 EVENT #3,Regular,21,,,10/6/2019,Sun,,,"$8,684"
7,2020,2020 EVENT #4,Regular,21,,,10/6/2019,Sun,,,$934
7,2020,2020 EVENT #5,Regular,21,,,10/6/2019,Sun,,,"$1,375"
7,2020,2020 EVENT #6,Regular,21,,,10/6/2019,Sun,,,$0
1,2019,2019 EVENT #1,Regular,22,,,10/15/2018,Mon,,,$493
1,2019,2019 EVENT #2,Regular,22,,,10/15/2018,Mon,,,"$3,336"
1,2019,2019 EVENT #3,Regular,22,,,10/15/2018,Mon,,,"$26,516"
1,2019,2019 EVENT #4,Regular,22,,,10/15/2018,Mon,,,$0
1,2019,2019 EVENT #5,Regular,22,,,10/15/2018,Mon,,,"$1,440"
1,2019,2019 EVENT #6,Regular,22,,,10/15/2018,Mon,,,"$4,427"
1,2020,2020 EVENT #1,Regular,22,,,10/7/2019,Mon,,,$262
1,2020,2020 EVENT #2,Regular,22,,,10/7/2019,Mon,,,$0
1,2020,2020 EVENT #3,Regular,22,,,10/7/2019,Mon,,,"$15,225"
1,2020,2020 EVENT #4,Regular,22,,,10/7/2019,Mon,,,$0
1,2020,2020 EVENT #5,Regular,22,,,10/7/2019,Mon,,,$0
1,2020,2020 EVENT #6,Regular,22,,,10/7/2019,Mon,,,"$1,997"
2,2019,2019 EVENT #1,Regular,22,,,10/16/2018,Tue,,,$0
2,2019,2019 EVENT #2,Regular,22,,,10/16/2018,Tue,,,$0
2,2019,2019 EVENT #3,Regular,22,,,10/16/2018,Tue,,,"$3,172"
2,2019,2019 EVENT #4,Regular,22,,,10/16/2018,Tue,,,$281
2,2019,2019 EVENT #5,Regular,22,,,10/16/2018,Tue,,,$448
2,2019,2019 EVENT #6,Regular,22,,,10/16/2018,Tue,,,$849
2,2020,2020 EVENT #1,Regular,22,,,10/8/2019,Tue,,,$0
2,2020,2020 EVENT #2,Regular,22,,,10/8/2019,Tue,,,"$2,930"
2,2020,2020 EVENT #3,Regular,22,,,10/8/2019,Tue,,,"$10,096"
2,2020,2020 EVENT #4,Regular,22,,,10/8/2019,Tue,,,"$1,776"
2,2020,2020 EVENT #5,Regular,22,,,10/8/2019,Tue,,,"$2,868"
2,2020,2020 EVENT #6,Regular,22,,,10/8/2019,Tue,,,"$5,239"
3,2019,2019 EVENT #1,Regular,22,,,10/17/2018,Wed,,,$0
3,2019,2019 EVENT #2,Regular,22,,,10/17/2018,Wed,,,"$3,111"
3,2019,2019 EVENT #3,Regular,22,,,10/17/2018,Wed,,,"$13,598"
3,2019,2019 EVENT #4,Regular,22,,,10/17/2018,Wed,,,$0
3,2019,2019 EVENT #5,Regular,22,,,10/17/2018,Wed,,,$0
3,2019,2019 EVENT #6,Regular,22,,,10/17/2018,Wed,,,"$1,634"
3,2020,2020 EVENT #1,Regular,22,,,10/9/2019,Wed,,,$0
3,2020,2020 EVENT #2,Regular,22,,,10/9/2019,Wed,,,$722
3,2020,2020 EVENT #3,Regular,22,,,10/9/2019,Wed,,,"$16,104"
3,2020,2020 EVENT #4,Regular,22,,,10/9/2019,Wed,,,$446
3,2020,2020 EVENT #5,Regular,22,,,10/9/2019,Wed,,,$0
3,2020,2020 EVENT #6,Regular,22,,,10/9/2019,Wed,,,"$4,783"
4,2019,2019 EVENT #1,Regular,22,,,10/18/2018,Thu,,,$0
4,2019,2019 EVENT #2,Regular,22,,,10/18/2018,Thu,,,$807
4,2019,2019 EVENT #3,Regular,22,,,10/18/2018,Thu,,,"$2,874"
4,2019,2019 EVENT #4,Regular,22,,,10/18/2018,Thu,,,$0
4,2019,2019 EVENT #5,Regular,22,,,10/18/2018,Thu,,,$0
4,2019,2019 EVENT #6,Regular,22,,,10/18/2018,Thu,,,$0
4,2020,2020 EVENT #1,Regular,22,,,10/10/2019,Thu,,,$0
4,2020,2020 EVENT #2,Regular,22,,,10/10/2019,Thu,,,"$1,341"
4,2020,2020 EVENT #3,Regular,22,,,10/10/2019,Thu,,,"$16,546"
4,2020,2020 EVENT #4,Regular,22,,,10/10/2019,Thu,,,$0
4,2020,2020 EVENT #5,Regular,22,,,10/10/2019,Thu,,,$0
4,2020,2020 EVENT #6,Regular,22,,,10/10/2019,Thu,,,"$2,905"
5,2019,2019 EVENT #1,Regular,22,,,10/19/2018,Fri,,,$0
5,2019,2019 EVENT #2,Regular,22,,,10/19/2018,Fri,,,$0
5,2019,2019 EVENT #3,Regular,22,,,10/19/2018,Fri,,,"$45,099"
5,2019,2019 EVENT #4,Regular,22,,,10/19/2018,Fri,,,"$1,529"
5,2019,2019 EVENT #5,Regular,22,,,10/19/2018,Fri,,,"$1,531"
5,2019,2019 EVENT #6,Regular,22,,,10/19/2018,Fri,,,"$8,270"
5,2020,2020 EVENT #1,Regular,22,,,10/11/2019,Fri,,,$836
5,2020,2020 EVENT #2,Regular,22,,,10/11/2019,Fri,,,$0
5,2020,2020 EVENT #3,Regular,22,,,10/11/2019,Fri,,,"$8,939"
5,2020,2020 EVENT #4,Regular,22,,,10/11/2019,Fri,,,$746
5,2020,2020 EVENT #5,Regular,22,,,10/11/2019,Fri,,,$684
5,2020,2020 EVENT #6,Regular,22,,,10/11/2019,Fri,,,$0
6,2019,2019 EVENT #1,Regular,22,,,10/20/2018,Sat,,,$0
6,2019,2019 EVENT #2,Regular,22,,,10/20/2018,Sat,,,$0
6,2019,2019 EVENT #3,Regular,22,,,10/20/2018,Sat,,,"$3,580"
6,2019,2019 EVENT #4,Regular,22,,,10/20/2018,Sat,,,$0
6,2019,2019 EVENT #5,Regular,22,,,10/20/2018,Sat,,,$0
6,2019,2019 EVENT #6,Regular,22,,,10/20/2018,Sat,,,$0
6,2020,2020 EVENT #1,Regular,22,,,10/12/2019,Sat,,,$214
6,2020,2020 EVENT #2,Regular,22,,,10/12/2019,Sat,,,$0
6,2020,2020 EVENT #3,Regular,22,,,10/12/2019,Sat,,,$0
6,2020,2020 EVENT #4,Regular,22,,,10/12/2019,Sat,,,$0
6,2020,2020 EVENT #5,Regular,22,,,10/12/2019,Sat,,,$244
6,2020,2020 EVENT #6,Regular,22,,,10/12/2019,Sat,,,$0
7,2019,2019 EVENT #1,Regular,22,,,10/21/2018,Sun,,,$0
7,2019,2019 EVENT #2,Regular,22,,,10/21/2018,Sun,,,$0
7,2019,2019 EVENT #3,Regular,22,,,10/21/2018,Sun,,,"$4,875"
7,2019,2019 EVENT #4,Regular,22,,,10/21/2018,Sun,,,$0
7,2019,2019 EVENT #5,Regular,22,,,10/21/2018,Sun,,,$0
7,2019,2019 EVENT #6,Regular,22,,,10/21/2018,Sun,,,$0
7,2020,2020 EVENT #1,Regular,22,,,10/13/2019,Sun,,,$170
7,2020,2020 EVENT #2,Regular,22,,,10/13/2019,Sun,,,$825
7,2020,2020 EVENT #3,Regular,22,,,10/13/2019,Sun,,,"$8,707"
7,2020,2020 EVENT #4,Regular,22,,,10/13/2019,Sun,,,$0
7,2020,2020 EVENT #5,Regular,22,,,10/13/2019,Sun,,,$0
7,2020,2020 EVENT #6,Regular,22,,,10/13/2019,Sun,,,$472
1,2019,2019 EVENT #1,Regular,23,,,10/22/2018,Mon,,,$590
1,2019,2019 EVENT #2,Regular,23,,,10/22/2018,Mon,,,"$1,132"
1,2019,2019 EVENT #3,Regular,23,,,10/22/2018,Mon,,,"$23,347"
1,2019,2019 EVENT #4,Regular,23,,,10/22/2018,Mon,,,"$1,532"
1,2019,2019 EVENT #5,Regular,23,,,10/22/2018,Mon,,,"$1,161"
1,2019,2019 EVENT #6,Regular,23,,,10/22/2018,Mon,,,"$2,278"
1,2020,2020 EVENT #1,Regular,23,,,10/14/2019,Mon,,,$655
1,2020,2020 EVENT #2,Regular,23,,,10/14/2019,Mon,,,$829
1,2020,2020 EVENT #3,Regular,23,,,10/14/2019,Mon,,,"$6,821"
1,2020,2020 EVENT #4,Regular,23,,,10/14/2019,Mon,,,"$1,270"
1,2020,2020 EVENT #5,Regular,23,,,10/14/2019,Mon,,,"$1,293"
1,2020,2020 EVENT #6,Regular,23,,,10/14/2019,Mon,,,"$3,692"
2,2019,2019 EVENT #1,Regular,23,,,10/23/2018,Tue,,,$562
2,2019,2019 EVENT #2,Regular,23,,,10/23/2018,Tue,,,$985
2,2019,2019 EVENT #3,Regular,23,,,10/23/2018,Tue,,,"$4,627"
2,2019,2019 EVENT #4,Regular,23,,,10/23/2018,Tue,,,$0
2,2019,2019 EVENT #5,Regular,23,,,10/23/2018,Tue,,,$0
2,2019,2019 EVENT #6,Regular,23,,,10/23/2018,Tue,,,"$2,605"
2,2020,2020 EVENT #1,Regular,23,,,10/15/2019,Tue,,,$987
2,2020,2020 EVENT #2,Regular,23,,,10/15/2019,Tue,,,$933
2,2020,2020 EVENT #3,Regular,23,,,10/15/2019,Tue,,,"$7,553"
2,2020,2020 EVENT #4,Regular,23,,,10/15/2019,Tue,,,$544
2,2020,2020 EVENT #5,Regular,23,,,10/15/2019,Tue,,,$804
2,2020,2020 EVENT #6,Regular,23,,,10/15/2019,Tue,,,"$5,293"
3,2019,2019 EVENT #1,Regular,23,,,10/24/2018,Wed,,,$0
3,2019,2019 EVENT #2,Regular,23,,,10/24/2018,Wed,,,$0
3,2019,2019 EVENT #3,Regular,23,,,10/24/2018,Wed,,,"$21,271"
3,2019,2019 EVENT #4,Regular,23,,,10/24/2018,Wed,,,$0
3,2019,2019 EVENT #5,Regular,23,,,10/24/2018,Wed,,,$881
3,2019,2019 EVENT #6,Regular,23,,,10/24/2018,Wed,,,$0
3,2020,2020 EVENT #1,Regular,23,,,10/16/2019,Wed,,,$120
3,2020,2020 EVENT #2,Regular,23,,,10/16/2019,Wed,,,"$1,097"
3,2020,2020 EVENT #3,Regular,23,,,10/16/2019,Wed,,,"$18,681"
3,2020,2020 EVENT #4,Regular,23,,,10/16/2019,Wed,,,$0
3,2020,2020 EVENT #5,Regular,23,,,10/16/2019,Wed,,,$634
3,2020,2020 EVENT #6,Regular,23,,,10/16/2019,Wed,,,"$2,245"
4,2019,2019 EVENT #1,Regular,23,,,10/25/2018,Thu,,,$754
4,2019,2019 EVENT #2,Regular,23,,,10/25/2018,Thu,,,"$1,519"
4,2019,2019 EVENT #3,Regular,23,,,10/25/2018,Thu,,,"$10,654"
4,2019,2019 EVENT #4,Regular,23,,,10/25/2018,Thu,,,$286
4,2019,2019 EVENT #5,Regular,23,,,10/25/2018,Thu,,,$339
4,2019,2019 EVENT #6,Regular,23,,,10/25/2018,Thu,,,$716
4,2020,2020 EVENT #1,Regular,23,,,10/17/2019,Thu,,,$755
4,2020,2020 EVENT #2,Regular,23,,,10/17/2019,Thu,,,$305
4,2020,2020 EVENT #3,Regular,23,,,10/17/2019,Thu,,,"$7,522"
4,2020,2020 EVENT #4,Regular,23,,,10/17/2019,Thu,,,$710
4,2020,2020 EVENT #5,Regular,23,,,10/17/2019,Thu,,,$616
4,2020,2020 EVENT #6,Regular,23,,,10/17/2019,Thu,,,"$2,888"
5,2019,2019 EVENT #1,Regular,23,,,10/26/2018,Fri,,,$0
5,2019,2019 EVENT #2,Regular,23,,,10/26/2018,Fri,,,$0
5,2019,2019 EVENT #3,Regular,23,,,10/26/2018,Fri,,,$621
5,2019,2019 EVENT #4,Regular,23,,,10/26/2018,Fri,,,$0
5,2019,2019 EVENT #5,Regular,23,,,10/26/2018,Fri,,,$0
5,2019,2019 EVENT #6,Regular,23,,,10/26/2018,Fri,,,$0
5,2020,2020 EVENT #1,Regular,23,,,10/18/2019,Fri,,,$617
5,2020,2020 EVENT #2,Regular,23,,,10/18/2019,Fri,,,$735
5,2020,2020 EVENT #3,Regular,23,,,10/18/2019,Fri,,,"$6,193"
5,2020,2020 EVENT #4,Regular,23,,,10/18/2019,Fri,,,$357
5,2020,2020 EVENT #5,Regular,23,,,10/18/2019,Fri,,,$788
5,2020,2020 EVENT #6,Regular,23,,,10/18/2019,Fri,,,"$2,427"
6,2019,2019 EVENT #1,Regular,23,,,10/27/2018,Sat,,,$0
6,2019,2019 EVENT #2,Regular,23,,,10/27/2018,Sat,,,$0
6,2019,2019 EVENT #3,Regular,23,,,10/27/2018,Sat,,,"$6,966"
6,2019,2019 EVENT #4,Regular,23,,,10/27/2018,Sat,,,$0
6,2019,2019 EVENT #5,Regular,23,,,10/27/2018,Sat,,,$0
6,2019,2019 EVENT #6,Regular,23,,,10/27/2018,Sat,,,$0
6,2020,2020 EVENT #1,Regular,23,,,10/19/2019,Sat,,,$0
6,2020,2020 EVENT #2,Regular,23,,,10/19/2019,Sat,,,$0
6,2020,2020 EVENT #3,Regular,23,,,10/19/2019,Sat,,,$0
6,2020,2020 EVENT #4,Regular,23,,,10/19/2019,Sat,,,$0
6,2020,2020 EVENT #5,Regular,23,,,10/19/2019,Sat,,,$0
6,2020,2020 EVENT #6,Regular,23,,,10/19/2019,Sat,,,$0
7,2019,2019 EVENT #1,Regular,23,,,10/28/2018,Sun,,,$0
7,2019,2019 EVENT #2,Regular,23,,,10/28/2018,Sun,,,$0
7,2019,2019 EVENT #3,Regular,23,,,10/28/2018,Sun,,,"$3,386"
7,2019,2019 EVENT #4,Regular,23,,,10/28/2018,Sun,,,$0
7,2019,2019 EVENT #5,Regular,23,,,10/28/2018,Sun,,,$0
7,2019,2019 EVENT #6,Regular,23,,,10/28/2018,Sun,,,$0
7,2020,2020 EVENT #1,Regular,23,,,10/20/2019,Sun,,,$0
7,2020,2020 EVENT #2,Regular,23,,,10/20/2019,Sun,,,$0
7,2020,2020 EVENT #3,Regular,23,,,10/20/2019,Sun,,,$0
7,2020,2020 EVENT #4,Regular,23,,,10/20/2019,Sun,,,$0
7,2020,2020 EVENT #5,Regular,23,,,10/20/2019,Sun,,,$0
7,2020,2020 EVENT #6,Regular,23,,,10/20/2019,Sun,,,$0
1,2019,2019 EVENT #1,Regular,24,,,10/29/2018,Mon,,,$0
1,2019,2019 EVENT #2,Regular,24,,,10/29/2018,Mon,,,$930
1,2019,2019 EVENT #3,Regular,24,,,10/29/2018,Mon,,,"$20,141"
1,2019,2019 EVENT #4,Regular,24,,,10/29/2018,Mon,,,$0
1,2019,2019 EVENT #5,Regular,24,,,10/29/2018,Mon,,,$0
1,2019,2019 EVENT #6,Regular,24,,,10/29/2018,Mon,,,$0
1,2020,2020 EVENT #1,Regular,24,,,10/21/2019,Mon,,,"$1,510"
1,2020,2020 EVENT #2,Regular,24,,,10/21/2019,Mon,,,$998
1,2020,2020 EVENT #3,Regular,24,,,10/21/2019,Mon,,,"$15,869"
1,2020,2020 EVENT #4,Regular,24,,,10/21/2019,Mon,,,"$1,987"
1,2020,2020 EVENT #5,Regular,24,,,10/21/2019,Mon,,,"$1,588"
1,2020,2020 EVENT #6,Regular,24,,,10/21/2019,Mon,,,"$5,099"
2,2019,2019 EVENT #1,Regular,24,,,10/30/2018,Tue,,,$0
2,2019,2019 EVENT #2,Regular,24,,,10/30/2018,Tue,,,"$2,631"
2,2019,2019 EVENT #3,Regular,24,,,10/30/2018,Tue,,,"$11,230"
2,2019,2019 EVENT #4,Regular,24,,,10/30/2018,Tue,,,$181
2,2019,2019 EVENT #5,Regular,24,,,10/30/2018,Tue,,,$227
2,2019,2019 EVENT #6,Regular,24,,,10/30/2018,Tue,,,$0
2,2020,2020 EVENT #1,Regular,24,,,10/22/2019,Tue,,,$0
2,2020,2020 EVENT #2,Regular,24,,,10/22/2019,Tue,,,$0
2,2020,2020 EVENT #3,Regular,24,,,10/22/2019,Tue,,,$792
2,2020,2020 EVENT #4,Regular,24,,,10/22/2019,Tue,,,$0
2,2020,2020 EVENT #5,Regular,24,,,10/22/2019,Tue,,,$0
2,2020,2020 EVENT #6,Regular,24,,,10/22/2019,Tue,,,$0
3,2019,2019 EVENT #1,Regular,24,,,10/31/2018,Wed,,,$0
3,2019,2019 EVENT #2,Regular,24,,,10/31/2018,Wed,,,$657
3,2019,2019 EVENT #3,Regular,24,,,10/31/2018,Wed,,,"$7,727"
3,2019,2019 EVENT #4,Regular,24,,,10/31/2018,Wed,,,$0
3,2019,2019 EVENT #5,Regular,24,,,10/31/2018,Wed,,,$0
3,2019,2019 EVENT #6,Regular,24,,,10/31/2018,Wed,,,$0
3,2020,2020 EVENT #1,Regular,24,,,10/23/2019,Wed,,,$0
3,2020,2020 EVENT #2,Regular,24,,,10/23/2019,Wed,,,$314
3,2020,2020 EVENT #3,Regular,24,,,10/23/2019,Wed,,,"$10,996"
3,2020,2020 EVENT #4,Regular,24,,,10/23/2019,Wed,,,$0
3,2020,2020 EVENT #5,Regular,24,,,10/23/2019,Wed,,,$0
3,2020,2020 EVENT #6,Regular,24,,,10/23/2019,Wed,,,"$2,864"
4,2019,2019 EVENT #1,Regular,24,,,11/1/2018,Thu,,,$0
4,2019,2019 EVENT #2,Regular,24,,,11/1/2018,Thu,,,$0
4,2019,2019 EVENT #3,Regular,24,,,11/1/2018,Thu,,,"$4,706"
4,2019,2019 EVENT #4,Regular,24,,,11/1/2018,Thu,,,$0
4,2019,2019 EVENT #5,Regular,24,,,11/1/2018,Thu,,,$0
4,2019,2019 EVENT #6,Regular,24,,,11/1/2018,Thu,,,$558
4,2020,2020 EVENT #1,Regular,24,,,10/24/2019,Thu,,,$864
4,2020,2020 EVENT #2,Regular,24,,,10/24/2019,Thu,,,"$1,060"
4,2020,2020 EVENT #3,Regular,24,,,10/24/2019,Thu,,,$0
4,2020,2020 EVENT #4,Regular,24,,,10/24/2019,Thu,,,"$1,159"
4,2020,2020 EVENT #5,Regular,24,,,10/24/2019,Thu,,,$791
4,2020,2020 EVENT #6,Regular,24,,,10/24/2019,Thu,,,$0
5,2019,2019 EVENT #1,Regular,24,,,11/2/2018,Fri,,,$0
5,2019,2019 EVENT #2,Regular,24,,,11/2/2018,Fri,,,$614
5,2019,2019 EVENT #3,Regular,24,,,11/2/2018,Fri,,,"$5,541"
5,2019,2019 EVENT #4,Regular,24,,,11/2/2018,Fri,,,$657
5,2019,2019 EVENT #5,Regular,24,,,11/2/2018,Fri,,,"$1,128"
5,2019,2019 EVENT #6,Regular,24,,,11/2/2018,Fri,,,"$1,109"
5,2020,2020 EVENT #1,Regular,24,,,10/25/2019,Fri,,,$403
5,2020,2020 EVENT #2,Regular,24,,,10/25/2019,Fri,,,$0
5,2020,2020 EVENT #3,Regular,24,,,10/25/2019,Fri,,,"$1,590"
5,2020,2020 EVENT #4,Regular,24,,,10/25/2019,Fri,,,$0
5,2020,2020 EVENT #5,Regular,24,,,10/25/2019,Fri,,,$380
5,2020,2020 EVENT #6,Regular,24,,,10/25/2019,Fri,,,"$1,497"
6,2019,2019 EVENT #1,Regular,24,,,11/3/2018,Sat,,,$146
6,2019,2019 EVENT #2,Regular,24,,,11/3/2018,Sat,,,"$1,662"
6,2019,2019 EVENT #3,Regular,24,,,11/3/2018,Sat,,,"$3,609"
6,2019,2019 EVENT #4,Regular,24,,,11/3/2018,Sat,,,$0
6,2019,2019 EVENT #5,Regular,24,,,11/3/2018,Sat,,,$297
6,2019,2019 EVENT #6,Regular,24,,,11/3/2018,Sat,,,$0
6,2020,2020 EVENT #1,Regular,24,,,10/26/2019,Sat,,,$0
6,2020,2020 EVENT #2,Regular,24,,,10/26/2019,Sat,,,$0
6,2020,2020 EVENT #3,Regular,24,,,10/26/2019,Sat,,,$0
6,2020,2020 EVENT #4,Regular,24,,,10/26/2019,Sat,,,$0
6,2020,2020 EVENT #5,Regular,24,,,10/26/2019,Sat,,,$0
6,2020,2020 EVENT #6,Regular,24,,,10/26/2019,Sat,,,$0
7,2019,2019 EVENT #1,Regular,24,,,11/4/2018,Sun,,,$0
7,2019,2019 EVENT #2,Regular,24,,,11/4/2018,Sun,,,$0
7,2019,2019 EVENT #3,Regular,24,,,11/4/2018,Sun,,,$0
7,2019,2019 EVENT #4,Regular,24,,,11/4/2018,Sun,,,$0
7,2019,2019 EVENT #5,Regular,24,,,11/4/2018,Sun,,,$0
7,2019,2019 EVENT #6,Regular,24,,,11/4/2018,Sun,,,$0
7,2020,2020 EVENT #1,Regular,24,,,10/27/2019,Sun,,,$0
7,2020,2020 EVENT #2,Regular,24,,,10/27/2019,Sun,,,$0
7,2020,2020 EVENT #3,Regular,24,,,10/27/2019,Sun,,,$558
7,2020,2020 EVENT #4,Regular,24,,,10/27/2019,Sun,,,$0
7,2020,2020 EVENT #5,Regular,24,,,10/27/2019,Sun,,,$0
7,2020,2020 EVENT #6,Regular,24,,,10/27/2019,Sun,,,$0
1,2019,2019 EVENT #1,Regular,25,,,11/5/2018,Mon,,,$0
1,2019,2019 EVENT #2,Regular,25,,,11/5/2018,Mon,,,$408
1,2019,2019 EVENT #3,Regular,25,,,11/5/2018,Mon,,,"$43,534"
1,2019,2019 EVENT #4,Regular,25,,,11/5/2018,Mon,,,$684
1,2019,2019 EVENT #5,Regular,25,,,11/5/2018,Mon,,,$0
1,2019,2019 EVENT #6,Regular,25,,,11/5/2018,Mon,,,"$1,673"
1,2020,2020 EVENT #1,Regular,25,,,10/28/2019,Mon,,,$0
1,2020,2020 EVENT #2,Regular,25,,,10/28/2019,Mon,,,$617
1,2020,2020 EVENT #3,Regular,25,,,10/28/2019,Mon,,,$0
1,2020,2020 EVENT #4,Regular,25,,,10/28/2019,Mon,,,$0
1,2020,2020 EVENT #5,Regular,25,,,10/28/2019,Mon,,,$0
1,2020,2020 EVENT #6,Regular,25,,,10/28/2019,Mon,,,$0
2,2019,2019 EVENT #1,Regular,25,,,11/6/2018,Tue,,,$0
2,2019,2019 EVENT #2,Regular,25,,,11/6/2018,Tue,,,"$3,174"
2,2019,2019 EVENT #3,Regular,25,,,11/6/2018,Tue,,,"$32,422"
2,2019,2019 EVENT #4,Regular,25,,,11/6/2018,Tue,,,$605
2,2019,2019 EVENT #5,Regular,25,,,11/6/2018,Tue,,,$876
2,2019,2019 EVENT #6,Regular,25,,,11/6/2018,Tue,,,"$18,635"
2,2020,2020 EVENT #1,Regular,25,,,10/29/2019,Tue,,,$0
2,2020,2020 EVENT #2,Regular,25,,,10/29/2019,Tue,,,$0
2,2020,2020 EVENT #3,Regular,25,,,10/29/2019,Tue,,,"$3,025"
2,2020,2020 EVENT #4,Regular,25,,,10/29/2019,Tue,,,$0
2,2020,2020 EVENT #5,Regular,25,,,10/29/2019,Tue,,,$0
2,2020,2020 EVENT #6,Regular,25,,,10/29/2019,Tue,,,$0
3,2019,2019 EVENT #1,Regular,25,,,11/7/2018,Wed,,,$0
3,2019,2019 EVENT #2,Regular,25,,,11/7/2018,Wed,,,$0
3,2019,2019 EVENT #3,Regular,25,,,11/7/2018,Wed,,,"$13,191"
3,2019,2019 EVENT #4,Regular,25,,,11/7/2018,Wed,,,$0
3,2019,2019 EVENT #5,Regular,25,,,11/7/2018,Wed,,,"$3,577"
3,2019,2019 EVENT #6,Regular,25,,,11/7/2018,Wed,,,"$10,725"
3,2020,2020 EVENT #1,Regular,25,,,10/30/2019,Wed,,,$0
3,2020,2020 EVENT #2,Regular,25,,,10/30/2019,Wed,,,$0
3,2020,2020 EVENT #3,Regular,25,,,10/30/2019,Wed,,,"$1,545"
3,2020,2020 EVENT #4,Regular,25,,,10/30/2019,Wed,,,$0
3,2020,2020 EVENT #5,Regular,25,,,10/30/2019,Wed,,,$0
3,2020,2020 EVENT #6,Regular,25,,,10/30/2019,Wed,,,$0
4,2019,2019 EVENT #1,Regular,25,,,11/8/2018,Thu,,,$177
4,2019,2019 EVENT #2,Regular,25,,,11/8/2018,Thu,,,"$1,331"
4,2019,2019 EVENT #3,Regular,25,,,11/8/2018,Thu,,,"$21,387"
4,2019,2019 EVENT #4,Regular,25,,,11/8/2018,Thu,,,$0
4,2019,2019 EVENT #5,Regular,25,,,11/8/2018,Thu,,,$752
4,2019,2019 EVENT #6,Regular,25,,,11/8/2018,Thu,,,"$3,830"
4,2020,2020 EVENT #1,Regular,25,,,10/31/2019,Thu,,,"$3,820"
4,2020,2020 EVENT #2,Regular,25,,,10/31/2019,Thu,,,"$11,553"
4,2020,2020 EVENT #3,Regular,25,,,10/31/2019,Thu,,,"$294,722"
4,2020,2020 EVENT #4,Regular,25,,,10/31/2019,Thu,,,"$509,955"
4,2020,2020 EVENT #5,Regular,25,,,10/31/2019,Thu,,,"$956,475"
4,2020,2020 EVENT #6,Regular,25,,,10/31/2019,Thu,,,"$11,123,744"
5,2019,2019 EVENT #1,Regular,25,,,11/9/2018,Fri,,,$0
5,2019,2019 EVENT #2,Regular,25,,,11/9/2018,Fri,,,"$2,792"
5,2019,2019 EVENT #3,Regular,25,,,11/9/2018,Fri,,,"$31,590"
5,2019,2019 EVENT #4,Regular,25,,,11/9/2018,Fri,,,$929
5,2019,2019 EVENT #5,Regular,25,,,11/9/2018,Fri,,,$589
5,2019,2019 EVENT #6,Regular,25,,,11/9/2018,Fri,,,"$19,232"
5,2020,2020 EVENT #1,Regular,25,,,11/1/2019,Fri,,,$0
5,2020,2020 EVENT #2,Regular,25,,,11/1/2019,Fri,,,$710
5,2020,2020 EVENT #3,Regular,25,,,11/1/2019,Fri,,,"$21,536"
5,2020,2020 EVENT #4,Regular,25,,,11/1/2019,Fri,,,$0
5,2020,2020 EVENT #5,Regular,25,,,11/1/2019,Fri,,,$0
5,2020,2020 EVENT #6,Regular,25,,,11/1/2019,Fri,,,$0
6,2019,2019 EVENT #1,Regular,25,,,11/10/2018,Sat,,,$0
6,2019,2019 EVENT #2,Regular,25,,,11/10/2018,Sat,,,"$2,195"
6,2019,2019 EVENT #3,Regular,25,,,11/10/2018,Sat,,,"$23,047"
6,2019,2019 EVENT #4,Regular,25,,,11/10/2018,Sat,,,"$1,926"
6,2019,2019 EVENT #5,Regular,25,,,11/10/2018,Sat,,,"$4,761"
6,2019,2019 EVENT #6,Regular,25,,,11/10/2018,Sat,,,"$11,564"
6,2020,2020 EVENT #1,Regular,25,,,11/2/2019,Sat,,,$0
6,2020,2020 EVENT #2,Regular,25,,,11/2/2019,Sat,,,$875
6,2020,2020 EVENT #3,Regular,25,,,11/2/2019,Sat,,,"$2,446"
6,2020,2020 EVENT #4,Regular,25,,,11/2/2019,Sat,,,$0
6,2020,2020 EVENT #5,Regular,25,,,11/2/2019,Sat,,,$0
6,2020,2020 EVENT #6,Regular,25,,,11/2/2019,Sat,,,$0
7,2019,2019 EVENT #1,Regular,25,,,11/11/2018,Sun,,,$0
7,2019,2019 EVENT #2,Regular,25,,,11/11/2018,Sun,,,"$1,769"
7,2019,2019 EVENT #3,Regular,25,,,11/11/2018,Sun,,,"$73,526"
7,2019,2019 EVENT #4,Regular,25,,,11/11/2018,Sun,,,"$1,448"
7,2019,2019 EVENT #5,Regular,25,,,11/11/2018,Sun,,,"$2,805"
7,2019,2019 EVENT #6,Regular,25,,,11/11/2018,Sun,,,"$3,716"
7,2020,2020 EVENT #1,Regular,25,,,11/3/2019,Sun,,,$0
7,2020,2020 EVENT #2,Regular,25,,,11/3/2019,Sun,,,$0
7,2020,2020 EVENT #3,Regular,25,,,11/3/2019,Sun,,,"$3,617"
7,2020,2020 EVENT #4,Regular,25,,,11/3/2019,Sun,,,"$70,368"
7,2020,2020 EVENT #5,Regular,25,,,11/3/2019,Sun,,,"$135,653"
7,2020,2020 EVENT #6,Regular,25,,,11/3/2019,Sun,,,"$404,574"
1,2019,2019 EVENT #1,Regular,26,,,11/12/2018,Mon,,,$0
1,2019,2019 EVENT #2,Regular,26,,,11/12/2018,Mon,,,"$1,682"
1,2019,2019 EVENT #3,Regular,26,,,11/12/2018,Mon,,,"$48,989"
1,2019,2019 EVENT #4,Regular,26,,,11/12/2018,Mon,,,"$2,539"
1,2019,2019 EVENT #5,Regular,26,,,11/12/2018,Mon,,,"$3,864"
1,2019,2019 EVENT #6,Regular,26,,,11/12/2018,Mon,,,"$5,006"
1,2020,2020 EVENT #1,Regular,26,,,11/4/2019,Mon,,,$0
1,2020,2020 EVENT #2,Regular,26,,,11/4/2019,Mon,,,$281
1,2020,2020 EVENT #3,Regular,26,,,11/4/2019,Mon,,,"$206,965"
1,2020,2020 EVENT #4,Regular,26,,,11/4/2019,Mon,,,"$5,688"
1,2020,2020 EVENT #5,Regular,26,,,11/4/2019,Mon,,,"$6,366"
1,2020,2020 EVENT #6,Regular,26,,,11/4/2019,Mon,,,"$46,206"
2,2019,2019 EVENT #1,Regular,26,,,11/13/2018,Tue,,,$740
2,2019,2019 EVENT #2,Regular,26,,,11/13/2018,Tue,,,"$6,101"
2,2019,2019 EVENT #3,Regular,26,,,11/13/2018,Tue,,,"$45,274"
2,2019,2019 EVENT #4,Regular,26,,,11/13/2018,Tue,,,"$2,944"
2,2019,2019 EVENT #5,Regular,26,,,11/13/2018,Tue,,,"$4,938"
2,2019,2019 EVENT #6,Regular,26,,,11/13/2018,Tue,,,"$36,923"
2,2020,2020 EVENT #1,Regular,26,,,11/5/2019,Tue,,,$0
2,2020,2020 EVENT #2,Regular,26,,,11/5/2019,Tue,,,$0
2,2020,2020 EVENT #3,Regular,26,,,11/5/2019,Tue,,,"$16,441"
2,2020,2020 EVENT #4,Regular,26,,,11/5/2019,Tue,,,$0
2,2020,2020 EVENT #5,Regular,26,,,11/5/2019,Tue,,,$0
2,2020,2020 EVENT #6,Regular,26,,,11/5/2019,Tue,,,"$2,079"
3,2019,2019 EVENT #1,Regular,26,,,11/14/2018,Wed,,,$873
3,2019,2019 EVENT #2,Regular,26,,,11/14/2018,Wed,,,"$4,880"
3,2019,2019 EVENT #3,Regular,26,,,11/14/2018,Wed,,,"$31,509"
3,2019,2019 EVENT #4,Regular,26,,,11/14/2018,Wed,,,"$4,553"
3,2019,2019 EVENT #5,Regular,26,,,11/14/2018,Wed,,,"$2,581"
3,2019,2019 EVENT #6,Regular,26,,,11/14/2018,Wed,,,"$42,834"
3,2020,2020 EVENT #1,Regular,26,,,11/6/2019,Wed,,,$501
3,2020,2020 EVENT #2,Regular,26,,,11/6/2019,Wed,,,$670
3,2020,2020 EVENT #3,Regular,26,,,11/6/2019,Wed,,,"$2,520"
3,2020,2020 EVENT #4,Regular,26,,,11/6/2019,Wed,,,$0
3,2020,2020 EVENT #5,Regular,26,,,11/6/2019,Wed,,,$0
3,2020,2020 EVENT #6,Regular,26,,,11/6/2019,Wed,,,$0
4,2019,2019 EVENT #1,Regular,26,,,11/15/2018,Thu,,,$0
4,2019,2019 EVENT #2,Regular,26,,,11/15/2018,Thu,,,"$2,677"
4,2019,2019 EVENT #3,Regular,26,,,11/15/2018,Thu,,,"$52,898"
4,2019,2019 EVENT #4,Regular,26,,,11/15/2018,Thu,,,"$3,743"
4,2019,2019 EVENT #5,Regular,26,,,11/15/2018,Thu,,,"$1,388"
4,2019,2019 EVENT #6,Regular,26,,,11/15/2018,Thu,,,"$34,387"
4,2020,2020 EVENT #1,Regular,26,,,11/7/2019,Thu,,,$0
4,2020,2020 EVENT #2,Regular,26,,,11/7/2019,Thu,,,$512
4,2020,2020 EVENT #3,Regular,26,,,11/7/2019,Thu,,,"$5,451"
4,2020,2020 EVENT #4,Regular,26,,,11/7/2019,Thu,,,$0
4,2020,2020 EVENT #5,Regular,26,,,11/7/2019,Thu,,,$0
4,2020,2020 EVENT #6,Regular,26,,,11/7/2019,Thu,,,$0
5,2019,2019 EVENT #1,Regular,26,,,11/16/2018,Fri,,,$509
5,2019,2019 EVENT #2,Regular,26,,,11/16/2018,Fri,,,"$7,480"
5,2019,2019 EVENT #3,Regular,26,,,11/16/2018,Fri,,,"$54,653"
5,2019,2019 EVENT #4,Regular,26,,,11/16/2018,Fri,,,"$1,780"
5,2019,2019 EVENT #5,Regular,26,,,11/16/2018,Fri,,,"$1,239"
5,2019,2019 EVENT #6,Regular,26,,,11/16/2018,Fri,,,"$31,508"
5,2020,2020 EVENT #1,Regular,26,,,11/8/2019,Fri,,,$0
5,2020,2020 EVENT #2,Regular,26,,,11/8/2019,Fri,,,"$4,896"
5,2020,2020 EVENT #3,Regular,26,,,11/8/2019,Fri,,,"$12,149"
5,2020,2020 EVENT #4,Regular,26,,,11/8/2019,Fri,,,"$2,332"
5,2020,2020 EVENT #5,Regular,26,,,11/8/2019,Fri,,,"$4,063"
5,2020,2020 EVENT #6,Regular,26,,,11/8/2019,Fri,,,"$14,555"
6,2019,2019 EVENT #1,Regular,26,,,11/17/2018,Sat,,,$0
6,2019,2019 EVENT #2,Regular,26,,,11/17/2018,Sat,,,"$4,414"
6,2019,2019 EVENT #3,Regular,26,,,11/17/2018,Sat,,,"$21,437"
6,2019,2019 EVENT #4,Regular,26,,,11/17/2018,Sat,,,"$3,115"
6,2019,2019 EVENT #5,Regular,26,,,11/17/2018,Sat,,,"$1,950"
6,2019,2019 EVENT #6,Regular,26,,,11/17/2018,Sat,,,"$11,440"
6,2020,2020 EVENT #1,Regular,26,,,11/9/2019,Sat,,,"$4,856"
6,2020,2020 EVENT #2,Regular,26,,,11/9/2019,Sat,,,"$8,460"
6,2020,2020 EVENT #3,Regular,26,,,11/9/2019,Sat,,,"$41,091"
6,2020,2020 EVENT #4,Regular,26,,,11/9/2019,Sat,,,"$4,675"
6,2020,2020 EVENT #5,Regular,26,,,11/9/2019,Sat,,,"$8,355"
6,2020,2020 EVENT #6,Regular,26,,,11/9/2019,Sat,,,"$43,543"
7,2019,2019 EVENT #1,Regular,26,,,11/18/2018,Sun,,,$0
7,2019,2019 EVENT #2,Regular,26,,,11/18/2018,Sun,,,$695
7,2019,2019 EVENT #3,Regular,26,,,11/18/2018,Sun,,,"$13,474"
7,2019,2019 EVENT #4,Regular,26,,,11/18/2018,Sun,,,$0
7,2019,2019 EVENT #5,Regular,26,,,11/18/2018,Sun,,,$730
7,2019,2019 EVENT #6,Regular,26,,,11/18/2018,Sun,,,$0
7,2020,2020 EVENT #1,Regular,26,,,11/10/2019,Sun,,,"$3,500"
7,2020,2020 EVENT #2,Regular,26,,,11/10/2019,Sun,,,"$4,216"
7,2020,2020 EVENT #3,Regular,26,,,11/10/2019,Sun,,,"$45,729"
7,2020,2020 EVENT #4,Regular,26,,,11/10/2019,Sun,,,"$2,170"
7,2020,2020 EVENT #5,Regular,26,,,11/10/2019,Sun,,,"$2,919"
7,2020,2020 EVENT #6,Regular,26,,,11/10/2019,Sun,,,"$14,998"
1,2019,2019 EVENT #1,Regular,27,,,11/19/2018,Mon,,,$0
1,2019,2019 EVENT #2,Regular,27,,,11/19/2018,Mon,,,"$2,836"
1,2019,2019 EVENT #3,Regular,27,,,11/19/2018,Mon,,,"$24,002"
1,2019,2019 EVENT #4,Regular,27,,,11/19/2018,Mon,,,"$1,594"
1,2019,2019 EVENT #5,Regular,27,,,11/19/2018,Mon,,,"$3,079"
1,2019,2019 EVENT #6,Regular,27,,,11/19/2018,Mon,,,"$11,713"
1,2020,2020 EVENT #1,Regular,27,,,11/11/2019,Mon,,,"$4,269"
1,2020,2020 EVENT #2,Regular,27,,,11/11/2019,Mon,,,"$7,819"
1,2020,2020 EVENT #3,Regular,27,,,11/11/2019,Mon,,,"$44,427"
1,2020,2020 EVENT #4,Regular,27,,,11/11/2019,Mon,,,"$6,060"
1,2020,2020 EVENT #5,Regular,27,,,11/11/2019,Mon,,,"$8,962"
1,2020,2020 EVENT #6,Regular,27,,,11/11/2019,Mon,,,"$43,459"
2,2019,2019 EVENT #1,Regular,27,,,11/20/2018,Tue,,,"$1,934"
2,2019,2019 EVENT #2,Regular,27,,,11/20/2018,Tue,,,"$3,040"
2,2019,2019 EVENT #3,Regular,27,,,11/20/2018,Tue,,,"$43,351"
2,2019,2019 EVENT #4,Regular,27,,,11/20/2018,Tue,,,$931
2,2019,2019 EVENT #5,Regular,27,,,11/20/2018,Tue,,,"$7,393"
2,2019,2019 EVENT #6,Regular,27,,,11/20/2018,Tue,,,"$46,254"
2,2020,2020 EVENT #1,Regular,27,,,11/12/2019,Tue,,,"$1,742"
2,2020,2020 EVENT #2,Regular,27,,,11/12/2019,Tue,,,"$1,199"
2,2020,2020 EVENT #3,Regular,27,,,11/12/2019,Tue,,,"$32,126"
2,2020,2020 EVENT #4,Regular,27,,,11/12/2019,Tue,,,"$2,020"
2,2020,2020 EVENT #5,Regular,27,,,11/12/2019,Tue,,,$582
2,2020,2020 EVENT #6,Regular,27,,,11/12/2019,Tue,,,"$12,453"
3,2019,2019 EVENT #1,Regular,27,,,11/21/2018,Wed,,,$0
3,2019,2019 EVENT #2,Regular,27,,,11/21/2018,Wed,,,$693
3,2019,2019 EVENT #3,Regular,27,,,11/21/2018,Wed,,,"$62,450"
3,2019,2019 EVENT #4,Regular,27,,,11/21/2018,Wed,,,"$2,715"
3,2019,2019 EVENT #5,Regular,27,,,11/21/2018,Wed,,,"$2,204"
3,2019,2019 EVENT #6,Regular,27,,,11/21/2018,Wed,,,"$26,788"
3,2020,2020 EVENT #1,Regular,27,,,11/13/2019,Wed,,,"$1,766"
3,2020,2020 EVENT #2,Regular,27,,,11/13/2019,Wed,,,"$5,316"
3,2020,2020 EVENT #3,Regular,27,,,11/13/2019,Wed,,,"$44,050"
3,2020,2020 EVENT #4,Regular,27,,,11/13/2019,Wed,,,"$4,856"
3,2020,2020 EVENT #5,Regular,27,,,11/13/2019,Wed,,,"$6,039"
3,2020,2020 EVENT #6,Regular,27,,,11/13/2019,Wed,,,"$61,082"
4,2019,2019 EVENT #1,Regular,27,,,11/22/2018,Thu,,,$0
4,2019,2019 EVENT #2,Regular,27,,,11/22/2018,Thu,,,$607
4,2019,2019 EVENT #3,Regular,27,,,11/22/2018,Thu,,,"$6,134"
4,2019,2019 EVENT #4,Regular,27,,,11/22/2018,Thu,,,$0
4,2019,2019 EVENT #5,Regular,27,,,11/22/2018,Thu,,,$0
4,2019,2019 EVENT #6,Regular,27,,,11/22/2018,Thu,,,$0
4,2020,2020 EVENT #1,Regular,27,,,11/14/2019,Thu,,,"$1,817"
4,2020,2020 EVENT #2,Regular,27,,,11/14/2019,Thu,,,"$3,466"
4,2020,2020 EVENT #3,Regular,27,,,11/14/2019,Thu,,,"$73,209"
4,2020,2020 EVENT #4,Regular,27,,,11/14/2019,Thu,,,"$1,401"
4,2020,2020 EVENT #5,Regular,27,,,11/14/2019,Thu,,,"$1,854"
4,2020,2020 EVENT #6,Regular,27,,,11/14/2019,Thu,,,"$5,682"
5,2019,2019 EVENT #1,Regular,27,,,11/23/2018,Fri,,,$0
5,2019,2019 EVENT #2,Regular,27,,,11/23/2018,Fri,,,"$1,557"
5,2019,2019 EVENT #3,Regular,27,,,11/23/2018,Fri,,,"$35,116"
5,2019,2019 EVENT #4,Regular,27,,,11/23/2018,Fri,,,$0
5,2019,2019 EVENT #5,Regular,27,,,11/23/2018,Fri,,,$0
5,2019,2019 EVENT #6,Regular,27,,,11/23/2018,Fri,,,$0
5,2020,2020 EVENT #1,Regular,27,,,11/15/2019,Fri,,,$252
5,2020,2020 EVENT #2,Regular,27,,,11/15/2019,Fri,,,$0
5,2020,2020 EVENT #3,Regular,27,,,11/15/2019,Fri,,,"$16,088"
5,2020,2020 EVENT #4,Regular,27,,,11/15/2019,Fri,,,$0
5,2020,2020 EVENT #5,Regular,27,,,11/15/2019,Fri,,,"$1,375"
5,2020,2020 EVENT #6,Regular,27,,,11/15/2019,Fri,,,"$3,349"
6,2019,2019 EVENT #1,Regular,27,,,11/24/2018,Sat,,,$0
6,2019,2019 EVENT #2,Regular,27,,,11/24/2018,Sat,,,$570
6,2019,2019 EVENT #3,Regular,27,,,11/24/2018,Sat,,,"$7,897"
6,2019,2019 EVENT #4,Regular,27,,,11/24/2018,Sat,,,$0
6,2019,2019 EVENT #5,Regular,27,,,11/24/2018,Sat,,,$0
6,2019,2019 EVENT #6,Regular,27,,,11/24/2018,Sat,,,$0
6,2020,2020 EVENT #1,Regular,27,,,11/16/2019,Sat,,,$0
6,2020,2020 EVENT #2,Regular,27,,,11/16/2019,Sat,,,"$1,082"
6,2020,2020 EVENT #3,Regular,27,,,11/16/2019,Sat,,,"$12,568"
6,2020,2020 EVENT #4,Regular,27,,,11/16/2019,Sat,,,$634
6,2020,2020 EVENT #5,Regular,27,,,11/16/2019,Sat,,,$0
6,2020,2020 EVENT #6,Regular,27,,,11/16/2019,Sat,,,"$1,948"
7,2019,2019 EVENT #1,Regular,27,,,11/25/2018,Sun,,,$207
7,2019,2019 EVENT #2,Regular,27,,,11/25/2018,Sun,,,$0
7,2019,2019 EVENT #3,Regular,27,,,11/25/2018,Sun,,,"$13,741"
7,2019,2019 EVENT #4,Regular,27,,,11/25/2018,Sun,,,$0
7,2019,2019 EVENT #5,Regular,27,,,11/25/2018,Sun,,,$0
7,2019,2019 EVENT #6,Regular,27,,,11/25/2018,Sun,,,$0
7,2020,2020 EVENT #1,Regular,27,,,11/17/2019,Sun,,,$420
7,2020,2020 EVENT #2,Regular,27,,,11/17/2019,Sun,,,"$2,150"
7,2020,2020 EVENT #3,Regular,27,,,11/17/2019,Sun,,,"$23,368"
7,2020,2020 EVENT #4,Regular,27,,,11/17/2019,Sun,,,$363
7,2020,2020 EVENT #5,Regular,27,,,11/17/2019,Sun,,,"$1,395"
7,2020,2020 EVENT #6,Regular,27,,,11/17/2019,Sun,,,"$9,226"
1,2019,2019 EVENT #1,Regular,28,,,11/26/2018,Mon,,,"$3,171"
1,2019,2019 EVENT #2,Regular,28,,,11/26/2018,Mon,,,"$9,295"
1,2019,2019 EVENT #3,Regular,28,,,11/26/2018,Mon,,,"$132,265"
1,2019,2019 EVENT #4,Regular,28,,,11/26/2018,Mon,,,"$36,436"
1,2019,2019 EVENT #5,Regular,28,,,11/26/2018,Mon,,,"$48,579"
1,2019,2019 EVENT #6,Regular,28,,,11/26/2018,Mon,,,"$172,836"
1,2020,2020 EVENT #1,Regular,28,,,11/18/2019,Mon,,,"$1,748"
1,2020,2020 EVENT #2,Regular,28,,,11/18/2019,Mon,,,"$3,667"
1,2020,2020 EVENT #3,Regular,28,,,11/18/2019,Mon,,,"$17,932"
1,2020,2020 EVENT #4,Regular,28,,,11/18/2019,Mon,,,"$2,934"
1,2020,2020 EVENT #5,Regular,28,,,11/18/2019,Mon,,,"$1,458"
1,2020,2020 EVENT #6,Regular,28,,,11/18/2019,Mon,,,"$12,153"
2,2019,2019 EVENT #1,Regular,28,,,11/27/2018,Tue,,,$341
2,2019,2019 EVENT #2,Regular,28,,,11/27/2018,Tue,,,"$3,481"
2,2019,2019 EVENT #3,Regular,28,,,11/27/2018,Tue,,,"$42,926"
2,2019,2019 EVENT #4,Regular,28,,,11/27/2018,Tue,,,$595
2,2019,2019 EVENT #5,Regular,28,,,11/27/2018,Tue,,,"$6,556"
2,2019,2019 EVENT #6,Regular,28,,,11/27/2018,Tue,,,"$30,083"
2,2020,2020 EVENT #1,Regular,28,,,11/19/2019,Tue,,,$629
2,2020,2020 EVENT #2,Regular,28,,,11/19/2019,Tue,,,$995
2,2020,2020 EVENT #3,Regular,28,,,11/19/2019,Tue,,,"$24,450"
2,2020,2020 EVENT #4,Regular,28,,,11/19/2019,Tue,,,"$2,114"
2,2020,2020 EVENT #5,Regular,28,,,11/19/2019,Tue,,,"$1,497"
2,2020,2020 EVENT #6,Regular,28,,,11/19/2019,Tue,,,"$12,601"
3,2019,2019 EVENT #1,Regular,28,,,11/28/2018,Wed,,,"$2,024"
3,2019,2019 EVENT #2,Regular,28,,,11/28/2018,Wed,,,"$4,575"
3,2019,2019 EVENT #3,Regular,28,,,11/28/2018,Wed,,,"$41,217"
3,2019,2019 EVENT #4,Regular,28,,,11/28/2018,Wed,,,$968
3,2019,2019 EVENT #5,Regular,28,,,11/28/2018,Wed,,,"$3,087"
3,2019,2019 EVENT #6,Regular,28,,,11/28/2018,Wed,,,"$28,915"
3,2020,2020 EVENT #1,Regular,28,,,11/20/2019,Wed,,,"$1,518"
3,2020,2020 EVENT #2,Regular,28,,,11/20/2019,Wed,,,"$3,166"
3,2020,2020 EVENT #3,Regular,28,,,11/20/2019,Wed,,,"$119,200"
3,2020,2020 EVENT #4,Regular,28,,,11/20/2019,Wed,,,"$2,197"
3,2020,2020 EVENT #5,Regular,28,,,11/20/2019,Wed,,,$829
3,2020,2020 EVENT #6,Regular,28,,,11/20/2019,Wed,,,"$19,429"
4,2019,2019 EVENT #1,Regular,28,,,11/29/2018,Thu,,,$0
4,2019,2019 EVENT #2,Regular,28,,,11/29/2018,Thu,,,"$2,110"
4,2019,2019 EVENT #3,Regular,28,,,11/29/2018,Thu,,,"$26,041"
4,2019,2019 EVENT #4,Regular,28,,,11/29/2018,Thu,,,"$1,321"
4,2019,2019 EVENT #5,Regular,28,,,11/29/2018,Thu,,,"$1,629"
4,2019,2019 EVENT #6,Regular,28,,,11/29/2018,Thu,,,"$15,981"
4,2020,2020 EVENT #1,Regular,28,,,11/21/2019,Thu,,,$124
4,2020,2020 EVENT #2,Regular,28,,,11/21/2019,Thu,,,$324
4,2020,2020 EVENT #3,Regular,28,,,11/21/2019,Thu,,,"$31,350"
4,2020,2020 EVENT #4,Regular,28,,,11/21/2019,Thu,,,"$1,633"
4,2020,2020 EVENT #5,Regular,28,,,11/21/2019,Thu,,,"$1,363"
4,2020,2020 EVENT #6,Regular,28,,,11/21/2019,Thu,,,"$3,949"
5,2019,2019 EVENT #1,Regular,28,,,11/30/2018,Fri,,,$0
5,2019,2019 EVENT #2,Regular,28,,,11/30/2018,Fri,,,"$2,256"
5,2019,2019 EVENT #3,Regular,28,,,11/30/2018,Fri,,,"$36,339"
5,2019,2019 EVENT #4,Regular,28,,,11/30/2018,Fri,,,"$2,652"
5,2019,2019 EVENT #5,Regular,28,,,11/30/2018,Fri,,,"$5,238"
5,2019,2019 EVENT #6,Regular,28,,,11/30/2018,Fri,,,"$36,486"
5,2020,2020 EVENT #1,Regular,28,,,11/22/2019,Fri,,,"$3,006"
5,2020,2020 EVENT #2,Regular,28,,,11/22/2019,Fri,,,"$5,585"
5,2020,2020 EVENT #3,Regular,28,,,11/22/2019,Fri,,,"$60,317"
5,2020,2020 EVENT #4,Regular,28,,,11/22/2019,Fri,,,"$1,271"
5,2020,2020 EVENT #5,Regular,28,,,11/22/2019,Fri,,,"$3,123"
5,2020,2020 EVENT #6,Regular,28,,,11/22/2019,Fri,,,"$5,564"
6,2019,2019 EVENT #1,Regular,28,,,12/1/2018,Sat,,,$0
6,2019,2019 EVENT #2,Regular,28,,,12/1/2018,Sat,,,$176
6,2019,2019 EVENT #3,Regular,28,,,12/1/2018,Sat,,,"$11,288"
6,2019,2019 EVENT #4,Regular,28,,,12/1/2018,Sat,,,$411
6,2019,2019 EVENT #5,Regular,28,,,12/1/2018,Sat,,,$795
6,2019,2019 EVENT #6,Regular,28,,,12/1/2018,Sat,,,$0
6,2020,2020 EVENT #1,Regular,28,,,11/23/2019,Sat,,,$0
6,2020,2020 EVENT #2,Regular,28,,,11/23/2019,Sat,,,$213
6,2020,2020 EVENT #3,Regular,28,,,11/23/2019,Sat,,,"$6,692"
6,2020,2020 EVENT #4,Regular,28,,,11/23/2019,Sat,,,$0
6,2020,2020 EVENT #5,Regular,28,,,11/23/2019,Sat,,,$0
6,2020,2020 EVENT #6,Regular,28,,,11/23/2019,Sat,,,$0
7,2019,2019 EVENT #1,Regular,28,,,12/2/2018,Sun,,,$331
7,2019,2019 EVENT #2,Regular,28,,,12/2/2018,Sun,,,$198
7,2019,2019 EVENT #3,Regular,28,,,12/2/2018,Sun,,,"$25,025"
7,2019,2019 EVENT #4,Regular,28,,,12/2/2018,Sun,,,$0
7,2019,2019 EVENT #5,Regular,28,,,12/2/2018,Sun,,,$0
7,2019,2019 EVENT #6,Regular,28,,,12/2/2018,Sun,,,$0
7,2020,2020 EVENT #1,Regular,28,,,11/24/2019,Sun,,,$257
7,2020,2020 EVENT #2,Regular,28,,,11/24/2019,Sun,,,$365
7,2020,2020 EVENT #3,Regular,28,,,11/24/2019,Sun,,,"$5,326"
7,2020,2020 EVENT #4,Regular,28,,,11/24/2019,Sun,,,$372
7,2020,2020 EVENT #5,Regular,28,,,11/24/2019,Sun,,,$0
7,2020,2020 EVENT #6,Regular,28,,,11/24/2019,Sun,,,"$2,444"
1,2019,2019 EVENT #1,Regular,29,,,12/3/2018,Mon,,,"$1,775"
1,2019,2019 EVENT #2,Regular,29,,,12/3/2018,Mon,,,"$2,924"
1,2019,2019 EVENT #3,Regular,29,,,12/3/2018,Mon,,,"$47,517"
1,2019,2019 EVENT #4,Regular,29,,,12/3/2018,Mon,,,"$1,005"
1,2019,2019 EVENT #5,Regular,29,,,12/3/2018,Mon,,,"$2,462"
1,2019,2019 EVENT #6,Regular,29,,,12/3/2018,Mon,,,"$22,673"
1,2020,2020 EVENT #1,Regular,29,,,11/25/2019,Mon,,,$950
1,2020,2020 EVENT #2,Regular,29,,,11/25/2019,Mon,,,"$1,874"
1,2020,2020 EVENT #3,Regular,29,,,11/25/2019,Mon,,,"$34,645"
1,2020,2020 EVENT #4,Regular,29,,,11/25/2019,Mon,,,"$1,636"
1,2020,2020 EVENT #5,Regular,29,,,11/25/2019,Mon,,,"$3,500"
1,2020,2020 EVENT #6,Regular,29,,,11/25/2019,Mon,,,"$3,845"
2,2019,2019 EVENT #1,Regular,29,,,12/4/2018,Tue,,,"$1,225"
2,2019,2019 EVENT #2,Regular,29,,,12/4/2018,Tue,,,"$2,190"
2,2019,2019 EVENT #3,Regular,29,,,12/4/2018,Tue,,,"$25,369"
2,2019,2019 EVENT #4,Regular,29,,,12/4/2018,Tue,,,"$2,953"
2,2019,2019 EVENT #5,Regular,29,,,12/4/2018,Tue,,,"$4,739"
2,2019,2019 EVENT #6,Regular,29,,,12/4/2018,Tue,,,"$34,730"
2,2020,2020 EVENT #1,Regular,29,,,11/26/2019,Tue,,,"$3,379"
2,2020,2020 EVENT #2,Regular,29,,,11/26/2019,Tue,,,"$5,815"
2,2020,2020 EVENT #3,Regular,29,,,11/26/2019,Tue,,,"$33,373"
2,2020,2020 EVENT #4,Regular,29,,,11/26/2019,Tue,,,$691
2,2020,2020 EVENT #5,Regular,29,,,11/26/2019,Tue,,,$843
2,2020,2020 EVENT #6,Regular,29,,,11/26/2019,Tue,,,$0
3,2019,2019 EVENT #1,Regular,29,,,12/5/2018,Wed,,,$0
3,2019,2019 EVENT #2,Regular,29,,,12/5/2018,Wed,,,"$3,156"
3,2019,2019 EVENT #3,Regular,29,,,12/5/2018,Wed,,,"$22,877"
3,2019,2019 EVENT #4,Regular,29,,,12/5/2018,Wed,,,"$4,620"
3,2019,2019 EVENT #5,Regular,29,,,12/5/2018,Wed,,,"$5,179"
3,2019,2019 EVENT #6,Regular,29,,,12/5/2018,Wed,,,"$36,708"
3,2020,2020 EVENT #1,Regular,29,,,11/27/2019,Wed,,,$209
3,2020,2020 EVENT #2,Regular,29,,,11/27/2019,Wed,,,"$1,747"
3,2020,2020 EVENT #3,Regular,29,,,11/27/2019,Wed,,,"$18,531"
3,2020,2020 EVENT #4,Regular,29,,,11/27/2019,Wed,,,$220
3,2020,2020 EVENT #5,Regular,29,,,11/27/2019,Wed,,,$151
3,2020,2020 EVENT #6,Regular,29,,,11/27/2019,Wed,,,"$1,197"
4,2019,2019 EVENT #1,Regular,29,,,12/6/2018,Thu,,,"$14,809"
4,2019,2019 EVENT #2,Regular,29,,,12/6/2018,Thu,,,"$34,682"
4,2019,2019 EVENT #3,Regular,29,,,12/6/2018,Thu,,,"$466,000"
4,2019,2019 EVENT #4,Regular,29,,,12/6/2018,Thu,,,"$1,980"
4,2019,2019 EVENT #5,Regular,29,,,12/6/2018,Thu,,,$645
4,2019,2019 EVENT #6,Regular,29,,,12/6/2018,Thu,,,"$244,321"
4,2020,2020 EVENT #1,Regular,29,,,11/28/2019,Thu,,,$483
4,2020,2020 EVENT #2,Regular,29,,,11/28/2019,Thu,,,$234
4,2020,2020 EVENT #3,Regular,29,,,11/28/2019,Thu,,,"$14,242"
4,2020,2020 EVENT #4,Regular,29,,,11/28/2019,Thu,,,$0
4,2020,2020 EVENT #5,Regular,29,,,11/28/2019,Thu,,,$0
4,2020,2020 EVENT #6,Regular,29,,,11/28/2019,Thu,,,$0
5,2019,2019 EVENT #1,Regular,29,,,12/7/2018,Fri,,,$0
5,2019,2019 EVENT #2,Regular,29,,,12/7/2018,Fri,,,$940
5,2019,2019 EVENT #3,Regular,29,,,12/7/2018,Fri,,,"$17,212"
5,2019,2019 EVENT #4,Regular,29,,,12/7/2018,Fri,,,"$4,004"
5,2019,2019 EVENT #5,Regular,29,,,12/7/2018,Fri,,,"$3,900"
5,2019,2019 EVENT #6,Regular,29,,,12/7/2018,Fri,,,"$14,053"
5,2020,2020 EVENT #1,Regular,29,,,11/29/2019,Fri,,,"$1,087"
5,2020,2020 EVENT #2,Regular,29,,,11/29/2019,Fri,,,"$1,105"
5,2020,2020 EVENT #3,Regular,29,,,11/29/2019,Fri,,,"$7,361"
5,2020,2020 EVENT #4,Regular,29,,,11/29/2019,Fri,,,$413
5,2020,2020 EVENT #5,Regular,29,,,11/29/2019,Fri,,,$0
5,2020,2020 EVENT #6,Regular,29,,,11/29/2019,Fri,,,"$2,442"
6,2019,2019 EVENT #1,Regular,29,,,12/8/2018,Sat,,,$0
6,2019,2019 EVENT #2,Regular,29,,,12/8/2018,Sat,,,"$2,228"
6,2019,2019 EVENT #3,Regular,29,,,12/8/2018,Sat,,,"$11,364"
6,2019,2019 EVENT #4,Regular,29,,,12/8/2018,Sat,,,$0
6,2019,2019 EVENT #5,Regular,29,,,12/8/2018,Sat,,,$0
6,2019,2019 EVENT #6,Regular,29,,,12/8/2018,Sat,,,$0
6,2020,2020 EVENT #1,Regular,29,,,11/30/2019,Sat,,,$0
6,2020,2020 EVENT #2,Regular,29,,,11/30/2019,Sat,,,$507
6,2020,2020 EVENT #3,Regular,29,,,11/30/2019,Sat,,,"$24,488"
6,2020,2020 EVENT #4,Regular,29,,,11/30/2019,Sat,,,$131
6,2020,2020 EVENT #5,Regular,29,,,11/30/2019,Sat,,,$998
6,2020,2020 EVENT #6,Regular,29,,,11/30/2019,Sat,,,"$5,014"
7,2019,2019 EVENT #1,Regular,29,,,12/9/2018,Sun,,,$0
7,2019,2019 EVENT #2,Regular,29,,,12/9/2018,Sun,,,$0
7,2019,2019 EVENT #3,Regular,29,,,12/9/2018,Sun,,,"$11,014"
7,2019,2019 EVENT #4,Regular,29,,,12/9/2018,Sun,,,$0
7,2019,2019 EVENT #5,Regular,29,,,12/9/2018,Sun,,,$0
7,2019,2019 EVENT #6,Regular,29,,,12/9/2018,Sun,,,$0
7,2020,2020 EVENT #1,Regular,29,,,12/1/2019,Sun,,,$0
7,2020,2020 EVENT #2,Regular,29,,,12/1/2019,Sun,,,$0
7,2020,2020 EVENT #3,Regular,29,,,12/1/2019,Sun,,,"$1,682"
7,2020,2020 EVENT #4,Regular,29,,,12/1/2019,Sun,,,$0
7,2020,2020 EVENT #5,Regular,29,,,12/1/2019,Sun,,,$0
7,2020,2020 EVENT #6,Regular,29,,,12/1/2019,Sun,,,$0
1,2019,2019 EVENT #1,Regular,30,,,12/10/2018,Mon,,,$0
1,2019,2019 EVENT #2,Regular,30,,,12/10/2018,Mon,,,"$4,697"
1,2019,2019 EVENT #3,Regular,30,,,12/10/2018,Mon,,,"$99,083"
1,2019,2019 EVENT #4,Regular,30,,,12/10/2018,Mon,,,"$1,927"
1,2019,2019 EVENT #5,Regular,30,,,12/10/2018,Mon,,,"$1,082"
1,2019,2019 EVENT #6,Regular,30,,,12/10/2018,Mon,,,"$58,294"
1,2020,2020 EVENT #1,Regular,30,,,12/2/2019,Mon,,,$891
1,2020,2020 EVENT #2,Regular,30,,,12/2/2019,Mon,,,"$4,156"
1,2020,2020 EVENT #3,Regular,30,,,12/2/2019,Mon,,,"$85,689"
1,2020,2020 EVENT #4,Regular,30,,,12/2/2019,Mon,,,$297
1,2020,2020 EVENT #5,Regular,30,,,12/2/2019,Mon,,,"$2,432"
1,2020,2020 EVENT #6,Regular,30,,,12/2/2019,Mon,,,"$21,403"
2,2019,2019 EVENT #1,Regular,30,,,12/11/2018,Tue,,,$315
2,2019,2019 EVENT #2,Regular,30,,,12/11/2018,Tue,,,"$3,351"
2,2019,2019 EVENT #3,Regular,30,,,12/11/2018,Tue,,,"$32,348"
2,2019,2019 EVENT #4,Regular,30,,,12/11/2018,Tue,,,$0
2,2019,2019 EVENT #5,Regular,30,,,12/11/2018,Tue,,,"$1,167"
2,2019,2019 EVENT #6,Regular,30,,,12/11/2018,Tue,,,"$29,872"
2,2020,2020 EVENT #1,Regular,30,,,12/3/2019,Tue,,,"$1,536"
2,2020,2020 EVENT #2,Regular,30,,,12/3/2019,Tue,,,"$3,731"
2,2020,2020 EVENT #3,Regular,30,,,12/3/2019,Tue,,,"$24,521"
2,2020,2020 EVENT #4,Regular,30,,,12/3/2019,Tue,,,"$2,248"
2,2020,2020 EVENT #5,Regular,30,,,12/3/2019,Tue,,,"$1,613"
2,2020,2020 EVENT #6,Regular,30,,,12/3/2019,Tue,,,"$19,734"
3,2019,2019 EVENT #1,Regular,30,,,12/12/2018,Wed,,,"$1,238"
3,2019,2019 EVENT #2,Regular,30,,,12/12/2018,Wed,,,"$2,892"
3,2019,2019 EVENT #3,Regular,30,,,12/12/2018,Wed,,,"$18,073"
3,2019,2019 EVENT #4,Regular,30,,,12/12/2018,Wed,,,$832
3,2019,2019 EVENT #5,Regular,30,,,12/12/2018,Wed,,,"$1,340"
3,2019,2019 EVENT #6,Regular,30,,,12/12/2018,Wed,,,"$7,773"
3,2020,2020 EVENT #1,Regular,30,,,12/4/2019,Wed,,,"$1,363"
3,2020,2020 EVENT #2,Regular,30,,,12/4/2019,Wed,,,"$3,194"
3,2020,2020 EVENT #3,Regular,30,,,12/4/2019,Wed,,,"$204,361"
3,2020,2020 EVENT #4,Regular,30,,,12/4/2019,Wed,,,"$1,756"
3,2020,2020 EVENT #5,Regular,30,,,12/4/2019,Wed,,,"$1,221"
3,2020,2020 EVENT #6,Regular,30,,,12/4/2019,Wed,,,"$9,609"
4,2019,2019 EVENT #1,Regular,30,,,12/13/2018,Thu,,,$918
4,2019,2019 EVENT #2,Regular,30,,,12/13/2018,Thu,,,$439
4,2019,2019 EVENT #3,Regular,30,,,12/13/2018,Thu,,,"$46,280"
4,2019,2019 EVENT #4,Regular,30,,,12/13/2018,Thu,,,$0
4,2019,2019 EVENT #5,Regular,30,,,12/13/2018,Thu,,,"$1,636"
4,2019,2019 EVENT #6,Regular,30,,,12/13/2018,Thu,,,$0
4,2020,2020 EVENT #1,Regular,30,,,12/5/2019,Thu,,,"$1,394"
4,2020,2020 EVENT #2,Regular,30,,,12/5/2019,Thu,,,"$1,799"
4,2020,2020 EVENT #3,Regular,30,,,12/5/2019,Thu,,,"$20,688"
4,2020,2020 EVENT #4,Regular,30,,,12/5/2019,Thu,,,$799
4,2020,2020 EVENT #5,Regular,30,,,12/5/2019,Thu,,,"$1,697"
4,2020,2020 EVENT #6,Regular,30,,,12/5/2019,Thu,,,"$11,840"
5,2019,2019 EVENT #1,Regular,30,,,12/14/2018,Fri,,,$658
5,2019,2019 EVENT #2,Regular,30,,,12/14/2018,Fri,,,"$3,418"
5,2019,2019 EVENT #3,Regular,30,,,12/14/2018,Fri,,,"$55,473"
5,2019,2019 EVENT #4,Regular,30,,,12/14/2018,Fri,,,$701
5,2019,2019 EVENT #5,Regular,30,,,12/14/2018,Fri,,,$598
5,2019,2019 EVENT #6,Regular,30,,,12/14/2018,Fri,,,"$8,076"
5,2020,2020 EVENT #1,Regular,30,,,12/6/2019,Fri,,,$988
5,2020,2020 EVENT #2,Regular,30,,,12/6/2019,Fri,,,"$1,349"
5,2020,2020 EVENT #3,Regular,30,,,12/6/2019,Fri,,,"$12,699"
5,2020,2020 EVENT #4,Regular,30,,,12/6/2019,Fri,,,"$22,828"
5,2020,2020 EVENT #5,Regular,30,,,12/6/2019,Fri,,,"$37,375"
5,2020,2020 EVENT #6,Regular,30,,,12/6/2019,Fri,,,"$279,947"
6,2019,2019 EVENT #1,Regular,30,,,12/15/2018,Sat,,,$233
6,2019,2019 EVENT #2,Regular,30,,,12/15/2018,Sat,,,"$8,164"
6,2019,2019 EVENT #3,Regular,30,,,12/15/2018,Sat,,,"$11,958"
6,2019,2019 EVENT #4,Regular,30,,,12/15/2018,Sat,,,$629
6,2019,2019 EVENT #5,Regular,30,,,12/15/2018,Sat,,,$0
6,2019,2019 EVENT #6,Regular,30,,,12/15/2018,Sat,,,"$8,834"
6,2020,2020 EVENT #1,Regular,30,,,12/7/2019,Sat,,,$0
6,2020,2020 EVENT #2,Regular,30,,,12/7/2019,Sat,,,$0
6,2020,2020 EVENT #3,Regular,30,,,12/7/2019,Sat,,,"$4,238"
6,2020,2020 EVENT #4,Regular,30,,,12/7/2019,Sat,,,$0
6,2020,2020 EVENT #5,Regular,30,,,12/7/2019,Sat,,,$0
6,2020,2020 EVENT #6,Regular,30,,,12/7/2019,Sat,,,$0
7,2019,2019 EVENT #1,Regular,30,,,12/16/2018,Sun,,,$0
7,2019,2019 EVENT #2,Regular,30,,,12/16/2018,Sun,,,"$1,892"
7,2019,2019 EVENT #3,Regular,30,,,12/16/2018,Sun,,,"$9,508"
7,2019,2019 EVENT #4,Regular,30,,,12/16/2018,Sun,,,$0
7,2019,2019 EVENT #5,Regular,30,,,12/16/2018,Sun,,,$533
7,2019,2019 EVENT #6,Regular,30,,,12/16/2018,Sun,,,$0
7,2020,2020 EVENT #1,Regular,30,,,12/8/2019,Sun,,,$0
7,2020,2020 EVENT #2,Regular,30,,,12/8/2019,Sun,,,$0
7,2020,2020 EVENT #3,Regular,30,,,12/8/2019,Sun,,,"$1,579"
7,2020,2020 EVENT #4,Regular,30,,,12/8/2019,Sun,,,$0
7,2020,2020 EVENT #5,Regular,30,,,12/8/2019,Sun,,,$0
7,2020,2020 EVENT #6,Regular,30,,,12/8/2019,Sun,,,$0
1,2019,2019 EVENT #1,Regular,31,,,12/17/2018,Mon,,,$877
1,2019,2019 EVENT #2,Regular,31,,,12/17/2018,Mon,,,"$4,484"
1,2019,2019 EVENT #3,Regular,31,,,12/17/2018,Mon,,,"$151,268"
1,2019,2019 EVENT #4,Regular,31,,,12/17/2018,Mon,,,$739
1,2019,2019 EVENT #5,Regular,31,,,12/17/2018,Mon,,,$661
1,2019,2019 EVENT #6,Regular,31,,,12/17/2018,Mon,,,"$40,268"
1,2020,2020 EVENT #1,Regular,31,,,12/9/2019,Mon,,,$715
1,2020,2020 EVENT #2,Regular,31,,,12/9/2019,Mon,,,"$1,110"
1,2020,2020 EVENT #3,Regular,31,,,12/9/2019,Mon,,,"$107,832"
1,2020,2020 EVENT #4,Regular,31,,,12/9/2019,Mon,,,$922
1,2020,2020 EVENT #5,Regular,31,,,12/9/2019,Mon,,,"$2,611"
1,2020,2020 EVENT #6,Regular,31,,,12/9/2019,Mon,,,"$40,104"
2,2019,2019 EVENT #1,Regular,31,,,12/18/2018,Tue,,,"$47,232"
2,2019,2019 EVENT #2,Regular,31,,,12/18/2018,Tue,,,"$82,514"
2,2019,2019 EVENT #3,Regular,31,,,12/18/2018,Tue,,,"$276,640"
2,2019,2019 EVENT #4,Regular,31,,,12/18/2018,Tue,,,$0
2,2019,2019 EVENT #5,Regular,31,,,12/18/2018,Tue,,,$401
2,2019,2019 EVENT #6,Regular,31,,,12/18/2018,Tue,,,"$43,392"
2,2020,2020 EVENT #1,Regular,31,,,12/10/2019,Tue,,,$422
2,2020,2020 EVENT #2,Regular,31,,,12/10/2019,Tue,,,"$14,134"
2,2020,2020 EVENT #3,Regular,31,,,12/10/2019,Tue,,,"$186,102"
2,2020,2020 EVENT #4,Regular,31,,,12/10/2019,Tue,,,$0
2,2020,2020 EVENT #5,Regular,31,,,12/10/2019,Tue,,,$0
2,2020,2020 EVENT #6,Regular,31,,,12/10/2019,Tue,,,"$3,736"
3,2019,2019 EVENT #1,Regular,31,,,12/19/2018,Wed,,,"$1,069"
3,2019,2019 EVENT #2,Regular,31,,,12/19/2018,Wed,,,"$17,320"
3,2019,2019 EVENT #3,Regular,31,,,12/19/2018,Wed,,,"$203,892"
3,2019,2019 EVENT #4,Regular,31,,,12/19/2018,Wed,,,"$1,347"
3,2019,2019 EVENT #5,Regular,31,,,12/19/2018,Wed,,,"$1,189"
3,2019,2019 EVENT #6,Regular,31,,,12/19/2018,Wed,,,"$20,718"
3,2020,2020 EVENT #1,Regular,31,,,12/11/2019,Wed,,,$302
3,2020,2020 EVENT #2,Regular,31,,,12/11/2019,Wed,,,"$4,081"
3,2020,2020 EVENT #3,Regular,31,,,12/11/2019,Wed,,,"$16,166"
3,2020,2020 EVENT #4,Regular,31,,,12/11/2019,Wed,,,"$1,589"
3,2020,2020 EVENT #5,Regular,31,,,12/11/2019,Wed,,,"$5,682"
3,2020,2020 EVENT #6,Regular,31,,,12/11/2019,Wed,,,"$15,651"
4,2019,2019 EVENT #1,Regular,31,,,12/20/2018,Thu,,,"$1,219"
4,2019,2019 EVENT #2,Regular,31,,,12/20/2018,Thu,,,"$2,493"
4,2019,2019 EVENT #3,Regular,31,,,12/20/2018,Thu,,,"$84,640"
4,2019,2019 EVENT #4,Regular,31,,,12/20/2018,Thu,,,$700
4,2019,2019 EVENT #5,Regular,31,,,12/20/2018,Thu,,,"$2,423"
4,2019,2019 EVENT #6,Regular,31,,,12/20/2018,Thu,,,"$9,509"
4,2020,2020 EVENT #1,Regular,31,,,12/12/2019,Thu,,,$720
4,2020,2020 EVENT #2,Regular,31,,,12/12/2019,Thu,,,"$2,081"
4,2020,2020 EVENT #3,Regular,31,,,12/12/2019,Thu,,,"$20,743"
4,2020,2020 EVENT #4,Regular,31,,,12/12/2019,Thu,,,$0
4,2020,2020 EVENT #5,Regular,31,,,12/12/2019,Thu,,,$0
4,2020,2020 EVENT #6,Regular,31,,,12/12/2019,Thu,,,"$2,766"
5,2019,2019 EVENT #1,Regular,31,,,12/21/2018,Fri,,,$220
5,2019,2019 EVENT #2,Regular,31,,,12/21/2018,Fri,,,"$4,922"
5,2019,2019 EVENT #3,Regular,31,,,12/21/2018,Fri,,,"$31,378"
5,2019,2019 EVENT #4,Regular,31,,,12/21/2018,Fri,,,$438
5,2019,2019 EVENT #5,Regular,31,,,12/21/2018,Fri,,,"$1,465"
5,2019,2019 EVENT #6,Regular,31,,,12/21/2018,Fri,,,"$20,459"
5,2020,2020 EVENT #1,Regular,31,,,12/13/2019,Fri,,,"$1,421"
5,2020,2020 EVENT #2,Regular,31,,,12/13/2019,Fri,,,"$4,296"
5,2020,2020 EVENT #3,Regular,31,,,12/13/2019,Fri,,,"$21,957"
5,2020,2020 EVENT #4,Regular,31,,,12/13/2019,Fri,,,"$2,568"
5,2020,2020 EVENT #5,Regular,31,,,12/13/2019,Fri,,,"$2,625"
5,2020,2020 EVENT #6,Regular,31,,,12/13/2019,Fri,,,"$15,377"
6,2019,2019 EVENT #1,Regular,31,,,12/22/2018,Sat,,,$0
6,2019,2019 EVENT #2,Regular,31,,,12/22/2018,Sat,,,$220
6,2019,2019 EVENT #3,Regular,31,,,12/22/2018,Sat,,,"$11,809"
6,2019,2019 EVENT #4,Regular,31,,,12/22/2018,Sat,,,$675
6,2019,2019 EVENT #5,Regular,31,,,12/22/2018,Sat,,,"$1,094"
6,2019,2019 EVENT #6,Regular,31,,,12/22/2018,Sat,,,$0
6,2020,2020 EVENT #1,Regular,31,,,12/14/2019,Sat,,,$698
6,2020,2020 EVENT #2,Regular,31,,,12/14/2019,Sat,,,$221
6,2020,2020 EVENT #3,Regular,31,,,12/14/2019,Sat,,,"$20,911"
6,2020,2020 EVENT #4,Regular,31,,,12/14/2019,Sat,,,"$1,251"
6,2020,2020 EVENT #5,Regular,31,,,12/14/2019,Sat,,,"$1,104"
6,2020,2020 EVENT #6,Regular,31,,,12/14/2019,Sat,,,"$4,337"
7,2019,2019 EVENT #1,Regular,31,,,12/23/2018,Sun,,,$268
7,2019,2019 EVENT #2,Regular,31,,,12/23/2018,Sun,,,"$1,059"
7,2019,2019 EVENT #3,Regular,31,,,12/23/2018,Sun,,,"$17,237"
7,2019,2019 EVENT #4,Regular,31,,,12/23/2018,Sun,,,$0
7,2019,2019 EVENT #5,Regular,31,,,12/23/2018,Sun,,,$0
7,2019,2019 EVENT #6,Regular,31,,,12/23/2018,Sun,,,$0
7,2020,2020 EVENT #1,Regular,31,,,12/15/2019,Sun,,,$0
7,2020,2020 EVENT #2,Regular,31,,,12/15/2019,Sun,,,$0
7,2020,2020 EVENT #3,Regular,31,,,12/15/2019,Sun,,,"$8,084"
7,2020,2020 EVENT #4,Regular,31,,,12/15/2019,Sun,,,$0
7,2020,2020 EVENT #5,Regular,31,,,12/15/2019,Sun,,,$0
7,2020,2020 EVENT #6,Regular,31,,,12/15/2019,Sun,,,$0
1,2019,2019 EVENT #1,Regular,32,,,12/24/2018,Mon,,,$681
1,2019,2019 EVENT #2,Regular,32,,,12/24/2018,Mon,,,$580
1,2019,2019 EVENT #3,Regular,32,,,12/24/2018,Mon,,,"$16,725"
1,2019,2019 EVENT #4,Regular,32,,,12/24/2018,Mon,,,$0
1,2019,2019 EVENT #5,Regular,32,,,12/24/2018,Mon,,,$0
1,2019,2019 EVENT #6,Regular,32,,,12/24/2018,Mon,,,$0
1,2020,2020 EVENT #1,Regular,32,,,12/16/2019,Mon,,,$812
1,2020,2020 EVENT #2,Regular,32,,,12/16/2019,Mon,,,"$6,272"
1,2020,2020 EVENT #3,Regular,32,,,12/16/2019,Mon,,,"$35,711"
1,2020,2020 EVENT #4,Regular,32,,,12/16/2019,Mon,,,"$2,512"
1,2020,2020 EVENT #5,Regular,32,,,12/16/2019,Mon,,,"$1,498"
1,2020,2020 EVENT #6,Regular,32,,,12/16/2019,Mon,,,"$19,441"
2,2019,2019 EVENT #1,Regular,32,,,12/25/2018,Tue,,,$286
2,2019,2019 EVENT #2,Regular,32,,,12/25/2018,Tue,,,"$3,327"
2,2019,2019 EVENT #3,Regular,32,,,12/25/2018,Tue,,,"$11,396"
2,2019,2019 EVENT #4,Regular,32,,,12/25/2018,Tue,,,$0
2,2019,2019 EVENT #5,Regular,32,,,12/25/2018,Tue,,,$0
2,2019,2019 EVENT #6,Regular,32,,,12/25/2018,Tue,,,$0
2,2020,2020 EVENT #1,Regular,32,,,12/17/2019,Tue,,,"$2,364"
2,2020,2020 EVENT #2,Regular,32,,,12/17/2019,Tue,,,"$2,696"
2,2020,2020 EVENT #3,Regular,32,,,12/17/2019,Tue,,,"$36,098"
2,2020,2020 EVENT #4,Regular,32,,,12/17/2019,Tue,,,"$3,397"
2,2020,2020 EVENT #5,Regular,32,,,12/17/2019,Tue,,,"$2,022"
2,2020,2020 EVENT #6,Regular,32,,,12/17/2019,Tue,,,"$11,125"
3,2019,2019 EVENT #1,Regular,32,,,12/26/2018,Wed,,,"$2,226"
3,2019,2019 EVENT #2,Regular,32,,,12/26/2018,Wed,,,"$3,719"
3,2019,2019 EVENT #3,Regular,32,,,12/26/2018,Wed,,,"$48,522"
3,2019,2019 EVENT #4,Regular,32,,,12/26/2018,Wed,,,$734
3,2019,2019 EVENT #5,Regular,32,,,12/26/2018,Wed,,,$882
3,2019,2019 EVENT #6,Regular,32,,,12/26/2018,Wed,,,"$12,176"
3,2020,2020 EVENT #1,Regular,32,,,12/18/2019,Wed,,,"$1,027"
3,2020,2020 EVENT #2,Regular,32,,,12/18/2019,Wed,,,"$1,603"
3,2020,2020 EVENT #3,Regular,32,,,12/18/2019,Wed,,,"$17,414"
3,2020,2020 EVENT #4,Regular,32,,,12/18/2019,Wed,,,"$1,354"
3,2020,2020 EVENT #5,Regular,32,,,12/18/2019,Wed,,,"$1,821"
3,2020,2020 EVENT #6,Regular,32,,,12/18/2019,Wed,,,"$4,542"
4,2019,2019 EVENT #1,Regular,32,,,12/27/2018,Thu,,,$500
4,2019,2019 EVENT #2,Regular,32,,,12/27/2018,Thu,,,"$2,786"
4,2019,2019 EVENT #3,Regular,32,,,12/27/2018,Thu,,,"$25,446"
4,2019,2019 EVENT #4,Regular,32,,,12/27/2018,Thu,,,"$1,149"
4,2019,2019 EVENT #5,Regular,32,,,12/27/2018,Thu,,,$815
4,2019,2019 EVENT #6,Regular,32,,,12/27/2018,Thu,,,"$3,852"
4,2020,2020 EVENT #1,Regular,32,,,12/19/2019,Thu,,,"$1,422"
4,2020,2020 EVENT #2,Regular,32,,,12/19/2019,Thu,,,"$1,851"
4,2020,2020 EVENT #3,Regular,32,,,12/19/2019,Thu,,,"$21,284"
4,2020,2020 EVENT #4,Regular,32,,,12/19/2019,Thu,,,$945
4,2020,2020 EVENT #5,Regular,32,,,12/19/2019,Thu,,,"$1,926"
4,2020,2020 EVENT #6,Regular,32,,,12/19/2019,Thu,,,"$3,507"
5,2019,2019 EVENT #1,Regular,32,,,12/28/2018,Fri,,,$0
5,2019,2019 EVENT #2,Regular,32,,,12/28/2018,Fri,,,"$3,358"
5,2019,2019 EVENT #3,Regular,32,,,12/28/2018,Fri,,,"$25,547"
5,2019,2019 EVENT #4,Regular,32,,,12/28/2018,Fri,,,"$1,096"
5,2019,2019 EVENT #5,Regular,32,,,12/28/2018,Fri,,,$891
5,2019,2019 EVENT #6,Regular,32,,,12/28/2018,Fri,,,"$4,591"
5,2020,2020 EVENT #1,Regular,32,,,12/20/2019,Fri,,,"$1,005"
5,2020,2020 EVENT #2,Regular,32,,,12/20/2019,Fri,,,"$3,329"
5,2020,2020 EVENT #3,Regular,32,,,12/20/2019,Fri,,,"$12,992"
5,2020,2020 EVENT #4,Regular,32,,,12/20/2019,Fri,,,$568
5,2020,2020 EVENT #5,Regular,32,,,12/20/2019,Fri,,,"$1,550"
5,2020,2020 EVENT #6,Regular,32,,,12/20/2019,Fri,,,"$8,583"
6,2019,2019 EVENT #1,Regular,32,,,12/29/2018,Sat,,,$0
6,2019,2019 EVENT #2,Regular,32,,,12/29/2018,Sat,,,"$2,464"
6,2019,2019 EVENT #3,Regular,32,,,12/29/2018,Sat,,,"$26,358"
6,2019,2019 EVENT #4,Regular,32,,,12/29/2018,Sat,,,$0
6,2019,2019 EVENT #5,Regular,32,,,12/29/2018,Sat,,,$0
6,2019,2019 EVENT #6,Regular,32,,,12/29/2018,Sat,,,$0
6,2020,2020 EVENT #1,Regular,32,,,12/21/2019,Sat,,,$468
6,2020,2020 EVENT #2,Regular,32,,,12/21/2019,Sat,,,$0
6,2020,2020 EVENT #3,Regular,32,,,12/21/2019,Sat,,,"$8,147"
6,2020,2020 EVENT #4,Regular,32,,,12/21/2019,Sat,,,$0
6,2020,2020 EVENT #5,Regular,32,,,12/21/2019,Sat,,,$0
6,2020,2020 EVENT #6,Regular,32,,,12/21/2019,Sat,,,$0
7,2019,2019 EVENT #1,Regular,32,,,12/30/2018,Sun,,,$0
7,2019,2019 EVENT #2,Regular,32,,,12/30/2018,Sun,,,$94
7,2019,2019 EVENT #3,Regular,32,,,12/30/2018,Sun,,,"$33,068"
7,2019,2019 EVENT #4,Regular,32,,,12/30/2018,Sun,,,$0
7,2019,2019 EVENT #5,Regular,32,,,12/30/2018,Sun,,,$0
7,2019,2019 EVENT #6,Regular,32,,,12/30/2018,Sun,,,"$3,300"
7,2020,2020 EVENT #1,Regular,32,,,12/22/2019,Sun,,,$0
7,2020,2020 EVENT #2,Regular,32,,,12/22/2019,Sun,,,$128
7,2020,2020 EVENT #3,Regular,32,,,12/22/2019,Sun,,,"$12,080"
7,2020,2020 EVENT #4,Regular,32,,,12/22/2019,Sun,,,$158
7,2020,2020 EVENT #5,Regular,32,,,12/22/2019,Sun,,,$206
7,2020,2020 EVENT #6,Regular,32,,,12/22/2019,Sun,,,$722
1,2019,2019 EVENT #1,Regular,33,,,12/31/2018,Mon,,,$0
1,2019,2019 EVENT #2,Regular,33,,,12/31/2018,Mon,,,"$1,986"
1,2019,2019 EVENT #3,Regular,33,,,12/31/2018,Mon,,,"$16,256"
1,2019,2019 EVENT #4,Regular,33,,,12/31/2018,Mon,,,$0
1,2019,2019 EVENT #5,Regular,33,,,12/31/2018,Mon,,,$0
1,2019,2019 EVENT #6,Regular,33,,,12/31/2018,Mon,,,$0
1,2020,2020 EVENT #1,Regular,33,,,12/23/2019,Mon,,,$619
1,2020,2020 EVENT #2,Regular,33,,,12/23/2019,Mon,,,"$2,483"
1,2020,2020 EVENT #3,Regular,33,,,12/23/2019,Mon,,,"$21,397"
1,2020,2020 EVENT #4,Regular,33,,,12/23/2019,Mon,,,$739
1,2020,2020 EVENT #5,Regular,33,,,12/23/2019,Mon,,,$103
1,2020,2020 EVENT #6,Regular,33,,,12/23/2019,Mon,,,"$7,049"
2,2019,2019 EVENT #1,Regular,33,,,1/1/2019,Tue,,,$0
2,2019,2019 EVENT #2,Regular,33,,,1/1/2019,Tue,,,$382
2,2019,2019 EVENT #3,Regular,33,,,1/1/2019,Tue,,,"$13,454"
2,2019,2019 EVENT #4,Regular,33,,,1/1/2019,Tue,,,$144
2,2019,2019 EVENT #5,Regular,33,,,1/1/2019,Tue,,,$0
2,2019,2019 EVENT #6,Regular,33,,,1/1/2019,Tue,,,"$8,989"
2,2020,2020 EVENT #1,Regular,33,,,12/24/2019,Tue,,,$853
2,2020,2020 EVENT #2,Regular,33,,,12/24/2019,Tue,,,"$5,035"
2,2020,2020 EVENT #3,Regular,33,,,12/24/2019,Tue,,,"$32,233"
2,2020,2020 EVENT #4,Regular,33,,,12/24/2019,Tue,,,"$1,091"
2,2020,2020 EVENT #5,Regular,33,,,12/24/2019,Tue,,,$611
2,2020,2020 EVENT #6,Regular,33,,,12/24/2019,Tue,,,"$3,393"
3,2019,2019 EVENT #1,Regular,33,,,1/2/2019,Wed,,,$799
3,2019,2019 EVENT #2,Regular,33,,,1/2/2019,Wed,,,"$2,881"
3,2019,2019 EVENT #3,Regular,33,,,1/2/2019,Wed,,,"$76,462"
3,2019,2019 EVENT #4,Regular,33,,,1/2/2019,Wed,,,$561
3,2019,2019 EVENT #5,Regular,33,,,1/2/2019,Wed,,,$822
3,2019,2019 EVENT #6,Regular,33,,,1/2/2019,Wed,,,"$10,617"
3,2020,2020 EVENT #1,Regular,33,,,12/25/2019,Wed,,,$149
3,2020,2020 EVENT #2,Regular,33,,,12/25/2019,Wed,,,"$1,955"
3,2020,2020 EVENT #3,Regular,33,,,12/25/2019,Wed,,,"$15,263"
3,2020,2020 EVENT #4,Regular,33,,,12/25/2019,Wed,,,$234
3,2020,2020 EVENT #5,Regular,33,,,12/25/2019,Wed,,,$311
3,2020,2020 EVENT #6,Regular,33,,,12/25/2019,Wed,,,"$1,299"
4,2019,2019 EVENT #1,Regular,33,,,1/3/2019,Thu,,,$666
4,2019,2019 EVENT #2,Regular,33,,,1/3/2019,Thu,,,"$66,949"
4,2019,2019 EVENT #3,Regular,33,,,1/3/2019,Thu,,,"$220,579"
4,2019,2019 EVENT #4,Regular,33,,,1/3/2019,Thu,,,"$1,141"
4,2019,2019 EVENT #5,Regular,33,,,1/3/2019,Thu,,,"$1,584"
4,2019,2019 EVENT #6,Regular,33,,,1/3/2019,Thu,,,"$33,470"
4,2020,2020 EVENT #1,Regular,33,,,12/26/2019,Thu,,,$924
4,2020,2020 EVENT #2,Regular,33,,,12/26/2019,Thu,,,"$4,673"
4,2020,2020 EVENT #3,Regular,33,,,12/26/2019,Thu,,,"$17,115"
4,2020,2020 EVENT #4,Regular,33,,,12/26/2019,Thu,,,"$1,611"
4,2020,2020 EVENT #5,Regular,33,,,12/26/2019,Thu,,,$536
4,2020,2020 EVENT #6,Regular,33,,,12/26/2019,Thu,,,"$5,625"
5,2019,2019 EVENT #1,Regular,33,,,1/4/2019,Fri,,,"$1,009"
5,2019,2019 EVENT #2,Regular,33,,,1/4/2019,Fri,,,"$13,096"
5,2019,2019 EVENT #3,Regular,33,,,1/4/2019,Fri,,,"$39,303"
5,2019,2019 EVENT #4,Regular,33,,,1/4/2019,Fri,,,"$2,623"
5,2019,2019 EVENT #5,Regular,33,,,1/4/2019,Fri,,,"$2,028"
5,2019,2019 EVENT #6,Regular,33,,,1/4/2019,Fri,,,"$45,818"
5,2020,2020 EVENT #1,Regular,33,,,12/27/2019,Fri,,,"$2,453"
5,2020,2020 EVENT #2,Regular,33,,,12/27/2019,Fri,,,"$3,689"
5,2020,2020 EVENT #3,Regular,33,,,12/27/2019,Fri,,,"$22,472"
5,2020,2020 EVENT #4,Regular,33,,,12/27/2019,Fri,,,"$1,029"
5,2020,2020 EVENT #5,Regular,33,,,12/27/2019,Fri,,,"$5,094"
5,2020,2020 EVENT #6,Regular,33,,,12/27/2019,Fri,,,"$20,757"
6,2019,2019 EVENT #1,Regular,33,,,1/5/2019,Sat,,,$0
6,2019,2019 EVENT #2,Regular,33,,,1/5/2019,Sat,,,$569
6,2019,2019 EVENT #3,Regular,33,,,1/5/2019,Sat,,,"$25,773"
6,2019,2019 EVENT #4,Regular,33,,,1/5/2019,Sat,,,"$1,996"
6,2019,2019 EVENT #5,Regular,33,,,1/5/2019,Sat,,,"$1,261"
6,2019,2019 EVENT #6,Regular,33,,,1/5/2019,Sat,,,"$4,640"
6,2020,2020 EVENT #1,Regular,33,,,12/28/2019,Sat,,,$0
6,2020,2020 EVENT #2,Regular,33,,,12/28/2019,Sat,,,"$1,551"
6,2020,2020 EVENT #3,Regular,33,,,12/28/2019,Sat,,,"$8,415"
6,2020,2020 EVENT #4,Regular,33,,,12/28/2019,Sat,,,$0
6,2020,2020 EVENT #5,Regular,33,,,12/28/2019,Sat,,,$0
6,2020,2020 EVENT #6,Regular,33,,,12/28/2019,Sat,,,$0
7,2019,2019 EVENT #1,Regular,33,,,1/6/2019,Sun,,,$778
7,2019,2019 EVENT #2,Regular,33,,,1/6/2019,Sun,,,"$1,568"
7,2019,2019 EVENT #3,Regular,33,,,1/6/2019,Sun,,,"$36,705"
7,2019,2019 EVENT #4,Regular,33,,,1/6/2019,Sun,,,$0
7,2019,2019 EVENT #5,Regular,33,,,1/6/2019,Sun,,,$0
7,2019,2019 EVENT #6,Regular,33,,,1/6/2019,Sun,,,"$1,253"
7,2020,2020 EVENT #1,Regular,33,,,12/29/2019,Sun,,,$0
7,2020,2020 EVENT #2,Regular,33,,,12/29/2019,Sun,,,$514
7,2020,2020 EVENT #3,Regular,33,,,12/29/2019,Sun,,,"$11,186"
7,2020,2020 EVENT #4,Regular,33,,,12/29/2019,Sun,,,$0
7,2020,2020 EVENT #5,Regular,33,,,12/29/2019,Sun,,,$0
7,2020,2020 EVENT #6,Regular,33,,,12/29/2019,Sun,,,$0
1,2019,2019 EVENT #1,Regular,34,,,1/7/2019,Mon,,,$326
1,2019,2019 EVENT #2,Regular,34,,,1/7/2019,Mon,,,"$8,766"
1,2019,2019 EVENT #3,Regular,34,,,1/7/2019,Mon,,,"$60,182"
1,2019,2019 EVENT #4,Regular,34,,,1/7/2019,Mon,,,"$2,660"
1,2019,2019 EVENT #5,Regular,34,,,1/7/2019,Mon,,,$998
1,2019,2019 EVENT #6,Regular,34,,,1/7/2019,Mon,,,"$26,707"
1,2020,2020 EVENT #1,Regular,34,,,12/30/2019,Mon,,,$874
1,2020,2020 EVENT #2,Regular,34,,,12/30/2019,Mon,,,$104
1,2020,2020 EVENT #3,Regular,34,,,12/30/2019,Mon,,,"$37,215"
1,2020,2020 EVENT #4,Regular,34,,,12/30/2019,Mon,,,$507
1,2020,2020 EVENT #5,Regular,34,,,12/30/2019,Mon,,,$0
1,2020,2020 EVENT #6,Regular,34,,,12/30/2019,Mon,,,"$5,910"
2,2019,2019 EVENT #1,Regular,34,,,1/8/2019,Tue,,,$245
2,2019,2019 EVENT #2,Regular,34,,,1/8/2019,Tue,,,"$112,032"
2,2019,2019 EVENT #3,Regular,34,,,1/8/2019,Tue,,,"$704,623"
2,2019,2019 EVENT #4,Regular,34,,,1/8/2019,Tue,,,$355
2,2019,2019 EVENT #5,Regular,34,,,1/8/2019,Tue,,,"$10,545"
2,2019,2019 EVENT #6,Regular,34,,,1/8/2019,Tue,,,"$110,816"
2,2020,2020 EVENT #1,Regular,34,,,12/31/2019,Tue,,,$0
2,2020,2020 EVENT #2,Regular,34,,,12/31/2019,Tue,,,$517
2,2020,2020 EVENT #3,Regular,34,,,12/31/2019,Tue,,,"$4,204"
2,2020,2020 EVENT #4,Regular,34,,,12/31/2019,Tue,,,$0
2,2020,2020 EVENT #5,Regular,34,,,12/31/2019,Tue,,,$0
2,2020,2020 EVENT #6,Regular,34,,,12/31/2019,Tue,,,$0
3,2019,2019 EVENT #1,Regular,34,,,1/9/2019,Wed,,,$580
3,2019,2019 EVENT #2,Regular,34,,,1/9/2019,Wed,,,"$5,721"
3,2019,2019 EVENT #3,Regular,34,,,1/9/2019,Wed,,,"$252,814"
3,2019,2019 EVENT #4,Regular,34,,,1/9/2019,Wed,,,"$2,038"
3,2019,2019 EVENT #5,Regular,34,,,1/9/2019,Wed,,,"$2,541"
3,2019,2019 EVENT #6,Regular,34,,,1/9/2019,Wed,,,"$61,378"
3,2020,2020 EVENT #1,Regular,34,,,1/1/2020,Wed,,,$0
3,2020,2020 EVENT #2,Regular,34,,,1/1/2020,Wed,,,$655
3,2020,2020 EVENT #3,Regular,34,,,1/1/2020,Wed,,,"$4,493"
3,2020,2020 EVENT #4,Regular,34,,,1/1/2020,Wed,,,$0
3,2020,2020 EVENT #5,Regular,34,,,1/1/2020,Wed,,,$0
3,2020,2020 EVENT #6,Regular,34,,,1/1/2020,Wed,,,$0
4,2019,2019 EVENT #1,Regular,34,,,1/10/2019,Thu,,,$0
4,2019,2019 EVENT #2,Regular,34,,,1/10/2019,Thu,,,"$8,028"
4,2019,2019 EVENT #3,Regular,34,,,1/10/2019,Thu,,,"$81,380"
4,2019,2019 EVENT #4,Regular,34,,,1/10/2019,Thu,,,"$2,234"
4,2019,2019 EVENT #5,Regular,34,,,1/10/2019,Thu,,,"$2,247"
4,2019,2019 EVENT #6,Regular,34,,,1/10/2019,Thu,,,"$44,305"
4,2020,2020 EVENT #1,Regular,34,,,1/2/2020,Thu,,,"$1,779"
4,2020,2020 EVENT #2,Regular,34,,,1/2/2020,Thu,,,"$2,688"
4,2020,2020 EVENT #3,Regular,34,,,1/2/2020,Thu,,,"$42,441"
4,2020,2020 EVENT #4,Regular,34,,,1/2/2020,Thu,,,$983
4,2020,2020 EVENT #5,Regular,34,,,1/2/2020,Thu,,,$733
4,2020,2020 EVENT #6,Regular,34,,,1/2/2020,Thu,,,"$2,563"
5,2019,2019 EVENT #1,Regular,34,,,1/11/2019,Fri,,,"$1,128"
5,2019,2019 EVENT #2,Regular,34,,,1/11/2019,Fri,,,"$10,035"
5,2019,2019 EVENT #3,Regular,34,,,1/11/2019,Fri,,,"$56,742"
5,2019,2019 EVENT #4,Regular,34,,,1/11/2019,Fri,,,"$1,743"
5,2019,2019 EVENT #5,Regular,34,,,1/11/2019,Fri,,,"$1,913"
5,2019,2019 EVENT #6,Regular,34,,,1/11/2019,Fri,,,"$49,717"
5,2020,2020 EVENT #1,Regular,34,,,1/3/2020,Fri,,,$930
5,2020,2020 EVENT #2,Regular,34,,,1/3/2020,Fri,,,"$19,204"
5,2020,2020 EVENT #3,Regular,34,,,1/3/2020,Fri,,,"$74,884"
5,2020,2020 EVENT #4,Regular,34,,,1/3/2020,Fri,,,"$2,239"
5,2020,2020 EVENT #5,Regular,34,,,1/3/2020,Fri,,,$818
5,2020,2020 EVENT #6,Regular,34,,,1/3/2020,Fri,,,"$7,143"
6,2019,2019 EVENT #1,Regular,34,,,1/12/2019,Sat,,,$355
6,2019,2019 EVENT #2,Regular,34,,,1/12/2019,Sat,,,"$1,860"
6,2019,2019 EVENT #3,Regular,34,,,1/12/2019,Sat,,,"$29,714"
6,2019,2019 EVENT #4,Regular,34,,,1/12/2019,Sat,,,$468
6,2019,2019 EVENT #5,Regular,34,,,1/12/2019,Sat,,,$0
6,2019,2019 EVENT #6,Regular,34,,,1/12/2019,Sat,,,"$3,094"
6,2020,2020 EVENT #1,Regular,34,,,1/4/2020,Sat,,,$0
6,2020,2020 EVENT #2,Regular,34,,,1/4/2020,Sat,,,$0
6,2020,2020 EVENT #3,Regular,34,,,1/4/2020,Sat,,,"$11,212"
6,2020,2020 EVENT #4,Regular,34,,,1/4/2020,Sat,,,$0
6,2020,2020 EVENT #5,Regular,34,,,1/4/2020,Sat,,,$0
6,2020,2020 EVENT #6,Regular,34,,,1/4/2020,Sat,,,$767
7,2019,2019 EVENT #1,Regular,34,,,1/13/2019,Sun,,,$0
7,2019,2019 EVENT #2,Regular,34,,,1/13/2019,Sun,,,"$1,166"
7,2019,2019 EVENT #3,Regular,34,,,1/13/2019,Sun,,,"$39,380"
7,2019,2019 EVENT #4,Regular,34,,,1/13/2019,Sun,,,$0
7,2019,2019 EVENT #5,Regular,34,,,1/13/2019,Sun,,,$0
7,2019,2019 EVENT #6,Regular,34,,,1/13/2019,Sun,,,$0
7,2020,2020 EVENT #1,Regular,34,,,1/5/2020,Sun,,,$367
7,2020,2020 EVENT #2,Regular,34,,,1/5/2020,Sun,,,$0
7,2020,2020 EVENT #3,Regular,34,,,1/5/2020,Sun,,,"$7,182"
7,2020,2020 EVENT #4,Regular,34,,,1/5/2020,Sun,,,$0
7,2020,2020 EVENT #5,Regular,34,,,1/5/2020,Sun,,,$0
7,2020,2020 EVENT #6,Regular,34,,,1/5/2020,Sun,,,"$1,117"
1,2019,2019 EVENT #1,Regular,35,,,1/14/2019,Mon,,,"$2,467"
1,2019,2019 EVENT #2,Regular,35,,,1/14/2019,Mon,,,"$7,740"
1,2019,2019 EVENT #3,Regular,35,,,1/14/2019,Mon,,,"$70,594"
1,2019,2019 EVENT #4,Regular,35,,,1/14/2019,Mon,,,"$7,078"
1,2019,2019 EVENT #5,Regular,35,,,1/14/2019,Mon,,,"$12,545"
1,2019,2019 EVENT #6,Regular,35,,,1/14/2019,Mon,,,"$90,953"
1,2020,2020 EVENT #1,Regular,35,,,1/6/2020,Mon,,,"$3,829"
1,2020,2020 EVENT #2,Regular,35,,,1/6/2020,Mon,,,"$124,781"
1,2020,2020 EVENT #3,Regular,35,,,1/6/2020,Mon,,,"$424,169"
1,2020,2020 EVENT #4,Regular,35,,,1/6/2020,Mon,,,"$2,835"
1,2020,2020 EVENT #5,Regular,35,,,1/6/2020,Mon,,,"$2,713"
1,2020,2020 EVENT #6,Regular,35,,,1/6/2020,Mon,,,"$6,682"
2,2019,2019 EVENT #1,Regular,35,,,1/15/2019,Tue,,,"$1,257"
2,2019,2019 EVENT #2,Regular,35,,,1/15/2019,Tue,,,"$4,853"
2,2019,2019 EVENT #3,Regular,35,,,1/15/2019,Tue,,,"$116,613"
2,2019,2019 EVENT #4,Regular,35,,,1/15/2019,Tue,,,"$5,631"
2,2019,2019 EVENT #5,Regular,35,,,1/15/2019,Tue,,,"$13,678"
2,2019,2019 EVENT #6,Regular,35,,,1/15/2019,Tue,,,"$279,442"
2,2020,2020 EVENT #1,Regular,35,,,1/7/2020,Tue,,,$833
2,2020,2020 EVENT #2,Regular,35,,,1/7/2020,Tue,,,"$5,905"
2,2020,2020 EVENT #3,Regular,35,,,1/7/2020,Tue,,,"$97,636"
2,2020,2020 EVENT #4,Regular,35,,,1/7/2020,Tue,,,"$1,995"
2,2020,2020 EVENT #5,Regular,35,,,1/7/2020,Tue,,,"$6,650"
2,2020,2020 EVENT #6,Regular,35,,,1/7/2020,Tue,,,"$19,021"
3,2019,2019 EVENT #1,Regular,35,,,1/16/2019,Wed,,,"$1,400"
3,2019,2019 EVENT #2,Regular,35,,,1/16/2019,Wed,,,"$7,087"
3,2019,2019 EVENT #3,Regular,35,,,1/16/2019,Wed,,,"$250,940"
3,2019,2019 EVENT #4,Regular,35,,,1/16/2019,Wed,,,"$12,067"
3,2019,2019 EVENT #5,Regular,35,,,1/16/2019,Wed,,,"$18,311"
3,2019,2019 EVENT #6,Regular,35,,,1/16/2019,Wed,,,"$234,298"
3,2020,2020 EVENT #1,Regular,35,,,1/8/2020,Wed,,,"$1,545"
3,2020,2020 EVENT #2,Regular,35,,,1/8/2020,Wed,,,"$5,424"
3,2020,2020 EVENT #3,Regular,35,,,1/8/2020,Wed,,,"$69,934"
3,2020,2020 EVENT #4,Regular,35,,,1/8/2020,Wed,,,"$3,728"
3,2020,2020 EVENT #5,Regular,35,,,1/8/2020,Wed,,,"$2,230"
3,2020,2020 EVENT #6,Regular,35,,,1/8/2020,Wed,,,"$35,493"
4,2019,2019 EVENT #1,Regular,35,,,1/17/2019,Thu,,,$423
4,2019,2019 EVENT #2,Regular,35,,,1/17/2019,Thu,,,"$3,254"
4,2019,2019 EVENT #3,Regular,35,,,1/17/2019,Thu,,,"$220,927"
4,2019,2019 EVENT #4,Regular,35,,,1/17/2019,Thu,,,"$10,303"
4,2019,2019 EVENT #5,Regular,35,,,1/17/2019,Thu,,,"$18,273"
4,2019,2019 EVENT #6,Regular,35,,,1/17/2019,Thu,,,"$168,252"
4,2020,2020 EVENT #1,Regular,35,,,1/9/2020,Thu,,,"$1,036"
4,2020,2020 EVENT #2,Regular,35,,,1/9/2020,Thu,,,"$4,208"
4,2020,2020 EVENT #3,Regular,35,,,1/9/2020,Thu,,,"$87,831"
4,2020,2020 EVENT #4,Regular,35,,,1/9/2020,Thu,,,"$3,779"
4,2020,2020 EVENT #5,Regular,35,,,1/9/2020,Thu,,,"$6,998"
4,2020,2020 EVENT #6,Regular,35,,,1/9/2020,Thu,,,"$34,064"
5,2019,2019 EVENT #1,Regular,35,,,1/18/2019,Fri,,,$737
5,2019,2019 EVENT #2,Regular,35,,,1/18/2019,Fri,,,"$2,788"
5,2019,2019 EVENT #3,Regular,35,,,1/18/2019,Fri,,,"$59,519"
5,2019,2019 EVENT #4,Regular,35,,,1/18/2019,Fri,,,"$14,643"
5,2019,2019 EVENT #5,Regular,35,,,1/18/2019,Fri,,,"$23,999"
5,2019,2019 EVENT #6,Regular,35,,,1/18/2019,Fri,,,"$168,174"
5,2020,2020 EVENT #1,Regular,35,,,1/10/2020,Fri,,,"$1,746"
5,2020,2020 EVENT #2,Regular,35,,,1/10/2020,Fri,,,"$10,568"
5,2020,2020 EVENT #3,Regular,35,,,1/10/2020,Fri,,,"$90,711"
5,2020,2020 EVENT #4,Regular,35,,,1/10/2020,Fri,,,"$3,125"
5,2020,2020 EVENT #5,Regular,35,,,1/10/2020,Fri,,,"$4,617"
5,2020,2020 EVENT #6,Regular,35,,,1/10/2020,Fri,,,"$28,619"
6,2019,2019 EVENT #1,Regular,35,,,1/19/2019,Sat,,,$0
6,2019,2019 EVENT #2,Regular,35,,,1/19/2019,Sat,,,"$3,877"
6,2019,2019 EVENT #3,Regular,35,,,1/19/2019,Sat,,,"$47,387"
6,2019,2019 EVENT #4,Regular,35,,,1/19/2019,Sat,,,$521
6,2019,2019 EVENT #5,Regular,35,,,1/19/2019,Sat,,,"$2,495"
6,2019,2019 EVENT #6,Regular,35,,,1/19/2019,Sat,,,"$19,702"
6,2020,2020 EVENT #1,Regular,35,,,1/11/2020,Sat,,,$0
6,2020,2020 EVENT #2,Regular,35,,,1/11/2020,Sat,,,"$3,805"
6,2020,2020 EVENT #3,Regular,35,,,1/11/2020,Sat,,,"$34,312"
6,2020,2020 EVENT #4,Regular,35,,,1/11/2020,Sat,,,$0
6,2020,2020 EVENT #5,Regular,35,,,1/11/2020,Sat,,,$0
6,2020,2020 EVENT #6,Regular,35,,,1/11/2020,Sat,,,$0
7,2019,2019 EVENT #1,Regular,35,,,1/20/2019,Sun,,,$691
7,2019,2019 EVENT #2,Regular,35,,,1/20/2019,Sun,,,"$2,594"
7,2019,2019 EVENT #3,Regular,35,,,1/20/2019,Sun,,,"$39,442"
7,2019,2019 EVENT #4,Regular,35,,,1/20/2019,Sun,,,$480
7,2019,2019 EVENT #5,Regular,35,,,1/20/2019,Sun,,,"$2,163"
7,2019,2019 EVENT #6,Regular,35,,,1/20/2019,Sun,,,"$19,978"
7,2020,2020 EVENT #1,Regular,35,,,1/12/2020,Sun,,,$499
7,2020,2020 EVENT #2,Regular,35,,,1/12/2020,Sun,,,"$1,790"
7,2020,2020 EVENT #3,Regular,35,,,1/12/2020,Sun,,,"$29,349"
7,2020,2020 EVENT #4,Regular,35,,,1/12/2020,Sun,,,$0
7,2020,2020 EVENT #5,Regular,35,,,1/12/2020,Sun,,,$616
7,2020,2020 EVENT #6,Regular,35,,,1/12/2020,Sun,,,"$6,202"
1,2019,2019 EVENT #1,Regular,36,,,1/21/2019,Mon,,,$331
1,2019,2019 EVENT #2,Regular,36,,,1/21/2019,Mon,,,"$5,106"
1,2019,2019 EVENT #3,Regular,36,,,1/21/2019,Mon,,,"$83,731"
1,2019,2019 EVENT #4,Regular,36,,,1/21/2019,Mon,,,"$3,264"
1,2019,2019 EVENT #5,Regular,36,,,1/21/2019,Mon,,,"$8,300"
1,2019,2019 EVENT #6,Regular,36,,,1/21/2019,Mon,,,"$101,475"
1,2020,2020 EVENT #1,Regular,36,,,1/13/2020,Mon,,,"$1,149"
1,2020,2020 EVENT #2,Regular,36,,,1/13/2020,Mon,,,"$5,373"
1,2020,2020 EVENT #3,Regular,36,,,1/13/2020,Mon,,,"$83,992"
1,2020,2020 EVENT #4,Regular,36,,,1/13/2020,Mon,,,"$1,790"
1,2020,2020 EVENT #5,Regular,36,,,1/13/2020,Mon,,,"$3,968"
1,2020,2020 EVENT #6,Regular,36,,,1/13/2020,Mon,,,"$7,738"
2,2019,2019 EVENT #1,Regular,36,,,1/22/2019,Tue,,,$262
2,2019,2019 EVENT #2,Regular,36,,,1/22/2019,Tue,,,"$3,931"
2,2019,2019 EVENT #3,Regular,36,,,1/22/2019,Tue,,,"$52,426"
2,2019,2019 EVENT #4,Regular,36,,,1/22/2019,Tue,,,"$6,508"
2,2019,2019 EVENT #5,Regular,36,,,1/22/2019,Tue,,,"$6,517"
2,2019,2019 EVENT #6,Regular,36,,,1/22/2019,Tue,,,"$99,915"
2,2020,2020 EVENT #1,Regular,36,,,1/14/2020,Tue,,,"$1,626"
2,2020,2020 EVENT #2,Regular,36,,,1/14/2020,Tue,,,"$6,784"
2,2020,2020 EVENT #3,Regular,36,,,1/14/2020,Tue,,,"$93,923"
2,2020,2020 EVENT #4,Regular,36,,,1/14/2020,Tue,,,"$2,532"
2,2020,2020 EVENT #5,Regular,36,,,1/14/2020,Tue,,,"$4,750"
2,2020,2020 EVENT #6,Regular,36,,,1/14/2020,Tue,,,"$21,038"
3,2019,2019 EVENT #1,Regular,36,,,1/23/2019,Wed,,,"$1,275"
3,2019,2019 EVENT #2,Regular,36,,,1/23/2019,Wed,,,"$6,239"
3,2019,2019 EVENT #3,Regular,36,,,1/23/2019,Wed,,,"$67,756"
3,2019,2019 EVENT #4,Regular,36,,,1/23/2019,Wed,,,"$4,447"
3,2019,2019 EVENT #5,Regular,36,,,1/23/2019,Wed,,,"$5,076"
3,2019,2019 EVENT #6,Regular,36,,,1/23/2019,Wed,,,"$101,635"
3,2020,2020 EVENT #1,Regular,36,,,1/15/2020,Wed,,,$597
3,2020,2020 EVENT #2,Regular,36,,,1/15/2020,Wed,,,"$4,088"
3,2020,2020 EVENT #3,Regular,36,,,1/15/2020,Wed,,,"$63,787"
3,2020,2020 EVENT #4,Regular,36,,,1/15/2020,Wed,,,"$1,750"
3,2020,2020 EVENT #5,Regular,36,,,1/15/2020,Wed,,,"$1,754"
3,2020,2020 EVENT #6,Regular,36,,,1/15/2020,Wed,,,"$69,357"
4,2019,2019 EVENT #1,Regular,36,,,1/24/2019,Thu,,,$0
4,2019,2019 EVENT #2,Regular,36,,,1/24/2019,Thu,,,"$15,663"
4,2019,2019 EVENT #3,Regular,36,,,1/24/2019,Thu,,,"$99,877"
4,2019,2019 EVENT #4,Regular,36,,,1/24/2019,Thu,,,"$18,421"
4,2019,2019 EVENT #5,Regular,36,,,1/24/2019,Thu,,,"$25,042"
4,2019,2019 EVENT #6,Regular,36,,,1/24/2019,Thu,,,"$109,630"
4,2020,2020 EVENT #1,Regular,36,,,1/16/2020,Thu,,,"$3,113"
4,2020,2020 EVENT #2,Regular,36,,,1/16/2020,Thu,,,"$3,312"
4,2020,2020 EVENT #3,Regular,36,,,1/16/2020,Thu,,,"$86,728"
4,2020,2020 EVENT #4,Regular,36,,,1/16/2020,Thu,,,"$3,183"
4,2020,2020 EVENT #5,Regular,36,,,1/16/2020,Thu,,,"$4,341"
4,2020,2020 EVENT #6,Regular,36,,,1/16/2020,Thu,,,"$24,794"
5,2019,2019 EVENT #1,Regular,36,,,1/25/2019,Fri,,,$554
5,2019,2019 EVENT #2,Regular,36,,,1/25/2019,Fri,,,"$9,650"
5,2019,2019 EVENT #3,Regular,36,,,1/25/2019,Fri,,,"$200,169"
5,2019,2019 EVENT #4,Regular,36,,,1/25/2019,Fri,,,"$4,577"
5,2019,2019 EVENT #5,Regular,36,,,1/25/2019,Fri,,,"$13,172"
5,2019,2019 EVENT #6,Regular,36,,,1/25/2019,Fri,,,"$92,839"
5,2020,2020 EVENT #1,Regular,36,,,1/17/2020,Fri,,,$609
5,2020,2020 EVENT #2,Regular,36,,,1/17/2020,Fri,,,"$2,900"
5,2020,2020 EVENT #3,Regular,36,,,1/17/2020,Fri,,,"$60,938"
5,2020,2020 EVENT #4,Regular,36,,,1/17/2020,Fri,,,"$2,686"
5,2020,2020 EVENT #5,Regular,36,,,1/17/2020,Fri,,,"$6,434"
5,2020,2020 EVENT #6,Regular,36,,,1/17/2020,Fri,,,"$64,130"
6,2019,2019 EVENT #1,Regular,36,,,1/26/2019,Sat,,,$0
6,2019,2019 EVENT #2,Regular,36,,,1/26/2019,Sat,,,"$5,886"
6,2019,2019 EVENT #3,Regular,36,,,1/26/2019,Sat,,,"$22,114"
6,2019,2019 EVENT #4,Regular,36,,,1/26/2019,Sat,,,$507
6,2019,2019 EVENT #5,Regular,36,,,1/26/2019,Sat,,,"$1,993"
6,2019,2019 EVENT #6,Regular,36,,,1/26/2019,Sat,,,"$16,320"
6,2020,2020 EVENT #1,Regular,36,,,1/18/2020,Sat,,,$333
6,2020,2020 EVENT #2,Regular,36,,,1/18/2020,Sat,,,"$2,463"
6,2020,2020 EVENT #3,Regular,36,,,1/18/2020,Sat,,,"$10,760"
6,2020,2020 EVENT #4,Regular,36,,,1/18/2020,Sat,,,"$2,888"
6,2020,2020 EVENT #5,Regular,36,,,1/18/2020,Sat,,,"$2,682"
6,2020,2020 EVENT #6,Regular,36,,,1/18/2020,Sat,,,$985
7,2019,2019 EVENT #1,Regular,36,,,1/27/2019,Sun,,,$463
7,2019,2019 EVENT #2,Regular,36,,,1/27/2019,Sun,,,"$2,052"
7,2019,2019 EVENT #3,Regular,36,,,1/27/2019,Sun,,,"$48,767"
7,2019,2019 EVENT #4,Regular,36,,,1/27/2019,Sun,,,$826
7,2019,2019 EVENT #5,Regular,36,,,1/27/2019,Sun,,,"$1,789"
7,2019,2019 EVENT #6,Regular,36,,,1/27/2019,Sun,,,"$17,229"
7,2020,2020 EVENT #1,Regular,36,,,1/19/2020,Sun,,,$430
7,2020,2020 EVENT #2,Regular,36,,,1/19/2020,Sun,,,$581
7,2020,2020 EVENT #3,Regular,36,,,1/19/2020,Sun,,,"$462,939"
7,2020,2020 EVENT #4,Regular,36,,,1/19/2020,Sun,,,$849
7,2020,2020 EVENT #5,Regular,36,,,1/19/2020,Sun,,,"$1,107"
7,2020,2020 EVENT #6,Regular,36,,,1/19/2020,Sun,,,"$1,338"
1,2019,2019 EVENT #1,Regular,37,,,1/28/2019,Mon,,,"$1,916"
1,2019,2019 EVENT #2,Regular,37,,,1/28/2019,Mon,,,"$24,766"
1,2019,2019 EVENT #3,Regular,37,,,1/28/2019,Mon,,,"$147,920"
1,2019,2019 EVENT #4,Regular,37,,,1/28/2019,Mon,,,"$7,405"
1,2019,2019 EVENT #5,Regular,37,,,1/28/2019,Mon,,,"$9,737"
1,2019,2019 EVENT #6,Regular,37,,,1/28/2019,Mon,,,"$158,470"
1,2020,2020 EVENT #1,Regular,37,,,1/20/2020,Mon,,,$495
1,2020,2020 EVENT #2,Regular,37,,,1/20/2020,Mon,,,"$2,734"
1,2020,2020 EVENT #3,Regular,37,,,1/20/2020,Mon,,,"$46,708"
1,2020,2020 EVENT #4,Regular,37,,,1/20/2020,Mon,,,$830
1,2020,2020 EVENT #5,Regular,37,,,1/20/2020,Mon,,,"$4,408"
1,2020,2020 EVENT #6,Regular,37,,,1/20/2020,Mon,,,"$81,642"
2,2019,2019 EVENT #1,Regular,37,,,1/29/2019,Tue,,,"$1,135"
2,2019,2019 EVENT #2,Regular,37,,,1/29/2019,Tue,,,"$29,717"
2,2019,2019 EVENT #3,Regular,37,,,1/29/2019,Tue,,,"$138,017"
2,2019,2019 EVENT #4,Regular,37,,,1/29/2019,Tue,,,"$2,760"
2,2019,2019 EVENT #5,Regular,37,,,1/29/2019,Tue,,,"$5,591"
2,2019,2019 EVENT #6,Regular,37,,,1/29/2019,Tue,,,"$101,814"
2,2020,2020 EVENT #1,Regular,37,,,1/21/2020,Tue,,,"$1,673"
2,2020,2020 EVENT #2,Regular,37,,,1/21/2020,Tue,,,"$7,049"
2,2020,2020 EVENT #3,Regular,37,,,1/21/2020,Tue,,,"$115,648"
2,2020,2020 EVENT #4,Regular,37,,,1/21/2020,Tue,,,"$2,097"
2,2020,2020 EVENT #5,Regular,37,,,1/21/2020,Tue,,,"$5,629"
2,2020,2020 EVENT #6,Regular,37,,,1/21/2020,Tue,,,"$152,603"
3,2019,2019 EVENT #1,Regular,37,,,1/30/2019,Wed,,,$0
3,2019,2019 EVENT #2,Regular,37,,,1/30/2019,Wed,,,"$18,515"
3,2019,2019 EVENT #3,Regular,37,,,1/30/2019,Wed,,,"$264,141"
3,2019,2019 EVENT #4,Regular,37,,,1/30/2019,Wed,,,"$5,182"
3,2019,2019 EVENT #5,Regular,37,,,1/30/2019,Wed,,,"$13,770"
3,2019,2019 EVENT #6,Regular,37,,,1/30/2019,Wed,,,"$106,866"
3,2020,2020 EVENT #1,Regular,37,,,1/22/2020,Wed,,,"$2,063"
3,2020,2020 EVENT #2,Regular,37,,,1/22/2020,Wed,,,"$3,749"
3,2020,2020 EVENT #3,Regular,37,,,1/22/2020,Wed,,,"$100,350"
3,2020,2020 EVENT #4,Regular,37,,,1/22/2020,Wed,,,"$1,080"
3,2020,2020 EVENT #5,Regular,37,,,1/22/2020,Wed,,,$0
3,2020,2020 EVENT #6,Regular,37,,,1/22/2020,Wed,,,"$18,963"
4,2019,2019 EVENT #1,Regular,37,,,1/31/2019,Thu,,,"$3,301"
4,2019,2019 EVENT #2,Regular,37,,,1/31/2019,Thu,,,"$3,382"
4,2019,2019 EVENT #3,Regular,37,,,1/31/2019,Thu,,,"$48,241"
4,2019,2019 EVENT #4,Regular,37,,,1/31/2019,Thu,,,"$3,792"
4,2019,2019 EVENT #5,Regular,37,,,1/31/2019,Thu,,,"$8,828"
4,2019,2019 EVENT #6,Regular,37,,,1/31/2019,Thu,,,"$79,059"
4,2020,2020 EVENT #1,Regular,37,,,1/23/2020,Thu,,,"$1,094"
4,2020,2020 EVENT #2,Regular,37,,,1/23/2020,Thu,,,"$3,299"
4,2020,2020 EVENT #3,Regular,37,,,1/23/2020,Thu,,,"$54,413"
4,2020,2020 EVENT #4,Regular,37,,,1/23/2020,Thu,,,"$4,207"
4,2020,2020 EVENT #5,Regular,37,,,1/23/2020,Thu,,,"$2,066"
4,2020,2020 EVENT #6,Regular,37,,,1/23/2020,Thu,,,"$57,868"
5,2019,2019 EVENT #1,Regular,37,,,2/1/2019,Fri,,,"$1,548"
5,2019,2019 EVENT #2,Regular,37,,,2/1/2019,Fri,,,"$9,222"
5,2019,2019 EVENT #3,Regular,37,,,2/1/2019,Fri,,,"$67,864"
5,2019,2019 EVENT #4,Regular,37,,,2/1/2019,Fri,,,"$4,836"
5,2019,2019 EVENT #5,Regular,37,,,2/1/2019,Fri,,,"$4,900"
5,2019,2019 EVENT #6,Regular,37,,,2/1/2019,Fri,,,"$73,605"
5,2020,2020 EVENT #1,Regular,37,,,1/24/2020,Fri,,,"$4,593"
5,2020,2020 EVENT #2,Regular,37,,,1/24/2020,Fri,,,"$8,026"
5,2020,2020 EVENT #3,Regular,37,,,1/24/2020,Fri,,,"$75,004"
5,2020,2020 EVENT #4,Regular,37,,,1/24/2020,Fri,,,"$19,937"
5,2020,2020 EVENT #5,Regular,37,,,1/24/2020,Fri,,,"$21,411"
5,2020,2020 EVENT #6,Regular,37,,,1/24/2020,Fri,,,"$152,951"
6,2019,2019 EVENT #1,Regular,37,,,2/2/2019,Sat,,,$406
6,2019,2019 EVENT #2,Regular,37,,,2/2/2019,Sat,,,"$7,121"
6,2019,2019 EVENT #3,Regular,37,,,2/2/2019,Sat,,,"$33,931"
6,2019,2019 EVENT #4,Regular,37,,,2/2/2019,Sat,,,$0
6,2019,2019 EVENT #5,Regular,37,,,2/2/2019,Sat,,,"$1,668"
6,2019,2019 EVENT #6,Regular,37,,,2/2/2019,Sat,,,"$20,307"
6,2020,2020 EVENT #1,Regular,37,,,1/25/2020,Sat,,,$997
6,2020,2020 EVENT #2,Regular,37,,,1/25/2020,Sat,,,"$2,173"
6,2020,2020 EVENT #3,Regular,37,,,1/25/2020,Sat,,,"$31,061"
6,2020,2020 EVENT #4,Regular,37,,,1/25/2020,Sat,,,"$4,636"
6,2020,2020 EVENT #5,Regular,37,,,1/25/2020,Sat,,,$262
6,2020,2020 EVENT #6,Regular,37,,,1/25/2020,Sat,,,"$8,161"
7,2019,2019 EVENT #1,Regular,37,,,2/3/2019,Sun,,,$0
7,2019,2019 EVENT #2,Regular,37,,,2/3/2019,Sun,,,"$3,317"
7,2019,2019 EVENT #3,Regular,37,,,2/3/2019,Sun,,,"$34,848"
7,2019,2019 EVENT #4,Regular,37,,,2/3/2019,Sun,,,$564
7,2019,2019 EVENT #5,Regular,37,,,2/3/2019,Sun,,,$922
7,2019,2019 EVENT #6,Regular,37,,,2/3/2019,Sun,,,"$35,472"
7,2020,2020 EVENT #1,Regular,37,,,1/26/2020,Sun,,,$358
7,2020,2020 EVENT #2,Regular,37,,,1/26/2020,Sun,,,$0
7,2020,2020 EVENT #3,Regular,37,,,1/26/2020,Sun,,,"$49,657"
7,2020,2020 EVENT #4,Regular,37,,,1/26/2020,Sun,,,$0
7,2020,2020 EVENT #5,Regular,37,,,1/26/2020,Sun,,,$0
7,2020,2020 EVENT #6,Regular,37,,,1/26/2020,Sun,,,$0
1,2019,2019 EVENT #1,Regular,38,,,2/4/2019,Mon,,,"$1,967"
1,2019,2019 EVENT #2,Regular,38,,,2/4/2019,Mon,,,"$7,957"
1,2019,2019 EVENT #3,Regular,38,,,2/4/2019,Mon,,,"$287,983"
1,2019,2019 EVENT #4,Regular,38,,,2/4/2019,Mon,,,"$4,277"
1,2019,2019 EVENT #5,Regular,38,,,2/4/2019,Mon,,,"$5,320"
1,2019,2019 EVENT #6,Regular,38,,,2/4/2019,Mon,,,"$129,531"
1,2020,2020 EVENT #1,Regular,38,,,1/27/2020,Mon,,,"$1,259"
1,2020,2020 EVENT #2,Regular,38,,,1/27/2020,Mon,,,"$2,250"
1,2020,2020 EVENT #3,Regular,38,,,1/27/2020,Mon,,,"$71,483"
1,2020,2020 EVENT #4,Regular,38,,,1/27/2020,Mon,,,"$1,379"
1,2020,2020 EVENT #5,Regular,38,,,1/27/2020,Mon,,,"$2,610"
1,2020,2020 EVENT #6,Regular,38,,,1/27/2020,Mon,,,"$14,150"
2,2019,2019 EVENT #1,Regular,38,,,2/5/2019,Tue,,,"$1,729"
2,2019,2019 EVENT #2,Regular,38,,,2/5/2019,Tue,,,"$3,058"
2,2019,2019 EVENT #3,Regular,38,,,2/5/2019,Tue,,,"$73,595"
2,2019,2019 EVENT #4,Regular,38,,,2/5/2019,Tue,,,"$2,650"
2,2019,2019 EVENT #5,Regular,38,,,2/5/2019,Tue,,,"$5,213"
2,2019,2019 EVENT #6,Regular,38,,,2/5/2019,Tue,,,"$104,037"
2,2020,2020 EVENT #1,Regular,38,,,1/28/2020,Tue,,,"$28,538"
2,2020,2020 EVENT #2,Regular,38,,,1/28/2020,Tue,,,"$5,276"
2,2020,2020 EVENT #3,Regular,38,,,1/28/2020,Tue,,,"$86,449"
2,2020,2020 EVENT #4,Regular,38,,,1/28/2020,Tue,,,$686
2,2020,2020 EVENT #5,Regular,38,,,1/28/2020,Tue,,,$0
2,2020,2020 EVENT #6,Regular,38,,,1/28/2020,Tue,,,"$42,911"
3,2019,2019 EVENT #1,Regular,38,,,2/6/2019,Wed,,,"$1,422"
3,2019,2019 EVENT #2,Regular,38,,,2/6/2019,Wed,,,"$7,392"
3,2019,2019 EVENT #3,Regular,38,,,2/6/2019,Wed,,,"$113,820"
3,2019,2019 EVENT #4,Regular,38,,,2/6/2019,Wed,,,"$4,661"
3,2019,2019 EVENT #5,Regular,38,,,2/6/2019,Wed,,,"$16,660"
3,2019,2019 EVENT #6,Regular,38,,,2/6/2019,Wed,,,"$161,795"
3,2020,2020 EVENT #1,Regular,38,,,1/29/2020,Wed,,,$849
3,2020,2020 EVENT #2,Regular,38,,,1/29/2020,Wed,,,"$5,132"
3,2020,2020 EVENT #3,Regular,38,,,1/29/2020,Wed,,,"$75,614"
3,2020,2020 EVENT #4,Regular,38,,,1/29/2020,Wed,,,"$4,289"
3,2020,2020 EVENT #5,Regular,38,,,1/29/2020,Wed,,,"$5,249"
3,2020,2020 EVENT #6,Regular,38,,,1/29/2020,Wed,,,"$37,641"
4,2019,2019 EVENT #1,Regular,38,,,2/7/2019,Thu,,,$991
4,2019,2019 EVENT #2,Regular,38,,,2/7/2019,Thu,,,"$7,142"
4,2019,2019 EVENT #3,Regular,38,,,2/7/2019,Thu,,,"$75,696"
4,2019,2019 EVENT #4,Regular,38,,,2/7/2019,Thu,,,"$4,333"
4,2019,2019 EVENT #5,Regular,38,,,2/7/2019,Thu,,,"$11,795"
4,2019,2019 EVENT #6,Regular,38,,,2/7/2019,Thu,,,"$104,204"
4,2020,2020 EVENT #1,Regular,38,,,1/30/2020,Thu,,,$597
4,2020,2020 EVENT #2,Regular,38,,,1/30/2020,Thu,,,"$4,809"
4,2020,2020 EVENT #3,Regular,38,,,1/30/2020,Thu,,,"$57,484"
4,2020,2020 EVENT #4,Regular,38,,,1/30/2020,Thu,,,"$2,071"
4,2020,2020 EVENT #5,Regular,38,,,1/30/2020,Thu,,,"$3,478"
4,2020,2020 EVENT #6,Regular,38,,,1/30/2020,Thu,,,"$23,398"
5,2019,2019 EVENT #1,Regular,38,,,2/8/2019,Fri,,,"$2,030"
5,2019,2019 EVENT #2,Regular,38,,,2/8/2019,Fri,,,"$9,382"
5,2019,2019 EVENT #3,Regular,38,,,2/8/2019,Fri,,,"$146,114"
5,2019,2019 EVENT #4,Regular,38,,,2/8/2019,Fri,,,"$3,680"
5,2019,2019 EVENT #5,Regular,38,,,2/8/2019,Fri,,,"$15,810"
5,2019,2019 EVENT #6,Regular,38,,,2/8/2019,Fri,,,"$111,762"
5,2020,2020 EVENT #1,Regular,38,,,1/31/2020,Fri,,,$637
5,2020,2020 EVENT #2,Regular,38,,,1/31/2020,Fri,,,"$5,007"
5,2020,2020 EVENT #3,Regular,38,,,1/31/2020,Fri,,,"$58,703"
5,2020,2020 EVENT #4,Regular,38,,,1/31/2020,Fri,,,"$3,180"
5,2020,2020 EVENT #5,Regular,38,,,1/31/2020,Fri,,,"$1,669"
5,2020,2020 EVENT #6,Regular,38,,,1/31/2020,Fri,,,"$36,120"
6,2019,2019 EVENT #1,Regular,38,,,2/9/2019,Sat,,,$863
6,2019,2019 EVENT #2,Regular,38,,,2/9/2019,Sat,,,"$2,709"
6,2019,2019 EVENT #3,Regular,38,,,2/9/2019,Sat,,,"$43,642"
6,2019,2019 EVENT #4,Regular,38,,,2/9/2019,Sat,,,"$2,265"
6,2019,2019 EVENT #5,Regular,38,,,2/9/2019,Sat,,,"$5,025"
6,2019,2019 EVENT #6,Regular,38,,,2/9/2019,Sat,,,"$44,662"
6,2020,2020 EVENT #1,Regular,38,,,2/1/2020,Sat,,,$873
6,2020,2020 EVENT #2,Regular,38,,,2/1/2020,Sat,,,"$1,870"
6,2020,2020 EVENT #3,Regular,38,,,2/1/2020,Sat,,,"$35,115"
6,2020,2020 EVENT #4,Regular,38,,,2/1/2020,Sat,,,$161
6,2020,2020 EVENT #5,Regular,38,,,2/1/2020,Sat,,,"$2,722"
6,2020,2020 EVENT #6,Regular,38,,,2/1/2020,Sat,,,"$9,717"
7,2019,2019 EVENT #1,Regular,38,,,2/10/2019,Sun,,,$132
7,2019,2019 EVENT #2,Regular,38,,,2/10/2019,Sun,,,"$7,128"
7,2019,2019 EVENT #3,Regular,38,,,2/10/2019,Sun,,,"$83,501"
7,2019,2019 EVENT #4,Regular,38,,,2/10/2019,Sun,,,"$2,519"
7,2019,2019 EVENT #5,Regular,38,,,2/10/2019,Sun,,,"$4,093"
7,2019,2019 EVENT #6,Regular,38,,,2/10/2019,Sun,,,"$50,102"
7,2020,2020 EVENT #1,Regular,38,,,2/2/2020,Sun,,,$0
7,2020,2020 EVENT #2,Regular,38,,,2/2/2020,Sun,,,"$1,994"
7,2020,2020 EVENT #3,Regular,38,,,2/2/2020,Sun,,,"$30,662"
7,2020,2020 EVENT #4,Regular,38,,,2/2/2020,Sun,,,$850
7,2020,2020 EVENT #5,Regular,38,,,2/2/2020,Sun,,,$235
7,2020,2020 EVENT #6,Regular,38,,,2/2/2020,Sun,,,"$1,984"
1,2019,2019 EVENT #1,Regular,39,,,2/11/2019,Mon,,,"$2,972"
1,2019,2019 EVENT #2,Regular,39,,,2/11/2019,Mon,,,"$18,755"
1,2019,2019 EVENT #3,Regular,39,,,2/11/2019,Mon,,,"$149,000"
1,2019,2019 EVENT #4,Regular,39,,,2/11/2019,Mon,,,"$6,498"
1,2019,2019 EVENT #5,Regular,39,,,2/11/2019,Mon,,,"$12,737"
1,2019,2019 EVENT #6,Regular,39,,,2/11/2019,Mon,,,"$125,060"
1,2020,2020 EVENT #1,Regular,39,,,2/3/2020,Mon,,,"$1,608"
1,2020,2020 EVENT #2,Regular,39,,,2/3/2020,Mon,,,"$10,676"
1,2020,2020 EVENT #3,Regular,39,,,2/3/2020,Mon,,,"$72,661"
1,2020,2020 EVENT #4,Regular,39,,,2/3/2020,Mon,,,"$1,518"
1,2020,2020 EVENT #5,Regular,39,,,2/3/2020,Mon,,,"$8,322"
1,2020,2020 EVENT #6,Regular,39,,,2/3/2020,Mon,,,"$60,788"
2,2019,2019 EVENT #1,Regular,39,,,2/12/2019,Tue,,,"$1,764"
2,2019,2019 EVENT #2,Regular,39,,,2/12/2019,Tue,,,"$26,002"
2,2019,2019 EVENT #3,Regular,39,,,2/12/2019,Tue,,,"$264,868"
2,2019,2019 EVENT #4,Regular,39,,,2/12/2019,Tue,,,"$30,054"
2,2019,2019 EVENT #5,Regular,39,,,2/12/2019,Tue,,,"$94,657"
2,2019,2019 EVENT #6,Regular,39,,,2/12/2019,Tue,,,"$722,943"
2,2020,2020 EVENT #1,Regular,39,,,2/4/2020,Tue,,,"$1,979"
2,2020,2020 EVENT #2,Regular,39,,,2/4/2020,Tue,,,"$11,472"
2,2020,2020 EVENT #3,Regular,39,,,2/4/2020,Tue,,,"$78,557"
2,2020,2020 EVENT #4,Regular,39,,,2/4/2020,Tue,,,$0
2,2020,2020 EVENT #5,Regular,39,,,2/4/2020,Tue,,,"$1,217"
2,2020,2020 EVENT #6,Regular,39,,,2/4/2020,Tue,,,"$48,870"
3,2019,2019 EVENT #1,Regular,39,,,2/13/2019,Wed,,,$560
3,2019,2019 EVENT #2,Regular,39,,,2/13/2019,Wed,,,"$8,026"
3,2019,2019 EVENT #3,Regular,39,,,2/13/2019,Wed,,,"$93,874"
3,2019,2019 EVENT #4,Regular,39,,,2/13/2019,Wed,,,"$10,319"
3,2019,2019 EVENT #5,Regular,39,,,2/13/2019,Wed,,,"$20,295"
3,2019,2019 EVENT #6,Regular,39,,,2/13/2019,Wed,,,"$150,490"
3,2020,2020 EVENT #1,Regular,39,,,2/5/2020,Wed,,,"$1,866"
3,2020,2020 EVENT #2,Regular,39,,,2/5/2020,Wed,,,"$11,180"
3,2020,2020 EVENT #3,Regular,39,,,2/5/2020,Wed,,,"$301,301"
3,2020,2020 EVENT #4,Regular,39,,,2/5/2020,Wed,,,"$3,341"
3,2020,2020 EVENT #5,Regular,39,,,2/5/2020,Wed,,,"$5,803"
3,2020,2020 EVENT #6,Regular,39,,,2/5/2020,Wed,,,"$51,643"
4,2019,2019 EVENT #1,Regular,39,,,2/14/2019,Thu,,,"$1,980"
4,2019,2019 EVENT #2,Regular,39,,,2/14/2019,Thu,,,"$12,708"
4,2019,2019 EVENT #3,Regular,39,,,2/14/2019,Thu,,,"$150,062"
4,2019,2019 EVENT #4,Regular,39,,,2/14/2019,Thu,,,"$15,603"
4,2019,2019 EVENT #5,Regular,39,,,2/14/2019,Thu,,,"$23,855"
4,2019,2019 EVENT #6,Regular,39,,,2/14/2019,Thu,,,"$153,123"
4,2020,2020 EVENT #1,Regular,39,,,2/6/2020,Thu,,,"$1,424"
4,2020,2020 EVENT #2,Regular,39,,,2/6/2020,Thu,,,"$11,077"
4,2020,2020 EVENT #3,Regular,39,,,2/6/2020,Thu,,,"$121,816"
4,2020,2020 EVENT #4,Regular,39,,,2/6/2020,Thu,,,"$18,134"
4,2020,2020 EVENT #5,Regular,39,,,2/6/2020,Thu,,,"$19,362"
4,2020,2020 EVENT #6,Regular,39,,,2/6/2020,Thu,,,"$81,734"
5,2019,2019 EVENT #1,Regular,39,,,2/15/2019,Fri,,,"$3,252"
5,2019,2019 EVENT #2,Regular,39,,,2/15/2019,Fri,,,"$11,568"
5,2019,2019 EVENT #3,Regular,39,,,2/15/2019,Fri,,,"$121,772"
5,2019,2019 EVENT #4,Regular,39,,,2/15/2019,Fri,,,"$11,195"
5,2019,2019 EVENT #5,Regular,39,,,2/15/2019,Fri,,,"$33,918"
5,2019,2019 EVENT #6,Regular,39,,,2/15/2019,Fri,,,"$294,286"
5,2020,2020 EVENT #1,Regular,39,,,2/7/2020,Fri,,,"$1,331"
5,2020,2020 EVENT #2,Regular,39,,,2/7/2020,Fri,,,"$7,538"
5,2020,2020 EVENT #3,Regular,39,,,2/7/2020,Fri,,,"$101,668"
5,2020,2020 EVENT #4,Regular,39,,,2/7/2020,Fri,,,"$2,528"
5,2020,2020 EVENT #5,Regular,39,,,2/7/2020,Fri,,,"$6,224"
5,2020,2020 EVENT #6,Regular,39,,,2/7/2020,Fri,,,"$39,037"
6,2019,2019 EVENT #1,Regular,39,,,2/16/2019,Sat,,,$763
6,2019,2019 EVENT #2,Regular,39,,,2/16/2019,Sat,,,"$6,460"
6,2019,2019 EVENT #3,Regular,39,,,2/16/2019,Sat,,,"$65,239"
6,2019,2019 EVENT #4,Regular,39,,,2/16/2019,Sat,,,"$1,959"
6,2019,2019 EVENT #5,Regular,39,,,2/16/2019,Sat,,,"$4,145"
6,2019,2019 EVENT #6,Regular,39,,,2/16/2019,Sat,,,"$72,384"
6,2020,2020 EVENT #1,Regular,39,,,2/8/2020,Sat,,,"$4,358"
6,2020,2020 EVENT #2,Regular,39,,,2/8/2020,Sat,,,"$6,991"
6,2020,2020 EVENT #3,Regular,39,,,2/8/2020,Sat,,,"$80,632"
6,2020,2020 EVENT #4,Regular,39,,,2/8/2020,Sat,,,"$4,500"
6,2020,2020 EVENT #5,Regular,39,,,2/8/2020,Sat,,,"$4,159"
6,2020,2020 EVENT #6,Regular,39,,,2/8/2020,Sat,,,"$6,549"
7,2019,2019 EVENT #1,Regular,39,,,2/17/2019,Sun,,,"$1,810"
7,2019,2019 EVENT #2,Regular,39,,,2/17/2019,Sun,,,"$7,718"
7,2019,2019 EVENT #3,Regular,39,,,2/17/2019,Sun,,,"$133,934"
7,2019,2019 EVENT #4,Regular,39,,,2/17/2019,Sun,,,$978
7,2019,2019 EVENT #5,Regular,39,,,2/17/2019,Sun,,,"$1,025"
7,2019,2019 EVENT #6,Regular,39,,,2/17/2019,Sun,,,"$42,264"
7,2020,2020 EVENT #1,Regular,39,,,2/9/2020,Sun,,,"$1,278"
7,2020,2020 EVENT #2,Regular,39,,,2/9/2020,Sun,,,"$2,972"
7,2020,2020 EVENT #3,Regular,39,,,2/9/2020,Sun,,,"$114,120"
7,2020,2020 EVENT #4,Regular,39,,,2/9/2020,Sun,,,$0
7,2020,2020 EVENT #5,Regular,39,,,2/9/2020,Sun,,,$0
7,2020,2020 EVENT #6,Regular,39,,,2/9/2020,Sun,,,$0
1,2019,2019 EVENT #1,Regular,40,,,2/18/2019,Mon,,,"$1,901"
1,2019,2019 EVENT #2,Regular,40,,,2/18/2019,Mon,,,"$10,534"
1,2019,2019 EVENT #3,Regular,40,,,2/18/2019,Mon,,,"$167,540"
1,2019,2019 EVENT #4,Regular,40,,,2/18/2019,Mon,,,"$10,566"
1,2019,2019 EVENT #5,Regular,40,,,2/18/2019,Mon,,,"$26,569"
1,2019,2019 EVENT #6,Regular,40,,,2/18/2019,Mon,,,"$290,346"
1,2020,2020 EVENT #1,Regular,40,,,2/10/2020,Mon,,,"$1,448"
1,2020,2020 EVENT #2,Regular,40,,,2/10/2020,Mon,,,"$23,945"
1,2020,2020 EVENT #3,Regular,40,,,2/10/2020,Mon,,,"$168,632"
1,2020,2020 EVENT #4,Regular,40,,,2/10/2020,Mon,,,"$1,010"
1,2020,2020 EVENT #5,Regular,40,,,2/10/2020,Mon,,,"$3,365"
1,2020,2020 EVENT #6,Regular,40,,,2/10/2020,Mon,,,"$29,178"
2,2019,2019 EVENT #1,Regular,40,,,2/19/2019,Tue,,,"$2,392"
2,2019,2019 EVENT #2,Regular,40,,,2/19/2019,Tue,,,"$8,863"
2,2019,2019 EVENT #3,Regular,40,,,2/19/2019,Tue,,,"$170,644"
2,2019,2019 EVENT #4,Regular,40,,,2/19/2019,Tue,,,"$18,540"
2,2019,2019 EVENT #5,Regular,40,,,2/19/2019,Tue,,,"$30,956"
2,2019,2019 EVENT #6,Regular,40,,,2/19/2019,Tue,,,"$330,134"
2,2020,2020 EVENT #1,Regular,40,,,2/11/2020,Tue,,,"$1,664"
2,2020,2020 EVENT #2,Regular,40,,,2/11/2020,Tue,,,"$12,334"
2,2020,2020 EVENT #3,Regular,40,,,2/11/2020,Tue,,,"$153,562"
2,2020,2020 EVENT #4,Regular,40,,,2/11/2020,Tue,,,$954
2,2020,2020 EVENT #5,Regular,40,,,2/11/2020,Tue,,,"$1,641"
2,2020,2020 EVENT #6,Regular,40,,,2/11/2020,Tue,,,"$895,356"
3,2019,2019 EVENT #1,Regular,40,,,2/20/2019,Wed,,,$0
3,2019,2019 EVENT #2,Regular,40,,,2/20/2019,Wed,,,"$11,226"
3,2019,2019 EVENT #3,Regular,40,,,2/20/2019,Wed,,,"$164,608"
3,2019,2019 EVENT #4,Regular,40,,,2/20/2019,Wed,,,"$16,693"
3,2019,2019 EVENT #5,Regular,40,,,2/20/2019,Wed,,,"$30,675"
3,2019,2019 EVENT #6,Regular,40,,,2/20/2019,Wed,,,"$460,473"
3,2020,2020 EVENT #1,Regular,40,,,2/12/2020,Wed,,,"$1,928"
3,2020,2020 EVENT #2,Regular,40,,,2/12/2020,Wed,,,"$15,128"
3,2020,2020 EVENT #3,Regular,40,,,2/12/2020,Wed,,,"$86,543"
3,2020,2020 EVENT #4,Regular,40,,,2/12/2020,Wed,,,"$14,514"
3,2020,2020 EVENT #5,Regular,40,,,2/12/2020,Wed,,,"$31,512"
3,2020,2020 EVENT #6,Regular,40,,,2/12/2020,Wed,,,"$361,542"
4,2019,2019 EVENT #1,Regular,40,,,2/21/2019,Thu,,,"$2,543"
4,2019,2019 EVENT #2,Regular,40,,,2/21/2019,Thu,,,"$11,077"
4,2019,2019 EVENT #3,Regular,40,,,2/21/2019,Thu,,,"$192,272"
4,2019,2019 EVENT #4,Regular,40,,,2/21/2019,Thu,,,"$19,374"
4,2019,2019 EVENT #5,Regular,40,,,2/21/2019,Thu,,,"$39,077"
4,2019,2019 EVENT #6,Regular,40,,,2/21/2019,Thu,,,"$371,440"
4,2020,2020 EVENT #1,Regular,40,,,2/13/2020,Thu,,,"$1,965"
4,2020,2020 EVENT #2,Regular,40,,,2/13/2020,Thu,,,"$10,477"
4,2020,2020 EVENT #3,Regular,40,,,2/13/2020,Thu,,,"$101,806"
4,2020,2020 EVENT #4,Regular,40,,,2/13/2020,Thu,,,"$8,500"
4,2020,2020 EVENT #5,Regular,40,,,2/13/2020,Thu,,,"$15,034"
4,2020,2020 EVENT #6,Regular,40,,,2/13/2020,Thu,,,"$107,647"
5,2019,2019 EVENT #1,Regular,40,,,2/22/2019,Fri,,,$570
5,2019,2019 EVENT #2,Regular,40,,,2/22/2019,Fri,,,"$11,592"
5,2019,2019 EVENT #3,Regular,40,,,2/22/2019,Fri,,,"$112,937"
5,2019,2019 EVENT #4,Regular,40,,,2/22/2019,Fri,,,"$4,020"
5,2019,2019 EVENT #5,Regular,40,,,2/22/2019,Fri,,,"$7,454"
5,2019,2019 EVENT #6,Regular,40,,,2/22/2019,Fri,,,"$167,689"
5,2020,2020 EVENT #1,Regular,40,,,2/14/2020,Fri,,,"$2,267"
5,2020,2020 EVENT #2,Regular,40,,,2/14/2020,Fri,,,"$8,965"
5,2020,2020 EVENT #3,Regular,40,,,2/14/2020,Fri,,,"$120,964"
5,2020,2020 EVENT #4,Regular,40,,,2/14/2020,Fri,,,"$30,859"
5,2020,2020 EVENT #5,Regular,40,,,2/14/2020,Fri,,,"$57,402"
5,2020,2020 EVENT #6,Regular,40,,,2/14/2020,Fri,,,"$588,328"
6,2019,2019 EVENT #1,Regular,40,,,2/23/2019,Sat,,,$766
6,2019,2019 EVENT #2,Regular,40,,,2/23/2019,Sat,,,"$7,853"
6,2019,2019 EVENT #3,Regular,40,,,2/23/2019,Sat,,,"$72,559"
6,2019,2019 EVENT #4,Regular,40,,,2/23/2019,Sat,,,$401
6,2019,2019 EVENT #5,Regular,40,,,2/23/2019,Sat,,,"$3,321"
6,2019,2019 EVENT #6,Regular,40,,,2/23/2019,Sat,,,"$33,339"
6,2020,2020 EVENT #1,Regular,40,,,2/15/2020,Sat,,,"$1,047"
6,2020,2020 EVENT #2,Regular,40,,,2/15/2020,Sat,,,"$5,961"
6,2020,2020 EVENT #3,Regular,40,,,2/15/2020,Sat,,,"$66,943"
6,2020,2020 EVENT #4,Regular,40,,,2/15/2020,Sat,,,"$6,476"
6,2020,2020 EVENT #5,Regular,40,,,2/15/2020,Sat,,,"$6,996"
6,2020,2020 EVENT #6,Regular,40,,,2/15/2020,Sat,,,"$95,932"
7,2019,2019 EVENT #1,Regular,40,,,2/24/2019,Sun,,,$0
7,2019,2019 EVENT #2,Regular,40,,,2/24/2019,Sun,,,"$11,844"
7,2019,2019 EVENT #3,Regular,40,,,2/24/2019,Sun,,,"$116,294"
7,2019,2019 EVENT #4,Regular,40,,,2/24/2019,Sun,,,$0
7,2019,2019 EVENT #5,Regular,40,,,2/24/2019,Sun,,,"$2,322"
7,2019,2019 EVENT #6,Regular,40,,,2/24/2019,Sun,,,"$12,650"
7,2020,2020 EVENT #1,Regular,40,,,2/16/2020,Sun,,,"$1,243"
7,2020,2020 EVENT #2,Regular,40,,,2/16/2020,Sun,,,"$12,074"
7,2020,2020 EVENT #3,Regular,40,,,2/16/2020,Sun,,,"$102,846"
7,2020,2020 EVENT #4,Regular,40,,,2/16/2020,Sun,,,"$3,443"
7,2020,2020 EVENT #5,Regular,40,,,2/16/2020,Sun,,,"$2,980"
7,2020,2020 EVENT #6,Regular,40,,,2/16/2020,Sun,,,"$17,010"
1,2019,2019 EVENT #1,Regular,41,,,2/25/2019,Mon,,,"$1,447"
1,2019,2019 EVENT #2,Regular,41,,,2/25/2019,Mon,,,"$21,599"
1,2019,2019 EVENT #3,Regular,41,,,2/25/2019,Mon,,,"$199,120"
1,2019,2019 EVENT #4,Regular,41,,,2/25/2019,Mon,,,"$2,839"
1,2019,2019 EVENT #5,Regular,41,,,2/25/2019,Mon,,,"$5,278"
1,2019,2019 EVENT #6,Regular,41,,,2/25/2019,Mon,,,"$81,340"
1,2020,2020 EVENT #1,Regular,41,,,2/17/2020,Mon,,,"$6,375"
1,2020,2020 EVENT #2,Regular,41,,,2/17/2020,Mon,,,"$11,353"
1,2020,2020 EVENT #3,Regular,41,,,2/17/2020,Mon,,,"$118,732"
1,2020,2020 EVENT #4,Regular,41,,,2/17/2020,Mon,,,"$19,504"
1,2020,2020 EVENT #5,Regular,41,,,2/17/2020,Mon,,,"$30,947"
1,2020,2020 EVENT #6,Regular,41,,,2/17/2020,Mon,,,"$426,531"
2,2019,2019 EVENT #1,Regular,41,,,2/26/2019,Tue,,,"$1,046"
2,2019,2019 EVENT #2,Regular,41,,,2/26/2019,Tue,,,"$23,766"
2,2019,2019 EVENT #3,Regular,41,,,2/26/2019,Tue,,,"$404,892"
2,2019,2019 EVENT #4,Regular,41,,,2/26/2019,Tue,,,"$8,051"
2,2019,2019 EVENT #5,Regular,41,,,2/26/2019,Tue,,,"$15,775"
2,2019,2019 EVENT #6,Regular,41,,,2/26/2019,Tue,,,"$274,227"
2,2020,2020 EVENT #1,Regular,41,,,2/18/2020,Tue,,,"$5,611"
2,2020,2020 EVENT #2,Regular,41,,,2/18/2020,Tue,,,"$15,656"
2,2020,2020 EVENT #3,Regular,41,,,2/18/2020,Tue,,,"$327,707"
2,2020,2020 EVENT #4,Regular,41,,,2/18/2020,Tue,,,"$102,117"
2,2020,2020 EVENT #5,Regular,41,,,2/18/2020,Tue,,,"$152,014"
2,2020,2020 EVENT #6,Regular,41,,,2/18/2020,Tue,,,"$1,790,152"
3,2019,2019 EVENT #1,Regular,41,,,2/27/2019,Wed,,,"$3,048"
3,2019,2019 EVENT #2,Regular,41,,,2/27/2019,Wed,,,"$46,899"
3,2019,2019 EVENT #3,Regular,41,,,2/27/2019,Wed,,,"$364,162"
3,2019,2019 EVENT #4,Regular,41,,,2/27/2019,Wed,,,"$30,468"
3,2019,2019 EVENT #5,Regular,41,,,2/27/2019,Wed,,,"$67,221"
3,2019,2019 EVENT #6,Regular,41,,,2/27/2019,Wed,,,"$703,172"
3,2020,2020 EVENT #1,Regular,41,,,2/19/2020,Wed,,,"$10,922"
3,2020,2020 EVENT #2,Regular,41,,,2/19/2020,Wed,,,"$11,542"
3,2020,2020 EVENT #3,Regular,41,,,2/19/2020,Wed,,,"$213,623"
3,2020,2020 EVENT #4,Regular,41,,,2/19/2020,Wed,,,"$28,875"
3,2020,2020 EVENT #5,Regular,41,,,2/19/2020,Wed,,,"$70,439"
3,2020,2020 EVENT #6,Regular,41,,,2/19/2020,Wed,,,"$488,670"
4,2019,2019 EVENT #1,Regular,41,,,2/28/2019,Thu,,,"$1,905"
4,2019,2019 EVENT #2,Regular,41,,,2/28/2019,Thu,,,"$12,153"
4,2019,2019 EVENT #3,Regular,41,,,2/28/2019,Thu,,,"$154,374"
4,2019,2019 EVENT #4,Regular,41,,,2/28/2019,Thu,,,"$6,539"
4,2019,2019 EVENT #5,Regular,41,,,2/28/2019,Thu,,,"$13,417"
4,2019,2019 EVENT #6,Regular,41,,,2/28/2019,Thu,,,"$132,496"
4,2020,2020 EVENT #1,Regular,41,,,2/20/2020,Thu,,,"$2,364"
4,2020,2020 EVENT #2,Regular,41,,,2/20/2020,Thu,,,"$60,697"
4,2020,2020 EVENT #3,Regular,41,,,2/20/2020,Thu,,,"$137,858"
4,2020,2020 EVENT #4,Regular,41,,,2/20/2020,Thu,,,"$22,636"
4,2020,2020 EVENT #5,Regular,41,,,2/20/2020,Thu,,,"$38,770"
4,2020,2020 EVENT #6,Regular,41,,,2/20/2020,Thu,,,"$264,612"
5,2019,2019 EVENT #1,Regular,41,,,3/1/2019,Fri,,,"$2,174"
5,2019,2019 EVENT #2,Regular,41,,,3/1/2019,Fri,,,"$24,614"
5,2019,2019 EVENT #3,Regular,41,,,3/1/2019,Fri,,,"$277,772"
5,2019,2019 EVENT #4,Regular,41,,,3/1/2019,Fri,,,"$12,708"
5,2019,2019 EVENT #5,Regular,41,,,3/1/2019,Fri,,,"$23,332"
5,2019,2019 EVENT #6,Regular,41,,,3/1/2019,Fri,,,"$367,872"
5,2020,2020 EVENT #1,Regular,41,,,2/21/2020,Fri,,,"$2,662"
5,2020,2020 EVENT #2,Regular,41,,,2/21/2020,Fri,,,"$9,980"
5,2020,2020 EVENT #3,Regular,41,,,2/21/2020,Fri,,,"$227,507"
5,2020,2020 EVENT #4,Regular,41,,,2/21/2020,Fri,,,"$18,309"
5,2020,2020 EVENT #5,Regular,41,,,2/21/2020,Fri,,,"$27,639"
5,2020,2020 EVENT #6,Regular,41,,,2/21/2020,Fri,,,"$195,879"
6,2019,2019 EVENT #1,Regular,41,,,3/2/2019,Sat,,,"$1,877"
6,2019,2019 EVENT #2,Regular,41,,,3/2/2019,Sat,,,"$28,334"
6,2019,2019 EVENT #3,Regular,41,,,3/2/2019,Sat,,,"$108,120"
6,2019,2019 EVENT #4,Regular,41,,,3/2/2019,Sat,,,"$1,758"
6,2019,2019 EVENT #5,Regular,41,,,3/2/2019,Sat,,,"$4,871"
6,2019,2019 EVENT #6,Regular,41,,,3/2/2019,Sat,,,"$46,274"
6,2020,2020 EVENT #1,Regular,41,,,2/22/2020,Sat,,,"$2,563"
6,2020,2020 EVENT #2,Regular,41,,,2/22/2020,Sat,,,"$5,985"
6,2020,2020 EVENT #3,Regular,41,,,2/22/2020,Sat,,,"$113,736"
6,2020,2020 EVENT #4,Regular,41,,,2/22/2020,Sat,,,"$10,574"
6,2020,2020 EVENT #5,Regular,41,,,2/22/2020,Sat,,,"$13,986"
6,2020,2020 EVENT #6,Regular,41,,,2/22/2020,Sat,,,"$108,712"
7,2019,2019 EVENT #1,Regular,41,,,3/3/2019,Sun,,,"$2,509"
7,2019,2019 EVENT #2,Regular,41,,,3/3/2019,Sun,,,"$27,501"
7,2019,2019 EVENT #3,Regular,41,,,3/3/2019,Sun,,,"$208,689"
7,2019,2019 EVENT #4,Regular,41,,,3/3/2019,Sun,,,"$5,930"
7,2019,2019 EVENT #5,Regular,41,,,3/3/2019,Sun,,,"$1,339"
7,2019,2019 EVENT #6,Regular,41,,,3/3/2019,Sun,,,"$33,469"
7,2020,2020 EVENT #1,Regular,41,,,2/23/2020,Sun,,,$985
7,2020,2020 EVENT #2,Regular,41,,,2/23/2020,Sun,,,"$8,770"
7,2020,2020 EVENT #3,Regular,41,,,2/23/2020,Sun,,,"$95,384"
7,2020,2020 EVENT #4,Regular,41,,,2/23/2020,Sun,,,"$10,112"
7,2020,2020 EVENT #5,Regular,41,,,2/23/2020,Sun,,,"$7,594"
7,2020,2020 EVENT #6,Regular,41,,,2/23/2020,Sun,,,"$126,780"
1,2019,2019 EVENT #1,Regular,42,,,3/4/2019,Mon,,,"$1,685"
1,2019,2019 EVENT #2,Regular,42,,,3/4/2019,Mon,,,"$19,269"
1,2019,2019 EVENT #3,Regular,42,,,3/4/2019,Mon,,,"$186,925"
1,2019,2019 EVENT #4,Regular,42,,,3/4/2019,Mon,,,"$13,301"
1,2019,2019 EVENT #5,Regular,42,,,3/4/2019,Mon,,,"$79,115"
1,2019,2019 EVENT #6,Regular,42,,,3/4/2019,Mon,,,"$244,001"
1,2020,2020 EVENT #1,Regular,42,,,2/24/2020,Mon,,,"$4,687"
1,2020,2020 EVENT #2,Regular,42,,,2/24/2020,Mon,,,"$15,568"
1,2020,2020 EVENT #3,Regular,42,,,2/24/2020,Mon,,,"$131,169"
1,2020,2020 EVENT #4,Regular,42,,,2/24/2020,Mon,,,"$7,044"
1,2020,2020 EVENT #5,Regular,42,,,2/24/2020,Mon,,,"$12,376"
1,2020,2020 EVENT #6,Regular,42,,,2/24/2020,Mon,,,"$151,305"
2,2019,2019 EVENT #1,Regular,42,,,3/5/2019,Tue,,,"$1,738"
2,2019,2019 EVENT #2,Regular,42,,,3/5/2019,Tue,,,"$18,340"
2,2019,2019 EVENT #3,Regular,42,,,3/5/2019,Tue,,,"$287,938"
2,2019,2019 EVENT #4,Regular,42,,,3/5/2019,Tue,,,"$2,665"
2,2019,2019 EVENT #5,Regular,42,,,3/5/2019,Tue,,,"$8,604"
2,2019,2019 EVENT #6,Regular,42,,,3/5/2019,Tue,,,"$52,338"
2,2020,2020 EVENT #1,Regular,42,,,2/25/2020,Tue,,,"$3,120"
2,2020,2020 EVENT #2,Regular,42,,,2/25/2020,Tue,,,"$26,296"
2,2020,2020 EVENT #3,Regular,42,,,2/25/2020,Tue,,,"$249,049"
2,2020,2020 EVENT #4,Regular,42,,,2/25/2020,Tue,,,"$6,882"
2,2020,2020 EVENT #5,Regular,42,,,2/25/2020,Tue,,,"$18,982"
2,2020,2020 EVENT #6,Regular,42,,,2/25/2020,Tue,,,"$143,272"
3,2019,2019 EVENT #1,Regular,42,,,3/6/2019,Wed,,,"$2,312"
3,2019,2019 EVENT #2,Regular,42,,,3/6/2019,Wed,,,"$23,759"
3,2019,2019 EVENT #3,Regular,42,,,3/6/2019,Wed,,,"$192,553"
3,2019,2019 EVENT #4,Regular,42,,,3/6/2019,Wed,,,"$2,790"
3,2019,2019 EVENT #5,Regular,42,,,3/6/2019,Wed,,,"$6,326"
3,2019,2019 EVENT #6,Regular,42,,,3/6/2019,Wed,,,"$26,083"
3,2020,2020 EVENT #1,Regular,42,,,2/26/2020,Wed,,,"$2,425"
3,2020,2020 EVENT #2,Regular,42,,,2/26/2020,Wed,,,"$11,846"
3,2020,2020 EVENT #3,Regular,42,,,2/26/2020,Wed,,,"$116,667"
3,2020,2020 EVENT #4,Regular,42,,,2/26/2020,Wed,,,"$3,287"
3,2020,2020 EVENT #5,Regular,42,,,2/26/2020,Wed,,,"$8,675"
3,2020,2020 EVENT #6,Regular,42,,,2/26/2020,Wed,,,"$128,713"
4,2019,2019 EVENT #1,Regular,42,,,3/7/2019,Thu,,,"$10,245"
4,2019,2019 EVENT #2,Regular,42,,,3/7/2019,Thu,,,"$37,582"
4,2019,2019 EVENT #3,Regular,42,,,3/7/2019,Thu,,,"$187,115"
4,2019,2019 EVENT #4,Regular,42,,,3/7/2019,Thu,,,"$2,065"
4,2019,2019 EVENT #5,Regular,42,,,3/7/2019,Thu,,,"$3,201"
4,2019,2019 EVENT #6,Regular,42,,,3/7/2019,Thu,,,"$34,188"
4,2020,2020 EVENT #1,Regular,42,,,2/27/2020,Thu,,,"$2,121"
4,2020,2020 EVENT #2,Regular,42,,,2/27/2020,Thu,,,"$10,145"
4,2020,2020 EVENT #3,Regular,42,,,2/27/2020,Thu,,,"$433,508"
4,2020,2020 EVENT #4,Regular,42,,,2/27/2020,Thu,,,"$5,151"
4,2020,2020 EVENT #5,Regular,42,,,2/27/2020,Thu,,,"$8,085"
4,2020,2020 EVENT #6,Regular,42,,,2/27/2020,Thu,,,"$101,119"
5,2019,2019 EVENT #1,Event Date,42,,,3/8/2019,Fri,,,"$121,240"
5,2019,2019 EVENT #2,Regular,42,,,3/8/2019,Fri,,,"$75,218"
5,2019,2019 EVENT #3,Regular,42,,,3/8/2019,Fri,,,"$223,104"
5,2019,2019 EVENT #4,Regular,42,,,3/8/2019,Fri,,,$0
5,2019,2019 EVENT #5,Regular,42,,,3/8/2019,Fri,,,$619
5,2019,2019 EVENT #6,Regular,42,,,3/8/2019,Fri,,,"$19,697"
5,2020,2020 EVENT #1,Regular,42,,,2/28/2020,Fri,,,"$4,482"
5,2020,2020 EVENT #2,Regular,42,,,2/28/2020,Fri,,,"$14,456"
5,2020,2020 EVENT #3,Regular,42,,,2/28/2020,Fri,,,"$160,287"
5,2020,2020 EVENT #4,Regular,42,,,2/28/2020,Fri,,,"$2,955"
5,2020,2020 EVENT #5,Regular,42,,,2/28/2020,Fri,,,"$15,387"
5,2020,2020 EVENT #6,Regular,42,,,2/28/2020,Fri,,,"$72,994"
6,2019,2019 EVENT #2,Event Date,42,,,3/9/2019,Sat,,,"$258,186"
6,2019,2019 EVENT #1,Regular,42,,,3/9/2019,Sat,,,$0
6,2019,2019 EVENT #3,Regular,42,,,3/9/2019,Sat,,,"$248,712"
6,2019,2019 EVENT #4,Regular,42,,,3/9/2019,Sat,,,"$4,118"
6,2019,2019 EVENT #5,Regular,42,,,3/9/2019,Sat,,,"$4,536"
6,2019,2019 EVENT #6,Regular,42,,,3/9/2019,Sat,,,"$36,163"
6,2020,2020 EVENT #1,Regular,42,,,2/29/2020,Sat,,,"$2,436"
6,2020,2020 EVENT #2,Regular,42,,,2/29/2020,Sat,,,"$10,985"
6,2020,2020 EVENT #3,Regular,42,,,2/29/2020,Sat,,,"$97,558"
6,2020,2020 EVENT #4,Regular,42,,,2/29/2020,Sat,,,"$9,202"
6,2020,2020 EVENT #5,Regular,42,,,2/29/2020,Sat,,,"$2,200"
6,2020,2020 EVENT #6,Regular,42,,,2/29/2020,Sat,,,"$94,394"
7,2019,2019 EVENT #3,Event Date,42,,,3/10/2019,Sun,,,"$457,783"
7,2019,2019 EVENT #1,Regular,42,,,3/10/2019,Sun,,,$0
7,2019,2019 EVENT #2,Regular,42,,,3/10/2019,Sun,,,$0
7,2019,2019 EVENT #4,Regular,42,,,3/10/2019,Sun,,,$423
7,2019,2019 EVENT #5,Regular,42,,,3/10/2019,Sun,,,"$2,984"
7,2019,2019 EVENT #6,Regular,42,,,3/10/2019,Sun,,,"$68,187"
7,2020,2020 EVENT #1,Regular,42,,,3/1/2020,Sun,,,"$1,701"
7,2020,2020 EVENT #2,Regular,42,,,3/1/2020,Sun,,,"$13,785"
7,2020,2020 EVENT #3,Regular,42,,,3/1/2020,Sun,,,"$124,016"
7,2020,2020 EVENT #4,Regular,42,,,3/1/2020,Sun,,,"$3,018"
7,2020,2020 EVENT #5,Regular,42,,,3/1/2020,Sun,,,"$3,793"
7,2020,2020 EVENT #6,Regular,42,,,3/1/2020,Sun,,,"$106,784"
1,2019,2019 EVENT #4,Regular,43,,,3/11/2019,Mon,,,"$5,364"
1,2019,2019 EVENT #5,Regular,43,,,3/11/2019,Mon,,,"$8,131"
1,2019,2019 EVENT #6,Regular,43,,,3/11/2019,Mon,,,"$101,276"
1,2020,2020 EVENT #1,Regular,43,,,3/2/2020,Mon,,,"$12,008"
1,2020,2020 EVENT #2,Regular,43,,,3/2/2020,Mon,,,"$15,848"
1,2020,2020 EVENT #3,Regular,43,,,3/2/2020,Mon,,,"$211,277"
1,2020,2020 EVENT #4,Regular,43,,,3/2/2020,Mon,,,"$3,954"
1,2020,2020 EVENT #5,Regular,43,,,3/2/2020,Mon,,,"$11,891"
1,2020,2020 EVENT #6,Regular,43,,,3/2/2020,Mon,,,"$127,046"
2,2019,2019 EVENT #4,Regular,43,,,3/12/2019,Tue,,,"$72,486"
2,2019,2019 EVENT #5,Regular,43,,,3/12/2019,Tue,,,"$26,479"
2,2019,2019 EVENT #6,Regular,43,,,3/12/2019,Tue,,,"$359,989"
2,2020,2020 EVENT #1,Regular,43,,,3/3/2020,Tue,,,$0
2,2020,2020 EVENT #2,Regular,43,,,3/3/2020,Tue,,,$0
2,2020,2020 EVENT #3,Regular,43,,,3/3/2020,Tue,,,$0
2,2020,2020 EVENT #4,Regular,43,,,3/3/2020,Tue,,,$0
2,2020,2020 EVENT #5,Regular,43,,,3/3/2020,Tue,,,$0
2,2020,2020 EVENT #6,Regular,43,,,3/3/2020,Tue,,,$0
3,2019,2019 EVENT #4,Regular,43,,,3/13/2019,Wed,,,"$1,673"
3,2019,2019 EVENT #5,Regular,43,,,3/13/2019,Wed,,,"$6,553"
3,2019,2019 EVENT #6,Regular,43,,,3/13/2019,Wed,,,"$690,559"
3,2020,2020 EVENT #1,Regular,43,,,3/4/2020,Wed,,,$0
3,2020,2020 EVENT #2,Regular,43,,,3/4/2020,Wed,,,$0
3,2020,2020 EVENT #3,Regular,43,,,3/4/2020,Wed,,,$0
3,2020,2020 EVENT #4,Regular,43,,,3/4/2020,Wed,,,$0
3,2020,2020 EVENT #5,Regular,43,,,3/4/2020,Wed,,,$0
3,2020,2020 EVENT #6,Regular,43,,,3/4/2020,Wed,,,$0
4,2019,2019 EVENT #4,Regular,43,,,3/14/2019,Thu,,,$743
4,2019,2019 EVENT #5,Regular,43,,,3/14/2019,Thu,,,"$2,828"
4,2019,2019 EVENT #6,Regular,43,,,3/14/2019,Thu,,,"$39,448"
4,2020,2020 EVENT #1,Regular,43,,,3/5/2020,Thu,,,$0
4,2020,2020 EVENT #2,Regular,43,,,3/5/2020,Thu,,,$0
4,2020,2020 EVENT #3,Regular,43,,,3/5/2020,Thu,,,$0
4,2020,2020 EVENT #4,Regular,43,,,3/5/2020,Thu,,,$0
4,2020,2020 EVENT #5,Regular,43,,,3/5/2020,Thu,,,$0
4,2020,2020 EVENT #6,Regular,43,,,3/5/2020,Thu,,,$0
5,2020,2020 EVENT #1,Event Date,43,,,3/6/2020,Fri,,,$0
5,2019,2019 EVENT #4,Regular,43,,,3/15/2019,Fri,,,"$3,243"
5,2019,2019 EVENT #5,Regular,43,,,3/15/2019,Fri,,,"$3,733"
5,2019,2019 EVENT #6,Regular,43,,,3/15/2019,Fri,,,"$39,013"
5,2020,2020 EVENT #2,Regular,43,,,3/6/2020,Fri,,,$0
5,2020,2020 EVENT #3,Regular,43,,,3/6/2020,Fri,,,$0
5,2020,2020 EVENT #4,Regular,43,,,3/6/2020,Fri,,,$0
5,2020,2020 EVENT #5,Regular,43,,,3/6/2020,Fri,,,$0
5,2020,2020 EVENT #6,Regular,43,,,3/6/2020,Fri,,,$0
6,2020,2020 EVENT #2,Event Date,43,,,3/7/2020,Sat,,,$0
6,2019,2019 EVENT #4,Regular,43,,,3/16/2019,Sat,,,"$1,227"
6,2019,2019 EVENT #5,Regular,43,,,3/16/2019,Sat,,,"$1,574"
6,2019,2019 EVENT #6,Regular,43,,,3/16/2019,Sat,,,"$29,477"
6,2020,2020 EVENT #1,Regular,43,,,3/7/2020,Sat,,,$0
6,2020,2020 EVENT #3,Regular,43,,,3/7/2020,Sat,,,$0
6,2020,2020 EVENT #4,Regular,43,,,3/7/2020,Sat,,,$0
6,2020,2020 EVENT #5,Regular,43,,,3/7/2020,Sat,,,$0
6,2020,2020 EVENT #6,Regular,43,,,3/7/2020,Sat,,,$0
7,2020,2020 EVENT #3,Event Date,43,,,3/8/2020,Sun,,,$0
7,2019,2019 EVENT #4,Regular,43,,,3/17/2019,Sun,,,$0
7,2019,2019 EVENT #5,Regular,43,,,3/17/2019,Sun,,,"$1,980"
7,2019,2019 EVENT #6,Regular,43,,,3/17/2019,Sun,,,"$16,857"
7,2020,2020 EVENT #1,Regular,43,,,3/8/2020,Sun,,,$0
7,2020,2020 EVENT #2,Regular,43,,,3/8/2020,Sun,,,$0
7,2020,2020 EVENT #4,Regular,43,,,3/8/2020,Sun,,,$0
7,2020,2020 EVENT #5,Regular,43,,,3/8/2020,Sun,,,$0
7,2020,2020 EVENT #6,Regular,43,,,3/8/2020,Sun,,,$0
1,2019,2019 EVENT #4,Regular,44,,,3/18/2019,Mon,,,"$2,281"
1,2019,2019 EVENT #5,Regular,44,,,3/18/2019,Mon,,,"$8,248"
1,2019,2019 EVENT #6,Regular,44,,,3/18/2019,Mon,,,"$52,303"
1,2020,2020 EVENT #4,Regular,44,,,3/9/2020,Mon,,,$0
1,2020,2020 EVENT #5,Regular,44,,,3/9/2020,Mon,,,$0
1,2020,2020 EVENT #6,Regular,44,,,3/9/2020,Mon,,,$0
2,2019,2019 EVENT #4,Regular,44,,,3/19/2019,Tue,,,"$9,181"
2,2019,2019 EVENT #5,Regular,44,,,3/19/2019,Tue,,,"$11,466"
2,2019,2019 EVENT #6,Regular,44,,,3/19/2019,Tue,,,"$86,479"
2,2020,2020 EVENT #4,Regular,44,,,3/10/2020,Tue,,,$0
2,2020,2020 EVENT #5,Regular,44,,,3/10/2020,Tue,,,$0
2,2020,2020 EVENT #6,Regular,44,,,3/10/2020,Tue,,,$0
3,2019,2019 EVENT #4,Regular,44,,,3/20/2019,Wed,,,"$2,044"
3,2019,2019 EVENT #5,Regular,44,,,3/20/2019,Wed,,,"$10,668"
3,2019,2019 EVENT #6,Regular,44,,,3/20/2019,Wed,,,"$65,872"
3,2020,2020 EVENT #4,Regular,44,,,3/11/2020,Wed,,,$0
3,2020,2020 EVENT #5,Regular,44,,,3/11/2020,Wed,,,$0
3,2020,2020 EVENT #6,Regular,44,,,3/11/2020,Wed,,,$0
4,2019,2019 EVENT #4,Regular,44,,,3/21/2019,Thu,,,"$2,007"
4,2019,2019 EVENT #5,Regular,44,,,3/21/2019,Thu,,,"$3,847"
4,2019,2019 EVENT #6,Regular,44,,,3/21/2019,Thu,,,"$21,262"
4,2020,2020 EVENT #4,Regular,44,,,3/12/2020,Thu,,,$0
4,2020,2020 EVENT #5,Regular,44,,,3/12/2020,Thu,,,$0
4,2020,2020 EVENT #6,Regular,44,,,3/12/2020,Thu,,,$0
5,2019,2019 EVENT #4,Regular,44,,,3/22/2019,Fri,,,"$1,642"
5,2019,2019 EVENT #5,Regular,44,,,3/22/2019,Fri,,,"$2,955"
5,2019,2019 EVENT #6,Regular,44,,,3/22/2019,Fri,,,"$26,003"
5,2020,2020 EVENT #4,Regular,44,,,3/13/2020,Fri,,,$0
5,2020,2020 EVENT #5,Regular,44,,,3/13/2020,Fri,,,$0
5,2020,2020 EVENT #6,Regular,44,,,3/13/2020,Fri,,,$0
6,2019,2019 EVENT #4,Regular,44,,,3/23/2019,Sat,,,$483
6,2019,2019 EVENT #5,Regular,44,,,3/23/2019,Sat,,,$622
6,2019,2019 EVENT #6,Regular,44,,,3/23/2019,Sat,,,$0
6,2020,2020 EVENT #4,Regular,44,,,3/14/2020,Sat,,,$0
6,2020,2020 EVENT #5,Regular,44,,,3/14/2020,Sat,,,$0
6,2020,2020 EVENT #6,Regular,44,,,3/14/2020,Sat,,,$0
7,2019,2019 EVENT #4,Regular,44,,,3/24/2019,Sun,,,$0
7,2019,2019 EVENT #5,Regular,44,,,3/24/2019,Sun,,,$0
7,2019,2019 EVENT #6,Regular,44,,,3/24/2019,Sun,,,"$9,924"
7,2020,2020 EVENT #4,Regular,44,,,3/15/2020,Sun,,,$0
7,2020,2020 EVENT #5,Regular,44,,,3/15/2020,Sun,,,$0
7,2020,2020 EVENT #6,Regular,44,,,3/15/2020,Sun,,,$0
1,2019,2019 EVENT #4,Regular,45,,,3/25/2019,Mon,,,$773
1,2019,2019 EVENT #5,Regular,45,,,3/25/2019,Mon,,,"$4,943"
1,2019,2019 EVENT #6,Regular,45,,,3/25/2019,Mon,,,"$24,879"
1,2020,2020 EVENT #4,Regular,45,,,3/16/2020,Mon,,,$0
1,2020,2020 EVENT #5,Regular,45,,,3/16/2020,Mon,,,$0
1,2020,2020 EVENT #6,Regular,45,,,3/16/2020,Mon,,,$0
2,2019,2019 EVENT #4,Regular,45,,,3/26/2019,Tue,,,"$13,751"
2,2019,2019 EVENT #5,Regular,45,,,3/26/2019,Tue,,,"$15,497"
2,2019,2019 EVENT #6,Regular,45,,,3/26/2019,Tue,,,"$221,006"
2,2020,2020 EVENT #4,Regular,45,,,3/17/2020,Tue,,,$0
2,2020,2020 EVENT #5,Regular,45,,,3/17/2020,Tue,,,$0
2,2020,2020 EVENT #6,Regular,45,,,3/17/2020,Tue,,,$0
3,2019,2019 EVENT #4,Regular,45,,,3/27/2019,Wed,,,"$12,789"
3,2019,2019 EVENT #5,Regular,45,,,3/27/2019,Wed,,,"$17,049"
3,2019,2019 EVENT #6,Regular,45,,,3/27/2019,Wed,,,"$247,036"
3,2020,2020 EVENT #4,Regular,45,,,3/18/2020,Wed,,,$0
3,2020,2020 EVENT #5,Regular,45,,,3/18/2020,Wed,,,$0
3,2020,2020 EVENT #6,Regular,45,,,3/18/2020,Wed,,,$0
4,2019,2019 EVENT #4,Regular,45,,,3/28/2019,Thu,,,"$8,145"
4,2019,2019 EVENT #5,Regular,45,,,3/28/2019,Thu,,,"$11,845"
4,2019,2019 EVENT #6,Regular,45,,,3/28/2019,Thu,,,"$119,015"
4,2020,2020 EVENT #4,Regular,45,,,3/19/2020,Thu,,,$0
4,2020,2020 EVENT #5,Regular,45,,,3/19/2020,Thu,,,$0
4,2020,2020 EVENT #6,Regular,45,,,3/19/2020,Thu,,,$0
5,2019,2019 EVENT #4,Regular,45,,,3/29/2019,Fri,,,"$3,732"
5,2019,2019 EVENT #5,Regular,45,,,3/29/2019,Fri,,,"$9,228"
5,2019,2019 EVENT #6,Regular,45,,,3/29/2019,Fri,,,"$106,868"
5,2020,2020 EVENT #4,Regular,45,,,3/20/2020,Fri,,,$0
5,2020,2020 EVENT #5,Regular,45,,,3/20/2020,Fri,,,$0
5,2020,2020 EVENT #6,Regular,45,,,3/20/2020,Fri,,,$0
6,2019,2019 EVENT #4,Regular,45,,,3/30/2019,Sat,,,"$1,128"
6,2019,2019 EVENT #5,Regular,45,,,3/30/2019,Sat,,,"$3,241"
6,2019,2019 EVENT #6,Regular,45,,,3/30/2019,Sat,,,"$26,462"
6,2020,2020 EVENT #4,Regular,45,,,3/21/2020,Sat,,,$0
6,2020,2020 EVENT #5,Regular,45,,,3/21/2020,Sat,,,$0
6,2020,2020 EVENT #6,Regular,45,,,3/21/2020,Sat,,,$0
7,2019,2019 EVENT #4,Regular,45,,,3/31/2019,Sun,,,"$2,874"
7,2019,2019 EVENT #5,Regular,45,,,3/31/2019,Sun,,,"$2,615"
7,2019,2019 EVENT #6,Regular,45,,,3/31/2019,Sun,,,"$27,771"
7,2020,2020 EVENT #4,Regular,45,,,3/22/2020,Sun,,,$0
7,2020,2020 EVENT #5,Regular,45,,,3/22/2020,Sun,,,$0
7,2020,2020 EVENT #6,Regular,45,,,3/22/2020,Sun,,,$0
1,2019,2019 EVENT #4,Regular,46,,,4/1/2019,Mon,,,"$3,747"
1,2019,2019 EVENT #5,Regular,46,,,4/1/2019,Mon,,,"$5,562"
1,2019,2019 EVENT #6,Regular,46,,,4/1/2019,Mon,,,"$89,949"
1,2020,2020 EVENT #4,Regular,46,,,3/23/2020,Mon,,,$0
1,2020,2020 EVENT #5,Regular,46,,,3/23/2020,Mon,,,$0
1,2020,2020 EVENT #6,Regular,46,,,3/23/2020,Mon,,,$0
2,2019,2019 EVENT #4,Regular,46,,,4/2/2019,Tue,,,"$3,997"
2,2019,2019 EVENT #5,Regular,46,,,4/2/2019,Tue,,,"$54,286"
2,2019,2019 EVENT #6,Regular,46,,,4/2/2019,Tue,,,"$258,366"
2,2020,2020 EVENT #4,Regular,46,,,3/24/2020,Tue,,,$0
2,2020,2020 EVENT #5,Regular,46,,,3/24/2020,Tue,,,$0
2,2020,2020 EVENT #6,Regular,46,,,3/24/2020,Tue,,,$0
3,2019,2019 EVENT #4,Regular,46,,,4/3/2019,Wed,,,"$2,981"
3,2019,2019 EVENT #5,Regular,46,,,4/3/2019,Wed,,,"$6,912"
3,2019,2019 EVENT #6,Regular,46,,,4/3/2019,Wed,,,"$110,764"
3,2020,2020 EVENT #4,Regular,46,,,3/25/2020,Wed,,,$0
3,2020,2020 EVENT #5,Regular,46,,,3/25/2020,Wed,,,$0
3,2020,2020 EVENT #6,Regular,46,,,3/25/2020,Wed,,,$0
4,2019,2019 EVENT #4,Regular,46,,,4/4/2019,Thu,,,"$13,419"
4,2019,2019 EVENT #5,Regular,46,,,4/4/2019,Thu,,,"$9,975"
4,2019,2019 EVENT #6,Regular,46,,,4/4/2019,Thu,,,"$98,546"
4,2020,2020 EVENT #4,Regular,46,,,3/26/2020,Thu,,,$0
4,2020,2020 EVENT #5,Regular,46,,,3/26/2020,Thu,,,$0
4,2020,2020 EVENT #6,Regular,46,,,3/26/2020,Thu,,,$0
5,2019,2019 EVENT #4,Regular,46,,,4/5/2019,Fri,,,"$11,400"
5,2019,2019 EVENT #5,Regular,46,,,4/5/2019,Fri,,,"$19,693"
5,2019,2019 EVENT #6,Regular,46,,,4/5/2019,Fri,,,"$420,903"
5,2020,2020 EVENT #4,Regular,46,,,3/27/2020,Fri,,,$0
5,2020,2020 EVENT #5,Regular,46,,,3/27/2020,Fri,,,$0
5,2020,2020 EVENT #6,Regular,46,,,3/27/2020,Fri,,,$0
6,2019,2019 EVENT #4,Regular,46,,,4/6/2019,Sat,,,$0
6,2019,2019 EVENT #5,Regular,46,,,4/6/2019,Sat,,,$534
6,2019,2019 EVENT #6,Regular,46,,,4/6/2019,Sat,,,"$5,140"
6,2020,2020 EVENT #4,Regular,46,,,3/28/2020,Sat,,,$0
6,2020,2020 EVENT #5,Regular,46,,,3/28/2020,Sat,,,$0
6,2020,2020 EVENT #6,Regular,46,,,3/28/2020,Sat,,,$0
7,2019,2019 EVENT #4,Regular,46,,,4/7/2019,Sun,,,"$2,093"
7,2019,2019 EVENT #5,Regular,46,,,4/7/2019,Sun,,,"$1,766"
7,2019,2019 EVENT #6,Regular,46,,,4/7/2019,Sun,,,"$18,923"
7,2020,2020 EVENT #4,Regular,46,,,3/29/2020,Sun,,,$0
7,2020,2020 EVENT #5,Regular,46,,,3/29/2020,Sun,,,$0
7,2020,2020 EVENT #6,Regular,46,,,3/29/2020,Sun,,,$0
1,2019,2019 EVENT #4,Regular,47,,,4/8/2019,Mon,,,"$8,592"
1,2019,2019 EVENT #5,Regular,47,,,4/8/2019,Mon,,,"$12,245"
1,2019,2019 EVENT #6,Regular,47,,,4/8/2019,Mon,,,"$45,867"
1,2020,2020 EVENT #4,Regular,47,,,3/30/2020,Mon,,,$0
1,2020,2020 EVENT #5,Regular,47,,,3/30/2020,Mon,,,$0
1,2020,2020 EVENT #6,Regular,47,,,3/30/2020,Mon,,,$0
2,2019,2019 EVENT #4,Regular,47,,,4/9/2019,Tue,,,"$2,820"
2,2019,2019 EVENT #5,Regular,47,,,4/9/2019,Tue,,,"$5,258"
2,2019,2019 EVENT #6,Regular,47,,,4/9/2019,Tue,,,"$34,481"
2,2020,2020 EVENT #4,Regular,47,,,3/31/2020,Tue,,,$0
2,2020,2020 EVENT #5,Regular,47,,,3/31/2020,Tue,,,$0
2,2020,2020 EVENT #6,Regular,47,,,3/31/2020,Tue,,,$0
3,2019,2019 EVENT #4,Regular,47,,,4/10/2019,Wed,,,"$3,637"
3,2019,2019 EVENT #5,Regular,47,,,4/10/2019,Wed,,,"$6,202"
3,2019,2019 EVENT #6,Regular,47,,,4/10/2019,Wed,,,"$58,048"
3,2020,2020 EVENT #4,Regular,47,,,4/1/2020,Wed,,,$0
3,2020,2020 EVENT #5,Regular,47,,,4/1/2020,Wed,,,$0
3,2020,2020 EVENT #6,Regular,47,,,4/1/2020,Wed,,,$0
4,2019,2019 EVENT #4,Regular,47,,,4/11/2019,Thu,,,"$1,116"
4,2019,2019 EVENT #5,Regular,47,,,4/11/2019,Thu,,,$643
4,2019,2019 EVENT #6,Regular,47,,,4/11/2019,Thu,,,"$21,293"
4,2020,2020 EVENT #4,Regular,47,,,4/2/2020,Thu,,,$0
4,2020,2020 EVENT #5,Regular,47,,,4/2/2020,Thu,,,$0
4,2020,2020 EVENT #6,Regular,47,,,4/2/2020,Thu,,,$0
5,2019,2019 EVENT #4,Regular,47,,,4/12/2019,Fri,,,"$1,592"
5,2019,2019 EVENT #5,Regular,47,,,4/12/2019,Fri,,,"$9,734"
5,2019,2019 EVENT #6,Regular,47,,,4/12/2019,Fri,,,"$32,235"
5,2020,2020 EVENT #4,Regular,47,,,4/3/2020,Fri,,,$0
5,2020,2020 EVENT #5,Regular,47,,,4/3/2020,Fri,,,$0
5,2020,2020 EVENT #6,Regular,47,,,4/3/2020,Fri,,,$0
6,2019,2019 EVENT #4,Regular,47,,,4/13/2019,Sat,,,$0
6,2019,2019 EVENT #5,Regular,47,,,4/13/2019,Sat,,,$438
6,2019,2019 EVENT #6,Regular,47,,,4/13/2019,Sat,,,"$1,145"
6,2020,2020 EVENT #4,Regular,47,,,4/4/2020,Sat,,,$0
6,2020,2020 EVENT #5,Regular,47,,,4/4/2020,Sat,,,$0
6,2020,2020 EVENT #6,Regular,47,,,4/4/2020,Sat,,,$0
7,2019,2019 EVENT #4,Regular,47,,,4/14/2019,Sun,,,$769
7,2019,2019 EVENT #5,Regular,47,,,4/14/2019,Sun,,,"$1,149"
7,2019,2019 EVENT #6,Regular,47,,,4/14/2019,Sun,,,"$4,564"
7,2020,2020 EVENT #4,Regular,47,,,4/5/2020,Sun,,,$0
7,2020,2020 EVENT #5,Regular,47,,,4/5/2020,Sun,,,$0
7,2020,2020 EVENT #6,Regular,47,,,4/5/2020,Sun,,,$0
1,2019,2019 EVENT #4,Regular,48,,,4/15/2019,Mon,,,"$2,616"
1,2019,2019 EVENT #5,Regular,48,,,4/15/2019,Mon,,,"$3,271"
1,2019,2019 EVENT #6,Regular,48,,,4/15/2019,Mon,,,"$67,500"
1,2020,2020 EVENT #4,Regular,48,,,4/6/2020,Mon,,,$0
1,2020,2020 EVENT #5,Regular,48,,,4/6/2020,Mon,,,$0
1,2020,2020 EVENT #6,Regular,48,,,4/6/2020,Mon,,,$0
2,2019,2019 EVENT #4,Regular,48,,,4/16/2019,Tue,,,$732
2,2019,2019 EVENT #5,Regular,48,,,4/16/2019,Tue,,,$433
2,2019,2019 EVENT #6,Regular,48,,,4/16/2019,Tue,,,"$33,371"
2,2020,2020 EVENT #4,Regular,48,,,4/7/2020,Tue,,,$0
2,2020,2020 EVENT #5,Regular,48,,,4/7/2020,Tue,,,$0
2,2020,2020 EVENT #6,Regular,48,,,4/7/2020,Tue,,,$0
3,2019,2019 EVENT #4,Regular,48,,,4/17/2019,Wed,,,"$3,393"
3,2019,2019 EVENT #5,Regular,48,,,4/17/2019,Wed,,,"$2,752"
3,2019,2019 EVENT #6,Regular,48,,,4/17/2019,Wed,,,"$37,298"
3,2020,2020 EVENT #4,Regular,48,,,4/8/2020,Wed,,,$0
3,2020,2020 EVENT #5,Regular,48,,,4/8/2020,Wed,,,$0
3,2020,2020 EVENT #6,Regular,48,,,4/8/2020,Wed,,,$0
4,2019,2019 EVENT #4,Regular,48,,,4/18/2019,Thu,,,$750
4,2019,2019 EVENT #5,Regular,48,,,4/18/2019,Thu,,,"$2,615"
4,2019,2019 EVENT #6,Regular,48,,,4/18/2019,Thu,,,"$30,337"
4,2020,2020 EVENT #4,Regular,48,,,4/9/2020,Thu,,,$0
4,2020,2020 EVENT #5,Regular,48,,,4/9/2020,Thu,,,$0
4,2020,2020 EVENT #6,Regular,48,,,4/9/2020,Thu,,,$0
5,2019,2019 EVENT #4,Regular,48,,,4/19/2019,Fri,,,"$7,201"
5,2019,2019 EVENT #5,Regular,48,,,4/19/2019,Fri,,,"$6,459"
5,2019,2019 EVENT #6,Regular,48,,,4/19/2019,Fri,,,"$39,918"
5,2020,2020 EVENT #4,Regular,48,,,4/10/2020,Fri,,,$0
5,2020,2020 EVENT #5,Regular,48,,,4/10/2020,Fri,,,$0
5,2020,2020 EVENT #6,Regular,48,,,4/10/2020,Fri,,,$0
6,2019,2019 EVENT #4,Regular,48,,,4/20/2019,Sat,,,$235
6,2019,2019 EVENT #5,Regular,48,,,4/20/2019,Sat,,,$0
6,2019,2019 EVENT #6,Regular,48,,,4/20/2019,Sat,,,"$6,092"
6,2020,2020 EVENT #4,Regular,48,,,4/11/2020,Sat,,,$0
6,2020,2020 EVENT #5,Regular,48,,,4/11/2020,Sat,,,$0
6,2020,2020 EVENT #6,Regular,48,,,4/11/2020,Sat,,,$0
7,2019,2019 EVENT #4,Regular,48,,,4/21/2019,Sun,,,$477
7,2019,2019 EVENT #5,Regular,48,,,4/21/2019,Sun,,,$961
7,2019,2019 EVENT #6,Regular,48,,,4/21/2019,Sun,,,"$9,383"
7,2020,2020 EVENT #4,Regular,48,,,4/12/2020,Sun,,,$0
7,2020,2020 EVENT #5,Regular,48,,,4/12/2020,Sun,,,$0
7,2020,2020 EVENT #6,Regular,48,,,4/12/2020,Sun,,,$0
1,2019,2019 EVENT #4,Regular,49,,,4/22/2019,Mon,,,"$2,746"
1,2019,2019 EVENT #5,Regular,49,,,4/22/2019,Mon,,,"$4,314"
1,2019,2019 EVENT #6,Regular,49,,,4/22/2019,Mon,,,"$31,109"
1,2020,2020 EVENT #4,Regular,49,,,4/13/2020,Mon,,,$0
1,2020,2020 EVENT #5,Regular,49,,,4/13/2020,Mon,,,$0
1,2020,2020 EVENT #6,Regular,49,,,4/13/2020,Mon,,,$0
2,2019,2019 EVENT #4,Regular,49,,,4/23/2019,Tue,,,$0
2,2019,2019 EVENT #5,Regular,49,,,4/23/2019,Tue,,,$0
2,2019,2019 EVENT #6,Regular,49,,,4/23/2019,Tue,,,"$35,648"
2,2020,2020 EVENT #4,Regular,49,,,4/14/2020,Tue,,,$0
2,2020,2020 EVENT #5,Regular,49,,,4/14/2020,Tue,,,$0
2,2020,2020 EVENT #6,Regular,49,,,4/14/2020,Tue,,,$0
3,2019,2019 EVENT #4,Regular,49,,,4/24/2019,Wed,,,"$2,348"
3,2019,2019 EVENT #5,Regular,49,,,4/24/2019,Wed,,,"$6,084"
3,2019,2019 EVENT #6,Regular,49,,,4/24/2019,Wed,,,"$37,138"
3,2020,2020 EVENT #4,Regular,49,,,4/15/2020,Wed,,,$0
3,2020,2020 EVENT #5,Regular,49,,,4/15/2020,Wed,,,$0
3,2020,2020 EVENT #6,Regular,49,,,4/15/2020,Wed,,,$0
4,2019,2019 EVENT #4,Regular,49,,,4/25/2019,Thu,,,$499
4,2019,2019 EVENT #5,Regular,49,,,4/25/2019,Thu,,,"$4,203"
4,2019,2019 EVENT #6,Regular,49,,,4/25/2019,Thu,,,"$66,509"
4,2020,2020 EVENT #4,Regular,49,,,4/16/2020,Thu,,,$0
4,2020,2020 EVENT #5,Regular,49,,,4/16/2020,Thu,,,$0
4,2020,2020 EVENT #6,Regular,49,,,4/16/2020,Thu,,,$0
5,2019,2019 EVENT #4,Regular,49,,,4/26/2019,Fri,,,$708
5,2019,2019 EVENT #5,Regular,49,,,4/26/2019,Fri,,,"$5,366"
5,2019,2019 EVENT #6,Regular,49,,,4/26/2019,Fri,,,"$33,909"
5,2020,2020 EVENT #4,Regular,49,,,4/17/2020,Fri,,,$0
5,2020,2020 EVENT #5,Regular,49,,,4/17/2020,Fri,,,$0
5,2020,2020 EVENT #6,Regular,49,,,4/17/2020,Fri,,,$0
6,2019,2019 EVENT #4,Regular,49,,,4/27/2019,Sat,,,"$1,671"
6,2019,2019 EVENT #5,Regular,49,,,4/27/2019,Sat,,,$0
6,2019,2019 EVENT #6,Regular,49,,,4/27/2019,Sat,,,"$16,787"
6,2020,2020 EVENT #4,Regular,49,,,4/18/2020,Sat,,,$0
6,2020,2020 EVENT #5,Regular,49,,,4/18/2020,Sat,,,$0
6,2020,2020 EVENT #6,Regular,49,,,4/18/2020,Sat,,,$0
7,2019,2019 EVENT #4,Regular,49,,,4/28/2019,Sun,,,$0
7,2019,2019 EVENT #5,Regular,49,,,4/28/2019,Sun,,,$0
7,2019,2019 EVENT #6,Regular,49,,,4/28/2019,Sun,,,"$7,677"
7,2020,2020 EVENT #4,Regular,49,,,4/19/2020,Sun,,,$0
7,2020,2020 EVENT #5,Regular,49,,,4/19/2020,Sun,,,$0
7,2020,2020 EVENT #6,Regular,49,,,4/19/2020,Sun,,,$0
1,2019,2019 EVENT #4,Regular,50,,,4/29/2019,Mon,,,$867
1,2019,2019 EVENT #5,Regular,50,,,4/29/2019,Mon,,,"$3,287"
1,2019,2019 EVENT #6,Regular,50,,,4/29/2019,Mon,,,"$109,104"
1,2020,2020 EVENT #4,Regular,50,,,4/20/2020,Mon,,,$0
1,2020,2020 EVENT #5,Regular,50,,,4/20/2020,Mon,,,$0
1,2020,2020 EVENT #6,Regular,50,,,4/20/2020,Mon,,,$0
2,2019,2019 EVENT #4,Regular,50,,,4/30/2019,Tue,,,$653
2,2019,2019 EVENT #5,Regular,50,,,4/30/2019,Tue,,,"$1,942"
2,2019,2019 EVENT #6,Regular,50,,,4/30/2019,Tue,,,"$35,638"
2,2020,2020 EVENT #4,Regular,50,,,4/21/2020,Tue,,,$0
2,2020,2020 EVENT #5,Regular,50,,,4/21/2020,Tue,,,$0
2,2020,2020 EVENT #6,Regular,50,,,4/21/2020,Tue,,,$0
3,2019,2019 EVENT #4,Regular,50,,,5/1/2019,Wed,,,"$3,727"
3,2019,2019 EVENT #5,Regular,50,,,5/1/2019,Wed,,,"$4,536"
3,2019,2019 EVENT #6,Regular,50,,,5/1/2019,Wed,,,"$42,275"
3,2020,2020 EVENT #4,Regular,50,,,4/22/2020,Wed,,,$0
3,2020,2020 EVENT #5,Regular,50,,,4/22/2020,Wed,,,$0
3,2020,2020 EVENT #6,Regular,50,,,4/22/2020,Wed,,,$0
4,2019,2019 EVENT #4,Regular,50,,,5/2/2019,Thu,,,"$2,502"
4,2019,2019 EVENT #5,Regular,50,,,5/2/2019,Thu,,,"$6,347"
4,2019,2019 EVENT #6,Regular,50,,,5/2/2019,Thu,,,"$34,561"
4,2020,2020 EVENT #4,Regular,50,,,4/23/2020,Thu,,,$0
4,2020,2020 EVENT #5,Regular,50,,,4/23/2020,Thu,,,$0
4,2020,2020 EVENT #6,Regular,50,,,4/23/2020,Thu,,,$0
5,2019,2019 EVENT #4,Regular,50,,,5/3/2019,Fri,,,"$2,564"
5,2019,2019 EVENT #5,Regular,50,,,5/3/2019,Fri,,,"$6,047"
5,2019,2019 EVENT #6,Regular,50,,,5/3/2019,Fri,,,"$29,048"
5,2020,2020 EVENT #4,Regular,50,,,4/24/2020,Fri,,,$0
5,2020,2020 EVENT #5,Regular,50,,,4/24/2020,Fri,,,$0
5,2020,2020 EVENT #6,Regular,50,,,4/24/2020,Fri,,,$0
6,2019,2019 EVENT #4,Regular,50,,,5/4/2019,Sat,,,$0
6,2019,2019 EVENT #5,Regular,50,,,5/4/2019,Sat,,,$682
6,2019,2019 EVENT #6,Regular,50,,,5/4/2019,Sat,,,"$3,754"
6,2020,2020 EVENT #4,Regular,50,,,4/25/2020,Sat,,,$0
6,2020,2020 EVENT #5,Regular,50,,,4/25/2020,Sat,,,$0
6,2020,2020 EVENT #6,Regular,50,,,4/25/2020,Sat,,,$0
7,2019,2019 EVENT #4,Regular,50,,,5/5/2019,Sun,,,"$1,810"
7,2019,2019 EVENT #5,Regular,50,,,5/5/2019,Sun,,,"$2,757"
7,2019,2019 EVENT #6,Regular,50,,,5/5/2019,Sun,,,"$12,018"
7,2020,2020 EVENT #4,Regular,50,,,4/26/2020,Sun,,,$0
7,2020,2020 EVENT #5,Regular,50,,,4/26/2020,Sun,,,$0
7,2020,2020 EVENT #6,Regular,50,,,4/26/2020,Sun,,,$0
1,2019,2019 EVENT #4,Regular,51,,,5/6/2019,Mon,,,"$2,506"
1,2019,2019 EVENT #5,Regular,51,,,5/6/2019,Mon,,,"$3,871"
1,2019,2019 EVENT #6,Regular,51,,,5/6/2019,Mon,,,"$55,513"
1,2020,2020 EVENT #4,Regular,51,,,4/27/2020,Mon,,,$0
1,2020,2020 EVENT #5,Regular,51,,,4/27/2020,Mon,,,$0
1,2020,2020 EVENT #6,Regular,51,,,4/27/2020,Mon,,,$0
2,2019,2019 EVENT #4,Regular,51,,,5/7/2019,Tue,,,$991
2,2019,2019 EVENT #5,Regular,51,,,5/7/2019,Tue,,,"$3,655"
2,2019,2019 EVENT #6,Regular,51,,,5/7/2019,Tue,,,"$131,676"
2,2020,2020 EVENT #4,Regular,51,,,4/28/2020,Tue,,,$0
2,2020,2020 EVENT #5,Regular,51,,,4/28/2020,Tue,,,$0
2,2020,2020 EVENT #6,Regular,51,,,4/28/2020,Tue,,,$0
3,2019,2019 EVENT #4,Regular,51,,,5/8/2019,Wed,,,"$1,430"
3,2019,2019 EVENT #5,Regular,51,,,5/8/2019,Wed,,,$0
3,2019,2019 EVENT #6,Regular,51,,,5/8/2019,Wed,,,"$37,512"
3,2020,2020 EVENT #4,Regular,51,,,4/29/2020,Wed,,,$0
3,2020,2020 EVENT #5,Regular,51,,,4/29/2020,Wed,,,$0
3,2020,2020 EVENT #6,Regular,51,,,4/29/2020,Wed,,,$0
4,2019,2019 EVENT #4,Regular,51,,,5/9/2019,Thu,,,"$3,373"
4,2019,2019 EVENT #5,Regular,51,,,5/9/2019,Thu,,,"$2,697"
4,2019,2019 EVENT #6,Regular,51,,,5/9/2019,Thu,,,"$57,714"
4,2020,2020 EVENT #4,Regular,51,,,4/30/2020,Thu,,,$0
4,2020,2020 EVENT #5,Regular,51,,,4/30/2020,Thu,,,$0
4,2020,2020 EVENT #6,Regular,51,,,4/30/2020,Thu,,,$0
5,2019,2019 EVENT #4,Regular,51,,,5/10/2019,Fri,,,"$1,253"
5,2019,2019 EVENT #5,Regular,51,,,5/10/2019,Fri,,,"$2,645"
5,2019,2019 EVENT #6,Regular,51,,,5/10/2019,Fri,,,"$36,897"
5,2020,2020 EVENT #4,Regular,51,,,5/1/2020,Fri,,,$0
5,2020,2020 EVENT #5,Regular,51,,,5/1/2020,Fri,,,$0
5,2020,2020 EVENT #6,Regular,51,,,5/1/2020,Fri,,,$0
6,2019,2019 EVENT #4,Regular,51,,,5/11/2019,Sat,,,$0
6,2019,2019 EVENT #5,Regular,51,,,5/11/2019,Sat,,,$0
6,2019,2019 EVENT #6,Regular,51,,,5/11/2019,Sat,,,"$7,243"
6,2020,2020 EVENT #4,Regular,51,,,5/2/2020,Sat,,,$0
6,2020,2020 EVENT #5,Regular,51,,,5/2/2020,Sat,,,$0
6,2020,2020 EVENT #6,Regular,51,,,5/2/2020,Sat,,,$0
7,2019,2019 EVENT #4,Regular,51,,,5/12/2019,Sun,,,$0
7,2019,2019 EVENT #5,Regular,51,,,5/12/2019,Sun,,,"$2,582"
7,2019,2019 EVENT #6,Regular,51,,,5/12/2019,Sun,,,"$20,019"
7,2020,2020 EVENT #4,Regular,51,,,5/3/2020,Sun,,,$0
7,2020,2020 EVENT #5,Regular,51,,,5/3/2020,Sun,,,$0
7,2020,2020 EVENT #6,Regular,51,,,5/3/2020,Sun,,,$0
1,2019,2019 EVENT #4,Regular,52,,,5/13/2019,Mon,,,$773
1,2019,2019 EVENT #5,Regular,52,,,5/13/2019,Mon,,,$0
1,2019,2019 EVENT #6,Regular,52,,,5/13/2019,Mon,,,"$23,308"
1,2020,2020 EVENT #4,Regular,52,,,5/4/2020,Mon,,,$0
1,2020,2020 EVENT #5,Regular,52,,,5/4/2020,Mon,,,$0
1,2020,2020 EVENT #6,Regular,52,,,5/4/2020,Mon,,,$0
2,2019,2019 EVENT #4,Regular,52,,,5/14/2019,Tue,,,$185
2,2019,2019 EVENT #5,Regular,52,,,5/14/2019,Tue,,,"$2,950"
2,2019,2019 EVENT #6,Regular,52,,,5/14/2019,Tue,,,"$21,478"
2,2020,2020 EVENT #4,Regular,52,,,5/5/2020,Tue,,,$0
2,2020,2020 EVENT #5,Regular,52,,,5/5/2020,Tue,,,$0
2,2020,2020 EVENT #6,Regular,52,,,5/5/2020,Tue,,,$0
3,2019,2019 EVENT #4,Regular,52,,,5/15/2019,Wed,,,"$4,686"
3,2019,2019 EVENT #5,Regular,52,,,5/15/2019,Wed,,,"$2,822"
3,2019,2019 EVENT #6,Regular,52,,,5/15/2019,Wed,,,"$45,329"
3,2020,2020 EVENT #4,Regular,52,,,5/6/2020,Wed,,,$0
3,2020,2020 EVENT #5,Regular,52,,,5/6/2020,Wed,,,$0
3,2020,2020 EVENT #6,Regular,52,,,5/6/2020,Wed,,,$0
4,2019,2019 EVENT #4,Regular,52,,,5/16/2019,Thu,,,"$1,099"
4,2019,2019 EVENT #5,Regular,52,,,5/16/2019,Thu,,,$557
4,2019,2019 EVENT #6,Regular,52,,,5/16/2019,Thu,,,"$44,096"
4,2020,2020 EVENT #4,Regular,52,,,5/7/2020,Thu,,,$0
4,2020,2020 EVENT #5,Regular,52,,,5/7/2020,Thu,,,$0
4,2020,2020 EVENT #6,Regular,52,,,5/7/2020,Thu,,,$0
5,2019,2019 EVENT #4,Regular,52,,,5/17/2019,Fri,,,"$1,200"
5,2019,2019 EVENT #5,Regular,52,,,5/17/2019,Fri,,,"$3,801"
5,2019,2019 EVENT #6,Regular,52,,,5/17/2019,Fri,,,"$38,518"
5,2020,2020 EVENT #4,Regular,52,,,5/8/2020,Fri,,,$0
5,2020,2020 EVENT #5,Regular,52,,,5/8/2020,Fri,,,$0
5,2020,2020 EVENT #6,Regular,52,,,5/8/2020,Fri,,,$0
6,2019,2019 EVENT #4,Regular,52,,,5/18/2019,Sat,,,$0
6,2019,2019 EVENT #5,Regular,52,,,5/18/2019,Sat,,,$0
6,2019,2019 EVENT #6,Regular,52,,,5/18/2019,Sat,,,$0
6,2020,2020 EVENT #4,Regular,52,,,5/9/2020,Sat,,,$0
6,2020,2020 EVENT #5,Regular,52,,,5/9/2020,Sat,,,$0
6,2020,2020 EVENT #6,Regular,52,,,5/9/2020,Sat,,,$0
7,2019,2019 EVENT #4,Regular,52,,,5/19/2019,Sun,,,$883
7,2019,2019 EVENT #5,Regular,52,,,5/19/2019,Sun,,,$990
7,2019,2019 EVENT #6,Regular,52,,,5/19/2019,Sun,,,"$9,708"
7,2020,2020 EVENT #4,Regular,52,,,5/10/2020,Sun,,,$0
7,2020,2020 EVENT #5,Regular,52,,,5/10/2020,Sun,,,$0
7,2020,2020 EVENT #6,Regular,52,,,5/10/2020,Sun,,,$0
1,2019,2019 EVENT #4,Regular,53,,,5/20/2019,Mon,,,"$1,208"
1,2019,2019 EVENT #5,Regular,53,,,5/20/2019,Mon,,,"$3,156"
1,2019,2019 EVENT #6,Regular,53,,,5/20/2019,Mon,,,"$106,349"
1,2020,2020 EVENT #4,Regular,53,,,5/11/2020,Mon,,,$0
1,2020,2020 EVENT #5,Regular,53,,,5/11/2020,Mon,,,$0
1,2020,2020 EVENT #6,Regular,53,,,5/11/2020,Mon,,,$0
2,2019,2019 EVENT #4,Regular,53,,,5/21/2019,Tue,,,"$1,002"
2,2019,2019 EVENT #5,Regular,53,,,5/21/2019,Tue,,,"$3,600"
2,2019,2019 EVENT #6,Regular,53,,,5/21/2019,Tue,,,"$47,740"
2,2020,2020 EVENT #4,Regular,53,,,5/12/2020,Tue,,,$0
2,2020,2020 EVENT #5,Regular,53,,,5/12/2020,Tue,,,$0
2,2020,2020 EVENT #6,Regular,53,,,5/12/2020,Tue,,,$0
3,2019,2019 EVENT #4,Regular,53,,,5/22/2019,Wed,,,$538
3,2019,2019 EVENT #5,Regular,53,,,5/22/2019,Wed,,,$0
3,2019,2019 EVENT #6,Regular,53,,,5/22/2019,Wed,,,"$426,673"
3,2020,2020 EVENT #4,Regular,53,,,5/13/2020,Wed,,,$0
3,2020,2020 EVENT #5,Regular,53,,,5/13/2020,Wed,,,$0
3,2020,2020 EVENT #6,Regular,53,,,5/13/2020,Wed,,,$0
4,2019,2019 EVENT #4,Regular,53,,,5/23/2019,Thu,,,$859
4,2019,2019 EVENT #5,Regular,53,,,5/23/2019,Thu,,,$827
4,2019,2019 EVENT #6,Regular,53,,,5/23/2019,Thu,,,"$93,863"
4,2020,2020 EVENT #4,Regular,53,,,5/14/2020,Thu,,,$0
4,2020,2020 EVENT #5,Regular,53,,,5/14/2020,Thu,,,$0
4,2020,2020 EVENT #6,Regular,53,,,5/14/2020,Thu,,,$0
5,2019,2019 EVENT #4,Regular,53,,,5/24/2019,Fri,,,"$1,075"
5,2019,2019 EVENT #5,Regular,53,,,5/24/2019,Fri,,,"$3,091"
5,2019,2019 EVENT #6,Regular,53,,,5/24/2019,Fri,,,"$112,373"
5,2020,2020 EVENT #4,Regular,53,,,5/15/2020,Fri,,,$0
5,2020,2020 EVENT #5,Regular,53,,,5/15/2020,Fri,,,$0
5,2020,2020 EVENT #6,Regular,53,,,5/15/2020,Fri,,,$0
6,2019,2019 EVENT #4,Regular,53,,,5/25/2019,Sat,,,$0
6,2019,2019 EVENT #5,Regular,53,,,5/25/2019,Sat,,,$0
6,2019,2019 EVENT #6,Regular,53,,,5/25/2019,Sat,,,"$39,682"
6,2020,2020 EVENT #4,Regular,53,,,5/16/2020,Sat,,,$0
6,2020,2020 EVENT #5,Regular,53,,,5/16/2020,Sat,,,$0
6,2020,2020 EVENT #6,Regular,53,,,5/16/2020,Sat,,,$0
7,2019,2019 EVENT #4,Regular,53,,,5/26/2019,Sun,,,$0
7,2019,2019 EVENT #5,Regular,53,,,5/26/2019,Sun,,,$626
7,2019,2019 EVENT #6,Regular,53,,,5/26/2019,Sun,,,"$6,568"
7,2020,2020 EVENT #4,Regular,53,,,5/17/2020,Sun,,,$0
7,2020,2020 EVENT #5,Regular,53,,,5/17/2020,Sun,,,$0
7,2020,2020 EVENT #6,Regular,53,,,5/17/2020,Sun,,,$0
1,2019,2019 EVENT #4,Regular,54,,,5/27/2019,Mon,,,$0
1,2019,2019 EVENT #5,Regular,54,,,5/27/2019,Mon,,,$651
1,2019,2019 EVENT #6,Regular,54,,,5/27/2019,Mon,,,"$3,713"
1,2020,2020 EVENT #4,Regular,54,,,5/18/2020,Mon,,,$0
1,2020,2020 EVENT #5,Regular,54,,,5/18/2020,Mon,,,$0
1,2020,2020 EVENT #6,Regular,54,,,5/18/2020,Mon,,,$0
2,2019,2019 EVENT #4,Regular,54,,,5/28/2019,Tue,,,"$1,570"
2,2019,2019 EVENT #5,Regular,54,,,5/28/2019,Tue,,,"$18,168"
2,2019,2019 EVENT #6,Regular,54,,,5/28/2019,Tue,,,"$183,761"
2,2020,2020 EVENT #4,Regular,54,,,5/19/2020,Tue,,,$0
2,2020,2020 EVENT #5,Regular,54,,,5/19/2020,Tue,,,$0
2,2020,2020 EVENT #6,Regular,54,,,5/19/2020,Tue,,,$0
3,2019,2019 EVENT #4,Regular,54,,,5/29/2019,Wed,,,"$3,353"
3,2019,2019 EVENT #5,Regular,54,,,5/29/2019,Wed,,,"$3,218"
3,2019,2019 EVENT #6,Regular,54,,,5/29/2019,Wed,,,"$50,722"
3,2020,2020 EVENT #4,Regular,54,,,5/20/2020,Wed,,,$0
3,2020,2020 EVENT #5,Regular,54,,,5/20/2020,Wed,,,$0
3,2020,2020 EVENT #6,Regular,54,,,5/20/2020,Wed,,,$0
4,2019,2019 EVENT #4,Regular,54,,,5/30/2019,Thu,,,"$1,028"
4,2019,2019 EVENT #5,Regular,54,,,5/30/2019,Thu,,,"$4,780"
4,2019,2019 EVENT #6,Regular,54,,,5/30/2019,Thu,,,"$57,244"
4,2020,2020 EVENT #4,Regular,54,,,5/21/2020,Thu,,,$0
4,2020,2020 EVENT #5,Regular,54,,,5/21/2020,Thu,,,$0
4,2020,2020 EVENT #6,Regular,54,,,5/21/2020,Thu,,,$0
5,2019,2019 EVENT #4,Regular,54,,,5/31/2019,Fri,,,$931
5,2019,2019 EVENT #5,Regular,54,,,5/31/2019,Fri,,,"$1,990"
5,2019,2019 EVENT #6,Regular,54,,,5/31/2019,Fri,,,"$39,072"
5,2020,2020 EVENT #4,Regular,54,,,5/22/2020,Fri,,,$0
5,2020,2020 EVENT #5,Regular,54,,,5/22/2020,Fri,,,$0
5,2020,2020 EVENT #6,Regular,54,,,5/22/2020,Fri,,,$0
6,2019,2019 EVENT #4,Regular,54,,,6/1/2019,Sat,,,$0
6,2019,2019 EVENT #5,Regular,54,,,6/1/2019,Sat,,,"$1,531"
6,2019,2019 EVENT #6,Regular,54,,,6/1/2019,Sat,,,"$5,177"
6,2020,2020 EVENT #4,Regular,54,,,5/23/2020,Sat,,,$0
6,2020,2020 EVENT #5,Regular,54,,,5/23/2020,Sat,,,$0
6,2020,2020 EVENT #6,Regular,54,,,5/23/2020,Sat,,,$0
7,2019,2019 EVENT #4,Regular,54,,,6/2/2019,Sun,,,$0
7,2019,2019 EVENT #5,Regular,54,,,6/2/2019,Sun,,,"$2,292"
7,2019,2019 EVENT #6,Regular,54,,,6/2/2019,Sun,,,"$12,996"
7,2020,2020 EVENT #4,Regular,54,,,5/24/2020,Sun,,,$0
7,2020,2020 EVENT #5,Regular,54,,,5/24/2020,Sun,,,$0
7,2020,2020 EVENT #6,Regular,54,,,5/24/2020,Sun,,,$0
1,2019,2019 EVENT #4,Regular,55,,,6/3/2019,Mon,,,$760
1,2019,2019 EVENT #5,Regular,55,,,6/3/2019,Mon,,,"$3,846"
1,2019,2019 EVENT #6,Regular,55,,,6/3/2019,Mon,,,"$21,978"
1,2020,2020 EVENT #4,Regular,55,,,5/25/2020,Mon,,,$0
1,2020,2020 EVENT #5,Regular,55,,,5/25/2020,Mon,,,$0
1,2020,2020 EVENT #6,Regular,55,,,5/25/2020,Mon,,,$0
2,2019,2019 EVENT #4,Regular,55,,,6/4/2019,Tue,,,"$8,463"
2,2019,2019 EVENT #5,Regular,55,,,6/4/2019,Tue,,,"$2,969"
2,2019,2019 EVENT #6,Regular,55,,,6/4/2019,Tue,,,"$85,207"
2,2020,2020 EVENT #4,Regular,55,,,5/26/2020,Tue,,,$0
2,2020,2020 EVENT #5,Regular,55,,,5/26/2020,Tue,,,$0
2,2020,2020 EVENT #6,Regular,55,,,5/26/2020,Tue,,,$0
3,2019,2019 EVENT #4,Regular,55,,,6/5/2019,Wed,,,"$2,199"
3,2019,2019 EVENT #5,Regular,55,,,6/5/2019,Wed,,,"$1,630"
3,2019,2019 EVENT #6,Regular,55,,,6/5/2019,Wed,,,"$11,638"
3,2020,2020 EVENT #4,Regular,55,,,5/27/2020,Wed,,,$0
3,2020,2020 EVENT #5,Regular,55,,,5/27/2020,Wed,,,$0
3,2020,2020 EVENT #6,Regular,55,,,5/27/2020,Wed,,,$0
4,2019,2019 EVENT #4,Regular,55,,,6/6/2019,Thu,,,"$1,487"
4,2019,2019 EVENT #5,Regular,55,,,6/6/2019,Thu,,,"$3,775"
4,2019,2019 EVENT #6,Regular,55,,,6/6/2019,Thu,,,"$30,202"
4,2020,2020 EVENT #4,Regular,55,,,5/28/2020,Thu,,,$0
4,2020,2020 EVENT #5,Regular,55,,,5/28/2020,Thu,,,$0
4,2020,2020 EVENT #6,Regular,55,,,5/28/2020,Thu,,,$0
5,2019,2019 EVENT #4,Regular,55,,,6/7/2019,Fri,,,$710
5,2019,2019 EVENT #5,Regular,55,,,6/7/2019,Fri,,,"$1,387"
5,2019,2019 EVENT #6,Regular,55,,,6/7/2019,Fri,,,"$23,243"
5,2020,2020 EVENT #4,Regular,55,,,5/29/2020,Fri,,,$0
5,2020,2020 EVENT #5,Regular,55,,,5/29/2020,Fri,,,$0
5,2020,2020 EVENT #6,Regular,55,,,5/29/2020,Fri,,,$0
6,2019,2019 EVENT #4,Regular,55,,,6/8/2019,Sat,,,$978
6,2019,2019 EVENT #5,Regular,55,,,6/8/2019,Sat,,,"$2,156"
6,2019,2019 EVENT #6,Regular,55,,,6/8/2019,Sat,,,"$9,378"
6,2020,2020 EVENT #4,Regular,55,,,5/30/2020,Sat,,,$0
6,2020,2020 EVENT #5,Regular,55,,,5/30/2020,Sat,,,$0
6,2020,2020 EVENT #6,Regular,55,,,5/30/2020,Sat,,,$0
7,2019,2019 EVENT #4,Regular,55,,,6/9/2019,Sun,,,"$2,010"
7,2019,2019 EVENT #5,Regular,55,,,6/9/2019,Sun,,,$0
7,2019,2019 EVENT #6,Regular,55,,,6/9/2019,Sun,,,"$13,802"
7,2020,2020 EVENT #4,Regular,55,,,5/31/2020,Sun,,,$0
7,2020,2020 EVENT #5,Regular,55,,,5/31/2020,Sun,,,$0
7,2020,2020 EVENT #6,Regular,55,,,5/31/2020,Sun,,,$0
1,2019,2019 EVENT #4,Regular,56,,,6/10/2019,Mon,,,"$1,433"
1,2019,2019 EVENT #5,Regular,56,,,6/10/2019,Mon,,,"$5,328"
1,2019,2019 EVENT #6,Regular,56,,,6/10/2019,Mon,,,"$85,379"
1,2020,2020 EVENT #4,Regular,56,,,6/1/2020,Mon,,,$0
1,2020,2020 EVENT #5,Regular,56,,,6/1/2020,Mon,,,$0
1,2020,2020 EVENT #6,Regular,56,,,6/1/2020,Mon,,,$0
2,2019,2019 EVENT #4,Regular,56,,,6/11/2019,Tue,,,"$3,427"
2,2019,2019 EVENT #5,Regular,56,,,6/11/2019,Tue,,,"$7,036"
2,2019,2019 EVENT #6,Regular,56,,,6/11/2019,Tue,,,"$38,465"
2,2020,2020 EVENT #4,Regular,56,,,6/2/2020,Tue,,,$0
2,2020,2020 EVENT #5,Regular,56,,,6/2/2020,Tue,,,$0
2,2020,2020 EVENT #6,Regular,56,,,6/2/2020,Tue,,,$0
3,2019,2019 EVENT #4,Regular,56,,,6/12/2019,Wed,,,"$3,768"
3,2019,2019 EVENT #5,Regular,56,,,6/12/2019,Wed,,,"$5,721"
3,2019,2019 EVENT #6,Regular,56,,,6/12/2019,Wed,,,"$18,594"
3,2020,2020 EVENT #4,Regular,56,,,6/3/2020,Wed,,,$0
3,2020,2020 EVENT #5,Regular,56,,,6/3/2020,Wed,,,$0
3,2020,2020 EVENT #6,Regular,56,,,6/3/2020,Wed,,,$0
4,2019,2019 EVENT #4,Regular,56,,,6/13/2019,Thu,,,$0
4,2019,2019 EVENT #5,Regular,56,,,6/13/2019,Thu,,,"$4,236"
4,2019,2019 EVENT #6,Regular,56,,,6/13/2019,Thu,,,"$34,918"
4,2020,2020 EVENT #4,Regular,56,,,6/4/2020,Thu,,,$0
4,2020,2020 EVENT #5,Regular,56,,,6/4/2020,Thu,,,$0
4,2020,2020 EVENT #6,Regular,56,,,6/4/2020,Thu,,,$0
5,2019,2019 EVENT #4,Regular,56,,,6/14/2019,Fri,,,"$1,293"
5,2019,2019 EVENT #5,Regular,56,,,6/14/2019,Fri,,,"$3,694"
5,2019,2019 EVENT #6,Regular,56,,,6/14/2019,Fri,,,"$41,408"
5,2020,2020 EVENT #4,Regular,56,,,6/5/2020,Fri,,,$0
5,2020,2020 EVENT #5,Regular,56,,,6/5/2020,Fri,,,$0
5,2020,2020 EVENT #6,Regular,56,,,6/5/2020,Fri,,,$0
6,2019,2019 EVENT #4,Regular,56,,,6/15/2019,Sat,,,$0
6,2019,2019 EVENT #5,Regular,56,,,6/15/2019,Sat,,,$562
6,2019,2019 EVENT #6,Regular,56,,,6/15/2019,Sat,,,"$14,455"
6,2020,2020 EVENT #4,Regular,56,,,6/6/2020,Sat,,,$0
6,2020,2020 EVENT #5,Regular,56,,,6/6/2020,Sat,,,$0
6,2020,2020 EVENT #6,Regular,56,,,6/6/2020,Sat,,,$0
7,2019,2019 EVENT #4,Regular,56,,,6/16/2019,Sun,,,$647
7,2019,2019 EVENT #5,Regular,56,,,6/16/2019,Sun,,,$0
7,2019,2019 EVENT #6,Regular,56,,,6/16/2019,Sun,,,"$5,953"
7,2020,2020 EVENT #4,Regular,56,,,6/7/2020,Sun,,,$0
7,2020,2020 EVENT #5,Regular,56,,,6/7/2020,Sun,,,$0
7,2020,2020 EVENT #6,Regular,56,,,6/7/2020,Sun,,,$0
1,2019,2019 EVENT #4,Regular,57,,,6/17/2019,Mon,,,"$5,088"
1,2019,2019 EVENT #5,Regular,57,,,6/17/2019,Mon,,,"$2,461"
1,2019,2019 EVENT #6,Regular,57,,,6/17/2019,Mon,,,"$58,672"
1,2020,2020 EVENT #4,Regular,57,,,6/8/2020,Mon,,,$0
1,2020,2020 EVENT #5,Regular,57,,,6/8/2020,Mon,,,$0
1,2020,2020 EVENT #6,Regular,57,,,6/8/2020,Mon,,,$0
2,2019,2019 EVENT #4,Regular,57,,,6/18/2019,Tue,,,"$1,536"
2,2019,2019 EVENT #5,Regular,57,,,6/18/2019,Tue,,,"$2,292"
2,2019,2019 EVENT #6,Regular,57,,,6/18/2019,Tue,,,"$47,350"
2,2020,2020 EVENT #4,Regular,57,,,6/9/2020,Tue,,,$0
2,2020,2020 EVENT #5,Regular,57,,,6/9/2020,Tue,,,$0
2,2020,2020 EVENT #6,Regular,57,,,6/9/2020,Tue,,,$0
3,2019,2019 EVENT #4,Regular,57,,,6/19/2019,Wed,,,"$1,091"
3,2019,2019 EVENT #5,Regular,57,,,6/19/2019,Wed,,,"$1,561"
3,2019,2019 EVENT #6,Regular,57,,,6/19/2019,Wed,,,"$16,710"
3,2020,2020 EVENT #4,Regular,57,,,6/10/2020,Wed,,,$0
3,2020,2020 EVENT #5,Regular,57,,,6/10/2020,Wed,,,$0
3,2020,2020 EVENT #6,Regular,57,,,6/10/2020,Wed,,,$0
4,2019,2019 EVENT #4,Regular,57,,,6/20/2019,Thu,,,"$1,819"
4,2019,2019 EVENT #5,Regular,57,,,6/20/2019,Thu,,,"$7,733"
4,2019,2019 EVENT #6,Regular,57,,,6/20/2019,Thu,,,"$30,759"
4,2020,2020 EVENT #4,Regular,57,,,6/11/2020,Thu,,,$0
4,2020,2020 EVENT #5,Regular,57,,,6/11/2020,Thu,,,$0
4,2020,2020 EVENT #6,Regular,57,,,6/11/2020,Thu,,,$0
5,2019,2019 EVENT #4,Regular,57,,,6/21/2019,Fri,,,"$4,522"
5,2019,2019 EVENT #5,Regular,57,,,6/21/2019,Fri,,,"$1,810"
5,2019,2019 EVENT #6,Regular,57,,,6/21/2019,Fri,,,"$37,811"
5,2020,2020 EVENT #4,Regular,57,,,6/12/2020,Fri,,,$0
5,2020,2020 EVENT #5,Regular,57,,,6/12/2020,Fri,,,$0
5,2020,2020 EVENT #6,Regular,57,,,6/12/2020,Fri,,,$0
6,2019,2019 EVENT #4,Regular,57,,,6/22/2019,Sat,,,$0
6,2019,2019 EVENT #5,Regular,57,,,6/22/2019,Sat,,,$117
6,2019,2019 EVENT #6,Regular,57,,,6/22/2019,Sat,,,"$7,758"
6,2020,2020 EVENT #4,Regular,57,,,6/13/2020,Sat,,,$0
6,2020,2020 EVENT #5,Regular,57,,,6/13/2020,Sat,,,$0
6,2020,2020 EVENT #6,Regular,57,,,6/13/2020,Sat,,,$0
7,2019,2019 EVENT #4,Regular,57,,,6/23/2019,Sun,,,"$1,260"
7,2019,2019 EVENT #5,Regular,57,,,6/23/2019,Sun,,,"$2,563"
7,2019,2019 EVENT #6,Regular,57,,,6/23/2019,Sun,,,"$16,740"
7,2020,2020 EVENT #4,Regular,57,,,6/14/2020,Sun,,,$0
7,2020,2020 EVENT #5,Regular,57,,,6/14/2020,Sun,,,$0
7,2020,2020 EVENT #6,Regular,57,,,6/14/2020,Sun,,,$0
1,2019,2019 EVENT #4,Regular,58,,,6/24/2019,Mon,,,"$1,492"
1,2019,2019 EVENT #5,Regular,58,,,6/24/2019,Mon,,,"$4,072"
1,2019,2019 EVENT #6,Regular,58,,,6/24/2019,Mon,,,"$34,666"
1,2020,2020 EVENT #4,Regular,58,,,6/15/2020,Mon,,,$0
1,2020,2020 EVENT #5,Regular,58,,,6/15/2020,Mon,,,$0
1,2020,2020 EVENT #6,Regular,58,,,6/15/2020,Mon,,,$0
2,2019,2019 EVENT #4,Regular,58,,,6/25/2019,Tue,,,$374
2,2019,2019 EVENT #5,Regular,58,,,6/25/2019,Tue,,,$484
2,2019,2019 EVENT #6,Regular,58,,,6/25/2019,Tue,,,"$17,571"
2,2020,2020 EVENT #4,Regular,58,,,6/16/2020,Tue,,,$0
2,2020,2020 EVENT #5,Regular,58,,,6/16/2020,Tue,,,$0
2,2020,2020 EVENT #6,Regular,58,,,6/16/2020,Tue,,,$0
3,2019,2019 EVENT #4,Regular,58,,,6/26/2019,Wed,,,$0
3,2019,2019 EVENT #5,Regular,58,,,6/26/2019,Wed,,,$773
3,2019,2019 EVENT #6,Regular,58,,,6/26/2019,Wed,,,"$32,427"
3,2020,2020 EVENT #4,Regular,58,,,6/17/2020,Wed,,,$0
3,2020,2020 EVENT #5,Regular,58,,,6/17/2020,Wed,,,$0
3,2020,2020 EVENT #6,Regular,58,,,6/17/2020,Wed,,,$0
4,2019,2019 EVENT #4,Regular,58,,,6/27/2019,Thu,,,$509
4,2019,2019 EVENT #5,Regular,58,,,6/27/2019,Thu,,,"$19,776"
4,2019,2019 EVENT #6,Regular,58,,,6/27/2019,Thu,,,"$21,157"
4,2020,2020 EVENT #4,Regular,58,,,6/18/2020,Thu,,,$0
4,2020,2020 EVENT #5,Regular,58,,,6/18/2020,Thu,,,$0
4,2020,2020 EVENT #6,Regular,58,,,6/18/2020,Thu,,,$0
5,2019,2019 EVENT #4,Regular,58,,,6/28/2019,Fri,,,"$1,248"
5,2019,2019 EVENT #5,Regular,58,,,6/28/2019,Fri,,,"$2,188"
5,2019,2019 EVENT #6,Regular,58,,,6/28/2019,Fri,,,"$34,612"
5,2020,2020 EVENT #4,Regular,58,,,6/19/2020,Fri,,,$0
5,2020,2020 EVENT #5,Regular,58,,,6/19/2020,Fri,,,$0
5,2020,2020 EVENT #6,Regular,58,,,6/19/2020,Fri,,,$0
6,2019,2019 EVENT #4,Regular,58,,,6/29/2019,Sat,,,"$1,236"
6,2019,2019 EVENT #5,Regular,58,,,6/29/2019,Sat,,,$0
6,2019,2019 EVENT #6,Regular,58,,,6/29/2019,Sat,,,"$5,406"
6,2020,2020 EVENT #4,Regular,58,,,6/20/2020,Sat,,,$0
6,2020,2020 EVENT #5,Regular,58,,,6/20/2020,Sat,,,$0
6,2020,2020 EVENT #6,Regular,58,,,6/20/2020,Sat,,,$0
7,2019,2019 EVENT #4,Regular,58,,,6/30/2019,Sun,,,"$1,531"
7,2019,2019 EVENT #5,Regular,58,,,6/30/2019,Sun,,,"$1,210"
7,2019,2019 EVENT #6,Regular,58,,,6/30/2019,Sun,,,"$22,731"
7,2020,2020 EVENT #4,Regular,58,,,6/21/2020,Sun,,,$0
7,2020,2020 EVENT #5,Regular,58,,,6/21/2020,Sun,,,$0
7,2020,2020 EVENT #6,Regular,58,,,6/21/2020,Sun,,,$0
1,2019,2019 EVENT #4,Regular,59,,,7/1/2019,Mon,,,$703
1,2019,2019 EVENT #5,Regular,59,,,7/1/2019,Mon,,,$920
1,2019,2019 EVENT #6,Regular,59,,,7/1/2019,Mon,,,"$11,186"
1,2020,2020 EVENT #4,Regular,59,,,6/22/2020,Mon,,,$0
1,2020,2020 EVENT #5,Regular,59,,,6/22/2020,Mon,,,$0
1,2020,2020 EVENT #6,Regular,59,,,6/22/2020,Mon,,,$0
2,2019,2019 EVENT #4,Regular,59,,,7/2/2019,Tue,,,"$3,410"
2,2019,2019 EVENT #5,Regular,59,,,7/2/2019,Tue,,,"$5,024"
2,2019,2019 EVENT #6,Regular,59,,,7/2/2019,Tue,,,"$21,185"
2,2020,2020 EVENT #4,Regular,59,,,6/23/2020,Tue,,,$0
2,2020,2020 EVENT #5,Regular,59,,,6/23/2020,Tue,,,$0
2,2020,2020 EVENT #6,Regular,59,,,6/23/2020,Tue,,,$0
3,2019,2019 EVENT #4,Regular,59,,,7/3/2019,Wed,,,"$2,282"
3,2019,2019 EVENT #5,Regular,59,,,7/3/2019,Wed,,,"$1,572"
3,2019,2019 EVENT #6,Regular,59,,,7/3/2019,Wed,,,"$4,463"
3,2020,2020 EVENT #4,Regular,59,,,6/24/2020,Wed,,,$0
3,2020,2020 EVENT #5,Regular,59,,,6/24/2020,Wed,,,$0
3,2020,2020 EVENT #6,Regular,59,,,6/24/2020,Wed,,,$0
4,2019,2019 EVENT #4,Regular,59,,,7/4/2019,Thu,,,$0
4,2019,2019 EVENT #5,Regular,59,,,7/4/2019,Thu,,,$707
4,2019,2019 EVENT #6,Regular,59,,,7/4/2019,Thu,,,"$4,820"
4,2020,2020 EVENT #4,Regular,59,,,6/25/2020,Thu,,,$0
4,2020,2020 EVENT #5,Regular,59,,,6/25/2020,Thu,,,$0
4,2020,2020 EVENT #6,Regular,59,,,6/25/2020,Thu,,,$0
5,2019,2019 EVENT #4,Regular,59,,,7/5/2019,Fri,,,$324
5,2019,2019 EVENT #5,Regular,59,,,7/5/2019,Fri,,,"$1,326"
5,2019,2019 EVENT #6,Regular,59,,,7/5/2019,Fri,,,"$12,454"
5,2020,2020 EVENT #4,Regular,59,,,6/26/2020,Fri,,,$0
5,2020,2020 EVENT #5,Regular,59,,,6/26/2020,Fri,,,$0
5,2020,2020 EVENT #6,Regular,59,,,6/26/2020,Fri,,,$0
6,2019,2019 EVENT #4,Regular,59,,,7/6/2019,Sat,,,$0
6,2019,2019 EVENT #5,Regular,59,,,7/6/2019,Sat,,,$364
6,2019,2019 EVENT #6,Regular,59,,,7/6/2019,Sat,,,"$19,127"
6,2020,2020 EVENT #4,Regular,59,,,6/27/2020,Sat,,,$0
6,2020,2020 EVENT #5,Regular,59,,,6/27/2020,Sat,,,$0
6,2020,2020 EVENT #6,Regular,59,,,6/27/2020,Sat,,,$0
7,2019,2019 EVENT #4,Regular,59,,,7/7/2019,Sun,,,$0
7,2019,2019 EVENT #5,Regular,59,,,7/7/2019,Sun,,,$241
7,2019,2019 EVENT #6,Regular,59,,,7/7/2019,Sun,,,$0
7,2020,2020 EVENT #4,Regular,59,,,6/28/2020,Sun,,,$0
7,2020,2020 EVENT #5,Regular,59,,,6/28/2020,Sun,,,$0
7,2020,2020 EVENT #6,Regular,59,,,6/28/2020,Sun,,,$0
1,2019,2019 EVENT #4,Regular,60,,,7/8/2019,Mon,,,"$1,421"
1,2019,2019 EVENT #5,Regular,60,,,7/8/2019,Mon,,,"$3,446"
1,2019,2019 EVENT #6,Regular,60,,,7/8/2019,Mon,,,"$35,239"
1,2020,2020 EVENT #4,Regular,60,,,6/29/2020,Mon,,,$0
1,2020,2020 EVENT #5,Regular,60,,,6/29/2020,Mon,,,$0
1,2020,2020 EVENT #6,Regular,60,,,6/29/2020,Mon,,,$0
2,2019,2019 EVENT #4,Regular,60,,,7/9/2019,Tue,,,$372
2,2019,2019 EVENT #5,Regular,60,,,7/9/2019,Tue,,,"$1,592"
2,2019,2019 EVENT #6,Regular,60,,,7/9/2019,Tue,,,"$23,964"
2,2020,2020 EVENT #4,Regular,60,,,6/30/2020,Tue,,,$0
2,2020,2020 EVENT #5,Regular,60,,,6/30/2020,Tue,,,$0
2,2020,2020 EVENT #6,Regular,60,,,6/30/2020,Tue,,,$0
3,2019,2019 EVENT #4,Regular,60,,,7/10/2019,Wed,,,$0
3,2019,2019 EVENT #5,Regular,60,,,7/10/2019,Wed,,,"$5,561"
3,2019,2019 EVENT #6,Regular,60,,,7/10/2019,Wed,,,"$475,940"
3,2020,2020 EVENT #4,Regular,60,,,7/1/2020,Wed,,,$0
3,2020,2020 EVENT #5,Regular,60,,,7/1/2020,Wed,,,$0
3,2020,2020 EVENT #6,Regular,60,,,7/1/2020,Wed,,,$0
4,2019,2019 EVENT #4,Regular,60,,,7/11/2019,Thu,,,"$2,106"
4,2019,2019 EVENT #5,Regular,60,,,7/11/2019,Thu,,,"$1,660"
4,2019,2019 EVENT #6,Regular,60,,,7/11/2019,Thu,,,"$6,761"
4,2020,2020 EVENT #4,Regular,60,,,7/2/2020,Thu,,,$0
4,2020,2020 EVENT #5,Regular,60,,,7/2/2020,Thu,,,$0
4,2020,2020 EVENT #6,Regular,60,,,7/2/2020,Thu,,,$0
5,2019,2019 EVENT #4,Regular,60,,,7/12/2019,Fri,,,"$2,719"
5,2019,2019 EVENT #5,Regular,60,,,7/12/2019,Fri,,,"$4,830"
5,2019,2019 EVENT #6,Regular,60,,,7/12/2019,Fri,,,"$43,698"
5,2020,2020 EVENT #4,Regular,60,,,7/3/2020,Fri,,,$0
5,2020,2020 EVENT #5,Regular,60,,,7/3/2020,Fri,,,$0
5,2020,2020 EVENT #6,Regular,60,,,7/3/2020,Fri,,,$0
6,2019,2019 EVENT #4,Regular,60,,,7/13/2019,Sat,,,$508
6,2019,2019 EVENT #5,Regular,60,,,7/13/2019,Sat,,,$891
6,2019,2019 EVENT #6,Regular,60,,,7/13/2019,Sat,,,"$9,481"
6,2020,2020 EVENT #4,Regular,60,,,7/4/2020,Sat,,,$0
6,2020,2020 EVENT #5,Regular,60,,,7/4/2020,Sat,,,$0
6,2020,2020 EVENT #6,Regular,60,,,7/4/2020,Sat,,,$0
7,2019,2019 EVENT #4,Regular,60,,,7/14/2019,Sun,,,$450
7,2019,2019 EVENT #5,Regular,60,,,7/14/2019,Sun,,,$571
7,2019,2019 EVENT #6,Regular,60,,,7/14/2019,Sun,,,"$10,948"
7,2020,2020 EVENT #4,Regular,60,,,7/5/2020,Sun,,,$0
7,2020,2020 EVENT #5,Regular,60,,,7/5/2020,Sun,,,$0
7,2020,2020 EVENT #6,Regular,60,,,7/5/2020,Sun,,,$0
1,2019,2019 EVENT #4,Regular,61,,,7/15/2019,Mon,,,"$1,104"
1,2019,2019 EVENT #5,Regular,61,,,7/15/2019,Mon,,,"$1,584"
1,2019,2019 EVENT #6,Regular,61,,,7/15/2019,Mon,,,"$62,157"
1,2020,2020 EVENT #4,Regular,61,,,7/6/2020,Mon,,,$0
1,2020,2020 EVENT #5,Regular,61,,,7/6/2020,Mon,,,$0
1,2020,2020 EVENT #6,Regular,61,,,7/6/2020,Mon,,,$0
2,2019,2019 EVENT #4,Regular,61,,,7/16/2019,Tue,,,$0
2,2019,2019 EVENT #5,Regular,61,,,7/16/2019,Tue,,,"$2,688"
2,2019,2019 EVENT #6,Regular,61,,,7/16/2019,Tue,,,"$34,821"
2,2020,2020 EVENT #4,Regular,61,,,7/7/2020,Tue,,,$0
2,2020,2020 EVENT #5,Regular,61,,,7/7/2020,Tue,,,$0
2,2020,2020 EVENT #6,Regular,61,,,7/7/2020,Tue,,,$0
3,2019,2019 EVENT #4,Regular,61,,,7/17/2019,Wed,,,"$2,869"
3,2019,2019 EVENT #5,Regular,61,,,7/17/2019,Wed,,,"$8,249"
3,2019,2019 EVENT #6,Regular,61,,,7/17/2019,Wed,,,"$34,492"
3,2020,2020 EVENT #4,Regular,61,,,7/8/2020,Wed,,,$0
3,2020,2020 EVENT #5,Regular,61,,,7/8/2020,Wed,,,$0
3,2020,2020 EVENT #6,Regular,61,,,7/8/2020,Wed,,,$0
4,2019,2019 EVENT #4,Regular,61,,,7/18/2019,Thu,,,"$2,826"
4,2019,2019 EVENT #5,Regular,61,,,7/18/2019,Thu,,,"$1,205"
4,2019,2019 EVENT #6,Regular,61,,,7/18/2019,Thu,,,"$33,883"
4,2020,2020 EVENT #4,Regular,61,,,7/9/2020,Thu,,,$0
4,2020,2020 EVENT #5,Regular,61,,,7/9/2020,Thu,,,$0
4,2020,2020 EVENT #6,Regular,61,,,7/9/2020,Thu,,,$0
5,2019,2019 EVENT #4,Regular,61,,,7/19/2019,Fri,,,$0
5,2019,2019 EVENT #5,Regular,61,,,7/19/2019,Fri,,,$270
5,2019,2019 EVENT #6,Regular,61,,,7/19/2019,Fri,,,"$47,253"
5,2020,2020 EVENT #4,Regular,61,,,7/10/2020,Fri,,,$0
5,2020,2020 EVENT #5,Regular,61,,,7/10/2020,Fri,,,$0
5,2020,2020 EVENT #6,Regular,61,,,7/10/2020,Fri,,,$0
6,2019,2019 EVENT #4,Regular,61,,,7/20/2019,Sat,,,"$1,122"
6,2019,2019 EVENT #5,Regular,61,,,7/20/2019,Sat,,,$0
6,2019,2019 EVENT #6,Regular,61,,,7/20/2019,Sat,,,"$5,818"
6,2020,2020 EVENT #4,Regular,61,,,7/11/2020,Sat,,,$0
6,2020,2020 EVENT #5,Regular,61,,,7/11/2020,Sat,,,$0
6,2020,2020 EVENT #6,Regular,61,,,7/11/2020,Sat,,,$0
7,2019,2019 EVENT #4,Regular,61,,,7/21/2019,Sun,,,"$1,615"
7,2019,2019 EVENT #5,Regular,61,,,7/21/2019,Sun,,,"$1,092"
7,2019,2019 EVENT #6,Regular,61,,,7/21/2019,Sun,,,"$10,572"
7,2020,2020 EVENT #4,Regular,61,,,7/12/2020,Sun,,,$0
7,2020,2020 EVENT #5,Regular,61,,,7/12/2020,Sun,,,$0
7,2020,2020 EVENT #6,Regular,61,,,7/12/2020,Sun,,,$0
1,2019,2019 EVENT #4,Regular,62,,,7/22/2019,Mon,,,"$3,695"
1,2019,2019 EVENT #5,Regular,62,,,7/22/2019,Mon,,,"$5,774"
1,2019,2019 EVENT #6,Regular,62,,,7/22/2019,Mon,,,"$56,923"
1,2020,2020 EVENT #4,Regular,62,,,7/13/2020,Mon,,,$0
1,2020,2020 EVENT #5,Regular,62,,,7/13/2020,Mon,,,$0
1,2020,2020 EVENT #6,Regular,62,,,7/13/2020,Mon,,,$0
2,2019,2019 EVENT #4,Regular,62,,,7/23/2019,Tue,,,"$1,691"
2,2019,2019 EVENT #5,Regular,62,,,7/23/2019,Tue,,,"$2,365"
2,2019,2019 EVENT #6,Regular,62,,,7/23/2019,Tue,,,"$22,617"
2,2020,2020 EVENT #4,Regular,62,,,7/14/2020,Tue,,,$0
2,2020,2020 EVENT #5,Regular,62,,,7/14/2020,Tue,,,$0
2,2020,2020 EVENT #6,Regular,62,,,7/14/2020,Tue,,,$0
3,2019,2019 EVENT #4,Regular,62,,,7/24/2019,Wed,,,"$4,203"
3,2019,2019 EVENT #5,Regular,62,,,7/24/2019,Wed,,,"$4,940"
3,2019,2019 EVENT #6,Regular,62,,,7/24/2019,Wed,,,"$61,003"
3,2020,2020 EVENT #4,Regular,62,,,7/15/2020,Wed,,,$0
3,2020,2020 EVENT #5,Regular,62,,,7/15/2020,Wed,,,$0
3,2020,2020 EVENT #6,Regular,62,,,7/15/2020,Wed,,,$0
4,2019,2019 EVENT #4,Regular,62,,,7/25/2019,Thu,,,"$2,053"
4,2019,2019 EVENT #5,Regular,62,,,7/25/2019,Thu,,,"$3,587"
4,2019,2019 EVENT #6,Regular,62,,,7/25/2019,Thu,,,"$19,517"
4,2020,2020 EVENT #4,Regular,62,,,7/16/2020,Thu,,,$0
4,2020,2020 EVENT #5,Regular,62,,,7/16/2020,Thu,,,$0
4,2020,2020 EVENT #6,Regular,62,,,7/16/2020,Thu,,,$0
5,2019,2019 EVENT #4,Regular,62,,,7/26/2019,Fri,,,"$2,468"
5,2019,2019 EVENT #5,Regular,62,,,7/26/2019,Fri,,,"$4,831"
5,2019,2019 EVENT #6,Regular,62,,,7/26/2019,Fri,,,"$207,662"
5,2020,2020 EVENT #4,Regular,62,,,7/17/2020,Fri,,,$0
5,2020,2020 EVENT #5,Regular,62,,,7/17/2020,Fri,,,$0
5,2020,2020 EVENT #6,Regular,62,,,7/17/2020,Fri,,,$0
6,2019,2019 EVENT #4,Regular,62,,,7/27/2019,Sat,,,"$3,465"
6,2019,2019 EVENT #5,Regular,62,,,7/27/2019,Sat,,,"$3,086"
6,2019,2019 EVENT #6,Regular,62,,,7/27/2019,Sat,,,"$18,749"
6,2020,2020 EVENT #4,Regular,62,,,7/18/2020,Sat,,,$0
6,2020,2020 EVENT #5,Regular,62,,,7/18/2020,Sat,,,$0
6,2020,2020 EVENT #6,Regular,62,,,7/18/2020,Sat,,,$0
7,2019,2019 EVENT #4,Regular,62,,,7/28/2019,Sun,,,$0
7,2019,2019 EVENT #5,Regular,62,,,7/28/2019,Sun,,,$744
7,2019,2019 EVENT #6,Regular,62,,,7/28/2019,Sun,,,"$7,505"
7,2020,2020 EVENT #4,Regular,62,,,7/19/2020,Sun,,,$0
7,2020,2020 EVENT #5,Regular,62,,,7/19/2020,Sun,,,$0
7,2020,2020 EVENT #6,Regular,62,,,7/19/2020,Sun,,,$0
1,2019,2019 EVENT #4,Regular,63,,,7/29/2019,Mon,,,"$2,018"
1,2019,2019 EVENT #5,Regular,63,,,7/29/2019,Mon,,,"$9,320"
1,2019,2019 EVENT #6,Regular,63,,,7/29/2019,Mon,,,"$61,274"
1,2020,2020 EVENT #4,Regular,63,,,7/20/2020,Mon,,,$0
1,2020,2020 EVENT #5,Regular,63,,,7/20/2020,Mon,,,$0
1,2020,2020 EVENT #6,Regular,63,,,7/20/2020,Mon,,,$0
2,2019,2019 EVENT #4,Regular,63,,,7/30/2019,Tue,,,"$3,496"
2,2019,2019 EVENT #5,Regular,63,,,7/30/2019,Tue,,,"$6,542"
2,2019,2019 EVENT #6,Regular,63,,,7/30/2019,Tue,,,"$466,371"
2,2020,2020 EVENT #4,Regular,63,,,7/21/2020,Tue,,,$0
2,2020,2020 EVENT #5,Regular,63,,,7/21/2020,Tue,,,$0
2,2020,2020 EVENT #6,Regular,63,,,7/21/2020,Tue,,,$0
3,2019,2019 EVENT #4,Regular,63,,,7/31/2019,Wed,,,"$15,294"
3,2019,2019 EVENT #5,Regular,63,,,7/31/2019,Wed,,,"$21,342"
3,2019,2019 EVENT #6,Regular,63,,,7/31/2019,Wed,,,"$43,044"
3,2020,2020 EVENT #4,Regular,63,,,7/22/2020,Wed,,,$0
3,2020,2020 EVENT #5,Regular,63,,,7/22/2020,Wed,,,$0
3,2020,2020 EVENT #6,Regular,63,,,7/22/2020,Wed,,,$0
4,2019,2019 EVENT #4,Regular,63,,,8/1/2019,Thu,,,"$1,238"
4,2019,2019 EVENT #5,Regular,63,,,8/1/2019,Thu,,,$339
4,2019,2019 EVENT #6,Regular,63,,,8/1/2019,Thu,,,"$58,368"
4,2020,2020 EVENT #4,Regular,63,,,7/23/2020,Thu,,,$0
4,2020,2020 EVENT #5,Regular,63,,,7/23/2020,Thu,,,$0
4,2020,2020 EVENT #6,Regular,63,,,7/23/2020,Thu,,,$0
5,2019,2019 EVENT #4,Regular,63,,,8/2/2019,Fri,,,$754
5,2019,2019 EVENT #5,Regular,63,,,8/2/2019,Fri,,,"$3,756"
5,2019,2019 EVENT #6,Regular,63,,,8/2/2019,Fri,,,"$41,824"
5,2020,2020 EVENT #4,Regular,63,,,7/24/2020,Fri,,,$0
5,2020,2020 EVENT #5,Regular,63,,,7/24/2020,Fri,,,$0
5,2020,2020 EVENT #6,Regular,63,,,7/24/2020,Fri,,,$0
6,2019,2019 EVENT #4,Regular,63,,,8/3/2019,Sat,,,$576
6,2019,2019 EVENT #5,Regular,63,,,8/3/2019,Sat,,,$626
6,2019,2019 EVENT #6,Regular,63,,,8/3/2019,Sat,,,"$7,006"
6,2020,2020 EVENT #4,Regular,63,,,7/25/2020,Sat,,,$0
6,2020,2020 EVENT #5,Regular,63,,,7/25/2020,Sat,,,$0
6,2020,2020 EVENT #6,Regular,63,,,7/25/2020,Sat,,,$0
7,2019,2019 EVENT #4,Regular,63,,,8/4/2019,Sun,,,$307
7,2019,2019 EVENT #5,Regular,63,,,8/4/2019,Sun,,,$482
7,2019,2019 EVENT #6,Regular,63,,,8/4/2019,Sun,,,"$30,103"
7,2020,2020 EVENT #4,Regular,63,,,7/26/2020,Sun,,,$0
7,2020,2020 EVENT #5,Regular,63,,,7/26/2020,Sun,,,$0
7,2020,2020 EVENT #6,Regular,63,,,7/26/2020,Sun,,,$0
1,2019,2019 EVENT #4,Regular,64,,,8/5/2019,Mon,,,"$3,434"
1,2019,2019 EVENT #5,Regular,64,,,8/5/2019,Mon,,,"$6,318"
1,2019,2019 EVENT #6,Regular,64,,,8/5/2019,Mon,,,"$62,214"
1,2020,2020 EVENT #4,Regular,64,,,7/27/2020,Mon,,,$0
1,2020,2020 EVENT #5,Regular,64,,,7/27/2020,Mon,,,$0
1,2020,2020 EVENT #6,Regular,64,,,7/27/2020,Mon,,,$0
2,2019,2019 EVENT #4,Regular,64,,,8/6/2019,Tue,,,"$5,249"
2,2019,2019 EVENT #5,Regular,64,,,8/6/2019,Tue,,,"$7,881"
2,2019,2019 EVENT #6,Regular,64,,,8/6/2019,Tue,,,"$44,123"
2,2020,2020 EVENT #4,Regular,64,,,7/28/2020,Tue,,,$0
2,2020,2020 EVENT #5,Regular,64,,,7/28/2020,Tue,,,$0
2,2020,2020 EVENT #6,Regular,64,,,7/28/2020,Tue,,,$0
3,2019,2019 EVENT #4,Regular,64,,,8/7/2019,Wed,,,"$4,791"
3,2019,2019 EVENT #5,Regular,64,,,8/7/2019,Wed,,,"$6,878"
3,2019,2019 EVENT #6,Regular,64,,,8/7/2019,Wed,,,"$80,512"
3,2020,2020 EVENT #4,Regular,64,,,7/29/2020,Wed,,,$0
3,2020,2020 EVENT #5,Regular,64,,,7/29/2020,Wed,,,$0
3,2020,2020 EVENT #6,Regular,64,,,7/29/2020,Wed,,,$0
4,2019,2019 EVENT #4,Regular,64,,,8/8/2019,Thu,,,$763
4,2019,2019 EVENT #5,Regular,64,,,8/8/2019,Thu,,,"$4,954"
4,2019,2019 EVENT #6,Regular,64,,,8/8/2019,Thu,,,"$44,767"
4,2020,2020 EVENT #4,Regular,64,,,7/30/2020,Thu,,,$0
4,2020,2020 EVENT #5,Regular,64,,,7/30/2020,Thu,,,$0
4,2020,2020 EVENT #6,Regular,64,,,7/30/2020,Thu,,,$0
5,2019,2019 EVENT #4,Regular,64,,,8/9/2019,Fri,,,"$4,151"
5,2019,2019 EVENT #5,Regular,64,,,8/9/2019,Fri,,,"$5,985"
5,2019,2019 EVENT #6,Regular,64,,,8/9/2019,Fri,,,"$77,559"
5,2020,2020 EVENT #4,Regular,64,,,7/31/2020,Fri,,,$0
5,2020,2020 EVENT #5,Regular,64,,,7/31/2020,Fri,,,$0
5,2020,2020 EVENT #6,Regular,64,,,7/31/2020,Fri,,,$0
6,2019,2019 EVENT #4,Regular,64,,,8/10/2019,Sat,,,"$2,097"
6,2019,2019 EVENT #5,Regular,64,,,8/10/2019,Sat,,,"$3,765"
6,2019,2019 EVENT #6,Regular,64,,,8/10/2019,Sat,,,"$19,644"
6,2020,2020 EVENT #4,Regular,64,,,8/1/2020,Sat,,,$0
6,2020,2020 EVENT #5,Regular,64,,,8/1/2020,Sat,,,$0
6,2020,2020 EVENT #6,Regular,64,,,8/1/2020,Sat,,,$0
7,2019,2019 EVENT #4,Regular,64,,,8/11/2019,Sun,,,$0
7,2019,2019 EVENT #5,Regular,64,,,8/11/2019,Sun,,,"$2,496"
7,2019,2019 EVENT #6,Regular,64,,,8/11/2019,Sun,,,"$25,551"
7,2020,2020 EVENT #4,Regular,64,,,8/2/2020,Sun,,,$0
7,2020,2020 EVENT #5,Regular,64,,,8/2/2020,Sun,,,$0
7,2020,2020 EVENT #6,Regular,64,,,8/2/2020,Sun,,,$0
1,2019,2019 EVENT #4,Regular,65,,,8/12/2019,Mon,,,"$2,092"
1,2019,2019 EVENT #5,Regular,65,,,8/12/2019,Mon,,,"$3,771"
1,2019,2019 EVENT #6,Regular,65,,,8/12/2019,Mon,,,"$58,852"
1,2020,2020 EVENT #4,Regular,65,,,8/3/2020,Mon,,,$0
1,2020,2020 EVENT #5,Regular,65,,,8/3/2020,Mon,,,$0
1,2020,2020 EVENT #6,Regular,65,,,8/3/2020,Mon,,,$0
2,2019,2019 EVENT #4,Regular,65,,,8/13/2019,Tue,,,$212
2,2019,2019 EVENT #5,Regular,65,,,8/13/2019,Tue,,,$781
2,2019,2019 EVENT #6,Regular,65,,,8/13/2019,Tue,,,"$66,506"
2,2020,2020 EVENT #4,Regular,65,,,8/4/2020,Tue,,,$0
2,2020,2020 EVENT #5,Regular,65,,,8/4/2020,Tue,,,$0
2,2020,2020 EVENT #6,Regular,65,,,8/4/2020,Tue,,,$0
3,2019,2019 EVENT #4,Regular,65,,,8/14/2019,Wed,,,"$7,670"
3,2019,2019 EVENT #5,Regular,65,,,8/14/2019,Wed,,,"$12,939"
3,2019,2019 EVENT #6,Regular,65,,,8/14/2019,Wed,,,"$70,167"
3,2020,2020 EVENT #4,Regular,65,,,8/5/2020,Wed,,,$0
3,2020,2020 EVENT #5,Regular,65,,,8/5/2020,Wed,,,$0
3,2020,2020 EVENT #6,Regular,65,,,8/5/2020,Wed,,,$0
4,2019,2019 EVENT #4,Regular,65,,,8/15/2019,Thu,,,$288
4,2019,2019 EVENT #5,Regular,65,,,8/15/2019,Thu,,,"$1,265"
4,2019,2019 EVENT #6,Regular,65,,,8/15/2019,Thu,,,"$22,897"
4,2020,2020 EVENT #4,Regular,65,,,8/6/2020,Thu,,,$0
4,2020,2020 EVENT #5,Regular,65,,,8/6/2020,Thu,,,$0
4,2020,2020 EVENT #6,Regular,65,,,8/6/2020,Thu,,,$0
5,2019,2019 EVENT #4,Regular,65,,,8/16/2019,Fri,,,"$2,839"
5,2019,2019 EVENT #5,Regular,65,,,8/16/2019,Fri,,,"$7,726"
5,2019,2019 EVENT #6,Regular,65,,,8/16/2019,Fri,,,"$57,200"
5,2020,2020 EVENT #4,Regular,65,,,8/7/2020,Fri,,,$0
5,2020,2020 EVENT #5,Regular,65,,,8/7/2020,Fri,,,$0
5,2020,2020 EVENT #6,Regular,65,,,8/7/2020,Fri,,,$0
6,2019,2019 EVENT #4,Regular,65,,,8/17/2019,Sat,,,"$2,331"
6,2019,2019 EVENT #5,Regular,65,,,8/17/2019,Sat,,,"$1,704"
6,2019,2019 EVENT #6,Regular,65,,,8/17/2019,Sat,,,"$18,005"
6,2020,2020 EVENT #4,Regular,65,,,8/8/2020,Sat,,,$0
6,2020,2020 EVENT #5,Regular,65,,,8/8/2020,Sat,,,$0
6,2020,2020 EVENT #6,Regular,65,,,8/8/2020,Sat,,,$0
7,2019,2019 EVENT #4,Regular,65,,,8/18/2019,Sun,,,$750
7,2019,2019 EVENT #5,Regular,65,,,8/18/2019,Sun,,,"$2,240"
7,2019,2019 EVENT #6,Regular,65,,,8/18/2019,Sun,,,"$14,519"
7,2020,2020 EVENT #4,Regular,65,,,8/9/2020,Sun,,,$0
7,2020,2020 EVENT #5,Regular,65,,,8/9/2020,Sun,,,$0
7,2020,2020 EVENT #6,Regular,65,,,8/9/2020,Sun,,,$0
1,2019,2019 EVENT #4,Regular,66,,,8/19/2019,Mon,,,$182
1,2019,2019 EVENT #5,Regular,66,,,8/19/2019,Mon,,,"$3,672"
1,2019,2019 EVENT #6,Regular,66,,,8/19/2019,Mon,,,"$42,490"
1,2020,2020 EVENT #4,Regular,66,,,8/10/2020,Mon,,,$0
1,2020,2020 EVENT #5,Regular,66,,,8/10/2020,Mon,,,$0
1,2020,2020 EVENT #6,Regular,66,,,8/10/2020,Mon,,,$0
2,2019,2019 EVENT #4,Regular,66,,,8/20/2019,Tue,,,"$4,090"
2,2019,2019 EVENT #5,Regular,66,,,8/20/2019,Tue,,,"$5,704"
2,2019,2019 EVENT #6,Regular,66,,,8/20/2019,Tue,,,"$64,544"
2,2020,2020 EVENT #4,Regular,66,,,8/11/2020,Tue,,,$0
2,2020,2020 EVENT #5,Regular,66,,,8/11/2020,Tue,,,$0
2,2020,2020 EVENT #6,Regular,66,,,8/11/2020,Tue,,,$0
3,2019,2019 EVENT #4,Regular,66,,,8/21/2019,Wed,,,"$4,368"
3,2019,2019 EVENT #5,Regular,66,,,8/21/2019,Wed,,,"$1,909"
3,2019,2019 EVENT #6,Regular,66,,,8/21/2019,Wed,,,"$52,509"
3,2020,2020 EVENT #4,Regular,66,,,8/12/2020,Wed,,,$0
3,2020,2020 EVENT #5,Regular,66,,,8/12/2020,Wed,,,$0
3,2020,2020 EVENT #6,Regular,66,,,8/12/2020,Wed,,,$0
4,2019,2019 EVENT #4,Regular,66,,,8/22/2019,Thu,,,"$4,701"
4,2019,2019 EVENT #5,Regular,66,,,8/22/2019,Thu,,,"$4,481"
4,2019,2019 EVENT #6,Regular,66,,,8/22/2019,Thu,,,"$25,586"
4,2020,2020 EVENT #4,Regular,66,,,8/13/2020,Thu,,,$0
4,2020,2020 EVENT #5,Regular,66,,,8/13/2020,Thu,,,$0
4,2020,2020 EVENT #6,Regular,66,,,8/13/2020,Thu,,,$0
5,2019,2019 EVENT #4,Regular,66,,,8/23/2019,Fri,,,"$1,810"
5,2019,2019 EVENT #5,Regular,66,,,8/23/2019,Fri,,,"$3,818"
5,2019,2019 EVENT #6,Regular,66,,,8/23/2019,Fri,,,"$31,646"
5,2020,2020 EVENT #4,Regular,66,,,8/14/2020,Fri,,,$0
5,2020,2020 EVENT #5,Regular,66,,,8/14/2020,Fri,,,$0
5,2020,2020 EVENT #6,Regular,66,,,8/14/2020,Fri,,,$0
6,2019,2019 EVENT #4,Regular,66,,,8/24/2019,Sat,,,$0
6,2019,2019 EVENT #5,Regular,66,,,8/24/2019,Sat,,,$0
6,2019,2019 EVENT #6,Regular,66,,,8/24/2019,Sat,,,"$10,033"
6,2020,2020 EVENT #4,Regular,66,,,8/15/2020,Sat,,,$0
6,2020,2020 EVENT #5,Regular,66,,,8/15/2020,Sat,,,$0
6,2020,2020 EVENT #6,Regular,66,,,8/15/2020,Sat,,,$0
7,2019,2019 EVENT #4,Regular,66,,,8/25/2019,Sun,,,$0
7,2019,2019 EVENT #5,Regular,66,,,8/25/2019,Sun,,,"$3,145"
7,2019,2019 EVENT #6,Regular,66,,,8/25/2019,Sun,,,"$7,197"
7,2020,2020 EVENT #4,Regular,66,,,8/16/2020,Sun,,,$0
7,2020,2020 EVENT #5,Regular,66,,,8/16/2020,Sun,,,$0
7,2020,2020 EVENT #6,Regular,66,,,8/16/2020,Sun,,,$0
1,2019,2019 EVENT #4,Regular,67,,,8/26/2019,Mon,,,"$1,304"
1,2019,2019 EVENT #5,Regular,67,,,8/26/2019,Mon,,,"$4,149"
1,2019,2019 EVENT #6,Regular,67,,,8/26/2019,Mon,,,"$201,737"
1,2020,2020 EVENT #4,Regular,67,,,8/17/2020,Mon,,,$0
1,2020,2020 EVENT #5,Regular,67,,,8/17/2020,Mon,,,$0
1,2020,2020 EVENT #6,Regular,67,,,8/17/2020,Mon,,,$0
2,2019,2019 EVENT #4,Regular,67,,,8/27/2019,Tue,,,$314
2,2019,2019 EVENT #5,Regular,67,,,8/27/2019,Tue,,,"$5,216"
2,2019,2019 EVENT #6,Regular,67,,,8/27/2019,Tue,,,"$34,142"
2,2020,2020 EVENT #4,Regular,67,,,8/18/2020,Tue,,,$0
2,2020,2020 EVENT #5,Regular,67,,,8/18/2020,Tue,,,$0
2,2020,2020 EVENT #6,Regular,67,,,8/18/2020,Tue,,,$0
3,2019,2019 EVENT #4,Regular,67,,,8/28/2019,Wed,,,$0
3,2019,2019 EVENT #5,Regular,67,,,8/28/2019,Wed,,,$252
3,2019,2019 EVENT #6,Regular,67,,,8/28/2019,Wed,,,"$50,352"
3,2020,2020 EVENT #4,Regular,67,,,8/19/2020,Wed,,,$0
3,2020,2020 EVENT #5,Regular,67,,,8/19/2020,Wed,,,$0
3,2020,2020 EVENT #6,Regular,67,,,8/19/2020,Wed,,,$0
4,2019,2019 EVENT #4,Regular,67,,,8/29/2019,Thu,,,$471
4,2019,2019 EVENT #5,Regular,67,,,8/29/2019,Thu,,,"$2,349"
4,2019,2019 EVENT #6,Regular,67,,,8/29/2019,Thu,,,"$33,187"
4,2020,2020 EVENT #4,Regular,67,,,8/20/2020,Thu,,,$0
4,2020,2020 EVENT #5,Regular,67,,,8/20/2020,Thu,,,$0
4,2020,2020 EVENT #6,Regular,67,,,8/20/2020,Thu,,,$0
5,2019,2019 EVENT #4,Regular,67,,,8/30/2019,Fri,,,"$5,072"
5,2019,2019 EVENT #5,Regular,67,,,8/30/2019,Fri,,,"$2,429"
5,2019,2019 EVENT #6,Regular,67,,,8/30/2019,Fri,,,"$53,646"
5,2020,2020 EVENT #4,Regular,67,,,8/21/2020,Fri,,,$0
5,2020,2020 EVENT #5,Regular,67,,,8/21/2020,Fri,,,$0
5,2020,2020 EVENT #6,Regular,67,,,8/21/2020,Fri,,,$0
6,2019,2019 EVENT #4,Regular,67,,,8/31/2019,Sat,,,"$1,180"
6,2019,2019 EVENT #5,Regular,67,,,8/31/2019,Sat,,,"$2,869"
6,2019,2019 EVENT #6,Regular,67,,,8/31/2019,Sat,,,"$11,922"
6,2020,2020 EVENT #4,Regular,67,,,8/22/2020,Sat,,,$0
6,2020,2020 EVENT #5,Regular,67,,,8/22/2020,Sat,,,$0
6,2020,2020 EVENT #6,Regular,67,,,8/22/2020,Sat,,,$0
7,2019,2019 EVENT #4,Regular,67,,,9/1/2019,Sun,,,"$2,211"
7,2019,2019 EVENT #5,Regular,67,,,9/1/2019,Sun,,,"$2,856"
7,2019,2019 EVENT #6,Regular,67,,,9/1/2019,Sun,,,"$17,277"
7,2020,2020 EVENT #4,Regular,67,,,8/23/2020,Sun,,,$0
7,2020,2020 EVENT #5,Regular,67,,,8/23/2020,Sun,,,$0
7,2020,2020 EVENT #6,Regular,67,,,8/23/2020,Sun,,,$0
1,2019,2019 EVENT #4,Regular,68,,,9/2/2019,Mon,,,"$2,731"
1,2019,2019 EVENT #5,Regular,68,,,9/2/2019,Mon,,,"$2,255"
1,2019,2019 EVENT #6,Regular,68,,,9/2/2019,Mon,,,"$20,180"
1,2020,2020 EVENT #4,Regular,68,,,8/24/2020,Mon,,,$0
1,2020,2020 EVENT #5,Regular,68,,,8/24/2020,Mon,,,$0
1,2020,2020 EVENT #6,Regular,68,,,8/24/2020,Mon,,,$0
2,2019,2019 EVENT #4,Regular,68,,,9/3/2019,Tue,,,"$1,652"
2,2019,2019 EVENT #5,Regular,68,,,9/3/2019,Tue,,,"$9,677"
2,2019,2019 EVENT #6,Regular,68,,,9/3/2019,Tue,,,"$77,444"
2,2020,2020 EVENT #4,Regular,68,,,8/25/2020,Tue,,,$0
2,2020,2020 EVENT #5,Regular,68,,,8/25/2020,Tue,,,$0
2,2020,2020 EVENT #6,Regular,68,,,8/25/2020,Tue,,,$0
3,2019,2019 EVENT #4,Regular,68,,,9/4/2019,Wed,,,"$1,671"
3,2019,2019 EVENT #5,Regular,68,,,9/4/2019,Wed,,,"$7,653"
3,2019,2019 EVENT #6,Regular,68,,,9/4/2019,Wed,,,"$64,523"
3,2020,2020 EVENT #4,Regular,68,,,8/26/2020,Wed,,,$0
3,2020,2020 EVENT #5,Regular,68,,,8/26/2020,Wed,,,$0
3,2020,2020 EVENT #6,Regular,68,,,8/26/2020,Wed,,,$0
4,2019,2019 EVENT #4,Regular,68,,,9/5/2019,Thu,,,$840
4,2019,2019 EVENT #5,Regular,68,,,9/5/2019,Thu,,,"$3,992"
4,2019,2019 EVENT #6,Regular,68,,,9/5/2019,Thu,,,"$59,717"
4,2020,2020 EVENT #4,Regular,68,,,8/27/2020,Thu,,,$0
4,2020,2020 EVENT #5,Regular,68,,,8/27/2020,Thu,,,$0
4,2020,2020 EVENT #6,Regular,68,,,8/27/2020,Thu,,,$0
5,2019,2019 EVENT #4,Regular,68,,,9/6/2019,Fri,,,"$1,326"
5,2019,2019 EVENT #5,Regular,68,,,9/6/2019,Fri,,,"$4,381"
5,2019,2019 EVENT #6,Regular,68,,,9/6/2019,Fri,,,"$65,174"
5,2020,2020 EVENT #4,Regular,68,,,8/28/2020,Fri,,,$0
5,2020,2020 EVENT #5,Regular,68,,,8/28/2020,Fri,,,$0
5,2020,2020 EVENT #6,Regular,68,,,8/28/2020,Fri,,,$0
6,2019,2019 EVENT #4,Regular,68,,,9/7/2019,Sat,,,"$1,603"
6,2019,2019 EVENT #5,Regular,68,,,9/7/2019,Sat,,,"$1,406"
6,2019,2019 EVENT #6,Regular,68,,,9/7/2019,Sat,,,"$9,744"
6,2020,2020 EVENT #4,Regular,68,,,8/29/2020,Sat,,,$0
6,2020,2020 EVENT #5,Regular,68,,,8/29/2020,Sat,,,$0
6,2020,2020 EVENT #6,Regular,68,,,8/29/2020,Sat,,,$0
7,2019,2019 EVENT #4,Regular,68,,,9/8/2019,Sun,,,"$1,716"
7,2019,2019 EVENT #5,Regular,68,,,9/8/2019,Sun,,,"$2,724"
7,2019,2019 EVENT #6,Regular,68,,,9/8/2019,Sun,,,"$16,641"
7,2020,2020 EVENT #4,Regular,68,,,8/30/2020,Sun,,,$0
7,2020,2020 EVENT #5,Regular,68,,,8/30/2020,Sun,,,$0
7,2020,2020 EVENT #6,Regular,68,,,8/30/2020,Sun,,,$0
1,2019,2019 EVENT #4,Regular,69,,,9/9/2019,Mon,,,$409
1,2019,2019 EVENT #5,Regular,69,,,9/9/2019,Mon,,,"$8,182"
1,2019,2019 EVENT #6,Regular,69,,,9/9/2019,Mon,,,"$82,321"
1,2020,2020 EVENT #4,Regular,69,,,8/31/2020,Mon,,,$0
1,2020,2020 EVENT #5,Regular,69,,,8/31/2020,Mon,,,$0
1,2020,2020 EVENT #6,Regular,69,,,8/31/2020,Mon,,,$0
2,2019,2019 EVENT #4,Regular,69,,,9/10/2019,Tue,,,$286
2,2019,2019 EVENT #5,Regular,69,,,9/10/2019,Tue,,,"$1,581"
2,2019,2019 EVENT #6,Regular,69,,,9/10/2019,Tue,,,"$61,623"
2,2020,2020 EVENT #4,Regular,69,,,9/1/2020,Tue,,,$0
2,2020,2020 EVENT #5,Regular,69,,,9/1/2020,Tue,,,$0
2,2020,2020 EVENT #6,Regular,69,,,9/1/2020,Tue,,,$0
3,2019,2019 EVENT #4,Regular,69,,,9/11/2019,Wed,,,"$7,790"
3,2019,2019 EVENT #5,Regular,69,,,9/11/2019,Wed,,,"$16,009"
3,2019,2019 EVENT #6,Regular,69,,,9/11/2019,Wed,,,"$153,145"
3,2020,2020 EVENT #4,Regular,69,,,9/2/2020,Wed,,,$0
3,2020,2020 EVENT #5,Regular,69,,,9/2/2020,Wed,,,$0
3,2020,2020 EVENT #6,Regular,69,,,9/2/2020,Wed,,,$0
4,2019,2019 EVENT #4,Regular,69,,,9/12/2019,Thu,,,"$2,700"
4,2019,2019 EVENT #5,Regular,69,,,9/12/2019,Thu,,,"$4,540"
4,2019,2019 EVENT #6,Regular,69,,,9/12/2019,Thu,,,"$39,117"
4,2020,2020 EVENT #4,Regular,69,,,9/3/2020,Thu,,,$0
4,2020,2020 EVENT #5,Regular,69,,,9/3/2020,Thu,,,$0
4,2020,2020 EVENT #6,Regular,69,,,9/3/2020,Thu,,,$0
5,2019,2019 EVENT #4,Regular,69,,,9/13/2019,Fri,,,"$3,733"
5,2019,2019 EVENT #5,Regular,69,,,9/13/2019,Fri,,,"$6,550"
5,2019,2019 EVENT #6,Regular,69,,,9/13/2019,Fri,,,"$52,464"
5,2020,2020 EVENT #4,Regular,69,,,9/4/2020,Fri,,,$0
5,2020,2020 EVENT #5,Regular,69,,,9/4/2020,Fri,,,$0
5,2020,2020 EVENT #6,Regular,69,,,9/4/2020,Fri,,,$0
6,2019,2019 EVENT #4,Regular,69,,,9/14/2019,Sat,,,"$3,276"
6,2019,2019 EVENT #5,Regular,69,,,9/14/2019,Sat,,,"$4,913"
6,2019,2019 EVENT #6,Regular,69,,,9/14/2019,Sat,,,"$22,366"
6,2020,2020 EVENT #4,Regular,69,,,9/5/2020,Sat,,,$0
6,2020,2020 EVENT #5,Regular,69,,,9/5/2020,Sat,,,$0
6,2020,2020 EVENT #6,Regular,69,,,9/5/2020,Sat,,,$0
7,2019,2019 EVENT #4,Regular,69,,,9/15/2019,Sun,,,$586
7,2019,2019 EVENT #5,Regular,69,,,9/15/2019,Sun,,,"$1,368"
7,2019,2019 EVENT #6,Regular,69,,,9/15/2019,Sun,,,"$35,000"
7,2020,2020 EVENT #4,Regular,69,,,9/6/2020,Sun,,,$0
7,2020,2020 EVENT #5,Regular,69,,,9/6/2020,Sun,,,$0
7,2020,2020 EVENT #6,Regular,69,,,9/6/2020,Sun,,,$0
1,2019,2019 EVENT #4,Regular,70,,,9/16/2019,Mon,,,"$7,504"
1,2019,2019 EVENT #5,Regular,70,,,9/16/2019,Mon,,,"$6,478"
1,2019,2019 EVENT #6,Regular,70,,,9/16/2019,Mon,,,"$121,249"
1,2020,2020 EVENT #4,Regular,70,,,9/7/2020,Mon,,,$0
1,2020,2020 EVENT #5,Regular,70,,,9/7/2020,Mon,,,$0
1,2020,2020 EVENT #6,Regular,70,,,9/7/2020,Mon,,,$0
2,2019,2019 EVENT #4,Regular,70,,,9/17/2019,Tue,,,"$2,161"
2,2019,2019 EVENT #5,Regular,70,,,9/17/2019,Tue,,,"$4,553"
2,2019,2019 EVENT #6,Regular,70,,,9/17/2019,Tue,,,"$185,666"
2,2020,2020 EVENT #4,Regular,70,,,9/8/2020,Tue,,,$0
2,2020,2020 EVENT #5,Regular,70,,,9/8/2020,Tue,,,$0
2,2020,2020 EVENT #6,Regular,70,,,9/8/2020,Tue,,,$0
3,2019,2019 EVENT #4,Regular,70,,,9/18/2019,Wed,,,"$4,973"
3,2019,2019 EVENT #5,Regular,70,,,9/18/2019,Wed,,,"$4,333"
3,2019,2019 EVENT #6,Regular,70,,,9/18/2019,Wed,,,"$55,484"
3,2020,2020 EVENT #4,Regular,70,,,9/9/2020,Wed,,,$0
3,2020,2020 EVENT #5,Regular,70,,,9/9/2020,Wed,,,$0
3,2020,2020 EVENT #6,Regular,70,,,9/9/2020,Wed,,,$0
4,2019,2019 EVENT #4,Regular,70,,,9/19/2019,Thu,,,$936
4,2019,2019 EVENT #5,Regular,70,,,9/19/2019,Thu,,,"$1,975"
4,2019,2019 EVENT #6,Regular,70,,,9/19/2019,Thu,,,"$64,029"
4,2020,2020 EVENT #4,Regular,70,,,9/10/2020,Thu,,,$0
4,2020,2020 EVENT #5,Regular,70,,,9/10/2020,Thu,,,$0
4,2020,2020 EVENT #6,Regular,70,,,9/10/2020,Thu,,,$0
5,2019,2019 EVENT #4,Regular,70,,,9/20/2019,Fri,,,"$1,306"
5,2019,2019 EVENT #5,Regular,70,,,9/20/2019,Fri,,,"$6,620"
5,2019,2019 EVENT #6,Regular,70,,,9/20/2019,Fri,,,"$46,668"
5,2020,2020 EVENT #4,Regular,70,,,9/11/2020,Fri,,,$0
5,2020,2020 EVENT #5,Regular,70,,,9/11/2020,Fri,,,$0
5,2020,2020 EVENT #6,Regular,70,,,9/11/2020,Fri,,,$0
6,2019,2019 EVENT #4,Regular,70,,,9/21/2019,Sat,,,"$1,785"
6,2019,2019 EVENT #5,Regular,70,,,9/21/2019,Sat,,,"$2,328"
6,2019,2019 EVENT #6,Regular,70,,,9/21/2019,Sat,,,"$36,108"
6,2020,2020 EVENT #4,Regular,70,,,9/12/2020,Sat,,,$0
6,2020,2020 EVENT #5,Regular,70,,,9/12/2020,Sat,,,$0
6,2020,2020 EVENT #6,Regular,70,,,9/12/2020,Sat,,,$0
7,2019,2019 EVENT #4,Regular,70,,,9/22/2019,Sun,,,$0
7,2019,2019 EVENT #5,Regular,70,,,9/22/2019,Sun,,,"$2,359"
7,2019,2019 EVENT #6,Regular,70,,,9/22/2019,Sun,,,"$15,203"
7,2020,2020 EVENT #4,Regular,70,,,9/13/2020,Sun,,,$0
7,2020,2020 EVENT #5,Regular,70,,,9/13/2020,Sun,,,$0
7,2020,2020 EVENT #6,Regular,70,,,9/13/2020,Sun,,,$0
1,2019,2019 EVENT #4,Regular,71,,,9/23/2019,Mon,,,"$3,626"
1,2019,2019 EVENT #5,Regular,71,,,9/23/2019,Mon,,,"$9,249"
1,2019,2019 EVENT #6,Regular,71,,,9/23/2019,Mon,,,"$84,163"
1,2020,2020 EVENT #4,Regular,71,,,9/14/2020,Mon,,,$0
1,2020,2020 EVENT #5,Regular,71,,,9/14/2020,Mon,,,$0
1,2020,2020 EVENT #6,Regular,71,,,9/14/2020,Mon,,,$0
2,2019,2019 EVENT #4,Regular,71,,,9/24/2019,Tue,,,"$5,097"
2,2019,2019 EVENT #5,Regular,71,,,9/24/2019,Tue,,,"$4,749"
2,2019,2019 EVENT #6,Regular,71,,,9/24/2019,Tue,,,"$89,313"
2,2020,2020 EVENT #4,Regular,71,,,9/15/2020,Tue,,,$0
2,2020,2020 EVENT #5,Regular,71,,,9/15/2020,Tue,,,$0
2,2020,2020 EVENT #6,Regular,71,,,9/15/2020,Tue,,,$0
3,2019,2019 EVENT #4,Regular,71,,,9/25/2019,Wed,,,"$3,547"
3,2019,2019 EVENT #5,Regular,71,,,9/25/2019,Wed,,,"$12,610"
3,2019,2019 EVENT #6,Regular,71,,,9/25/2019,Wed,,,"$83,222"
3,2020,2020 EVENT #4,Regular,71,,,9/16/2020,Wed,,,$0
3,2020,2020 EVENT #5,Regular,71,,,9/16/2020,Wed,,,$0
3,2020,2020 EVENT #6,Regular,71,,,9/16/2020,Wed,,,$0
4,2019,2019 EVENT #4,Regular,71,,,9/26/2019,Thu,,,"$3,375"
4,2019,2019 EVENT #5,Regular,71,,,9/26/2019,Thu,,,"$10,064"
4,2019,2019 EVENT #6,Regular,71,,,9/26/2019,Thu,,,"$159,852"
4,2020,2020 EVENT #4,Regular,71,,,9/17/2020,Thu,,,$0
4,2020,2020 EVENT #5,Regular,71,,,9/17/2020,Thu,,,$0
4,2020,2020 EVENT #6,Regular,71,,,9/17/2020,Thu,,,$0
5,2019,2019 EVENT #4,Regular,71,,,9/27/2019,Fri,,,"$5,295"
5,2019,2019 EVENT #5,Regular,71,,,9/27/2019,Fri,,,"$8,692"
5,2019,2019 EVENT #6,Regular,71,,,9/27/2019,Fri,,,"$53,877"
5,2020,2020 EVENT #4,Regular,71,,,9/18/2020,Fri,,,$0
5,2020,2020 EVENT #5,Regular,71,,,9/18/2020,Fri,,,$0
5,2020,2020 EVENT #6,Regular,71,,,9/18/2020,Fri,,,$0
6,2019,2019 EVENT #4,Regular,71,,,9/28/2019,Sat,,,"$1,471"
6,2019,2019 EVENT #5,Regular,71,,,9/28/2019,Sat,,,"$2,900"
6,2019,2019 EVENT #6,Regular,71,,,9/28/2019,Sat,,,"$22,980"
6,2020,2020 EVENT #4,Regular,71,,,9/19/2020,Sat,,,$0
6,2020,2020 EVENT #5,Regular,71,,,9/19/2020,Sat,,,$0
6,2020,2020 EVENT #6,Regular,71,,,9/19/2020,Sat,,,$0
7,2019,2019 EVENT #4,Regular,71,,,9/29/2019,Sun,,,"$3,625"
7,2019,2019 EVENT #5,Regular,71,,,9/29/2019,Sun,,,"$4,285"
7,2019,2019 EVENT #6,Regular,71,,,9/29/2019,Sun,,,"$35,364"
7,2020,2020 EVENT #4,Regular,71,,,9/20/2020,Sun,,,$0
7,2020,2020 EVENT #5,Regular,71,,,9/20/2020,Sun,,,$0
7,2020,2020 EVENT #6,Regular,71,,,9/20/2020,Sun,,,$0
1,2019,2019 EVENT #4,Regular,72,,,9/30/2019,Mon,,,"$1,690"
1,2019,2019 EVENT #5,Regular,72,,,9/30/2019,Mon,,,"$1,493"
1,2019,2019 EVENT #6,Regular,72,,,9/30/2019,Mon,,,"$68,939"
1,2020,2020 EVENT #4,Regular,72,,,9/21/2020,Mon,,,$0
1,2020,2020 EVENT #5,Regular,72,,,9/21/2020,Mon,,,$0
1,2020,2020 EVENT #6,Regular,72,,,9/21/2020,Mon,,,$0
2,2019,2019 EVENT #4,Regular,72,,,10/1/2019,Tue,,,"$3,020"
2,2019,2019 EVENT #5,Regular,72,,,10/1/2019,Tue,,,"$6,830"
2,2019,2019 EVENT #6,Regular,72,,,10/1/2019,Tue,,,"$82,853"
2,2020,2020 EVENT #4,Regular,72,,,9/22/2020,Tue,,,$0
2,2020,2020 EVENT #5,Regular,72,,,9/22/2020,Tue,,,$0
2,2020,2020 EVENT #6,Regular,72,,,9/22/2020,Tue,,,$0
3,2019,2019 EVENT #4,Regular,72,,,10/2/2019,Wed,,,"$5,177"
3,2019,2019 EVENT #5,Regular,72,,,10/2/2019,Wed,,,"$3,677"
3,2019,2019 EVENT #6,Regular,72,,,10/2/2019,Wed,,,"$83,881"
3,2020,2020 EVENT #4,Regular,72,,,9/23/2020,Wed,,,$0
3,2020,2020 EVENT #5,Regular,72,,,9/23/2020,Wed,,,$0
3,2020,2020 EVENT #6,Regular,72,,,9/23/2020,Wed,,,$0
4,2019,2019 EVENT #4,Regular,72,,,10/3/2019,Thu,,,"$2,252"
4,2019,2019 EVENT #5,Regular,72,,,10/3/2019,Thu,,,"$16,117"
4,2019,2019 EVENT #6,Regular,72,,,10/3/2019,Thu,,,"$80,497"
4,2020,2020 EVENT #4,Regular,72,,,9/24/2020,Thu,,,$0
4,2020,2020 EVENT #5,Regular,72,,,9/24/2020,Thu,,,$0
4,2020,2020 EVENT #6,Regular,72,,,9/24/2020,Thu,,,$0
5,2019,2019 EVENT #4,Regular,72,,,10/4/2019,Fri,,,"$4,235"
5,2019,2019 EVENT #5,Regular,72,,,10/4/2019,Fri,,,"$9,762"
5,2019,2019 EVENT #6,Regular,72,,,10/4/2019,Fri,,,"$52,790"
5,2020,2020 EVENT #4,Regular,72,,,9/25/2020,Fri,,,$0
5,2020,2020 EVENT #5,Regular,72,,,9/25/2020,Fri,,,$0
5,2020,2020 EVENT #6,Regular,72,,,9/25/2020,Fri,,,$0
6,2019,2019 EVENT #4,Regular,72,,,10/5/2019,Sat,,,"$4,952"
6,2019,2019 EVENT #5,Regular,72,,,10/5/2019,Sat,,,"$3,794"
6,2019,2019 EVENT #6,Regular,72,,,10/5/2019,Sat,,,"$27,156"
6,2020,2020 EVENT #4,Regular,72,,,9/26/2020,Sat,,,$0
6,2020,2020 EVENT #5,Regular,72,,,9/26/2020,Sat,,,$0
6,2020,2020 EVENT #6,Regular,72,,,9/26/2020,Sat,,,$0
7,2019,2019 EVENT #4,Regular,72,,,10/6/2019,Sun,,,$0
7,2019,2019 EVENT #5,Regular,72,,,10/6/2019,Sun,,,"$6,903"
7,2019,2019 EVENT #6,Regular,72,,,10/6/2019,Sun,,,"$39,068"
7,2020,2020 EVENT #4,Regular,72,,,9/27/2020,Sun,,,$0
7,2020,2020 EVENT #5,Regular,72,,,9/27/2020,Sun,,,$0
7,2020,2020 EVENT #6,Regular,72,,,9/27/2020,Sun,,,$0
1,2019,2019 EVENT #4,Regular,73,,,10/7/2019,Mon,,,"$5,652"
1,2019,2019 EVENT #5,Regular,73,,,10/7/2019,Mon,,,"$28,744"
1,2019,2019 EVENT #6,Regular,73,,,10/7/2019,Mon,,,"$227,050"
1,2020,2020 EVENT #4,Regular,73,,,9/28/2020,Mon,,,$0
1,2020,2020 EVENT #5,Regular,73,,,9/28/2020,Mon,,,$0
1,2020,2020 EVENT #6,Regular,73,,,9/28/2020,Mon,,,$0
2,2019,2019 EVENT #4,Regular,73,,,10/8/2019,Tue,,,"$5,374"
2,2019,2019 EVENT #5,Regular,73,,,10/8/2019,Tue,,,"$2,674"
2,2019,2019 EVENT #6,Regular,73,,,10/8/2019,Tue,,,"$88,646"
2,2020,2020 EVENT #4,Regular,73,,,9/29/2020,Tue,,,$0
2,2020,2020 EVENT #5,Regular,73,,,9/29/2020,Tue,,,$0
2,2020,2020 EVENT #6,Regular,73,,,9/29/2020,Tue,,,$0
3,2019,2019 EVENT #4,Regular,73,,,10/9/2019,Wed,,,"$3,897"
3,2019,2019 EVENT #5,Regular,73,,,10/9/2019,Wed,,,$639
3,2019,2019 EVENT #6,Regular,73,,,10/9/2019,Wed,,,"$61,390"
3,2020,2020 EVENT #4,Regular,73,,,9/30/2020,Wed,,,$0
3,2020,2020 EVENT #5,Regular,73,,,9/30/2020,Wed,,,$0
3,2020,2020 EVENT #6,Regular,73,,,9/30/2020,Wed,,,$0
4,2019,2019 EVENT #4,Regular,73,,,10/10/2019,Thu,,,"$2,604"
4,2019,2019 EVENT #5,Regular,73,,,10/10/2019,Thu,,,"$7,535"
4,2019,2019 EVENT #6,Regular,73,,,10/10/2019,Thu,,,"$58,724"
4,2020,2020 EVENT #4,Regular,73,,,10/1/2020,Thu,,,$0
4,2020,2020 EVENT #5,Regular,73,,,10/1/2020,Thu,,,$0
4,2020,2020 EVENT #6,Regular,73,,,10/1/2020,Thu,,,$0
5,2019,2019 EVENT #4,Regular,73,,,10/11/2019,Fri,,,"$2,632"
5,2019,2019 EVENT #5,Regular,73,,,10/11/2019,Fri,,,"$14,895"
5,2019,2019 EVENT #6,Regular,73,,,10/11/2019,Fri,,,"$77,816"
5,2020,2020 EVENT #4,Regular,73,,,10/2/2020,Fri,,,$0
5,2020,2020 EVENT #5,Regular,73,,,10/2/2020,Fri,,,$0
5,2020,2020 EVENT #6,Regular,73,,,10/2/2020,Fri,,,$0
6,2019,2019 EVENT #4,Regular,73,,,10/12/2019,Sat,,,"$1,356"
6,2019,2019 EVENT #5,Regular,73,,,10/12/2019,Sat,,,"$2,155"
6,2019,2019 EVENT #6,Regular,73,,,10/12/2019,Sat,,,"$44,745"
6,2020,2020 EVENT #4,Regular,73,,,10/3/2020,Sat,,,$0
6,2020,2020 EVENT #5,Regular,73,,,10/3/2020,Sat,,,$0
6,2020,2020 EVENT #6,Regular,73,,,10/3/2020,Sat,,,$0
7,2019,2019 EVENT #4,Regular,73,,,10/13/2019,Sun,,,"$2,757"
7,2019,2019 EVENT #5,Regular,73,,,10/13/2019,Sun,,,"$4,127"
7,2019,2019 EVENT #6,Regular,73,,,10/13/2019,Sun,,,"$41,878"
7,2020,2020 EVENT #4,Regular,73,,,10/4/2020,Sun,,,$0
7,2020,2020 EVENT #5,Regular,73,,,10/4/2020,Sun,,,$0
7,2020,2020 EVENT #6,Regular,73,,,10/4/2020,Sun,,,$0
1,2019,2019 EVENT #4,Regular,74,,,10/14/2019,Mon,,,"$2,428"
1,2019,2019 EVENT #5,Regular,74,,,10/14/2019,Mon,,,"$3,811"
1,2019,2019 EVENT #6,Regular,74,,,10/14/2019,Mon,,,"$146,046"
1,2020,2020 EVENT #4,Regular,74,,,10/5/2020,Mon,,,$0
1,2020,2020 EVENT #5,Regular,74,,,10/5/2020,Mon,,,$0
1,2020,2020 EVENT #6,Regular,74,,,10/5/2020,Mon,,,$0
2,2019,2019 EVENT #4,Regular,74,,,10/15/2019,Tue,,,"$3,130"
2,2019,2019 EVENT #5,Regular,74,,,10/15/2019,Tue,,,"$9,095"
2,2019,2019 EVENT #6,Regular,74,,,10/15/2019,Tue,,,"$122,063"
2,2020,2020 EVENT #4,Regular,74,,,10/6/2020,Tue,,,$0
2,2020,2020 EVENT #5,Regular,74,,,10/6/2020,Tue,,,$0
2,2020,2020 EVENT #6,Regular,74,,,10/6/2020,Tue,,,$0
3,2019,2019 EVENT #4,Regular,74,,,10/16/2019,Wed,,,"$1,750"
3,2019,2019 EVENT #5,Regular,74,,,10/16/2019,Wed,,,"$9,718"
3,2019,2019 EVENT #6,Regular,74,,,10/16/2019,Wed,,,"$149,418"
3,2020,2020 EVENT #4,Regular,74,,,10/7/2020,Wed,,,$0
3,2020,2020 EVENT #5,Regular,74,,,10/7/2020,Wed,,,$0
3,2020,2020 EVENT #6,Regular,74,,,10/7/2020,Wed,,,$0
4,2019,2019 EVENT #4,Regular,74,,,10/17/2019,Thu,,,"$2,233"
4,2019,2019 EVENT #5,Regular,74,,,10/17/2019,Thu,,,"$10,620"
4,2019,2019 EVENT #6,Regular,74,,,10/17/2019,Thu,,,"$169,136"
4,2020,2020 EVENT #4,Regular,74,,,10/8/2020,Thu,,,$0
4,2020,2020 EVENT #5,Regular,74,,,10/8/2020,Thu,,,$0
4,2020,2020 EVENT #6,Regular,74,,,10/8/2020,Thu,,,$0
5,2019,2019 EVENT #4,Regular,74,,,10/18/2019,Fri,,,"$3,455"
5,2019,2019 EVENT #5,Regular,74,,,10/18/2019,Fri,,,"$10,575"
5,2019,2019 EVENT #6,Regular,74,,,10/18/2019,Fri,,,"$66,918"
5,2020,2020 EVENT #4,Regular,74,,,10/9/2020,Fri,,,$0
5,2020,2020 EVENT #5,Regular,74,,,10/9/2020,Fri,,,$0
5,2020,2020 EVENT #6,Regular,74,,,10/9/2020,Fri,,,$0
6,2019,2019 EVENT #4,Regular,74,,,10/19/2019,Sat,,,"$2,163"
6,2019,2019 EVENT #5,Regular,74,,,10/19/2019,Sat,,,"$6,329"
6,2019,2019 EVENT #6,Regular,74,,,10/19/2019,Sat,,,"$42,363"
6,2020,2020 EVENT #4,Regular,74,,,10/10/2020,Sat,,,$0
6,2020,2020 EVENT #5,Regular,74,,,10/10/2020,Sat,,,$0
6,2020,2020 EVENT #6,Regular,74,,,10/10/2020,Sat,,,$0
7,2019,2019 EVENT #4,Regular,74,,,10/20/2019,Sun,,,"$3,769"
7,2019,2019 EVENT #5,Regular,74,,,10/20/2019,Sun,,,"$2,032"
7,2019,2019 EVENT #6,Regular,74,,,10/20/2019,Sun,,,"$56,686"
7,2020,2020 EVENT #4,Regular,74,,,10/11/2020,Sun,,,$0
7,2020,2020 EVENT #5,Regular,74,,,10/11/2020,Sun,,,$0
7,2020,2020 EVENT #6,Regular,74,,,10/11/2020,Sun,,,$0
1,2019,2019 EVENT #4,Regular,75,,,10/21/2019,Mon,,,"$66,006"
1,2019,2019 EVENT #5,Regular,75,,,10/21/2019,Mon,,,"$13,632"
1,2019,2019 EVENT #6,Regular,75,,,10/21/2019,Mon,,,"$128,297"
1,2020,2020 EVENT #4,Regular,75,,,10/12/2020,Mon,,,$0
1,2020,2020 EVENT #5,Regular,75,,,10/12/2020,Mon,,,$0
1,2020,2020 EVENT #6,Regular,75,,,10/12/2020,Mon,,,$0
2,2019,2019 EVENT #4,Regular,75,,,10/22/2019,Tue,,,"$11,330"
2,2019,2019 EVENT #5,Regular,75,,,10/22/2019,Tue,,,"$75,094"
2,2019,2019 EVENT #6,Regular,75,,,10/22/2019,Tue,,,"$160,574"
2,2020,2020 EVENT #4,Regular,75,,,10/13/2020,Tue,,,$0
2,2020,2020 EVENT #5,Regular,75,,,10/13/2020,Tue,,,$0
2,2020,2020 EVENT #6,Regular,75,,,10/13/2020,Tue,,,$0
3,2019,2019 EVENT #4,Regular,75,,,10/23/2019,Wed,,,"$4,834"
3,2019,2019 EVENT #5,Regular,75,,,10/23/2019,Wed,,,"$4,840"
3,2019,2019 EVENT #6,Regular,75,,,10/23/2019,Wed,,,"$81,304"
3,2020,2020 EVENT #4,Regular,75,,,10/14/2020,Wed,,,$0
3,2020,2020 EVENT #5,Regular,75,,,10/14/2020,Wed,,,$0
3,2020,2020 EVENT #6,Regular,75,,,10/14/2020,Wed,,,$0
4,2019,2019 EVENT #4,Regular,75,,,10/24/2019,Thu,,,"$4,966"
4,2019,2019 EVENT #5,Regular,75,,,10/24/2019,Thu,,,"$14,824"
4,2019,2019 EVENT #6,Regular,75,,,10/24/2019,Thu,,,"$60,209"
4,2020,2020 EVENT #4,Regular,75,,,10/15/2020,Thu,,,$0
4,2020,2020 EVENT #5,Regular,75,,,10/15/2020,Thu,,,$0
4,2020,2020 EVENT #6,Regular,75,,,10/15/2020,Thu,,,$0
5,2019,2019 EVENT #4,Regular,75,,,10/25/2019,Fri,,,"$7,424"
5,2019,2019 EVENT #5,Regular,75,,,10/25/2019,Fri,,,"$12,333"
5,2019,2019 EVENT #6,Regular,75,,,10/25/2019,Fri,,,"$96,744"
5,2020,2020 EVENT #4,Regular,75,,,10/16/2020,Fri,,,$0
5,2020,2020 EVENT #5,Regular,75,,,10/16/2020,Fri,,,$0
5,2020,2020 EVENT #6,Regular,75,,,10/16/2020,Fri,,,$0
6,2019,2019 EVENT #4,Regular,75,,,10/26/2019,Sat,,,"$1,563"
6,2019,2019 EVENT #5,Regular,75,,,10/26/2019,Sat,,,"$3,878"
6,2019,2019 EVENT #6,Regular,75,,,10/26/2019,Sat,,,"$55,971"
6,2020,2020 EVENT #4,Regular,75,,,10/17/2020,Sat,,,$0
6,2020,2020 EVENT #5,Regular,75,,,10/17/2020,Sat,,,$0
6,2020,2020 EVENT #6,Regular,75,,,10/17/2020,Sat,,,$0
7,2019,2019 EVENT #4,Regular,75,,,10/27/2019,Sun,,,"$1,301"
7,2019,2019 EVENT #5,Regular,75,,,10/27/2019,Sun,,,"$6,019"
7,2019,2019 EVENT #6,Regular,75,,,10/27/2019,Sun,,,"$59,334"
7,2020,2020 EVENT #4,Regular,75,,,10/18/2020,Sun,,,$0
7,2020,2020 EVENT #5,Regular,75,,,10/18/2020,Sun,,,$0
7,2020,2020 EVENT #6,Regular,75,,,10/18/2020,Sun,,,$0
1,2019,2019 EVENT #4,Regular,76,,,10/28/2019,Mon,,,"$5,149"
1,2019,2019 EVENT #5,Regular,76,,,10/28/2019,Mon,,,"$15,739"
1,2019,2019 EVENT #6,Regular,76,,,10/28/2019,Mon,,,"$309,793"
1,2020,2020 EVENT #4,Regular,76,,,10/19/2020,Mon,,,$0
1,2020,2020 EVENT #5,Regular,76,,,10/19/2020,Mon,,,$0
1,2020,2020 EVENT #6,Regular,76,,,10/19/2020,Mon,,,$0
2,2019,2019 EVENT #4,Regular,76,,,10/29/2019,Tue,,,"$6,476"
2,2019,2019 EVENT #5,Regular,76,,,10/29/2019,Tue,,,"$14,087"
2,2019,2019 EVENT #6,Regular,76,,,10/29/2019,Tue,,,"$175,321"
2,2020,2020 EVENT #4,Regular,76,,,10/20/2020,Tue,,,$0
2,2020,2020 EVENT #5,Regular,76,,,10/20/2020,Tue,,,$0
2,2020,2020 EVENT #6,Regular,76,,,10/20/2020,Tue,,,$0
3,2019,2019 EVENT #4,Regular,76,,,10/30/2019,Wed,,,"$4,848"
3,2019,2019 EVENT #5,Regular,76,,,10/30/2019,Wed,,,"$50,163"
3,2019,2019 EVENT #6,Regular,76,,,10/30/2019,Wed,,,"$288,066"
3,2020,2020 EVENT #4,Regular,76,,,10/21/2020,Wed,,,$0
3,2020,2020 EVENT #5,Regular,76,,,10/21/2020,Wed,,,$0
3,2020,2020 EVENT #6,Regular,76,,,10/21/2020,Wed,,,$0
4,2019,2019 EVENT #4,Regular,76,,,10/31/2019,Thu,,,"$8,851"
4,2019,2019 EVENT #5,Regular,76,,,10/31/2019,Thu,,,"$13,222"
4,2019,2019 EVENT #6,Regular,76,,,10/31/2019,Thu,,,"$130,907"
4,2020,2020 EVENT #4,Regular,76,,,10/22/2020,Thu,,,$0
4,2020,2020 EVENT #5,Regular,76,,,10/22/2020,Thu,,,$0
4,2020,2020 EVENT #6,Regular,76,,,10/22/2020,Thu,,,$0
5,2019,2019 EVENT #4,Regular,76,,,11/1/2019,Fri,,,"$17,191"
5,2019,2019 EVENT #5,Regular,76,,,11/1/2019,Fri,,,"$21,148"
5,2019,2019 EVENT #6,Regular,76,,,11/1/2019,Fri,,,"$177,472"
5,2020,2020 EVENT #4,Regular,76,,,10/23/2020,Fri,,,$0
5,2020,2020 EVENT #5,Regular,76,,,10/23/2020,Fri,,,$0
5,2020,2020 EVENT #6,Regular,76,,,10/23/2020,Fri,,,$0
6,2019,2019 EVENT #4,Regular,76,,,11/2/2019,Sat,,,"$7,400"
6,2019,2019 EVENT #5,Regular,76,,,11/2/2019,Sat,,,"$12,716"
6,2019,2019 EVENT #6,Regular,76,,,11/2/2019,Sat,,,"$54,874"
6,2020,2020 EVENT #4,Regular,76,,,10/24/2020,Sat,,,$0
6,2020,2020 EVENT #5,Regular,76,,,10/24/2020,Sat,,,$0
6,2020,2020 EVENT #6,Regular,76,,,10/24/2020,Sat,,,$0
7,2019,2019 EVENT #4,Regular,76,,,11/3/2019,Sun,,,"$2,468"
7,2019,2019 EVENT #5,Regular,76,,,11/3/2019,Sun,,,"$13,284"
7,2019,2019 EVENT #6,Regular,76,,,11/3/2019,Sun,,,"$106,435"
7,2020,2020 EVENT #4,Regular,76,,,10/25/2020,Sun,,,$0
7,2020,2020 EVENT #5,Regular,76,,,10/25/2020,Sun,,,$0
7,2020,2020 EVENT #6,Regular,76,,,10/25/2020,Sun,,,$0
1,2019,2019 EVENT #4,Regular,77,,,11/4/2019,Mon,,,"$11,582"
1,2019,2019 EVENT #5,Regular,77,,,11/4/2019,Mon,,,"$28,487"
1,2019,2019 EVENT #6,Regular,77,,,11/4/2019,Mon,,,"$220,364"
1,2020,2020 EVENT #4,Regular,77,,,10/26/2020,Mon,,,$0
1,2020,2020 EVENT #5,Regular,77,,,10/26/2020,Mon,,,$0
1,2020,2020 EVENT #6,Regular,77,,,10/26/2020,Mon,,,$0
2,2019,2019 EVENT #4,Regular,77,,,11/5/2019,Tue,,,"$23,492"
2,2019,2019 EVENT #5,Regular,77,,,11/5/2019,Tue,,,"$40,163"
2,2019,2019 EVENT #6,Regular,77,,,11/5/2019,Tue,,,"$265,688"
2,2020,2020 EVENT #4,Regular,77,,,10/27/2020,Tue,,,$0
2,2020,2020 EVENT #5,Regular,77,,,10/27/2020,Tue,,,$0
2,2020,2020 EVENT #6,Regular,77,,,10/27/2020,Tue,,,$0
3,2019,2019 EVENT #4,Regular,77,,,11/6/2019,Wed,,,"$16,630"
3,2019,2019 EVENT #5,Regular,77,,,11/6/2019,Wed,,,"$30,676"
3,2019,2019 EVENT #6,Regular,77,,,11/6/2019,Wed,,,"$178,573"
3,2020,2020 EVENT #4,Regular,77,,,10/28/2020,Wed,,,$0
3,2020,2020 EVENT #5,Regular,77,,,10/28/2020,Wed,,,$0
3,2020,2020 EVENT #6,Regular,77,,,10/28/2020,Wed,,,$0
4,2019,2019 EVENT #4,Regular,77,,,11/7/2019,Thu,,,"$43,089"
4,2019,2019 EVENT #5,Regular,77,,,11/7/2019,Thu,,,"$30,033"
4,2019,2019 EVENT #6,Regular,77,,,11/7/2019,Thu,,,"$126,414"
4,2020,2020 EVENT #4,Regular,77,,,10/29/2020,Thu,,,$0
4,2020,2020 EVENT #5,Regular,77,,,10/29/2020,Thu,,,$0
4,2020,2020 EVENT #6,Regular,77,,,10/29/2020,Thu,,,$0
5,2019,2019 EVENT #4,Event Date,77,,,11/8/2019,Fri,,,"$454,893"
5,2019,2019 EVENT #5,Regular,77,,,11/8/2019,Fri,,,"$141,359"
5,2019,2019 EVENT #6,Regular,77,,,11/8/2019,Fri,,,"$213,909"
5,2020,2020 EVENT #4,Regular,77,,,10/30/2020,Fri,,,$0
5,2020,2020 EVENT #5,Regular,77,,,10/30/2020,Fri,,,$0
5,2020,2020 EVENT #6,Regular,77,,,10/30/2020,Fri,,,$0
6,2019,2019 EVENT #5,Event Date,77,,,11/9/2019,Sat,,,"$320,762"
6,2019,2019 EVENT #4,Regular,77,,,11/9/2019,Sat,,,$0
6,2019,2019 EVENT #6,Regular,77,,,11/9/2019,Sat,,,"$146,760"
6,2020,2020 EVENT #4,Regular,77,,,10/31/2020,Sat,,,$0
6,2020,2020 EVENT #5,Regular,77,,,10/31/2020,Sat,,,$0
6,2020,2020 EVENT #6,Regular,77,,,10/31/2020,Sat,,,$0
7,2019,2019 EVENT #6,Event Date,77,,,11/10/2019,Sun,,,"$262,764"
7,2019,2019 EVENT #4,Regular,77,,,11/10/2019,Sun,,,$0
7,2019,2019 EVENT #5,Regular,77,,,11/10/2019,Sun,,,$0
7,2020,2020 EVENT #4,Regular,77,,,11/1/2020,Sun,,,$0
7,2020,2020 EVENT #5,Regular,77,,,11/1/2020,Sun,,,$0
7,2020,2020 EVENT #6,Regular,77,,,11/1/2020,Sun,,,$0
1,2020,2020 EVENT #4,Regular,78,,,11/2/2020,Mon,,,$0
1,2020,2020 EVENT #5,Regular,78,,,11/2/2020,Mon,,,$0
1,2020,2020 EVENT #6,Regular,78,,,11/2/2020,Mon,,,$0
2,2020,2020 EVENT #4,Regular,78,,,11/3/2020,Tue,,,$0
2,2020,2020 EVENT #5,Regular,78,,,11/3/2020,Tue,,,$0
2,2020,2020 EVENT #6,Regular,78,,,11/3/2020,Tue,,,$0
3,2020,2020 EVENT #4,Regular,78,,,11/4/2020,Wed,,,$0
3,2020,2020 EVENT #5,Regular,78,,,11/4/2020,Wed,,,$0
3,2020,2020 EVENT #6,Regular,78,,,11/4/2020,Wed,,,$0
4,2020,2020 EVENT #4,Regular,78,,,11/5/2020,Thu,,,$0
4,2020,2020 EVENT #5,Regular,78,,,11/5/2020,Thu,,,$0
4,2020,2020 EVENT #6,Regular,78,,,11/5/2020,Thu,,,$0
5,2020,2020 EVENT #4,Event Date,78,,,11/6/2020,Fri,,,$0
5,2020,2020 EVENT #5,Regular,78,,,11/6/2020,Fri,,,$0
5,2020,2020 EVENT #6,Regular,78,,,11/6/2020,Fri,,,$0
6,2020,2020 EVENT #5,Event Date,78,,,11/7/2020,Sat,,,$0
6,2020,2020 EVENT #4,Regular,78,,,11/7/2020,Sat,,,$0
6,2020,2020 EVENT #6,Regular,78,,,11/7/2020,Sat,,,$0
7,2020,2020 EVENT #6,Event Date,78,,,11/8/2020,Sun,,,$0
7,2020,2020 EVENT #4,Regular,78,,,11/8/2020,Sun,,,$0
7,2020,2020 EVENT #5,Regular,78,,,11/8/2020,Sun,,,$0
,2019,2019 EVENT #1,,1,0.0%,0,,,1,$0,$0
,2019,2019 EVENT #2,,1,0.9%,0,,,1,"$19,960","$19,960"
,2019,2019 EVENT #3,,1,0.3%,0,,,1,"$50,635","$50,635"
,2019,2019 EVENT #4,,1,0.6%,0,,,1,"$15,420","$15,420"
,2019,2019 EVENT #5,,1,0.6%,0,,,1,"$19,988","$19,988"
,2019,2019 EVENT #6,,1,0.2%,0,,,1,"$47,111","$47,111"
,2020,2020 EVENT #1,,1,0.9%,0,,,1,"$3,113","$3,113"
,2020,2020 EVENT #2,,1,32.3%,0,,,1,"$569,378","$569,378"
,2020,2020 EVENT #3,,1,11.7%,0,,,1,"$1,947,387","$1,947,387"
,2020,2020 EVENT #4,,1,31.4%,0,,,1,"$584,135","$584,135"
,2020,2020 EVENT #5,,1,23.8%,0,,,1,"$656,727","$656,727"
,2020,2020 EVENT #6,,1,8.8%,0,,,1,"$2,059,756","$2,059,756"
,2019,2019 EVENT #1,,2,0.0%,0,,,1,$0,$0
,2019,2019 EVENT #2,,2,0.9%,0,,,1,"$21,164","$1,204"
,2019,2019 EVENT #3,,2,0.3%,0,,,1,"$57,817","$7,182"
,2019,2019 EVENT #4,,2,0.9%,0,,,1,"$21,999","$6,579"
,2019,2019 EVENT #5,,2,0.6%,0,,,1,"$23,222","$3,234"
,2019,2019 EVENT #6,,2,0.2%,0,,,1,"$48,359","$1,248"
,2020,2020 EVENT #1,,2,0.9%,0,,,1,"$3,113",$0
,2020,2020 EVENT #2,,2,32.3%,0,,,1,"$569,378",$0
,2020,2020 EVENT #3,,2,11.7%,0,,,1,"$1,947,387",$0
,2020,2020 EVENT #4,,2,31.4%,0,,,1,"$584,135",$0
,2020,2020 EVENT #5,,2,23.8%,0,,,1,"$656,727",$0
,2020,2020 EVENT #6,,2,8.8%,0,,,1,"$2,059,756",$0
,2019,2019 EVENT #1,,3,0.0%,0,,,1,$0,$0
,2019,2019 EVENT #2,,3,2.4%,0,,,1,"$55,168","$34,004"
,2019,2019 EVENT #3,,3,0.9%,0,,,1,"$166,353","$108,536"
,2019,2019 EVENT #4,,3,2.0%,0,,,1,"$46,691","$24,692"
,2019,2019 EVENT #5,,3,1.5%,0,,,1,"$53,363","$30,141"
,2019,2019 EVENT #6,,3,0.5%,0,,,1,"$146,997","$98,638"
,2020,2020 EVENT #1,,3,0.9%,0,,,1,"$3,113",$0
,2020,2020 EVENT #2,,3,32.3%,0,,,1,"$569,378",$0
,2020,2020 EVENT #3,,3,11.7%,0,,,1,"$1,947,387",$0
,2020,2020 EVENT #4,,3,31.4%,0,,,1,"$584,135",$0
,2020,2020 EVENT #5,,3,23.8%,0,,,1,"$656,727",$0
,2020,2020 EVENT #6,,3,8.8%,0,,,1,"$2,059,756",$0
,2019,2019 EVENT #1,,4,0.0%,0,,,1,$0,$0
,2019,2019 EVENT #2,,4,6.2%,0,,,1,"$141,155","$85,987"
,2019,2019 EVENT #3,,4,2.2%,0,,,1,"$406,197","$239,844"
,2019,2019 EVENT #4,,4,4.4%,0,,,1,"$104,044","$57,353"
,2019,2019 EVENT #5,,4,3.1%,0,,,1,"$110,802","$57,439"
,2019,2019 EVENT #6,,4,1.1%,0,,,1,"$325,259","$178,262"
,2020,2020 EVENT #1,,4,0.9%,0,,,1,"$3,113",$0
,2020,2020 EVENT #2,,4,32.3%,0,,,1,"$569,378",$0
,2020,2020 EVENT #3,,4,11.7%,0,,,1,"$1,948,968","$1,581"
,2020,2020 EVENT #4,,4,31.4%,0,,,1,"$584,135",$0
,2020,2020 EVENT #5,,4,23.8%,0,,,1,"$656,727",$0
,2020,2020 EVENT #6,,4,8.8%,0,,,1,"$2,061,886","$2,130"
,2019,2019 EVENT #1,,5,0.0%,0,,,1,$0,$0
,2019,2019 EVENT #2,,5,8.4%,0,,,1,"$191,110","$49,955"
,2019,2019 EVENT #3,,5,2.9%,0,,,1,"$548,523","$142,326"
,2019,2019 EVENT #4,,5,6.2%,0,,,1,"$146,335","$42,291"
,2019,2019 EVENT #5,,5,4.6%,0,,,1,"$165,765","$54,963"
,2019,2019 EVENT #6,,5,1.7%,0,,,1,"$490,628","$165,369"
,2020,2020 EVENT #1,,5,0.9%,0,,,1,"$3,113",$0
,2020,2020 EVENT #2,,5,32.3%,0,,,1,"$570,037",$659
,2020,2020 EVENT #3,,5,11.7%,0,,,1,"$1,959,899","$10,931"
,2020,2020 EVENT #4,,5,31.4%,0,,,1,"$584,545",$410
,2020,2020 EVENT #5,,5,23.8%,0,,,1,"$659,372","$2,645"
,2020,2020 EVENT #6,,5,8.8%,0,,,1,"$2,071,809","$9,923"
,2019,2019 EVENT #1,,6,0.3%,0,,,1,$879,$879
,2019,2019 EVENT #2,,6,11.1%,0,,,1,"$252,981","$61,871"
,2019,2019 EVENT #3,,6,4.0%,0,,,1,"$746,636","$198,113"
,2019,2019 EVENT #4,,6,8.3%,0,,,1,"$196,362","$50,027"
,2019,2019 EVENT #5,,6,6.0%,0,,,1,"$215,300","$49,535"
,2019,2019 EVENT #6,,6,2.2%,0,,,1,"$639,453","$148,825"
,2020,2020 EVENT #1,,6,1.1%,0,,,1,"$3,514",$401
,2020,2020 EVENT #2,,6,32.6%,0,,,1,"$575,279","$5,242"
,2020,2020 EVENT #3,,6,11.8%,0,,,1,"$1,974,798","$14,899"
,2020,2020 EVENT #4,,6,31.6%,0,,,1,"$588,615","$4,070"
,2020,2020 EVENT #5,,6,23.9%,0,,,1,"$661,238","$1,866"
,2020,2020 EVENT #6,,6,9.0%,0,,,1,"$2,119,576","$47,767"
,2019,2019 EVENT #1,,7,0.4%,0,,,1,"$1,249",$370
,2019,2019 EVENT #2,,7,15.8%,0,,,1,"$358,484","$105,503"
,2019,2019 EVENT #3,,7,6.0%,0,,,1,"$1,111,855","$365,219"
,2019,2019 EVENT #4,,7,12.3%,0,,,1,"$292,537","$96,175"
,2019,2019 EVENT #5,,7,9.2%,0,,,1,"$329,734","$114,434"
,2019,2019 EVENT #6,,7,3.3%,0,,,1,"$967,191","$327,738"
,2020,2020 EVENT #1,,7,1.2%,0,,,1,"$3,900",$386
,2020,2020 EVENT #2,,7,33.0%,0,,,1,"$582,991","$7,712"
,2020,2020 EVENT #3,,7,12.0%,0,,,1,"$2,000,365","$25,567"
,2020,2020 EVENT #4,,7,32.1%,0,,,1,"$597,220","$8,605"
,2020,2020 EVENT #5,,7,24.2%,0,,,1,"$669,207","$7,969"
,2020,2020 EVENT #6,,7,9.2%,0,,,1,"$2,170,532","$50,956"
,2019,2019 EVENT #1,,8,0.6%,0,,,1,"$1,786",$537
,2019,2019 EVENT #2,,8,26.0%,0,,,1,"$590,583","$232,099"
,2019,2019 EVENT #3,,8,10.1%,0,,,1,"$1,878,639","$766,784"
,2019,2019 EVENT #4,,8,22.2%,0,,,1,"$527,877","$235,340"
,2019,2019 EVENT #5,,8,16.5%,0,,,1,"$593,588","$263,854"
,2019,2019 EVENT #6,,8,5.9%,0,,,1,"$1,719,642","$752,451"
,2020,2020 EVENT #1,,8,1.2%,0,,,1,"$3,900",$0
,2020,2020 EVENT #2,,8,33.1%,0,,,1,"$584,324","$1,333"
,2020,2020 EVENT #3,,8,12.0%,0,,,1,"$2,004,859","$4,494"
,2020,2020 EVENT #4,,8,32.1%,0,,,1,"$598,153",$933
,2020,2020 EVENT #5,,8,24.3%,0,,,1,"$670,987","$1,780"
,2020,2020 EVENT #6,,8,9.3%,0,,,1,"$2,182,930","$12,398"
,2019,2019 EVENT #1,,9,0.6%,0,,,1,"$1,955",$169
,2019,2019 EVENT #2,,9,27.7%,0,,,1,"$629,477","$38,894"
,2019,2019 EVENT #3,,9,10.9%,0,,,1,"$2,018,906","$140,267"
,2019,2019 EVENT #4,,9,23.7%,0,,,1,"$563,847","$35,970"
,2019,2019 EVENT #5,,9,17.7%,0,,,1,"$634,675","$41,087"
,2019,2019 EVENT #6,,9,6.4%,0,,,1,"$1,853,890","$134,248"
,2020,2020 EVENT #1,,9,2.6%,0,,,1,"$8,491","$4,591"
,2020,2020 EVENT #2,,9,34.3%,0,,,1,"$604,977","$20,653"
,2020,2020 EVENT #3,,9,12.3%,0,,,1,"$2,052,728","$47,869"
,2020,2020 EVENT #4,,9,33.1%,0,,,1,"$616,561","$18,408"
,2020,2020 EVENT #5,,9,24.8%,0,,,1,"$685,928","$14,941"
,2020,2020 EVENT #6,,9,9.6%,0,,,1,"$2,250,179","$67,249"
,2019,2019 EVENT #1,,10,0.6%,0,,,1,"$1,955",$0
,2019,2019 EVENT #2,,10,28.0%,0,,,1,"$636,384","$6,907"
,2019,2019 EVENT #3,,10,12.7%,0,,,1,"$2,357,342","$338,436"
,2019,2019 EVENT #4,,10,24.0%,0,,,1,"$570,125","$6,278"
,2019,2019 EVENT #5,,10,17.8%,0,,,1,"$640,596","$5,921"
,2019,2019 EVENT #6,,10,7.6%,0,,,1,"$2,202,496","$348,606"
,2020,2020 EVENT #1,,10,9.5%,0,,,1,"$31,231","$22,740"
,2020,2020 EVENT #2,,10,44.6%,0,,,1,"$787,164","$182,187"
,2020,2020 EVENT #3,,10,35.2%,0,,,1,"$5,888,316","$3,835,588"
,2020,2020 EVENT #4,,10,34.0%,0,,,1,"$633,367","$16,806"
,2020,2020 EVENT #5,,10,25.9%,0,,,1,"$717,041","$31,113"
,2020,2020 EVENT #6,,10,12.1%,0,,,1,"$2,842,294","$592,115"
,2019,2019 EVENT #1,,11,0.6%,0,,,1,"$1,955",$0
,2019,2019 EVENT #2,,11,28.0%,0,,,1,"$637,255",$871
,2019,2019 EVENT #3,,11,13.0%,0,,,1,"$2,410,028","$52,686"
,2019,2019 EVENT #4,,11,24.0%,0,,,1,"$572,011","$1,886"
,2019,2019 EVENT #5,,11,17.9%,0,,,1,"$643,896","$3,300"
,2019,2019 EVENT #6,,11,7.6%,0,,,1,"$2,205,233","$2,737"
,2020,2020 EVENT #1,,11,9.7%,0,,,1,"$31,803",$572
,2020,2020 EVENT #2,,11,44.8%,0,,,1,"$791,063","$3,899"
,2020,2020 EVENT #3,,11,35.4%,0,,,1,"$5,908,984","$20,668"
,2020,2020 EVENT #4,,11,34.3%,0,,,1,"$639,269","$5,902"
,2020,2020 EVENT #5,,11,26.2%,0,,,1,"$725,115","$8,074"
,2020,2020 EVENT #6,,11,12.3%,0,,,1,"$2,880,779","$38,485"
,2019,2019 EVENT #1,,12,0.6%,0,,,1,"$1,955",$0
,2019,2019 EVENT #2,,12,28.2%,0,,,1,"$639,985","$2,730"
,2019,2019 EVENT #3,,12,13.7%,0,,,1,"$2,556,746","$146,718"
,2019,2019 EVENT #4,,12,24.1%,0,,,1,"$574,086","$2,075"
,2019,2019 EVENT #5,,12,18.0%,0,,,1,"$645,512","$1,616"
,2019,2019 EVENT #6,,12,7.6%,0,,,1,"$2,210,282","$5,049"
,2020,2020 EVENT #1,,12,20.2%,0,,,1,"$66,397","$34,594"
,2020,2020 EVENT #2,,12,47.6%,0,,,1,"$839,218","$48,155"
,2020,2020 EVENT #3,,12,36.7%,0,,,1,"$6,133,288","$224,304"
,2020,2020 EVENT #4,,12,37.2%,0,,,1,"$692,698","$53,429"
,2020,2020 EVENT #5,,12,28.2%,0,,,1,"$779,320","$54,205"
,2020,2020 EVENT #6,,12,13.0%,0,,,1,"$3,055,426","$174,647"
,2019,2019 EVENT #1,,13,0.9%,0,,,1,"$2,807",$852
,2019,2019 EVENT #2,,13,28.4%,0,,,1,"$646,053","$6,068"
,2019,2019 EVENT #3,,13,15.5%,0,,,1,"$2,882,909","$326,163"
,2019,2019 EVENT #4,,13,24.2%,0,,,1,"$576,566","$2,480"
,2019,2019 EVENT #5,,13,18.0%,0,,,1,"$646,526","$1,014"
,2019,2019 EVENT #6,,13,7.6%,0,,,1,"$2,218,849","$8,567"
,2020,2020 EVENT #1,,13,22.5%,0,,,1,"$73,877","$7,480"
,2020,2020 EVENT #2,,13,48.5%,0,,,1,"$855,868","$16,650"
,2020,2020 EVENT #3,,13,37.3%,0,,,1,"$6,234,093","$100,805"
,2020,2020 EVENT #4,,13,37.6%,0,,,1,"$700,006","$7,308"
,2020,2020 EVENT #5,,13,28.7%,0,,,1,"$793,854","$14,534"
,2020,2020 EVENT #6,,13,13.2%,0,,,1,"$3,093,541","$38,115"
,2019,2019 EVENT #1,,14,1.1%,0,,,1,"$3,268",$461
,2019,2019 EVENT #2,,14,28.9%,0,,,1,"$656,213","$10,160"
,2019,2019 EVENT #3,,14,17.6%,0,,,1,"$3,267,737","$384,828"
,2019,2019 EVENT #4,,14,24.3%,0,,,1,"$577,783","$1,217"
,2019,2019 EVENT #5,,14,18.1%,0,,,1,"$649,122","$2,596"
,2019,2019 EVENT #6,,14,7.6%,0,,,1,"$2,224,234","$5,385"
,2020,2020 EVENT #1,,14,24.4%,0,,,1,"$80,257","$6,380"
,2020,2020 EVENT #2,,14,49.1%,0,,,1,"$867,045","$11,177"
,2020,2020 EVENT #3,,14,38.0%,0,,,1,"$6,340,921","$106,828"
,2020,2020 EVENT #4,,14,38.1%,0,,,1,"$709,910","$9,904"
,2020,2020 EVENT #5,,14,29.4%,0,,,1,"$812,363","$18,509"
,2020,2020 EVENT #6,,14,13.4%,0,,,1,"$3,153,042","$59,501"
,2019,2019 EVENT #1,,15,1.2%,0,,,1,"$3,561",$293
,2019,2019 EVENT #2,,15,29.5%,0,,,1,"$670,084","$13,871"
,2019,2019 EVENT #3,,15,19.6%,0,,,1,"$3,655,505","$387,768"
,2019,2019 EVENT #4,,15,24.4%,0,,,1,"$581,718","$3,935"
,2019,2019 EVENT #5,,15,18.2%,0,,,1,"$653,909","$4,787"
,2019,2019 EVENT #6,,15,7.7%,0,,,1,"$2,236,272","$12,038"
,2020,2020 EVENT #1,,15,26.4%,0,,,1,"$86,659","$6,402"
,2020,2020 EVENT #2,,15,49.8%,0,,,1,"$878,279","$11,234"
,2020,2020 EVENT #3,,15,38.4%,0,,,1,"$6,411,216","$70,295"
,2020,2020 EVENT #4,,15,38.6%,0,,,1,"$719,065","$9,155"
,2020,2020 EVENT #5,,15,29.7%,0,,,1,"$820,823","$8,460"
,2020,2020 EVENT #6,,15,13.6%,0,,,1,"$3,203,063","$50,021"
,2019,2019 EVENT #1,,16,1.6%,0,,,1,"$4,959","$1,398"
,2019,2019 EVENT #2,,16,30.4%,0,,,1,"$689,643","$19,559"
,2019,2019 EVENT #3,,16,23.5%,0,,,1,"$4,372,279","$716,774"
,2019,2019 EVENT #4,,16,24.6%,0,,,1,"$584,494","$2,776"
,2019,2019 EVENT #5,,16,18.4%,0,,,1,"$659,904","$5,995"
,2019,2019 EVENT #6,,16,7.7%,0,,,1,"$2,251,050","$14,778"
,2020,2020 EVENT #1,,16,27.7%,0,,,1,"$91,038","$4,379"
,2020,2020 EVENT #2,,16,50.3%,0,,,1,"$887,977","$9,698"
,2020,2020 EVENT #3,,16,38.7%,0,,,1,"$6,462,291","$51,075"
,2020,2020 EVENT #4,,16,38.9%,0,,,1,"$725,133","$6,068"
,2020,2020 EVENT #5,,16,30.0%,0,,,1,"$829,448","$8,625"
,2020,2020 EVENT #6,,16,13.9%,0,,,1,"$3,252,596","$49,533"
,2019,2019 EVENT #1,,17,1.8%,0,,,1,"$5,639",$680
,2019,2019 EVENT #2,,17,30.7%,0,,,1,"$696,712","$7,069"
,2019,2019 EVENT #3,,17,24.4%,0,,,1,"$4,546,962","$174,683"
,2019,2019 EVENT #4,,17,24.7%,0,,,1,"$588,692","$4,198"
,2019,2019 EVENT #5,,17,18.4%,0,,,1,"$663,388","$3,484"
,2019,2019 EVENT #6,,17,7.8%,0,,,1,"$2,262,898","$11,848"
,2020,2020 EVENT #1,,17,28.5%,0,,,1,"$93,492","$2,454"
,2020,2020 EVENT #2,,17,50.5%,0,,,1,"$891,591","$3,614"
,2020,2020 EVENT #3,,17,39.0%,0,,,1,"$6,514,251","$51,960"
,2020,2020 EVENT #4,,17,39.2%,0,,,1,"$730,308","$5,175"
,2020,2020 EVENT #5,,17,30.1%,0,,,1,"$833,095","$3,647"
,2020,2020 EVENT #6,,17,13.9%,0,,,1,"$3,269,926","$17,330"
,2019,2019 EVENT #1,,18,1.8%,0,,,1,"$5,639",$0
,2019,2019 EVENT #2,,18,31.2%,0,,,1,"$708,738","$12,026"
,2019,2019 EVENT #3,,18,26.2%,0,,,1,"$4,881,267","$334,305"
,2019,2019 EVENT #4,,18,25.0%,0,,,1,"$594,337","$5,645"
,2019,2019 EVENT #5,,18,18.6%,0,,,1,"$670,417","$7,029"
,2019,2019 EVENT #6,,18,7.8%,0,,,1,"$2,278,813","$15,915"
,2020,2020 EVENT #1,,18,29.7%,0,,,1,"$97,615","$4,123"
,2020,2020 EVENT #2,,18,51.6%,0,,,1,"$911,014","$19,423"
,2020,2020 EVENT #3,,18,40.1%,0,,,1,"$6,700,120","$185,869"
,2020,2020 EVENT #4,,18,39.8%,0,,,1,"$742,140","$11,832"
,2020,2020 EVENT #5,,18,30.3%,0,,,1,"$839,111","$6,016"
,2020,2020 EVENT #6,,18,14.2%,0,,,1,"$3,343,659","$73,733"
,2019,2019 EVENT #1,,19,2.1%,0,,,1,"$6,484",$845
,2019,2019 EVENT #2,,19,31.8%,0,,,1,"$723,604","$14,866"
,2019,2019 EVENT #3,,19,27.1%,0,,,1,"$5,043,573","$162,306"
,2019,2019 EVENT #4,,19,25.1%,0,,,1,"$597,467","$3,130"
,2019,2019 EVENT #5,,19,18.7%,0,,,1,"$672,595","$2,178"
,2019,2019 EVENT #6,,19,7.9%,0,,,1,"$2,285,285","$6,472"
,2020,2020 EVENT #1,,19,30.6%,0,,,1,"$100,399","$2,784"
,2020,2020 EVENT #2,,19,52.1%,0,,,1,"$918,772","$7,758"
,2020,2020 EVENT #3,,19,41.0%,0,,,1,"$6,841,999","$141,879"
,2020,2020 EVENT #4,,19,40.1%,0,,,1,"$747,459","$5,319"
,2020,2020 EVENT #5,,19,30.6%,0,,,1,"$844,727","$5,616"
,2020,2020 EVENT #6,,19,14.3%,0,,,1,"$3,360,219","$16,560"
,2019,2019 EVENT #1,,20,3.9%,0,,,1,"$11,954","$5,470"
,2019,2019 EVENT #2,,20,32.6%,0,,,1,"$740,294","$16,690"
,2019,2019 EVENT #3,,20,28.6%,0,,,1,"$5,316,977","$273,404"
,2019,2019 EVENT #4,,20,25.2%,0,,,1,"$600,657","$3,190"
,2019,2019 EVENT #5,,20,18.9%,0,,,1,"$678,926","$6,331"
,2019,2019 EVENT #6,,20,7.9%,0,,,1,"$2,295,241","$9,956"
,2020,2020 EVENT #1,,20,32.2%,0,,,1,"$105,845","$5,446"
,2020,2020 EVENT #2,,20,53.2%,0,,,1,"$937,871","$19,099"
,2020,2020 EVENT #3,,20,41.9%,0,,,1,"$6,994,086","$152,087"
,2020,2020 EVENT #4,,20,40.3%,0,,,1,"$750,361","$2,902"
,2020,2020 EVENT #5,,20,30.6%,0,,,1,"$845,919","$1,192"
,2020,2020 EVENT #6,,20,14.4%,0,,,1,"$3,371,730","$11,511"
,2019,2019 EVENT #1,,21,4.1%,0,,,1,"$12,461",$507
,2019,2019 EVENT #2,,21,32.8%,0,,,1,"$745,277","$4,983"
,2019,2019 EVENT #3,,21,29.3%,0,,,1,"$5,460,164","$143,187"
,2019,2019 EVENT #4,,21,25.3%,0,,,1,"$600,865",$208
,2019,2019 EVENT #5,,21,18.9%,0,,,1,"$678,926",$0
,2019,2019 EVENT #6,,21,7.9%,0,,,1,"$2,306,029","$10,788"
,2020,2020 EVENT #1,,21,32.6%,0,,,1,"$107,109","$1,264"
,2020,2020 EVENT #2,,21,53.5%,0,,,1,"$944,661","$6,790"
,2020,2020 EVENT #3,,21,42.2%,0,,,1,"$7,047,985","$53,899"
,2020,2020 EVENT #4,,21,40.4%,0,,,1,"$752,553","$2,192"
,2020,2020 EVENT #5,,21,30.7%,0,,,1,"$847,532","$1,613"
,2020,2020 EVENT #6,,21,14.4%,0,,,1,"$3,381,702","$9,972"
,2019,2019 EVENT #1,,22,4.2%,0,,,1,"$12,954",$493
,2019,2019 EVENT #2,,22,33.1%,0,,,1,"$752,531","$7,254"
,2019,2019 EVENT #3,,22,29.9%,0,,,1,"$5,559,878","$99,714"
,2019,2019 EVENT #4,,22,25.3%,0,,,1,"$602,675","$1,810"
,2019,2019 EVENT #5,,22,19.0%,0,,,1,"$682,345","$3,419"
,2019,2019 EVENT #6,,22,8.0%,0,,,1,"$2,321,209","$15,180"
,2020,2020 EVENT #1,,22,33.0%,0,,,1,"$108,591","$1,482"
,2020,2020 EVENT #2,,22,53.9%,0,,,1,"$950,479","$5,818"
,2020,2020 EVENT #3,,22,42.6%,0,,,1,"$7,123,602","$75,617"
,2020,2020 EVENT #4,,22,40.5%,0,,,1,"$755,521","$2,968"
,2020,2020 EVENT #5,,22,30.8%,0,,,1,"$851,328","$3,796"
,2020,2020 EVENT #6,,22,14.5%,0,,,1,"$3,397,098","$15,396"
,2019,2019 EVENT #1,,23,4.8%,0,,,1,"$14,860","$1,906"
,2019,2019 EVENT #2,,23,33.3%,0,,,1,"$756,167","$3,636"
,2019,2019 EVENT #3,,23,30.3%,0,,,1,"$5,630,750","$70,872"
,2019,2019 EVENT #4,,23,25.4%,0,,,1,"$604,493","$1,818"
,2019,2019 EVENT #5,,23,19.0%,0,,,1,"$684,726","$2,381"
,2019,2019 EVENT #6,,23,8.0%,0,,,1,"$2,326,808","$5,599"
,2020,2020 EVENT #1,,23,34.0%,0,,,1,"$111,725","$3,134"
,2020,2020 EVENT #2,,23,54.1%,0,,,1,"$954,378","$3,899"
,2020,2020 EVENT #3,,23,42.9%,0,,,1,"$7,170,372","$46,770"
,2020,2020 EVENT #4,,23,40.7%,0,,,1,"$758,402","$2,881"
,2020,2020 EVENT #5,,23,30.9%,0,,,1,"$855,463","$4,135"
,2020,2020 EVENT #6,,23,14.5%,0,,,1,"$3,413,643","$16,545"
,2019,2019 EVENT #1,,24,4.9%,0,,,1,"$15,006",$146
,2019,2019 EVENT #2,,24,33.6%,0,,,1,"$762,661","$6,494"
,2019,2019 EVENT #3,,24,30.5%,0,,,1,"$5,683,704","$52,954"
,2019,2019 EVENT #4,,24,25.4%,0,,,1,"$605,331",$838
,2019,2019 EVENT #5,,24,19.1%,0,,,1,"$686,378","$1,652"
,2019,2019 EVENT #6,,24,8.0%,0,,,1,"$2,328,475","$1,667"
,2020,2020 EVENT #1,,24,34.8%,0,,,1,"$114,502","$2,777"
,2020,2020 EVENT #2,,24,54.2%,0,,,1,"$956,750","$2,372"
,2020,2020 EVENT #3,,24,43.1%,0,,,1,"$7,200,177","$29,805"
,2020,2020 EVENT #4,,24,40.9%,0,,,1,"$761,548","$3,146"
,2020,2020 EVENT #5,,24,31.0%,0,,,1,"$858,222","$2,759"
,2020,2020 EVENT #6,,24,14.6%,0,,,1,"$3,423,103","$9,460"
,2019,2019 EVENT #1,,25,4.9%,0,,,1,"$15,183",$177
,2019,2019 EVENT #2,,25,34.1%,0,,,1,"$774,330","$11,669"
,2019,2019 EVENT #3,,25,31.8%,0,,,1,"$5,922,401","$238,697"
,2019,2019 EVENT #4,,25,25.7%,0,,,1,"$610,923","$5,592"
,2019,2019 EVENT #5,,25,19.5%,0,,,1,"$699,738","$13,360"
,2019,2019 EVENT #6,,25,8.2%,0,,,1,"$2,397,850","$69,375"
,2020,2020 EVENT #1,,25,36.0%,0,,,1,"$118,322","$3,820"
,2020,2020 EVENT #2,,25,55.0%,0,,,1,"$970,505","$13,755"
,2020,2020 EVENT #3,,25,45.1%,0,,,1,"$7,527,068","$326,891"
,2020,2020 EVENT #4,,25,72.0%,0,,,1,"$1,341,871","$580,323"
,2020,2020 EVENT #5,,25,70.5%,0,,,1,"$1,950,350","$1,092,128"
,2020,2020 EVENT #6,,25,63.7%,0,,,1,"$14,951,421","$11,528,318"
,2019,2019 EVENT #1,,26,5.6%,0,,,1,"$17,305","$2,122"
,2019,2019 EVENT #2,,26,35.3%,0,,,1,"$802,259","$27,929"
,2019,2019 EVENT #3,,26,33.3%,0,,,1,"$6,190,635","$268,234"
,2019,2019 EVENT #4,,26,26.5%,0,,,1,"$629,597","$18,674"
,2019,2019 EVENT #5,,26,19.9%,0,,,1,"$716,428","$16,690"
,2019,2019 EVENT #6,,26,8.8%,0,,,1,"$2,559,948","$162,098"
,2020,2020 EVENT #1,,26,38.7%,0,,,1,"$127,179","$8,857"
,2020,2020 EVENT #2,,26,56.1%,0,,,1,"$989,540","$19,035"
,2020,2020 EVENT #3,,26,47.0%,0,,,1,"$7,857,414","$330,346"
,2020,2020 EVENT #4,,26,72.8%,0,,,1,"$1,356,736","$14,865"
,2020,2020 EVENT #5,,26,71.3%,0,,,1,"$1,972,053","$21,703"
,2020,2020 EVENT #6,,26,64.2%,0,,,1,"$15,072,802","$121,381"
,2019,2019 EVENT #1,,27,6.3%,0,,,1,"$19,446","$2,141"
,2019,2019 EVENT #2,,27,35.7%,0,,,1,"$811,562","$9,303"
,2019,2019 EVENT #3,,27,34.3%,0,,,1,"$6,383,326","$192,691"
,2019,2019 EVENT #4,,27,26.7%,0,,,1,"$634,837","$5,240"
,2019,2019 EVENT #5,,27,20.3%,0,,,1,"$729,104","$12,676"
,2019,2019 EVENT #6,,27,9.1%,0,,,1,"$2,644,703","$84,755"
,2020,2020 EVENT #1,,27,41.8%,0,,,1,"$137,445","$10,266"
,2020,2020 EVENT #2,,27,57.3%,0,,,1,"$1,010,572","$21,032"
,2020,2020 EVENT #3,,27,48.5%,0,,,1,"$8,103,250","$245,836"
,2020,2020 EVENT #4,,27,73.6%,0,,,1,"$1,372,070","$15,334"
,2020,2020 EVENT #5,,27,72.1%,0,,,1,"$1,992,260","$20,207"
,2020,2020 EVENT #6,,27,64.8%,0,,,1,"$15,210,001","$137,199"
,2019,2019 EVENT #1,,28,8.3%,0,,,1,"$25,313","$5,867"
,2019,2019 EVENT #2,,28,36.7%,0,,,1,"$833,653","$22,091"
,2019,2019 EVENT #3,,28,36.0%,0,,,1,"$6,698,427","$315,101"
,2019,2019 EVENT #4,,28,28.5%,0,,,1,"$677,220","$42,383"
,2019,2019 EVENT #5,,28,22.1%,0,,,1,"$794,988","$65,884"
,2019,2019 EVENT #6,,28,10.1%,0,,,1,"$2,929,004","$284,301"
,2020,2020 EVENT #1,,28,44.0%,0,,,1,"$144,727","$7,282"
,2020,2020 EVENT #2,,28,58.1%,0,,,1,"$1,024,887","$14,315"
,2020,2020 EVENT #3,,28,50.1%,0,,,1,"$8,368,517","$265,267"
,2020,2020 EVENT #4,,28,74.2%,0,,,1,"$1,382,591","$10,521"
,2020,2020 EVENT #5,,28,72.4%,0,,,1,"$2,000,530","$8,270"
,2020,2020 EVENT #6,,28,65.0%,0,,,1,"$15,266,141","$56,140"
,2019,2019 EVENT #1,,29,14.1%,0,,,1,"$43,122","$17,809"
,2019,2019 EVENT #2,,29,38.7%,0,,,1,"$879,773","$46,120"
,2019,2019 EVENT #3,,29,39.2%,0,,,1,"$7,299,780","$601,353"
,2019,2019 EVENT #4,,29,29.1%,0,,,1,"$691,782","$14,562"
,2019,2019 EVENT #5,,29,22.6%,0,,,1,"$811,913","$16,925"
,2019,2019 EVENT #6,,29,11.3%,0,,,1,"$3,281,489","$352,485"
,2020,2020 EVENT #1,,29,45.9%,0,,,1,"$150,835","$6,108"
,2020,2020 EVENT #2,,29,58.7%,0,,,1,"$1,036,169","$11,282"
,2020,2020 EVENT #3,,29,50.9%,0,,,1,"$8,502,839","$134,322"
,2020,2020 EVENT #4,,29,74.4%,0,,,1,"$1,385,682","$3,091"
,2020,2020 EVENT #5,,29,72.6%,0,,,1,"$2,006,022","$5,492"
,2020,2020 EVENT #6,,29,65.1%,0,,,1,"$15,278,639","$12,498"
,2019,2019 EVENT #1,,30,15.2%,0,,,1,"$46,484","$3,362"
,2019,2019 EVENT #2,,30,39.8%,0,,,1,"$904,626","$24,853"
,2019,2019 EVENT #3,,30,40.7%,0,,,1,"$7,572,503","$272,723"
,2019,2019 EVENT #4,,30,29.2%,0,,,1,"$695,871","$4,089"
,2019,2019 EVENT #5,,30,22.8%,0,,,1,"$818,269","$6,356"
,2019,2019 EVENT #6,,30,11.7%,0,,,1,"$3,394,338","$112,849"
,2020,2020 EVENT #1,,30,47.8%,0,,,1,"$157,007","$6,172"
,2020,2020 EVENT #2,,30,59.5%,0,,,1,"$1,050,398","$14,229"
,2020,2020 EVENT #3,,30,53.0%,0,,,1,"$8,856,614","$353,775"
,2020,2020 EVENT #4,,30,75.9%,0,,,1,"$1,413,610","$27,928"
,2020,2020 EVENT #5,,30,74.2%,0,,,1,"$2,050,360","$44,338"
,2020,2020 EVENT #6,,30,66.5%,0,,,1,"$15,621,172","$342,533"
,2019,2019 EVENT #1,,31,31.7%,0,,,1,"$97,369","$50,885"
,2019,2019 EVENT #2,,31,44.8%,0,,,1,"$1,017,638","$113,012"
,2019,2019 EVENT #3,,31,44.9%,0,,,1,"$8,349,367","$776,864"
,2019,2019 EVENT #4,,31,29.4%,0,,,1,"$699,770","$3,899"
,2019,2019 EVENT #5,,31,23.0%,0,,,1,"$825,502","$7,233"
,2019,2019 EVENT #6,,31,12.1%,0,,,1,"$3,528,684","$134,346"
,2020,2020 EVENT #1,,31,49.1%,0,,,1,"$161,285","$4,278"
,2020,2020 EVENT #2,,31,61.0%,0,,,1,"$1,076,321","$25,923"
,2020,2020 EVENT #3,,31,55.3%,0,,,1,"$9,238,409","$381,795"
,2020,2020 EVENT #4,,31,76.2%,0,,,1,"$1,419,940","$6,330"
,2020,2020 EVENT #5,,31,74.6%,0,,,1,"$2,062,382","$12,022"
,2020,2020 EVENT #6,,31,66.9%,0,,,1,"$15,703,143","$81,971"
,2019,2019 EVENT #1,,32,32.9%,0,,,1,"$101,062","$3,693"
,2019,2019 EVENT #2,,32,45.5%,0,,,1,"$1,033,966","$16,328"
,2019,2019 EVENT #3,,32,45.9%,0,,,1,"$8,536,429","$187,062"
,2019,2019 EVENT #4,,32,29.5%,0,,,1,"$702,749","$2,979"
,2019,2019 EVENT #5,,32,23.0%,0,,,1,"$828,090","$2,588"
,2019,2019 EVENT #6,,32,12.2%,0,,,1,"$3,552,603","$23,919"
,2020,2020 EVENT #1,,32,51.2%,0,,,1,"$168,383","$7,098"
,2020,2020 EVENT #2,,32,61.9%,0,,,1,"$1,092,200","$15,879"
,2020,2020 EVENT #3,,32,56.2%,0,,,1,"$9,382,135","$143,726"
,2020,2020 EVENT #4,,32,76.7%,0,,,1,"$1,428,874","$8,934"
,2020,2020 EVENT #5,,32,74.9%,0,,,1,"$2,071,405","$9,023"
,2020,2020 EVENT #6,,32,67.1%,0,,,1,"$15,751,063","$47,920"
,2019,2019 EVENT #1,,33,34.0%,0,,,1,"$104,314","$3,252"
,2019,2019 EVENT #2,,33,49.4%,0,,,1,"$1,121,397","$87,431"
,2019,2019 EVENT #3,,33,48.2%,0,,,1,"$8,964,961","$428,532"
,2019,2019 EVENT #4,,33,29.8%,0,,,1,"$709,214","$6,465"
,2019,2019 EVENT #5,,33,23.2%,0,,,1,"$833,785","$5,695"
,2019,2019 EVENT #6,,33,12.6%,0,,,1,"$3,657,390","$104,787"
,2020,2020 EVENT #1,,33,52.8%,0,,,1,"$173,381","$4,998"
,2020,2020 EVENT #2,,33,63.0%,0,,,1,"$1,112,100","$19,900"
,2020,2020 EVENT #3,,33,56.9%,0,,,1,"$9,510,216","$128,081"
,2020,2020 EVENT #4,,33,76.9%,0,,,1,"$1,433,578","$4,704"
,2020,2020 EVENT #5,,33,75.2%,0,,,1,"$2,078,060","$6,655"
,2020,2020 EVENT #6,,33,67.3%,0,,,1,"$15,789,186","$38,123"
,2019,2019 EVENT #1,,34,34.9%,0,,,1,"$106,948","$2,634"
,2019,2019 EVENT #2,,34,55.9%,0,,,1,"$1,269,005","$147,608"
,2019,2019 EVENT #3,,34,54.8%,0,,,1,"$10,189,796","$1,224,835"
,2019,2019 EVENT #4,,34,30.2%,0,,,1,"$718,712","$9,498"
,2019,2019 EVENT #5,,34,23.7%,0,,,1,"$852,029","$18,244"
,2019,2019 EVENT #6,,34,13.6%,0,,,1,"$3,953,407","$296,017"
,2020,2020 EVENT #1,,34,54.0%,0,,,1,"$177,331","$3,950"
,2020,2020 EVENT #2,,34,64.3%,0,,,1,"$1,135,268","$23,168"
,2020,2020 EVENT #3,,34,58.0%,0,,,1,"$9,691,847","$181,631"
,2020,2020 EVENT #4,,34,77.1%,0,,,1,"$1,437,307","$3,729"
,2020,2020 EVENT #5,,34,75.2%,0,,,1,"$2,079,611","$1,551"
,2020,2020 EVENT #6,,34,67.3%,0,,,1,"$15,806,686","$17,500"
,2019,2019 EVENT #1,,35,37.1%,0,,,1,"$113,923","$6,975"
,2019,2019 EVENT #2,,35,57.3%,0,,,1,"$1,301,198","$32,193"
,2019,2019 EVENT #3,,35,59.1%,0,,,1,"$10,995,218","$805,422"
,2019,2019 EVENT #4,,35,32.3%,0,,,1,"$769,435","$50,723"
,2019,2019 EVENT #5,,35,26.2%,0,,,1,"$943,493","$91,464"
,2019,2019 EVENT #6,,35,17.0%,0,,,1,"$4,934,206","$980,799"
,2020,2020 EVENT #1,,35,56.9%,0,,,1,"$186,819","$9,488"
,2020,2020 EVENT #2,,35,73.2%,0,,,1,"$1,291,749","$156,481"
,2020,2020 EVENT #3,,35,63.0%,0,,,1,"$10,525,789","$833,942"
,2020,2020 EVENT #4,,35,78.0%,0,,,1,"$1,452,769","$15,462"
,2020,2020 EVENT #5,,35,76.1%,0,,,1,"$2,103,435","$23,824"
,2020,2020 EVENT #6,,35,67.9%,0,,,1,"$15,936,767","$130,081"
,2019,2019 EVENT #1,,36,38.1%,0,,,1,"$116,808","$2,885"
,2019,2019 EVENT #2,,36,59.4%,0,,,1,"$1,349,725","$48,527"
,2019,2019 EVENT #3,,36,62.2%,0,,,1,"$11,570,058","$574,840"
,2019,2019 EVENT #4,,36,34.0%,0,,,1,"$807,985","$38,550"
,2019,2019 EVENT #5,,36,28.0%,0,,,1,"$1,005,382","$61,889"
,2019,2019 EVENT #6,,36,18.8%,0,,,1,"$5,473,249","$539,043"
,2020,2020 EVENT #1,,36,59.2%,0,,,1,"$194,676","$7,857"
,2020,2020 EVENT #2,,36,74.7%,0,,,1,"$1,317,250","$25,501"
,2020,2020 EVENT #3,,36,68.2%,0,,,1,"$11,388,856","$863,067"
,2020,2020 EVENT #4,,36,78.8%,0,,,1,"$1,468,447","$15,678"
,2020,2020 EVENT #5,,36,77.0%,0,,,1,"$2,128,471","$25,036"
,2020,2020 EVENT #6,,36,68.7%,0,,,1,"$16,126,147","$189,380"
,2019,2019 EVENT #1,,37,40.8%,0,,,1,"$125,114","$8,306"
,2019,2019 EVENT #2,,37,63.6%,0,,,1,"$1,445,765","$96,040"
,2019,2019 EVENT #3,,37,66.1%,0,,,1,"$12,305,020","$734,962"
,2019,2019 EVENT #4,,37,35.0%,0,,,1,"$832,524","$24,539"
,2019,2019 EVENT #5,,37,29.2%,0,,,1,"$1,050,798","$45,416"
,2019,2019 EVENT #6,,37,20.8%,0,,,1,"$6,048,842","$575,593"
,2020,2020 EVENT #1,,37,62.7%,0,,,1,"$205,949","$11,273"
,2020,2020 EVENT #2,,37,76.2%,0,,,1,"$1,344,280","$27,030"
,2020,2020 EVENT #3,,37,71.0%,0,,,1,"$11,861,697","$472,841"
,2020,2020 EVENT #4,,37,80.6%,0,,,1,"$1,501,234","$32,787"
,2020,2020 EVENT #5,,37,78.2%,0,,,1,"$2,162,247","$33,776"
,2020,2020 EVENT #6,,37,70.7%,0,,,1,"$16,598,335","$472,188"
,2019,2019 EVENT #1,,38,43.8%,0,,,1,"$134,248","$9,134"
,2019,2019 EVENT #2,,38,65.6%,0,,,1,"$1,490,533","$44,768"
,2019,2019 EVENT #3,,38,70.6%,0,,,1,"$13,129,371","$824,351"
,2019,2019 EVENT #4,,38,36.0%,0,,,1,"$856,909","$24,385"
,2019,2019 EVENT #5,,38,31.0%,0,,,1,"$1,114,714","$63,916"
,2019,2019 EVENT #6,,38,23.2%,0,,,1,"$6,754,935","$706,093"
,2020,2020 EVENT #1,,38,72.6%,0,,,1,"$238,702","$32,753"
,2020,2020 EVENT #2,,38,77.7%,0,,,1,"$1,370,618","$26,338"
,2020,2020 EVENT #3,,38,73.5%,0,,,1,"$12,277,207","$415,510"
,2020,2020 EVENT #4,,38,81.2%,0,,,1,"$1,513,850","$12,616"
,2020,2020 EVENT #5,,38,78.8%,0,,,1,"$2,178,210","$15,963"
,2020,2020 EVENT #6,,38,71.4%,0,,,1,"$16,764,256","$165,921"
,2019,2019 EVENT #1,,39,48.0%,0,,,1,"$147,349","$13,101"
,2019,2019 EVENT #2,,39,69.6%,0,,,1,"$1,581,770","$91,237"
,2019,2019 EVENT #3,,39,75.8%,0,,,1,"$14,108,120","$978,749"
,2019,2019 EVENT #4,,39,39.2%,0,,,1,"$933,515","$76,606"
,2019,2019 EVENT #5,,39,36.3%,0,,,1,"$1,305,346","$190,632"
,2019,2019 EVENT #6,,39,28.6%,0,,,1,"$8,315,485","$1,560,550"
,2020,2020 EVENT #1,,39,76.9%,0,,,1,"$252,546","$13,844"
,2020,2020 EVENT #2,,39,81.2%,0,,,1,"$1,432,524","$61,906"
,2020,2020 EVENT #3,,39,78.7%,0,,,1,"$13,147,962","$870,755"
,2020,2020 EVENT #4,,39,82.9%,0,,,1,"$1,543,871","$30,021"
,2020,2020 EVENT #5,,39,80.4%,0,,,1,"$2,223,297","$45,087"
,2020,2020 EVENT #6,,39,72.6%,0,,,1,"$17,052,877","$288,621"
,2019,2019 EVENT #1,,40,50.7%,0,,,1,"$155,521","$8,172"
,2019,2019 EVENT #2,,40,72.8%,0,,,1,"$1,654,759","$72,989"
,2019,2019 EVENT #3,,40,81.2%,0,,,1,"$15,104,974","$996,854"
,2019,2019 EVENT #4,,40,42.2%,0,,,1,"$1,003,109","$69,594"
,2019,2019 EVENT #5,,40,40.2%,0,,,1,"$1,445,720","$140,374"
,2019,2019 EVENT #6,,40,34.3%,0,,,1,"$9,981,556","$1,666,071"
,2020,2020 EVENT #1,,40,80.4%,0,,,1,"$264,108","$11,562"
,2020,2020 EVENT #2,,40,86.2%,0,,,1,"$1,521,408","$88,884"
,2020,2020 EVENT #3,,40,83.5%,0,,,1,"$13,949,258","$801,296"
,2020,2020 EVENT #4,,40,86.4%,0,,,1,"$1,609,627","$65,756"
,2020,2020 EVENT #5,,40,84.7%,0,,,1,"$2,342,227","$118,930"
,2020,2020 EVENT #6,,40,81.6%,0,,,1,"$19,147,870","$2,094,993"
,2019,2019 EVENT #1,,41,55.3%,0,,,1,"$169,527","$14,006"
,2019,2019 EVENT #2,,41,81.0%,0,,,1,"$1,839,625","$184,866"
,2019,2019 EVENT #3,,41,90.4%,0,,,1,"$16,822,103","$1,717,129"
,2019,2019 EVENT #4,,41,45.0%,0,,,1,"$1,071,402","$68,293"
,2019,2019 EVENT #5,,41,43.9%,0,,,1,"$1,576,953","$131,233"
,2019,2019 EVENT #6,,41,40.0%,0,,,1,"$11,620,406","$1,638,850"
,2020,2020 EVENT #1,,41,90.0%,0,,,1,"$295,590","$31,482"
,2020,2020 EVENT #2,,41,93.3%,0,,,1,"$1,645,391","$123,983"
,2020,2020 EVENT #3,,41,90.9%,0,,,1,"$15,183,805","$1,234,547"
,2020,2020 EVENT #4,,41,97.8%,0,,,1,"$1,821,754","$212,127"
,2020,2020 EVENT #5,,41,97.1%,0,,,1,"$2,683,616","$341,389"
,2020,2020 EVENT #6,,41,96.1%,0,,,1,"$22,549,206","$3,401,336"
,2019,2019 EVENT #1,,42,100.0%,0,,,1,"$306,747","$137,220"
,2019,2019 EVENT #2,,42,100.0%,0,,,1,"$2,271,979","$432,354"
,2019,2019 EVENT #3,,42,100.0%,0,,,1,"$18,606,233","$1,784,130"
,2019,2019 EVENT #4,,42,46.1%,0,,,1,"$1,096,764","$25,362"
,2019,2019 EVENT #5,,42,46.8%,0,,,1,"$1,682,338","$105,385"
,2019,2019 EVENT #6,,42,41.6%,0,,,1,"$12,101,063","$480,657"
,2020,2020 EVENT #1,,42,96.3%,0,,,1,"$316,562","$20,972"
,2020,2020 EVENT #2,,42,99.1%,0,,,1,"$1,748,472","$103,081"
,2020,2020 EVENT #3,,42,98.7%,0,,,1,"$16,496,059","$1,312,254"
,2020,2020 EVENT #4,,42,99.8%,0,,,1,"$1,859,293","$37,539"
,2020,2020 EVENT #5,,42,99.6%,0,,,1,"$2,753,114","$69,498"
,2020,2020 EVENT #6,,42,99.5%,0,,,1,"$23,347,787","$798,581"
,2019,2019 EVENT #4,,43,49.7%,0,,,1,"$1,181,500","$84,736"
,2019,2019 EVENT #5,,43,48.2%,0,,,1,"$1,733,616","$51,278"
,2019,2019 EVENT #6,,43,46.0%,0,,,1,"$13,377,682","$1,276,619"
,2020,2020 EVENT #1,,43,100.0%,0,,,1,"$328,570","$12,008"
,2020,2020 EVENT #2,,43,100.0%,0,,,1,"$1,764,320","$15,848"
,2020,2020 EVENT #3,,43,100.0%,0,,,1,"$16,707,336","$211,277"
,2020,2020 EVENT #4,,43,100.0%,0,,,1,"$1,863,247","$3,954"
,2020,2020 EVENT #5,,43,100.0%,0,,,1,"$2,765,005","$11,891"
,2020,2020 EVENT #6,,43,100.0%,0,,,1,"$23,474,833","$127,046"
,2019,2019 EVENT #4,,44,50.4%,0,,,1,"$1,199,138","$17,638"
,2019,2019 EVENT #5,,44,49.3%,0,,,1,"$1,771,422","$37,806"
,2019,2019 EVENT #6,,44,46.9%,0,,,1,"$13,639,525","$261,843"
,2020,2020 EVENT #4,,44,100.0%,0,,,1,"$1,863,247",$0
,2020,2020 EVENT #5,,44,100.0%,0,,,1,"$2,765,005",$0
,2020,2020 EVENT #6,,44,100.0%,0,,,1,"$23,474,833",$0
,2019,2019 EVENT #4,,45,52.2%,0,,,1,"$1,242,330","$43,192"
,2019,2019 EVENT #5,,45,51.1%,0,,,1,"$1,835,840","$64,418"
,2019,2019 EVENT #6,,45,49.6%,0,,,1,"$14,412,562","$773,037"
,2020,2020 EVENT #4,,45,100.0%,0,,,1,"$1,863,247",$0
,2020,2020 EVENT #5,,45,100.0%,0,,,1,"$2,765,005",$0
,2020,2020 EVENT #6,,45,100.0%,0,,,1,"$23,474,833",$0
,2019,2019 EVENT #4,,46,53.8%,0,,,1,"$1,279,967","$37,637"
,2019,2019 EVENT #5,,46,53.8%,0,,,1,"$1,934,568","$98,728"
,2019,2019 EVENT #6,,46,53.0%,0,,,1,"$15,415,153","$1,002,591"
,2020,2020 EVENT #4,,46,100.0%,0,,,1,"$1,863,247",$0
,2020,2020 EVENT #5,,46,100.0%,0,,,1,"$2,765,005",$0
,2020,2020 EVENT #6,,46,100.0%,0,,,1,"$23,474,833",$0
,2019,2019 EVENT #4,,47,54.6%,0,,,1,"$1,298,493","$18,526"
,2019,2019 EVENT #5,,47,54.8%,0,,,1,"$1,970,237","$35,669"
,2019,2019 EVENT #6,,47,53.7%,0,,,1,"$15,612,786","$197,633"
,2020,2020 EVENT #4,,47,100.0%,0,,,1,"$1,863,247",$0
,2020,2020 EVENT #5,,47,100.0%,0,,,1,"$2,765,005",$0
,2020,2020 EVENT #6,,47,100.0%,0,,,1,"$23,474,833",$0
,2019,2019 EVENT #4,,48,55.2%,0,,,1,"$1,313,897","$15,404"
,2019,2019 EVENT #5,,48,55.3%,0,,,1,"$1,986,728","$16,491"
,2019,2019 EVENT #6,,48,54.5%,0,,,1,"$15,836,685","$223,899"
,2020,2020 EVENT #4,,48,100.0%,0,,,1,"$1,863,247",$0
,2020,2020 EVENT #5,,48,100.0%,0,,,1,"$2,765,005",$0
,2020,2020 EVENT #6,,48,100.0%,0,,,1,"$23,474,833",$0
,2019,2019 EVENT #4,,49,55.6%,0,,,1,"$1,321,869","$7,972"
,2019,2019 EVENT #5,,49,55.8%,0,,,1,"$2,006,695","$19,967"
,2019,2019 EVENT #6,,49,55.3%,0,,,1,"$16,065,462","$228,777"
,2020,2020 EVENT #4,,49,100.0%,0,,,1,"$1,863,247",$0
,2020,2020 EVENT #5,,49,100.0%,0,,,1,"$2,765,005",$0
,2020,2020 EVENT #6,,49,100.0%,0,,,1,"$23,474,833",$0
,2019,2019 EVENT #4,,50,56.1%,0,,,1,"$1,333,992","$12,123"
,2019,2019 EVENT #5,,50,56.5%,0,,,1,"$2,032,293","$25,598"
,2019,2019 EVENT #6,,50,56.2%,0,,,1,"$16,331,860","$266,398"
,2020,2020 EVENT #4,,50,100.0%,0,,,1,"$1,863,247",$0
,2020,2020 EVENT #5,,50,100.0%,0,,,1,"$2,765,005",$0
,2020,2020 EVENT #6,,50,100.0%,0,,,1,"$23,474,833",$0
,2019,2019 EVENT #4,,51,56.5%,0,,,1,"$1,343,545","$9,553"
,2019,2019 EVENT #5,,51,57.0%,0,,,1,"$2,047,743","$15,450"
,2019,2019 EVENT #6,,51,57.4%,0,,,1,"$16,678,434","$346,574"
,2020,2020 EVENT #4,,51,100.0%,0,,,1,"$1,863,247",$0
,2020,2020 EVENT #5,,51,100.0%,0,,,1,"$2,765,005",$0
,2020,2020 EVENT #6,,51,100.0%,0,,,1,"$23,474,833",$0
,2019,2019 EVENT #4,,52,56.8%,0,,,1,"$1,352,371","$8,826"
,2019,2019 EVENT #5,,52,57.3%,0,,,1,"$2,058,863","$11,120"
,2019,2019 EVENT #6,,52,58.0%,0,,,1,"$16,860,871","$182,437"
,2020,2020 EVENT #4,,52,100.0%,0,,,1,"$1,863,247",$0
,2020,2020 EVENT #5,,52,100.0%,0,,,1,"$2,765,005",$0
,2020,2020 EVENT #6,,52,100.0%,0,,,1,"$23,474,833",$0
,2019,2019 EVENT #4,,53,57.0%,0,,,1,"$1,357,053","$4,682"
,2019,2019 EVENT #5,,53,57.6%,0,,,1,"$2,070,163","$11,300"
,2019,2019 EVENT #6,,53,60.9%,0,,,1,"$17,694,119","$833,248"
,2020,2020 EVENT #4,,53,100.0%,0,,,1,"$1,863,247",$0
,2020,2020 EVENT #5,,53,100.0%,0,,,1,"$2,765,005",$0
,2020,2020 EVENT #6,,53,100.0%,0,,,1,"$23,474,833",$0
,2019,2019 EVENT #4,,54,57.3%,0,,,1,"$1,363,935","$6,882"
,2019,2019 EVENT #5,,54,58.5%,0,,,1,"$2,102,793","$32,630"
,2019,2019 EVENT #6,,54,62.1%,0,,,1,"$18,046,804","$352,685"
,2020,2020 EVENT #4,,54,100.0%,0,,,1,"$1,863,247",$0
,2020,2020 EVENT #5,,54,100.0%,0,,,1,"$2,765,005",$0
,2020,2020 EVENT #6,,54,100.0%,0,,,1,"$23,474,833",$0
,2019,2019 EVENT #4,,55,58.0%,0,,,1,"$1,380,542","$16,607"
,2019,2019 EVENT #5,,55,58.9%,0,,,1,"$2,118,556","$15,763"
,2019,2019 EVENT #6,,55,62.7%,0,,,1,"$18,242,252","$195,448"
,2020,2020 EVENT #4,,55,100.0%,0,,,1,"$1,863,247",$0
,2020,2020 EVENT #5,,55,100.0%,0,,,1,"$2,765,005",$0
,2020,2020 EVENT #6,,55,100.0%,0,,,1,"$23,474,833",$0
,2019,2019 EVENT #4,,56,58.5%,0,,,1,"$1,391,110","$10,568"
,2019,2019 EVENT #5,,56,59.7%,0,,,1,"$2,145,133","$26,577"
,2019,2019 EVENT #6,,56,63.6%,0,,,1,"$18,481,424","$239,172"
,2020,2020 EVENT #4,,56,100.0%,0,,,1,"$1,863,247",$0
,2020,2020 EVENT #5,,56,100.0%,0,,,1,"$2,765,005",$0
,2020,2020 EVENT #6,,56,100.0%,0,,,1,"$23,474,833",$0
,2019,2019 EVENT #4,,57,59.1%,0,,,1,"$1,406,426","$15,316"
,2019,2019 EVENT #5,,57,60.2%,0,,,1,"$2,163,670","$18,537"
,2019,2019 EVENT #6,,57,64.3%,0,,,1,"$18,697,224","$215,800"
,2020,2020 EVENT #4,,57,100.0%,0,,,1,"$1,863,247",$0
,2020,2020 EVENT #5,,57,100.0%,0,,,1,"$2,765,005",$0
,2020,2020 EVENT #6,,57,100.0%,0,,,1,"$23,474,833",$0
,2019,2019 EVENT #4,,58,59.4%,0,,,1,"$1,412,816","$6,390"
,2019,2019 EVENT #5,,58,61.0%,0,,,1,"$2,192,173","$28,503"
,2019,2019 EVENT #6,,58,64.9%,0,,,1,"$18,865,794","$168,570"
,2020,2020 EVENT #4,,58,100.0%,0,,,1,"$1,863,247",$0
,2020,2020 EVENT #5,,58,100.0%,0,,,1,"$2,765,005",$0
,2020,2020 EVENT #6,,58,100.0%,0,,,1,"$23,474,833",$0
,2019,2019 EVENT #4,,59,59.7%,0,,,1,"$1,419,535","$6,719"
,2019,2019 EVENT #5,,59,61.2%,0,,,1,"$2,202,327","$10,154"
,2019,2019 EVENT #6,,59,65.1%,0,,,1,"$18,939,029","$73,235"
,2020,2020 EVENT #4,,59,100.0%,0,,,1,"$1,863,247",$0
,2020,2020 EVENT #5,,59,100.0%,0,,,1,"$2,765,005",$0
,2020,2020 EVENT #6,,59,100.0%,0,,,1,"$23,474,833",$0
,2019,2019 EVENT #4,,60,60.0%,0,,,1,"$1,427,111","$7,576"
,2019,2019 EVENT #5,,60,61.8%,0,,,1,"$2,220,878","$18,551"
,2019,2019 EVENT #6,,60,67.2%,0,,,1,"$19,545,060","$606,031"
,2020,2020 EVENT #4,,60,100.0%,0,,,1,"$1,863,247",$0
,2020,2020 EVENT #5,,60,100.0%,0,,,1,"$2,765,005",$0
,2020,2020 EVENT #6,,60,100.0%,0,,,1,"$23,474,833",$0
,2019,2019 EVENT #4,,61,60.4%,0,,,1,"$1,436,647","$9,536"
,2019,2019 EVENT #5,,61,62.2%,0,,,1,"$2,235,966","$15,088"
,2019,2019 EVENT #6,,61,68.0%,0,,,1,"$19,774,056","$228,996"
,2020,2020 EVENT #4,,61,100.0%,0,,,1,"$1,863,247",$0
,2020,2020 EVENT #5,,61,100.0%,0,,,1,"$2,765,005",$0
,2020,2020 EVENT #6,,61,100.0%,0,,,1,"$23,474,833",$0
,2019,2019 EVENT #4,,62,61.1%,0,,,1,"$1,454,222","$17,575"
,2019,2019 EVENT #5,,62,62.9%,0,,,1,"$2,261,293","$25,327"
,2019,2019 EVENT #6,,62,69.4%,0,,,1,"$20,168,032","$393,976"
,2020,2020 EVENT #4,,62,100.0%,0,,,1,"$1,863,247",$0
,2020,2020 EVENT #5,,62,100.0%,0,,,1,"$2,765,005",$0
,2020,2020 EVENT #6,,62,100.0%,0,,,1,"$23,474,833",$0
,2019,2019 EVENT #4,,63,62.1%,0,,,1,"$1,477,905","$23,683"
,2019,2019 EVENT #5,,63,64.1%,0,,,1,"$2,303,700","$42,407"
,2019,2019 EVENT #6,,63,71.8%,0,,,1,"$20,876,022","$707,990"
,2020,2020 EVENT #4,,63,100.0%,0,,,1,"$1,863,247",$0
,2020,2020 EVENT #5,,63,100.0%,0,,,1,"$2,765,005",$0
,2020,2020 EVENT #6,,63,100.0%,0,,,1,"$23,474,833",$0
,2019,2019 EVENT #4,,64,63.0%,0,,,1,"$1,498,390","$20,485"
,2019,2019 EVENT #5,,64,65.1%,0,,,1,"$2,341,977","$38,277"
,2019,2019 EVENT #6,,64,73.0%,0,,,1,"$21,230,392","$354,370"
,2020,2020 EVENT #4,,64,100.0%,0,,,1,"$1,863,247",$0
,2020,2020 EVENT #5,,64,100.0%,0,,,1,"$2,765,005",$0
,2020,2020 EVENT #6,,64,100.0%,0,,,1,"$23,474,833",$0
,2019,2019 EVENT #4,,65,63.7%,0,,,1,"$1,514,572","$16,182"
,2019,2019 EVENT #5,,65,66.0%,0,,,1,"$2,372,403","$30,426"
,2019,2019 EVENT #6,,65,74.1%,0,,,1,"$21,538,538","$308,146"
,2020,2020 EVENT #4,,65,100.0%,0,,,1,"$1,863,247",$0
,2020,2020 EVENT #5,,65,100.0%,0,,,1,"$2,765,005",$0
,2020,2020 EVENT #6,,65,100.0%,0,,,1,"$23,474,833",$0
,2019,2019 EVENT #4,,66,64.3%,0,,,1,"$1,529,723","$15,151"
,2019,2019 EVENT #5,,66,66.6%,0,,,1,"$2,395,132","$22,729"
,2019,2019 EVENT #6,,66,74.9%,0,,,1,"$21,772,543","$234,005"
,2020,2020 EVENT #4,,66,100.0%,0,,,1,"$1,863,247",$0
,2020,2020 EVENT #5,,66,100.0%,0,,,1,"$2,765,005",$0
,2020,2020 EVENT #6,,66,100.0%,0,,,1,"$23,474,833",$0
,2019,2019 EVENT #4,,67,64.7%,0,,,1,"$1,540,275","$10,552"
,2019,2019 EVENT #5,,67,67.2%,0,,,1,"$2,415,252","$20,120"
,2019,2019 EVENT #6,,67,76.3%,0,,,1,"$22,174,806","$402,263"
,2020,2020 EVENT #4,,67,100.0%,0,,,1,"$1,863,247",$0
,2020,2020 EVENT #5,,67,100.0%,0,,,1,"$2,765,005",$0
,2020,2020 EVENT #6,,67,100.0%,0,,,1,"$23,474,833",$0
,2019,2019 EVENT #4,,68,65.2%,0,,,1,"$1,551,814","$11,539"
,2019,2019 EVENT #5,,68,68.1%,0,,,1,"$2,447,340","$32,088"
,2019,2019 EVENT #6,,68,77.3%,0,,,1,"$22,488,229","$313,423"
,2020,2020 EVENT #4,,68,100.0%,0,,,1,"$1,863,247",$0
,2020,2020 EVENT #5,,68,100.0%,0,,,1,"$2,765,005",$0
,2020,2020 EVENT #6,,68,100.0%,0,,,1,"$23,474,833",$0
,2019,2019 EVENT #4,,69,66.0%,0,,,1,"$1,570,594","$18,780"
,2019,2019 EVENT #5,,69,69.3%,0,,,1,"$2,490,483","$43,143"
,2019,2019 EVENT #6,,69,78.9%,0,,,1,"$22,934,265","$446,036"
,2020,2020 EVENT #4,,69,100.0%,0,,,1,"$1,863,247",$0
,2020,2020 EVENT #5,,69,100.0%,0,,,1,"$2,765,005",$0
,2020,2020 EVENT #6,,69,100.0%,0,,,1,"$23,474,833",$0
,2019,2019 EVENT #4,,70,66.8%,0,,,1,"$1,589,259","$18,665"
,2019,2019 EVENT #5,,70,70.1%,0,,,1,"$2,519,129","$28,646"
,2019,2019 EVENT #6,,70,80.7%,0,,,1,"$23,458,672","$524,407"
,2020,2020 EVENT #4,,70,100.0%,0,,,1,"$1,863,247",$0
,2020,2020 EVENT #5,,70,100.0%,0,,,1,"$2,765,005",$0
,2020,2020 EVENT #6,,70,100.0%,0,,,1,"$23,474,833",$0
,2019,2019 EVENT #4,,71,67.9%,0,,,1,"$1,615,295","$26,036"
,2019,2019 EVENT #5,,71,71.5%,0,,,1,"$2,571,678","$52,549"
,2019,2019 EVENT #6,,71,82.5%,0,,,1,"$23,987,443","$528,771"
,2020,2020 EVENT #4,,71,100.0%,0,,,1,"$1,863,247",$0
,2020,2020 EVENT #5,,71,100.0%,0,,,1,"$2,765,005",$0
,2020,2020 EVENT #6,,71,100.0%,0,,,1,"$23,474,833",$0
,2019,2019 EVENT #4,,72,68.8%,0,,,1,"$1,636,621","$21,326"
,2019,2019 EVENT #5,,72,72.9%,0,,,1,"$2,620,254","$48,576"
,2019,2019 EVENT #6,,72,84.0%,0,,,1,"$24,422,627","$435,184"
,2020,2020 EVENT #4,,72,100.0%,0,,,1,"$1,863,247",$0
,2020,2020 EVENT #5,,72,100.0%,0,,,1,"$2,765,005",$0
,2020,2020 EVENT #6,,72,100.0%,0,,,1,"$23,474,833",$0
,2019,2019 EVENT #4,,73,69.8%,0,,,1,"$1,660,893","$24,272"
,2019,2019 EVENT #5,,73,74.6%,0,,,1,"$2,681,023","$60,769"
,2019,2019 EVENT #6,,73,86.1%,0,,,1,"$25,022,876","$600,249"
,2020,2020 EVENT #4,,73,100.0%,0,,,1,"$1,863,247",$0
,2020,2020 EVENT #5,,73,100.0%,0,,,1,"$2,765,005",$0
,2020,2020 EVENT #6,,73,100.0%,0,,,1,"$23,474,833",$0
,2019,2019 EVENT #4,,74,70.6%,0,,,1,"$1,679,821","$18,928"
,2019,2019 EVENT #5,,74,76.0%,0,,,1,"$2,733,203","$52,180"
,2019,2019 EVENT #6,,74,88.7%,0,,,1,"$25,775,506","$752,630"
,2020,2020 EVENT #4,,74,100.0%,0,,,1,"$1,863,247",$0
,2020,2020 EVENT #5,,74,100.0%,0,,,1,"$2,765,005",$0
,2020,2020 EVENT #6,,74,100.0%,0,,,1,"$23,474,833",$0
,2019,2019 EVENT #4,,75,74.7%,0,,,1,"$1,777,245","$97,424"
,2019,2019 EVENT #5,,75,79.6%,0,,,1,"$2,863,823","$130,620"
,2019,2019 EVENT #6,,75,90.9%,0,,,1,"$26,417,939","$642,433"
,2020,2020 EVENT #4,,75,100.0%,0,,,1,"$1,863,247",$0
,2020,2020 EVENT #5,,75,100.0%,0,,,1,"$2,765,005",$0
,2020,2020 EVENT #6,,75,100.0%,0,,,1,"$23,474,833",$0
,2019,2019 EVENT #4,,76,76.9%,0,,,1,"$1,829,628","$52,383"
,2019,2019 EVENT #5,,76,83.6%,0,,,1,"$3,004,182","$140,359"
,2019,2019 EVENT #6,,76,95.1%,0,,,1,"$27,660,807","$1,242,868"
,2020,2020 EVENT #4,,76,100.0%,0,,,1,"$1,863,247",$0
,2020,2020 EVENT #5,,76,100.0%,0,,,1,"$2,765,005",$0
,2020,2020 EVENT #6,,76,100.0%,0,,,1,"$23,474,833",$0
,2019,2019 EVENT #4,,77,100.0%,0,,,1,"$2,379,314","$549,686"
,2019,2019 EVENT #5,,77,100.0%,0,,,1,"$3,595,662","$591,480"
,2019,2019 EVENT #6,,77,100.0%,0,,,1,"$29,075,279","$1,414,472"
,2020,2020 EVENT #4,,77,100.0%,0,,,1,"$1,863,247",$0
,2020,2020 EVENT #5,,77,100.0%,0,,,1,"$2,765,005",$0
,2020,2020 EVENT #6,,77,100.0%,0,,,1,"$23,474,833",$0
,2020,2020 EVENT #4,,78,100.0%,0,,,1,"$1,863,247",$0
,2020,2020 EVENT #5,,78,100.0%,0,,,1,"$2,765,005",$0
,2020,2020 EVENT #6,,78,100.0%,0,,,1,"$23,474,833",$0
,2019,2019 EVENT #1,,43,100.0%,,,,,"$306,747",
,2019,2019 EVENT #2,,43,100.0%,,,,,"$2,271,979",
,2019,2019 EVENT #3,,43,100.0%,,,,,"$18,606,233",
,2019,2019 EVENT #1,,44,100.0%,,,,,"$306,747",
,2019,2019 EVENT #2,,44,100.0%,,,,,"$2,271,979",
,2019,2019 EVENT #3,,44,100.0%,,,,,"$18,606,233",
,2020,2020 EVENT #1,,44,100.0%,,,,,"$328,570",
,2020,2020 EVENT #2,,44,100.0%,,,,,"$1,764,320",
,2020,2020 EVENT #3,,44,100.0%,,,,,"$16,707,336",
,2019,2019 EVENT #1,,45,100.0%,,,,,"$306,747",
,2019,2019 EVENT #2,,45,100.0%,,,,,"$2,271,979",
,2019,2019 EVENT #3,,45,100.0%,,,,,"$18,606,233",
,2020,2020 EVENT #1,,45,100.0%,,,,,"$328,570",
,2020,2020 EVENT #2,,45,100.0%,,,,,"$1,764,320",
,2020,2020 EVENT #3,,45,100.0%,,,,,"$16,707,336",
,2019,2019 EVENT #1,,46,100.0%,,,,,"$306,747",
,2019,2019 EVENT #2,,46,100.0%,,,,,"$2,271,979",
,2019,2019 EVENT #3,,46,100.0%,,,,,"$18,606,233",
,2020,2020 EVENT #1,,46,100.0%,,,,,"$328,570",
,2020,2020 EVENT #2,,46,100.0%,,,,,"$1,764,320",
,2020,2020 EVENT #3,,46,100.0%,,,,,"$16,707,336",
,2019,2019 EVENT #1,,47,100.0%,,,,,"$306,747",
,2019,2019 EVENT #2,,47,100.0%,,,,,"$2,271,979",
,2019,2019 EVENT #3,,47,100.0%,,,,,"$18,606,233",
,2020,2020 EVENT #1,,47,100.0%,,,,,"$328,570",
,2020,2020 EVENT #2,,47,100.0%,,,,,"$1,764,320",
,2020,2020 EVENT #3,,47,100.0%,,,,,"$16,707,336",
,2019,2019 EVENT #1,,48,100.0%,,,,,"$306,747",
,2019,2019 EVENT #2,,48,100.0%,,,,,"$2,271,979",
,2019,2019 EVENT #3,,48,100.0%,,,,,"$18,606,233",
,2020,2020 EVENT #1,,48,100.0%,,,,,"$328,570",
,2020,2020 EVENT #2,,48,100.0%,,,,,"$1,764,320",
,2020,2020 EVENT #3,,48,100.0%,,,,,"$16,707,336",
,2019,2019 EVENT #1,,49,100.0%,,,,,"$306,747",
,2019,2019 EVENT #2,,49,100.0%,,,,,"$2,271,979",
,2019,2019 EVENT #3,,49,100.0%,,,,,"$18,606,233",
,2020,2020 EVENT #1,,49,100.0%,,,,,"$328,570",
,2020,2020 EVENT #2,,49,100.0%,,,,,"$1,764,320",
,2020,2020 EVENT #3,,49,100.0%,,,,,"$16,707,336",
,2019,2019 EVENT #1,,50,100.0%,,,,,"$306,747",
,2019,2019 EVENT #2,,50,100.0%,,,,,"$2,271,979",
,2019,2019 EVENT #3,,50,100.0%,,,,,"$18,606,233",
,2020,2020 EVENT #1,,50,100.0%,,,,,"$328,570",
,2020,2020 EVENT #2,,50,100.0%,,,,,"$1,764,320",
,2020,2020 EVENT #3,,50,100.0%,,,,,"$16,707,336",
,2019,2019 EVENT #1,,51,100.0%,,,,,"$306,747",
,2019,2019 EVENT #2,,51,100.0%,,,,,"$2,271,979",
,2019,2019 EVENT #3,,51,100.0%,,,,,"$18,606,233",
,2020,2020 EVENT #1,,51,100.0%,,,,,"$328,570",
,2020,2020 EVENT #2,,51,100.0%,,,,,"$1,764,320",
,2020,2020 EVENT #3,,51,100.0%,,,,,"$16,707,336",
,2019,2019 EVENT #1,,52,100.0%,,,,,"$306,747",
,2019,2019 EVENT #2,,52,100.0%,,,,,"$2,271,979",
,2019,2019 EVENT #3,,52,100.0%,,,,,"$18,606,233",
,2020,2020 EVENT #1,,52,100.0%,,,,,"$328,570",
,2020,2020 EVENT #2,,52,100.0%,,,,,"$1,764,320",
,2020,2020 EVENT #3,,52,100.0%,,,,,"$16,707,336",
,2019,2019 EVENT #1,,53,100.0%,,,,,"$306,747",
,2019,2019 EVENT #2,,53,100.0%,,,,,"$2,271,979",
,2019,2019 EVENT #3,,53,100.0%,,,,,"$18,606,233",
,2020,2020 EVENT #1,,53,100.0%,,,,,"$328,570",
,2020,2020 EVENT #2,,53,100.0%,,,,,"$1,764,320",
,2020,2020 EVENT #3,,53,100.0%,,,,,"$16,707,336",
,2019,2019 EVENT #1,,54,100.0%,,,,,"$306,747",
,2019,2019 EVENT #2,,54,100.0%,,,,,"$2,271,979",
,2019,2019 EVENT #3,,54,100.0%,,,,,"$18,606,233",
,2020,2020 EVENT #1,,54,100.0%,,,,,"$328,570",
,2020,2020 EVENT #2,,54,100.0%,,,,,"$1,764,320",
,2020,2020 EVENT #3,,54,100.0%,,,,,"$16,707,336",
,2019,2019 EVENT #1,,55,100.0%,,,,,"$306,747",
,2019,2019 EVENT #2,,55,100.0%,,,,,"$2,271,979",
,2019,2019 EVENT #3,,55,100.0%,,,,,"$18,606,233",
,2020,2020 EVENT #1,,55,100.0%,,,,,"$328,570",
,2020,2020 EVENT #2,,55,100.0%,,,,,"$1,764,320",
,2020,2020 EVENT #3,,55,100.0%,,,,,"$16,707,336",
,2019,2019 EVENT #1,,56,100.0%,,,,,"$306,747",
,2019,2019 EVENT #2,,56,100.0%,,,,,"$2,271,979",
,2019,2019 EVENT #3,,56,100.0%,,,,,"$18,606,233",
,2020,2020 EVENT #1,,56,100.0%,,,,,"$328,570",
,2020,2020 EVENT #2,,56,100.0%,,,,,"$1,764,320",
,2020,2020 EVENT #3,,56,100.0%,,,,,"$16,707,336",
,2019,2019 EVENT #1,,57,100.0%,,,,,"$306,747",
,2019,2019 EVENT #2,,57,100.0%,,,,,"$2,271,979",
,2019,2019 EVENT #3,,57,100.0%,,,,,"$18,606,233",
,2020,2020 EVENT #1,,57,100.0%,,,,,"$328,570",
,2020,2020 EVENT #2,,57,100.0%,,,,,"$1,764,320",
,2020,2020 EVENT #3,,57,100.0%,,,,,"$16,707,336",
,2019,2019 EVENT #1,,58,100.0%,,,,,"$306,747",
,2019,2019 EVENT #2,,58,100.0%,,,,,"$2,271,979",
,2019,2019 EVENT #3,,58,100.0%,,,,,"$18,606,233",
,2020,2020 EVENT #1,,58,100.0%,,,,,"$328,570",
,2020,2020 EVENT #2,,58,100.0%,,,,,"$1,764,320",
,2020,2020 EVENT #3,,58,100.0%,,,,,"$16,707,336",
,2019,2019 EVENT #1,,59,100.0%,,,,,"$306,747",
,2019,2019 EVENT #2,,59,100.0%,,,,,"$2,271,979",
,2019,2019 EVENT #3,,59,100.0%,,,,,"$18,606,233",
,2020,2020 EVENT #1,,59,100.0%,,,,,"$328,570",
,2020,2020 EVENT #2,,59,100.0%,,,,,"$1,764,320",
,2020,2020 EVENT #3,,59,100.0%,,,,,"$16,707,336",
,2019,2019 EVENT #1,,60,100.0%,,,,,"$306,747",
,2019,2019 EVENT #2,,60,100.0%,,,,,"$2,271,979",
,2019,2019 EVENT #3,,60,100.0%,,,,,"$18,606,233",
,2020,2020 EVENT #1,,60,100.0%,,,,,"$328,570",
,2020,2020 EVENT #2,,60,100.0%,,,,,"$1,764,320",
,2020,2020 EVENT #3,,60,100.0%,,,,,"$16,707,336",
,2019,2019 EVENT #1,,61,100.0%,,,,,"$306,747",
,2019,2019 EVENT #2,,61,100.0%,,,,,"$2,271,979",
,2019,2019 EVENT #3,,61,100.0%,,,,,"$18,606,233",
,2020,2020 EVENT #1,,61,100.0%,,,,,"$328,570",
,2020,2020 EVENT #2,,61,100.0%,,,,,"$1,764,320",
,2020,2020 EVENT #3,,61,100.0%,,,,,"$16,707,336",
,2019,2019 EVENT #1,,62,100.0%,,,,,"$306,747",
,2019,2019 EVENT #2,,62,100.0%,,,,,"$2,271,979",
,2019,2019 EVENT #3,,62,100.0%,,,,,"$18,606,233",
,2020,2020 EVENT #1,,62,100.0%,,,,,"$328,570",
,2020,2020 EVENT #2,,62,100.0%,,,,,"$1,764,320",
,2020,2020 EVENT #3,,62,100.0%,,,,,"$16,707,336",
,2019,2019 EVENT #1,,63,100.0%,,,,,"$306,747",
,2019,2019 EVENT #2,,63,100.0%,,,,,"$2,271,979",
,2019,2019 EVENT #3,,63,100.0%,,,,,"$18,606,233",
,2020,2020 EVENT #1,,63,100.0%,,,,,"$328,570",
,2020,2020 EVENT #2,,63,100.0%,,,,,"$1,764,320",
,2020,2020 EVENT #3,,63,100.0%,,,,,"$16,707,336",
,2019,2019 EVENT #1,,64,100.0%,,,,,"$306,747",
,2019,2019 EVENT #2,,64,100.0%,,,,,"$2,271,979",
,2019,2019 EVENT #3,,64,100.0%,,,,,"$18,606,233",
,2020,2020 EVENT #1,,64,100.0%,,,,,"$328,570",
,2020,2020 EVENT #2,,64,100.0%,,,,,"$1,764,320",
,2020,2020 EVENT #3,,64,100.0%,,,,,"$16,707,336",
,2019,2019 EVENT #1,,65,100.0%,,,,,"$306,747",
,2019,2019 EVENT #2,,65,100.0%,,,,,"$2,271,979",
,2019,2019 EVENT #3,,65,100.0%,,,,,"$18,606,233",
,2020,2020 EVENT #1,,65,100.0%,,,,,"$328,570",
,2020,2020 EVENT #2,,65,100.0%,,,,,"$1,764,320",
,2020,2020 EVENT #3,,65,100.0%,,,,,"$16,707,336",
,2019,2019 EVENT #1,,66,100.0%,,,,,"$306,747",
,2019,2019 EVENT #2,,66,100.0%,,,,,"$2,271,979",
,2019,2019 EVENT #3,,66,100.0%,,,,,"$18,606,233",
,2020,2020 EVENT #1,,66,100.0%,,,,,"$328,570",
,2020,2020 EVENT #2,,66,100.0%,,,,,"$1,764,320",
,2020,2020 EVENT #3,,66,100.0%,,,,,"$16,707,336",
,2019,2019 EVENT #1,,67,100.0%,,,,,"$306,747",
,2019,2019 EVENT #2,,67,100.0%,,,,,"$2,271,979",
,2019,2019 EVENT #3,,67,100.0%,,,,,"$18,606,233",
,2020,2020 EVENT #1,,67,100.0%,,,,,"$328,570",
,2020,2020 EVENT #2,,67,100.0%,,,,,"$1,764,320",
,2020,2020 EVENT #3,,67,100.0%,,,,,"$16,707,336",
,2019,2019 EVENT #1,,68,100.0%,,,,,"$306,747",
,2019,2019 EVENT #2,,68,100.0%,,,,,"$2,271,979",
,2019,2019 EVENT #3,,68,100.0%,,,,,"$18,606,233",
,2020,2020 EVENT #1,,68,100.0%,,,,,"$328,570",
,2020,2020 EVENT #2,,68,100.0%,,,,,"$1,764,320",
,2020,2020 EVENT #3,,68,100.0%,,,,,"$16,707,336",
,2019,2019 EVENT #1,,69,100.0%,,,,,"$306,747",
,2019,2019 EVENT #2,,69,100.0%,,,,,"$2,271,979",
,2019,2019 EVENT #3,,69,100.0%,,,,,"$18,606,233",
,2020,2020 EVENT #1,,69,100.0%,,,,,"$328,570",
,2020,2020 EVENT #2,,69,100.0%,,,,,"$1,764,320",
,2020,2020 EVENT #3,,69,100.0%,,,,,"$16,707,336",
,2019,2019 EVENT #1,,70,100.0%,,,,,"$306,747",
,2019,2019 EVENT #2,,70,100.0%,,,,,"$2,271,979",
,2019,2019 EVENT #3,,70,100.0%,,,,,"$18,606,233",
,2020,2020 EVENT #1,,70,100.0%,,,,,"$328,570",
,2020,2020 EVENT #2,,70,100.0%,,,,,"$1,764,320",
,2020,2020 EVENT #3,,70,100.0%,,,,,"$16,707,336",
,2019,2019 EVENT #1,,71,100.0%,,,,,"$306,747",
,2019,2019 EVENT #2,,71,100.0%,,,,,"$2,271,979",
,2019,2019 EVENT #3,,71,100.0%,,,,,"$18,606,233",
,2020,2020 EVENT #1,,71,100.0%,,,,,"$328,570",
,2020,2020 EVENT #2,,71,100.0%,,,,,"$1,764,320",
,2020,2020 EVENT #3,,71,100.0%,,,,,"$16,707,336",
,2019,2019 EVENT #1,,72,100.0%,,,,,"$306,747",
,2019,2019 EVENT #2,,72,100.0%,,,,,"$2,271,979",
,2019,2019 EVENT #3,,72,100.0%,,,,,"$18,606,233",
,2020,2020 EVENT #1,,72,100.0%,,,,,"$328,570",
,2020,2020 EVENT #2,,72,100.0%,,,,,"$1,764,320",
,2020,2020 EVENT #3,,72,100.0%,,,,,"$16,707,336",
,2019,2019 EVENT #1,,73,100.0%,,,,,"$306,747",
,2019,2019 EVENT #2,,73,100.0%,,,,,"$2,271,979",
,2019,2019 EVENT #3,,73,100.0%,,,,,"$18,606,233",
,2020,2020 EVENT #1,,73,100.0%,,,,,"$328,570",
,2020,2020 EVENT #2,,73,100.0%,,,,,"$1,764,320",
,2020,2020 EVENT #3,,73,100.0%,,,,,"$16,707,336",
,2019,2019 EVENT #1,,74,100.0%,,,,,"$306,747",
,2019,2019 EVENT #2,,74,100.0%,,,,,"$2,271,979",
,2019,2019 EVENT #3,,74,100.0%,,,,,"$18,606,233",
,2020,2020 EVENT #1,,74,100.0%,,,,,"$328,570",
,2020,2020 EVENT #2,,74,100.0%,,,,,"$1,764,320",
,2020,2020 EVENT #3,,74,100.0%,,,,,"$16,707,336",
,2019,2019 EVENT #1,,75,100.0%,,,,,"$306,747",
,2019,2019 EVENT #2,,75,100.0%,,,,,"$2,271,979",
,2019,2019 EVENT #3,,75,100.0%,,,,,"$18,606,233",
,2020,2020 EVENT #1,,75,100.0%,,,,,"$328,570",
,2020,2020 EVENT #2,,75,100.0%,,,,,"$1,764,320",
,2020,2020 EVENT #3,,75,100.0%,,,,,"$16,707,336",
,2019,2019 EVENT #1,,76,100.0%,,,,,"$306,747",
,2019,2019 EVENT #2,,76,100.0%,,,,,"$2,271,979",
,2019,2019 EVENT #3,,76,100.0%,,,,,"$18,606,233",
,2020,2020 EVENT #1,,76,100.0%,,,,,"$328,570",
,2020,2020 EVENT #2,,76,100.0%,,,,,"$1,764,320",
,2020,2020 EVENT #3,,76,100.0%,,,,,"$16,707,336",
,2019,2019 EVENT #1,,77,100.0%,,,,,"$306,747",
,2019,2019 EVENT #2,,77,100.0%,,,,,"$2,271,979",
,2019,2019 EVENT #3,,77,100.0%,,,,,"$18,606,233",
,2020,2020 EVENT #1,,77,100.0%,,,,,"$328,570",
,2020,2020 EVENT #2,,77,100.0%,,,,,"$1,764,320",
,2020,2020 EVENT #3,,77,100.0%,,,,,"$16,707,336",
,2019,2019 EVENT #1,,78,100.0%,,,,,"$306,747",
,2019,2019 EVENT #2,,78,100.0%,,,,,"$2,271,979",
,2019,2019 EVENT #3,,78,100.0%,,,,,"$18,606,233",
,2019,2019 EVENT #4,,78,100.0%,,,,,"$2,379,314",
,2019,2019 EVENT #5,,78,100.0%,,,,,"$3,595,662",
,2019,2019 EVENT #6,,78,100.0%,,,,,"$29,075,279",
,2020,2020 EVENT #1,,78,100.0%,,,,,"$328,570",
,2020,2020 EVENT #2,,78,100.0%,,,,,"$1,764,320",
,2020,2020 EVENT #3,,78,100.0%,,,,,"$16,707,336",
