Day of Order Date,Measure Names,Month of Order Date,Quarter of Order Date,Measure Values
"January 1, 2020",Profit,January,Q1,-181.4109
"January 1, 2020",Running Sum of Profit along Day of Order Date,January,Q1,-181.4109
"January 1, 2020",Profit for Month,January,Q1,"7,140.4391"
"January 1, 2020",Max Monthly Profit in Year,January,Q1,"14,751.8915"
"January 1, 2020",Actual Profit,January,Q1,-181.4109
"January 1, 2020",Running Sum of Actual Profit along Table (Down),January,Q1,-181.4109
"January 2, 2020",Profit,January,Q1,-207.0473
"January 2, 2020",Running Sum of Profit along Day of Order Date,January,Q1,-388.4582
"January 2, 2020",Profit for Month,January,Q1,"7,140.4391"
"January 2, 2020",Max Monthly Profit in Year,January,Q1,"14,751.8915"
"January 2, 2020",Actual Profit,January,Q1,-207.0473
"January 2, 2020",Running Sum of Actual Profit along Table (Down),January,Q1,-388.4582
"January 3, 2020",Profit,January,Q1,704.28
"January 3, 2020",Running Sum of Profit along Day of Order Date,January,Q1,315.8218
"January 3, 2020",Profit for Month,January,Q1,"7,140.4391"
"January 3, 2020",Max Monthly Profit in Year,January,Q1,"14,751.8915"
"January 3, 2020",Actual Profit,January,Q1,704.28
"January 3, 2020",Running Sum of Actual Profit along Table (Down),January,Q1,315.8218
"January 4, 2020",Profit,January,Q1,
"January 4, 2020",Running Sum of Profit along Day of Order Date,January,Q1,315.8218
"January 4, 2020",Profit for Month,January,Q1,
"January 4, 2020",Max Monthly Profit in Year,January,Q1,
"January 4, 2020",Actual Profit,January,Q1,0
"January 4, 2020",Running Sum of Actual Profit along Table (Down),January,Q1,315.8218
"January 5, 2020",Profit,January,Q1,
"January 5, 2020",Running Sum of Profit along Day of Order Date,January,Q1,315.8218
"January 5, 2020",Profit for Month,January,Q1,
"January 5, 2020",Max Monthly Profit in Year,January,Q1,
"January 5, 2020",Actual Profit,January,Q1,0
"January 5, 2020",Running Sum of Actual Profit along Table (Down),January,Q1,315.8218
"January 6, 2020",Profit,January,Q1,15.5204
"January 6, 2020",Running Sum of Profit along Day of Order Date,January,Q1,331.3422
"January 6, 2020",Profit for Month,January,Q1,"7,140.4391"
"January 6, 2020",Max Monthly Profit in Year,January,Q1,"14,751.8915"
"January 6, 2020",Actual Profit,January,Q1,15.5204
"January 6, 2020",Running Sum of Actual Profit along Table (Down),January,Q1,331.3422
"January 7, 2020",Profit,January,Q1,758.7192
"January 7, 2020",Running Sum of Profit along Day of Order Date,January,Q1,"1,090.0614"
"January 7, 2020",Profit for Month,January,Q1,"7,140.4391"
"January 7, 2020",Max Monthly Profit in Year,January,Q1,"14,751.8915"
"January 7, 2020",Actual Profit,January,Q1,758.7192
"January 7, 2020",Running Sum of Actual Profit along Table (Down),January,Q1,"1,090.0614"
"January 8, 2020",Profit,January,Q1,80.3682
"January 8, 2020",Running Sum of Profit along Day of Order Date,January,Q1,"1,170.4296"
"January 8, 2020",Profit for Month,January,Q1,"7,140.4391"
"January 8, 2020",Max Monthly Profit in Year,January,Q1,"14,751.8915"
"January 8, 2020",Actual Profit,January,Q1,80.3682
"January 8, 2020",Running Sum of Actual Profit along Table (Down),January,Q1,"1,170.4296"
"January 9, 2020",Profit,January,Q1,-228.7425
"January 9, 2020",Running Sum of Profit along Day of Order Date,January,Q1,941.687100000
"January 9, 2020",Profit for Month,January,Q1,"7,140.4391"
"January 9, 2020",Max Monthly Profit in Year,January,Q1,"14,751.8915"
"January 9, 2020",Actual Profit,January,Q1,-228.7425
"January 9, 2020",Running Sum of Actual Profit along Table (Down),January,Q1,941.687100000
"January 10, 2020",Profit,January,Q1,
"January 10, 2020",Running Sum of Profit along Day of Order Date,January,Q1,941.687100000
"January 10, 2020",Profit for Month,January,Q1,
"January 10, 2020",Max Monthly Profit in Year,January,Q1,
"January 10, 2020",Actual Profit,January,Q1,0
"January 10, 2020",Running Sum of Actual Profit along Table (Down),January,Q1,941.687100000
"January 11, 2020",Profit,January,Q1,
"January 11, 2020",Running Sum of Profit along Day of Order Date,January,Q1,941.687100000
"January 11, 2020",Profit for Month,January,Q1,
"January 11, 2020",Max Monthly Profit in Year,January,Q1,
"January 11, 2020",Actual Profit,January,Q1,0
"January 11, 2020",Running Sum of Actual Profit along Table (Down),January,Q1,941.687100000
"January 12, 2020",Profit,January,Q1,"-1,101.516"
"January 12, 2020",Running Sum of Profit along Day of Order Date,January,Q1,-159.828900000
"January 12, 2020",Profit for Month,January,Q1,"7,140.4391"
"January 12, 2020",Max Monthly Profit in Year,January,Q1,"14,751.8915"
"January 12, 2020",Actual Profit,January,Q1,"-1,101.516"
"January 12, 2020",Running Sum of Actual Profit along Table (Down),January,Q1,-159.828900000
"January 13, 2020",Profit,January,Q1,206.6524
"January 13, 2020",Running Sum of Profit along Day of Order Date,January,Q1,46.823500000
"January 13, 2020",Profit for Month,January,Q1,"7,140.4391"
"January 13, 2020",Max Monthly Profit in Year,January,Q1,"14,751.8915"
"January 13, 2020",Actual Profit,January,Q1,206.6524
"January 13, 2020",Running Sum of Actual Profit along Table (Down),January,Q1,46.823500000
"January 14, 2020",Profit,January,Q1,208.8079
"January 14, 2020",Running Sum of Profit along Day of Order Date,January,Q1,255.631400000
"January 14, 2020",Profit for Month,January,Q1,"7,140.4391"
"January 14, 2020",Max Monthly Profit in Year,January,Q1,"14,751.8915"
"January 14, 2020",Actual Profit,January,Q1,208.8079
"January 14, 2020",Running Sum of Actual Profit along Table (Down),January,Q1,255.631400000
"January 15, 2020",Profit,January,Q1,297.206
"January 15, 2020",Running Sum of Profit along Day of Order Date,January,Q1,552.837400000
"January 15, 2020",Profit for Month,January,Q1,"7,140.4391"
"January 15, 2020",Max Monthly Profit in Year,January,Q1,"14,751.8915"
"January 15, 2020",Actual Profit,January,Q1,297.206
"January 15, 2020",Running Sum of Actual Profit along Table (Down),January,Q1,552.837400000
"January 16, 2020",Profit,January,Q1,"2,595.203"
"January 16, 2020",Running Sum of Profit along Day of Order Date,January,Q1,"3,148.0404"
"January 16, 2020",Profit for Month,January,Q1,"7,140.4391"
"January 16, 2020",Max Monthly Profit in Year,January,Q1,"14,751.8915"
"January 16, 2020",Actual Profit,January,Q1,"2,595.203"
"January 16, 2020",Running Sum of Actual Profit along Table (Down),January,Q1,"3,148.0404"
"January 17, 2020",Profit,January,Q1,
"January 17, 2020",Running Sum of Profit along Day of Order Date,January,Q1,"3,148.0404"
"January 17, 2020",Profit for Month,January,Q1,
"January 17, 2020",Max Monthly Profit in Year,January,Q1,
"January 17, 2020",Actual Profit,January,Q1,0
"January 17, 2020",Running Sum of Actual Profit along Table (Down),January,Q1,"3,148.0404"
"January 18, 2020",Profit,January,Q1,
"January 18, 2020",Running Sum of Profit along Day of Order Date,January,Q1,"3,148.0404"
"January 18, 2020",Profit for Month,January,Q1,
"January 18, 2020",Max Monthly Profit in Year,January,Q1,
"January 18, 2020",Actual Profit,January,Q1,0
"January 18, 2020",Running Sum of Actual Profit along Table (Down),January,Q1,"3,148.0404"
"January 19, 2020",Profit,January,Q1,55.4043
"January 19, 2020",Running Sum of Profit along Day of Order Date,January,Q1,"3,203.4447"
"January 19, 2020",Profit for Month,January,Q1,"7,140.4391"
"January 19, 2020",Max Monthly Profit in Year,January,Q1,"14,751.8915"
"January 19, 2020",Actual Profit,January,Q1,55.4043
"January 19, 2020",Running Sum of Actual Profit along Table (Down),January,Q1,"3,203.4447"
"January 20, 2020",Profit,January,Q1,156.032
"January 20, 2020",Running Sum of Profit along Day of Order Date,January,Q1,"3,359.4767"
"January 20, 2020",Profit for Month,January,Q1,"7,140.4391"
"January 20, 2020",Max Monthly Profit in Year,January,Q1,"14,751.8915"
"January 20, 2020",Actual Profit,January,Q1,156.032
"January 20, 2020",Running Sum of Actual Profit along Table (Down),January,Q1,"3,359.4767"
"January 21, 2020",Profit,January,Q1,619.2187
"January 21, 2020",Running Sum of Profit along Day of Order Date,January,Q1,"3,978.6954"
"January 21, 2020",Profit for Month,January,Q1,"7,140.4391"
"January 21, 2020",Max Monthly Profit in Year,January,Q1,"14,751.8915"
"January 21, 2020",Actual Profit,January,Q1,619.2187
"January 21, 2020",Running Sum of Actual Profit along Table (Down),January,Q1,"3,978.6954"
"January 22, 2020",Profit,January,Q1,"1,461.3511"
"January 22, 2020",Running Sum of Profit along Day of Order Date,January,Q1,"5,440.0465"
"January 22, 2020",Profit for Month,January,Q1,"7,140.4391"
"January 22, 2020",Max Monthly Profit in Year,January,Q1,"14,751.8915"
"January 22, 2020",Actual Profit,January,Q1,"1,461.3511"
"January 22, 2020",Running Sum of Actual Profit along Table (Down),January,Q1,"5,440.0465"
"January 23, 2020",Profit,January,Q1,60.55
"January 23, 2020",Running Sum of Profit along Day of Order Date,January,Q1,"5,500.5965"
"January 23, 2020",Profit for Month,January,Q1,"7,140.4391"
"January 23, 2020",Max Monthly Profit in Year,January,Q1,"14,751.8915"
"January 23, 2020",Actual Profit,January,Q1,60.55
"January 23, 2020",Running Sum of Actual Profit along Table (Down),January,Q1,"5,500.5965"
"January 24, 2020",Profit,January,Q1,105.0682
"January 24, 2020",Running Sum of Profit along Day of Order Date,January,Q1,"5,605.6647"
"January 24, 2020",Profit for Month,January,Q1,"7,140.4391"
"January 24, 2020",Max Monthly Profit in Year,January,Q1,"14,751.8915"
"January 24, 2020",Actual Profit,January,Q1,105.0682
"January 24, 2020",Running Sum of Actual Profit along Table (Down),January,Q1,"5,605.6647"
"January 25, 2020",Profit,January,Q1,
"January 25, 2020",Running Sum of Profit along Day of Order Date,January,Q1,"5,605.6647"
"January 25, 2020",Profit for Month,January,Q1,
"January 25, 2020",Max Monthly Profit in Year,January,Q1,
"January 25, 2020",Actual Profit,January,Q1,0
"January 25, 2020",Running Sum of Actual Profit along Table (Down),January,Q1,"5,605.6647"
"January 26, 2020",Profit,January,Q1,803.9555
"January 26, 2020",Running Sum of Profit along Day of Order Date,January,Q1,"6,409.6202"
"January 26, 2020",Profit for Month,January,Q1,"7,140.4391"
"January 26, 2020",Max Monthly Profit in Year,January,Q1,"14,751.8915"
"January 26, 2020",Actual Profit,January,Q1,803.9555
"January 26, 2020",Running Sum of Actual Profit along Table (Down),January,Q1,"6,409.6202"
"January 27, 2020",Profit,January,Q1,1.623900000
"January 27, 2020",Running Sum of Profit along Day of Order Date,January,Q1,"6,411.2441"
"January 27, 2020",Profit for Month,January,Q1,"7,140.4391"
"January 27, 2020",Max Monthly Profit in Year,January,Q1,"14,751.8915"
"January 27, 2020",Actual Profit,January,Q1,1.623900000
"January 27, 2020",Running Sum of Actual Profit along Table (Down),January,Q1,"6,411.2441"
"January 28, 2020",Profit,January,Q1,333.8478
"January 28, 2020",Running Sum of Profit along Day of Order Date,January,Q1,"6,745.0919"
"January 28, 2020",Profit for Month,January,Q1,"7,140.4391"
"January 28, 2020",Max Monthly Profit in Year,January,Q1,"14,751.8915"
"January 28, 2020",Actual Profit,January,Q1,333.8478
"January 28, 2020",Running Sum of Actual Profit along Table (Down),January,Q1,"6,745.0919"
"January 29, 2020",Profit,January,Q1,86.9031
"January 29, 2020",Running Sum of Profit along Day of Order Date,January,Q1,"6,831.995"
"January 29, 2020",Profit for Month,January,Q1,"7,140.4391"
"January 29, 2020",Max Monthly Profit in Year,January,Q1,"14,751.8915"
"January 29, 2020",Actual Profit,January,Q1,86.9031
"January 29, 2020",Running Sum of Actual Profit along Table (Down),January,Q1,"6,831.995"
"January 30, 2020",Profit,January,Q1,308.4441
"January 30, 2020",Running Sum of Profit along Day of Order Date,January,Q1,"7,140.4391"
"January 30, 2020",Profit for Month,January,Q1,"7,140.4391"
"January 30, 2020",Max Monthly Profit in Year,January,Q1,"14,751.8915"
"January 30, 2020",Actual Profit,January,Q1,308.4441
"January 30, 2020",Running Sum of Actual Profit along Table (Down),January,Q1,"7,140.4391"
"January 31, 2020",Profit,January,Q1,
"January 31, 2020",Running Sum of Profit along Day of Order Date,January,Q1,"7,140.4391"
"January 31, 2020",Profit for Month,January,Q1,
"January 31, 2020",Max Monthly Profit in Year,January,Q1,
"January 31, 2020",Actual Profit,January,Q1,0
"January 31, 2020",Running Sum of Actual Profit along Table (Down),January,Q1,"7,140.4391"
All,Profit,January,Q1,"7,140.4391"
All,Running Sum of Profit along Day of Order Date,January,Q1,"7,140.4391"
All,Profit for Month,January,Q1,"7,140.4391"
All,Max Monthly Profit in Year,January,Q1,"14,751.8915"
All,Actual Profit,January,Q1,"7,140.4391"
All,Running Sum of Actual Profit along Table (Down),January,Q1,"7,140.4391"
"February 1, 2020",Profit,February,Q1,
"February 1, 2020",Running Sum of Profit along Day of Order Date,February,Q1,
"February 1, 2020",Profit for Month,February,Q1,
"February 1, 2020",Max Monthly Profit in Year,February,Q1,
"February 1, 2020",Actual Profit,February,Q1,0
"February 1, 2020",Running Sum of Actual Profit along Table (Down),February,Q1,"7,140.4391"
"February 2, 2020",Profit,February,Q1,170.677
"February 2, 2020",Running Sum of Profit along Day of Order Date,February,Q1,170.677
"February 2, 2020",Profit for Month,February,Q1,"1,613.872"
"February 2, 2020",Max Monthly Profit in Year,February,Q1,"14,751.8915"
"February 2, 2020",Actual Profit,February,Q1,170.677
"February 2, 2020",Running Sum of Actual Profit along Table (Down),February,Q1,"7,311.1161"
"February 3, 2020",Profit,February,Q1,215.57
"February 3, 2020",Running Sum of Profit along Day of Order Date,February,Q1,386.247
"February 3, 2020",Profit for Month,February,Q1,"1,613.872"
"February 3, 2020",Max Monthly Profit in Year,February,Q1,"14,751.8915"
"February 3, 2020",Actual Profit,February,Q1,215.57
"February 3, 2020",Running Sum of Actual Profit along Table (Down),February,Q1,"7,526.6861"
"February 4, 2020",Profit,February,Q1,8.4942
"February 4, 2020",Running Sum of Profit along Day of Order Date,February,Q1,394.7412
"February 4, 2020",Profit for Month,February,Q1,"1,613.872"
"February 4, 2020",Max Monthly Profit in Year,February,Q1,"14,751.8915"
"February 4, 2020",Actual Profit,February,Q1,8.4942
"February 4, 2020",Running Sum of Actual Profit along Table (Down),February,Q1,"7,535.1803"
"February 5, 2020",Profit,February,Q1,74.882000000
"February 5, 2020",Running Sum of Profit along Day of Order Date,February,Q1,469.6232
"February 5, 2020",Profit for Month,February,Q1,"1,613.872"
"February 5, 2020",Max Monthly Profit in Year,February,Q1,"14,751.8915"
"February 5, 2020",Actual Profit,February,Q1,74.882000000
"February 5, 2020",Running Sum of Actual Profit along Table (Down),February,Q1,"7,610.0623"
"February 6, 2020",Profit,February,Q1,204.3158
"February 6, 2020",Running Sum of Profit along Day of Order Date,February,Q1,673.939
"February 6, 2020",Profit for Month,February,Q1,"1,613.872"
"February 6, 2020",Max Monthly Profit in Year,February,Q1,"14,751.8915"
"February 6, 2020",Actual Profit,February,Q1,204.3158
"February 6, 2020",Running Sum of Actual Profit along Table (Down),February,Q1,"7,814.3781"
"February 7, 2020",Profit,February,Q1,
"February 7, 2020",Running Sum of Profit along Day of Order Date,February,Q1,673.939
"February 7, 2020",Profit for Month,February,Q1,
"February 7, 2020",Max Monthly Profit in Year,February,Q1,
"February 7, 2020",Actual Profit,February,Q1,0
"February 7, 2020",Running Sum of Actual Profit along Table (Down),February,Q1,"7,814.3781"
"February 8, 2020",Profit,February,Q1,
"February 8, 2020",Running Sum of Profit along Day of Order Date,February,Q1,673.939
"February 8, 2020",Profit for Month,February,Q1,
"February 8, 2020",Max Monthly Profit in Year,February,Q1,
"February 8, 2020",Actual Profit,February,Q1,0
"February 8, 2020",Running Sum of Actual Profit along Table (Down),February,Q1,"7,814.3781"
"February 9, 2020",Profit,February,Q1,-411.9726
"February 9, 2020",Running Sum of Profit along Day of Order Date,February,Q1,261.966400000
"February 9, 2020",Profit for Month,February,Q1,"1,613.872"
"February 9, 2020",Max Monthly Profit in Year,February,Q1,"14,751.8915"
"February 9, 2020",Actual Profit,February,Q1,-411.9726
"February 9, 2020",Running Sum of Actual Profit along Table (Down),February,Q1,"7,402.4055"
"February 10, 2020",Profit,February,Q1,28.1274
"February 10, 2020",Running Sum of Profit along Day of Order Date,February,Q1,290.093800000
"February 10, 2020",Profit for Month,February,Q1,"1,613.872"
"February 10, 2020",Max Monthly Profit in Year,February,Q1,"14,751.8915"
"February 10, 2020",Actual Profit,February,Q1,28.1274
"February 10, 2020",Running Sum of Actual Profit along Table (Down),February,Q1,"7,430.5329"
"February 11, 2020",Profit,February,Q1,130.1018
"February 11, 2020",Running Sum of Profit along Day of Order Date,February,Q1,420.195600000
"February 11, 2020",Profit for Month,February,Q1,"1,613.872"
"February 11, 2020",Max Monthly Profit in Year,February,Q1,"14,751.8915"
"February 11, 2020",Actual Profit,February,Q1,130.1018
"February 11, 2020",Running Sum of Actual Profit along Table (Down),February,Q1,"7,560.6347"
"February 12, 2020",Profit,February,Q1,
"February 12, 2020",Running Sum of Profit along Day of Order Date,February,Q1,420.195600000
"February 12, 2020",Profit for Month,February,Q1,
"February 12, 2020",Max Monthly Profit in Year,February,Q1,
"February 12, 2020",Actual Profit,February,Q1,0
"February 12, 2020",Running Sum of Actual Profit along Table (Down),February,Q1,"7,560.6347"
"February 13, 2020",Profit,February,Q1,424.3345
"February 13, 2020",Running Sum of Profit along Day of Order Date,February,Q1,844.530100000
"February 13, 2020",Profit for Month,February,Q1,"1,613.872"
"February 13, 2020",Max Monthly Profit in Year,February,Q1,"14,751.8915"
"February 13, 2020",Actual Profit,February,Q1,424.3345
"February 13, 2020",Running Sum of Actual Profit along Table (Down),February,Q1,"7,984.9692"
"February 14, 2020",Profit,February,Q1,
"February 14, 2020",Running Sum of Profit along Day of Order Date,February,Q1,844.530100000
"February 14, 2020",Profit for Month,February,Q1,
"February 14, 2020",Max Monthly Profit in Year,February,Q1,
"February 14, 2020",Actual Profit,February,Q1,0
"February 14, 2020",Running Sum of Actual Profit along Table (Down),February,Q1,"7,984.9692"
"February 15, 2020",Profit,February,Q1,
"February 15, 2020",Running Sum of Profit along Day of Order Date,February,Q1,844.530100000
"February 15, 2020",Profit for Month,February,Q1,
"February 15, 2020",Max Monthly Profit in Year,February,Q1,
"February 15, 2020",Actual Profit,February,Q1,0
"February 15, 2020",Running Sum of Actual Profit along Table (Down),February,Q1,"7,984.9692"
"February 16, 2020",Profit,February,Q1,95.975600000
"February 16, 2020",Running Sum of Profit along Day of Order Date,February,Q1,940.505700000
"February 16, 2020",Profit for Month,February,Q1,"1,613.872"
"February 16, 2020",Max Monthly Profit in Year,February,Q1,"14,751.8915"
"February 16, 2020",Actual Profit,February,Q1,95.975600000
"February 16, 2020",Running Sum of Actual Profit along Table (Down),February,Q1,"8,080.9448"
"February 17, 2020",Profit,February,Q1,-383.5478
"February 17, 2020",Running Sum of Profit along Day of Order Date,February,Q1,556.957900000
"February 17, 2020",Profit for Month,February,Q1,"1,613.872"
"February 17, 2020",Max Monthly Profit in Year,February,Q1,"14,751.8915"
"February 17, 2020",Actual Profit,February,Q1,-383.5478
"February 17, 2020",Running Sum of Actual Profit along Table (Down),February,Q1,"7,697.397"
"February 18, 2020",Profit,February,Q1,62.4082
"February 18, 2020",Running Sum of Profit along Day of Order Date,February,Q1,619.366100000
"February 18, 2020",Profit for Month,February,Q1,"1,613.872"
"February 18, 2020",Max Monthly Profit in Year,February,Q1,"14,751.8915"
"February 18, 2020",Actual Profit,February,Q1,62.4082
"February 18, 2020",Running Sum of Actual Profit along Table (Down),February,Q1,"7,759.8052"
"February 19, 2020",Profit,February,Q1,377.0515
"February 19, 2020",Running Sum of Profit along Day of Order Date,February,Q1,996.417600000
"February 19, 2020",Profit for Month,February,Q1,"1,613.872"
"February 19, 2020",Max Monthly Profit in Year,February,Q1,"14,751.8915"
"February 19, 2020",Actual Profit,February,Q1,377.0515
"February 19, 2020",Running Sum of Actual Profit along Table (Down),February,Q1,"8,136.8567"
"February 20, 2020",Profit,February,Q1,-107.5121
"February 20, 2020",Running Sum of Profit along Day of Order Date,February,Q1,888.905500000
"February 20, 2020",Profit for Month,February,Q1,"1,613.872"
"February 20, 2020",Max Monthly Profit in Year,February,Q1,"14,751.8915"
"February 20, 2020",Actual Profit,February,Q1,-107.5121
"February 20, 2020",Running Sum of Actual Profit along Table (Down),February,Q1,"8,029.3446"
"February 21, 2020",Profit,February,Q1,-2.994
"February 21, 2020",Running Sum of Profit along Day of Order Date,February,Q1,885.911500000
"February 21, 2020",Profit for Month,February,Q1,"1,613.872"
"February 21, 2020",Max Monthly Profit in Year,February,Q1,"14,751.8915"
"February 21, 2020",Actual Profit,February,Q1,-2.994
"February 21, 2020",Running Sum of Actual Profit along Table (Down),February,Q1,"8,026.3506"
"February 22, 2020",Profit,February,Q1,
"February 22, 2020",Running Sum of Profit along Day of Order Date,February,Q1,885.911500000
"February 22, 2020",Profit for Month,February,Q1,
"February 22, 2020",Max Monthly Profit in Year,February,Q1,
"February 22, 2020",Actual Profit,February,Q1,0
"February 22, 2020",Running Sum of Actual Profit along Table (Down),February,Q1,"8,026.3506"
"February 23, 2020",Profit,February,Q1,42.37
"February 23, 2020",Running Sum of Profit along Day of Order Date,February,Q1,928.281500000
"February 23, 2020",Profit for Month,February,Q1,"1,613.872"
"February 23, 2020",Max Monthly Profit in Year,February,Q1,"14,751.8915"
"February 23, 2020",Actual Profit,February,Q1,42.37
"February 23, 2020",Running Sum of Actual Profit along Table (Down),February,Q1,"8,068.7206"
"February 24, 2020",Profit,February,Q1,249.3929
"February 24, 2020",Running Sum of Profit along Day of Order Date,February,Q1,"1,177.6744"
"February 24, 2020",Profit for Month,February,Q1,"1,613.872"
"February 24, 2020",Max Monthly Profit in Year,February,Q1,"14,751.8915"
"February 24, 2020",Actual Profit,February,Q1,249.3929
"February 24, 2020",Running Sum of Actual Profit along Table (Down),February,Q1,"8,318.1135"
"February 25, 2020",Profit,February,Q1,-19.3798
"February 25, 2020",Running Sum of Profit along Day of Order Date,February,Q1,"1,158.2946"
"February 25, 2020",Profit for Month,February,Q1,"1,613.872"
"February 25, 2020",Max Monthly Profit in Year,February,Q1,"14,751.8915"
"February 25, 2020",Actual Profit,February,Q1,-19.3798
"February 25, 2020",Running Sum of Actual Profit along Table (Down),February,Q1,"8,298.7337"
"February 26, 2020",Profit,February,Q1,447.3532
"February 26, 2020",Running Sum of Profit along Day of Order Date,February,Q1,"1,605.6478"
"February 26, 2020",Profit for Month,February,Q1,"1,613.872"
"February 26, 2020",Max Monthly Profit in Year,February,Q1,"14,751.8915"
"February 26, 2020",Actual Profit,February,Q1,447.3532
"February 26, 2020",Running Sum of Actual Profit along Table (Down),February,Q1,"8,746.086900000"
"February 27, 2020",Profit,February,Q1,
"February 27, 2020",Running Sum of Profit along Day of Order Date,February,Q1,"1,605.6478"
"February 27, 2020",Profit for Month,February,Q1,
"February 27, 2020",Max Monthly Profit in Year,February,Q1,
"February 27, 2020",Actual Profit,February,Q1,0
"February 27, 2020",Running Sum of Actual Profit along Table (Down),February,Q1,"8,746.086900000"
"February 28, 2020",Profit,February,Q1,8.2242
"February 28, 2020",Running Sum of Profit along Day of Order Date,February,Q1,"1,613.872"
"February 28, 2020",Profit for Month,February,Q1,"1,613.872"
"February 28, 2020",Max Monthly Profit in Year,February,Q1,"14,751.8915"
"February 28, 2020",Actual Profit,February,Q1,8.2242
"February 28, 2020",Running Sum of Actual Profit along Table (Down),February,Q1,"8,754.3111"
"February 29, 2020",Profit,February,Q1,
"February 29, 2020",Running Sum of Profit along Day of Order Date,February,Q1,"1,613.872"
"February 29, 2020",Profit for Month,February,Q1,
"February 29, 2020",Max Monthly Profit in Year,February,Q1,
"February 29, 2020",Actual Profit,February,Q1,0
"February 29, 2020",Running Sum of Actual Profit along Table (Down),February,Q1,"8,754.3111"
All,Profit,February,Q1,"1,613.872"
All,Running Sum of Profit along Day of Order Date,February,Q1,"1,613.872"
All,Profit for Month,February,Q1,"1,613.872"
All,Max Monthly Profit in Year,February,Q1,"14,751.8915"
All,Actual Profit,February,Q1,"1,613.872"
All,Running Sum of Actual Profit along Table (Down),February,Q1,"8,754.3111"
"March 1, 2020",Profit,March,Q1,
"March 1, 2020",Running Sum of Profit along Day of Order Date,March,Q1,
"March 1, 2020",Profit for Month,March,Q1,
"March 1, 2020",Max Monthly Profit in Year,March,Q1,
"March 1, 2020",Actual Profit,March,Q1,0
"March 1, 2020",Running Sum of Actual Profit along Table (Down),March,Q1,"8,754.3111"
"March 2, 2020",Profit,March,Q1,244.0397
"March 2, 2020",Running Sum of Profit along Day of Order Date,March,Q1,244.0397
"March 2, 2020",Profit for Month,March,Q1,"14,751.8915"
"March 2, 2020",Max Monthly Profit in Year,March,Q1,"14,751.8915"
"March 2, 2020",Actual Profit,March,Q1,244.0397
"March 2, 2020",Running Sum of Actual Profit along Table (Down),March,Q1,"8,998.350800000"
"March 3, 2020",Profit,March,Q1,528.1881
"March 3, 2020",Running Sum of Profit along Day of Order Date,March,Q1,772.2278
"March 3, 2020",Profit for Month,March,Q1,"14,751.8915"
"March 3, 2020",Max Monthly Profit in Year,March,Q1,"14,751.8915"
"March 3, 2020",Actual Profit,March,Q1,528.1881
"March 3, 2020",Running Sum of Actual Profit along Table (Down),March,Q1,"9,526.538900000"
"March 4, 2020",Profit,March,Q1,-33.9224
"March 4, 2020",Running Sum of Profit along Day of Order Date,March,Q1,738.3054
"March 4, 2020",Profit for Month,March,Q1,"14,751.8915"
"March 4, 2020",Max Monthly Profit in Year,March,Q1,"14,751.8915"
"March 4, 2020",Actual Profit,March,Q1,-33.9224
"March 4, 2020",Running Sum of Actual Profit along Table (Down),March,Q1,"9,492.616500000"
"March 5, 2020",Profit,March,Q1,480.4513
"March 5, 2020",Running Sum of Profit along Day of Order Date,March,Q1,"1,218.7567"
"March 5, 2020",Profit for Month,March,Q1,"14,751.8915"
"March 5, 2020",Max Monthly Profit in Year,March,Q1,"14,751.8915"
"March 5, 2020",Actual Profit,March,Q1,480.4513
"March 5, 2020",Running Sum of Actual Profit along Table (Down),March,Q1,"9,973.0678"
"March 6, 2020",Profit,March,Q1,235.126
"March 6, 2020",Running Sum of Profit along Day of Order Date,March,Q1,"1,453.8827"
"March 6, 2020",Profit for Month,March,Q1,"14,751.8915"
"March 6, 2020",Max Monthly Profit in Year,March,Q1,"14,751.8915"
"March 6, 2020",Actual Profit,March,Q1,235.126
"March 6, 2020",Running Sum of Actual Profit along Table (Down),March,Q1,"10,208.1938"
"March 7, 2020",Profit,March,Q1,56.1114
"March 7, 2020",Running Sum of Profit along Day of Order Date,March,Q1,"1,509.9941"
"March 7, 2020",Profit for Month,March,Q1,"14,751.8915"
"March 7, 2020",Max Monthly Profit in Year,March,Q1,"14,751.8915"
"March 7, 2020",Actual Profit,March,Q1,56.1114
"March 7, 2020",Running Sum of Actual Profit along Table (Down),March,Q1,"10,264.3052"
"March 8, 2020",Profit,March,Q1,243.448
"March 8, 2020",Running Sum of Profit along Day of Order Date,March,Q1,"1,753.4421"
"March 8, 2020",Profit for Month,March,Q1,"14,751.8915"
"March 8, 2020",Max Monthly Profit in Year,March,Q1,"14,751.8915"
"March 8, 2020",Actual Profit,March,Q1,243.448
"March 8, 2020",Running Sum of Actual Profit along Table (Down),March,Q1,"10,507.7532"
"March 9, 2020",Profit,March,Q1,139.6285
"March 9, 2020",Running Sum of Profit along Day of Order Date,March,Q1,"1,893.0706"
"March 9, 2020",Profit for Month,March,Q1,"14,751.8915"
"March 9, 2020",Max Monthly Profit in Year,March,Q1,"14,751.8915"
"March 9, 2020",Actual Profit,March,Q1,139.6285
"March 9, 2020",Running Sum of Actual Profit along Table (Down),March,Q1,"10,647.3817"
"March 10, 2020",Profit,March,Q1,-165.0196
"March 10, 2020",Running Sum of Profit along Day of Order Date,March,Q1,"1,728.051"
"March 10, 2020",Profit for Month,March,Q1,"14,751.8915"
"March 10, 2020",Max Monthly Profit in Year,March,Q1,"14,751.8915"
"March 10, 2020",Actual Profit,March,Q1,-165.0196
"March 10, 2020",Running Sum of Actual Profit along Table (Down),March,Q1,"10,482.3621"
"March 11, 2020",Profit,March,Q1,224.6984
"March 11, 2020",Running Sum of Profit along Day of Order Date,March,Q1,"1,952.7494"
"March 11, 2020",Profit for Month,March,Q1,"14,751.8915"
"March 11, 2020",Max Monthly Profit in Year,March,Q1,"14,751.8915"
"March 11, 2020",Actual Profit,March,Q1,224.6984
"March 11, 2020",Running Sum of Actual Profit along Table (Down),March,Q1,"10,707.0605"
"March 12, 2020",Profit,March,Q1,60.474
"March 12, 2020",Running Sum of Profit along Day of Order Date,March,Q1,"2,013.2234"
"March 12, 2020",Profit for Month,March,Q1,"14,751.8915"
"March 12, 2020",Max Monthly Profit in Year,March,Q1,"14,751.8915"
"March 12, 2020",Actual Profit,March,Q1,60.474
"March 12, 2020",Running Sum of Actual Profit along Table (Down),March,Q1,"10,767.5345"
"March 13, 2020",Profit,March,Q1,827.2756
"March 13, 2020",Running Sum of Profit along Day of Order Date,March,Q1,"2,840.499"
"March 13, 2020",Profit for Month,March,Q1,"14,751.8915"
"March 13, 2020",Max Monthly Profit in Year,March,Q1,"14,751.8915"
"March 13, 2020",Actual Profit,March,Q1,827.2756
"March 13, 2020",Running Sum of Actual Profit along Table (Down),March,Q1,"11,594.8101"
"March 14, 2020",Profit,March,Q1,4.9616
"March 14, 2020",Running Sum of Profit along Day of Order Date,March,Q1,"2,845.4606"
"March 14, 2020",Profit for Month,March,Q1,"14,751.8915"
"March 14, 2020",Max Monthly Profit in Year,March,Q1,"14,751.8915"
"March 14, 2020",Actual Profit,March,Q1,4.9616
"March 14, 2020",Running Sum of Actual Profit along Table (Down),March,Q1,"11,599.7717"
"March 15, 2020",Profit,March,Q1,
"March 15, 2020",Running Sum of Profit along Day of Order Date,March,Q1,"2,845.4606"
"March 15, 2020",Profit for Month,March,Q1,
"March 15, 2020",Max Monthly Profit in Year,March,Q1,
"March 15, 2020",Actual Profit,March,Q1,0
"March 15, 2020",Running Sum of Actual Profit along Table (Down),March,Q1,"11,599.7717"
"March 16, 2020",Profit,March,Q1,182.3025
"March 16, 2020",Running Sum of Profit along Day of Order Date,March,Q1,"3,027.7631"
"March 16, 2020",Profit for Month,March,Q1,"14,751.8915"
"March 16, 2020",Max Monthly Profit in Year,March,Q1,"14,751.8915"
"March 16, 2020",Actual Profit,March,Q1,182.3025
"March 16, 2020",Running Sum of Actual Profit along Table (Down),March,Q1,"11,782.0742"
"March 17, 2020",Profit,March,Q1,129.7274
"March 17, 2020",Running Sum of Profit along Day of Order Date,March,Q1,"3,157.4905"
"March 17, 2020",Profit for Month,March,Q1,"14,751.8915"
"March 17, 2020",Max Monthly Profit in Year,March,Q1,"14,751.8915"
"March 17, 2020",Actual Profit,March,Q1,129.7274
"March 17, 2020",Running Sum of Actual Profit along Table (Down),March,Q1,"11,911.8016"
"March 18, 2020",Profit,March,Q1,-250.1181
"March 18, 2020",Running Sum of Profit along Day of Order Date,March,Q1,"2,907.3724"
"March 18, 2020",Profit for Month,March,Q1,"14,751.8915"
"March 18, 2020",Max Monthly Profit in Year,March,Q1,"14,751.8915"
"March 18, 2020",Actual Profit,March,Q1,-250.1181
"March 18, 2020",Running Sum of Actual Profit along Table (Down),March,Q1,"11,661.6835"
"March 19, 2020",Profit,March,Q1,130.4093
"March 19, 2020",Running Sum of Profit along Day of Order Date,March,Q1,"3,037.7817"
"March 19, 2020",Profit for Month,March,Q1,"14,751.8915"
"March 19, 2020",Max Monthly Profit in Year,March,Q1,"14,751.8915"
"March 19, 2020",Actual Profit,March,Q1,130.4093
"March 19, 2020",Running Sum of Actual Profit along Table (Down),March,Q1,"11,792.0928"
"March 20, 2020",Profit,March,Q1,253.0645
"March 20, 2020",Running Sum of Profit along Day of Order Date,March,Q1,"3,290.8462"
"March 20, 2020",Profit for Month,March,Q1,"14,751.8915"
"March 20, 2020",Max Monthly Profit in Year,March,Q1,"14,751.8915"
"March 20, 2020",Actual Profit,March,Q1,253.0645
"March 20, 2020",Running Sum of Actual Profit along Table (Down),March,Q1,"12,045.1573"
"March 21, 2020",Profit,March,Q1,912.2596
"March 21, 2020",Running Sum of Profit along Day of Order Date,March,Q1,"4,203.1058"
"March 21, 2020",Profit for Month,March,Q1,"14,751.8915"
"March 21, 2020",Max Monthly Profit in Year,March,Q1,"14,751.8915"
"March 21, 2020",Actual Profit,March,Q1,912.2596
"March 21, 2020",Running Sum of Actual Profit along Table (Down),March,Q1,"12,957.4169"
"March 22, 2020",Profit,March,Q1,
"March 22, 2020",Running Sum of Profit along Day of Order Date,March,Q1,"4,203.1058"
"March 22, 2020",Profit for Month,March,Q1,
"March 22, 2020",Max Monthly Profit in Year,March,Q1,
"March 22, 2020",Actual Profit,March,Q1,0
"March 22, 2020",Running Sum of Actual Profit along Table (Down),March,Q1,"12,957.4169"
"March 23, 2020",Profit,March,Q1,"6,818.6276"
"March 23, 2020",Running Sum of Profit along Day of Order Date,March,Q1,"11,021.7334"
"March 23, 2020",Profit for Month,March,Q1,"14,751.8915"
"March 23, 2020",Max Monthly Profit in Year,March,Q1,"14,751.8915"
"March 23, 2020",Actual Profit,March,Q1,"6,818.6276"
"March 23, 2020",Running Sum of Actual Profit along Table (Down),March,Q1,"19,776.0445"
"March 24, 2020",Profit,March,Q1,340.2724
"March 24, 2020",Running Sum of Profit along Day of Order Date,March,Q1,"11,362.0058"
"March 24, 2020",Profit for Month,March,Q1,"14,751.8915"
"March 24, 2020",Max Monthly Profit in Year,March,Q1,"14,751.8915"
"March 24, 2020",Actual Profit,March,Q1,340.2724
"March 24, 2020",Running Sum of Actual Profit along Table (Down),March,Q1,"20,116.3169"
"March 25, 2020",Profit,March,Q1,730.5126
"March 25, 2020",Running Sum of Profit along Day of Order Date,March,Q1,"12,092.5184"
"March 25, 2020",Profit for Month,March,Q1,"14,751.8915"
"March 25, 2020",Max Monthly Profit in Year,March,Q1,"14,751.8915"
"March 25, 2020",Actual Profit,March,Q1,730.5126
"March 25, 2020",Running Sum of Actual Profit along Table (Down),March,Q1,"20,846.8295"
"March 26, 2020",Profit,March,Q1,426.5697
"March 26, 2020",Running Sum of Profit along Day of Order Date,March,Q1,"12,519.0881"
"March 26, 2020",Profit for Month,March,Q1,"14,751.8915"
"March 26, 2020",Max Monthly Profit in Year,March,Q1,"14,751.8915"
"March 26, 2020",Actual Profit,March,Q1,426.5697
"March 26, 2020",Running Sum of Actual Profit along Table (Down),March,Q1,"21,273.3992"
"March 27, 2020",Profit,March,Q1,128.5232
"March 27, 2020",Running Sum of Profit along Day of Order Date,March,Q1,"12,647.6113"
"March 27, 2020",Profit for Month,March,Q1,"14,751.8915"
"March 27, 2020",Max Monthly Profit in Year,March,Q1,"14,751.8915"
"March 27, 2020",Actual Profit,March,Q1,128.5232
"March 27, 2020",Running Sum of Actual Profit along Table (Down),March,Q1,"21,401.9224"
"March 28, 2020",Profit,March,Q1,58.8642
"March 28, 2020",Running Sum of Profit along Day of Order Date,March,Q1,"12,706.4755"
"March 28, 2020",Profit for Month,March,Q1,"14,751.8915"
"March 28, 2020",Max Monthly Profit in Year,March,Q1,"14,751.8915"
"March 28, 2020",Actual Profit,March,Q1,58.8642
"March 28, 2020",Running Sum of Actual Profit along Table (Down),March,Q1,"21,460.7866"
"March 29, 2020",Profit,March,Q1,21.164
"March 29, 2020",Running Sum of Profit along Day of Order Date,March,Q1,"12,727.6395"
"March 29, 2020",Profit for Month,March,Q1,"14,751.8915"
"March 29, 2020",Max Monthly Profit in Year,March,Q1,"14,751.8915"
"March 29, 2020",Actual Profit,March,Q1,21.164
"March 29, 2020",Running Sum of Actual Profit along Table (Down),March,Q1,"21,481.9506"
"March 30, 2020",Profit,March,Q1,222.0362
"March 30, 2020",Running Sum of Profit along Day of Order Date,March,Q1,"12,949.6757"
"March 30, 2020",Profit for Month,March,Q1,"14,751.8915"
"March 30, 2020",Max Monthly Profit in Year,March,Q1,"14,751.8915"
"March 30, 2020",Actual Profit,March,Q1,222.0362
"March 30, 2020",Running Sum of Actual Profit along Table (Down),March,Q1,"21,703.9868"
"March 31, 2020",Profit,March,Q1,"1,802.2158"
"March 31, 2020",Running Sum of Profit along Day of Order Date,March,Q1,"14,751.8915"
"March 31, 2020",Profit for Month,March,Q1,"14,751.8915"
"March 31, 2020",Max Monthly Profit in Year,March,Q1,"14,751.8915"
"March 31, 2020",Actual Profit,March,Q1,"1,802.2158"
"March 31, 2020",Running Sum of Actual Profit along Table (Down),March,Q1,"23,506.2026"
All,Profit,March,Q1,"14,751.8915"
All,Running Sum of Profit along Day of Order Date,March,Q1,"14,751.8915"
All,Profit for Month,March,Q1,"14,751.8915"
All,Max Monthly Profit in Year,March,Q1,"14,751.8915"
All,Actual Profit,March,Q1,"14,751.8915"
All,Running Sum of Actual Profit along Table (Down),March,Q1,"23,506.2026"
"April 1, 2020",Profit,April,Q2,542.9408
"April 1, 2020",Running Sum of Profit along Day of Order Date,April,Q2,542.9408
"April 1, 2020",Profit for Month,April,Q2,933.290000000
"April 1, 2020",Max Monthly Profit in Year,April,Q2,"14,751.8915"
"April 1, 2020",Actual Profit,April,Q2,542.9408
"April 1, 2020",Running Sum of Actual Profit along Table (Down),April,Q2,"24,049.1434"
"April 2, 2020",Profit,April,Q2,215.8982
"April 2, 2020",Running Sum of Profit along Day of Order Date,April,Q2,758.839000000
"April 2, 2020",Profit for Month,April,Q2,933.290000000
"April 2, 2020",Max Monthly Profit in Year,April,Q2,"14,751.8915"
"April 2, 2020",Actual Profit,April,Q2,215.8982
"April 2, 2020",Running Sum of Actual Profit along Table (Down),April,Q2,"24,265.0416"
"April 3, 2020",Profit,April,Q2,9.8466
"April 3, 2020",Running Sum of Profit along Day of Order Date,April,Q2,768.685600000
"April 3, 2020",Profit for Month,April,Q2,933.290000000
"April 3, 2020",Max Monthly Profit in Year,April,Q2,"14,751.8915"
"April 3, 2020",Actual Profit,April,Q2,9.8466
"April 3, 2020",Running Sum of Actual Profit along Table (Down),April,Q2,"24,274.8882"
"April 4, 2020",Profit,April,Q2,110.1777
"April 4, 2020",Running Sum of Profit along Day of Order Date,April,Q2,878.8633
"April 4, 2020",Profit for Month,April,Q2,933.290000000
"April 4, 2020",Max Monthly Profit in Year,April,Q2,"14,751.8915"
"April 4, 2020",Actual Profit,April,Q2,110.1777
"April 4, 2020",Running Sum of Actual Profit along Table (Down),April,Q2,"24,385.0659"
"April 5, 2020",Profit,April,Q2,
"April 5, 2020",Running Sum of Profit along Day of Order Date,April,Q2,878.8633
"April 5, 2020",Profit for Month,April,Q2,
"April 5, 2020",Max Monthly Profit in Year,April,Q2,
"April 5, 2020",Actual Profit,April,Q2,0
"April 5, 2020",Running Sum of Actual Profit along Table (Down),April,Q2,"24,385.0659"
"April 6, 2020",Profit,April,Q2,44.0304
"April 6, 2020",Running Sum of Profit along Day of Order Date,April,Q2,922.8937
"April 6, 2020",Profit for Month,April,Q2,933.290000000
"April 6, 2020",Max Monthly Profit in Year,April,Q2,"14,751.8915"
"April 6, 2020",Actual Profit,April,Q2,44.0304
"April 6, 2020",Running Sum of Actual Profit along Table (Down),April,Q2,"24,429.0963"
"April 7, 2020",Profit,April,Q2,-341.1727
"April 7, 2020",Running Sum of Profit along Day of Order Date,April,Q2,581.721
"April 7, 2020",Profit for Month,April,Q2,933.290000000
"April 7, 2020",Max Monthly Profit in Year,April,Q2,"14,751.8915"
"April 7, 2020",Actual Profit,April,Q2,-341.1727
"April 7, 2020",Running Sum of Actual Profit along Table (Down),April,Q2,"24,087.9236"
"April 8, 2020",Profit,April,Q2,"2,276.8183"
"April 8, 2020",Running Sum of Profit along Day of Order Date,April,Q2,"2,858.5393"
"April 8, 2020",Profit for Month,April,Q2,933.290000000
"April 8, 2020",Max Monthly Profit in Year,April,Q2,"14,751.8915"
"April 8, 2020",Actual Profit,April,Q2,"2,276.8183"
"April 8, 2020",Running Sum of Actual Profit along Table (Down),April,Q2,"26,364.7419"
"April 9, 2020",Profit,April,Q2,411.2821
"April 9, 2020",Running Sum of Profit along Day of Order Date,April,Q2,"3,269.8214"
"April 9, 2020",Profit for Month,April,Q2,933.290000000
"April 9, 2020",Max Monthly Profit in Year,April,Q2,"14,751.8915"
"April 9, 2020",Actual Profit,April,Q2,411.2821
"April 9, 2020",Running Sum of Actual Profit along Table (Down),April,Q2,"26,776.024"
"April 10, 2020",Profit,April,Q2,171.7842
"April 10, 2020",Running Sum of Profit along Day of Order Date,April,Q2,"3,441.6056"
"April 10, 2020",Profit for Month,April,Q2,933.290000000
"April 10, 2020",Max Monthly Profit in Year,April,Q2,"14,751.8915"
"April 10, 2020",Actual Profit,April,Q2,171.7842
"April 10, 2020",Running Sum of Actual Profit along Table (Down),April,Q2,"26,947.8082"
"April 11, 2020",Profit,April,Q2,18.417
"April 11, 2020",Running Sum of Profit along Day of Order Date,April,Q2,"3,460.0226"
"April 11, 2020",Profit for Month,April,Q2,933.290000000
"April 11, 2020",Max Monthly Profit in Year,April,Q2,"14,751.8915"
"April 11, 2020",Actual Profit,April,Q2,18.417
"April 11, 2020",Running Sum of Actual Profit along Table (Down),April,Q2,"26,966.2252"
"April 12, 2020",Profit,April,Q2,31.347
"April 12, 2020",Running Sum of Profit along Day of Order Date,April,Q2,"3,491.3696"
"April 12, 2020",Profit for Month,April,Q2,933.290000000
"April 12, 2020",Max Monthly Profit in Year,April,Q2,"14,751.8915"
"April 12, 2020",Actual Profit,April,Q2,31.347
"April 12, 2020",Running Sum of Actual Profit along Table (Down),April,Q2,"26,997.5722"
"April 13, 2020",Profit,April,Q2,268.2204
"April 13, 2020",Running Sum of Profit along Day of Order Date,April,Q2,"3,759.59"
"April 13, 2020",Profit for Month,April,Q2,933.290000000
"April 13, 2020",Max Monthly Profit in Year,April,Q2,"14,751.8915"
"April 13, 2020",Actual Profit,April,Q2,268.2204
"April 13, 2020",Running Sum of Actual Profit along Table (Down),April,Q2,"27,265.7926"
"April 14, 2020",Profit,April,Q2,33.6005
"April 14, 2020",Running Sum of Profit along Day of Order Date,April,Q2,"3,793.1905"
"April 14, 2020",Profit for Month,April,Q2,933.290000000
"April 14, 2020",Max Monthly Profit in Year,April,Q2,"14,751.8915"
"April 14, 2020",Actual Profit,April,Q2,33.6005
"April 14, 2020",Running Sum of Actual Profit along Table (Down),April,Q2,"27,299.3931"
"April 15, 2020",Profit,April,Q2,109.8951
"April 15, 2020",Running Sum of Profit along Day of Order Date,April,Q2,"3,903.0856"
"April 15, 2020",Profit for Month,April,Q2,933.290000000
"April 15, 2020",Max Monthly Profit in Year,April,Q2,"14,751.8915"
"April 15, 2020",Actual Profit,April,Q2,109.8951
"April 15, 2020",Running Sum of Actual Profit along Table (Down),April,Q2,"27,409.2882"
"April 16, 2020",Profit,April,Q2,-45.439
"April 16, 2020",Running Sum of Profit along Day of Order Date,April,Q2,"3,857.6466"
"April 16, 2020",Profit for Month,April,Q2,933.290000000
"April 16, 2020",Max Monthly Profit in Year,April,Q2,"14,751.8915"
"April 16, 2020",Actual Profit,April,Q2,-45.439
"April 16, 2020",Running Sum of Actual Profit along Table (Down),April,Q2,"27,363.8492"
"April 17, 2020",Profit,April,Q2,"-3,403.495"
"April 17, 2020",Running Sum of Profit along Day of Order Date,April,Q2,454.151600000
"April 17, 2020",Profit for Month,April,Q2,933.290000000
"April 17, 2020",Max Monthly Profit in Year,April,Q2,"14,751.8915"
"April 17, 2020",Actual Profit,April,Q2,"-3,403.495"
"April 17, 2020",Running Sum of Actual Profit along Table (Down),April,Q2,"23,960.3542"
"April 18, 2020",Profit,April,Q2,
"April 18, 2020",Running Sum of Profit along Day of Order Date,April,Q2,454.151600000
"April 18, 2020",Profit for Month,April,Q2,
"April 18, 2020",Max Monthly Profit in Year,April,Q2,
"April 18, 2020",Actual Profit,April,Q2,0
"April 18, 2020",Running Sum of Actual Profit along Table (Down),April,Q2,"23,960.3542"
"April 19, 2020",Profit,April,Q2,
"April 19, 2020",Running Sum of Profit along Day of Order Date,April,Q2,454.151600000
"April 19, 2020",Profit for Month,April,Q2,
"April 19, 2020",Max Monthly Profit in Year,April,Q2,
"April 19, 2020",Actual Profit,April,Q2,0
"April 19, 2020",Running Sum of Actual Profit along Table (Down),April,Q2,"23,960.3542"
"April 20, 2020",Profit,April,Q2,22.754300000
"April 20, 2020",Running Sum of Profit along Day of Order Date,April,Q2,476.905900000
"April 20, 2020",Profit for Month,April,Q2,933.290000000
"April 20, 2020",Max Monthly Profit in Year,April,Q2,"14,751.8915"
"April 20, 2020",Actual Profit,April,Q2,22.754300000
"April 20, 2020",Running Sum of Actual Profit along Table (Down),April,Q2,"23,983.1085"
"April 21, 2020",Profit,April,Q2,27.604100000
"April 21, 2020",Running Sum of Profit along Day of Order Date,April,Q2,504.510000000
"April 21, 2020",Profit for Month,April,Q2,933.290000000
"April 21, 2020",Max Monthly Profit in Year,April,Q2,"14,751.8915"
"April 21, 2020",Actual Profit,April,Q2,27.604100000
"April 21, 2020",Running Sum of Actual Profit along Table (Down),April,Q2,"24,010.7126"
"April 22, 2020",Profit,April,Q2,93.973
"April 22, 2020",Running Sum of Profit along Day of Order Date,April,Q2,598.483000000
"April 22, 2020",Profit for Month,April,Q2,933.290000000
"April 22, 2020",Max Monthly Profit in Year,April,Q2,"14,751.8915"
"April 22, 2020",Actual Profit,April,Q2,93.973
"April 22, 2020",Running Sum of Actual Profit along Table (Down),April,Q2,"24,104.6856"
"April 23, 2020",Profit,April,Q2,199.3172
"April 23, 2020",Running Sum of Profit along Day of Order Date,April,Q2,797.800200000
"April 23, 2020",Profit for Month,April,Q2,933.290000000
"April 23, 2020",Max Monthly Profit in Year,April,Q2,"14,751.8915"
"April 23, 2020",Actual Profit,April,Q2,199.3172
"April 23, 2020",Running Sum of Actual Profit along Table (Down),April,Q2,"24,304.0028"
"April 24, 2020",Profit,April,Q2,-12.0361
"April 24, 2020",Running Sum of Profit along Day of Order Date,April,Q2,785.764100000
"April 24, 2020",Profit for Month,April,Q2,933.290000000
"April 24, 2020",Max Monthly Profit in Year,April,Q2,"14,751.8915"
"April 24, 2020",Actual Profit,April,Q2,-12.0361
"April 24, 2020",Running Sum of Actual Profit along Table (Down),April,Q2,"24,291.9667"
"April 25, 2020",Profit,April,Q2,104.5849
"April 25, 2020",Running Sum of Profit along Day of Order Date,April,Q2,890.349000000
"April 25, 2020",Profit for Month,April,Q2,933.290000000
"April 25, 2020",Max Monthly Profit in Year,April,Q2,"14,751.8915"
"April 25, 2020",Actual Profit,April,Q2,104.5849
"April 25, 2020",Running Sum of Actual Profit along Table (Down),April,Q2,"24,396.5516"
"April 26, 2020",Profit,April,Q2,27.1623
"April 26, 2020",Running Sum of Profit along Day of Order Date,April,Q2,917.511300000
"April 26, 2020",Profit for Month,April,Q2,933.290000000
"April 26, 2020",Max Monthly Profit in Year,April,Q2,"14,751.8915"
"April 26, 2020",Actual Profit,April,Q2,27.1623
"April 26, 2020",Running Sum of Actual Profit along Table (Down),April,Q2,"24,423.7139"
"April 27, 2020",Profit,April,Q2,60.0206
"April 27, 2020",Running Sum of Profit along Day of Order Date,April,Q2,977.531900000
"April 27, 2020",Profit for Month,April,Q2,933.290000000
"April 27, 2020",Max Monthly Profit in Year,April,Q2,"14,751.8915"
"April 27, 2020",Actual Profit,April,Q2,60.0206
"April 27, 2020",Running Sum of Actual Profit along Table (Down),April,Q2,"24,483.7345"
"April 28, 2020",Profit,April,Q2,91.367200000
"April 28, 2020",Running Sum of Profit along Day of Order Date,April,Q2,"1,068.8991"
"April 28, 2020",Profit for Month,April,Q2,933.290000000
"April 28, 2020",Max Monthly Profit in Year,April,Q2,"14,751.8915"
"April 28, 2020",Actual Profit,April,Q2,91.367200000
"April 28, 2020",Running Sum of Actual Profit along Table (Down),April,Q2,"24,575.1017"
"April 29, 2020",Profit,April,Q2,-67.4841
"April 29, 2020",Running Sum of Profit along Day of Order Date,April,Q2,"1,001.415"
"April 29, 2020",Profit for Month,April,Q2,933.290000000
"April 29, 2020",Max Monthly Profit in Year,April,Q2,"14,751.8915"
"April 29, 2020",Actual Profit,April,Q2,-67.4841
"April 29, 2020",Running Sum of Actual Profit along Table (Down),April,Q2,"24,507.6176"
"April 30, 2020",Profit,April,Q2,-68.125
"April 30, 2020",Running Sum of Profit along Day of Order Date,April,Q2,933.290000000
"April 30, 2020",Profit for Month,April,Q2,933.290000000
"April 30, 2020",Max Monthly Profit in Year,April,Q2,"14,751.8915"
"April 30, 2020",Actual Profit,April,Q2,-68.125
"April 30, 2020",Running Sum of Actual Profit along Table (Down),April,Q2,"24,439.4926"
All,Profit,April,Q2,933.290000000
All,Running Sum of Profit along Day of Order Date,April,Q2,933.290000000
All,Profit for Month,April,Q2,933.290000000
All,Max Monthly Profit in Year,April,Q2,"14,751.8915"
All,Actual Profit,April,Q2,933.290000000
All,Running Sum of Actual Profit along Table (Down),April,Q2,"24,439.4926"
"May 1, 2020",Profit,May,Q2,-453.8578
"May 1, 2020",Running Sum of Profit along Day of Order Date,May,Q2,-453.8578
"May 1, 2020",Profit for Month,May,Q2,"6,342.5828"
"May 1, 2020",Max Monthly Profit in Year,May,Q2,"14,751.8915"
"May 1, 2020",Actual Profit,May,Q2,-453.8578
"May 1, 2020",Running Sum of Actual Profit along Table (Down),May,Q2,"23,985.6348"
"May 2, 2020",Profit,May,Q2,110.3944
"May 2, 2020",Running Sum of Profit along Day of Order Date,May,Q2,-343.4634
"May 2, 2020",Profit for Month,May,Q2,"6,342.5828"
"May 2, 2020",Max Monthly Profit in Year,May,Q2,"14,751.8915"
"May 2, 2020",Actual Profit,May,Q2,110.3944
"May 2, 2020",Running Sum of Actual Profit along Table (Down),May,Q2,"24,096.0292"
"May 3, 2020",Profit,May,Q2,-80.1002
"May 3, 2020",Running Sum of Profit along Day of Order Date,May,Q2,-423.5636
"May 3, 2020",Profit for Month,May,Q2,"6,342.5828"
"May 3, 2020",Max Monthly Profit in Year,May,Q2,"14,751.8915"
"May 3, 2020",Actual Profit,May,Q2,-80.1002
"May 3, 2020",Running Sum of Actual Profit along Table (Down),May,Q2,"24,015.929"
"May 4, 2020",Profit,May,Q2,292.3293
"May 4, 2020",Running Sum of Profit along Day of Order Date,May,Q2,-131.2343
"May 4, 2020",Profit for Month,May,Q2,"6,342.5828"
"May 4, 2020",Max Monthly Profit in Year,May,Q2,"14,751.8915"
"May 4, 2020",Actual Profit,May,Q2,292.3293
"May 4, 2020",Running Sum of Actual Profit along Table (Down),May,Q2,"24,308.2583"
"May 5, 2020",Profit,May,Q2,-122.5625
"May 5, 2020",Running Sum of Profit along Day of Order Date,May,Q2,-253.7968
"May 5, 2020",Profit for Month,May,Q2,"6,342.5828"
"May 5, 2020",Max Monthly Profit in Year,May,Q2,"14,751.8915"
"May 5, 2020",Actual Profit,May,Q2,-122.5625
"May 5, 2020",Running Sum of Actual Profit along Table (Down),May,Q2,"24,185.6958"
"May 6, 2020",Profit,May,Q2,84.194800000
"May 6, 2020",Running Sum of Profit along Day of Order Date,May,Q2,-169.602
"May 6, 2020",Profit for Month,May,Q2,"6,342.5828"
"May 6, 2020",Max Monthly Profit in Year,May,Q2,"14,751.8915"
"May 6, 2020",Actual Profit,May,Q2,84.194800000
"May 6, 2020",Running Sum of Actual Profit along Table (Down),May,Q2,"24,269.8906"
"May 7, 2020",Profit,May,Q2,649.4175
"May 7, 2020",Running Sum of Profit along Day of Order Date,May,Q2,479.8155
"May 7, 2020",Profit for Month,May,Q2,"6,342.5828"
"May 7, 2020",Max Monthly Profit in Year,May,Q2,"14,751.8915"
"May 7, 2020",Actual Profit,May,Q2,649.4175
"May 7, 2020",Running Sum of Actual Profit along Table (Down),May,Q2,"24,919.3081"
"May 8, 2020",Profit,May,Q2,"1,061.3636"
"May 8, 2020",Running Sum of Profit along Day of Order Date,May,Q2,"1,541.1791"
"May 8, 2020",Profit for Month,May,Q2,"6,342.5828"
"May 8, 2020",Max Monthly Profit in Year,May,Q2,"14,751.8915"
"May 8, 2020",Actual Profit,May,Q2,"1,061.3636"
"May 8, 2020",Running Sum of Actual Profit along Table (Down),May,Q2,"25,980.6717"
"May 9, 2020",Profit,May,Q2,273.9624
"May 9, 2020",Running Sum of Profit along Day of Order Date,May,Q2,"1,815.1415"
"May 9, 2020",Profit for Month,May,Q2,"6,342.5828"
"May 9, 2020",Max Monthly Profit in Year,May,Q2,"14,751.8915"
"May 9, 2020",Actual Profit,May,Q2,273.9624
"May 9, 2020",Running Sum of Actual Profit along Table (Down),May,Q2,"26,254.6341"
"May 10, 2020",Profit,May,Q2,
"May 10, 2020",Running Sum of Profit along Day of Order Date,May,Q2,"1,815.1415"
"May 10, 2020",Profit for Month,May,Q2,
"May 10, 2020",Max Monthly Profit in Year,May,Q2,
"May 10, 2020",Actual Profit,May,Q2,0
"May 10, 2020",Running Sum of Actual Profit along Table (Down),May,Q2,"26,254.6341"
"May 11, 2020",Profit,May,Q2,-319.4249
"May 11, 2020",Running Sum of Profit along Day of Order Date,May,Q2,"1,495.7166"
"May 11, 2020",Profit for Month,May,Q2,"6,342.5828"
"May 11, 2020",Max Monthly Profit in Year,May,Q2,"14,751.8915"
"May 11, 2020",Actual Profit,May,Q2,-319.4249
"May 11, 2020",Running Sum of Actual Profit along Table (Down),May,Q2,"25,935.2092"
"May 12, 2020",Profit,May,Q2,36.531000000
"May 12, 2020",Running Sum of Profit along Day of Order Date,May,Q2,"1,532.2476"
"May 12, 2020",Profit for Month,May,Q2,"6,342.5828"
"May 12, 2020",Max Monthly Profit in Year,May,Q2,"14,751.8915"
"May 12, 2020",Actual Profit,May,Q2,36.531000000
"May 12, 2020",Running Sum of Actual Profit along Table (Down),May,Q2,"25,971.7402"
"May 13, 2020",Profit,May,Q2,809.8532
"May 13, 2020",Running Sum of Profit along Day of Order Date,May,Q2,"2,342.1008"
"May 13, 2020",Profit for Month,May,Q2,"6,342.5828"
"May 13, 2020",Max Monthly Profit in Year,May,Q2,"14,751.8915"
"May 13, 2020",Actual Profit,May,Q2,809.8532
"May 13, 2020",Running Sum of Actual Profit along Table (Down),May,Q2,"26,781.5934"
"May 14, 2020",Profit,May,Q2,"1,077.8878"
"May 14, 2020",Running Sum of Profit along Day of Order Date,May,Q2,"3,419.9886"
"May 14, 2020",Profit for Month,May,Q2,"6,342.5828"
"May 14, 2020",Max Monthly Profit in Year,May,Q2,"14,751.8915"
"May 14, 2020",Actual Profit,May,Q2,"1,077.8878"
"May 14, 2020",Running Sum of Actual Profit along Table (Down),May,Q2,"27,859.4812"
"May 15, 2020",Profit,May,Q2,73.9747
"May 15, 2020",Running Sum of Profit along Day of Order Date,May,Q2,"3,493.9633"
"May 15, 2020",Profit for Month,May,Q2,"6,342.5828"
"May 15, 2020",Max Monthly Profit in Year,May,Q2,"14,751.8915"
"May 15, 2020",Actual Profit,May,Q2,73.9747
"May 15, 2020",Running Sum of Actual Profit along Table (Down),May,Q2,"27,933.4559"
"May 16, 2020",Profit,May,Q2,-55.256
"May 16, 2020",Running Sum of Profit along Day of Order Date,May,Q2,"3,438.7073"
"May 16, 2020",Profit for Month,May,Q2,"6,342.5828"
"May 16, 2020",Max Monthly Profit in Year,May,Q2,"14,751.8915"
"May 16, 2020",Actual Profit,May,Q2,-55.256
"May 16, 2020",Running Sum of Actual Profit along Table (Down),May,Q2,"27,878.1999"
"May 17, 2020",Profit,May,Q2,
"May 17, 2020",Running Sum of Profit along Day of Order Date,May,Q2,"3,438.7073"
"May 17, 2020",Profit for Month,May,Q2,
"May 17, 2020",Max Monthly Profit in Year,May,Q2,
"May 17, 2020",Actual Profit,May,Q2,0
"May 17, 2020",Running Sum of Actual Profit along Table (Down),May,Q2,"27,878.1999"
"May 18, 2020",Profit,May,Q2,407.8936
"May 18, 2020",Running Sum of Profit along Day of Order Date,May,Q2,"3,846.6009"
"May 18, 2020",Profit for Month,May,Q2,"6,342.5828"
"May 18, 2020",Max Monthly Profit in Year,May,Q2,"14,751.8915"
"May 18, 2020",Actual Profit,May,Q2,407.8936
"May 18, 2020",Running Sum of Actual Profit along Table (Down),May,Q2,"28,286.0935"
"May 19, 2020",Profit,May,Q2,"1,171.7753"
"May 19, 2020",Running Sum of Profit along Day of Order Date,May,Q2,"5,018.3762"
"May 19, 2020",Profit for Month,May,Q2,"6,342.5828"
"May 19, 2020",Max Monthly Profit in Year,May,Q2,"14,751.8915"
"May 19, 2020",Actual Profit,May,Q2,"1,171.7753"
"May 19, 2020",Running Sum of Actual Profit along Table (Down),May,Q2,"29,457.8688"
"May 20, 2020",Profit,May,Q2,273.2104
"May 20, 2020",Running Sum of Profit along Day of Order Date,May,Q2,"5,291.5866"
"May 20, 2020",Profit for Month,May,Q2,"6,342.5828"
"May 20, 2020",Max Monthly Profit in Year,May,Q2,"14,751.8915"
"May 20, 2020",Actual Profit,May,Q2,273.2104
"May 20, 2020",Running Sum of Actual Profit along Table (Down),May,Q2,"29,731.0792"
"May 21, 2020",Profit,May,Q2,78.0183
"May 21, 2020",Running Sum of Profit along Day of Order Date,May,Q2,"5,369.6049"
"May 21, 2020",Profit for Month,May,Q2,"6,342.5828"
"May 21, 2020",Max Monthly Profit in Year,May,Q2,"14,751.8915"
"May 21, 2020",Actual Profit,May,Q2,78.0183
"May 21, 2020",Running Sum of Actual Profit along Table (Down),May,Q2,"29,809.0975"
"May 22, 2020",Profit,May,Q2,-6.9695
"May 22, 2020",Running Sum of Profit along Day of Order Date,May,Q2,"5,362.6354"
"May 22, 2020",Profit for Month,May,Q2,"6,342.5828"
"May 22, 2020",Max Monthly Profit in Year,May,Q2,"14,751.8915"
"May 22, 2020",Actual Profit,May,Q2,-6.9695
"May 22, 2020",Running Sum of Actual Profit along Table (Down),May,Q2,"29,802.128"
"May 23, 2020",Profit,May,Q2,-66.0777
"May 23, 2020",Running Sum of Profit along Day of Order Date,May,Q2,"5,296.5577"
"May 23, 2020",Profit for Month,May,Q2,"6,342.5828"
"May 23, 2020",Max Monthly Profit in Year,May,Q2,"14,751.8915"
"May 23, 2020",Actual Profit,May,Q2,-66.0777
"May 23, 2020",Running Sum of Actual Profit along Table (Down),May,Q2,"29,736.0503"
"May 24, 2020",Profit,May,Q2,
"May 24, 2020",Running Sum of Profit along Day of Order Date,May,Q2,"5,296.5577"
"May 24, 2020",Profit for Month,May,Q2,
"May 24, 2020",Max Monthly Profit in Year,May,Q2,
"May 24, 2020",Actual Profit,May,Q2,0
"May 24, 2020",Running Sum of Actual Profit along Table (Down),May,Q2,"29,736.0503"
"May 25, 2020",Profit,May,Q2,230.3317
"May 25, 2020",Running Sum of Profit along Day of Order Date,May,Q2,"5,526.8894"
"May 25, 2020",Profit for Month,May,Q2,"6,342.5828"
"May 25, 2020",Max Monthly Profit in Year,May,Q2,"14,751.8915"
"May 25, 2020",Actual Profit,May,Q2,230.3317
"May 25, 2020",Running Sum of Actual Profit along Table (Down),May,Q2,"29,966.382"
"May 26, 2020",Profit,May,Q2,76.4496
"May 26, 2020",Running Sum of Profit along Day of Order Date,May,Q2,"5,603.339"
"May 26, 2020",Profit for Month,May,Q2,"6,342.5828"
"May 26, 2020",Max Monthly Profit in Year,May,Q2,"14,751.8915"
"May 26, 2020",Actual Profit,May,Q2,76.4496
"May 26, 2020",Running Sum of Actual Profit along Table (Down),May,Q2,"30,042.8316"
"May 27, 2020",Profit,May,Q2,384.4578
"May 27, 2020",Running Sum of Profit along Day of Order Date,May,Q2,"5,987.7968"
"May 27, 2020",Profit for Month,May,Q2,"6,342.5828"
"May 27, 2020",Max Monthly Profit in Year,May,Q2,"14,751.8915"
"May 27, 2020",Actual Profit,May,Q2,384.4578
"May 27, 2020",Running Sum of Actual Profit along Table (Down),May,Q2,"30,427.2894"
"May 28, 2020",Profit,May,Q2,169.1964
"May 28, 2020",Running Sum of Profit along Day of Order Date,May,Q2,"6,156.9932"
"May 28, 2020",Profit for Month,May,Q2,"6,342.5828"
"May 28, 2020",Max Monthly Profit in Year,May,Q2,"14,751.8915"
"May 28, 2020",Actual Profit,May,Q2,169.1964
"May 28, 2020",Running Sum of Actual Profit along Table (Down),May,Q2,"30,596.4858"
"May 29, 2020",Profit,May,Q2,110.4299
"May 29, 2020",Running Sum of Profit along Day of Order Date,May,Q2,"6,267.4231"
"May 29, 2020",Profit for Month,May,Q2,"6,342.5828"
"May 29, 2020",Max Monthly Profit in Year,May,Q2,"14,751.8915"
"May 29, 2020",Actual Profit,May,Q2,110.4299
"May 29, 2020",Running Sum of Actual Profit along Table (Down),May,Q2,"30,706.9157"
"May 30, 2020",Profit,May,Q2,75.1597
"May 30, 2020",Running Sum of Profit along Day of Order Date,May,Q2,"6,342.5828"
"May 30, 2020",Profit for Month,May,Q2,"6,342.5828"
"May 30, 2020",Max Monthly Profit in Year,May,Q2,"14,751.8915"
"May 30, 2020",Actual Profit,May,Q2,75.1597
"May 30, 2020",Running Sum of Actual Profit along Table (Down),May,Q2,"30,782.0754"
"May 31, 2020",Profit,May,Q2,
"May 31, 2020",Running Sum of Profit along Day of Order Date,May,Q2,"6,342.5828"
"May 31, 2020",Profit for Month,May,Q2,
"May 31, 2020",Max Monthly Profit in Year,May,Q2,
"May 31, 2020",Actual Profit,May,Q2,0
"May 31, 2020",Running Sum of Actual Profit along Table (Down),May,Q2,"30,782.0754"
All,Profit,May,Q2,"6,342.5828"
All,Running Sum of Profit along Day of Order Date,May,Q2,"6,342.5828"
All,Profit for Month,May,Q2,"6,342.5828"
All,Max Monthly Profit in Year,May,Q2,"14,751.8915"
All,Actual Profit,May,Q2,"6,342.5828"
All,Running Sum of Actual Profit along Table (Down),May,Q2,"30,782.0754"
"June 1, 2020",Profit,June,Q2,"1,295.5061"
"June 1, 2020",Running Sum of Profit along Day of Order Date,June,Q2,"1,295.5061"
"June 1, 2020",Profit for Month,June,Q2,"8,223.3357"
"June 1, 2020",Max Monthly Profit in Year,June,Q2,"14,751.8915"
"June 1, 2020",Actual Profit,June,Q2,"1,295.5061"
"June 1, 2020",Running Sum of Actual Profit along Table (Down),June,Q2,"32,077.5815"
"June 2, 2020",Profit,June,Q2,38.5265
"June 2, 2020",Running Sum of Profit along Day of Order Date,June,Q2,"1,334.0326"
"June 2, 2020",Profit for Month,June,Q2,"8,223.3357"
"June 2, 2020",Max Monthly Profit in Year,June,Q2,"14,751.8915"
"June 2, 2020",Actual Profit,June,Q2,38.5265
"June 2, 2020",Running Sum of Actual Profit along Table (Down),June,Q2,"32,116.108"
"June 3, 2020",Profit,June,Q2,384.1454
"June 3, 2020",Running Sum of Profit along Day of Order Date,June,Q2,"1,718.178"
"June 3, 2020",Profit for Month,June,Q2,"8,223.3357"
"June 3, 2020",Max Monthly Profit in Year,June,Q2,"14,751.8915"
"June 3, 2020",Actual Profit,June,Q2,384.1454
"June 3, 2020",Running Sum of Actual Profit along Table (Down),June,Q2,"32,500.2534"
"June 4, 2020",Profit,June,Q2,66.7452
"June 4, 2020",Running Sum of Profit along Day of Order Date,June,Q2,"1,784.9232"
"June 4, 2020",Profit for Month,June,Q2,"8,223.3357"
"June 4, 2020",Max Monthly Profit in Year,June,Q2,"14,751.8915"
"June 4, 2020",Actual Profit,June,Q2,66.7452
"June 4, 2020",Running Sum of Actual Profit along Table (Down),June,Q2,"32,566.9986"
"June 5, 2020",Profit,June,Q2,60.1749
"June 5, 2020",Running Sum of Profit along Day of Order Date,June,Q2,"1,845.0981"
"June 5, 2020",Profit for Month,June,Q2,"8,223.3357"
"June 5, 2020",Max Monthly Profit in Year,June,Q2,"14,751.8915"
"June 5, 2020",Actual Profit,June,Q2,60.1749
"June 5, 2020",Running Sum of Actual Profit along Table (Down),June,Q2,"32,627.1735"
"June 6, 2020",Profit,June,Q2,2.178
"June 6, 2020",Running Sum of Profit along Day of Order Date,June,Q2,"1,847.2761"
"June 6, 2020",Profit for Month,June,Q2,"8,223.3357"
"June 6, 2020",Max Monthly Profit in Year,June,Q2,"14,751.8915"
"June 6, 2020",Actual Profit,June,Q2,2.178
"June 6, 2020",Running Sum of Actual Profit along Table (Down),June,Q2,"32,629.3515"
"June 7, 2020",Profit,June,Q2,
"June 7, 2020",Running Sum of Profit along Day of Order Date,June,Q2,"1,847.2761"
"June 7, 2020",Profit for Month,June,Q2,
"June 7, 2020",Max Monthly Profit in Year,June,Q2,
"June 7, 2020",Actual Profit,June,Q2,0
"June 7, 2020",Running Sum of Actual Profit along Table (Down),June,Q2,"32,629.3515"
"June 8, 2020",Profit,June,Q2,134.1619
"June 8, 2020",Running Sum of Profit along Day of Order Date,June,Q2,"1,981.438"
"June 8, 2020",Profit for Month,June,Q2,"8,223.3357"
"June 8, 2020",Max Monthly Profit in Year,June,Q2,"14,751.8915"
"June 8, 2020",Actual Profit,June,Q2,134.1619
"June 8, 2020",Running Sum of Actual Profit along Table (Down),June,Q2,"32,763.5134"
"June 9, 2020",Profit,June,Q2,2.227300000
"June 9, 2020",Running Sum of Profit along Day of Order Date,June,Q2,"1,983.6653"
"June 9, 2020",Profit for Month,June,Q2,"8,223.3357"
"June 9, 2020",Max Monthly Profit in Year,June,Q2,"14,751.8915"
"June 9, 2020",Actual Profit,June,Q2,2.227300000
"June 9, 2020",Running Sum of Actual Profit along Table (Down),June,Q2,"32,765.7407"
"June 10, 2020",Profit,June,Q2,186.4923
"June 10, 2020",Running Sum of Profit along Day of Order Date,June,Q2,"2,170.1576"
"June 10, 2020",Profit for Month,June,Q2,"8,223.3357"
"June 10, 2020",Max Monthly Profit in Year,June,Q2,"14,751.8915"
"June 10, 2020",Actual Profit,June,Q2,186.4923
"June 10, 2020",Running Sum of Actual Profit along Table (Down),June,Q2,"32,952.233"
"June 11, 2020",Profit,June,Q2,274.9412
"June 11, 2020",Running Sum of Profit along Day of Order Date,June,Q2,"2,445.0988"
"June 11, 2020",Profit for Month,June,Q2,"8,223.3357"
"June 11, 2020",Max Monthly Profit in Year,June,Q2,"14,751.8915"
"June 11, 2020",Actual Profit,June,Q2,274.9412
"June 11, 2020",Running Sum of Actual Profit along Table (Down),June,Q2,"33,227.1742"
"June 12, 2020",Profit,June,Q2,314.9144
"June 12, 2020",Running Sum of Profit along Day of Order Date,June,Q2,"2,760.0132"
"June 12, 2020",Profit for Month,June,Q2,"8,223.3357"
"June 12, 2020",Max Monthly Profit in Year,June,Q2,"14,751.8915"
"June 12, 2020",Actual Profit,June,Q2,314.9144
"June 12, 2020",Running Sum of Actual Profit along Table (Down),June,Q2,"33,542.0886"
"June 13, 2020",Profit,June,Q2,-95.0222
"June 13, 2020",Running Sum of Profit along Day of Order Date,June,Q2,"2,664.991"
"June 13, 2020",Profit for Month,June,Q2,"8,223.3357"
"June 13, 2020",Max Monthly Profit in Year,June,Q2,"14,751.8915"
"June 13, 2020",Actual Profit,June,Q2,-95.0222
"June 13, 2020",Running Sum of Actual Profit along Table (Down),June,Q2,"33,447.0664"
"June 14, 2020",Profit,June,Q2,
"June 14, 2020",Running Sum of Profit along Day of Order Date,June,Q2,"2,664.991"
"June 14, 2020",Profit for Month,June,Q2,
"June 14, 2020",Max Monthly Profit in Year,June,Q2,
"June 14, 2020",Actual Profit,June,Q2,0
"June 14, 2020",Running Sum of Actual Profit along Table (Down),June,Q2,"33,447.0664"
"June 15, 2020",Profit,June,Q2,404.4218
"June 15, 2020",Running Sum of Profit along Day of Order Date,June,Q2,"3,069.4128"
"June 15, 2020",Profit for Month,June,Q2,"8,223.3357"
"June 15, 2020",Max Monthly Profit in Year,June,Q2,"14,751.8915"
"June 15, 2020",Actual Profit,June,Q2,404.4218
"June 15, 2020",Running Sum of Actual Profit along Table (Down),June,Q2,"33,851.4882"
"June 16, 2020",Profit,June,Q2,521.365
"June 16, 2020",Running Sum of Profit along Day of Order Date,June,Q2,"3,590.7778"
"June 16, 2020",Profit for Month,June,Q2,"8,223.3357"
"June 16, 2020",Max Monthly Profit in Year,June,Q2,"14,751.8915"
"June 16, 2020",Actual Profit,June,Q2,521.365
"June 16, 2020",Running Sum of Actual Profit along Table (Down),June,Q2,"34,372.8532"
"June 17, 2020",Profit,June,Q2,"1,696.4659"
"June 17, 2020",Running Sum of Profit along Day of Order Date,June,Q2,"5,287.2437"
"June 17, 2020",Profit for Month,June,Q2,"8,223.3357"
"June 17, 2020",Max Monthly Profit in Year,June,Q2,"14,751.8915"
"June 17, 2020",Actual Profit,June,Q2,"1,696.4659"
"June 17, 2020",Running Sum of Actual Profit along Table (Down),June,Q2,"36,069.3191"
"June 18, 2020",Profit,June,Q2,117.8799
"June 18, 2020",Running Sum of Profit along Day of Order Date,June,Q2,"5,405.1236"
"June 18, 2020",Profit for Month,June,Q2,"8,223.3357"
"June 18, 2020",Max Monthly Profit in Year,June,Q2,"14,751.8915"
"June 18, 2020",Actual Profit,June,Q2,117.8799
"June 18, 2020",Running Sum of Actual Profit along Table (Down),June,Q2,"36,187.199"
"June 19, 2020",Profit,June,Q2,-22.034600000
"June 19, 2020",Running Sum of Profit along Day of Order Date,June,Q2,"5,383.089"
"June 19, 2020",Profit for Month,June,Q2,"8,223.3357"
"June 19, 2020",Max Monthly Profit in Year,June,Q2,"14,751.8915"
"June 19, 2020",Actual Profit,June,Q2,-22.034600000
"June 19, 2020",Running Sum of Actual Profit along Table (Down),June,Q2,"36,165.1644"
"June 20, 2020",Profit,June,Q2,263.752
"June 20, 2020",Running Sum of Profit along Day of Order Date,June,Q2,"5,646.841"
"June 20, 2020",Profit for Month,June,Q2,"8,223.3357"
"June 20, 2020",Max Monthly Profit in Year,June,Q2,"14,751.8915"
"June 20, 2020",Actual Profit,June,Q2,263.752
"June 20, 2020",Running Sum of Actual Profit along Table (Down),June,Q2,"36,428.9164"
"June 21, 2020",Profit,June,Q2,230.9592
"June 21, 2020",Running Sum of Profit along Day of Order Date,June,Q2,"5,877.8002"
"June 21, 2020",Profit for Month,June,Q2,"8,223.3357"
"June 21, 2020",Max Monthly Profit in Year,June,Q2,"14,751.8915"
"June 21, 2020",Actual Profit,June,Q2,230.9592
"June 21, 2020",Running Sum of Actual Profit along Table (Down),June,Q2,"36,659.8756"
"June 22, 2020",Profit,June,Q2,123.2786
"June 22, 2020",Running Sum of Profit along Day of Order Date,June,Q2,"6,001.0788"
"June 22, 2020",Profit for Month,June,Q2,"8,223.3357"
"June 22, 2020",Max Monthly Profit in Year,June,Q2,"14,751.8915"
"June 22, 2020",Actual Profit,June,Q2,123.2786
"June 22, 2020",Running Sum of Actual Profit along Table (Down),June,Q2,"36,783.1542"
"June 23, 2020",Profit,June,Q2,
"June 23, 2020",Running Sum of Profit along Day of Order Date,June,Q2,"6,001.0788"
"June 23, 2020",Profit for Month,June,Q2,
"June 23, 2020",Max Monthly Profit in Year,June,Q2,
"June 23, 2020",Actual Profit,June,Q2,0
"June 23, 2020",Running Sum of Actual Profit along Table (Down),June,Q2,"36,783.1542"
"June 24, 2020",Profit,June,Q2,-28.523400000
"June 24, 2020",Running Sum of Profit along Day of Order Date,June,Q2,"5,972.5554"
"June 24, 2020",Profit for Month,June,Q2,"8,223.3357"
"June 24, 2020",Max Monthly Profit in Year,June,Q2,"14,751.8915"
"June 24, 2020",Actual Profit,June,Q2,-28.523400000
"June 24, 2020",Running Sum of Actual Profit along Table (Down),June,Q2,"36,754.6308"
"June 25, 2020",Profit,June,Q2,185.0875
"June 25, 2020",Running Sum of Profit along Day of Order Date,June,Q2,"6,157.6429"
"June 25, 2020",Profit for Month,June,Q2,"8,223.3357"
"June 25, 2020",Max Monthly Profit in Year,June,Q2,"14,751.8915"
"June 25, 2020",Actual Profit,June,Q2,185.0875
"June 25, 2020",Running Sum of Actual Profit along Table (Down),June,Q2,"36,939.7183"
"June 26, 2020",Profit,June,Q2,705.2894
"June 26, 2020",Running Sum of Profit along Day of Order Date,June,Q2,"6,862.9323"
"June 26, 2020",Profit for Month,June,Q2,"8,223.3357"
"June 26, 2020",Max Monthly Profit in Year,June,Q2,"14,751.8915"
"June 26, 2020",Actual Profit,June,Q2,705.2894
"June 26, 2020",Running Sum of Actual Profit along Table (Down),June,Q2,"37,645.0077"
"June 27, 2020",Profit,June,Q2,335.5359
"June 27, 2020",Running Sum of Profit along Day of Order Date,June,Q2,"7,198.4682"
"June 27, 2020",Profit for Month,June,Q2,"8,223.3357"
"June 27, 2020",Max Monthly Profit in Year,June,Q2,"14,751.8915"
"June 27, 2020",Actual Profit,June,Q2,335.5359
"June 27, 2020",Running Sum of Actual Profit along Table (Down),June,Q2,"37,980.5436"
"June 28, 2020",Profit,June,Q2,
"June 28, 2020",Running Sum of Profit along Day of Order Date,June,Q2,"7,198.4682"
"June 28, 2020",Profit for Month,June,Q2,
"June 28, 2020",Max Monthly Profit in Year,June,Q2,
"June 28, 2020",Actual Profit,June,Q2,0
"June 28, 2020",Running Sum of Actual Profit along Table (Down),June,Q2,"37,980.5436"
"June 29, 2020",Profit,June,Q2,889.2002
"June 29, 2020",Running Sum of Profit along Day of Order Date,June,Q2,"8,087.6684"
"June 29, 2020",Profit for Month,June,Q2,"8,223.3357"
"June 29, 2020",Max Monthly Profit in Year,June,Q2,"14,751.8915"
"June 29, 2020",Actual Profit,June,Q2,889.2002
"June 29, 2020",Running Sum of Actual Profit along Table (Down),June,Q2,"38,869.7438"
"June 30, 2020",Profit,June,Q2,135.6673
"June 30, 2020",Running Sum of Profit along Day of Order Date,June,Q2,"8,223.3357"
"June 30, 2020",Profit for Month,June,Q2,"8,223.3357"
"June 30, 2020",Max Monthly Profit in Year,June,Q2,"14,751.8915"
"June 30, 2020",Actual Profit,June,Q2,135.6673
"June 30, 2020",Running Sum of Actual Profit along Table (Down),June,Q2,"39,005.4111"
All,Profit,June,Q2,"8,223.3357"
All,Running Sum of Profit along Day of Order Date,June,Q2,"8,223.3357"
All,Profit for Month,June,Q2,"8,223.3357"
All,Max Monthly Profit in Year,June,Q2,"14,751.8915"
All,Actual Profit,June,Q2,"8,223.3357"
All,Running Sum of Actual Profit along Table (Down),June,Q2,"39,005.4111"
"July 1, 2020",Profit,July,Q3,103.9546
"July 1, 2020",Running Sum of Profit along Day of Order Date,July,Q3,103.9546
"July 1, 2020",Profit for Month,July,Q3,"6,952.6212"
"July 1, 2020",Max Monthly Profit in Year,July,Q3,"14,751.8915"
"July 1, 2020",Actual Profit,July,Q3,103.9546
"July 1, 2020",Running Sum of Actual Profit along Table (Down),July,Q3,"39,109.3657"
"July 2, 2020",Profit,July,Q3,51.3259
"July 2, 2020",Running Sum of Profit along Day of Order Date,July,Q3,155.2805
"July 2, 2020",Profit for Month,July,Q3,"6,952.6212"
"July 2, 2020",Max Monthly Profit in Year,July,Q3,"14,751.8915"
"July 2, 2020",Actual Profit,July,Q3,51.3259
"July 2, 2020",Running Sum of Actual Profit along Table (Down),July,Q3,"39,160.6916"
"July 3, 2020",Profit,July,Q3,"1,488.1451"
"July 3, 2020",Running Sum of Profit along Day of Order Date,July,Q3,"1,643.4256"
"July 3, 2020",Profit for Month,July,Q3,"6,952.6212"
"July 3, 2020",Max Monthly Profit in Year,July,Q3,"14,751.8915"
"July 3, 2020",Actual Profit,July,Q3,"1,488.1451"
"July 3, 2020",Running Sum of Actual Profit along Table (Down),July,Q3,"40,648.8367"
"July 4, 2020",Profit,July,Q3,
"July 4, 2020",Running Sum of Profit along Day of Order Date,July,Q3,"1,643.4256"
"July 4, 2020",Profit for Month,July,Q3,
"July 4, 2020",Max Monthly Profit in Year,July,Q3,
"July 4, 2020",Actual Profit,July,Q3,0
"July 4, 2020",Running Sum of Actual Profit along Table (Down),July,Q3,"40,648.8367"
"July 5, 2020",Profit,July,Q3,-337.4099
"July 5, 2020",Running Sum of Profit along Day of Order Date,July,Q3,"1,306.0157"
"July 5, 2020",Profit for Month,July,Q3,"6,952.6212"
"July 5, 2020",Max Monthly Profit in Year,July,Q3,"14,751.8915"
"July 5, 2020",Actual Profit,July,Q3,-337.4099
"July 5, 2020",Running Sum of Actual Profit along Table (Down),July,Q3,"40,311.4268"
"July 6, 2020",Profit,July,Q3,13.7454
"July 6, 2020",Running Sum of Profit along Day of Order Date,July,Q3,"1,319.7611"
"July 6, 2020",Profit for Month,July,Q3,"6,952.6212"
"July 6, 2020",Max Monthly Profit in Year,July,Q3,"14,751.8915"
"July 6, 2020",Actual Profit,July,Q3,13.7454
"July 6, 2020",Running Sum of Actual Profit along Table (Down),July,Q3,"40,325.1722"
"July 7, 2020",Profit,July,Q3,37.402900000
"July 7, 2020",Running Sum of Profit along Day of Order Date,July,Q3,"1,357.164"
"July 7, 2020",Profit for Month,July,Q3,"6,952.6212"
"July 7, 2020",Max Monthly Profit in Year,July,Q3,"14,751.8915"
"July 7, 2020",Actual Profit,July,Q3,37.402900000
"July 7, 2020",Running Sum of Actual Profit along Table (Down),July,Q3,"40,362.5751"
"July 8, 2020",Profit,July,Q3,817.1376
"July 8, 2020",Running Sum of Profit along Day of Order Date,July,Q3,"2,174.3016"
"July 8, 2020",Profit for Month,July,Q3,"6,952.6212"
"July 8, 2020",Max Monthly Profit in Year,July,Q3,"14,751.8915"
"July 8, 2020",Actual Profit,July,Q3,817.1376
"July 8, 2020",Running Sum of Actual Profit along Table (Down),July,Q3,"41,179.7127"
"July 9, 2020",Profit,July,Q3,164.1114
"July 9, 2020",Running Sum of Profit along Day of Order Date,July,Q3,"2,338.413"
"July 9, 2020",Profit for Month,July,Q3,"6,952.6212"
"July 9, 2020",Max Monthly Profit in Year,July,Q3,"14,751.8915"
"July 9, 2020",Actual Profit,July,Q3,164.1114
"July 9, 2020",Running Sum of Actual Profit along Table (Down),July,Q3,"41,343.8241"
"July 10, 2020",Profit,July,Q3,44.925
"July 10, 2020",Running Sum of Profit along Day of Order Date,July,Q3,"2,383.338"
"July 10, 2020",Profit for Month,July,Q3,"6,952.6212"
"July 10, 2020",Max Monthly Profit in Year,July,Q3,"14,751.8915"
"July 10, 2020",Actual Profit,July,Q3,44.925
"July 10, 2020",Running Sum of Actual Profit along Table (Down),July,Q3,"41,388.7491"
"July 11, 2020",Profit,July,Q3,336.1681
"July 11, 2020",Running Sum of Profit along Day of Order Date,July,Q3,"2,719.5061"
"July 11, 2020",Profit for Month,July,Q3,"6,952.6212"
"July 11, 2020",Max Monthly Profit in Year,July,Q3,"14,751.8915"
"July 11, 2020",Actual Profit,July,Q3,336.1681
"July 11, 2020",Running Sum of Actual Profit along Table (Down),July,Q3,"41,724.9172"
"July 12, 2020",Profit,July,Q3,1.1925
"July 12, 2020",Running Sum of Profit along Day of Order Date,July,Q3,"2,720.6986"
"July 12, 2020",Profit for Month,July,Q3,"6,952.6212"
"July 12, 2020",Max Monthly Profit in Year,July,Q3,"14,751.8915"
"July 12, 2020",Actual Profit,July,Q3,1.1925
"July 12, 2020",Running Sum of Actual Profit along Table (Down),July,Q3,"41,726.1097"
"July 13, 2020",Profit,July,Q3,112.0167
"July 13, 2020",Running Sum of Profit along Day of Order Date,July,Q3,"2,832.7153"
"July 13, 2020",Profit for Month,July,Q3,"6,952.6212"
"July 13, 2020",Max Monthly Profit in Year,July,Q3,"14,751.8915"
"July 13, 2020",Actual Profit,July,Q3,112.0167
"July 13, 2020",Running Sum of Actual Profit along Table (Down),July,Q3,"41,838.1264"
"July 14, 2020",Profit,July,Q3,-46.0439
"July 14, 2020",Running Sum of Profit along Day of Order Date,July,Q3,"2,786.6714"
"July 14, 2020",Profit for Month,July,Q3,"6,952.6212"
"July 14, 2020",Max Monthly Profit in Year,July,Q3,"14,751.8915"
"July 14, 2020",Actual Profit,July,Q3,-46.0439
"July 14, 2020",Running Sum of Actual Profit along Table (Down),July,Q3,"41,792.0825"
"July 15, 2020",Profit,July,Q3,285.2052
"July 15, 2020",Running Sum of Profit along Day of Order Date,July,Q3,"3,071.8766"
"July 15, 2020",Profit for Month,July,Q3,"6,952.6212"
"July 15, 2020",Max Monthly Profit in Year,July,Q3,"14,751.8915"
"July 15, 2020",Actual Profit,July,Q3,285.2052
"July 15, 2020",Running Sum of Actual Profit along Table (Down),July,Q3,"42,077.2877"
"July 16, 2020",Profit,July,Q3,15.0374
"July 16, 2020",Running Sum of Profit along Day of Order Date,July,Q3,"3,086.914"
"July 16, 2020",Profit for Month,July,Q3,"6,952.6212"
"July 16, 2020",Max Monthly Profit in Year,July,Q3,"14,751.8915"
"July 16, 2020",Actual Profit,July,Q3,15.0374
"July 16, 2020",Running Sum of Actual Profit along Table (Down),July,Q3,"42,092.3251"
"July 17, 2020",Profit,July,Q3,477.3142
"July 17, 2020",Running Sum of Profit along Day of Order Date,July,Q3,"3,564.2282"
"July 17, 2020",Profit for Month,July,Q3,"6,952.6212"
"July 17, 2020",Max Monthly Profit in Year,July,Q3,"14,751.8915"
"July 17, 2020",Actual Profit,July,Q3,477.3142
"July 17, 2020",Running Sum of Actual Profit along Table (Down),July,Q3,"42,569.6393"
"July 18, 2020",Profit,July,Q3,-425.6398
"July 18, 2020",Running Sum of Profit along Day of Order Date,July,Q3,"3,138.5884"
"July 18, 2020",Profit for Month,July,Q3,"6,952.6212"
"July 18, 2020",Max Monthly Profit in Year,July,Q3,"14,751.8915"
"July 18, 2020",Actual Profit,July,Q3,-425.6398
"July 18, 2020",Running Sum of Actual Profit along Table (Down),July,Q3,"42,143.9995"
"July 19, 2020",Profit,July,Q3,
"July 19, 2020",Running Sum of Profit along Day of Order Date,July,Q3,"3,138.5884"
"July 19, 2020",Profit for Month,July,Q3,
"July 19, 2020",Max Monthly Profit in Year,July,Q3,
"July 19, 2020",Actual Profit,July,Q3,0
"July 19, 2020",Running Sum of Actual Profit along Table (Down),July,Q3,"42,143.9995"
"July 20, 2020",Profit,July,Q3,727.2774
"July 20, 2020",Running Sum of Profit along Day of Order Date,July,Q3,"3,865.8658"
"July 20, 2020",Profit for Month,July,Q3,"6,952.6212"
"July 20, 2020",Max Monthly Profit in Year,July,Q3,"14,751.8915"
"July 20, 2020",Actual Profit,July,Q3,727.2774
"July 20, 2020",Running Sum of Actual Profit along Table (Down),July,Q3,"42,871.2769"
"July 21, 2020",Profit,July,Q3,144.2286
"July 21, 2020",Running Sum of Profit along Day of Order Date,July,Q3,"4,010.0944"
"July 21, 2020",Profit for Month,July,Q3,"6,952.6212"
"July 21, 2020",Max Monthly Profit in Year,July,Q3,"14,751.8915"
"July 21, 2020",Actual Profit,July,Q3,144.2286
"July 21, 2020",Running Sum of Actual Profit along Table (Down),July,Q3,"43,015.5055"
"July 22, 2020",Profit,July,Q3,-61.1061
"July 22, 2020",Running Sum of Profit along Day of Order Date,July,Q3,"3,948.9883"
"July 22, 2020",Profit for Month,July,Q3,"6,952.6212"
"July 22, 2020",Max Monthly Profit in Year,July,Q3,"14,751.8915"
"July 22, 2020",Actual Profit,July,Q3,-61.1061
"July 22, 2020",Running Sum of Actual Profit along Table (Down),July,Q3,"42,954.3994"
"July 23, 2020",Profit,July,Q3,258.4118
"July 23, 2020",Running Sum of Profit along Day of Order Date,July,Q3,"4,207.4001"
"July 23, 2020",Profit for Month,July,Q3,"6,952.6212"
"July 23, 2020",Max Monthly Profit in Year,July,Q3,"14,751.8915"
"July 23, 2020",Actual Profit,July,Q3,258.4118
"July 23, 2020",Running Sum of Actual Profit along Table (Down),July,Q3,"43,212.8112"
"July 24, 2020",Profit,July,Q3,839.986
"July 24, 2020",Running Sum of Profit along Day of Order Date,July,Q3,"5,047.3861"
"July 24, 2020",Profit for Month,July,Q3,"6,952.6212"
"July 24, 2020",Max Monthly Profit in Year,July,Q3,"14,751.8915"
"July 24, 2020",Actual Profit,July,Q3,839.986
"July 24, 2020",Running Sum of Actual Profit along Table (Down),July,Q3,"44,052.7972"
"July 25, 2020",Profit,July,Q3,-39.7968
"July 25, 2020",Running Sum of Profit along Day of Order Date,July,Q3,"5,007.5893"
"July 25, 2020",Profit for Month,July,Q3,"6,952.6212"
"July 25, 2020",Max Monthly Profit in Year,July,Q3,"14,751.8915"
"July 25, 2020",Actual Profit,July,Q3,-39.7968
"July 25, 2020",Running Sum of Actual Profit along Table (Down),July,Q3,"44,013.0004"
"July 26, 2020",Profit,July,Q3,705.274
"July 26, 2020",Running Sum of Profit along Day of Order Date,July,Q3,"5,712.8633"
"July 26, 2020",Profit for Month,July,Q3,"6,952.6212"
"July 26, 2020",Max Monthly Profit in Year,July,Q3,"14,751.8915"
"July 26, 2020",Actual Profit,July,Q3,705.274
"July 26, 2020",Running Sum of Actual Profit along Table (Down),July,Q3,"44,718.2744"
"July 27, 2020",Profit,July,Q3,211.5755
"July 27, 2020",Running Sum of Profit along Day of Order Date,July,Q3,"5,924.4388"
"July 27, 2020",Profit for Month,July,Q3,"6,952.6212"
"July 27, 2020",Max Monthly Profit in Year,July,Q3,"14,751.8915"
"July 27, 2020",Actual Profit,July,Q3,211.5755
"July 27, 2020",Running Sum of Actual Profit along Table (Down),July,Q3,"44,929.8499"
"July 28, 2020",Profit,July,Q3,108.0536
"July 28, 2020",Running Sum of Profit along Day of Order Date,July,Q3,"6,032.4924"
"July 28, 2020",Profit for Month,July,Q3,"6,952.6212"
"July 28, 2020",Max Monthly Profit in Year,July,Q3,"14,751.8915"
"July 28, 2020",Actual Profit,July,Q3,108.0536
"July 28, 2020",Running Sum of Actual Profit along Table (Down),July,Q3,"45,037.9035"
"July 29, 2020",Profit,July,Q3,367.4606
"July 29, 2020",Running Sum of Profit along Day of Order Date,July,Q3,"6,399.953"
"July 29, 2020",Profit for Month,July,Q3,"6,952.6212"
"July 29, 2020",Max Monthly Profit in Year,July,Q3,"14,751.8915"
"July 29, 2020",Actual Profit,July,Q3,367.4606
"July 29, 2020",Running Sum of Actual Profit along Table (Down),July,Q3,"45,405.3641"
"July 30, 2020",Profit,July,Q3,87.9368
"July 30, 2020",Running Sum of Profit along Day of Order Date,July,Q3,"6,487.8898"
"July 30, 2020",Profit for Month,July,Q3,"6,952.6212"
"July 30, 2020",Max Monthly Profit in Year,July,Q3,"14,751.8915"
"July 30, 2020",Actual Profit,July,Q3,87.9368
"July 30, 2020",Running Sum of Actual Profit along Table (Down),July,Q3,"45,493.3009"
"July 31, 2020",Profit,July,Q3,464.7314
"July 31, 2020",Running Sum of Profit along Day of Order Date,July,Q3,"6,952.6212"
"July 31, 2020",Profit for Month,July,Q3,"6,952.6212"
"July 31, 2020",Max Monthly Profit in Year,July,Q3,"14,751.8915"
"July 31, 2020",Actual Profit,July,Q3,464.7314
"July 31, 2020",Running Sum of Actual Profit along Table (Down),July,Q3,"45,958.0323"
All,Profit,July,Q3,"6,952.6212"
All,Running Sum of Profit along Day of Order Date,July,Q3,"6,952.6212"
All,Profit for Month,July,Q3,"6,952.6212"
All,Max Monthly Profit in Year,July,Q3,"14,751.8915"
All,Actual Profit,July,Q3,"6,952.6212"
All,Running Sum of Actual Profit along Table (Down),July,Q3,"45,958.0323"
"August 1, 2020",Profit,August,Q3,-159.4062
"August 1, 2020",Running Sum of Profit along Day of Order Date,August,Q3,-159.4062
"August 1, 2020",Profit for Month,August,Q3,"9,040.9557"
"August 1, 2020",Max Monthly Profit in Year,August,Q3,"14,751.8915"
"August 1, 2020",Actual Profit,August,Q3,-159.4062
"August 1, 2020",Running Sum of Actual Profit along Table (Down),August,Q3,"45,798.6261"
"August 2, 2020",Profit,August,Q3,
"August 2, 2020",Running Sum of Profit along Day of Order Date,August,Q3,-159.4062
"August 2, 2020",Profit for Month,August,Q3,
"August 2, 2020",Max Monthly Profit in Year,August,Q3,
"August 2, 2020",Actual Profit,August,Q3,0
"August 2, 2020",Running Sum of Actual Profit along Table (Down),August,Q3,"45,798.6261"
"August 3, 2020",Profit,August,Q3,40.3009
"August 3, 2020",Running Sum of Profit along Day of Order Date,August,Q3,-119.1053
"August 3, 2020",Profit for Month,August,Q3,"9,040.9557"
"August 3, 2020",Max Monthly Profit in Year,August,Q3,"14,751.8915"
"August 3, 2020",Actual Profit,August,Q3,40.3009
"August 3, 2020",Running Sum of Actual Profit along Table (Down),August,Q3,"45,838.927"
"August 4, 2020",Profit,August,Q3,0.432000000
"August 4, 2020",Running Sum of Profit along Day of Order Date,August,Q3,-118.6733
"August 4, 2020",Profit for Month,August,Q3,"9,040.9557"
"August 4, 2020",Max Monthly Profit in Year,August,Q3,"14,751.8915"
"August 4, 2020",Actual Profit,August,Q3,0.432000000
"August 4, 2020",Running Sum of Actual Profit along Table (Down),August,Q3,"45,839.359"
"August 5, 2020",Profit,August,Q3,170.4234
"August 5, 2020",Running Sum of Profit along Day of Order Date,August,Q3,51.750100000
"August 5, 2020",Profit for Month,August,Q3,"9,040.9557"
"August 5, 2020",Max Monthly Profit in Year,August,Q3,"14,751.8915"
"August 5, 2020",Actual Profit,August,Q3,170.4234
"August 5, 2020",Running Sum of Actual Profit along Table (Down),August,Q3,"46,009.7824"
"August 6, 2020",Profit,August,Q3,419.7762
"August 6, 2020",Running Sum of Profit along Day of Order Date,August,Q3,471.5263
"August 6, 2020",Profit for Month,August,Q3,"9,040.9557"
"August 6, 2020",Max Monthly Profit in Year,August,Q3,"14,751.8915"
"August 6, 2020",Actual Profit,August,Q3,419.7762
"August 6, 2020",Running Sum of Actual Profit along Table (Down),August,Q3,"46,429.5586"
"August 7, 2020",Profit,August,Q3,705.8854
"August 7, 2020",Running Sum of Profit along Day of Order Date,August,Q3,"1,177.4117"
"August 7, 2020",Profit for Month,August,Q3,"9,040.9557"
"August 7, 2020",Max Monthly Profit in Year,August,Q3,"14,751.8915"
"August 7, 2020",Actual Profit,August,Q3,705.8854
"August 7, 2020",Running Sum of Actual Profit along Table (Down),August,Q3,"47,135.444"
"August 8, 2020",Profit,August,Q3,
"August 8, 2020",Running Sum of Profit along Day of Order Date,August,Q3,"1,177.4117"
"August 8, 2020",Profit for Month,August,Q3,
"August 8, 2020",Max Monthly Profit in Year,August,Q3,
"August 8, 2020",Actual Profit,August,Q3,0
"August 8, 2020",Running Sum of Actual Profit along Table (Down),August,Q3,"47,135.444"
"August 9, 2020",Profit,August,Q3,
"August 9, 2020",Running Sum of Profit along Day of Order Date,August,Q3,"1,177.4117"
"August 9, 2020",Profit for Month,August,Q3,
"August 9, 2020",Max Monthly Profit in Year,August,Q3,
"August 9, 2020",Actual Profit,August,Q3,0
"August 9, 2020",Running Sum of Actual Profit along Table (Down),August,Q3,"47,135.444"
"August 10, 2020",Profit,August,Q3,521.9644
"August 10, 2020",Running Sum of Profit along Day of Order Date,August,Q3,"1,699.3761"
"August 10, 2020",Profit for Month,August,Q3,"9,040.9557"
"August 10, 2020",Max Monthly Profit in Year,August,Q3,"14,751.8915"
"August 10, 2020",Actual Profit,August,Q3,521.9644
"August 10, 2020",Running Sum of Actual Profit along Table (Down),August,Q3,"47,657.4084"
"August 11, 2020",Profit,August,Q3,235.9044
"August 11, 2020",Running Sum of Profit along Day of Order Date,August,Q3,"1,935.2805"
"August 11, 2020",Profit for Month,August,Q3,"9,040.9557"
"August 11, 2020",Max Monthly Profit in Year,August,Q3,"14,751.8915"
"August 11, 2020",Actual Profit,August,Q3,235.9044
"August 11, 2020",Running Sum of Actual Profit along Table (Down),August,Q3,"47,893.3128"
"August 12, 2020",Profit,August,Q3,888.6845
"August 12, 2020",Running Sum of Profit along Day of Order Date,August,Q3,"2,823.965"
"August 12, 2020",Profit for Month,August,Q3,"9,040.9557"
"August 12, 2020",Max Monthly Profit in Year,August,Q3,"14,751.8915"
"August 12, 2020",Actual Profit,August,Q3,888.6845
"August 12, 2020",Running Sum of Actual Profit along Table (Down),August,Q3,"48,781.9973"
"August 13, 2020",Profit,August,Q3,"-1,071.7152"
"August 13, 2020",Running Sum of Profit along Day of Order Date,August,Q3,"1,752.2498"
"August 13, 2020",Profit for Month,August,Q3,"9,040.9557"
"August 13, 2020",Max Monthly Profit in Year,August,Q3,"14,751.8915"
"August 13, 2020",Actual Profit,August,Q3,"-1,071.7152"
"August 13, 2020",Running Sum of Actual Profit along Table (Down),August,Q3,"47,710.2821"
"August 14, 2020",Profit,August,Q3,12.3879
"August 14, 2020",Running Sum of Profit along Day of Order Date,August,Q3,"1,764.6377"
"August 14, 2020",Profit for Month,August,Q3,"9,040.9557"
"August 14, 2020",Max Monthly Profit in Year,August,Q3,"14,751.8915"
"August 14, 2020",Actual Profit,August,Q3,12.3879
"August 14, 2020",Running Sum of Actual Profit along Table (Down),August,Q3,"47,722.67"
"August 15, 2020",Profit,August,Q3,-289.1836
"August 15, 2020",Running Sum of Profit along Day of Order Date,August,Q3,"1,475.4541"
"August 15, 2020",Profit for Month,August,Q3,"9,040.9557"
"August 15, 2020",Max Monthly Profit in Year,August,Q3,"14,751.8915"
"August 15, 2020",Actual Profit,August,Q3,-289.1836
"August 15, 2020",Running Sum of Actual Profit along Table (Down),August,Q3,"47,433.4864"
"August 16, 2020",Profit,August,Q3,-12.0292
"August 16, 2020",Running Sum of Profit along Day of Order Date,August,Q3,"1,463.4249"
"August 16, 2020",Profit for Month,August,Q3,"9,040.9557"
"August 16, 2020",Max Monthly Profit in Year,August,Q3,"14,751.8915"
"August 16, 2020",Actual Profit,August,Q3,-12.0292
"August 16, 2020",Running Sum of Actual Profit along Table (Down),August,Q3,"47,421.4572"
"August 17, 2020",Profit,August,Q3,605.8985
"August 17, 2020",Running Sum of Profit along Day of Order Date,August,Q3,"2,069.3234"
"August 17, 2020",Profit for Month,August,Q3,"9,040.9557"
"August 17, 2020",Max Monthly Profit in Year,August,Q3,"14,751.8915"
"August 17, 2020",Actual Profit,August,Q3,605.8985
"August 17, 2020",Running Sum of Actual Profit along Table (Down),August,Q3,"48,027.3557"
"August 18, 2020",Profit,August,Q3,"1,971.9706"
"August 18, 2020",Running Sum of Profit along Day of Order Date,August,Q3,"4,041.294"
"August 18, 2020",Profit for Month,August,Q3,"9,040.9557"
"August 18, 2020",Max Monthly Profit in Year,August,Q3,"14,751.8915"
"August 18, 2020",Actual Profit,August,Q3,"1,971.9706"
"August 18, 2020",Running Sum of Actual Profit along Table (Down),August,Q3,"49,999.3263"
"August 19, 2020",Profit,August,Q3,225.0193
"August 19, 2020",Running Sum of Profit along Day of Order Date,August,Q3,"4,266.3133"
"August 19, 2020",Profit for Month,August,Q3,"9,040.9557"
"August 19, 2020",Max Monthly Profit in Year,August,Q3,"14,751.8915"
"August 19, 2020",Actual Profit,August,Q3,225.0193
"August 19, 2020",Running Sum of Actual Profit along Table (Down),August,Q3,"50,224.3456"
"August 20, 2020",Profit,August,Q3,183.6178
"August 20, 2020",Running Sum of Profit along Day of Order Date,August,Q3,"4,449.9311"
"August 20, 2020",Profit for Month,August,Q3,"9,040.9557"
"August 20, 2020",Max Monthly Profit in Year,August,Q3,"14,751.8915"
"August 20, 2020",Actual Profit,August,Q3,183.6178
"August 20, 2020",Running Sum of Actual Profit along Table (Down),August,Q3,"50,407.9634"
"August 21, 2020",Profit,August,Q3,"2,245.6488"
"August 21, 2020",Running Sum of Profit along Day of Order Date,August,Q3,"6,695.5799"
"August 21, 2020",Profit for Month,August,Q3,"9,040.9557"
"August 21, 2020",Max Monthly Profit in Year,August,Q3,"14,751.8915"
"August 21, 2020",Actual Profit,August,Q3,"2,245.6488"
"August 21, 2020",Running Sum of Actual Profit along Table (Down),August,Q3,"52,653.6122"
"August 22, 2020",Profit,August,Q3,-81.250100000
"August 22, 2020",Running Sum of Profit along Day of Order Date,August,Q3,"6,614.3298"
"August 22, 2020",Profit for Month,August,Q3,"9,040.9557"
"August 22, 2020",Max Monthly Profit in Year,August,Q3,"14,751.8915"
"August 22, 2020",Actual Profit,August,Q3,-81.250100000
"August 22, 2020",Running Sum of Actual Profit along Table (Down),August,Q3,"52,572.3621"
"August 23, 2020",Profit,August,Q3,358.546
"August 23, 2020",Running Sum of Profit along Day of Order Date,August,Q3,"6,972.8758"
"August 23, 2020",Profit for Month,August,Q3,"9,040.9557"
"August 23, 2020",Max Monthly Profit in Year,August,Q3,"14,751.8915"
"August 23, 2020",Actual Profit,August,Q3,358.546
"August 23, 2020",Running Sum of Actual Profit along Table (Down),August,Q3,"52,930.908100000"
"August 24, 2020",Profit,August,Q3,77.406
"August 24, 2020",Running Sum of Profit along Day of Order Date,August,Q3,"7,050.2818"
"August 24, 2020",Profit for Month,August,Q3,"9,040.9557"
"August 24, 2020",Max Monthly Profit in Year,August,Q3,"14,751.8915"
"August 24, 2020",Actual Profit,August,Q3,77.406
"August 24, 2020",Running Sum of Actual Profit along Table (Down),August,Q3,"53,008.314100000"
"August 25, 2020",Profit,August,Q3,-17.1108
"August 25, 2020",Running Sum of Profit along Day of Order Date,August,Q3,"7,033.171"
"August 25, 2020",Profit for Month,August,Q3,"9,040.9557"
"August 25, 2020",Max Monthly Profit in Year,August,Q3,"14,751.8915"
"August 25, 2020",Actual Profit,August,Q3,-17.1108
"August 25, 2020",Running Sum of Actual Profit along Table (Down),August,Q3,"52,991.203300000"
"August 26, 2020",Profit,August,Q3,-14.765
"August 26, 2020",Running Sum of Profit along Day of Order Date,August,Q3,"7,018.406"
"August 26, 2020",Profit for Month,August,Q3,"9,040.9557"
"August 26, 2020",Max Monthly Profit in Year,August,Q3,"14,751.8915"
"August 26, 2020",Actual Profit,August,Q3,-14.765
"August 26, 2020",Running Sum of Actual Profit along Table (Down),August,Q3,"52,976.438300000"
"August 27, 2020",Profit,August,Q3,"1,008.8821"
"August 27, 2020",Running Sum of Profit along Day of Order Date,August,Q3,"8,027.2881"
"August 27, 2020",Profit for Month,August,Q3,"9,040.9557"
"August 27, 2020",Max Monthly Profit in Year,August,Q3,"14,751.8915"
"August 27, 2020",Actual Profit,August,Q3,"1,008.8821"
"August 27, 2020",Running Sum of Actual Profit along Table (Down),August,Q3,"53,985.320400000"
"August 28, 2020",Profit,August,Q3,345.3009
"August 28, 2020",Running Sum of Profit along Day of Order Date,August,Q3,"8,372.589"
"August 28, 2020",Profit for Month,August,Q3,"9,040.9557"
"August 28, 2020",Max Monthly Profit in Year,August,Q3,"14,751.8915"
"August 28, 2020",Actual Profit,August,Q3,345.3009
"August 28, 2020",Running Sum of Actual Profit along Table (Down),August,Q3,"54,330.621300000"
"August 29, 2020",Profit,August,Q3,57.1282
"August 29, 2020",Running Sum of Profit along Day of Order Date,August,Q3,"8,429.7172"
"August 29, 2020",Profit for Month,August,Q3,"9,040.9557"
"August 29, 2020",Max Monthly Profit in Year,August,Q3,"14,751.8915"
"August 29, 2020",Actual Profit,August,Q3,57.1282
"August 29, 2020",Running Sum of Actual Profit along Table (Down),August,Q3,"54,387.749500000"
"August 30, 2020",Profit,August,Q3,
"August 30, 2020",Running Sum of Profit along Day of Order Date,August,Q3,"8,429.7172"
"August 30, 2020",Profit for Month,August,Q3,
"August 30, 2020",Max Monthly Profit in Year,August,Q3,
"August 30, 2020",Actual Profit,August,Q3,0
"August 30, 2020",Running Sum of Actual Profit along Table (Down),August,Q3,"54,387.749500000"
"August 31, 2020",Profit,August,Q3,611.2385
"August 31, 2020",Running Sum of Profit along Day of Order Date,August,Q3,"9,040.9557"
"August 31, 2020",Profit for Month,August,Q3,"9,040.9557"
"August 31, 2020",Max Monthly Profit in Year,August,Q3,"14,751.8915"
"August 31, 2020",Actual Profit,August,Q3,611.2385
"August 31, 2020",Running Sum of Actual Profit along Table (Down),August,Q3,"54,998.988000000"
All,Profit,August,Q3,"9,040.9557"
All,Running Sum of Profit along Day of Order Date,August,Q3,"9,040.9557"
All,Profit for Month,August,Q3,"9,040.9557"
All,Max Monthly Profit in Year,August,Q3,"14,751.8915"
All,Actual Profit,August,Q3,"9,040.9557"
All,Running Sum of Actual Profit along Table (Down),August,Q3,"54,998.988"
"September 1, 2020",Profit,September,Q3,340.5586
"September 1, 2020",Running Sum of Profit along Day of Order Date,September,Q3,340.5586
"September 1, 2020",Profit for Month,September,Q3,"10,991.5556"
"September 1, 2020",Max Monthly Profit in Year,September,Q3,"14,751.8915"
"September 1, 2020",Actual Profit,September,Q3,340.5586
"September 1, 2020",Running Sum of Actual Profit along Table (Down),September,Q3,"55,339.546600000"
"September 2, 2020",Profit,September,Q3,"2,600.1853"
"September 2, 2020",Running Sum of Profit along Day of Order Date,September,Q3,"2,940.7439"
"September 2, 2020",Profit for Month,September,Q3,"10,991.5556"
"September 2, 2020",Max Monthly Profit in Year,September,Q3,"14,751.8915"
"September 2, 2020",Actual Profit,September,Q3,"2,600.1853"
"September 2, 2020",Running Sum of Actual Profit along Table (Down),September,Q3,"57,939.7319"
"September 3, 2020",Profit,September,Q3,199.4818
"September 3, 2020",Running Sum of Profit along Day of Order Date,September,Q3,"3,140.2257"
"September 3, 2020",Profit for Month,September,Q3,"10,991.5556"
"September 3, 2020",Max Monthly Profit in Year,September,Q3,"14,751.8915"
"September 3, 2020",Actual Profit,September,Q3,199.4818
"September 3, 2020",Running Sum of Actual Profit along Table (Down),September,Q3,"58,139.213700000"
"September 4, 2020",Profit,September,Q3,224.4251
"September 4, 2020",Running Sum of Profit along Day of Order Date,September,Q3,"3,364.6508"
"September 4, 2020",Profit for Month,September,Q3,"10,991.5556"
"September 4, 2020",Max Monthly Profit in Year,September,Q3,"14,751.8915"
"September 4, 2020",Actual Profit,September,Q3,224.4251
"September 4, 2020",Running Sum of Actual Profit along Table (Down),September,Q3,"58,363.638800000"
"September 5, 2020",Profit,September,Q3,-17.1944
"September 5, 2020",Running Sum of Profit along Day of Order Date,September,Q3,"3,347.4564"
"September 5, 2020",Profit for Month,September,Q3,"10,991.5556"
"September 5, 2020",Max Monthly Profit in Year,September,Q3,"14,751.8915"
"September 5, 2020",Actual Profit,September,Q3,-17.1944
"September 5, 2020",Running Sum of Actual Profit along Table (Down),September,Q3,"58,346.444400000"
"September 6, 2020",Profit,September,Q3,
"September 6, 2020",Running Sum of Profit along Day of Order Date,September,Q3,"3,347.4564"
"September 6, 2020",Profit for Month,September,Q3,
"September 6, 2020",Max Monthly Profit in Year,September,Q3,
"September 6, 2020",Actual Profit,September,Q3,0
"September 6, 2020",Running Sum of Actual Profit along Table (Down),September,Q3,"58,346.444400000"
"September 7, 2020",Profit,September,Q3,"1,248.2397"
"September 7, 2020",Running Sum of Profit along Day of Order Date,September,Q3,"4,595.6961"
"September 7, 2020",Profit for Month,September,Q3,"10,991.5556"
"September 7, 2020",Max Monthly Profit in Year,September,Q3,"14,751.8915"
"September 7, 2020",Actual Profit,September,Q3,"1,248.2397"
"September 7, 2020",Running Sum of Actual Profit along Table (Down),September,Q3,"59,594.6841"
"September 8, 2020",Profit,September,Q3,-510.9671
"September 8, 2020",Running Sum of Profit along Day of Order Date,September,Q3,"4,084.729"
"September 8, 2020",Profit for Month,September,Q3,"10,991.5556"
"September 8, 2020",Max Monthly Profit in Year,September,Q3,"14,751.8915"
"September 8, 2020",Actual Profit,September,Q3,-510.9671
"September 8, 2020",Running Sum of Actual Profit along Table (Down),September,Q3,"59,083.717"
"September 9, 2020",Profit,September,Q3,-152.8754
"September 9, 2020",Running Sum of Profit along Day of Order Date,September,Q3,"3,931.8536"
"September 9, 2020",Profit for Month,September,Q3,"10,991.5556"
"September 9, 2020",Max Monthly Profit in Year,September,Q3,"14,751.8915"
"September 9, 2020",Actual Profit,September,Q3,-152.8754
"September 9, 2020",Running Sum of Actual Profit along Table (Down),September,Q3,"58,930.841600000"
"September 10, 2020",Profit,September,Q3,-977.3219
"September 10, 2020",Running Sum of Profit along Day of Order Date,September,Q3,"2,954.5317"
"September 10, 2020",Profit for Month,September,Q3,"10,991.5556"
"September 10, 2020",Max Monthly Profit in Year,September,Q3,"14,751.8915"
"September 10, 2020",Actual Profit,September,Q3,-977.3219
"September 10, 2020",Running Sum of Actual Profit along Table (Down),September,Q3,"57,953.5197"
"September 11, 2020",Profit,September,Q3,"1,032.8847"
"September 11, 2020",Running Sum of Profit along Day of Order Date,September,Q3,"3,987.4164"
"September 11, 2020",Profit for Month,September,Q3,"10,991.5556"
"September 11, 2020",Max Monthly Profit in Year,September,Q3,"14,751.8915"
"September 11, 2020",Actual Profit,September,Q3,"1,032.8847"
"September 11, 2020",Running Sum of Actual Profit along Table (Down),September,Q3,"58,986.404400000"
"September 12, 2020",Profit,September,Q3,219.391
"September 12, 2020",Running Sum of Profit along Day of Order Date,September,Q3,"4,206.8074"
"September 12, 2020",Profit for Month,September,Q3,"10,991.5556"
"September 12, 2020",Max Monthly Profit in Year,September,Q3,"14,751.8915"
"September 12, 2020",Actual Profit,September,Q3,219.391
"September 12, 2020",Running Sum of Actual Profit along Table (Down),September,Q3,"59,205.795400000"
"September 13, 2020",Profit,September,Q3,2.786
"September 13, 2020",Running Sum of Profit along Day of Order Date,September,Q3,"4,209.5934"
"September 13, 2020",Profit for Month,September,Q3,"10,991.5556"
"September 13, 2020",Max Monthly Profit in Year,September,Q3,"14,751.8915"
"September 13, 2020",Actual Profit,September,Q3,2.786
"September 13, 2020",Running Sum of Actual Profit along Table (Down),September,Q3,"59,208.581400000"
"September 14, 2020",Profit,September,Q3,474.3417
"September 14, 2020",Running Sum of Profit along Day of Order Date,September,Q3,"4,683.9351"
"September 14, 2020",Profit for Month,September,Q3,"10,991.5556"
"September 14, 2020",Max Monthly Profit in Year,September,Q3,"14,751.8915"
"September 14, 2020",Actual Profit,September,Q3,474.3417
"September 14, 2020",Running Sum of Actual Profit along Table (Down),September,Q3,"59,682.923100000"
"September 15, 2020",Profit,September,Q3,"1,934.9693"
"September 15, 2020",Running Sum of Profit along Day of Order Date,September,Q3,"6,618.9044"
"September 15, 2020",Profit for Month,September,Q3,"10,991.5556"
"September 15, 2020",Max Monthly Profit in Year,September,Q3,"14,751.8915"
"September 15, 2020",Actual Profit,September,Q3,"1,934.9693"
"September 15, 2020",Running Sum of Actual Profit along Table (Down),September,Q3,"61,617.8924"
"September 16, 2020",Profit,September,Q3,-335.6626
"September 16, 2020",Running Sum of Profit along Day of Order Date,September,Q3,"6,283.2418"
"September 16, 2020",Profit for Month,September,Q3,"10,991.5556"
"September 16, 2020",Max Monthly Profit in Year,September,Q3,"14,751.8915"
"September 16, 2020",Actual Profit,September,Q3,-335.6626
"September 16, 2020",Running Sum of Actual Profit along Table (Down),September,Q3,"61,282.2298"
"September 17, 2020",Profit,September,Q3,769.2717
"September 17, 2020",Running Sum of Profit along Day of Order Date,September,Q3,"7,052.5135"
"September 17, 2020",Profit for Month,September,Q3,"10,991.5556"
"September 17, 2020",Max Monthly Profit in Year,September,Q3,"14,751.8915"
"September 17, 2020",Actual Profit,September,Q3,769.2717
"September 17, 2020",Running Sum of Actual Profit along Table (Down),September,Q3,"62,051.5015"
"September 18, 2020",Profit,September,Q3,501.5421
"September 18, 2020",Running Sum of Profit along Day of Order Date,September,Q3,"7,554.0556"
"September 18, 2020",Profit for Month,September,Q3,"10,991.5556"
"September 18, 2020",Max Monthly Profit in Year,September,Q3,"14,751.8915"
"September 18, 2020",Actual Profit,September,Q3,501.5421
"September 18, 2020",Running Sum of Actual Profit along Table (Down),September,Q3,"62,553.0436"
"September 19, 2020",Profit,September,Q3,53.9899
"September 19, 2020",Running Sum of Profit along Day of Order Date,September,Q3,"7,608.0455"
"September 19, 2020",Profit for Month,September,Q3,"10,991.5556"
"September 19, 2020",Max Monthly Profit in Year,September,Q3,"14,751.8915"
"September 19, 2020",Actual Profit,September,Q3,53.9899
"September 19, 2020",Running Sum of Actual Profit along Table (Down),September,Q3,"62,607.0335"
"September 20, 2020",Profit,September,Q3,"1,571.7964"
"September 20, 2020",Running Sum of Profit along Day of Order Date,September,Q3,"9,179.8419"
"September 20, 2020",Profit for Month,September,Q3,"10,991.5556"
"September 20, 2020",Max Monthly Profit in Year,September,Q3,"14,751.8915"
"September 20, 2020",Actual Profit,September,Q3,"1,571.7964"
"September 20, 2020",Running Sum of Actual Profit along Table (Down),September,Q3,"64,178.8299"
"September 21, 2020",Profit,September,Q3,97.2069
"September 21, 2020",Running Sum of Profit along Day of Order Date,September,Q3,"9,277.0488"
"September 21, 2020",Profit for Month,September,Q3,"10,991.5556"
"September 21, 2020",Max Monthly Profit in Year,September,Q3,"14,751.8915"
"September 21, 2020",Actual Profit,September,Q3,97.2069
"September 21, 2020",Running Sum of Actual Profit along Table (Down),September,Q3,"64,276.0368"
"September 22, 2020",Profit,September,Q3,-145.5779
"September 22, 2020",Running Sum of Profit along Day of Order Date,September,Q3,"9,131.4709"
"September 22, 2020",Profit for Month,September,Q3,"10,991.5556"
"September 22, 2020",Max Monthly Profit in Year,September,Q3,"14,751.8915"
"September 22, 2020",Actual Profit,September,Q3,-145.5779
"September 22, 2020",Running Sum of Actual Profit along Table (Down),September,Q3,"64,130.4589"
"September 23, 2020",Profit,September,Q3,115.1856
"September 23, 2020",Running Sum of Profit along Day of Order Date,September,Q3,"9,246.6565"
"September 23, 2020",Profit for Month,September,Q3,"10,991.5556"
"September 23, 2020",Max Monthly Profit in Year,September,Q3,"14,751.8915"
"September 23, 2020",Actual Profit,September,Q3,115.1856
"September 23, 2020",Running Sum of Actual Profit along Table (Down),September,Q3,"64,245.6445"
"September 24, 2020",Profit,September,Q3,"1,000.4615"
"September 24, 2020",Running Sum of Profit along Day of Order Date,September,Q3,"10,247.118"
"September 24, 2020",Profit for Month,September,Q3,"10,991.5556"
"September 24, 2020",Max Monthly Profit in Year,September,Q3,"14,751.8915"
"September 24, 2020",Actual Profit,September,Q3,"1,000.4615"
"September 24, 2020",Running Sum of Actual Profit along Table (Down),September,Q3,"65,246.106"
"September 25, 2020",Profit,September,Q3,228.9978
"September 25, 2020",Running Sum of Profit along Day of Order Date,September,Q3,"10,476.1158"
"September 25, 2020",Profit for Month,September,Q3,"10,991.5556"
"September 25, 2020",Max Monthly Profit in Year,September,Q3,"14,751.8915"
"September 25, 2020",Actual Profit,September,Q3,228.9978
"September 25, 2020",Running Sum of Actual Profit along Table (Down),September,Q3,"65,475.1038"
"September 26, 2020",Profit,September,Q3,314.9023
"September 26, 2020",Running Sum of Profit along Day of Order Date,September,Q3,"10,791.0181"
"September 26, 2020",Profit for Month,September,Q3,"10,991.5556"
"September 26, 2020",Max Monthly Profit in Year,September,Q3,"14,751.8915"
"September 26, 2020",Actual Profit,September,Q3,314.9023
"September 26, 2020",Running Sum of Actual Profit along Table (Down),September,Q3,"65,790.0061"
"September 27, 2020",Profit,September,Q3,
"September 27, 2020",Running Sum of Profit along Day of Order Date,September,Q3,"10,791.0181"
"September 27, 2020",Profit for Month,September,Q3,
"September 27, 2020",Max Monthly Profit in Year,September,Q3,
"September 27, 2020",Actual Profit,September,Q3,0
"September 27, 2020",Running Sum of Actual Profit along Table (Down),September,Q3,"65,790.0061"
"September 28, 2020",Profit,September,Q3,-46.3779
"September 28, 2020",Running Sum of Profit along Day of Order Date,September,Q3,"10,744.6402"
"September 28, 2020",Profit for Month,September,Q3,"10,991.5556"
"September 28, 2020",Max Monthly Profit in Year,September,Q3,"14,751.8915"
"September 28, 2020",Actual Profit,September,Q3,-46.3779
"September 28, 2020",Running Sum of Actual Profit along Table (Down),September,Q3,"65,743.6282"
"September 29, 2020",Profit,September,Q3,39.5607
"September 29, 2020",Running Sum of Profit along Day of Order Date,September,Q3,"10,784.2009"
"September 29, 2020",Profit for Month,September,Q3,"10,991.5556"
"September 29, 2020",Max Monthly Profit in Year,September,Q3,"14,751.8915"
"September 29, 2020",Actual Profit,September,Q3,39.5607
"September 29, 2020",Running Sum of Actual Profit along Table (Down),September,Q3,"65,783.1889"
"September 30, 2020",Profit,September,Q3,207.3547
"September 30, 2020",Running Sum of Profit along Day of Order Date,September,Q3,"10,991.5556"
"September 30, 2020",Profit for Month,September,Q3,"10,991.5556"
"September 30, 2020",Max Monthly Profit in Year,September,Q3,"14,751.8915"
"September 30, 2020",Actual Profit,September,Q3,207.3547
"September 30, 2020",Running Sum of Actual Profit along Table (Down),September,Q3,"65,990.5436"
All,Profit,September,Q3,"10,991.5556"
All,Running Sum of Profit along Day of Order Date,September,Q3,"10,991.5556"
All,Profit for Month,September,Q3,"10,991.5556"
All,Max Monthly Profit in Year,September,Q3,"14,751.8915"
All,Actual Profit,September,Q3,"10,991.5556"
All,Running Sum of Actual Profit along Table (Down),September,Q3,"65,990.5436"
"October 1, 2020",Profit,October,Q4,"1,013.073"
"October 1, 2020",Running Sum of Profit along Day of Order Date,October,Q4,"1,013.073"
"October 1, 2020",Profit for Month,October,Q4,"9,275.2755"
"October 1, 2020",Max Monthly Profit in Year,October,Q4,"14,751.8915"
"October 1, 2020",Actual Profit,October,Q4,"1,013.073"
"October 1, 2020",Running Sum of Actual Profit along Table (Down),October,Q4,"67,003.6166"
"October 2, 2020",Profit,October,Q4,"-1,095.5167"
"October 2, 2020",Running Sum of Profit along Day of Order Date,October,Q4,-82.443700000
"October 2, 2020",Profit for Month,October,Q4,"9,275.2755"
"October 2, 2020",Max Monthly Profit in Year,October,Q4,"14,751.8915"
"October 2, 2020",Actual Profit,October,Q4,"-1,095.5167"
"October 2, 2020",Running Sum of Actual Profit along Table (Down),October,Q4,"65,908.0999"
"October 3, 2020",Profit,October,Q4,943.3932
"October 3, 2020",Running Sum of Profit along Day of Order Date,October,Q4,860.9495
"October 3, 2020",Profit for Month,October,Q4,"9,275.2755"
"October 3, 2020",Max Monthly Profit in Year,October,Q4,"14,751.8915"
"October 3, 2020",Actual Profit,October,Q4,943.3932
"October 3, 2020",Running Sum of Actual Profit along Table (Down),October,Q4,"66,851.4931"
"October 4, 2020",Profit,October,Q4,8.5914
"October 4, 2020",Running Sum of Profit along Day of Order Date,October,Q4,869.5409
"October 4, 2020",Profit for Month,October,Q4,"9,275.2755"
"October 4, 2020",Max Monthly Profit in Year,October,Q4,"14,751.8915"
"October 4, 2020",Actual Profit,October,Q4,8.5914
"October 4, 2020",Running Sum of Actual Profit along Table (Down),October,Q4,"66,860.0845"
"October 5, 2020",Profit,October,Q4,"1,475.2477"
"October 5, 2020",Running Sum of Profit along Day of Order Date,October,Q4,"2,344.7886"
"October 5, 2020",Profit for Month,October,Q4,"9,275.2755"
"October 5, 2020",Max Monthly Profit in Year,October,Q4,"14,751.8915"
"October 5, 2020",Actual Profit,October,Q4,"1,475.2477"
"October 5, 2020",Running Sum of Actual Profit along Table (Down),October,Q4,"68,335.3322"
"October 6, 2020",Profit,October,Q4,348.323
"October 6, 2020",Running Sum of Profit along Day of Order Date,October,Q4,"2,693.1116"
"October 6, 2020",Profit for Month,October,Q4,"9,275.2755"
"October 6, 2020",Max Monthly Profit in Year,October,Q4,"14,751.8915"
"October 6, 2020",Actual Profit,October,Q4,348.323
"October 6, 2020",Running Sum of Actual Profit along Table (Down),October,Q4,"68,683.6552"
"October 7, 2020",Profit,October,Q4,218.4405
"October 7, 2020",Running Sum of Profit along Day of Order Date,October,Q4,"2,911.5521"
"October 7, 2020",Profit for Month,October,Q4,"9,275.2755"
"October 7, 2020",Max Monthly Profit in Year,October,Q4,"14,751.8915"
"October 7, 2020",Actual Profit,October,Q4,218.4405
"October 7, 2020",Running Sum of Actual Profit along Table (Down),October,Q4,"68,902.0957"
"October 8, 2020",Profit,October,Q4,148.0335
"October 8, 2020",Running Sum of Profit along Day of Order Date,October,Q4,"3,059.5856"
"October 8, 2020",Profit for Month,October,Q4,"9,275.2755"
"October 8, 2020",Max Monthly Profit in Year,October,Q4,"14,751.8915"
"October 8, 2020",Actual Profit,October,Q4,148.0335
"October 8, 2020",Running Sum of Actual Profit along Table (Down),October,Q4,"69,050.1292"
"October 9, 2020",Profit,October,Q4,-467.1381
"October 9, 2020",Running Sum of Profit along Day of Order Date,October,Q4,"2,592.4475"
"October 9, 2020",Profit for Month,October,Q4,"9,275.2755"
"October 9, 2020",Max Monthly Profit in Year,October,Q4,"14,751.8915"
"October 9, 2020",Actual Profit,October,Q4,-467.1381
"October 9, 2020",Running Sum of Actual Profit along Table (Down),October,Q4,"68,582.9911"
"October 10, 2020",Profit,October,Q4,-47.8716
"October 10, 2020",Running Sum of Profit along Day of Order Date,October,Q4,"2,544.5759"
"October 10, 2020",Profit for Month,October,Q4,"9,275.2755"
"October 10, 2020",Max Monthly Profit in Year,October,Q4,"14,751.8915"
"October 10, 2020",Actual Profit,October,Q4,-47.8716
"October 10, 2020",Running Sum of Actual Profit along Table (Down),October,Q4,"68,535.1195"
"October 11, 2020",Profit,October,Q4,
"October 11, 2020",Running Sum of Profit along Day of Order Date,October,Q4,"2,544.5759"
"October 11, 2020",Profit for Month,October,Q4,
"October 11, 2020",Max Monthly Profit in Year,October,Q4,
"October 11, 2020",Actual Profit,October,Q4,0
"October 11, 2020",Running Sum of Actual Profit along Table (Down),October,Q4,"68,535.1195"
"October 12, 2020",Profit,October,Q4,526.1517
"October 12, 2020",Running Sum of Profit along Day of Order Date,October,Q4,"3,070.7276"
"October 12, 2020",Profit for Month,October,Q4,"9,275.2755"
"October 12, 2020",Max Monthly Profit in Year,October,Q4,"14,751.8915"
"October 12, 2020",Actual Profit,October,Q4,526.1517
"October 12, 2020",Running Sum of Actual Profit along Table (Down),October,Q4,"69,061.2712"
"October 13, 2020",Profit,October,Q4,"2,553.2419"
"October 13, 2020",Running Sum of Profit along Day of Order Date,October,Q4,"5,623.9695"
"October 13, 2020",Profit for Month,October,Q4,"9,275.2755"
"October 13, 2020",Max Monthly Profit in Year,October,Q4,"14,751.8915"
"October 13, 2020",Actual Profit,October,Q4,"2,553.2419"
"October 13, 2020",Running Sum of Actual Profit along Table (Down),October,Q4,"71,614.5131"
"October 14, 2020",Profit,October,Q4,-28.5702
"October 14, 2020",Running Sum of Profit along Day of Order Date,October,Q4,"5,595.3993"
"October 14, 2020",Profit for Month,October,Q4,"9,275.2755"
"October 14, 2020",Max Monthly Profit in Year,October,Q4,"14,751.8915"
"October 14, 2020",Actual Profit,October,Q4,-28.5702
"October 14, 2020",Running Sum of Actual Profit along Table (Down),October,Q4,"71,585.9429"
"October 15, 2020",Profit,October,Q4,230.1392
"October 15, 2020",Running Sum of Profit along Day of Order Date,October,Q4,"5,825.5385"
"October 15, 2020",Profit for Month,October,Q4,"9,275.2755"
"October 15, 2020",Max Monthly Profit in Year,October,Q4,"14,751.8915"
"October 15, 2020",Actual Profit,October,Q4,230.1392
"October 15, 2020",Running Sum of Actual Profit along Table (Down),October,Q4,"71,816.0821"
"October 16, 2020",Profit,October,Q4,"-1,100.3811"
"October 16, 2020",Running Sum of Profit along Day of Order Date,October,Q4,"4,725.1574"
"October 16, 2020",Profit for Month,October,Q4,"9,275.2755"
"October 16, 2020",Max Monthly Profit in Year,October,Q4,"14,751.8915"
"October 16, 2020",Actual Profit,October,Q4,"-1,100.3811"
"October 16, 2020",Running Sum of Actual Profit along Table (Down),October,Q4,"70,715.701"
"October 17, 2020",Profit,October,Q4,23.0989
"October 17, 2020",Running Sum of Profit along Day of Order Date,October,Q4,"4,748.2563"
"October 17, 2020",Profit for Month,October,Q4,"9,275.2755"
"October 17, 2020",Max Monthly Profit in Year,October,Q4,"14,751.8915"
"October 17, 2020",Actual Profit,October,Q4,23.0989
"October 17, 2020",Running Sum of Actual Profit along Table (Down),October,Q4,"70,738.7999"
"October 18, 2020",Profit,October,Q4,
"October 18, 2020",Running Sum of Profit along Day of Order Date,October,Q4,"4,748.2563"
"October 18, 2020",Profit for Month,October,Q4,
"October 18, 2020",Max Monthly Profit in Year,October,Q4,
"October 18, 2020",Actual Profit,October,Q4,0
"October 18, 2020",Running Sum of Actual Profit along Table (Down),October,Q4,"70,738.7999"
"October 19, 2020",Profit,October,Q4,"-1,430.7904"
"October 19, 2020",Running Sum of Profit along Day of Order Date,October,Q4,"3,317.4659"
"October 19, 2020",Profit for Month,October,Q4,"9,275.2755"
"October 19, 2020",Max Monthly Profit in Year,October,Q4,"14,751.8915"
"October 19, 2020",Actual Profit,October,Q4,"-1,430.7904"
"October 19, 2020",Running Sum of Actual Profit along Table (Down),October,Q4,"69,308.0095"
"October 20, 2020",Profit,October,Q4,135.7559
"October 20, 2020",Running Sum of Profit along Day of Order Date,October,Q4,"3,453.2218"
"October 20, 2020",Profit for Month,October,Q4,"9,275.2755"
"October 20, 2020",Max Monthly Profit in Year,October,Q4,"14,751.8915"
"October 20, 2020",Actual Profit,October,Q4,135.7559
"October 20, 2020",Running Sum of Actual Profit along Table (Down),October,Q4,"69,443.7654"
"October 21, 2020",Profit,October,Q4,444.7591
"October 21, 2020",Running Sum of Profit along Day of Order Date,October,Q4,"3,897.9809"
"October 21, 2020",Profit for Month,October,Q4,"9,275.2755"
"October 21, 2020",Max Monthly Profit in Year,October,Q4,"14,751.8915"
"October 21, 2020",Actual Profit,October,Q4,444.7591
"October 21, 2020",Running Sum of Actual Profit along Table (Down),October,Q4,"69,888.5245"
"October 22, 2020",Profit,October,Q4,"4,539.8266"
"October 22, 2020",Running Sum of Profit along Day of Order Date,October,Q4,"8,437.8075"
"October 22, 2020",Profit for Month,October,Q4,"9,275.2755"
"October 22, 2020",Max Monthly Profit in Year,October,Q4,"14,751.8915"
"October 22, 2020",Actual Profit,October,Q4,"4,539.8266"
"October 22, 2020",Running Sum of Actual Profit along Table (Down),October,Q4,"74,428.3511"
"October 23, 2020",Profit,October,Q4,82.3213
"October 23, 2020",Running Sum of Profit along Day of Order Date,October,Q4,"8,520.1288"
"October 23, 2020",Profit for Month,October,Q4,"9,275.2755"
"October 23, 2020",Max Monthly Profit in Year,October,Q4,"14,751.8915"
"October 23, 2020",Actual Profit,October,Q4,82.3213
"October 23, 2020",Running Sum of Actual Profit along Table (Down),October,Q4,"74,510.6724"
"October 24, 2020",Profit,October,Q4,-76.0505
"October 24, 2020",Running Sum of Profit along Day of Order Date,October,Q4,"8,444.0783"
"October 24, 2020",Profit for Month,October,Q4,"9,275.2755"
"October 24, 2020",Max Monthly Profit in Year,October,Q4,"14,751.8915"
"October 24, 2020",Actual Profit,October,Q4,-76.0505
"October 24, 2020",Running Sum of Actual Profit along Table (Down),October,Q4,"74,434.6219"
"October 25, 2020",Profit,October,Q4,
"October 25, 2020",Running Sum of Profit along Day of Order Date,October,Q4,"8,444.0783"
"October 25, 2020",Profit for Month,October,Q4,
"October 25, 2020",Max Monthly Profit in Year,October,Q4,
"October 25, 2020",Actual Profit,October,Q4,0
"October 25, 2020",Running Sum of Actual Profit along Table (Down),October,Q4,"74,434.6219"
"October 26, 2020",Profit,October,Q4,107.7275
"October 26, 2020",Running Sum of Profit along Day of Order Date,October,Q4,"8,551.8058"
"October 26, 2020",Profit for Month,October,Q4,"9,275.2755"
"October 26, 2020",Max Monthly Profit in Year,October,Q4,"14,751.8915"
"October 26, 2020",Actual Profit,October,Q4,107.7275
"October 26, 2020",Running Sum of Actual Profit along Table (Down),October,Q4,"74,542.3494"
"October 27, 2020",Profit,October,Q4,103.8625
"October 27, 2020",Running Sum of Profit along Day of Order Date,October,Q4,"8,655.6683"
"October 27, 2020",Profit for Month,October,Q4,"9,275.2755"
"October 27, 2020",Max Monthly Profit in Year,October,Q4,"14,751.8915"
"October 27, 2020",Actual Profit,October,Q4,103.8625
"October 27, 2020",Running Sum of Actual Profit along Table (Down),October,Q4,"74,646.2119"
"October 28, 2020",Profit,October,Q4,36.1057
"October 28, 2020",Running Sum of Profit along Day of Order Date,October,Q4,"8,691.774"
"October 28, 2020",Profit for Month,October,Q4,"9,275.2755"
"October 28, 2020",Max Monthly Profit in Year,October,Q4,"14,751.8915"
"October 28, 2020",Actual Profit,October,Q4,36.1057
"October 28, 2020",Running Sum of Actual Profit along Table (Down),October,Q4,"74,682.3176"
"October 29, 2020",Profit,October,Q4,22.5408
"October 29, 2020",Running Sum of Profit along Day of Order Date,October,Q4,"8,714.3148"
"October 29, 2020",Profit for Month,October,Q4,"9,275.2755"
"October 29, 2020",Max Monthly Profit in Year,October,Q4,"14,751.8915"
"October 29, 2020",Actual Profit,October,Q4,22.5408
"October 29, 2020",Running Sum of Actual Profit along Table (Down),October,Q4,"74,704.8584"
"October 30, 2020",Profit,October,Q4,518.9913
"October 30, 2020",Running Sum of Profit along Day of Order Date,October,Q4,"9,233.3061"
"October 30, 2020",Profit for Month,October,Q4,"9,275.2755"
"October 30, 2020",Max Monthly Profit in Year,October,Q4,"14,751.8915"
"October 30, 2020",Actual Profit,October,Q4,518.9913
"October 30, 2020",Running Sum of Actual Profit along Table (Down),October,Q4,"75,223.8497"
"October 31, 2020",Profit,October,Q4,41.9694
"October 31, 2020",Running Sum of Profit along Day of Order Date,October,Q4,"9,275.2755"
"October 31, 2020",Profit for Month,October,Q4,"9,275.2755"
"October 31, 2020",Max Monthly Profit in Year,October,Q4,"14,751.8915"
"October 31, 2020",Actual Profit,October,Q4,41.9694
"October 31, 2020",Running Sum of Actual Profit along Table (Down),October,Q4,"75,265.8191"
All,Profit,October,Q4,"9,275.2755"
All,Running Sum of Profit along Day of Order Date,October,Q4,"9,275.2755"
All,Profit for Month,October,Q4,"9,275.2755"
All,Max Monthly Profit in Year,October,Q4,"14,751.8915"
All,Actual Profit,October,Q4,"9,275.2755"
All,Running Sum of Actual Profit along Table (Down),October,Q4,"75,265.8191"
"November 1, 2020",Profit,November,Q4,358.8969
"November 1, 2020",Running Sum of Profit along Day of Order Date,November,Q4,358.8969
"November 1, 2020",Profit for Month,November,Q4,"9,690.103700000"
"November 1, 2020",Max Monthly Profit in Year,November,Q4,"14,751.8915"
"November 1, 2020",Actual Profit,November,Q4,358.8969
"November 1, 2020",Running Sum of Actual Profit along Table (Down),November,Q4,"75,624.716"
"November 2, 2020",Profit,November,Q4,929.1536
"November 2, 2020",Running Sum of Profit along Day of Order Date,November,Q4,"1,288.0505"
"November 2, 2020",Profit for Month,November,Q4,"9,690.103700000"
"November 2, 2020",Max Monthly Profit in Year,November,Q4,"14,751.8915"
"November 2, 2020",Actual Profit,November,Q4,929.1536
"November 2, 2020",Running Sum of Actual Profit along Table (Down),November,Q4,"76,553.8696"
"November 3, 2020",Profit,November,Q4,675.2008
"November 3, 2020",Running Sum of Profit along Day of Order Date,November,Q4,"1,963.2513"
"November 3, 2020",Profit for Month,November,Q4,"9,690.103700000"
"November 3, 2020",Max Monthly Profit in Year,November,Q4,"14,751.8915"
"November 3, 2020",Actual Profit,November,Q4,675.2008
"November 3, 2020",Running Sum of Actual Profit along Table (Down),November,Q4,"77,229.070400000"
"November 4, 2020",Profit,November,Q4,"-3,987.2422"
"November 4, 2020",Running Sum of Profit along Day of Order Date,November,Q4,"-2,023.9909"
"November 4, 2020",Profit for Month,November,Q4,"9,690.103700000"
"November 4, 2020",Max Monthly Profit in Year,November,Q4,"14,751.8915"
"November 4, 2020",Actual Profit,November,Q4,"-3,987.2422"
"November 4, 2020",Running Sum of Actual Profit along Table (Down),November,Q4,"73,241.828200000"
"November 5, 2020",Profit,November,Q4,525.4202
"November 5, 2020",Running Sum of Profit along Day of Order Date,November,Q4,"-1,498.5707"
"November 5, 2020",Profit for Month,November,Q4,"9,690.103700000"
"November 5, 2020",Max Monthly Profit in Year,November,Q4,"14,751.8915"
"November 5, 2020",Actual Profit,November,Q4,525.4202
"November 5, 2020",Running Sum of Actual Profit along Table (Down),November,Q4,"73,767.248400000"
"November 6, 2020",Profit,November,Q4,562.9598
"November 6, 2020",Running Sum of Profit along Day of Order Date,November,Q4,-935.610900000
"November 6, 2020",Profit for Month,November,Q4,"9,690.103700000"
"November 6, 2020",Max Monthly Profit in Year,November,Q4,"14,751.8915"
"November 6, 2020",Actual Profit,November,Q4,562.9598
"November 6, 2020",Running Sum of Actual Profit along Table (Down),November,Q4,"74,330.208200000"
"November 7, 2020",Profit,November,Q4,119.6416
"November 7, 2020",Running Sum of Profit along Day of Order Date,November,Q4,-815.969300000
"November 7, 2020",Profit for Month,November,Q4,"9,690.103700000"
"November 7, 2020",Max Monthly Profit in Year,November,Q4,"14,751.8915"
"November 7, 2020",Actual Profit,November,Q4,119.6416
"November 7, 2020",Running Sum of Actual Profit along Table (Down),November,Q4,"74,449.849800000"
"November 8, 2020",Profit,November,Q4,145.392
"November 8, 2020",Running Sum of Profit along Day of Order Date,November,Q4,-670.577300000
"November 8, 2020",Profit for Month,November,Q4,"9,690.103700000"
"November 8, 2020",Max Monthly Profit in Year,November,Q4,"14,751.8915"
"November 8, 2020",Actual Profit,November,Q4,145.392
"November 8, 2020",Running Sum of Actual Profit along Table (Down),November,Q4,"74,595.241800000"
"November 9, 2020",Profit,November,Q4,"1,219.0435"
"November 9, 2020",Running Sum of Profit along Day of Order Date,November,Q4,548.466200000
"November 9, 2020",Profit for Month,November,Q4,"9,690.103700000"
"November 9, 2020",Max Monthly Profit in Year,November,Q4,"14,751.8915"
"November 9, 2020",Actual Profit,November,Q4,"1,219.0435"
"November 9, 2020",Running Sum of Actual Profit along Table (Down),November,Q4,"75,814.285300000"
"November 10, 2020",Profit,November,Q4,-111.1302
"November 10, 2020",Running Sum of Profit along Day of Order Date,November,Q4,437.336000000
"November 10, 2020",Profit for Month,November,Q4,"9,690.103700000"
"November 10, 2020",Max Monthly Profit in Year,November,Q4,"14,751.8915"
"November 10, 2020",Actual Profit,November,Q4,-111.1302
"November 10, 2020",Running Sum of Actual Profit along Table (Down),November,Q4,"75,703.155100000"
"November 11, 2020",Profit,November,Q4,283.2476
"November 11, 2020",Running Sum of Profit along Day of Order Date,November,Q4,720.5836
"November 11, 2020",Profit for Month,November,Q4,"9,690.103700000"
"November 11, 2020",Max Monthly Profit in Year,November,Q4,"14,751.8915"
"November 11, 2020",Actual Profit,November,Q4,283.2476
"November 11, 2020",Running Sum of Actual Profit along Table (Down),November,Q4,"75,986.402700000"
"November 12, 2020",Profit,November,Q4,-37.835000000
"November 12, 2020",Running Sum of Profit along Day of Order Date,November,Q4,682.7486
"November 12, 2020",Profit for Month,November,Q4,"9,690.103700000"
"November 12, 2020",Max Monthly Profit in Year,November,Q4,"14,751.8915"
"November 12, 2020",Actual Profit,November,Q4,-37.835000000
"November 12, 2020",Running Sum of Actual Profit along Table (Down),November,Q4,"75,948.567700000"
"November 13, 2020",Profit,November,Q4,-398.4248
"November 13, 2020",Running Sum of Profit along Day of Order Date,November,Q4,284.3238
"November 13, 2020",Profit for Month,November,Q4,"9,690.103700000"
"November 13, 2020",Max Monthly Profit in Year,November,Q4,"14,751.8915"
"November 13, 2020",Actual Profit,November,Q4,-398.4248
"November 13, 2020",Running Sum of Actual Profit along Table (Down),November,Q4,"75,550.142900000"
"November 14, 2020",Profit,November,Q4,31.0536
"November 14, 2020",Running Sum of Profit along Day of Order Date,November,Q4,315.3774
"November 14, 2020",Profit for Month,November,Q4,"9,690.103700000"
"November 14, 2020",Max Monthly Profit in Year,November,Q4,"14,751.8915"
"November 14, 2020",Actual Profit,November,Q4,31.0536
"November 14, 2020",Running Sum of Actual Profit along Table (Down),November,Q4,"75,581.196500000"
"November 15, 2020",Profit,November,Q4,55.016
"November 15, 2020",Running Sum of Profit along Day of Order Date,November,Q4,370.3934
"November 15, 2020",Profit for Month,November,Q4,"9,690.103700000"
"November 15, 2020",Max Monthly Profit in Year,November,Q4,"14,751.8915"
"November 15, 2020",Actual Profit,November,Q4,55.016
"November 15, 2020",Running Sum of Actual Profit along Table (Down),November,Q4,"75,636.212500000"
"November 16, 2020",Profit,November,Q4,539.0093
"November 16, 2020",Running Sum of Profit along Day of Order Date,November,Q4,909.4027
"November 16, 2020",Profit for Month,November,Q4,"9,690.103700000"
"November 16, 2020",Max Monthly Profit in Year,November,Q4,"14,751.8915"
"November 16, 2020",Actual Profit,November,Q4,539.0093
"November 16, 2020",Running Sum of Actual Profit along Table (Down),November,Q4,"76,175.221800000"
"November 17, 2020",Profit,November,Q4,"5,895.3981"
"November 17, 2020",Running Sum of Profit along Day of Order Date,November,Q4,"6,804.8008"
"November 17, 2020",Profit for Month,November,Q4,"9,690.103700000"
"November 17, 2020",Max Monthly Profit in Year,November,Q4,"14,751.8915"
"November 17, 2020",Actual Profit,November,Q4,"5,895.3981"
"November 17, 2020",Running Sum of Actual Profit along Table (Down),November,Q4,"82,070.619900000"
"November 18, 2020",Profit,November,Q4,253.8081
"November 18, 2020",Running Sum of Profit along Day of Order Date,November,Q4,"7,058.6089"
"November 18, 2020",Profit for Month,November,Q4,"9,690.103700000"
"November 18, 2020",Max Monthly Profit in Year,November,Q4,"14,751.8915"
"November 18, 2020",Actual Profit,November,Q4,253.8081
"November 18, 2020",Running Sum of Actual Profit along Table (Down),November,Q4,"82,324.428000000"
"November 19, 2020",Profit,November,Q4,"-1,659.0309"
"November 19, 2020",Running Sum of Profit along Day of Order Date,November,Q4,"5,399.578"
"November 19, 2020",Profit for Month,November,Q4,"9,690.103700000"
"November 19, 2020",Max Monthly Profit in Year,November,Q4,"14,751.8915"
"November 19, 2020",Actual Profit,November,Q4,"-1,659.0309"
"November 19, 2020",Running Sum of Actual Profit along Table (Down),November,Q4,"80,665.397100000"
"November 20, 2020",Profit,November,Q4,555.2368
"November 20, 2020",Running Sum of Profit along Day of Order Date,November,Q4,"5,954.8148"
"November 20, 2020",Profit for Month,November,Q4,"9,690.103700000"
"November 20, 2020",Max Monthly Profit in Year,November,Q4,"14,751.8915"
"November 20, 2020",Actual Profit,November,Q4,555.2368
"November 20, 2020",Running Sum of Actual Profit along Table (Down),November,Q4,"81,220.633900000"
"November 21, 2020",Profit,November,Q4,301.3298
"November 21, 2020",Running Sum of Profit along Day of Order Date,November,Q4,"6,256.1446"
"November 21, 2020",Profit for Month,November,Q4,"9,690.103700000"
"November 21, 2020",Max Monthly Profit in Year,November,Q4,"14,751.8915"
"November 21, 2020",Actual Profit,November,Q4,301.3298
"November 21, 2020",Running Sum of Actual Profit along Table (Down),November,Q4,"81,521.963700000"
"November 22, 2020",Profit,November,Q4,2.232
"November 22, 2020",Running Sum of Profit along Day of Order Date,November,Q4,"6,258.3766"
"November 22, 2020",Profit for Month,November,Q4,"9,690.103700000"
"November 22, 2020",Max Monthly Profit in Year,November,Q4,"14,751.8915"
"November 22, 2020",Actual Profit,November,Q4,2.232
"November 22, 2020",Running Sum of Actual Profit along Table (Down),November,Q4,"81,524.195700000"
"November 23, 2020",Profit,November,Q4,213.4873
"November 23, 2020",Running Sum of Profit along Day of Order Date,November,Q4,"6,471.8639"
"November 23, 2020",Profit for Month,November,Q4,"9,690.103700000"
"November 23, 2020",Max Monthly Profit in Year,November,Q4,"14,751.8915"
"November 23, 2020",Actual Profit,November,Q4,213.4873
"November 23, 2020",Running Sum of Actual Profit along Table (Down),November,Q4,"81,737.683000000"
"November 24, 2020",Profit,November,Q4,935.9258
"November 24, 2020",Running Sum of Profit along Day of Order Date,November,Q4,"7,407.7897"
"November 24, 2020",Profit for Month,November,Q4,"9,690.103700000"
"November 24, 2020",Max Monthly Profit in Year,November,Q4,"14,751.8915"
"November 24, 2020",Actual Profit,November,Q4,935.9258
"November 24, 2020",Running Sum of Actual Profit along Table (Down),November,Q4,"82,673.608800000"
"November 25, 2020",Profit,November,Q4,-58.567800000
"November 25, 2020",Running Sum of Profit along Day of Order Date,November,Q4,"7,349.2219"
"November 25, 2020",Profit for Month,November,Q4,"9,690.103700000"
"November 25, 2020",Max Monthly Profit in Year,November,Q4,"14,751.8915"
"November 25, 2020",Actual Profit,November,Q4,-58.567800000
"November 25, 2020",Running Sum of Actual Profit along Table (Down),November,Q4,"82,615.041000000"
"November 26, 2020",Profit,November,Q4,"1,251.3574"
"November 26, 2020",Running Sum of Profit along Day of Order Date,November,Q4,"8,600.5793"
"November 26, 2020",Profit for Month,November,Q4,"9,690.103700000"
"November 26, 2020",Max Monthly Profit in Year,November,Q4,"14,751.8915"
"November 26, 2020",Actual Profit,November,Q4,"1,251.3574"
"November 26, 2020",Running Sum of Actual Profit along Table (Down),November,Q4,"83,866.398400000"
"November 27, 2020",Profit,November,Q4,643.252
"November 27, 2020",Running Sum of Profit along Day of Order Date,November,Q4,"9,243.8313"
"November 27, 2020",Profit for Month,November,Q4,"9,690.103700000"
"November 27, 2020",Max Monthly Profit in Year,November,Q4,"14,751.8915"
"November 27, 2020",Actual Profit,November,Q4,643.252
"November 27, 2020",Running Sum of Actual Profit along Table (Down),November,Q4,"84,509.650400000"
"November 28, 2020",Profit,November,Q4,328.9202
"November 28, 2020",Running Sum of Profit along Day of Order Date,November,Q4,"9,572.7515"
"November 28, 2020",Profit for Month,November,Q4,"9,690.103700000"
"November 28, 2020",Max Monthly Profit in Year,November,Q4,"14,751.8915"
"November 28, 2020",Actual Profit,November,Q4,328.9202
"November 28, 2020",Running Sum of Actual Profit along Table (Down),November,Q4,"84,838.570600000"
"November 29, 2020",Profit,November,Q4,67.831
"November 29, 2020",Running Sum of Profit along Day of Order Date,November,Q4,"9,640.5825"
"November 29, 2020",Profit for Month,November,Q4,"9,690.103700000"
"November 29, 2020",Max Monthly Profit in Year,November,Q4,"14,751.8915"
"November 29, 2020",Actual Profit,November,Q4,67.831
"November 29, 2020",Running Sum of Actual Profit along Table (Down),November,Q4,"84,906.401600000"
"November 30, 2020",Profit,November,Q4,49.521200000
"November 30, 2020",Running Sum of Profit along Day of Order Date,November,Q4,"9,690.1037"
"November 30, 2020",Profit for Month,November,Q4,"9,690.103700000"
"November 30, 2020",Max Monthly Profit in Year,November,Q4,"14,751.8915"
"November 30, 2020",Actual Profit,November,Q4,49.521200000
"November 30, 2020",Running Sum of Actual Profit along Table (Down),November,Q4,"84,955.922800000"
All,Profit,November,Q4,"9,690.103700000"
All,Running Sum of Profit along Day of Order Date,November,Q4,"9,690.103700000"
All,Profit for Month,November,Q4,"9,690.103700000"
All,Max Monthly Profit in Year,November,Q4,"14,751.8915"
All,Actual Profit,November,Q4,"9,690.103700000"
All,Running Sum of Actual Profit along Table (Down),November,Q4,"84,955.9228"
"December 1, 2020",Profit,December,Q4,718.892
"December 1, 2020",Running Sum of Profit along Day of Order Date,December,Q4,718.892
"December 1, 2020",Profit for Month,December,Q4,"8,483.3468"
"December 1, 2020",Max Monthly Profit in Year,December,Q4,"14,751.8915"
"December 1, 2020",Actual Profit,December,Q4,718.892
"December 1, 2020",Running Sum of Actual Profit along Table (Down),December,Q4,"85,674.814800000"
"December 2, 2020",Profit,December,Q4,-7.341000000
"December 2, 2020",Running Sum of Profit along Day of Order Date,December,Q4,711.551
"December 2, 2020",Profit for Month,December,Q4,"8,483.3468"
"December 2, 2020",Max Monthly Profit in Year,December,Q4,"14,751.8915"
"December 2, 2020",Actual Profit,December,Q4,-7.341000000
"December 2, 2020",Running Sum of Actual Profit along Table (Down),December,Q4,"85,667.473800000"
"December 3, 2020",Profit,December,Q4,280.7407
"December 3, 2020",Running Sum of Profit along Day of Order Date,December,Q4,992.2917
"December 3, 2020",Profit for Month,December,Q4,"8,483.3468"
"December 3, 2020",Max Monthly Profit in Year,December,Q4,"14,751.8915"
"December 3, 2020",Actual Profit,December,Q4,280.7407
"December 3, 2020",Running Sum of Actual Profit along Table (Down),December,Q4,"85,948.2145"
"December 4, 2020",Profit,December,Q4,-21.988100000
"December 4, 2020",Running Sum of Profit along Day of Order Date,December,Q4,970.3036
"December 4, 2020",Profit for Month,December,Q4,"8,483.3468"
"December 4, 2020",Max Monthly Profit in Year,December,Q4,"14,751.8915"
"December 4, 2020",Actual Profit,December,Q4,-21.988100000
"December 4, 2020",Running Sum of Actual Profit along Table (Down),December,Q4,"85,926.2264"
"December 5, 2020",Profit,December,Q4,447.6235
"December 5, 2020",Running Sum of Profit along Day of Order Date,December,Q4,"1,417.9271"
"December 5, 2020",Profit for Month,December,Q4,"8,483.3468"
"December 5, 2020",Max Monthly Profit in Year,December,Q4,"14,751.8915"
"December 5, 2020",Actual Profit,December,Q4,447.6235
"December 5, 2020",Running Sum of Actual Profit along Table (Down),December,Q4,"86,373.8499"
"December 6, 2020",Profit,December,Q4,2.8836
"December 6, 2020",Running Sum of Profit along Day of Order Date,December,Q4,"1,420.8107"
"December 6, 2020",Profit for Month,December,Q4,"8,483.3468"
"December 6, 2020",Max Monthly Profit in Year,December,Q4,"14,751.8915"
"December 6, 2020",Actual Profit,December,Q4,2.8836
"December 6, 2020",Running Sum of Actual Profit along Table (Down),December,Q4,"86,376.7335"
"December 7, 2020",Profit,December,Q4,"-2,686.6673"
"December 7, 2020",Running Sum of Profit along Day of Order Date,December,Q4,"-1,265.8566"
"December 7, 2020",Profit for Month,December,Q4,"8,483.3468"
"December 7, 2020",Max Monthly Profit in Year,December,Q4,"14,751.8915"
"December 7, 2020",Actual Profit,December,Q4,"-2,686.6673"
"December 7, 2020",Running Sum of Actual Profit along Table (Down),December,Q4,"83,690.0662"
"December 8, 2020",Profit,December,Q4,"1,154.6045"
"December 8, 2020",Running Sum of Profit along Day of Order Date,December,Q4,-111.252100000
"December 8, 2020",Profit for Month,December,Q4,"8,483.3468"
"December 8, 2020",Max Monthly Profit in Year,December,Q4,"14,751.8915"
"December 8, 2020",Actual Profit,December,Q4,"1,154.6045"
"December 8, 2020",Running Sum of Actual Profit along Table (Down),December,Q4,"84,844.6707"
"December 9, 2020",Profit,December,Q4,"1,487.1418"
"December 9, 2020",Running Sum of Profit along Day of Order Date,December,Q4,"1,375.8897"
"December 9, 2020",Profit for Month,December,Q4,"8,483.3468"
"December 9, 2020",Max Monthly Profit in Year,December,Q4,"14,751.8915"
"December 9, 2020",Actual Profit,December,Q4,"1,487.1418"
"December 9, 2020",Running Sum of Actual Profit along Table (Down),December,Q4,"86,331.8125"
"December 10, 2020",Profit,December,Q4,715.5696
"December 10, 2020",Running Sum of Profit along Day of Order Date,December,Q4,"2,091.4593"
"December 10, 2020",Profit for Month,December,Q4,"8,483.3468"
"December 10, 2020",Max Monthly Profit in Year,December,Q4,"14,751.8915"
"December 10, 2020",Actual Profit,December,Q4,715.5696
"December 10, 2020",Running Sum of Actual Profit along Table (Down),December,Q4,"87,047.3821"
"December 11, 2020",Profit,December,Q4,-82.408900000
"December 11, 2020",Running Sum of Profit along Day of Order Date,December,Q4,"2,009.0504"
"December 11, 2020",Profit for Month,December,Q4,"8,483.3468"
"December 11, 2020",Max Monthly Profit in Year,December,Q4,"14,751.8915"
"December 11, 2020",Actual Profit,December,Q4,-82.408900000
"December 11, 2020",Running Sum of Actual Profit along Table (Down),December,Q4,"86,964.973200000"
"December 12, 2020",Profit,December,Q4,
"December 12, 2020",Running Sum of Profit along Day of Order Date,December,Q4,"2,009.0504"
"December 12, 2020",Profit for Month,December,Q4,
"December 12, 2020",Max Monthly Profit in Year,December,Q4,
"December 12, 2020",Actual Profit,December,Q4,0
"December 12, 2020",Running Sum of Actual Profit along Table (Down),December,Q4,"86,964.973200000"
"December 13, 2020",Profit,December,Q4,99.2154
"December 13, 2020",Running Sum of Profit along Day of Order Date,December,Q4,"2,108.2658"
"December 13, 2020",Profit for Month,December,Q4,"8,483.3468"
"December 13, 2020",Max Monthly Profit in Year,December,Q4,"14,751.8915"
"December 13, 2020",Actual Profit,December,Q4,99.2154
"December 13, 2020",Running Sum of Actual Profit along Table (Down),December,Q4,"87,064.188600000"
"December 14, 2020",Profit,December,Q4,215.25
"December 14, 2020",Running Sum of Profit along Day of Order Date,December,Q4,"2,323.5158"
"December 14, 2020",Profit for Month,December,Q4,"8,483.3468"
"December 14, 2020",Max Monthly Profit in Year,December,Q4,"14,751.8915"
"December 14, 2020",Actual Profit,December,Q4,215.25
"December 14, 2020",Running Sum of Actual Profit along Table (Down),December,Q4,"87,279.438600000"
"December 15, 2020",Profit,December,Q4,52.5946
"December 15, 2020",Running Sum of Profit along Day of Order Date,December,Q4,"2,376.1104"
"December 15, 2020",Profit for Month,December,Q4,"8,483.3468"
"December 15, 2020",Max Monthly Profit in Year,December,Q4,"14,751.8915"
"December 15, 2020",Actual Profit,December,Q4,52.5946
"December 15, 2020",Running Sum of Actual Profit along Table (Down),December,Q4,"87,332.0332"
"December 16, 2020",Profit,December,Q4,171.2212
"December 16, 2020",Running Sum of Profit along Day of Order Date,December,Q4,"2,547.3316"
"December 16, 2020",Profit for Month,December,Q4,"8,483.3468"
"December 16, 2020",Max Monthly Profit in Year,December,Q4,"14,751.8915"
"December 16, 2020",Actual Profit,December,Q4,171.2212
"December 16, 2020",Running Sum of Actual Profit along Table (Down),December,Q4,"87,503.2544"
"December 17, 2020",Profit,December,Q4,303.0905
"December 17, 2020",Running Sum of Profit along Day of Order Date,December,Q4,"2,850.4221"
"December 17, 2020",Profit for Month,December,Q4,"8,483.3468"
"December 17, 2020",Max Monthly Profit in Year,December,Q4,"14,751.8915"
"December 17, 2020",Actual Profit,December,Q4,303.0905
"December 17, 2020",Running Sum of Actual Profit along Table (Down),December,Q4,"87,806.344900000"
"December 18, 2020",Profit,December,Q4,840.8157
"December 18, 2020",Running Sum of Profit along Day of Order Date,December,Q4,"3,691.2378"
"December 18, 2020",Profit for Month,December,Q4,"8,483.3468"
"December 18, 2020",Max Monthly Profit in Year,December,Q4,"14,751.8915"
"December 18, 2020",Actual Profit,December,Q4,840.8157
"December 18, 2020",Running Sum of Actual Profit along Table (Down),December,Q4,"88,647.160600000"
"December 19, 2020",Profit,December,Q4,-152.4596
"December 19, 2020",Running Sum of Profit along Day of Order Date,December,Q4,"3,538.7782"
"December 19, 2020",Profit for Month,December,Q4,"8,483.3468"
"December 19, 2020",Max Monthly Profit in Year,December,Q4,"14,751.8915"
"December 19, 2020",Actual Profit,December,Q4,-152.4596
"December 19, 2020",Running Sum of Actual Profit along Table (Down),December,Q4,"88,494.701000000"
"December 20, 2020",Profit,December,Q4,176.9115
"December 20, 2020",Running Sum of Profit along Day of Order Date,December,Q4,"3,715.6897"
"December 20, 2020",Profit for Month,December,Q4,"8,483.3468"
"December 20, 2020",Max Monthly Profit in Year,December,Q4,"14,751.8915"
"December 20, 2020",Actual Profit,December,Q4,176.9115
"December 20, 2020",Running Sum of Actual Profit along Table (Down),December,Q4,"88,671.612500000"
"December 21, 2020",Profit,December,Q4,570.7615
"December 21, 2020",Running Sum of Profit along Day of Order Date,December,Q4,"4,286.4512"
"December 21, 2020",Profit for Month,December,Q4,"8,483.3468"
"December 21, 2020",Max Monthly Profit in Year,December,Q4,"14,751.8915"
"December 21, 2020",Actual Profit,December,Q4,570.7615
"December 21, 2020",Running Sum of Actual Profit along Table (Down),December,Q4,"89,242.374000000"
"December 22, 2020",Profit,December,Q4,957.1227
"December 22, 2020",Running Sum of Profit along Day of Order Date,December,Q4,"5,243.5739"
"December 22, 2020",Profit for Month,December,Q4,"8,483.3468"
"December 22, 2020",Max Monthly Profit in Year,December,Q4,"14,751.8915"
"December 22, 2020",Actual Profit,December,Q4,957.1227
"December 22, 2020",Running Sum of Actual Profit along Table (Down),December,Q4,"90,199.4967"
"December 23, 2020",Profit,December,Q4,284.0978
"December 23, 2020",Running Sum of Profit along Day of Order Date,December,Q4,"5,527.6717"
"December 23, 2020",Profit for Month,December,Q4,"8,483.3468"
"December 23, 2020",Max Monthly Profit in Year,December,Q4,"14,751.8915"
"December 23, 2020",Actual Profit,December,Q4,284.0978
"December 23, 2020",Running Sum of Actual Profit along Table (Down),December,Q4,"90,483.594500000"
"December 24, 2020",Profit,December,Q4,"1,568.2397"
"December 24, 2020",Running Sum of Profit along Day of Order Date,December,Q4,"7,095.9114"
"December 24, 2020",Profit for Month,December,Q4,"8,483.3468"
"December 24, 2020",Max Monthly Profit in Year,December,Q4,"14,751.8915"
"December 24, 2020",Actual Profit,December,Q4,"1,568.2397"
"December 24, 2020",Running Sum of Actual Profit along Table (Down),December,Q4,"92,051.834200000"
"December 25, 2020",Profit,December,Q4,359.2003
"December 25, 2020",Running Sum of Profit along Day of Order Date,December,Q4,"7,455.1117"
"December 25, 2020",Profit for Month,December,Q4,"8,483.3468"
"December 25, 2020",Max Monthly Profit in Year,December,Q4,"14,751.8915"
"December 25, 2020",Actual Profit,December,Q4,359.2003
"December 25, 2020",Running Sum of Actual Profit along Table (Down),December,Q4,"92,411.034500000"
"December 26, 2020",Profit,December,Q4,61.1202
"December 26, 2020",Running Sum of Profit along Day of Order Date,December,Q4,"7,516.2319"
"December 26, 2020",Profit for Month,December,Q4,"8,483.3468"
"December 26, 2020",Max Monthly Profit in Year,December,Q4,"14,751.8915"
"December 26, 2020",Actual Profit,December,Q4,61.1202
"December 26, 2020",Running Sum of Actual Profit along Table (Down),December,Q4,"92,472.154700000"
"December 27, 2020",Profit,December,Q4,-31.9742
"December 27, 2020",Running Sum of Profit along Day of Order Date,December,Q4,"7,484.2577"
"December 27, 2020",Profit for Month,December,Q4,"8,483.3468"
"December 27, 2020",Max Monthly Profit in Year,December,Q4,"14,751.8915"
"December 27, 2020",Actual Profit,December,Q4,-31.9742
"December 27, 2020",Running Sum of Actual Profit along Table (Down),December,Q4,"92,440.180500000"
"December 28, 2020",Profit,December,Q4,253.1188
"December 28, 2020",Running Sum of Profit along Day of Order Date,December,Q4,"7,737.3765"
"December 28, 2020",Profit for Month,December,Q4,"8,483.3468"
"December 28, 2020",Max Monthly Profit in Year,December,Q4,"14,751.8915"
"December 28, 2020",Actual Profit,December,Q4,253.1188
"December 28, 2020",Running Sum of Actual Profit along Table (Down),December,Q4,"92,693.299300000"
"December 29, 2020",Profit,December,Q4,644.4338
"December 29, 2020",Running Sum of Profit along Day of Order Date,December,Q4,"8,381.8103"
"December 29, 2020",Profit for Month,December,Q4,"8,483.3468"
"December 29, 2020",Max Monthly Profit in Year,December,Q4,"14,751.8915"
"December 29, 2020",Actual Profit,December,Q4,644.4338
"December 29, 2020",Running Sum of Actual Profit along Table (Down),December,Q4,"93,337.733100000"
"December 30, 2020",Profit,December,Q4,101.5365
"December 30, 2020",Running Sum of Profit along Day of Order Date,December,Q4,"8,483.3468"
"December 30, 2020",Profit for Month,December,Q4,"8,483.3468"
"December 30, 2020",Max Monthly Profit in Year,December,Q4,"14,751.8915"
"December 30, 2020",Actual Profit,December,Q4,101.5365
"December 30, 2020",Running Sum of Actual Profit along Table (Down),December,Q4,"93,439.269600000"
All,Profit,December,Q4,"8,483.3468"
All,Running Sum of Profit along Day of Order Date,December,Q4,"8,483.3468"
All,Profit for Month,December,Q4,"8,483.3468"
All,Max Monthly Profit in Year,December,Q4,"14,751.8915"
All,Actual Profit,December,Q4,"8,483.3468"
All,Running Sum of Actual Profit along Table (Down),December,Q4,"93,439.2696"
