Customer Name,Order ID,Quantity,Sales
Aaron Bergman,CA-2017-152905,2,$13
Aaron Bergman,CA-2017-156587,7,$310
Aaron Bergman,CA-2019-140935,4,$564
Aaron Hawkins,CA-2017-113768,8,$287
Aaron Hawkins,CA-2017-122070,11,$258
Aaron Hawkins,CA-2017-157644,6,$54
Aaron Hawkins,CA-2018-130113,11,$991
Aaron Hawkins,CA-2019-162747,7,$86
Aaron Hawkins,CA-2020-164000,7,$19
Aaron Hawkins,US-2017-158400,4,$49
Aaron Smayling,CA-2019-148747,2,$478
Aaron Smayling,CA-2019-162901,2,$31
Aaron Smayling,CA-2020-101749,3,$171
Aaron Smayling,CA-2020-113481,13,$740
Aaron Smayling,CA-2020-162691,10,"$1,476"
Aaron Smayling,US-2017-150126,11,$66
Aaron Smayling,US-2020-147655,7,$88
Adam Bellavance,CA-2018-150511,2,$19
Adam Bellavance,CA-2019-129714,12,"$4,439"
Adam Bellavance,CA-2019-161207,3,$28
Adam Bellavance,CA-2020-107174,12,"$2,595"
Adam Bellavance,CA-2020-118213,14,$240
Adam Bellavance,CA-2020-134173,4,$21
Adam Bellavance,CA-2020-159688,1,$80
Adam Bellavance,US-2019-108637,8,$334
Adam Hart,CA-2017-160066,2,$5
Adam Hart,CA-2018-161795,2,$3
Adam Hart,CA-2019-144015,9,$262
Adam Hart,CA-2019-147109,13,$217
Adam Hart,CA-2019-149797,2,$842
Adam Hart,CA-2020-112004,7,$199
Adam Hart,CA-2020-118857,5,$196
Adam Hart,CA-2020-125451,22,"$1,170"
Adam Hart,CA-2020-145702,10,$342
Adam Hart,CA-2020-165029,3,$13
Adam Shillingsburg,CA-2017-132913,1,$14
Adam Shillingsburg,CA-2017-156160,12,$694
Adam Shillingsburg,CA-2018-127509,16,"$1,085"
Adam Shillingsburg,CA-2019-104311,8,$37
Adam Shillingsburg,CA-2019-119865,13,$576
Adam Shillingsburg,CA-2019-150007,5,$8
Adam Shillingsburg,CA-2020-136448,12,$684
Adam Shillingsburg,CA-2020-145877,11,$123
Adam Shillingsburg,US-2020-108063,3,$35
Adrian Barton,CA-2017-103100,4,"$1,108"
Adrian Barton,CA-2018-163181,25,$671
Adrian Barton,CA-2019-117121,13,"$9,893"
Adrian Barton,CA-2019-147431,2,$118
Adrian Barton,CA-2020-101042,8,$844
Adrian Barton,CA-2020-121643,2,$345
Adrian Barton,CA-2020-126788,3,$470
Adrian Barton,CA-2020-140781,3,$40
Adrian Barton,CA-2020-153822,10,$592
Adrian Barton,US-2019-122245,3,$393
Adrian Hane,CA-2017-123295,4,$259
Adrian Hane,CA-2019-135594,7,$50
Adrian Hane,CA-2019-145261,25,$610
Adrian Hane,CA-2020-107958,9,$169
Adrian Hane,CA-2020-131632,2,$5
Adrian Hane,CA-2020-150987,9,$440
Adrian Hane,CA-2020-151211,9,$201
Adrian Shami,CA-2019-149461,1,$4
Adrian Shami,CA-2020-162929,8,$55
Aimee Bixby,CA-2017-169061,16,$706
Aimee Bixby,CA-2018-168186,3,$15
Aimee Bixby,CA-2019-147970,3,$16
Aimee Bixby,CA-2020-120761,4,$92
Aimee Bixby,CA-2020-158876,11,$139
Alan Barnes,CA-2018-115945,8,$414
Alan Barnes,CA-2018-131534,6,$200
Alan Barnes,CA-2018-144043,4,$47
Alan Barnes,CA-2020-126634,5,$94
Alan Barnes,CA-2020-131212,9,$40
Alan Barnes,CA-2020-144932,9,$118
Alan Barnes,CA-2020-145737,5,$164
Alan Barnes,US-2017-139500,2,$37
Alan Dominguez,CA-2017-128062,1,$6
Alan Dominguez,CA-2018-120439,6,$51
Alan Dominguez,CA-2018-124268,3,$15
Alan Dominguez,CA-2020-127432,13,"$4,189"
Alan Dominguez,CA-2020-143245,6,$917
Alan Dominguez,CA-2020-160416,4,$164
Alan Dominguez,US-2017-152030,3,$601
Alan Dominguez,US-2020-136784,4,$164
Alan Haines,CA-2018-125185,4,$133
Alan Haines,CA-2019-112697,14,"$1,410"
Alan Haines,CA-2020-123043,5,$28
Alan Haines,CA-2020-154732,5,$16
Alan Hwang,CA-2017-153983,7,$606
Alan Hwang,CA-2018-155040,2,$80
Alan Hwang,CA-2018-165050,13,$802
Alan Hwang,CA-2019-166485,2,$16
Alan Hwang,CA-2020-104080,7,$175
Alan Hwang,CA-2020-146983,3,"$1,578"
Alan Hwang,CA-2020-147956,6,"$1,004"
Alan Hwang,CA-2020-166919,5,$196
Alan Hwang,US-2020-148831,8,$349
Alan Schoenberger,CA-2017-110408,14,"$2,217"
Alan Schoenberger,CA-2018-144253,2,$27
Alan Schoenberger,CA-2019-143154,3,$166
Alan Schoenberger,CA-2020-112515,21,"$1,782"
Alan Schoenberger,CA-2020-117926,1,$69
Alan Shonely,CA-2017-128538,1,$8
Alan Shonely,CA-2017-149958,14,$371
Alan Shonely,CA-2018-143700,2,$10
Alan Shonely,CA-2018-150749,2,$6
Alan Shonely,CA-2019-114405,6,$70
Alan Shonely,CA-2019-118913,3,$61
Alan Shonely,CA-2020-101049,11,$59
Alejandro Ballentine,CA-2017-122679,6,$20
Alejandro Ballentine,CA-2018-110093,4,$53
Alejandro Ballentine,CA-2018-142055,2,$38
Alejandro Ballentine,CA-2019-151155,6,$34
Alejandro Ballentine,CA-2019-151323,5,$17
Alejandro Ballentine,CA-2020-126662,2,$480
Alejandro Ballentine,CA-2020-127705,3,$30
Alejandro Ballentine,CA-2020-155873,9,$228
Alejandro Ballentine,US-2019-158708,2,$14
Alejandro Grove,CA-2017-103058,2,$100
Alejandro Grove,CA-2017-167164,2,$56
Alejandro Grove,CA-2018-153738,6,$38
Alejandro Grove,CA-2019-105732,46,"$2,375"
Alejandro Grove,CA-2020-139416,2,$15
Alejandro Savely,CA-2019-114209,11,$85
Alejandro Savely,CA-2019-134775,10,$100
Alejandro Savely,CA-2019-163755,3,$210
Alejandro Savely,CA-2020-149706,7,$116
Alejandro Savely,US-2019-106677,2,$24
Alejandro Savely,US-2019-164196,6,"$2,679"
Aleksandra Gannaway,CA-2017-147298,9,$249
Aleksandra Gannaway,CA-2018-166800,4,$31
Aleksandra Gannaway,CA-2019-143749,1,$82
Aleksandra Gannaway,CA-2020-161823,2,$6
Alex Avila,CA-2017-128055,4,$727
Alex Avila,CA-2017-138100,5,$30
Alex Avila,CA-2018-121391,2,$27
Alex Avila,CA-2019-103982,14,"$4,406"
Alex Avila,CA-2020-147039,5,$374
Alex Grayson,CA-2019-104150,15,$249
Alex Grayson,CA-2020-104927,15,$108
Alex Grayson,CA-2020-107748,6,$109
Alex Grayson,CA-2020-108287,9,$13
Alex Grayson,CA-2020-142909,2,$183
Alex Russell,CA-2018-139374,1,$180
Alex Russell,CA-2020-126396,6,$85
Alex Russell,CA-2020-126438,2,$15
Alex Russell,US-2017-115189,9,$776
Alice McCarthy,CA-2017-132542,2,$15
Alice McCarthy,CA-2019-157000,6,$57
Alice McCarthy,CA-2020-109701,19,$179
Alice McCarthy,CA-2020-161340,7,$130
Alice McCarthy,US-2018-107944,14,$433
Allen Armold,CA-2017-130729,3,$34
Allen Armold,CA-2017-158064,5,$17
Allen Armold,CA-2018-109939,2,$5
Allen Armold,CA-2018-114503,6,$85
Allen Armold,CA-2018-140921,5,$178
Allen Armold,CA-2019-126613,2,$17
Allen Armold,CA-2019-131065,5,$514
Allen Armold,CA-2020-100230,6,$150
Allen Armold,US-2020-169488,7,$57
Allen Goldenen,CA-2017-125171,5,$14
Allen Goldenen,CA-2017-158470,14,$129
Allen Goldenen,CA-2019-109820,8,$33
Allen Goldenen,CA-2019-136483,2,$5
Allen Goldenen,CA-2020-107244,4,$20
Allen Rosenblatt,CA-2017-157882,4,$266
Allen Rosenblatt,CA-2018-164427,6,$240
Allen Rosenblatt,CA-2020-140844,10,$201
Allen Rosenblatt,CA-2020-149468,2,$41
Allen Rosenblatt,US-2020-134481,7,"$1,488"
Alyssa Crouse,CA-2017-129924,5,$706
Alyssa Crouse,CA-2019-144400,3,$58
Alyssa Crouse,US-2020-158218,9,$162
Alyssa Tate,CA-2017-111360,3,$6
Alyssa Tate,CA-2017-120243,4,$12
Alyssa Tate,CA-2018-133977,1,$3
Alyssa Tate,CA-2019-100468,4,$43
Alyssa Tate,CA-2020-102407,12,"$1,096"
Alyssa Tate,CA-2020-106355,4,$11
Amy Cox,CA-2018-164441,14,$70
Amy Cox,CA-2019-116232,11,$24
Amy Cox,CA-2019-163573,5,"$1,220"
Amy Cox,CA-2020-141789,2,"$1,794"
Amy Cox,CA-2020-158729,2,"$1,666"
Amy Cox,US-2017-167262,8,$742
Amy Cox,US-2018-106495,1,$12
Amy Hunt,CA-2018-141243,17,"$1,758"
Amy Hunt,CA-2018-151547,8,$89
Amy Hunt,CA-2019-126165,2,$71
Amy Hunt,CA-2020-115546,5,$563
Amy Hunt,CA-2020-145275,3,$15
Andrew Allen,CA-2017-155271,2,$27
Andrew Allen,CA-2019-114601,15,"$1,158"
Andrew Allen,CA-2019-121671,16,$590
Andrew Allen,CA-2020-114412,3,$16
Andrew Gjertsen,CA-2018-104241,14,$192
Andrew Gjertsen,CA-2018-111948,9,$542
Andrew Gjertsen,CA-2018-118738,12,$373
Andrew Gjertsen,CA-2018-142692,1,$4
Andrew Gjertsen,CA-2018-156146,4,$174
Andrew Gjertsen,CA-2018-162201,35,$938
Andrew Gjertsen,CA-2019-168921,3,$19
Andrew Gjertsen,CA-2020-132976,15,$114
Andrew Roberts,CA-2017-115056,3,$26
Andrew Roberts,CA-2018-112319,9,$58
Andrew Roberts,CA-2019-147536,3,$90
Andrew Roberts,CA-2020-111808,5,$11
Andrew Roberts,US-2017-105767,13,$80
Andy Gerbode,CA-2017-158281,3,$560
Andy Gerbode,CA-2017-167850,5,$194
Andy Gerbode,CA-2018-164084,16,$655
Andy Gerbode,CA-2018-169572,9,$47
Andy Reiter,CA-2017-122588,2,$53
Andy Reiter,CA-2018-123505,3,$15
Andy Reiter,CA-2019-138037,5,$27
Andy Reiter,CA-2020-138289,14,"$5,803"
Andy Reiter,CA-2020-154935,3,$18
Andy Reiter,US-2018-136987,6,$693
Andy Yotov,CA-2017-101427,3,$8
Andy Yotov,CA-2017-102652,13,$200
Andy Yotov,CA-2019-139934,7,$67
Andy Yotov,CA-2020-137428,11,$222
Anemone Ratner,CA-2019-157588,6,$88
Angele Hood,CA-2017-162278,9,$448
Angele Hood,CA-2019-160479,5,$35
Angele Hood,CA-2020-109715,2,$16
Angele Hood,US-2020-152492,1,$239
Ann Blume,CA-2017-115336,5,$14
Ann Blume,CA-2018-111234,3,$9
Ann Blume,CA-2018-158323,2,$17
Ann Blume,US-2020-155425,28,"$1,475"
Ann Chong,CA-2018-100734,6,$151
Ann Chong,CA-2020-101637,2,$13
Ann Chong,CA-2020-136007,10,$80
Ann Chong,CA-2020-157987,40,"$2,256"
Ann Chong,CA-2020-169411,1,$38
Ann Steele,CA-2017-101392,7,$269
Ann Steele,CA-2017-162684,2,$6
Ann Steele,CA-2020-100314,9,$372
Ann Steele,CA-2020-124597,8,$32
Ann Steele,US-2018-146745,4,$136
Ann Steele,US-2019-155404,2,$13
Ann Steele,US-2020-129224,2,$5
Anna Andreadi,CA-2017-143210,7,$328
Anna Andreadi,CA-2017-154963,11,"$1,107"
Anna Andreadi,CA-2018-110863,12,"$1,971"
Anna Andreadi,CA-2019-131205,16,$292
Anna Andreadi,CA-2019-147137,16,"$1,376"
Anna Andreadi,CA-2020-157196,2,$13
Anna Chung,CA-2019-134544,2,$85
Anna Chung,CA-2019-158617,6,$36
Anna Chung,CA-2019-161928,2,$202
Anna Chung,CA-2020-135650,2,$144
Anna Chung,US-2017-122021,4,$191
Anna Gayman,CA-2018-137512,6,$260
Anna Gayman,CA-2019-108987,13,"$2,621"
Anna Gayman,CA-2019-133368,10,$405
Anna Gayman,CA-2020-101483,10,$61
Anna Gayman,CA-2020-163335,10,$79
Anna Gayman,US-2020-104094,1,$13
Anna Gayman,US-2020-146822,4,$49
Anna Häberlin,CA-2017-160276,2,$178
Anna Häberlin,CA-2018-110548,7,$946
Anna Häberlin,CA-2018-112214,16,$73
Anna Häberlin,CA-2018-113628,19,$793
Anna Häberlin,CA-2018-139780,8,$116
Anna Häberlin,CA-2018-166604,3,$18
Anna Häberlin,CA-2019-113831,22,"$4,317"
Anna Häberlin,CA-2019-138282,8,$88
Anna Häberlin,CA-2019-144148,7,$863
Anna Häberlin,CA-2019-145709,6,$64
Anna Häberlin,CA-2019-148740,2,$361
Anna Häberlin,CA-2019-158869,2,$71
Anne McFarland,CA-2017-145387,20,"$2,117"
Anne McFarland,CA-2018-100573,2,$17
Anne McFarland,CA-2018-138457,4,$13
Anne McFarland,CA-2018-151470,11,$46
Anne McFarland,CA-2019-145905,7,"$1,264"
Anne McFarland,CA-2020-104731,29,$952
Anne McFarland,CA-2020-157903,4,$384
Anne McFarland,US-2020-124821,4,$871
Anne Pryor,CA-2017-127964,9,$161
Anne Pryor,CA-2019-120250,3,$26
Anne Pryor,CA-2019-136322,10,$74
Anne Pryor,CA-2019-154403,1,$5
Anne Pryor,CA-2020-143021,10,$138
Anne Pryor,US-2018-165449,4,$27
Anne Pryor,US-2019-103674,41,"$1,018"
Anne Pryor,US-2019-114174,7,$189
Annie Thurman,CA-2017-146500,8,$121
Annie Thurman,CA-2017-146731,11,$147
Annie Thurman,CA-2018-123113,11,"$2,643"
Annie Thurman,CA-2019-108210,10,$304
Annie Thurman,CA-2019-112893,4,$55
Annie Thurman,CA-2019-116603,2,$46
Annie Thurman,CA-2020-103443,7,$316
Annie Thurman,CA-2020-106824,3,$6
Annie Thurman,CA-2020-135034,2,$96
Annie Thurman,CA-2020-153787,2,$97
Annie Zypern,CA-2017-148586,7,$367
Annie Zypern,CA-2017-158442,6,$25
Annie Zypern,CA-2018-130876,3,$37
Annie Zypern,CA-2018-151253,6,$153
Annie Zypern,CA-2019-100993,14,$919
Annie Zypern,CA-2020-110940,4,$122
Anthony Garverick,CA-2018-110947,3,$113
Anthony Garverick,CA-2018-113222,3,$11
Anthony Garverick,CA-2020-126123,10,$41
Anthony Garverick,US-2017-158638,4,$6
Anthony Jacobs,CA-2017-108609,8,"$1,422"
Anthony Jacobs,CA-2017-141313,15,"$2,583"
Anthony Jacobs,CA-2017-149020,2,$55
Anthony Jacobs,CA-2018-165554,2,$11
Anthony Jacobs,CA-2019-123617,6,$7
Anthony Jacobs,CA-2020-111577,7,$308
Anthony Jacobs,US-2020-133361,22,$482
Anthony Johnson,CA-2017-106810,2,$311
Anthony Johnson,CA-2017-110786,36,"$1,366"
Anthony Johnson,CA-2019-123015,3,$5
Anthony Johnson,CA-2019-123946,15,"$1,159"
Anthony Johnson,CA-2019-134474,10,$256
Anthony Johnson,CA-2019-138079,5,$110
Anthony Johnson,CA-2020-142342,17,"$1,295"
Anthony O'Donnell,CA-2019-148096,2,$161
Anthony Rawles,CA-2017-109218,5,$32
Anthony Rawles,CA-2018-160213,3,$19
Anthony Rawles,CA-2019-132304,7,"$1,115"
Anthony Rawles,CA-2019-160745,11,$633
Anthony Rawles,CA-2020-118724,11,"$1,630"
Anthony Rawles,CA-2020-141425,2,$385
Anthony Rawles,US-2019-148110,7,$348
Anthony Rawles,US-2020-108343,8,$361
Anthony Witt,CA-2018-129112,7,$30
Anthony Witt,CA-2018-149678,1,$13
Anthony Witt,CA-2020-123001,12,$285
Anthony Witt,CA-2020-143798,4,$321
Arianne Irving,CA-2017-102330,10,$409
Arianne Irving,CA-2017-131387,5,"$1,680"
Arianne Irving,CA-2017-159709,8,$202
Arianne Irving,CA-2018-158918,4,$17
Arianne Irving,CA-2018-167479,3,$19
Arianne Irving,CA-2019-158694,33,"$1,467"
Arianne Irving,CA-2020-107552,1,$7
Arianne Irving,CA-2020-116855,5,$505
Arianne Irving,CA-2020-155929,2,$6
Arianne Irving,US-2020-160759,1,$64
Art Ferguson,CA-2018-168634,2,$8
Art Ferguson,CA-2019-126270,10,$90
Art Ferguson,CA-2019-139234,4,$29
Art Ferguson,CA-2019-146934,24,"$1,562"
Art Ferguson,CA-2020-125269,6,$83
Art Ferguson,CA-2020-167871,2,$47
Art Ferguson,US-2020-139969,3,$233
Art Foster,CA-2017-103702,7,$64
Art Foster,CA-2017-114181,12,$372
Art Foster,CA-2018-114300,10,$372
Art Foster,CA-2019-115588,8,$54
Arthur Gainer,CA-2018-115399,3,$7
Arthur Gainer,CA-2018-130785,13,$733
Arthur Gainer,CA-2018-136728,5,$178
Arthur Gainer,CA-2018-148376,9,$129
Arthur Gainer,CA-2019-158435,13,$253
Arthur Gainer,CA-2019-160108,10,"$1,086"
Arthur Gainer,CA-2020-110198,5,$319
Arthur Gainer,CA-2020-116939,5,$178
Arthur Gainer,CA-2020-161557,5,$108
Arthur Gainer,US-2017-119137,24,"$1,520"
Arthur Prichep,CA-2017-105270,4,$143
Arthur Prichep,CA-2017-113047,3,$12
Arthur Prichep,CA-2017-124737,31,$424
Arthur Prichep,CA-2017-146969,10,$968
Arthur Prichep,CA-2019-128412,18,$423
Arthur Prichep,CA-2019-168893,16,$904
Arthur Prichep,CA-2020-146136,4,$24
Arthur Prichep,CA-2020-168228,9,$184
Arthur Prichep,US-2019-164588,3,$13
Arthur Prichep,US-2020-132059,4,$229
Arthur Wiediger,CA-2018-144519,12,$404
Arthur Wiediger,CA-2019-120824,30,$547
Arthur Wiediger,CA-2019-136812,4,"$1,118"
Arthur Wiediger,CA-2019-163216,2,$5
Arthur Wiediger,CA-2020-107321,7,$696
Arthur Wiediger,US-2017-103905,11,$68
Arthur Wiediger,US-2020-118157,2,$15
Ashley Jarboe,CA-2017-155852,4,$19
Ashley Jarboe,CA-2018-126347,2,$50
Ashley Jarboe,CA-2018-164497,4,$45
Ashley Jarboe,CA-2019-115378,2,$302
Ashley Jarboe,CA-2020-133004,9,$639
Ashley Jarboe,CA-2020-137421,2,$9
Ashley Jarboe,US-2018-132836,17,$774
Astrea Jones,CA-2017-113362,8,$460
Astrea Jones,CA-2017-131800,10,$158
Astrea Jones,CA-2020-123246,4,$11
Barbara Fisher,CA-2017-109904,3,$18
Barbara Fisher,CA-2017-117345,10,$203
Barbara Fisher,CA-2018-116260,4,$11
Barbara Fisher,CA-2018-116750,7,$12
Barbara Fisher,CA-2018-137281,1,$6
Barbara Fisher,CA-2019-100041,6,$329
Barbara Fisher,US-2020-120908,7,$21
Barry Blumstein,CA-2017-169642,2,$276
Barry Blumstein,CA-2018-141810,9,$374
Barry Blumstein,CA-2019-103947,7,$62
Barry Blumstein,CA-2020-118136,3,$15
Barry Blumstein,US-2020-112928,5,$17
Barry Franz,CA-2017-141355,2,$15
Barry Franz,CA-2019-137729,4,$252
Barry Franz,CA-2020-103380,10,$740
Barry Franz,US-2019-105452,10,$327
Barry Französisch,CA-2017-165568,5,$21
Barry Französisch,CA-2018-145758,4,"$1,036"
Barry Französisch,CA-2019-156265,7,$483
Barry Französisch,CA-2019-159940,20,$340
Barry Französisch,CA-2020-114804,1,$53
Barry Französisch,CA-2020-133333,4,$23
Barry Französisch,CA-2020-134495,12,$269
Barry Französisch,US-2020-124779,25,$664
Barry Gonzalez,CA-2017-155390,2,$42
Barry Gonzalez,CA-2018-120901,6,$162
Barry Gonzalez,CA-2018-141565,10,"$1,664"
Barry Gonzalez,CA-2019-134110,7,$82
Barry Gonzalez,CA-2020-117198,2,$660
Barry Gonzalez,CA-2020-165715,1,$33
Barry Gonzalez,CA-2020-169005,2,$6
Barry Gonzalez,US-2017-114377,5,$150
Barry Pond,CA-2019-108364,5,$2
Barry Pond,CA-2019-160535,12,$883
Barry Pond,CA-2020-143084,10,$33
Barry Pond,CA-2020-151596,1,$43
Barry Pond,US-2017-154655,2,$22
Barry Weirich,CA-2017-100391,2,$15
Barry Weirich,CA-2018-119634,3,$46
Barry Weirich,CA-2020-157413,3,$325
Bart Folk,CA-2017-163013,3,$15
Bart Folk,CA-2020-117128,9,$33
Bart Folk,CA-2020-140676,17,$226
Bart Pistole,CA-2017-137911,2,$89
Bart Pistole,CA-2017-146990,7,$36
Bart Pistole,CA-2017-162992,16,$832
Bart Pistole,CA-2018-138219,4,$33
Bart Pistole,CA-2018-148180,14,$131
Bart Pistole,CA-2019-156811,7,$69
Bart Pistole,CA-2020-105445,3,$9
Bart Pistole,CA-2020-135377,3,$288
Bart Pistole,CA-2020-137365,3,$96
Bart Pistole,CA-2020-160325,5,$830
Bart Pistole,CA-2020-161851,3,$16
Bart Pistole,US-2017-134971,3,$12
Bart Watters,CA-2018-106565,8,$52
Bart Watters,CA-2018-137302,12,$486
Bart Watters,CA-2019-101161,18,$280
Bart Watters,CA-2019-127194,9,$63
Bart Watters,CA-2020-151855,8,$39
Bart Watters,CA-2020-154074,9,$719
Bart Watters,CA-2020-159366,2,"$3,060"
Bart Watters,US-2019-126844,8,$52
Becky Castell,CA-2017-113859,6,$340
Becky Castell,CA-2017-147543,2,$478
Becky Castell,CA-2018-158351,2,$320
Becky Castell,CA-2019-123050,7,$204
Becky Castell,CA-2019-143910,2,$146
Becky Castell,CA-2019-149335,9,$37
Becky Castell,CA-2020-113530,16,$727
Becky Castell,US-2019-134369,2,$13
Becky Castell,US-2020-120418,14,$669
Becky Martin,CA-2017-139892,37,"$10,540"
Becky Martin,CA-2019-106278,6,$282
Becky Martin,CA-2019-126004,14,$611
Becky Martin,CA-2020-121706,7,$357
Becky Pak,CA-2018-158491,5,"$1,110"
Becky Pak,CA-2019-154767,12,$476
Becky Pak,CA-2019-156139,3,$38
Becky Pak,CA-2020-128629,3,$19
Becky Pak,CA-2020-147564,4,$49
Becky Pak,US-2020-154851,5,$6
Ben Ferrer,CA-2017-110184,17,$506
Ben Ferrer,CA-2017-167724,3,$8
Ben Ferrer,CA-2018-145835,6,$238
Ben Ferrer,CA-2019-149111,9,$55
Ben Ferrer,CA-2019-159891,9,"$1,396"
Ben Ferrer,CA-2019-162348,1,$10
Ben Ferrer,CA-2020-151799,14,"$1,843"
Ben Ferrer,US-2017-138247,17,"$1,461"
Ben Ferrer,US-2018-113327,14,$352
Ben Ferrer,US-2019-120460,3,$23
Ben Ferrer,US-2020-119039,9,$15
Ben Peterman,CA-2018-166219,6,"$1,203"
Ben Peterman,CA-2019-115574,2,$141
Ben Peterman,CA-2019-142902,10,$503
Ben Peterman,CA-2019-158211,7,$109
Ben Peterman,CA-2020-130036,17,"$1,133"
Ben Peterman,CA-2020-146626,8,$101
Ben Peterman,CA-2020-167150,6,$86
Ben Peterman,US-2018-112508,2,$7
Ben Peterman,US-2020-140907,11,$392
Ben Wallace,CA-2017-109897,11,$892
Ben Wallace,CA-2019-116596,25,$512
Ben Wallace,CA-2019-120873,1,$291
Ben Wallace,CA-2020-143343,5,$16
Ben Wallace,US-2017-167633,3,$16
Ben Wallace,US-2020-106579,4,$12
Benjamin Farhat,CA-2017-103219,9,$57
Benjamin Farhat,CA-2019-154662,3,$693
Benjamin Farhat,CA-2020-102729,2,$56
Benjamin Farhat,CA-2020-106859,34,$780
Benjamin Patterson,CA-2017-101462,4,$60
Benjamin Patterson,CA-2018-135174,5,"$1,023"
Benjamin Patterson,CA-2019-141551,2,$13
Benjamin Patterson,CA-2020-142888,1,$71
Benjamin Patterson,US-2019-116442,2,$15
Benjamin Venier,CA-2018-103793,3,$74
Benjamin Venier,CA-2018-156734,11,$670
Benjamin Venier,CA-2019-123526,5,$33
Benjamin Venier,CA-2020-104220,20,$340
Benjamin Venier,US-2019-168410,10,$405
Berenike Kampe,CA-2017-125612,14,$164
Berenike Kampe,CA-2018-113110,14,$106
Berenike Kampe,CA-2019-130799,4,$7
Berenike Kampe,CA-2020-117009,2,$22
Berenike Kampe,CA-2020-151183,4,$46
Berenike Kampe,US-2017-140452,20,$315
Beth Fritzler,CA-2017-148040,6,$389
Beth Fritzler,CA-2020-161130,2,$361
Beth Fritzler,CA-2020-169012,3,$42
Beth Paige,CA-2017-153976,3,$258
Beth Paige,CA-2019-142398,8,$651
Beth Paige,CA-2019-142895,8,$370
Beth Paige,CA-2019-150483,12,$252
Beth Paige,CA-2020-137505,4,$435
Beth Paige,CA-2020-154760,3,$274
Beth Paige,CA-2020-156664,13,$234
Beth Thompson,CA-2017-166954,13,"$2,061"
Beth Thompson,CA-2018-103723,5,$14
Beth Thompson,CA-2018-138002,5,$198
Beth Thompson,CA-2018-153612,4,$17
Beth Thompson,CA-2020-115994,6,$278
Bill Donatelli,CA-2018-120677,8,"$2,568"
Bill Donatelli,CA-2018-121699,5,$65
Bill Donatelli,CA-2019-110086,2,$240
Bill Donatelli,CA-2019-119165,5,$493
Bill Donatelli,CA-2019-130680,4,$38
Bill Donatelli,CA-2019-136406,2,"$1,122"
Bill Donatelli,CA-2019-148593,5,$46
Bill Donatelli,CA-2019-167241,13,$533
Bill Donatelli,CA-2020-107125,10,$136
Bill Donatelli,CA-2020-117485,4,$292
Bill Donatelli,CA-2020-122735,9,$70
Bill Donatelli,CA-2020-158071,8,$116
Bill Eplett,CA-2019-128307,1,$21
Bill Eplett,CA-2019-166912,2,$82
Bill Eplett,CA-2020-137596,13,"$3,481"
Bill Eplett,CA-2020-155985,8,$212
Bill Eplett,US-2020-105046,11,$409
Bill Overfelt,CA-2019-105207,9,"$1,605"
Bill Overfelt,CA-2019-137204,2,$42
Bill Overfelt,CA-2020-128076,6,$482
Bill Overfelt,CA-2020-132199,18,$505
Bill Overfelt,CA-2020-144883,8,$50
Bill Shonely,CA-2017-168130,7,$887
Bill Shonely,CA-2019-149965,4,$65
Bill Shonely,US-2017-143581,3,$345
Bill Shonely,US-2017-148194,11,$70
Bill Shonely,US-2019-107440,14,"$9,135"
Bill Stewart,CA-2018-142475,6,$590
Bill Stewart,CA-2020-116288,3,$243
Bill Stewart,CA-2020-160633,11,"$1,126"
Bill Stewart,US-2017-134712,2,$13
Bill Stewart,US-2020-112347,36,"$1,916"
Bill Tyler,CA-2017-107769,2,$258
Bill Tyler,CA-2018-110016,13,"$1,127"
Bill Tyler,CA-2018-111325,9,$20
Bill Tyler,CA-2019-126935,1,$10
Bill Tyler,CA-2020-117513,7,$400
Bill Tyler,US-2018-120502,6,$372
Bobby Elias,CA-2019-108630,5,$61
Bobby Elias,CA-2019-125220,5,"$1,650"
Bobby Elias,CA-2019-161662,2,$30
Bobby Elias,CA-2020-121314,3,$252
Bobby Elias,CA-2020-141782,4,$269
Bobby Odegard,CA-2018-136658,2,$6
Bobby Odegard,CA-2020-158386,5,$125
Bobby Trafton,CA-2017-139283,3,$15
Bobby Trafton,CA-2017-151946,10,$440
Bobby Trafton,CA-2019-106383,1,$72
Bobby Trafton,US-2019-163461,2,$77
Brad Eason,CA-2018-115924,5,$26
Brad Eason,CA-2018-122406,8,$448
Brad Eason,CA-2019-118052,11,$111
Brad Eason,CA-2019-140774,3,$108
Brad Eason,US-2019-146857,1,$54
Brad Eason,US-2020-166324,12,$980
Brad Norvell,CA-2017-138527,8,$192
Brad Norvell,CA-2018-106215,4,$13
Brad Norvell,CA-2020-114370,2,$50
Brad Norvell,US-2020-149006,1,$11
Brad Thomas,CA-2018-165085,7,$385
Brad Thomas,CA-2019-122511,4,$30
Bradley Drucker,CA-2017-140795,6,$469
Bradley Drucker,CA-2018-117828,4,$194
Bradley Drucker,CA-2018-167696,4,$31
Bradley Drucker,US-2017-151015,20,$344
Bradley Drucker,US-2020-105935,11,"$3,003"
Bradley Drucker,US-2020-133312,4,$370
Bradley Nguyen,CA-2017-103940,12,$261
Bradley Nguyen,CA-2017-118339,31,$250
Bradley Nguyen,CA-2019-169943,26,$821
Bradley Nguyen,CA-2020-131625,5,$115
Bradley Nguyen,CA-2020-163405,5,$13
Bradley Talbott,CA-2017-104780,8,$32
Bradley Talbott,CA-2017-146864,4,$216
Bradley Talbott,CA-2019-148208,7,$166
Bradley Talbott,CA-2020-117212,23,"$2,111"
Bradley Talbott,CA-2020-123029,2,$160
Brenda Bowman,CA-2018-107083,12,$40
Brenda Bowman,CA-2018-115168,2,$11
Brenda Bowman,CA-2019-124506,6,$144
Brenda Bowman,CA-2019-155166,4,$239
Brenda Bowman,CA-2019-169838,18,"$1,746"
Brenda Bowman,CA-2020-102379,15,"$1,379"
Brenda Bowman,CA-2020-130043,8,$32
Brenda Bowman,CA-2020-158561,5,"$1,158"
Brenda Bowman,US-2020-118941,13,"$2,017"
Brendan Dodson,CA-2018-163923,4,$152
Brendan Dodson,CA-2020-124716,7,$169
Brendan Murry,CA-2018-105102,6,$139
Brendan Murry,CA-2019-142615,2,$28
Brendan Murry,CA-2019-160304,5,$406
Brendan Murry,CA-2020-155642,4,$25
Brendan Murry,CA-2020-165155,1,$16
Brendan Murry,US-2020-129203,4,$195
Brendan Sweed,CA-2017-106376,12,"$1,281"
Brendan Sweed,CA-2017-107398,15,$30
Brendan Sweed,CA-2017-149524,4,$62
Brendan Sweed,CA-2019-105900,5,$33
Brendan Sweed,US-2018-109015,3,$346
Brendan Sweed,US-2020-109610,2,$702
Brian Dahlen,CA-2017-157147,13,"$1,680"
Brian Dahlen,CA-2018-158792,5,$22
Brian Dahlen,CA-2019-105746,1,$171
Brian Dahlen,CA-2019-112102,10,$449
Brian Dahlen,CA-2020-144694,6,$254
Brian Dahlen,US-2017-164406,17,$505
Brian Dahlen,US-2018-123960,22,$208
Brian DeCherney,CA-2017-152254,7,$311
Brian DeCherney,CA-2019-100202,3,$302
Brian DeCherney,CA-2019-111941,2,$34
Brian DeCherney,CA-2019-111976,6,$115
Brian DeCherney,CA-2019-157686,4,$195
Brian DeCherney,CA-2020-130211,5,$582
Brian Derr,CA-2017-152422,5,$92
Brian Derr,CA-2018-110814,10,$420
Brian Derr,CA-2020-109589,4,$71
Brian Moss,CA-2017-125514,6,$69
Brian Moss,CA-2017-165379,5,$25
Brian Moss,CA-2018-100454,11,$258
Brian Moss,CA-2018-124107,18,$736
Brian Moss,CA-2019-163202,3,$3
Brian Moss,CA-2020-102519,10,$191
Brian Moss,CA-2020-121678,1,$2
Brian Moss,CA-2020-149048,13,"$2,229"
Brian Moss,CA-2020-152912,17,"$3,014"
Brian Moss,CA-2020-167101,6,$248
Brian Moss,US-2017-134733,5,$520
Brian Stugart,CA-2017-126032,3,$86
Brian Stugart,CA-2018-126725,30,"$1,874"
Brian Stugart,CA-2019-101791,14,"$1,328"
Brian Thompson,CA-2017-121629,5,$999
Brian Thompson,CA-2018-125710,2,$3
Brian Thompson,CA-2018-132626,41,"$1,134"
Brian Thompson,CA-2019-123358,19,$892
Brian Thompson,CA-2019-146423,11,$67
Brian Thompson,CA-2020-158967,3,$19
Brian Thompson,US-2020-161193,7,$82
Brooke Gillingham,CA-2017-127523,3,$36
Brooke Gillingham,CA-2018-108588,7,$90
Brooke Gillingham,CA-2019-153682,2,$840
Brooke Gillingham,CA-2020-105543,1,$33
Brooke Gillingham,CA-2020-121412,3,$29
Brooke Gillingham,US-2019-162852,8,$845
Brosina Hoffman,CA-2017-115812,38,"$3,714"
Brosina Hoffman,CA-2018-149300,3,$33
Brosina Hoffman,CA-2019-112123,15,"$1,094"
Brosina Hoffman,CA-2020-112865,3,$36
Brosina Hoffman,CA-2020-127306,19,$175
Brosina Hoffman,CA-2020-135587,8,$373
Brosina Hoffman,US-2017-140914,6,$809
Brosina Hoffman,US-2018-130491,5,$21
Bruce Degenhardt,CA-2018-128139,4,$366
Bruce Degenhardt,CA-2019-165015,5,$47
Bruce Degenhardt,CA-2020-101574,3,$9
Bruce Degenhardt,CA-2020-125472,6,$254
Bruce Degenhardt,CA-2020-146192,3,$675
Bruce Degenhardt,CA-2020-168396,8,$176
Bruce Geld,CA-2017-164749,3,$10
Bruce Geld,CA-2018-154200,2,$52
Bruce Geld,CA-2019-145240,1,$11
Bruce Geld,CA-2019-165995,9,$387
Bruce Geld,CA-2020-119389,3,$60
Bruce Geld,CA-2020-135419,4,$486
Bruce Stewart,CA-2017-103373,2,$780
Bruce Stewart,CA-2017-133690,3,$221
Bruce Stewart,CA-2018-126137,2,$121
Bruce Stewart,CA-2019-156748,16,$934
Bruce Stewart,CA-2020-123778,8,$187
Bruce Stewart,CA-2020-130631,7,$88
Bruce Stewart,CA-2020-135069,7,$232
Bryan Davis,CA-2019-124667,4,$143
Bryan Davis,CA-2019-148698,3,$86
Bryan Davis,CA-2019-165918,10,$143
Bryan Davis,CA-2020-115105,1,$241
Bryan Davis,CA-2020-145338,2,$5
Bryan Davis,US-2019-122182,1,$40
Bryan Mills,CA-2017-106971,7,$476
Bryan Mills,CA-2017-116568,4,$186
Bryan Mills,CA-2017-133270,2,$13
Bryan Mills,CA-2018-160787,2,$3
Bryan Mills,CA-2018-165813,3,$29
Bryan Mills,CA-2019-101966,7,$420
Bryan Mills,CA-2019-105473,3,$29
Bryan Mills,CA-2019-117660,4,$20
Bryan Mills,CA-2020-152968,2,$23
Bryan Mills,US-2018-157014,10,$140
Bryan Spruell,CA-2018-122371,5,$189
Bryan Spruell,CA-2020-135279,17,$761
Candace McMahon,CA-2017-127383,2,$50
Candace McMahon,CA-2017-151554,4,$21
Candace McMahon,CA-2019-110730,2,$14
Candace McMahon,CA-2020-121489,14,$994
Candace McMahon,CA-2020-140494,4,$112
Candace McMahon,CA-2020-145765,12,$483
Cari Sayre,CA-2017-130575,3,$9
Cari Sayre,CA-2018-136378,3,$9
Cari Sayre,CA-2020-131828,7,"$1,052"
Cari Sayre,CA-2020-147452,6,$184
Cari Sayre,US-2018-138716,3,$25
Cari Schnelling,CA-2017-124618,2,$480
Cari Schnelling,CA-2018-150413,1,$2
Cari Schnelling,CA-2020-106047,1,$4
Cari Schnelling,CA-2020-158883,4,$25
Cari Schnelling,US-2017-121566,4,$9
Cari Schnelling,US-2020-123204,4,$17
Carl Jackson,CA-2019-163951,5,$17
Carl Ludwig,CA-2020-121888,13,"$1,082"
Carl Ludwig,US-2017-155894,3,$124
Carl Ludwig,US-2019-150035,2,$17
Carl Ludwig,US-2020-131583,6,$40
Carl Weiss,CA-2017-133753,5,$142
Carl Weiss,CA-2018-119214,5,$44
Carl Weiss,CA-2018-156153,6,$8
Carl Weiss,CA-2019-119018,9,$51
Carl Weiss,CA-2020-152436,6,$593
Carl Weiss,CA-2020-161655,9,$300
Carlos Daly,CA-2017-147235,5,$25
Carlos Daly,CA-2018-101910,5,$284
Carlos Daly,CA-2019-122017,8,$153
Carlos Daly,CA-2020-107853,2,$13
Carlos Daly,CA-2020-111556,15,"$1,560"
Carlos Meador,CA-2018-147816,2,$35
Carlos Meador,US-2019-135923,16,$530
Carlos Soltero,CA-2018-151869,4,$123
Carlos Soltero,CA-2019-120796,9,$100
Carlos Soltero,CA-2019-159737,3,$9
Carlos Soltero,CA-2019-161746,11,$615
Carlos Soltero,CA-2020-102820,7,$420
Carlos Soltero,CA-2020-118640,3,$79
Carlos Soltero,CA-2020-144365,4,$12
Carlos Soltero,US-2017-141257,3,$586
Carlos Soltero,US-2017-159926,14,$730
Carlos Soltero,US-2019-151827,5,$313
Carlos Soltero,US-2020-126053,5,$51
Carol Adams,CA-2017-167997,4,$153
Carol Adams,CA-2018-105690,5,$698
Carol Adams,CA-2018-161452,3,$892
Carol Adams,CA-2019-157791,4,"$2,000"
Carol Adams,CA-2020-122112,4,$24
Carol Adams,CA-2020-134649,9,$23
Carol Darley,CA-2019-100083,1,$25
Carol Darley,CA-2020-144596,9,$319
Carol Darley,US-2020-119438,12,$296
Carol Triggs,CA-2017-138681,15,$597
Carol Triggs,CA-2017-166086,12,"$1,091"
Carol Triggs,CA-2018-145849,10,$215
Carol Triggs,CA-2020-137085,9,$313
Carol Triggs,CA-2020-158106,3,$9
Carol Triggs,CA-2020-162481,5,$278
Carol Triggs,US-2019-126893,3,$495
Carol Triggs,US-2019-141264,3,$244
Caroline Jumper,CA-2019-122392,4,$16
Caroline Jumper,CA-2019-128818,32,"$4,836"
Caroline Jumper,CA-2020-102204,11,"$3,741"
Caroline Jumper,CA-2020-122105,8,$96
Caroline Jumper,CA-2020-144491,11,"$1,875"
Caroline Jumper,CA-2020-150469,8,$12
Caroline Jumper,US-2019-112977,1,$177
Caroline Jumper,US-2019-161683,8,$413
Cassandra Brandow,CA-2017-130869,3,$7
Cassandra Brandow,CA-2017-140004,5,$13
Cassandra Brandow,CA-2018-121188,26,"$2,018"
Cassandra Brandow,CA-2018-146563,29,"$2,645"
Cassandra Brandow,CA-2019-117583,17,$345
Cassandra Brandow,CA-2020-100160,11,$50
Cassandra Brandow,CA-2020-131282,9,$251
Cassandra Brandow,CA-2020-144484,9,$439
Cassandra Brandow,US-2020-102904,8,$240
Cassandra Brandow,US-2020-152898,5,$68
Catherine Glotzbach,CA-2018-161242,2,$12
Catherine Glotzbach,CA-2019-121020,3,$240
Catherine Glotzbach,CA-2019-140081,19,$538
Catherine Glotzbach,CA-2019-164350,3,$68
Catherine Glotzbach,CA-2020-143217,3,$18
Catherine Glotzbach,US-2020-104955,7,$29
Cathy Armstrong,CA-2018-162621,17,$90
Cathy Armstrong,CA-2019-107328,13,"$1,016"
Cathy Armstrong,CA-2019-125661,8,$181
Cathy Armstrong,CA-2019-168081,3,$259
Cathy Armstrong,US-2019-164945,8,$134
Cathy Hwang,CA-2018-123673,2,$300
Cathy Hwang,CA-2018-127110,8,$109
Cathy Hwang,CA-2019-109344,3,"$1,128"
Cathy Prescott,CA-2017-127187,2,$130
Cathy Prescott,CA-2018-113215,3,$238
Cathy Prescott,CA-2018-145457,5,$47
Cathy Prescott,CA-2019-113236,8,$233
Cathy Prescott,CA-2019-128258,1,$11
Cathy Prescott,CA-2020-132430,4,$46
Cathy Prescott,CA-2020-144064,15,$78
Cathy Prescott,US-2020-167402,19,"$4,619"
Chad Cunningham,CA-2017-136399,13,"$1,308"
Chad Cunningham,CA-2018-104297,3,$85
Chad Cunningham,CA-2018-108532,9,$247
Chad Cunningham,CA-2018-113040,1,$5
Chad Cunningham,CA-2019-129308,13,$85
Chad Cunningham,CA-2019-161781,7,$41
Chad McGuire,CA-2018-105361,4,$18
Chad McGuire,CA-2020-100524,13,$782
Chad McGuire,CA-2020-137414,13,$387
Chad McGuire,CA-2020-149699,5,$475
Chad Sievert,CA-2017-118962,12,$472
Chad Sievert,CA-2018-102036,6,$200
Chad Sievert,US-2018-120712,4,$89
Chad Sievert,US-2019-144211,6,$124
Charles Crestani,CA-2017-141726,10,$176
Charles Crestani,CA-2018-121797,10,"$2,147"
Charles Crestani,CA-2018-122623,2,$48
Charles Crestani,CA-2018-132906,4,$52
Charles Crestani,CA-2019-130078,2,$11
Charles Crestani,CA-2019-148201,1,$6
Charles Crestani,CA-2020-146185,2,$32
Charles McCrossin,CA-2019-111493,6,$98
Charles McCrossin,CA-2019-155530,6,"$2,004"
Charles McCrossin,CA-2020-113453,5,$401
Charles McCrossin,CA-2020-156412,3,$5
Charles McCrossin,CA-2020-162936,2,$23
Charles McCrossin,US-2020-139955,1,$2
Charles Sheldon,CA-2017-109302,7,$196
Charles Sheldon,CA-2019-157714,1,$10
Charles Sheldon,CA-2020-117632,12,$551
Charles Sheldon,CA-2020-161592,5,$8
Charles Sheldon,US-2019-159415,5,$79
Charlotte Melton,CA-2018-101154,4,$444
Charlotte Melton,CA-2018-152527,2,$78
Charlotte Melton,CA-2018-158554,3,$11
Charlotte Melton,CA-2020-146164,4,$639
Charlotte Melton,CA-2020-165386,2,$183
Charlotte Melton,US-2020-118598,6,$120
Chloris Kastensmidt,CA-2017-113929,12,$116
Chloris Kastensmidt,CA-2017-131541,18,$193
Chloris Kastensmidt,CA-2017-166884,11,$19
Chloris Kastensmidt,CA-2018-135363,4,$21
Chloris Kastensmidt,CA-2019-110982,10,$80
Chloris Kastensmidt,CA-2019-112256,14,$204
Chloris Kastensmidt,CA-2019-140018,13,$236
Chloris Kastensmidt,CA-2020-104577,5,$88
Chloris Kastensmidt,CA-2020-110443,14,"$1,243"
Chloris Kastensmidt,CA-2020-110821,5,$238
Chloris Kastensmidt,CA-2020-122028,3,$11
Chloris Kastensmidt,US-2018-144771,4,$64
Chloris Kastensmidt,US-2019-100720,9,$644
Chris Cortes,CA-2017-103527,3,$11
Chris Cortes,CA-2017-161634,5,$32
Chris Cortes,CA-2017-166891,5,$589
Chris Cortes,CA-2018-147879,2,$46
Chris Cortes,CA-2019-131380,5,$94
Chris Cortes,CA-2019-145730,9,$962
Chris Cortes,CA-2019-155474,4,$127
Chris Cortes,CA-2019-155992,7,$112
Chris Cortes,CA-2020-119914,2,$243
Chris Cortes,CA-2020-152695,10,$438
Chris Cortes,CA-2020-161410,17,$904
Chris Cortes,US-2020-107888,12,$355
Chris McAfee,CA-2019-101525,7,$141
Chris McAfee,CA-2019-144309,7,$699
Chris McAfee,CA-2019-149237,3,$27
Chris McAfee,CA-2019-155845,7,"$1,400"
Chris McAfee,US-2019-114230,4,$40
Chris Selesnick,CA-2017-101560,19,$542
Chris Selesnick,CA-2017-162775,20,"$1,287"
Chris Selesnick,CA-2018-121041,2,$7
Chris Selesnick,CA-2018-136420,8,$140
Chris Selesnick,CA-2018-149811,8,$72
Chris Selesnick,CA-2019-119641,2,$19
Chris Selesnick,CA-2019-161095,5,$41
Chris Selesnick,CA-2020-105487,9,$420
Chris Selesnick,CA-2020-139080,16,$138
Chris Selesnick,CA-2020-148992,2,$11
Chris Selesnick,CA-2020-153227,2,$12
Chris Selesnick,US-2017-169390,4,$65
Christina Anderson,CA-2017-128237,14,$92
Christina Anderson,CA-2018-120362,5,$913
Christina Anderson,CA-2019-106894,7,$108
Christina Anderson,CA-2020-102610,16,$248
Christina Anderson,CA-2020-106432,5,$330
Christina Anderson,CA-2020-122196,2,$392
Christina Anderson,CA-2020-140053,9,$546
Christina Anderson,CA-2020-169607,2,$10
Christina Anderson,US-2017-111171,5,$9
Christina DeMoss,CA-2020-102925,22,$796
Christina DeMoss,US-2020-132444,17,$410
Christina VanderZanden,CA-2017-151792,3,$240
Christina VanderZanden,CA-2019-123120,10,$147
Christina VanderZanden,CA-2020-119655,11,$183
Christina VanderZanden,US-2017-137869,7,"$1,191"
Christina VanderZanden,US-2020-117534,23,"$1,069"
Christine Abelman,CA-2020-120936,5,$495
Christine Abelman,US-2017-150434,6,$455
Christine Abelman,US-2019-116365,10,$377
Christine Abelman,US-2020-145366,4,$95
Christine Kargatis,CA-2017-104472,9,$133
Christine Kargatis,CA-2019-134789,14,$216
Christine Kargatis,CA-2020-109085,18,"$1,449"
Christine Kargatis,US-2017-125521,4,"$1,140"
Christine Kargatis,US-2020-135230,1,$8
Christine Phan,CA-2018-105571,14,"$1,362"
Christine Phan,CA-2019-127642,2,$112
Christine Phan,CA-2019-133613,8,$585
Christine Phan,CA-2019-164889,2,$71
Christine Phan,CA-2020-117240,3,$13
Christine Phan,CA-2020-168102,2,$114
Christine Phan,US-2017-148838,25,"$3,455"
Christine Phan,US-2019-108098,3,$177
Christine Sundaresam,CA-2017-109043,10,$244
Christine Sundaresam,CA-2017-141005,3,$63
Christine Sundaresam,CA-2018-139164,8,$367
Christine Sundaresam,CA-2018-142755,14,$919
Christine Sundaresam,CA-2019-128111,2,$40
Christine Sundaresam,CA-2020-105053,3,$17
Christine Sundaresam,CA-2020-111269,11,$504
Christine Sundaresam,CA-2020-124296,7,$713
Christine Sundaresam,CA-2020-131233,6,$253
Christine Sundaresam,CA-2020-164364,8,$47
Christine Sundaresam,CA-2020-165687,2,$35
Christopher Conant,CA-2019-135265,10,"$3,137"
Christopher Conant,CA-2019-143714,10,"$8,539"
Christopher Conant,CA-2019-154690,2,$225
Christopher Conant,CA-2020-106691,2,$1
Christopher Conant,US-2020-155866,10,$227
Christopher Martinez,CA-2018-128027,3,$269
Christopher Martinez,CA-2018-145352,12,"$6,413"
Christopher Martinez,CA-2020-111738,11,"$2,031"
Christopher Martinez,CA-2020-119746,8,$240
Christopher Schild,CA-2017-127586,2,$310
Christopher Schild,CA-2019-133816,2,$744
Christopher Schild,CA-2019-140207,5,$29
Christopher Schild,CA-2020-107293,1,$3
Christopher Schild,CA-2020-127096,1,$301
Christopher Schild,CA-2020-135111,6,$28
Christopher Schild,US-2018-119312,14,$270
Christopher Schild,US-2020-100930,13,"$1,736"
Christopher Schild,US-2020-119662,3,$230
Christy Brittain,CA-2019-113656,7,$60
Christy Brittain,CA-2019-139941,6,$146
Christy Brittain,CA-2019-147417,4,"$1,440"
Christy Brittain,CA-2019-163398,11,$56
Christy Brittain,CA-2020-111374,4,$5
Christy Brittain,CA-2020-152660,2,$62
Christy Brittain,US-2018-136259,7,$34
Christy Brittain,US-2020-157896,3,$147
Chuck Clark,CA-2018-150791,2,$272
Chuck Clark,CA-2019-116736,7,$725
Chuck Clark,CA-2019-118570,7,$217
Chuck Clark,CA-2019-163384,9,$46
Chuck Clark,CA-2020-125290,6,$40
Chuck Clark,CA-2020-126221,2,$209
Chuck Clark,CA-2020-143035,10,$463
Chuck Clark,CA-2020-166695,10,$868
Chuck Clark,US-2019-114888,6,$18
Chuck Clark,US-2019-148957,4,$12
Chuck Magee,CA-2017-133851,4,$30
Chuck Magee,CA-2019-133697,12,$133
Chuck Magee,CA-2019-145898,16,$125
Chuck Sachs,CA-2020-148691,9,$239
Chuck Sachs,US-2020-126179,4,$312
Cindy Chapman,CA-2019-146836,6,$91
Cindy Chapman,CA-2019-155033,2,$11
Cindy Chapman,CA-2019-158260,2,$686
Cindy Chapman,CA-2020-100811,6,$48
Cindy Chapman,CA-2020-144225,3,$165
Cindy Chapman,CA-2020-158344,4,$64
Cindy Chapman,US-2017-163146,3,$56
Cindy Chapman,US-2019-139388,4,$15
Cindy Chapman,US-2020-160836,10,$524
Cindy Schnelling,CA-2018-128608,13,$389
Cindy Schnelling,CA-2019-100671,9,$112
Cindy Schnelling,CA-2019-118073,7,$562
Cindy Schnelling,CA-2019-144785,4,$14
Cindy Stewart,CA-2017-100860,5,$19
Cindy Stewart,CA-2018-159380,9,$39
Cindy Stewart,CA-2019-108196,10,"$5,017"
Cindy Stewart,CA-2019-121958,7,$52
Cindy Stewart,CA-2019-134208,4,$396
Cindy Stewart,US-2020-115609,5,$168
Claire Gute,CA-2019-152156,5,$994
Claire Gute,CA-2020-164098,2,$18
Claire Gute,US-2018-123918,7,$137
Claudia Bergmann,CA-2018-100146,13,"$1,453"
Claudia Bergmann,CA-2018-104514,8,$115
Claudia Bergmann,CA-2018-111094,5,$130
Claudia Bergmann,CA-2018-113971,6,$8
Claudia Bergmann,CA-2019-147585,3,$15
Claudia Bergmann,CA-2020-136826,3,$14
Claudia Bergmann,CA-2020-161046,15,$839
Claudia Bergmann,US-2019-165505,21,"$1,672"
Clay Cheatham,CA-2020-118542,9,$55
Clay Cheatham,CA-2020-123071,2,$10
Clay Cheatham,CA-2020-169901,3,$48
Clay Ludtke,CA-2017-116239,5,$355
Clay Ludtke,CA-2017-125731,12,"$1,509"
Clay Ludtke,CA-2017-127936,3,$21
Clay Ludtke,CA-2017-131310,8,$134
Clay Ludtke,CA-2018-135580,18,"$3,251"
Clay Ludtke,CA-2019-106530,11,"$1,110"
Clay Ludtke,CA-2019-118129,5,$304
Clay Ludtke,CA-2019-128867,8,$103
Clay Ludtke,CA-2019-134803,23,"$1,158"
Clay Ludtke,CA-2019-153178,5,"$1,111"
Clay Ludtke,CA-2020-119452,6,"$1,806"
Clay Ludtke,CA-2020-129567,2,$17
Clay Rozendal,CA-2019-101742,7,$11
Clay Rozendal,CA-2019-155551,5,$240
Clay Rozendal,CA-2019-165561,3,$25
Clay Rozendal,US-2020-105998,17,"$1,873"
Clytie Kelty,CA-2017-106264,5,$15
Clytie Kelty,CA-2018-120516,3,$6
Clytie Kelty,CA-2018-142237,33,$677
Clytie Kelty,CA-2019-119683,3,$29
Clytie Kelty,CA-2019-124233,5,$25
Clytie Kelty,CA-2019-158610,2,$70
Clytie Kelty,CA-2020-100902,12,$699
Clytie Kelty,CA-2020-104647,6,$37
Clytie Kelty,CA-2020-138611,12,$124
Clytie Kelty,US-2019-167472,23,$679
Clytie Kelty,US-2020-127341,4,$12
Corey Catlett,CA-2017-124688,12,"$1,812"
Corey Catlett,CA-2018-132507,4,$62
Corey Catlett,CA-2018-161445,4,$141
Corey Catlett,CA-2019-118178,3,$31
Corey Catlett,CA-2019-146521,1,$2
Corey Catlett,CA-2019-157707,5,$228
Corey Catlett,CA-2020-155957,10,$265
Corey Roper,CA-2017-111003,9,$335
Corey Roper,CA-2019-162159,2,$122
Corey Roper,US-2017-112795,3,$19
Corey-Lock,CA-2017-136280,2,$5
Corey-Lock,CA-2017-162866,10,$63
Corey-Lock,CA-2018-147501,4,$565
Corey-Lock,CA-2019-140543,6,$192
Corey-Lock,US-2017-112949,8,$475
Corinna Mitchell,CA-2018-140410,13,"$1,345"
Corinna Mitchell,CA-2018-168088,6,$449
Corinna Mitchell,CA-2019-169026,3,$23
Corinna Mitchell,CA-2020-113418,11,"$1,705"
Corinna Mitchell,CA-2020-143126,2,$522
Corinna Mitchell,US-2019-113677,7,"$2,295"
Craig Carreira,CA-2017-154158,12,$620
Craig Carreira,CA-2018-128993,2,$22
Craig Carreira,CA-2019-152121,1,$272
Craig Carreira,CA-2019-167759,3,$135
Craig Carreira,CA-2020-112753,15,$957
Craig Carreira,CA-2020-163139,11,$259
Craig Carreira,US-2019-100419,3,$5
Craig Carroll,CA-2018-109190,12,$547
Craig Carroll,CA-2018-119480,13,$364
Craig Carroll,CA-2018-140984,17,"$1,884"
Craig Carroll,US-2017-158057,9,$59
Craig Leslie,CA-2019-108875,11,$532
Craig Leslie,CA-2019-149279,11,"$1,344"
Craig Leslie,CA-2020-141446,1,$18
Craig Leslie,CA-2020-159604,2,$9
Craig Leslie,US-2020-166037,9,$450
Craig Molinari,CA-2017-103492,19,"$1,489"
Craig Molinari,CA-2017-104563,18,"$1,144"
Craig Molinari,CA-2017-144974,12,$69
Craig Molinari,CA-2018-133585,8,"$1,283"
Craig Reiter,CA-2017-166716,2,$421
Craig Reiter,CA-2019-137239,6,$251
Craig Reiter,CA-2019-164035,5,$23
Craig Reiter,CA-2020-116519,5,$905
Craig Yedwab,CA-2018-109708,4,$467
Craig Yedwab,CA-2018-112144,6,$628
Craig Yedwab,CA-2019-166163,4,$75
Craig Yedwab,CA-2020-117114,7,$519
Craig Yedwab,CA-2020-130302,7,$896
Craig Yedwab,CA-2020-130715,5,$18
Craig Yedwab,US-2017-122959,2,$210
Craig Yedwab,US-2019-101616,8,$87
Cyma Kinney,CA-2017-104976,6,$35
Cyma Kinney,CA-2017-107755,7,$115
Cyma Kinney,CA-2018-127754,3,$266
Cyma Kinney,CA-2018-160696,5,$7
Cyma Kinney,CA-2019-101336,15,$280
Cyma Kinney,CA-2019-101630,6,$34
Cyma Kinney,US-2019-140809,5,$56
Cyma Kinney,US-2020-117247,8,$719
Cyma Kinney,US-2020-166611,9,$69
Cynthia Arntzen,CA-2017-140858,23,"$1,640"
Cynthia Arntzen,CA-2017-145576,8,$26
Cynthia Arntzen,CA-2018-135853,14,$324
Cynthia Arntzen,CA-2020-122175,14,$153
Cynthia Arntzen,CA-2020-145653,7,$498
Cynthia Arntzen,US-2018-140200,3,$393
Cynthia Arntzen,US-2019-132857,3,$7
Cynthia Delaney,CA-2017-139857,5,$12
Cynthia Delaney,CA-2017-166961,10,$107
Cynthia Delaney,CA-2018-149972,6,$609
Cynthia Delaney,CA-2019-124352,23,"$1,058"
Cynthia Delaney,CA-2019-145135,5,$73
Cynthia Voltz,CA-2019-120859,2,$22
Cynthia Voltz,CA-2020-135692,8,$253
Cynthia Voltz,CA-2020-137582,3,$12
Cynthia Voltz,CA-2020-146493,5,$54
Cynthia Voltz,CA-2020-146780,2,$42
Cynthia Voltz,CA-2020-151484,9,$478
Cynthia Voltz,CA-2020-157252,3,$208
Cynthia Voltz,CA-2020-164707,8,$287
Cynthia Voltz,US-2019-144057,22,"$1,014"
Cyra Reiten,CA-2018-128958,5,$13
Cyra Reiten,CA-2020-159149,11,$703
Cyra Reiten,US-2020-136868,10,$682
Damala Kotsonis,CA-2017-141838,8,$60
Damala Kotsonis,CA-2018-147529,7,$324
Damala Kotsonis,CA-2019-120082,3,$60
Damala Kotsonis,CA-2019-160941,6,$423
Damala Kotsonis,CA-2020-104388,4,$80
Damala Kotsonis,CA-2020-139199,7,$927
Damala Kotsonis,CA-2020-149489,6,$108
Damala Kotsonis,CA-2020-167094,5,$512
Damala Kotsonis,CA-2020-168403,7,$42
Damala Kotsonis,US-2017-143721,2,$155
Damala Kotsonis,US-2018-164448,26,$482
Damala Kotsonis,US-2019-161844,5,$83
Dan Campbell,CA-2017-145212,3,$5
Dan Campbell,CA-2018-143532,3,$14
Dan Campbell,CA-2019-130911,5,$320
Dan Campbell,CA-2020-100426,2,$12
Dan Campbell,CA-2020-128363,28,"$2,383"
Dan Campbell,CA-2020-131016,4,$57
Dan Campbell,CA-2020-167017,2,$4
Dan Campbell,US-2017-160444,14,$502
Dan Campbell,US-2020-133781,3,$38
Dan Lawera,CA-2017-143182,1,$15
Dan Lawera,CA-2017-165974,7,$33
Dan Lawera,CA-2018-156524,3,$20
Dan Lawera,CA-2019-102456,3,$171
Dan Lawera,CA-2019-154060,9,$187
Dan Lawera,CA-2020-154718,2,$6
Dan Lawera,US-2019-125402,25,"$1,059"
Dan Lawera,US-2020-146878,1,$12
Dan Reichenbach,CA-2018-103933,9,$900
Dan Reichenbach,CA-2019-117282,2,$14
Dan Reichenbach,CA-2020-134404,6,$178
Dan Reichenbach,CA-2020-143574,14,$695
Dan Reichenbach,CA-2020-148810,9,$287
Dan Reichenbach,CA-2020-161956,26,"$2,972"
Dan Reichenbach,US-2018-159982,22,$796
Dan Reichenbach,US-2019-127425,11,$283
Dan Reichenbach,US-2019-164189,4,$403
Dana Kaydos,CA-2018-105627,22,"$2,532"
Dana Kaydos,CA-2018-139738,7,$129
Dana Kaydos,CA-2020-108112,8,$559
Dana Kaydos,CA-2020-133501,1,$5
Dana Kaydos,CA-2020-152310,27,"$1,057"
Daniel Byrd,CA-2017-108707,2,$10
Daniel Byrd,CA-2019-101672,10,"$1,028"
Daniel Byrd,CA-2019-127985,4,$7
Daniel Byrd,CA-2019-137176,4,$15
Daniel Byrd,CA-2020-124898,7,$185
Daniel Byrd,CA-2020-141201,3,$148
Daniel Byrd,CA-2020-155089,5,$46
Daniel Byrd,US-2020-159205,12,$733
Daniel Lacy,CA-2018-112571,2,$205
Daniel Lacy,CA-2018-134747,9,$412
Daniel Lacy,CA-2018-136798,8,$546
Daniel Lacy,CA-2020-121615,10,$76
Daniel Lacy,US-2017-115196,2,"$1,300"
Daniel Lacy,US-2017-137155,12,$734
Daniel Raglin,CA-2017-100881,3,$302
Daniel Raglin,CA-2018-104626,14,"$1,388"
Daniel Raglin,CA-2018-104871,4,$367
Daniel Raglin,CA-2019-160241,4,$242
Daniel Raglin,CA-2020-142671,5,$12
Daniel Raglin,CA-2020-160899,11,$478
Daniel Raglin,US-2018-163783,3,$13
Daniel Raglin,US-2019-140158,13,"$5,549"
Dario Medina,CA-2017-101175,6,$101
Dario Medina,CA-2017-141649,6,$795
Dario Medina,CA-2018-168480,5,$220
Dario Medina,CA-2018-168767,2,$13
Dario Medina,CA-2019-106621,4,$10
Dario Medina,CA-2019-163153,3,$101
Dario Medina,CA-2020-128769,2,$82
Darren Budd,CA-2018-141593,8,$370
Darren Budd,CA-2019-110975,5,"$1,180"
Darren Budd,CA-2019-162943,2,$254
Darren Budd,CA-2020-132178,10,$833
Darren Budd,US-2017-159618,18,$203
Darren Koutras,CA-2017-163034,5,$646
Darren Koutras,CA-2018-112767,4,$278
Darren Koutras,CA-2018-134894,7,$437
Darren Koutras,CA-2020-140627,14,$303
Darren Koutras,US-2020-141943,2,$23
Darren Powers,CA-2017-103800,2,$16
Darren Powers,CA-2017-122609,5,$153
Darren Powers,CA-2018-105347,14,$384
Darren Powers,CA-2018-115742,15,$210
Darren Powers,CA-2019-141180,4,$8
Darren Powers,CA-2019-166618,3,$38
Darren Powers,CA-2020-142174,2,$90
Darren Powers,CA-2020-157350,5,$65
Darren Powers,US-2020-154872,8,$88
Darrin Martin,CA-2017-160766,35,"$4,284"
Darrin Martin,CA-2018-129392,5,$21
Darrin Martin,CA-2019-136231,15,$229
Darrin Martin,CA-2019-160500,8,$305
Darrin Martin,CA-2020-110429,3,$12
Darrin Martin,CA-2020-139717,10,$657
Darrin Martin,US-2020-105389,11,$838
Darrin Sayre,CA-2017-113271,14,$172
Darrin Sayre,CA-2020-131954,22,$654
Darrin Sayre,CA-2020-144848,4,$401
Darrin Sayre,US-2020-125717,14,$535
Darrin Van Huff,CA-2019-106656,5,$23
Darrin Van Huff,CA-2019-138688,2,$15
Darrin Van Huff,CA-2020-125745,2,$20
Darrin Van Huff,CA-2020-139773,7,$189
Darrin Van Huff,CA-2020-168389,12,$874
Dave Brooks,CA-2017-104269,2,$458
Dave Brooks,CA-2017-128146,9,"$1,327"
Dave Brooks,CA-2019-113292,3,$872
Dave Brooks,CA-2019-127369,5,$714
Dave Brooks,CA-2020-107629,18,$457
Dave Brooks,CA-2020-121258,8,$380
Dave Brooks,CA-2020-132353,3,$324
Dave Hallsten,CA-2017-102274,13,$866
Dave Hallsten,CA-2018-102316,5,$201
Dave Hallsten,CA-2018-104941,17,$976
Dave Hallsten,CA-2018-159534,18,"$1,446"
Dave Hallsten,CA-2019-166240,2,$9
Dave Hallsten,US-2020-147886,26,"$1,436"
Dave Kipp,CA-2018-110457,3,$788
Dave Kipp,CA-2018-129098,2,$31
Dave Kipp,CA-2019-134334,13,$574
Dave Kipp,CA-2020-100622,8,"$1,031"
Dave Kipp,CA-2020-104913,5,$75
Dave Kipp,CA-2020-117807,1,$105
Dave Kipp,CA-2020-124940,1,$48
Dave Poirier,CA-2018-132080,6,$50
Dave Poirier,CA-2019-152534,8,$44
Dave Poirier,CA-2019-159009,7,$198
Dave Poirier,CA-2019-162390,22,"$1,671"
Dave Poirier,CA-2020-102974,10,$190
Dave Poirier,CA-2020-141663,5,$8
Dave Poirier,CA-2020-155362,2,$33
Dave Poirier,CA-2020-163671,3,$21
David Bremer,CA-2018-101889,12,"$1,569"
David Bremer,CA-2018-124653,16,$167
David Bremer,CA-2018-130204,10,$179
David Bremer,CA-2018-136700,2,$9
David Bremer,CA-2018-161998,12,$278
David Bremer,CA-2020-160514,2,$11
David Bremer,US-2020-148551,5,$761
David Flashing,CA-2017-153479,7,$110
David Flashing,CA-2018-124933,6,$213
David Flashing,CA-2019-168032,10,"$2,068"
David Kendrick,CA-2017-166191,9,$434
David Kendrick,CA-2020-102197,11,$364
David Philippe,CA-2017-112158,17,"$1,051"
David Philippe,CA-2018-112522,3,$8
David Smith,CA-2017-132983,2,$160
David Smith,CA-2018-130456,7,$667
David Smith,CA-2018-159863,3,$134
David Smith,CA-2018-163055,7,$647
David Smith,CA-2019-119074,7,$93
David Smith,CA-2019-127243,22,$740
David Smith,CA-2019-146325,12,$216
David Smith,CA-2020-134285,6,$19
David Smith,CA-2020-154907,2,$205
David Wiener,CA-2017-123477,4,$65
David Wiener,CA-2017-133158,9,$359
David Wiener,CA-2017-152849,3,$4
David Wiener,CA-2020-101581,5,$177
David Wiener,US-2019-127971,15,$448
David Wiener,US-2020-103226,3,$27
Dean Braden,CA-2018-157812,12,$162
Dean Braden,CA-2019-108567,2,$3
Dean Braden,CA-2019-122448,3,$122
Dean Braden,CA-2019-149370,1,$5
Dean Braden,CA-2019-158778,17,"$1,025"
Dean Braden,CA-2020-109960,18,$188
Dean Braden,CA-2020-152709,2,$86
Dean Braden,CA-2020-165841,11,$518
Dean Braden,US-2019-134761,1,$36
Dean Braden,US-2019-162677,8,$188
Dean Katz,CA-2017-157623,3,$14
Dean Katz,CA-2018-113173,17,$270
Dean Katz,CA-2018-122756,5,$485
Dean Katz,CA-2019-127138,17,"$1,632"
Dean Katz,CA-2019-130288,2,$313
Dean Katz,CA-2019-155481,15,$71
Dean Katz,CA-2019-168543,7,$707
Dean Katz,CA-2020-100650,2,"$1,296"
Dean Katz,CA-2020-105480,2,$13
Dean percer,CA-2017-116834,16,$408
Dean percer,CA-2017-129574,5,$48
Dean percer,CA-2018-139962,5,$57
Dean percer,CA-2018-169796,5,"$2,340"
Dean percer,CA-2019-152072,7,$312
Dean percer,CA-2020-139822,4,$99
Dean percer,CA-2020-148404,18,"$1,027"
Dean percer,CA-2020-163692,3,$8
Dean percer,CA-2020-169691,11,$147
Dean percer,US-2020-132381,2,$315
Dean percer,US-2020-162558,23,"$2,438"
Deanra Eno,CA-2017-109134,6,$20
Deanra Eno,CA-2017-123253,1,$4
Deanra Eno,CA-2018-142601,9,"$1,009"
Deanra Eno,CA-2018-153381,14,"$1,423"
Deanra Eno,CA-2019-126529,8,$94
Deborah Brumfield,CA-2017-107181,7,$117
Deborah Brumfield,CA-2018-118227,1,$26
Deborah Brumfield,CA-2019-143609,5,$404
Deborah Brumfield,CA-2019-163804,16,"$2,782"
Deborah Brumfield,CA-2020-122504,10,$822
Deborah Brumfield,CA-2020-154011,6,$464
Deborah Brumfield,US-2018-141453,3,$4
Deborah Brumfield,US-2019-144477,4,$37
Debra Catini,CA-2017-106803,6,$144
Debra Catini,CA-2018-117884,16,$598
Debra Catini,CA-2019-137736,7,$42
Debra Catini,CA-2020-104003,2,$308
Debra Catini,US-2020-136189,6,$82
Deirdre Greer,CA-2017-139423,2,$76
Deirdre Greer,CA-2018-130848,8,$582
Deirdre Greer,CA-2020-123372,13,"$2,060"
Deirdre Greer,US-2018-153500,13,$458
Deirdre Greer,US-2019-106313,3,$19
Delfina Latchford,CA-2017-108182,2,$9
Delfina Latchford,CA-2017-115791,14,$300
Delfina Latchford,CA-2017-154165,14,$54
Delfina Latchford,CA-2019-146941,10,$443
Delfina Latchford,CA-2019-149783,7,$131
Delfina Latchford,CA-2020-145226,12,$434
Delfina Latchford,CA-2020-155159,9,$49
Delfina Latchford,US-2020-114034,6,$39
Denise Leinenbach,CA-2018-109337,16,$508
Denise Leinenbach,CA-2019-125815,3,$12
Denise Leinenbach,CA-2020-143329,3,$41
Denise Leinenbach,US-2017-130358,10,$23
Denise Monton,CA-2017-119529,2,$6
Denise Monton,CA-2017-164910,3,$8
Denise Monton,CA-2018-142734,2,$128
Denise Monton,CA-2019-114482,10,$445
Denise Monton,CA-2019-129861,3,$377
Denise Monton,CA-2019-144554,3,$120
Denise Monton,CA-2020-108854,9,$244
Denise Monton,CA-2020-157854,9,"$2,747"
Dennis Bolton,CA-2017-100972,3,$166
Dennis Bolton,CA-2018-143882,9,$43
Dennis Bolton,CA-2019-119123,7,$51
Dennis Bolton,CA-2019-139556,3,$435
Dennis Bolton,CA-2020-150623,6,$386
Dennis Kane,CA-2017-100006,3,$378
Dennis Kane,CA-2018-131884,11,$594
Dennis Kane,CA-2018-145065,4,$32
Dennis Kane,CA-2020-133046,14,$298
Dennis Kane,CA-2020-165099,2,$1
Dennis Kane,CA-2020-166835,2,$221
Dennis Kane,US-2019-111290,16,"$1,137"
Dennis Kane,US-2019-139087,25,$656
Dennis Pardue,CA-2017-107139,6,$181
Dennis Pardue,CA-2017-134621,2,$18
Dennis Pardue,CA-2017-168592,8,$76
Dennis Pardue,CA-2018-118423,3,$359
Dennis Pardue,CA-2018-129217,7,$108
Dennis Pardue,CA-2019-138478,12,"$4,685"
Dennis Pardue,CA-2019-138583,3,$17
Dennis Pardue,CA-2020-150931,7,$34
Dennis Pardue,CA-2020-154466,2,$4
Denny Blanton,CA-2018-129322,11,$601
Denny Blanton,CA-2018-141145,3,$87
Denny Blanton,CA-2020-140949,43,$497
Denny Blanton,CA-2020-157091,5,$526
Denny Joy,CA-2017-144071,5,$119
Denny Joy,CA-2018-109736,7,$45
Denny Joy,CA-2018-168004,3,$393
Denny Joy,CA-2019-123540,5,"$1,455"
Denny Ordway,CA-2017-108903,10,$213
Denny Ordway,CA-2018-121272,4,$73
Denny Ordway,CA-2018-169299,3,$7
Denny Ordway,CA-2019-133144,3,$17
Denny Ordway,CA-2020-100636,3,$273
Denny Ordway,CA-2020-102771,5,$85
Denny Ordway,CA-2020-140760,11,$69
Denny Ordway,US-2018-168935,6,$459
Denny Ordway,US-2020-100398,3,$103
Dianna Arnett,CA-2017-115133,12,$53
Dianna Arnett,US-2017-138835,2,$10
Dianna Arnett,US-2017-157406,5,$17
Dianna Arnett,US-2020-158512,8,$78
Dianna Vittorini,CA-2017-124646,6,$664
Dianna Vittorini,CA-2018-100251,14,$87
Dianna Vittorini,CA-2018-146486,18,"$1,171"
Dianna Vittorini,CA-2019-126102,2,$277
Dianna Vittorini,CA-2020-145233,19,"$1,020"
Dianna Vittorini,US-2020-152002,3,$123
Dianna Wilson,CA-2017-131926,24,"$3,746"
Dianna Wilson,CA-2019-101938,1,$35
Dianna Wilson,CA-2019-151141,2,$15
Dianna Wilson,CA-2019-164399,6,$878
Dianna Wilson,US-2020-132297,5,$598
Dionis Lloyd,CA-2018-153717,7,$256
Dionis Lloyd,CA-2019-106558,4,$316
Dionis Lloyd,CA-2019-127649,3,$838
Dionis Lloyd,CA-2019-144855,2,$6
Dionis Lloyd,CA-2020-142643,6,$175
Dionis Lloyd,CA-2020-144750,1,$84
Dionis Lloyd,CA-2020-151911,4,$63
Dionis Lloyd,US-2020-117723,6,"$1,802"
Don Jones,CA-2017-111500,20,$485
Don Jones,CA-2019-128594,4,"$1,603"
Don Jones,CA-2020-108749,10,$91
Don Jones,CA-2020-137876,6,$96
Don Jones,CA-2020-153339,1,$16
Don Jones,CA-2020-156895,3,$128
Don Jones,US-2020-118535,2,$21
Don Jones,US-2020-132220,6,$62
Don Miller,CA-2017-103317,10,$243
Don Miller,CA-2018-132465,8,"$1,082"
Don Miller,CA-2019-149195,15,$52
Don Weiss,CA-2019-128706,2,$16
Don Weiss,CA-2019-149902,4,$88
Don Weiss,CA-2020-101210,3,$13
Don Weiss,CA-2020-132521,6,$158
Don Weiss,CA-2020-148642,6,$68
Dorothy Badders,CA-2017-114314,5,$16
Dorothy Badders,CA-2017-136336,6,$829
Dorothy Badders,CA-2017-151953,2,$3
Dorothy Badders,CA-2020-104885,18,$627
Dorothy Badders,CA-2020-115882,7,"$1,017"
Dorothy Badders,CA-2020-158036,1,$9
Dorothy Badders,US-2020-133200,22,"$1,407"
Dorothy Dickinson,CA-2017-166730,1,$39
Dorothy Dickinson,CA-2020-110926,7,$25
Dorothy Dickinson,CA-2020-125640,1,$3
Dorothy Dickinson,CA-2020-147844,13,$110
Dorothy Dickinson,US-2017-104759,9,$88
Dorothy Dickinson,US-2019-148334,2,$4
Dorothy Wardle,CA-2017-120432,3,$26
Dorothy Wardle,CA-2018-162950,9,$498
Dorothy Wardle,CA-2019-148516,3,$180
Dorothy Wardle,CA-2019-165820,2,$13
Dorothy Wardle,CA-2020-123134,3,$130
Dorothy Wardle,US-2020-126060,8,$198
Dorothy Wardle,US-2020-164147,16,$160
Dorris liebe,CA-2017-133424,6,$60
Dorris liebe,CA-2017-153150,5,$20
Dorris liebe,CA-2019-120530,3,$659
Dorris liebe,CA-2020-114552,3,$15
Dorris liebe,US-2020-155299,2,$2
Doug Bickford,CA-2017-137351,7,$43
Doug Bickford,CA-2018-137946,7,$979
Doug Bickford,CA-2019-115224,5,$386
Doug Bickford,CA-2019-135636,5,$388
Doug Bickford,CA-2020-132185,6,$52
Doug Bickford,CA-2020-133074,7,$56
Doug Bickford,CA-2020-145779,4,$84
Doug Jacobs,CA-2018-123232,4,$320
Doug Jacobs,CA-2019-164511,9,$148
Doug Jacobs,CA-2020-115602,30,"$2,889"
Doug O'Connell,CA-2018-126669,2,$77
Doug O'Connell,CA-2020-102309,7,$213
Doug O'Connell,CA-2020-115777,3,$19
Doug O'Connell,CA-2020-118003,7,$498
Doug O'Connell,CA-2020-133207,4,$58
Doug O'Connell,CA-2020-165008,9,$295
Doug O'Connell,US-2020-117450,4,$108
Duane Benoit,CA-2017-104402,3,$66
Duane Benoit,CA-2018-111990,6,$10
Duane Benoit,CA-2020-101077,2,$7
Duane Benoit,CA-2020-101959,3,$18
Duane Benoit,CA-2020-105886,2,$19
Duane Benoit,CA-2020-121853,13,$879
Duane Benoit,US-2019-105830,4,$157
Duane Huffman,CA-2017-105249,10,$460
Duane Huffman,CA-2017-156244,27,$458
Duane Huffman,CA-2018-127593,2,$85
Duane Huffman,CA-2018-145324,2,$40
Duane Noonan,CA-2017-119977,4,$124
Duane Noonan,CA-2017-139451,6,$36
Duane Noonan,CA-2017-166744,8,$587
Duane Noonan,CA-2019-114860,10,$885
Duane Noonan,CA-2019-114951,3,$22
Duane Noonan,CA-2019-151498,5,$8
Duane Noonan,CA-2020-136882,5,$477
Ed Braxton,CA-2017-100090,9,$699
Ed Braxton,CA-2017-129938,7,$446
Ed Braxton,CA-2018-104493,6,$58
Ed Braxton,CA-2018-128125,6,$121
Ed Braxton,CA-2019-128223,7,"$1,293"
Ed Braxton,CA-2020-107797,8,$41
Ed Braxton,CA-2020-134978,5,$16
Ed Braxton,CA-2020-147277,4,$950
Ed Braxton,US-2019-137547,3,$21
Ed Jacobs,CA-2017-108273,9,$93
Ed Jacobs,CA-2018-169656,3,$423
Ed Jacobs,CA-2020-123085,11,"$1,220"
Ed Jacobs,US-2017-117163,8,$427
Ed Ludwig,CA-2019-113061,2,$87
Ed Ludwig,CA-2020-150707,7,$38
Edward Becker,CA-2018-128083,10,$46
Edward Becker,CA-2018-166947,9,"$1,523"
Edward Becker,CA-2019-126809,9,$35
Edward Becker,CA-2019-137652,8,$18
Edward Becker,CA-2019-145548,17,$493
Edward Becker,CA-2019-166380,11,$139
Edward Becker,CA-2020-122707,6,$503
Edward Becker,CA-2020-161459,11,$74
Edward Becker,CA-2020-161739,5,$342
Edward Becker,US-2019-147340,5,$63
Edward Hooks,CA-2017-138450,16,$249
Edward Hooks,CA-2017-142979,2,$40
Edward Hooks,CA-2019-100944,10,$868
Edward Hooks,CA-2019-135776,16,"$1,506"
Edward Hooks,CA-2019-136301,5,"$4,941"
Edward Hooks,CA-2019-153836,8,$144
Edward Hooks,CA-2019-155565,5,$55
Edward Hooks,CA-2019-158155,12,$331
Edward Hooks,CA-2020-152499,8,$23
Edward Hooks,US-2018-147242,13,$703
Edward Hooks,US-2019-119046,18,$93
Edward Hooks,US-2020-111423,7,"$1,358"
Edward Nazzal,CA-2018-103177,8,$529
Edward Nazzal,CA-2019-126284,5,$84
Edward Nazzal,CA-2019-165848,11,"$1,563"
Edward Nazzal,CA-2020-160087,3,$24
Eileen Kiefer,CA-2017-111871,10,"$1,198"
Eileen Kiefer,CA-2018-109113,2,$25
Eileen Kiefer,CA-2018-154340,2,$56
Eileen Kiefer,CA-2020-108091,4,$23
Eleni McCrary,CA-2018-113404,9,"$2,049"
Eleni McCrary,CA-2018-139584,4,$310
Eleni McCrary,CA-2018-142041,5,$8
Eleni McCrary,CA-2019-158358,2,$160
Eleni McCrary,CA-2020-137344,3,$40
Elizabeth Moffitt,CA-2017-103807,4,$21
Elizabeth Moffitt,CA-2018-109603,8,$183
Elizabeth Moffitt,CA-2018-149748,8,$345
Elizabeth Moffitt,CA-2019-116764,4,$9
Elizabeth Moffitt,CA-2019-136595,3,$21
Elizabeth Moffitt,CA-2020-114258,4,$493
Elizabeth Moffitt,CA-2020-122035,22,"$1,108"
Elizabeth Moffitt,US-2020-128398,4,$160
Ellis Ballard,CA-2017-146885,3,$14
Ellis Ballard,CA-2018-164301,8,"$3,394"
Ellis Ballard,CA-2019-139885,6,$213
Ellis Ballard,CA-2020-156951,21,$644
Ellis Ballard,US-2017-102631,3,$94
Elpida Rittenbach,CA-2018-127019,7,$61
Elpida Rittenbach,CA-2019-149223,6,$78
Elpida Rittenbach,CA-2019-162236,14,"$1,107"
Emily Burns,CA-2017-110219,3,$128
Emily Burns,CA-2018-106320,3,"$1,045"
Emily Burns,CA-2018-153626,3,$5
Emily Burns,CA-2019-144939,6,$599
Emily Burns,CA-2019-159989,3,$41
Emily Burns,CA-2020-130967,3,$54
Emily Burns,CA-2020-148999,4,$419
Emily Burns,CA-2020-169817,2,$2
Emily Burns,US-2017-126340,3,$334
Emily Burns,US-2018-110569,11,$141
Emily Ducich,CA-2017-110352,2,$24
Emily Ducich,CA-2017-110527,8,$21
Emily Ducich,CA-2018-137071,2,$101
Emily Ducich,CA-2018-160227,11,"$2,621"
Emily Ducich,CA-2019-118311,5,$450
Emily Ducich,CA-2019-149916,5,$67
Emily Ducich,CA-2020-133102,15,$144
Emily Ducich,CA-2020-134838,6,$58
Emily Grady,CA-2018-138625,4,$198
Emily Grady,CA-2020-114524,13,$13
Emily Grady,CA-2020-141719,5,$240
Emily Grady,US-2019-150861,18,"$1,165"
Emily Grady,US-2020-167570,4,$216
Emily Phan,CA-2017-134278,1,$560
Emily Phan,CA-2018-123330,3,$108
Emily Phan,CA-2018-163587,7,$688
Emily Phan,CA-2019-113390,5,$33
Emily Phan,CA-2019-140641,5,$38
Emily Phan,CA-2020-102099,10,$52
Emily Phan,CA-2020-111815,3,$281
Emily Phan,CA-2020-122770,19,$262
Emily Phan,CA-2020-131303,5,$63
Emily Phan,CA-2020-149888,9,$710
Emily Phan,CA-2020-157483,7,$182
Emily Phan,US-2019-119298,2,$60
Emily Phan,US-2019-131611,26,"$2,008"
Emily Phan,US-2019-159856,5,$308
Emily Phan,US-2019-165953,8,$71
Emily Phan,US-2020-122637,7,$43
Emily Phan,US-2020-125808,2,$12
Eric Barreto,CA-2017-123400,7,$199
Eric Barreto,CA-2019-101448,3,$57
Eric Barreto,CA-2019-122728,6,$122
Eric Barreto,US-2019-116400,4,$40
Eric Barreto,US-2020-106551,4,$526
Eric Hoffmann,CA-2017-107594,3,$80
Eric Hoffmann,CA-2018-114048,3,$29
Eric Hoffmann,CA-2018-149384,3,$3
Eric Hoffmann,CA-2019-121755,5,$102
Eric Hoffmann,CA-2020-153080,7,$68
Eric Hoffmann,CA-2020-160458,5,$26
Eric Hoffmann,US-2019-110156,37,$297
Eric Hoffmann,US-2019-158288,9,$79
Eric Murdock,CA-2018-119697,2,$54
Eric Murdock,CA-2018-129042,3,$8
Eric Murdock,CA-2018-148873,8,$112
Eric Murdock,CA-2018-156566,2,$573
Eric Murdock,CA-2020-168942,3,$187
Erica Bern,CA-2019-135461,5,$624
Erica Bern,CA-2020-115427,4,$35
Erica Bern,US-2019-150357,5,$25
Erica Bern,US-2019-164630,4,$960
Erica Hackney,CA-2017-102295,1,$121
Erica Hackney,CA-2017-103366,5,$150
Erica Hackney,CA-2017-138513,2,$13
Erica Hackney,CA-2018-156510,5,$63
Erica Hackney,CA-2019-107790,1,$151
Erica Hackney,CA-2019-124100,6,$328
Erica Hernandez,CA-2017-140165,10,$405
Erica Hernandez,CA-2017-154592,3,$165
Erica Hernandez,CA-2019-152814,3,$29
Erica Hernandez,CA-2020-127516,1,$65
Erica Hernandez,CA-2020-133095,10,$118
Erica Hernandez,CA-2020-144862,12,$168
Erica Hernandez,CA-2020-167381,11,$270
Erica Smith,CA-2017-156433,6,$32
Erica Smith,CA-2018-142433,3,$117
Erica Smith,CA-2019-127775,3,$240
Erica Smith,CA-2020-103499,2,$210
Erica Smith,US-2020-163300,17,"$2,912"
Erin Ashbrook,CA-2017-114195,7,$94
Erin Ashbrook,CA-2017-151162,13,$362
Erin Ashbrook,CA-2018-154921,3,$187
Erin Ashbrook,CA-2018-158939,1,$600
Erin Ashbrook,CA-2019-102813,13,$570
Erin Ashbrook,CA-2019-104633,8,$199
Erin Ashbrook,CA-2019-108581,6,$106
Erin Ashbrook,CA-2019-121447,7,$136
Erin Ashbrook,CA-2019-164924,3,$342
Erin Ashbrook,CA-2019-168956,14,$167
Erin Ashbrook,CA-2020-121909,3,$55
Erin Ashbrook,CA-2020-154501,2,$10
Erin Ashbrook,US-2017-156216,7,$19
Erin Creighton,CA-2017-139633,4,$5
Erin Creighton,CA-2020-161102,9,$94
Erin Creighton,CA-2020-163188,9,$38
Erin Creighton,US-2019-169369,9,$299
Erin Creighton,US-2020-140074,6,$26
Erin Mull,CA-2017-127691,4,$166
Erin Mull,CA-2019-155670,11,$22
Erin Mull,CA-2020-133620,1,$11
Erin Mull,CA-2020-149720,6,$30
Erin Smith,CA-2017-108189,18,$598
Erin Smith,CA-2018-104129,9,$600
Erin Smith,CA-2019-108056,3,$859
Erin Smith,CA-2019-134936,14,$472
Erin Smith,CA-2019-136924,8,$381
Erin Smith,CA-2019-154998,2,$38
Erin Smith,CA-2020-127397,10,"$1,444"
Erin Smith,CA-2020-139619,2,$96
Erin Smith,CA-2020-157469,11,$171
Eudokia Martin,CA-2018-163237,5,$520
Eudokia Martin,CA-2019-161669,12,$90
Eudokia Martin,CA-2020-132437,4,$65
Eudokia Martin,US-2018-159499,13,$365
Eugene Barchas,CA-2018-106257,4,$721
Eugene Barchas,CA-2018-111612,7,$74
Eugene Barchas,CA-2019-116561,5,$373
Eugene Barchas,CA-2019-121370,10,"$1,629"
Eugene Barchas,CA-2020-149895,2,$259
Eugene Barchas,US-2018-153283,2,$16
Eugene Hildebrand,CA-2017-100867,6,$322
Eugene Hildebrand,CA-2018-134201,7,$157
Eugene Hildebrand,CA-2019-104969,7,$130
Eugene Hildebrand,CA-2019-136126,9,$261
Eugene Hildebrand,CA-2019-146010,7,$41
Eugene Hildebrand,CA-2020-112725,11,$142
Eugene Hildebrand,CA-2020-124744,15,$536
Eugene Hildebrand,CA-2020-125752,2,$41
Eugene Hildebrand,US-2018-154389,8,$749
Eugene Hildebrand,US-2019-156097,4,$704
Eugene Moren,CA-2017-168158,2,$6
Eugene Moren,CA-2018-146255,10,$808
Eugene Moren,CA-2019-139997,5,"$1,500"
Eugene Moren,CA-2019-152730,33,"$1,283"
Eugene Moren,CA-2020-134915,17,$972
Eugene Moren,US-2019-131058,7,$20
Eva Jacobs,CA-2017-105648,3,$626
Eva Jacobs,CA-2019-142594,14,"$1,517"
Eva Jacobs,CA-2020-133641,9,$49
Eva Jacobs,CA-2020-147410,2,$421
Eva Jacobs,US-2020-110989,3,$44
Evan Bailliet,CA-2017-103086,2,$5
Evan Bailliet,CA-2017-111962,7,$818
Evan Bailliet,CA-2018-142930,4,$336
Evan Bailliet,CA-2018-148705,2,$5
Evan Bailliet,CA-2019-143441,1,$12
Evan Bailliet,CA-2020-162635,4,$11
Evan Henry,CA-2017-105340,1,$7
Evan Henry,CA-2017-139542,6,$54
Evan Henry,CA-2017-143840,3,$181
Evan Henry,CA-2019-160486,4,$72
Evan Henry,CA-2019-167115,2,$589
Evan Henry,CA-2020-112984,6,$21
Evan Minnotte,CA-2018-141754,2,$12
Evan Minnotte,CA-2020-162033,5,$57
Evan Minnotte,CA-2020-167549,6,$298
Filia McAdams,CA-2017-114643,3,$15
Filia McAdams,CA-2017-114790,11,$783
Filia McAdams,CA-2019-104983,5,$124
Filia McAdams,CA-2019-124814,7,$36
Filia McAdams,CA-2019-132143,7,$48
Filia McAdams,CA-2019-134516,3,$115
Filia McAdams,CA-2020-127929,3,$182
Filia McAdams,CA-2020-143651,2,$23
Filia McAdams,US-2019-101196,2,$82
Filia McAdams,US-2020-164056,5,"$1,048"
Frank Atkinson,CA-2017-156601,2,$7
Frank Atkinson,CA-2018-108672,6,$107
Frank Atkinson,CA-2018-135391,6,$81
Frank Atkinson,CA-2018-140718,15,$246
Frank Atkinson,CA-2019-113845,11,$574
Frank Atkinson,CA-2020-122364,6,"$1,365"
Frank Atkinson,US-2018-131359,12,$603
Frank Carlisle,CA-2018-104059,1,$3
Frank Carlisle,CA-2018-115693,2,$56
Frank Carlisle,CA-2018-149517,3,$61
Frank Carlisle,CA-2019-147256,10,"$2,378"
Frank Carlisle,CA-2020-117422,7,$172
Frank Carlisle,CA-2020-144456,8,$220
Frank Carlisle,CA-2020-167640,19,$529
Frank Gastineau,CA-2017-101833,3,$34
Frank Gastineau,CA-2017-152443,16,$712
Frank Gastineau,CA-2020-101308,5,$94
Frank Gastineau,CA-2020-106033,4,$88
Frank Gastineau,CA-2020-127460,6,$298
Frank Gastineau,CA-2020-155607,11,$152
Frank Gastineau,CA-2020-160801,3,$5
Frank Hawley,CA-2017-100916,10,$789
Frank Hawley,CA-2017-153808,8,$436
Frank Hawley,CA-2019-152170,21,$383
Frank Hawley,CA-2019-168557,2,$9
Frank Hawley,CA-2020-104318,2,$21
Frank Hawley,CA-2020-104640,5,"$1,362"
Frank Hawley,CA-2020-107832,1,$7
Frank Hawley,CA-2020-121503,10,$871
Frank Hawley,CA-2020-128370,5,$370
Frank Hawley,CA-2020-162474,1,$8
Frank Merwin,CA-2017-123260,8,$177
Frank Merwin,CA-2018-130554,3,$12
Frank Merwin,CA-2019-103163,2,$10
Frank Merwin,CA-2019-114867,7,"$1,508"
Frank Merwin,CA-2019-155488,2,$44
Frank Merwin,CA-2020-121160,15,$66
Frank Merwin,CA-2020-146535,13,"$1,447"
Frank Merwin,US-2020-129777,12,$283
Frank Merwin,US-2020-153948,17,$190
Frank Olsen,CA-2017-132612,7,"$1,441"
Frank Olsen,CA-2018-103093,9,$75
Frank Olsen,CA-2018-132136,3,$9
Frank Olsen,CA-2019-112578,3,$42
Frank Olsen,CA-2020-106943,2,$9
Frank Olsen,CA-2020-141992,3,$165
Frank Olsen,CA-2020-144036,8,$36
Frank Olsen,US-2018-115343,8,$674
Frank Olsen,US-2019-142251,6,$32
Frank Olsen,US-2020-107979,11,$197
Frank Preis,CA-2017-138128,7,"$1,111"
Frank Preis,CA-2017-138737,3,$9
Frank Preis,CA-2019-111213,15,"$1,385"
Frank Preis,CA-2019-125850,8,$65
Frank Preis,CA-2020-113572,4,$8
Frank Preis,CA-2020-137099,3,$374
Frank Preis,US-2018-168704,9,"$1,061"
Frank Preis,US-2019-153129,5,$34
Fred Chung,CA-2018-107741,1,$3
Fred Chung,CA-2018-121405,10,$204
Fred Chung,CA-2018-138492,2,$52
Fred Chung,CA-2019-138968,6,"$1,357"
Fred Chung,CA-2020-107517,10,"$2,012"
Fred Chung,US-2017-134054,7,$256
Fred Chung,US-2020-126081,1,$5
Fred Harton,CA-2018-148859,2,$25
Fred Harton,CA-2018-165624,30,"$1,142"
Fred Harton,CA-2020-104801,8,$914
Fred Harton,CA-2020-106831,12,$190
Fred Hopkins,CA-2017-169684,6,$427
Fred Hopkins,CA-2018-111829,12,"$4,607"
Fred Hopkins,CA-2018-162047,10,"$1,449"
Fred Hopkins,CA-2019-104689,8,$23
Fred Hopkins,CA-2020-109750,3,$30
Fred Hopkins,CA-2020-121398,5,$424
Fred Hopkins,CA-2020-126676,3,$8
Fred Hopkins,US-2020-124303,5,$19
Fred McMath,CA-2018-112711,4,$307
Fred McMath,CA-2018-124499,8,$660
Fred McMath,CA-2018-136147,11,$233
Fred McMath,CA-2019-141082,5,$126
Fred McMath,CA-2019-145842,3,$41
Fred McMath,CA-2019-146150,7,$264
Fred McMath,CA-2020-134796,2,$148
Fred McMath,CA-2020-163321,1,$80
Fred McMath,US-2019-135720,12,$664
Fred Wasserman,CA-2018-121552,4,$20
Fred Wasserman,CA-2019-139409,4,$44
Fred Wasserman,CA-2020-118668,1,$17
Gary Hansen,CA-2017-114125,11,$69
Gary Hansen,CA-2017-128986,3,$93
Gary Hansen,CA-2019-118934,8,$16
Gary Hansen,CA-2019-144540,12,$91
Gary Hansen,CA-2020-132647,7,$178
Gary Hansen,CA-2020-159282,5,$600
Gary Hansen,CA-2020-163006,7,"$1,585"
Gary Hansen,US-2018-164966,6,$156
Gary Hansen,US-2020-131849,6,$31
Gary Hwang,CA-2017-144414,11,"$3,291"
Gary Hwang,CA-2018-144806,31,$758
Gary Hwang,CA-2020-141138,7,$112
Gary Hwang,US-2018-120572,2,$13
Gary McGarr,CA-2017-154893,9,"$1,898"
Gary McGarr,CA-2019-161025,4,$773
Gary McGarr,CA-2020-135783,2,$18
Gary McGarr,CA-2020-146031,9,$60
Gary McGarr,US-2017-155544,11,$311
Gary McGarr,US-2020-121251,6,$378
Gary McGarr,US-2020-168613,2,$146
Gary Mitchum,CA-2017-138940,6,$758
Gary Mitchum,CA-2019-159695,7,$158
Gary Mitchum,CA-2020-122595,7,$283
Gary Mitchum,CA-2020-151981,19,"$1,077"
Gary Mitchum,US-2017-143231,8,$177
Gary Mitchum,US-2019-161396,7,$625
Gary Zandusky,CA-2017-124723,2,$489
Gary Zandusky,CA-2017-132500,2,$50
Gary Zandusky,CA-2018-123141,7,"$1,114"
Gary Zandusky,CA-2018-154795,3,$22
Gary Zandusky,CA-2019-129903,4,$24
Gary Zandusky,CA-2019-131737,13,"$2,073"
Gary Zandusky,CA-2020-126928,7,$514
Gary Zandusky,CA-2020-156769,6,$55
Gary Zandusky,US-2020-123463,4,$13
Gene Hale,CA-2018-131352,3,$73
Gene Hale,CA-2019-117590,12,"$1,288"
Gene McClure,CA-2017-141901,1,$6
Gene McClure,CA-2018-127173,19,$743
Gene McClure,CA-2018-167374,9,$57
Gene McClure,CA-2018-169733,1,$10
Gene McClure,CA-2019-117625,2,$7
Gene McClure,CA-2019-119445,5,$15
Gene McClure,CA-2019-137393,4,$42
Gene McClure,CA-2020-134418,3,$12
Gene McClure,US-2020-111241,5,$239
Gene McClure,US-2020-123834,4,$124
George Ashbrook,CA-2017-120950,6,$44
George Ashbrook,CA-2017-133963,1,$4
George Ashbrook,CA-2018-155306,17,"$2,573"
George Ashbrook,CA-2019-106915,4,$18
George Ashbrook,CA-2019-132731,6,$658
George Ashbrook,CA-2020-136350,5,$449
George Ashbrook,CA-2020-138870,6,$75
George Ashbrook,US-2020-143175,3,$100
George Bell,CA-2017-140228,8,$212
George Bell,CA-2018-126186,4,$25
George Bell,CA-2018-131422,3,$207
George Bell,CA-2018-149566,7,$52
George Bell,CA-2018-167745,6,$53
George Bell,CA-2019-128923,3,$19
George Bell,CA-2019-149314,1,$195
George Bell,CA-2019-159912,17,$420
George Bell,CA-2019-164672,2,$212
George Bell,CA-2020-129028,3,$128
George Bell,CA-2020-160983,8,$47
George Zrebassa,CA-2017-107153,3,$46
George Zrebassa,CA-2020-137001,7,$15
George Zrebassa,CA-2020-140515,7,$381
George Zrebassa,US-2020-167318,8,"$2,012"
Georgia Rosenberg,CA-2017-103401,2,$13
Georgia Rosenberg,US-2017-123183,21,"$1,271"
Giulietta Baptist,CA-2018-139850,6,$64
Giulietta Baptist,CA-2018-158421,37,"$3,632"
Giulietta Baptist,CA-2019-137337,12,$196
Giulietta Baptist,CA-2020-130309,3,$544
Giulietta Baptist,US-2020-147984,5,$280
Giulietta Dortch,CA-2017-111934,3,$47
Giulietta Dortch,CA-2019-121223,11,$737
Giulietta Dortch,CA-2020-150420,10,"$1,100"
Giulietta Dortch,CA-2020-162880,1,$4
Giulietta Weimer,CA-2017-124709,2,$238
Giulietta Weimer,CA-2017-168312,6,$514
Giulietta Weimer,CA-2018-135489,14,$280
Giulietta Weimer,CA-2019-108105,5,$324
Giulietta Weimer,CA-2019-169334,9,$112
Giulietta Weimer,CA-2020-155075,4,$631
Giulietta Weimer,US-2020-113852,3,$91
Grace Kelly,CA-2017-164469,17,$345
Grace Kelly,CA-2018-133396,7,$65
Grace Kelly,CA-2018-161767,2,$480
Grace Kelly,CA-2018-164567,3,$226
Grace Kelly,CA-2019-101546,2,"$1,794"
Grace Kelly,CA-2019-162138,7,$352
Grace Kelly,CA-2020-139444,4,$10
Grace Kelly,US-2017-165862,3,$351
Grace Kelly,US-2019-116729,21,"$2,876"
Grant Thornton,CA-2017-159520,14,"$1,158"
Grant Thornton,CA-2018-144386,6,$25
Grant Thornton,US-2020-168116,6,"$8,167"
Greg Guthrie,CA-2017-106439,45,"$1,008"
Greg Guthrie,CA-2019-129686,8,$160
Greg Guthrie,CA-2019-153353,1,$40
Greg Guthrie,CA-2020-118122,2,$14
Greg Guthrie,CA-2020-131807,22,$753
Greg Guthrie,CA-2020-157112,6,$17
Greg Guthrie,US-2018-136476,1,$158
Greg Guthrie,US-2019-114776,3,$19
Greg Guthrie,US-2020-145597,4,$54
Greg Hansen,CA-2018-163090,5,$41
Greg Hansen,CA-2020-136539,4,$106
Greg Matthias,CA-2017-103310,14,"$1,770"
Greg Matthias,CA-2017-127012,4,$76
Greg Matthias,CA-2019-106243,5,$524
Greg Matthias,CA-2019-139157,1,$331
Greg Matthias,CA-2020-126144,4,$286
Greg Matthias,US-2019-139710,3,$177
Greg Maxwell,CA-2017-102988,22,"$4,252"
Greg Maxwell,CA-2019-100244,19,$476
Greg Maxwell,CA-2020-102750,3,"$1,322"
Greg Tran,CA-2017-128209,13,"$6,161"
Greg Tran,CA-2018-124450,14,"$2,670"
Greg Tran,CA-2019-106460,2,$71
Greg Tran,CA-2019-123274,5,$287
Greg Tran,CA-2019-126795,2,$34
Greg Tran,CA-2020-101945,3,$11
Greg Tran,CA-2020-126956,13,$88
Greg Tran,CA-2020-151190,3,$20
Greg Tran,CA-2020-161774,16,"$1,078"
Greg Tran,US-2017-135881,8,$231
Greg Tran,US-2019-169040,27,"$1,169"
Guy Armstrong,CA-2017-131247,2,$206
Guy Armstrong,CA-2017-138072,2,$28
Guy Armstrong,CA-2017-168368,14,$535
Guy Armstrong,CA-2018-149993,5,$11
Guy Armstrong,CA-2020-107503,4,$49
Guy Armstrong,CA-2020-110842,9,$152
Guy Armstrong,CA-2020-114636,5,$192
Guy Armstrong,CA-2020-134194,26,$160
Guy Armstrong,CA-2020-152786,9,$40
Guy Armstrong,US-2018-110163,1,$8
Guy Armstrong,US-2018-126235,2,$17
Guy Phonely,CA-2017-136742,6,$45
Guy Phonely,CA-2018-117961,15,$192
Guy Thornton,CA-2018-105725,3,$97
Guy Thornton,CA-2019-130029,4,$17
Guy Thornton,CA-2020-104745,8,$79
Guy Thornton,CA-2020-130526,8,$34
Hallie Redmond,CA-2018-103954,5,$687
Hallie Redmond,CA-2020-106964,2,$12
Hallie Redmond,CA-2020-113278,24,$359
Hallie Redmond,CA-2020-165904,4,$235
Hallie Redmond,US-2017-143707,3,$6
Harold Dahlen,CA-2017-119172,12,$122
Harold Dahlen,CA-2018-157343,12,$52
Harold Dahlen,CA-2018-162376,7,$77
Harold Engle,CA-2019-114944,4,$157
Harold Engle,CA-2019-146374,9,$128
Harold Engle,CA-2020-140480,23,$470
Harold Engle,CA-2020-143252,8,$129
Harold Pawlan,CA-2017-121664,8,$141
Harold Pawlan,CA-2017-122217,5,$111
Harold Pawlan,CA-2018-122259,4,$70
Harold Pawlan,CA-2018-156853,7,$185
Harold Pawlan,CA-2020-111689,8,"$1,311"
Harold Pawlan,CA-2020-161893,4,$101
Harold Pawlan,US-2018-118983,8,$71
Harold Ryan,CA-2017-127131,19,$721
Harold Ryan,CA-2018-110632,3,$49
Harold Ryan,CA-2018-135538,4,$884
Harold Ryan,CA-2018-147011,4,$14
Harold Ryan,CA-2018-157287,9,$456
Harold Ryan,CA-2020-166184,7,$725
Harold Ryan,US-2020-135013,5,"$2,400"
Harry Greene,CA-2017-142727,5,$70
Harry Greene,CA-2020-122763,9,$331
Harry Greene,CA-2020-141873,14,$364
Harry Greene,CA-2020-150504,2,$18
Harry Greene,US-2018-161347,1,$2
Harry Marie,CA-2017-129189,14,$752
Harry Marie,CA-2018-118871,11,$418
Harry Marie,CA-2019-100510,7,$642
Harry Marie,CA-2020-125199,15,$457
Harry Marie,CA-2020-127117,5,$74
Harry Marie,CA-2020-129805,2,$7
Harry Marie,CA-2020-132738,3,$17
Harry Marie,CA-2020-146367,3,$3
Harry Marie,US-2018-128587,9,"$4,910"
Harry Marie,US-2019-110170,7,$957
Heather Jas,CA-2018-100216,9,$86
Heather Jas,CA-2019-118500,5,$50
Heather Jas,CA-2019-165470,1,$5
Heather Jas,CA-2019-166772,2,$164
Heather Jas,CA-2020-132584,4,$54
Heather Kirkland,CA-2017-144281,5,$492
Heather Kirkland,CA-2018-109862,6,$450
Heather Kirkland,CA-2018-150875,5,"$1,001"
Heather Kirkland,CA-2019-130001,5,$36
Heather Kirkland,CA-2019-165484,10,$71
Heather Kirkland,CA-2020-124576,2,$55
Heather Kirkland,CA-2020-126382,7,$35
Heather Kirkland,US-2020-141677,24,"$2,738"
Helen Abelman,CA-2017-146640,7,$335
Helen Abelman,CA-2018-105634,5,$12
Helen Abelman,CA-2018-134075,5,$527
Helen Abelman,CA-2018-153073,9,$17
Helen Abelman,CA-2019-145611,5,$393
Helen Abelman,CA-2020-123036,6,$297
Helen Abelman,CA-2020-130141,8,$582
Helen Andreada,CA-2017-157924,6,$465
Helen Andreada,CA-2018-110744,7,$672
Helen Andreada,CA-2018-136735,2,$168
Helen Andreada,CA-2018-155334,13,$226
Helen Andreada,CA-2019-154018,18,$362
Helen Andreada,CA-2020-117044,10,$31
Helen Andreada,CA-2020-157651,1,$14
Helen Andreada,US-2019-113649,15,$645
Helen Wasserman,CA-2018-103072,9,$42
Helen Wasserman,CA-2019-136133,9,$355
Helen Wasserman,CA-2019-140130,11,$736
Helen Wasserman,CA-2020-105809,3,$238
Helen Wasserman,CA-2020-121027,11,"$2,340"
Helen Wasserman,CA-2020-121559,20,"$4,472"
Helen Wasserman,CA-2020-140326,15,$850
Helen Wasserman,CA-2020-165491,7,$266
Henia Zydlo,CA-2020-108931,4,$20
Henia Zydlo,CA-2020-124765,5,$724
Henia Zydlo,CA-2020-157420,3,$55
Henia Zydlo,CA-2020-168739,4,$65
Henia Zydlo,US-2019-154361,5,$22
Henry Goldwyn,CA-2017-126480,2,$9
Henry Goldwyn,CA-2018-102806,2,$25
Henry Goldwyn,CA-2018-122168,15,$53
Henry Goldwyn,CA-2018-156118,3,$16
Henry Goldwyn,CA-2018-169201,5,$87
Henry Goldwyn,CA-2019-109407,4,$31
Henry Goldwyn,CA-2019-145919,19,$802
Henry Goldwyn,CA-2019-146437,2,$40
Henry Goldwyn,US-2017-152723,1,$1
Henry Goldwyn,US-2020-122672,7,$265
Henry Goldwyn,US-2020-122714,5,"$1,890"
Henry Goldwyn,US-2020-160143,3,$30
Henry MacAllister,CA-2018-129917,12,$569
Henry MacAllister,CA-2019-106075,1,$5
Henry MacAllister,CA-2020-130904,9,$23
Henry MacAllister,CA-2020-151281,7,$140
Herbert Flentye,CA-2017-153969,24,$451
Herbert Flentye,CA-2017-158029,2,$225
Herbert Flentye,CA-2019-104276,8,$448
Herbert Flentye,CA-2019-117681,5,$557
Herbert Flentye,CA-2019-164784,6,$377
Herbert Flentye,CA-2020-129833,10,$44
Herbert Flentye,US-2019-147711,15,$431
Hilary Holden,CA-2017-135699,4,$123
Hilary Holden,CA-2020-131492,16,$95
Hunter Glantz,CA-2017-163748,9,"$2,003"
Hunter Glantz,CA-2018-165162,4,"$1,118"
Hunter Glantz,CA-2019-111794,4,$108
Hunter Glantz,CA-2020-117821,2,$64
Hunter Glantz,CA-2020-146724,10,$22
Hunter Glantz,CA-2020-169978,5,$286
Hunter Glantz,US-2019-156692,4,$89
Hunter Lopez,CA-2017-127159,7,$35
Hunter Lopez,CA-2019-101987,9,$441
Hunter Lopez,CA-2019-140634,2,$16
Hunter Lopez,CA-2020-134607,2,$23
Hunter Lopez,CA-2020-166709,3,"$10,500"
Hunter Lopez,US-2017-147627,27,"$1,859"
Ionia McGrath,CA-2017-102645,6,$40
Ionia McGrath,CA-2019-124527,5,$8
Ionia McGrath,CA-2019-129630,8,"$2,824"
Irene Maddox,CA-2017-120768,21,"$1,980"
Irene Maddox,CA-2018-100545,2,$12
Irene Maddox,CA-2018-104346,41,$730
Irene Maddox,CA-2018-154956,4,"$1,100"
Irene Maddox,CA-2019-109925,3,$85
Irene Maddox,CA-2019-140501,19,$616
Irene Maddox,CA-2019-161389,3,$408
Ivan Gibson,CA-2017-143168,3,$63
Ivan Gibson,CA-2018-101000,3,$370
Ivan Gibson,CA-2019-159345,2,$112
Ivan Gibson,CA-2020-158743,11,$199
Ivan Liston,CA-2017-152296,3,$20
Ivan Liston,CA-2018-151722,4,$288
Ivan Liston,CA-2018-156482,15,"$1,558"
Ivan Liston,CA-2019-111318,8,$115
Ivan Liston,CA-2019-169971,4,$66
Ivan Liston,CA-2020-143063,17,"$1,646"
Ivan Liston,US-2018-114741,9,"$1,347"
Jack Garza,CA-2017-142951,3,$23
Jack Garza,CA-2018-123092,12,$289
Jack Garza,US-2017-135972,5,"$2,046"
Jack Lebron,CA-2017-138198,2,$14
Jack Lebron,CA-2017-165428,9,$35
Jack Lebron,CA-2019-138933,1,$4
Jack Lebron,CA-2020-120894,3,$28
Jack Lebron,CA-2020-150910,23,"$1,090"
Jack Lebron,US-2020-100482,4,$44
Jack O'Briant,CA-2017-106054,3,$13
Jack O'Briant,CA-2017-152562,5,$75
Jack O'Briant,CA-2017-159121,7,$112
Jack O'Briant,CA-2017-167486,5,$200
Jack O'Briant,CA-2019-116344,2,$85
Jack O'Briant,CA-2020-125913,11,$428
Jack O'Briant,CA-2020-130764,9,$653
Jack O'Briant,US-2019-100461,13,"$1,672"
Jack O'Briant,US-2020-168802,4,$18
James Galang,CA-2017-105872,4,$70
James Galang,CA-2017-141796,3,"$1,215"
James Galang,CA-2018-131856,17,$769
James Galang,CA-2018-157084,8,"$1,942"
James Galang,CA-2019-102498,5,$73
James Galang,CA-2019-108434,3,$465
James Galang,CA-2019-123176,6,$32
James Galang,CA-2019-124772,3,$192
James Galang,CA-2020-118885,7,$696
James Galang,CA-2020-138548,2,$98
James Galang,US-2020-116897,12,$815
James Lanier,CA-2018-158701,12,$144
James Lanier,CA-2019-140977,1,$91
James Lanier,CA-2020-128734,7,$851
James Lanier,US-2017-133949,7,$476
James Lanier,US-2020-156083,2,$10
Jamie Frazer,CA-2017-116407,9,$362
Jamie Frazer,CA-2018-105508,1,$40
Jamie Frazer,CA-2020-121083,17,$847
Jamie Frazer,US-2019-155103,7,$505
Jamie Frazer,US-2020-110646,13,$167
Jamie Frazer,US-2020-123281,3,$25
Jamie Frazer,US-2020-123862,22,$333
Jamie Kunitz,CA-2017-166555,3,$165
Jamie Kunitz,CA-2018-116484,5,$205
Jamie Kunitz,CA-2018-125976,17,"$2,027"
Jamie Kunitz,CA-2019-116918,12,$36
Jamie Kunitz,CA-2020-123491,30,"$1,994"
Jane Waco,CA-2019-133935,20,"$2,056"
Jane Waco,CA-2020-116113,2,$10
Jane Waco,CA-2020-135909,13,"$5,326"
Jane Waco,CA-2020-139661,2,$10
Jane Waco,US-2018-115238,22,$281
Jane Waco,US-2020-158946,7,$39
Janet Lee,CA-2018-137925,19,$705
Janet Lee,CA-2019-165169,7,$386
Janet Lee,CA-2020-137631,2,$752
Janet Lee,US-2017-130379,4,$105
Janet Lee,US-2020-163657,7,$255
Janet Martin,CA-2019-167556,22,$499
Janet Martin,CA-2020-105921,3,$418
Janet Martin,CA-2020-119004,10,$105
Janet Martin,CA-2020-128853,9,$909
Janet Martin,CA-2020-139353,8,$273
Janet Martin,CA-2020-151750,39,$955
Janet Molinari,CA-2017-104178,14,$176
Janet Molinari,CA-2018-100818,14,$235
Janet Molinari,CA-2019-105816,12,"$1,045"
Janet Molinari,CA-2019-126858,2,$32
Janet Molinari,CA-2020-149160,10,$316
Jas O'Carroll,CA-2017-112403,1,$1
Jas O'Carroll,CA-2017-116673,2,$6
Jas O'Carroll,CA-2018-109197,2,$488
Jas O'Carroll,CA-2018-130890,5,"$1,039"
Jas O'Carroll,CA-2020-118402,5,$244
Jas O'Carroll,US-2019-115819,21,$157
Jason Fortune-,CA-2017-114510,21,$280
Jason Fortune-,CA-2019-163594,9,$250
Jason Fortune-,CA-2019-167290,2,$12
Jason Fortune-,CA-2020-122077,5,$109
Jason Fortune-,US-2020-110604,5,$304
Jason Gross,CA-2019-116799,12,$606
Jason Gross,CA-2019-129728,8,$168
Jason Gross,CA-2019-141957,12,$196
Jason Gross,CA-2020-101322,6,$341
Jason Gross,CA-2020-103765,1,$14
Jason Gross,CA-2020-119578,7,$916
Jason Klamczynski,CA-2019-158043,2,$23
Jason Klamczynski,CA-2020-122007,7,$91
Jason Klamczynski,US-2017-168501,6,$270
Jasper Cacioppo,CA-2017-100328,1,$4
Jasper Cacioppo,CA-2019-102792,3,$10
Jasper Cacioppo,CA-2019-154536,5,$10
Jasper Cacioppo,US-2020-129441,3,$48
Jay Fein,CA-2018-132486,26,"$1,447"
Jay Fein,CA-2019-152163,6,$86
Jay Fein,CA-2020-136651,15,$183
Jay Fein,CA-2020-141103,5,$90
Jay Fein,CA-2020-144113,3,$74
Jay Fein,CA-2020-169474,3,$33
Jay Kimmel,CA-2018-127453,9,$527
Jay Kimmel,CA-2018-142027,3,$370
Jay Kimmel,CA-2019-122581,7,$573
Jay Kimmel,CA-2019-132549,7,$73
Jay Kimmel,CA-2020-100601,7,$49
Jay Kimmel,US-2017-102715,15,$737
Jay Kimmel,US-2020-103828,17,$207
Jay Kimmel,US-2020-155999,7,$174
Jenna Caffey,CA-2020-108560,14,"$1,058"
Jennifer Braxton,CA-2018-121608,3,$238
Jennifer Braxton,CA-2018-145821,3,$89
Jennifer Braxton,CA-2019-101189,2,$93
Jennifer Braxton,CA-2019-165316,5,$324
Jennifer Braxton,CA-2020-117443,8,$190
Jennifer Braxton,CA-2020-132339,1,$388
Jennifer Braxton,CA-2020-142125,11,$61
Jennifer Braxton,CA-2020-158246,3,$216
Jennifer Braxton,US-2017-100853,6,$73
Jennifer Braxton,US-2018-104185,1,$120
Jennifer Ferguson,CA-2017-156342,2,$62
Jennifer Ferguson,CA-2018-102855,14,$264
Jennifer Ferguson,CA-2018-105844,4,$79
Jennifer Ferguson,CA-2020-164826,21,$135
Jennifer Ferguson,US-2017-166828,2,$12
Jennifer Ferguson,US-2020-142188,26,"$1,820"
Jennifer Halladay,CA-2020-105620,5,$141
Jennifer Halladay,CA-2020-121818,10,$53
Jennifer Halladay,US-2017-137680,7,$56
Jennifer Halladay,US-2020-108014,7,$60
Jennifer Jackson,CA-2018-120915,8,$602
Jennifer Jackson,CA-2018-127418,3,$37
Jennifer Jackson,CA-2018-151785,6,$7
Jennifer Jackson,CA-2019-137127,3,$9
Jennifer Jackson,CA-2019-163986,5,$55
Jennifer Patt,CA-2017-107916,5,$26
Jennifer Patt,CA-2019-158001,16,"$1,091"
Jennifer Patt,CA-2019-158925,3,$16
Jennifer Patt,CA-2019-161676,5,$34
Jennifer Patt,CA-2020-104906,3,$18
Jennifer Patt,CA-2020-156622,12,$248
Jennifer Patt,US-2018-137008,10,$236
Jeremy Ellison,CA-2018-112116,2,$172
Jeremy Ellison,CA-2018-163762,3,$30
Jeremy Ellison,CA-2019-133795,9,$885
Jeremy Ellison,CA-2019-152632,3,$40
Jeremy Ellison,CA-2020-132934,8,$201
Jeremy Ellison,US-2019-132577,24,$60
Jeremy Farry,CA-2017-117317,3,$13
Jeremy Farry,CA-2018-130736,3,$7
Jeremy Farry,CA-2018-133445,5,$357
Jeremy Farry,CA-2018-141740,2,$205
Jeremy Farry,CA-2019-159653,3,$15
Jeremy Farry,CA-2019-164483,2,$17
Jeremy Farry,CA-2020-159884,4,$19
Jeremy Farry,US-2017-106334,6,$243
Jeremy Farry,US-2020-120649,2,$4
Jeremy Farry,US-2020-150847,2,$10
Jeremy Farry,US-2020-162124,4,$192
Jeremy Lonsdale,CA-2017-103590,4,$62
Jeremy Lonsdale,CA-2017-162362,7,$24
Jeremy Lonsdale,CA-2019-138520,17,$448
Jeremy Lonsdale,CA-2020-112473,3,$50
Jeremy Lonsdale,CA-2020-156776,22,"$2,563"
Jeremy Lonsdale,CA-2020-167976,3,$26
Jeremy Pistek,CA-2017-130918,3,$8
Jeremy Pistek,CA-2017-144666,27,"$1,518"
Jeremy Pistek,CA-2018-145401,6,$14
Jeremy Pistek,CA-2019-113117,5,$32
Jeremy Pistek,CA-2019-117604,5,$240
Jeremy Pistek,CA-2020-117324,16,"$1,816"
Jeremy Pistek,CA-2020-145310,1,$8
Jessica Myrick,CA-2017-132962,8,$268
Jessica Myrick,CA-2018-138534,2,$195
Jessica Myrick,CA-2018-148712,17,$173
Jessica Myrick,CA-2019-108735,3,$257
Jessica Myrick,CA-2019-157259,9,$800
Jessica Myrick,CA-2020-103611,2,$8
Jessica Myrick,US-2020-148866,5,$32
Jesus Ocampo,CA-2018-119291,29,$570
Jesus Ocampo,CA-2018-126466,2,$2
Jesus Ocampo,CA-2018-132101,3,$454
Jesus Ocampo,CA-2020-144568,5,$24
Jesus Ocampo,US-2020-138086,3,$41
Jill Fjeld,CA-2018-137750,5,$205
Jill Fjeld,CA-2019-102162,9,"$1,611"
Jill Fjeld,CA-2019-105781,6,$417
Jill Fjeld,CA-2019-121034,7,$65
Jill Fjeld,CA-2019-166373,6,$106
Jill Fjeld,CA-2020-167941,23,$831
Jill Fjeld,US-2017-126571,5,$483
Jill Fjeld,US-2018-153374,6,$480
Jill Matthias,CA-2019-136021,9,$121
Jill Matthias,CA-2019-155138,7,$100
Jill Matthias,CA-2019-166625,2,$25
Jill Matthias,CA-2019-167416,5,$55
Jill Matthias,CA-2020-156720,3,$3
Jill Stevenson,CA-2018-143602,3,$14
Jill Stevenson,CA-2019-153318,5,$784
Jill Stevenson,CA-2020-111220,11,$258
Jill Stevenson,US-2017-127978,16,$362
Jim Epp,CA-2018-121720,25,"$3,166"
Jim Epp,CA-2019-154081,2,$222
Jim Epp,CA-2020-119494,3,$523
Jim Epp,CA-2020-133263,10,"$3,099"
Jim Epp,CA-2020-166317,21,$438
Jim Epp,US-2017-146353,9,$293
Jim Epp,US-2020-136707,4,$14
Jim Karlsson,CA-2017-111773,3,$14
Jim Karlsson,CA-2017-121727,2,$11
Jim Karlsson,CA-2017-135608,7,$650
Jim Karlsson,CA-2017-166051,6,$774
Jim Karlsson,CA-2018-113152,4,"$1,293"
Jim Karlsson,CA-2018-138331,10,$107
Jim Karlsson,CA-2020-142622,12,$912
Jim Kriz,CA-2017-147900,9,$29
Jim Kriz,CA-2017-159849,3,$6
Jim Kriz,CA-2018-134082,4,$111
Jim Kriz,CA-2018-137225,1,$3
Jim Kriz,CA-2018-143980,2,$415
Jim Kriz,CA-2018-157434,2,$8
Jim Kriz,CA-2020-168109,13,"$4,151"
Jim Kriz,US-2018-137533,4,$21
Jim Kriz,US-2018-150231,3,$18
Jim Mitchum,CA-2017-100363,5,$21
Jim Mitchum,CA-2019-112389,6,$52
Jim Mitchum,CA-2020-115931,15,$127
Jim Mitchum,CA-2020-151225,6,$262
Jim Mitchum,US-2019-108777,9,$403
Jim Radford,CA-2019-122133,4,$553
Jim Radford,US-2018-103471,10,$604
Jim Sink,CA-2019-109806,6,$100
Jim Sink,CA-2019-155747,2,$337
Jim Sink,CA-2020-104864,29,$553
Jim Sink,CA-2020-169999,5,$141
Jocasta Rupert,CA-2020-117079,3,$864
Joe Elijah,CA-2017-126200,6,$38
Joe Elijah,CA-2018-110877,9,$187
Joe Elijah,CA-2018-129770,4,$49
Joe Elijah,CA-2019-105081,8,"$2,446"
Joe Elijah,CA-2019-106950,31,"$1,854"
Joe Elijah,CA-2019-112109,16,$725
Joe Elijah,CA-2019-169670,8,"$2,563"
Joe Elijah,CA-2020-124261,8,$34
Joe Elijah,CA-2020-126914,5,$776
Joe Elijah,US-2020-105697,2,$26
Joe Kamberova,CA-2017-150798,17,"$1,614"
Joe Kamberova,CA-2017-163468,20,"$1,109"
Joe Kamberova,CA-2018-111199,3,$115
Joe Kamberova,CA-2018-127607,11,$21
Joe Kamberova,CA-2019-105256,5,"$1,364"
Joe Kamberova,CA-2019-108616,15,$299
Joe Kamberova,CA-2020-128426,5,$4
Joe Kamberova,CA-2020-137918,7,$97
Joe Kamberova,CA-2020-155936,3,$3
Joe Kamberova,US-2020-153255,2,$240
Joel Eaton,CA-2017-142048,6,$197
Joel Eaton,CA-2018-139731,8,"$2,717"
Joel Eaton,CA-2019-113621,5,$352
Joel Eaton,CA-2019-144729,3,$154
Joel Eaton,CA-2020-108070,5,$309
Joel Eaton,CA-2020-129462,8,$741
Joel Eaton,CA-2020-161053,9,$727
Joel Eaton,US-2017-147606,5,$19
Joel Eaton,US-2018-101511,12,$413
Joel Eaton,US-2018-134026,11,"$1,002"
Joel Eaton,US-2018-168914,8,$21
Joel Eaton,US-2019-162026,2,$62
Joel Eaton,US-2020-141852,8,$47
Joel Jenkins,CA-2018-103205,5,$120
Joel Jenkins,CA-2018-115091,6,$75
John Castell,CA-2017-109127,6,$17
John Castell,CA-2017-159184,7,$150
John Castell,CA-2018-127824,8,$278
John Castell,CA-2019-118626,7,$706
John Castell,CA-2020-109393,3,$436
John Castell,CA-2020-112039,3,$470
John Castell,CA-2020-118360,9,$43
John Castell,CA-2020-121293,17,$477
John Castell,US-2020-120607,4,$196
John Dryer,CA-2018-134719,6,"$1,802"
John Dryer,CA-2019-134138,2,$228
John Dryer,CA-2020-143294,2,$11
John Dryer,CA-2020-152485,13,$40
John Dryer,US-2018-159513,3,$72
John Grady,CA-2017-104829,7,$22
John Grady,CA-2017-132801,10,$107
John Grady,CA-2017-151001,8,$102
John Grady,CA-2018-120446,3,$19
John Grady,CA-2019-100790,10,$719
John Grady,CA-2020-167899,8,$538
John Huston,CA-2018-102778,1,$18
John Huston,CA-2018-133536,3,$23
John Huston,CA-2018-169537,2,$8
John Huston,CA-2020-117870,9,$194
John Huston,CA-2020-132122,5,$229
John Huston,US-2017-107699,9,$57
John Lee,CA-2017-110849,15,$323
John Lee,CA-2017-127299,9,"$2,692"
John Lee,CA-2019-154788,2,$8
John Lee,CA-2020-105193,5,$11
John Lee,CA-2020-161333,10,$272
John Lee,CA-2020-164028,14,$224
John Lee,CA-2020-167913,9,$357
John Lee,US-2017-138758,4,$241
John Lee,US-2018-138121,21,"$1,234"
John Lee,US-2020-161935,33,"$2,611"
John Lee,US-2020-167920,21,"$1,828"
John Lucas,CA-2018-112557,3,$206
John Lucas,CA-2018-120880,13,$741
John Lucas,CA-2018-142944,9,"$1,555"
John Lucas,US-2017-164644,1,$27
John Lucas,US-2018-142811,5,$88
John Lucas,US-2019-150147,7,$108
John Murray,CA-2017-144624,7,"$4,549"
John Murray,CA-2018-107685,8,$107
John Murray,CA-2018-158148,3,$36
John Murray,CA-2019-130393,11,$345
John Murray,CA-2020-166576,2,$221
John Murray,US-2018-128090,16,"$2,200"
John Murray,US-2020-109582,3,$166
John Stevenson,CA-2017-121769,1,$172
John Stevenson,CA-2019-110492,10,"$1,366"
John Stevenson,CA-2019-115483,5,$220
John Stevenson,CA-2019-162082,13,$392
John Stevenson,US-2018-126214,14,"$1,718"
Jonathan Doherty,CA-2017-122336,39,$631
Jonathan Doherty,CA-2017-127866,11,$602
Jonathan Doherty,CA-2017-138436,3,$66
Jonathan Doherty,CA-2018-127481,7,$130
Jonathan Doherty,CA-2019-110366,2,$83
Jonathan Doherty,CA-2019-136329,6,$573
Jonathan Doherty,CA-2019-142545,21,"$1,264"
Jonathan Doherty,CA-2019-143805,12,"$2,145"
Jonathan Doherty,CA-2019-144218,7,"$1,085"
Jonathan Doherty,CA-2019-157161,26,$199
Jonathan Doherty,CA-2019-168046,16,$832
Jonathan Howell,CA-2018-104115,2,$56
Jonathan Howell,CA-2018-118843,10,$200
Jonathan Howell,CA-2019-130162,9,$395
Jonathan Howell,CA-2020-152226,2,$6
Jonathan Howell,US-2019-115952,5,$29
Jonathan Howell,US-2020-112613,4,$54
Jonathan Howell,US-2020-152380,3,$219
Joni Blumstein,CA-2017-150203,6,$250
Joni Blumstein,CA-2018-169397,22,$628
Joni Blumstein,US-2018-167220,4,$22
Joni Sundaresam,CA-2017-130274,7,$22
Joni Sundaresam,CA-2019-124016,14,$52
Joni Sundaresam,US-2017-166310,2,$9
Joni Sundaresam,US-2018-101399,7,$255
Joni Sundaresam,US-2019-134908,7,$132
Joni Wasserman,CA-2019-111605,1,$3
Joni Wasserman,CA-2020-107209,4,$195
Joni Wasserman,CA-2020-117023,12,$116
Joni Wasserman,CA-2020-163510,8,$400
Joni Wasserman,CA-2020-166198,4,$174
Joni Wasserman,CA-2020-168837,2,$9
Joni Wasserman,US-2018-164238,10,$346
Joseph Airdo,CA-2017-131947,31,$318
Joseph Airdo,CA-2017-151295,5,$641
Joseph Airdo,CA-2019-116526,21,$478
Joseph Airdo,CA-2020-102414,6,$50
Joseph Airdo,CA-2020-128335,8,$75
Joseph Airdo,CA-2020-152261,4,$19
Joseph Airdo,CA-2020-158379,10,"$4,749"
Joseph Airdo,US-2020-150070,2,$162
Joseph Holt,CA-2017-169726,7,"$2,061"
Joseph Holt,CA-2018-109638,16,"$1,055"
Joseph Holt,CA-2018-116638,13,"$4,298"
Joseph Holt,CA-2019-148908,2,$53
Joseph Holt,CA-2019-151372,6,$112
Joseph Holt,CA-2020-135860,20,$376
Joy Bell-,CA-2019-121993,8,$24
Joy Bell-,CA-2019-163937,5,$25
Joy Bell-,CA-2020-107713,3,$174
Joy Bell-,CA-2020-124674,2,$328
Joy Bell-,CA-2020-168179,3,$19
Joy Bell-,US-2020-157224,9,$57
Joy Bell-,US-2020-159562,2,$17
Joy Daniels,CA-2017-102085,4,$29
Joy Daniels,CA-2017-110611,5,$84
Joy Daniels,CA-2017-148950,9,$43
Joy Daniels,CA-2020-152198,11,$29
Joy Daniels,CA-2020-156818,6,$133
Joy Daniels,US-2020-152569,4,$68
Joy Smith,CA-2017-156545,4,$19
Joy Smith,CA-2019-160220,15,$339
Joy Smith,CA-2019-163776,24,"$1,111"
Joy Smith,CA-2020-125990,3,$40
Joy Smith,CA-2020-163265,15,$705
Joy Smith,US-2020-147221,9,$303
Julia Barnett,CA-2018-107937,6,$666
Julia Barnett,CA-2019-139269,15,"$1,312"
Julia Barnett,CA-2019-158302,3,$11
Julia Barnett,CA-2020-110625,2,$27
Julia Barnett,US-2019-155173,6,$502
Julia Dunbar,CA-2017-123344,4,$212
Julia Dunbar,CA-2020-168123,11,$376
Julia Dunbar,US-2018-125374,2,$108
Julia West,CA-2018-106208,7,$53
Julia West,CA-2018-120621,21,"$1,270"
Julia West,CA-2019-101385,4,$17
Julia West,CA-2019-109176,6,$89
Juliana Krohn,CA-2018-107678,13,$893
Juliana Krohn,CA-2020-141117,26,$375
Juliana Krohn,CA-2020-160885,4,"$2,480"
Julie Creighton,CA-2017-141173,5,$67
Julie Creighton,CA-2018-149734,7,$201
Julie Creighton,CA-2020-126046,3,$12
Julie Creighton,CA-2020-139913,21,$143
Julie Creighton,US-2017-167738,7,$435
Julie Kriz,CA-2017-120670,10,$800
Julie Kriz,CA-2018-130022,8,$75
Julie Kriz,CA-2018-134859,7,$86
Julie Kriz,CA-2019-113425,2,$114
Julie Kriz,CA-2019-117849,3,$144
Julie Kriz,CA-2019-150945,4,$900
Julie Kriz,CA-2020-100783,1,$30
Julie Kriz,CA-2020-140298,7,$95
Julie Kriz,CA-2020-154039,4,$606
Julie Kriz,US-2019-100566,3,$84
Julie Prescott,CA-2017-113964,4,$18
Julie Prescott,CA-2018-152513,2,$23
Julie Prescott,CA-2019-124562,7,$13
Julie Prescott,CA-2019-134180,8,$542
Julie Prescott,CA-2019-146171,8,$558
Julie Prescott,CA-2020-139787,5,$35
Julie Prescott,CA-2020-150525,5,$20
Julie Prescott,US-2019-111528,5,$488
Julie Prescott,US-2020-106796,3,$10
Justin Deggeller,CA-2017-119144,10,$731
Justin Deggeller,CA-2018-145184,6,$189
Justin Deggeller,CA-2019-116911,7,"$1,149"
Justin Deggeller,CA-2019-147067,3,$19
Justin Deggeller,CA-2020-155880,11,"$1,987"
Justin Deggeller,CA-2020-168858,10,"$2,521"
Justin Deggeller,US-2018-147739,4,$547
Justin Deggeller,US-2018-163279,9,"$1,685"
Justin Ellison,CA-2019-114489,27,"$2,658"
Justin Ellison,US-2020-135503,2,$15
Justin Ellison,US-2020-146416,5,$25
Justin Hirsh,CA-2018-126739,4,$328
Justin Hirsh,CA-2018-138898,13,$846
Justin Hirsh,CA-2019-161907,7,$888
Justin Hirsh,US-2019-114293,4,$195
Justin MacKendrick,CA-2017-157721,2,$91
Justin MacKendrick,CA-2017-160094,10,"$1,001"
Justin MacKendrick,CA-2018-116092,21,$627
Justin MacKendrick,CA-2018-145485,4,$63
Justin MacKendrick,CA-2019-158547,5,$124
Justin MacKendrick,CA-2020-130834,3,$16
Justin MacKendrick,CA-2020-151008,6,$152
Justin MacKendrick,CA-2020-158169,7,$598
Justin MacKendrick,US-2018-136427,7,$126
Justin MacKendrick,US-2019-117541,9,$36
Justin Ritter,CA-2018-142202,9,$717
Justin Ritter,CA-2020-143378,16,$698
Justin Ritter,CA-2020-159506,9,$656
Justin Ritter,US-2019-112396,5,$122
Justin Ritter,US-2019-114622,2,$9
Kalyca Meade,CA-2018-108665,15,$896
Kalyca Meade,CA-2019-119935,4,$119
Kalyca Meade,CA-2020-116358,9,$46
Kalyca Meade,CA-2020-137463,20,$420
Kalyca Meade,CA-2020-148012,1,$3
Kalyca Meade,US-2018-138093,23,$776
Karen Bern,CA-2017-101770,1,$2
Karen Bern,CA-2018-102848,1,$191
Karen Bern,CA-2018-134922,2,$24
Karen Bern,CA-2019-125017,4,$132
Karen Bern,CA-2020-136238,3,$16
Karen Bern,CA-2020-142034,13,"$1,332"
Karen Bern,CA-2020-162015,10,"$1,456"
Karen Carlisle,CA-2017-163293,7,$117
Karen Carlisle,CA-2018-109470,24,$596
Karen Carlisle,CA-2018-159590,2,$6
Karen Carlisle,CA-2019-105760,2,$17
Karen Carlisle,US-2019-128293,1,$65
Karen Carlisle,US-2019-138408,4,"$1,320"
Karen Daniels,CA-2017-165309,27,"$1,639"
Karen Daniels,CA-2018-110870,13,$326
Karen Daniels,CA-2019-119823,2,$76
Karen Daniels,CA-2019-130407,4,$115
Karen Daniels,US-2019-143819,18,"$6,126"
Karen Ferguson,CA-2017-132451,6,$605
Karen Ferguson,CA-2019-159016,13,"$4,174"
Karen Ferguson,CA-2020-112333,9,"$2,634"
Karen Ferguson,CA-2020-149559,12,"$2,089"
Karen Ferguson,CA-2020-166296,3,$315
Karen Ferguson,US-2020-132675,15,$148
Karen Ferguson,US-2020-148362,9,$640
Karen Seio,CA-2018-155124,3,$17
Karen Seio,CA-2018-169677,2,$10
Karen Seio,CA-2020-155824,5,$62
Karl Braun,CA-2017-103331,8,$31
Karl Braun,CA-2018-111703,6,$28
Karl Braun,CA-2018-131758,8,$61
Karl Braun,CA-2018-149587,7,$99
Karl Braun,CA-2018-168277,3,$12
Karl Braun,CA-2019-133123,5,$99
Karl Braun,CA-2020-147354,7,$511
Karl Braun,US-2017-159611,5,$301
Karl Braun,US-2018-147662,13,$428
Katharine Harms,CA-2017-138359,6,$73
Katharine Harms,CA-2017-140396,16,$908
Katharine Harms,CA-2017-160738,2,$45
Katharine Harms,CA-2019-153577,10,$577
Katharine Harms,CA-2019-157763,1,$141
Katharine Harms,CA-2020-120404,7,$624
Katharine Harms,CA-2020-128944,18,$921
Katharine Harms,CA-2020-158120,10,$24
Katherine Ducich,CA-2017-113579,6,$90
Katherine Ducich,CA-2018-145814,6,$868
Katherine Ducich,CA-2020-121468,4,$32
Katherine Ducich,CA-2020-157833,3,$51
Katherine Ducich,US-2017-138828,8,$73
Katherine Ducich,US-2018-123218,9,$775
Katherine Hughes,CA-2017-118304,2,$20
Katherine Hughes,CA-2017-127166,12,$187
Katherine Hughes,CA-2019-101469,2,$8
Katherine Hughes,CA-2019-137743,6,"$1,046"
Katherine Hughes,CA-2020-131156,4,$25
Katherine Hughes,US-2020-158526,14,"$1,815"
Katherine Murray,CA-2017-133592,19,"$2,846"
Katherine Murray,CA-2017-143903,10,"$1,341"
Katherine Murray,CA-2018-148628,5,$33
Katherine Murray,CA-2018-163734,5,$229
Katherine Murray,CA-2019-149454,1,$10
Katherine Murray,CA-2019-159212,5,$274
Katherine Murray,CA-2020-135937,22,$883
Katherine Murray,CA-2020-159135,2,$4
Katherine Nockton,CA-2017-132864,5,$120
Katherine Nockton,CA-2018-109001,11,$479
Katherine Nockton,CA-2018-132388,6,$393
Katherine Nockton,CA-2018-154823,6,$637
Katherine Nockton,CA-2020-113460,3,$273
Katherine Nockton,CA-2020-113908,12,$509
Katherine Nockton,CA-2020-129581,3,$129
Katherine Nockton,CA-2020-140802,7,$69
Katherine Nockton,CA-2020-164959,3,$9
Katrina Bavinger,CA-2018-112305,11,$155
Katrina Bavinger,CA-2020-101182,5,$56
Katrina Bavinger,CA-2020-161067,9,$698
Katrina Edelman,CA-2017-112291,7,$233
Katrina Edelman,CA-2017-120096,6,$210
Katrina Edelman,CA-2019-140417,10,$65
Katrina Edelman,CA-2020-113873,7,$268
Katrina Edelman,CA-2020-147550,3,$11
Katrina Edelman,US-2017-109162,3,$170
Katrina Edelman,US-2018-163685,18,$48
Katrina Edelman,US-2018-166520,13,$681
Katrina Willman,CA-2018-102491,14,"$3,748"
Katrina Willman,CA-2019-146682,5,$67
Katrina Willman,CA-2020-115805,1,$37
Katrina Willman,CA-2020-144904,15,$562
Katrina Willman,US-2018-149692,7,$3
Kean Nguyen,CA-2017-112718,1,$1
Kean Nguyen,CA-2017-154599,28,"$1,840"
Kean Nguyen,CA-2018-123456,2,$49
Kean Nguyen,CA-2018-155145,8,$8
Kean Nguyen,CA-2020-155621,10,$274
Kean Takahito,CA-2017-146283,13,"$1,167"
Kean Takahito,CA-2018-158456,8,$66
Kean Takahito,CA-2019-112060,1,$105
Kean Takahito,CA-2019-112669,8,$977
Kean Takahito,US-2017-117170,3,$53
Kean Takahito,US-2017-151925,2,$146
Kean Takahito,US-2019-133879,10,$545
Kean Thornton,CA-2017-116666,5,"$1,800"
Kean Thornton,CA-2017-155887,3,$700
Kean Thornton,CA-2018-132570,4,$83
Kean Thornton,CA-2019-146206,10,"$1,021"
Kean Thornton,CA-2020-105326,4,$26
Kean Thornton,CA-2020-123351,1,$80
Kean Thornton,CA-2020-126718,1,$5
Kean Thornton,CA-2020-142461,1,$205
Kean Thornton,CA-2020-159107,1,$3
Kean Thornton,US-2017-140116,7,$720
Keith Dawkins,CA-2017-125136,10,$107
Keith Dawkins,CA-2018-114811,16,"$5,851"
Keith Dawkins,CA-2018-121650,7,"$1,000"
Keith Dawkins,CA-2018-125066,4,$62
Keith Dawkins,CA-2019-117226,6,$7
Keith Dawkins,CA-2019-123337,6,$291
Keith Dawkins,CA-2020-100825,3,$100
Keith Dawkins,CA-2020-104619,8,$413
Keith Dawkins,CA-2020-167542,3,$18
Keith Dawkins,US-2018-148817,8,$126
Keith Dawkins,US-2019-104794,2,$4
Keith Dawkins,US-2019-113985,11,$203
Keith Herrera,CA-2017-138023,8,$31
Keith Herrera,CA-2017-152233,2,$100
Keith Herrera,CA-2018-104948,13,$723
Keith Herrera,CA-2018-133242,12,"$1,046"
Keith Herrera,CA-2020-111262,7,$66
Keith Herrera,CA-2020-117457,46,"$3,956"
Keith Herrera,US-2017-109036,3,$31
Kelly Andreada,CA-2017-158337,14,$109
Kelly Andreada,CA-2018-142993,4,$100
Kelly Andreada,CA-2018-152611,7,$287
Kelly Andreada,CA-2019-124051,6,$186
Kelly Andreada,CA-2020-116498,6,$35
Kelly Andreada,CA-2020-168641,15,$519
Kelly Andreada,US-2020-110996,5,$284
Kelly Collister,CA-2018-125416,9,$448
Kelly Collister,CA-2019-134691,2,$2
Kelly Collister,CA-2019-145625,14,"$3,355"
Kelly Collister,CA-2020-108910,3,$103
Kelly Lampkin,CA-2017-111451,22,$855
Kelly Lampkin,CA-2019-160395,9,$163
Kelly Lampkin,CA-2020-103478,11,$97
Kelly Lampkin,CA-2020-147333,9,$205
Kelly Lampkin,CA-2020-147760,8,"$1,884"
Kelly Lampkin,US-2017-141215,9,$906
Kelly Lampkin,US-2019-129469,8,$538
Kelly Lampkin,US-2019-153815,8,$368
Kelly Williams,CA-2017-140886,6,$69
Kelly Williams,CA-2018-102722,6,$107
Kelly Williams,US-2018-124219,7,$241
Kelly Williams,US-2018-158589,3,$32
Ken Black,CA-2017-129168,3,$16
Ken Black,CA-2017-149538,12,$365
Ken Black,CA-2017-153913,11,"$1,016"
Ken Black,CA-2018-101924,2,$10
Ken Black,CA-2018-103716,8,$54
Ken Black,CA-2018-138674,12,$260
Ken Black,CA-2019-108868,7,$130
Ken Black,CA-2019-116547,6,$150
Ken Black,CA-2019-137330,14,$80
Ken Black,CA-2020-129357,14,$505
Ken Black,CA-2020-159352,7,$70
Ken Black,US-2018-118906,6,$90
Ken Brennan,CA-2017-130960,3,$10
Ken Brennan,CA-2018-157035,3,$34
Ken Brennan,CA-2019-149671,6,$61
Ken Brennan,CA-2019-168361,1,$1
Ken Brennan,CA-2020-158673,2,$210
Ken Brennan,CA-2020-159156,5,$630
Ken Brennan,US-2020-118038,9,$38
Ken Dana,CA-2019-144792,7,$112
Ken Dana,CA-2020-129294,16,$541
Ken Dana,CA-2020-155712,2,$108
Ken Dana,US-2018-129007,23,"$1,336"
Ken Dana,US-2019-102141,8,$147
Ken Heidel,CA-2017-102673,29,"$1,044"
Ken Heidel,CA-2018-109575,21,"$2,504"
Ken Heidel,CA-2018-132633,3,$12
Ken Heidel,CA-2019-100153,4,$64
Ken Heidel,CA-2019-103037,4,$16
Ken Heidel,CA-2020-147403,3,$85
Ken Heidel,CA-2020-152275,6,$7
Ken Heidel,CA-2020-164049,5,$24
Ken Heidel,CA-2020-166898,9,$163
Ken Lonsdale,CA-2017-143917,17,"$8,319"
Ken Lonsdale,CA-2017-154641,1,$375
Ken Lonsdale,CA-2018-115798,15,$810
Ken Lonsdale,CA-2018-128167,4,$5
Ken Lonsdale,CA-2018-131072,3,$98
Ken Lonsdale,CA-2019-133550,12,"$1,311"
Ken Lonsdale,CA-2019-133725,9,"$1,980"
Ken Lonsdale,CA-2019-157742,3,$28
Ken Lonsdale,CA-2019-157749,25,$678
Ken Lonsdale,CA-2020-112900,8,$478
Ken Lonsdale,CA-2020-164042,11,$70
Ken Lonsdale,US-2020-140312,5,$22
Khloe Miller,CA-2017-133543,4,$12
Khloe Miller,CA-2019-132990,2,$19
Khloe Miller,CA-2019-140046,3,$19
Khloe Miller,CA-2020-154116,10,$274
Khloe Miller,US-2018-168732,11,$130
Kimberly Carter,CA-2017-129819,3,$12
Kimberly Carter,CA-2019-138695,21,$452
Kimberly Carter,CA-2020-123687,5,$234
Kimberly Carter,CA-2020-142636,11,$447
Kristen Hastings,CA-2017-163223,22,"$3,770"
Kristen Hastings,CA-2018-119102,3,$51
Kristen Hastings,CA-2018-150714,31,"$1,215"
Kristen Hastings,CA-2019-103891,6,$96
Kristen Hastings,CA-2020-118864,1,$120
Kristen Hastings,CA-2020-163979,4,$726
Kristen Hastings,US-2018-120957,2,$13
Kristina Nunn,CA-2017-107524,7,$48
Kristina Nunn,CA-2017-157609,2,$472
Kristina Nunn,CA-2018-105613,9,$101
Kristina Nunn,CA-2019-140613,5,$86
Kristina Nunn,CA-2020-102554,2,$4
Kristina Nunn,CA-2020-126067,16,"$1,278"
Kristina Nunn,CA-2020-138422,3,$14
Kristina Nunn,US-2017-143287,11,$278
Kunst Miller,CA-2017-100678,11,$697
Kunst Miller,CA-2017-126760,17,"$1,891"
Kunst Miller,CA-2017-169033,5,$50
Kunst Miller,CA-2018-135545,15,$266
Kunst Miller,CA-2019-109666,19,$633
Kunst Miller,CA-2020-167395,14,"$1,271"
Kunst Miller,US-2017-157021,6,$47
Kunst Miller,US-2018-106873,11,$54
Larry Blacks,CA-2019-111115,6,$21
Larry Blacks,CA-2020-154088,5,$27
Larry Blacks,CA-2020-160045,1,$2
Larry Hughes,CA-2017-117478,3,$7
Larry Hughes,CA-2020-129707,4,$9
Larry Hughes,CA-2020-133235,5,$272
Larry Tron,CA-2017-126522,3,$54
Larry Tron,CA-2020-160031,3,$74
Larry Tron,US-2018-122910,2,$202
Laura Armstrong,CA-2017-107811,7,$662
Laura Armstrong,CA-2017-163552,25,"$1,369"
Laura Armstrong,CA-2018-125395,2,$42
Laura Armstrong,CA-2018-129700,7,$22
Laura Armstrong,CA-2019-108882,14,$728
Laura Armstrong,CA-2019-122903,11,"$3,964"
Laura Armstrong,CA-2019-123806,4,$208
Laura Armstrong,CA-2019-132829,20,$921
Laura Armstrong,CA-2019-155187,7,$84
Laura Armstrong,CA-2019-164091,5,$547
Laura Armstrong,CA-2020-130771,3,$128
Laurel Beltran,CA-2019-124583,1,$13
Laurel Beltran,CA-2019-131968,5,$681
Laurel Beltran,CA-2020-118199,15,$806
Laurel Beltran,CA-2020-147032,9,$873
Laurel Beltran,US-2017-150119,16,$593
Laurel Beltran,US-2019-155768,9,"$1,216"
Laurel Beltran,US-2019-157490,19,$802
Laurel Beltran,US-2019-162103,2,$3
Laurel Elliston,CA-2017-100706,8,$129
Laurel Elliston,CA-2018-131779,5,$30
Laurel Elliston,CA-2019-157245,2,$642
Laurel Elliston,CA-2020-108329,4,$445
Laurel Elliston,US-2017-117058,6,$17
Laurel Elliston,US-2020-150595,7,$206
Laurel Workman,CA-2017-103429,14,$765
Laurel Workman,CA-2017-160773,8,$581
Laurel Workman,CA-2017-164721,13,$372
Laurel Workman,CA-2019-109827,10,$499
Laurel Workman,CA-2020-144820,5,$21
Lauren Leatherbury,CA-2017-134061,2,$17
Lauren Leatherbury,CA-2017-153927,16,$287
Lauren Leatherbury,CA-2018-137974,19,"$2,299"
Lauren Leatherbury,CA-2018-164833,4,$17
Lauren Leatherbury,CA-2020-120222,6,$92
Lauren Leatherbury,US-2020-163195,3,$29
Lela Donovan,CA-2019-152331,3,$5
Lena Cacioppo,CA-2018-150770,11,$461
Lena Cacioppo,CA-2019-110898,14,$309
Lena Cacioppo,CA-2019-111283,7,$111
Lena Cacioppo,CA-2019-167584,1,$6
Lena Cacioppo,CA-2020-113705,18,$875
Lena Cacioppo,CA-2020-118017,38,$306
Lena Cacioppo,US-2018-156867,12,$378
Lena Cacioppo,US-2020-125647,12,$134
Lena Creighton,CA-2017-110100,3,$302
Lena Creighton,CA-2017-139192,13,"$1,213"
Lena Creighton,CA-2018-106362,3,$10
Lena Creighton,CA-2018-124058,10,$645
Lena Creighton,CA-2018-157133,5,$152
Lena Creighton,CA-2019-103359,2,$26
Lena Creighton,CA-2019-107146,7,$749
Lena Creighton,CA-2019-145583,33,$256
Lena Creighton,CA-2020-143861,2,$17
Lena Creighton,CA-2020-157448,6,$132
Lena Creighton,US-2018-163825,5,"$3,184"
Lena Creighton,US-2020-113992,4,$975
Lena Hernandez,CA-2017-109855,5,$381
Lena Hernandez,CA-2017-123323,7,$123
Lena Hernandez,CA-2017-126277,3,$3
Lena Hernandez,CA-2019-113733,8,$334
Lena Hernandez,CA-2019-169194,5,$67
Lena Hernandez,US-2017-156559,9,$639
Lena Hernandez,US-2018-136749,11,$434
Lena Hernandez,US-2020-103814,9,$144
Lena Hernandez,US-2020-169320,7,$171
Lena Radford,CA-2017-131450,18,"$2,050"
Lena Radford,CA-2018-141327,12,$440
Lena Radford,CA-2019-125206,2,$114
Lena Radford,CA-2019-126732,27,"$1,804"
Lena Radford,CA-2020-109183,2,$649
Lena Radford,US-2019-148803,3,$85
Linda Cazamias,CA-2017-109491,7,$83
Linda Cazamias,CA-2019-107202,10,"$2,396"
Linda Cazamias,CA-2019-111913,8,$335
Linda Cazamias,CA-2019-143476,8,$33
Linda Cazamias,CA-2019-152289,8,"$1,185"
Linda Cazamias,CA-2020-120999,4,$147
Linda Cazamias,CA-2020-167080,5,$8
Linda Cazamias,US-2020-137491,2,$305
Linda Southworth,CA-2018-115420,2,$21
Linda Southworth,CA-2019-114727,14,"$2,332"
Linda Southworth,CA-2019-134362,4,$16
Linda Southworth,CA-2020-100223,28,$396
Linda Southworth,CA-2020-108000,1,$10
Linda Southworth,US-2020-128832,2,$70
Lindsay Castell,CA-2018-111038,9,"$2,677"
Lindsay Castell,CA-2018-132276,8,$38
Lindsay Castell,CA-2019-105753,5,$61
Lindsay Castell,US-2019-139262,8,$471
Lindsay Shagiari,CA-2017-137092,10,$862
Lindsay Shagiari,CA-2019-112025,3,$9
Lindsay Shagiari,CA-2020-108294,3,$35
Lindsay Shagiari,CA-2020-117702,11,"$1,072"
Lindsay Shagiari,CA-2020-164168,16,$256
Lindsay Shagiari,US-2017-147648,2,$82
Lindsay Shagiari,US-2018-118766,11,$8
Lindsay Shagiari,US-2018-138919,2,$344
Lindsay Shagiari,US-2019-125969,5,$320
Lindsay Williams,CA-2020-101245,13,$411
Lindsay Williams,CA-2020-102834,2,$200
Lindsay Williams,CA-2020-152142,2,$322
Lindsay Williams,CA-2020-158407,4,$104
Lindsay Williams,CA-2020-162978,9,$502
Lindsay Williams,US-2019-102239,8,"$1,692"
Lisa DeCherney,CA-2017-124856,18,"$1,609"
Lisa DeCherney,CA-2019-116379,2,$58
Lisa DeCherney,CA-2019-139878,2,$258
Lisa DeCherney,CA-2019-142762,3,$37
Lisa Hazard,CA-2018-114923,3,$108
Lisa Hazard,CA-2019-166443,7,$38
Lisa Hazard,CA-2020-105991,20,$121
Lisa Hazard,US-2017-115987,4,$51
Lisa Ryan,CA-2017-109918,11,$132
Lisa Ryan,CA-2018-102876,10,$806
Lisa Ryan,CA-2019-143406,7,$548
Lisa Ryan,CA-2020-103506,4,$41
Lisa Ryan,CA-2020-119011,12,$352
Liz Carlisle,CA-2017-115161,2,$291
Liz Carlisle,CA-2017-129147,16,$609
Liz Carlisle,CA-2019-118514,4,$866
Liz Carlisle,CA-2020-137498,16,$298
Liz Carlisle,US-2020-119319,5,$31
Liz MacKendrick,CA-2017-104283,10,$616
Liz MacKendrick,CA-2018-169740,1,$30
Liz MacKendrick,CA-2019-105263,9,$38
Liz MacKendrick,CA-2019-105277,3,$16
Liz MacKendrick,US-2018-120161,9,$647
Liz Pelletier,CA-2017-159814,2,$4
Liz Pelletier,CA-2019-116722,16,$525
Liz Pelletier,CA-2020-118731,10,$127
Liz Pelletier,CA-2020-133823,11,$101
Liz Preis,CA-2019-103709,12,$311
Liz Preis,CA-2019-112830,5,$549
Liz Preis,CA-2019-118969,6,$55
Liz Preis,CA-2020-102736,12,$177
Liz Preis,CA-2020-106782,1,$375
Liz Preis,CA-2020-121790,11,"$2,114"
Liz Preis,CA-2020-121804,5,$73
Liz Thompson,CA-2018-154620,2,$349
Liz Thompson,CA-2018-168207,19,$739
Liz Thompson,CA-2019-157364,2,$18
Liz Thompson,CA-2019-159373,12,$629
Liz Thompson,CA-2020-122700,8,$221
Liz Thompson,CA-2020-147725,3,$71
Liz Thompson,US-2017-165659,13,$904
Liz Thompson,US-2018-104430,4,$5
Liz Willingham,CA-2017-112837,3,$128
Liz Willingham,CA-2019-157280,10,"$1,121"
Liz Willingham,CA-2020-117436,2,$10
Logan Currie,CA-2017-102869,13,$233
Logan Currie,CA-2018-119907,2,$55
Logan Currie,CA-2019-101693,4,$118
Logan Currie,CA-2019-130477,7,$98
Logan Currie,CA-2019-137043,9,$859
Logan Currie,CA-2020-133431,8,$28
Logan Currie,CA-2020-162789,10,"$1,083"
Logan Currie,CA-2020-169439,7,$92
Logan Currie,US-2020-116701,2,$66
Logan Haushalter,CA-2017-113320,9,$31
Logan Haushalter,CA-2018-121965,6,$206
Logan Haushalter,CA-2019-133340,4,$133
Logan Haushalter,CA-2019-141019,1,$79
Logan Haushalter,CA-2019-144092,9,$344
Logan Haushalter,CA-2019-154739,2,$322
Logan Haushalter,US-2019-131149,7,$492
Logan Haushalter,US-2019-131912,1,$12
Logan Haushalter,US-2019-139486,5,$121
Lori Olson,CA-2018-104038,8,$177
Lori Olson,CA-2018-143238,4,$46
Lori Olson,CA-2020-118367,2,$48
Lori Olson,CA-2020-141572,8,$247
Lori Olson,CA-2020-163860,12,$126
Luke Foster,CA-2017-110030,3,$24
Luke Foster,CA-2017-113166,2,$10
Luke Foster,CA-2017-169019,31,"$2,657"
Luke Foster,CA-2018-109512,14,$976
Luke Foster,CA-2019-106341,3,$7
Luke Foster,CA-2020-118521,2,$38
Luke Foster,CA-2020-148264,14,$219
Luke Schmidt,CA-2017-115084,6,$605
Luke Schmidt,CA-2017-141110,9,$67
Luke Schmidt,CA-2019-160129,14,$101
Luke Schmidt,CA-2020-131618,10,$24
Luke Schmidt,CA-2020-169929,5,$40
Luke Schmidt,US-2020-165869,10,$173
Luke Weiss,CA-2017-116246,6,"$3,785"
Luke Weiss,CA-2019-111416,5,$232
Luke Weiss,CA-2019-132997,14,"$1,030"
Luke Weiss,CA-2020-102218,2,$12
Luke Weiss,CA-2020-102659,5,$55
Luke Weiss,CA-2020-166128,12,$242
Luke Weiss,US-2019-117037,15,$64
Lycoris Saunders,CA-2017-130813,3,$19
Lycoris Saunders,CA-2018-118955,8,$253
Lycoris Saunders,US-2018-111927,5,$96
Lynn Smith,CA-2017-124730,24,$415
Lynn Smith,CA-2018-165414,3,$48
Lynn Smith,CA-2019-136994,2,$13
Lynn Smith,CA-2019-152765,7,$173
Lynn Smith,CA-2020-135307,5,$164
Lynn Smith,US-2017-109456,6,$194
Magdelene Morse,CA-2017-108861,4,$137
Magdelene Morse,CA-2019-120355,5,$693
Magdelene Morse,CA-2020-138156,2,$148
Magdelene Morse,CA-2020-166142,6,$337
Marc Crier,CA-2017-107818,21,"$1,772"
Marc Crier,CA-2018-105599,5,$41
Marc Crier,CA-2018-114237,2,$142
Marc Crier,CA-2018-143119,6,$518
Marc Crier,CA-2018-168459,8,$58
Marc Crier,CA-2019-118899,7,$168
Marc Crier,CA-2019-146318,2,$13
Marc Crier,CA-2020-154949,3,$15
Marc Harrigan,CA-2017-116785,7,$34
Marc Harrigan,CA-2018-137603,5,$8
Marc Harrigan,CA-2020-169327,15,$703
Marc Harrigan,US-2019-108497,5,$599
Marc Harrigan,US-2019-135209,13,$63
Marc Harrigan,US-2020-141558,10,$987
Maria Bertelson,CA-2017-151708,7,$217
Maria Bertelson,CA-2018-113131,16,$98
Maria Bertelson,CA-2018-144288,6,$20
Maria Bertelson,CA-2018-145828,3,$53
Maria Bertelson,CA-2018-168529,5,$146
Maria Bertelson,CA-2019-118759,5,$448
Maria Bertelson,CA-2020-105074,3,$22
Maria Bertelson,CA-2020-149944,5,$94
Maria Bertelson,CA-2020-163125,10,$321
Maria Bertelson,CA-2020-169124,3,$129
Maria Etezadi,CA-2017-167199,24,"$4,375"
Maria Etezadi,CA-2018-144302,2,$6
Maria Etezadi,CA-2019-152555,17,"$1,702"
Maria Etezadi,CA-2019-159142,6,$178
Maria Etezadi,CA-2019-160717,14,"$3,528"
Maria Etezadi,CA-2020-129910,1,$60
Maria Etezadi,CA-2020-137624,2,$241
Maria Etezadi,CA-2020-143434,4,$20
Maria Etezadi,CA-2020-148474,6,$544
Maria Etezadi,US-2020-124926,6,$9
Maria Zettner,CA-2018-117611,4,$377
Maria Zettner,CA-2019-114748,3,$171
Maria Zettner,CA-2020-107314,3,$26
Maria Zettner,CA-2020-147144,1,$20
Maribeth Dona,CA-2017-114251,17,"$1,477"
Maribeth Dona,CA-2017-143371,14,"$1,050"
Maribeth Dona,CA-2018-134782,2,$105
Maribeth Dona,CA-2019-162383,10,$103
Maribeth Dona,CA-2020-109757,15,$50
Maribeth Dona,CA-2020-132290,4,$933
Maribeth Dona,CA-2020-149181,2,$48
Maribeth Schnelling,CA-2017-120278,14,$317
Maribeth Schnelling,CA-2017-127488,2,$5
Maribeth Schnelling,CA-2017-144407,7,$104
Maribeth Schnelling,CA-2018-120103,11,$226
Maribeth Schnelling,CA-2018-130659,15,"$2,202"
Maribeth Schnelling,CA-2018-140221,11,$257
Maribeth Schnelling,CA-2019-107104,25,"$4,104"
Maribeth Schnelling,CA-2019-150077,2,$90
Maribeth Schnelling,CA-2019-150658,3,$11
Maribeth Schnelling,CA-2020-147942,15,$127
Maribeth Yedwab,CA-2018-139290,2,$6
Maribeth Yedwab,CA-2020-132234,13,$547
Maribeth Yedwab,CA-2020-138618,2,$10
Maribeth Yedwab,CA-2020-163902,9,$677
Maribeth Yedwab,US-2019-105578,10,$874
Maribeth Yedwab,US-2020-101721,3,$63
Maribeth Yedwab,US-2020-128118,10,$77
Marina Lichtenstein,CA-2017-121762,7,$561
Marina Lichtenstein,CA-2017-134215,24,$617
Marina Lichtenstein,CA-2017-156349,6,$576
Marina Lichtenstein,CA-2017-164742,3,$265
Marina Lichtenstein,CA-2018-120845,8,$23
Marina Lichtenstein,CA-2019-137673,8,$116
Marina Lichtenstein,CA-2019-168830,3,$480
Marina Lichtenstein,CA-2020-150602,4,$21
Marina Lichtenstein,CA-2020-156363,9,$64
Maris LaWare,CA-2017-125556,17,$877
Maris LaWare,CA-2019-125794,1,$36
Maris LaWare,CA-2020-121580,7,$523
Maris LaWare,CA-2020-152079,5,$12
Maris LaWare,CA-2020-154109,5,$175
Maris LaWare,US-2020-142573,16,"$1,299"
Mark Cousins,CA-2017-140473,3,$720
Mark Cousins,CA-2018-161711,11,$130
Mark Cousins,CA-2019-130050,3,$10
Mark Cousins,CA-2019-133711,23,"$3,236"
Mark Cousins,US-2019-168095,8,$336
Mark Haberlin,CA-2017-104808,2,$17
Mark Haberlin,CA-2019-141523,5,$38
Mark Haberlin,CA-2019-163048,4,$242
Mark Haberlin,US-2017-164763,14,$104
Mark Hamilton,CA-2017-133305,9,$67
Mark Hamilton,CA-2017-160157,3,$191
Mark Hamilton,CA-2018-100888,3,$48
Mark Hamilton,CA-2019-113341,3,$194
Mark Hamilton,CA-2020-136364,10,$131
Mark Hamilton,CA-2020-146269,4,$309
Mark Hamilton,CA-2020-154809,8,$91
Mark Hamilton,US-2019-143448,5,"$1,425"
Mark Packer,CA-2017-145926,5,$480
Mark Packer,CA-2017-147914,2,$16
Mark Packer,CA-2017-162089,19,$715
Mark Packer,CA-2018-102281,26,"$1,669"
Mark Packer,CA-2018-103772,7,$260
Mark Packer,CA-2018-147851,4,$11
Mark Packer,CA-2019-141887,14,$55
Mark Van Huff,CA-2017-148614,4,$39
Mark Van Huff,CA-2018-119690,16,$129
Mark Van Huff,CA-2018-132948,5,$84
Mark Van Huff,CA-2019-133319,4,$192
Mark Van Huff,CA-2019-161361,6,$35
Mark Van Huff,CA-2020-103415,2,$14
Mark Van Huff,CA-2020-122308,2,$272
Mark Van Huff,CA-2020-122994,3,$360
Mark Van Huff,CA-2020-169894,10,$437
Mary O'Rourke,CA-2017-121167,2,$17
Mary O'Rourke,CA-2019-102981,5,$754
Mary O'Rourke,CA-2019-121601,7,$60
Mary O'Rourke,CA-2020-117653,1,$91
Mary Zewe,CA-2017-128524,10,"$2,159"
Mary Zewe,CA-2018-125178,2,$15
Mary Zewe,CA-2018-131457,7,$14
Mary Zewe,CA-2019-169922,15,$22
Mary Zewe,CA-2020-136511,3,$348
Mary Zewe,US-2017-128685,2,$7
MaryBeth Skach,CA-2017-133809,10,$21
MaryBeth Skach,CA-2017-149244,2,$35
MaryBeth Skach,CA-2018-108119,2,$302
MaryBeth Skach,CA-2019-169887,7,$117
Mathew Reese,CA-2017-117429,5,$130
Mathew Reese,CA-2020-111759,2,$53
Mathew Reese,US-2017-120236,5,$8
Mathew Reese,US-2020-139465,17,$449
Matt Abelman,CA-2017-124478,15,"$1,110"
Matt Abelman,CA-2017-140732,15,$708
Matt Abelman,CA-2017-168823,12,$32
Matt Abelman,CA-2018-110324,7,$42
Matt Abelman,CA-2018-130974,24,"$1,171"
Matt Abelman,CA-2018-143105,16,"$1,033"
Matt Abelman,CA-2019-128916,7,$15
Matt Abelman,CA-2020-107727,3,$29
Matt Abelman,CA-2020-110373,5,$34
Matt Abelman,CA-2020-158722,3,$46
Matt Abelman,US-2019-117793,10,$80
Matt Collins,CA-2017-101147,1,$2
Matt Collins,CA-2018-117772,6,$354
Matt Collins,CA-2018-125423,2,$10
Matt Collins,CA-2018-135314,3,$270
Matt Collins,CA-2020-115175,5,$245
Matt Collins,CA-2020-167703,5,$291
Matt Collins,US-2019-157840,5,$34
Matt Collins,US-2020-149510,13,$98
Matt Collister,CA-2017-127446,17,"$1,274"
Matt Collister,CA-2017-130673,12,$108
Matt Collister,CA-2019-113082,2,$40
Matt Collister,CA-2019-131835,6,$815
Matt Collister,CA-2019-157868,7,$25
Matt Collister,CA-2020-159597,3,$164
Matt Connell,CA-2017-103989,23,$591
Matt Connell,CA-2018-145394,7,$296
Matt Connell,CA-2019-145492,12,$39
Matt Connell,CA-2020-134810,6,$272
Matt Connell,CA-2020-145142,2,$211
Matt Connell,CA-2020-160962,3,$15
Matt Connell,US-2017-161613,3,$674
Matt Connell,US-2020-146213,4,$160
Matt Hagelstein,CA-2018-156440,2,$44
Matt Hagelstein,CA-2019-132017,2,$7
Matt Hagelstein,CA-2019-153185,6,$31
Matt Hagelstein,CA-2020-130841,9,"$1,171"
Matthew Clasen,CA-2017-164861,4,$26
Matthew Clasen,CA-2019-139010,17,$512
Matthew Clasen,US-2017-120175,6,$64
Matthew Clasen,US-2020-151316,6,$193
Matthew Grinstein,CA-2017-166471,6,"$1,310"
Matthew Grinstein,CA-2019-105284,3,$4
Matthew Grinstein,CA-2019-139395,18,$732
Matthew Grinstein,CA-2020-145660,2,$8
Matthew Grinstein,CA-2020-152135,8,$445
Matthew Grinstein,CA-2020-152933,12,"$1,172"
Matthew Grinstein,US-2020-169502,8,$113
Maureen Fritzler,CA-2019-114307,16,$122
Maureen Fritzler,CA-2019-126543,2,$15
Maureen Fritzler,CA-2019-165827,6,$50
Maureen Fritzler,US-2017-169789,5,$552
Maureen Fritzler,US-2019-102232,7,$197
Maureen Gastineau,CA-2017-110072,4,$94
Maureen Gastineau,CA-2018-151043,2,$48
Maureen Gastineau,CA-2020-121300,15,$693
Maureen Gastineau,US-2020-109316,4,"$1,515"
Maureen Gnade,CA-2017-139598,11,$362
Maureen Gnade,CA-2018-164007,5,$146
Maureen Gnade,US-2019-142685,7,$835
Maurice Satty,CA-2017-133228,5,$85
Maurice Satty,CA-2017-143637,2,$40
Maurice Satty,CA-2018-123939,9,$469
Maurice Satty,CA-2018-134257,7,$499
Maurice Satty,CA-2019-119186,11,$477
Maurice Satty,CA-2019-134348,14,$43
Max Engle,CA-2017-124807,13,$60
Max Engle,CA-2018-155635,3,$49
Max Engle,CA-2018-161830,5,$51
Max Engle,CA-2020-116645,6,$156
Max Engle,CA-2020-137449,8,$739
Max Engle,CA-2020-143756,2,$702
Max Engle,CA-2020-166415,3,$11
Max Engle,US-2019-123470,6,$141
Max Jones,CA-2018-101868,13,$175
Max Jones,CA-2019-100300,8,"$4,823"
Max Jones,CA-2019-106397,4,$59
Max Jones,CA-2019-113817,2,$28
Max Jones,CA-2019-124149,13,$243
Max Jones,CA-2020-147291,4,$896
Max Jones,US-2020-131961,6,$97
Max Ludwig,CA-2019-110254,14,$159
Max Ludwig,CA-2020-103968,9,$630
Max Ludwig,CA-2020-107265,3,$106
Max Ludwig,CA-2020-133648,11,$88
Max Ludwig,CA-2020-140242,10,$415
Max Ludwig,CA-2020-143455,2,$10
Max Ludwig,US-2020-120089,4,$664
Maxwell Schwartz,CA-2017-119032,2,$4
Maxwell Schwartz,CA-2017-137589,3,$286
Maxwell Schwartz,CA-2017-138709,8,$37
Maxwell Schwartz,CA-2018-135020,13,$633
Maxwell Schwartz,CA-2018-164623,2,$25
Maxwell Schwartz,CA-2019-150350,29,"$1,600"
Maxwell Schwartz,CA-2020-132619,3,$194
Maxwell Schwartz,US-2017-164616,6,$86
Maxwell Schwartz,US-2019-144547,7,$280
Maya Herman,CA-2017-124429,14,$926
Maya Herman,CA-2017-124702,6,$868
Maya Herman,CA-2017-159478,3,$15
Maya Herman,CA-2018-138954,15,$225
Maya Herman,CA-2018-154144,1,$55
Maya Herman,CA-2019-108959,1,$105
Maya Herman,CA-2020-103520,2,$9
Meg O'Connel,CA-2018-133025,5,$32
Meg O'Connel,CA-2018-139094,2,$207
Meg O'Connel,CA-2019-128727,4,$22
Meg O'Connel,CA-2020-145506,9,$136
Meg O'Connel,CA-2020-157931,7,$830
Meg O'Connel,CA-2020-163020,7,$36
Meg O'Connel,CA-2020-169054,3,$254
Meg O'Connel,US-2020-106663,12,$169
Meg Tillman,CA-2018-105312,6,$11
Meg Tillman,CA-2018-127502,2,$6
Meg Tillman,CA-2019-104157,14,"$2,503"
Meg Tillman,CA-2019-162726,6,$34
Meg Tillman,CA-2020-154137,1,$35
Meg Tillman,US-2020-146906,2,$300
Melanie Seite,CA-2017-135405,5,$41
Melanie Seite,CA-2018-124044,3,$11
Melanie Seite,CA-2018-135272,4,$80
Melanie Seite,CA-2019-131296,2,$239
Michael Chen,CA-2017-156594,10,$695
Michael Chen,CA-2017-157784,8,$514
Michael Chen,CA-2019-116337,8,$359
Michael Chen,CA-2019-146143,6,$133
Michael Chen,CA-2020-148446,4,"$1,670"
Michael Chen,US-2020-102638,3,$6
Michael Chen,US-2020-128447,6,$430
Michael Dominguez,CA-2020-100055,5,$153
Michael Dominguez,CA-2020-104024,7,$9
Michael Dominguez,CA-2020-153654,8,$19
Michael Dominguez,CA-2020-154410,8,$909
Michael Dominguez,US-2017-117744,17,$115
Michael Grace,CA-2017-103744,6,$11
Michael Grace,CA-2018-124975,7,$796
Michael Grace,CA-2018-134992,7,$80
Michael Grace,CA-2019-131499,1,$207
Michael Grace,CA-2020-120705,2,$147
Michael Granlund,CA-2017-118276,3,$9
Michael Granlund,CA-2018-146948,14,$300
Michael Granlund,CA-2019-154053,1,$17
Michael Granlund,CA-2019-163972,2,$121
Michael Granlund,CA-2020-102967,5,$67
Michael Granlund,CA-2020-121125,4,$206
Michael Granlund,CA-2020-127712,2,$6
Michael Granlund,CA-2020-136672,3,$49
Michael Granlund,CA-2020-166933,1,$2
Michael Kennedy,CA-2017-161032,3,$393
Michael Kennedy,CA-2018-107468,2,$7
Michael Kennedy,CA-2019-132479,7,$442
Michael Kennedy,CA-2019-155516,17,"$1,179"
Michael Kennedy,CA-2020-100580,3,$36
Michael Kennedy,CA-2020-164917,5,$48
Michael Kennedy,US-2019-148901,29,$191
Michael Kennedy,US-2020-132206,7,$6
Michael Moore,CA-2017-101266,2,$13
Michael Moore,CA-2017-115049,11,$154
Michael Moore,CA-2017-118192,9,$41
Michael Moore,CA-2019-101329,10,$35
Michael Moore,CA-2019-122063,3,$612
Michael Moore,CA-2020-117394,4,$19
Michael Moore,CA-2020-121216,16,$58
Michael Moore,CA-2020-128160,2,$37
Michael Moore,CA-2020-164329,2,$129
Michael Moore,US-2018-157154,4,"$1,018"
Michael Moore,US-2019-121013,5,"$1,678"
Michael Nguyen,CA-2017-122567,5,$9
Michael Nguyen,CA-2017-123225,6,$586
Michael Nguyen,CA-2019-165673,4,$15
Michael Nguyen,CA-2020-100097,10,"$1,115"
Michael Nguyen,CA-2020-123659,4,$23
Michael Nguyen,CA-2020-165204,7,$729
Michael Oakman,US-2018-122140,12,$130
Michael Oakman,US-2020-166233,2,$24
Michael Paige,CA-2018-110765,3,$825
Michael Paige,CA-2019-116974,4,$24
Michael Paige,CA-2019-139689,7,$41
Michael Paige,CA-2019-142335,6,"$1,949"
Michael Paige,CA-2020-125388,7,$89
Michael Paige,CA-2020-155152,4,$252
Michael Paige,US-2018-145121,5,$27
Michael Paige,US-2018-149629,5,$232
Michael Paige,US-2018-163433,21,$544
Michael Stewart,CA-2017-116757,11,$47
Michael Stewart,CA-2018-101007,2,$21
Michael Stewart,CA-2018-142377,7,$86
Michael Stewart,CA-2018-153906,2,$86
Michael Stewart,CA-2018-160794,3,$27
Michael Stewart,CA-2020-117667,24,$588
Michelle Arnett,CA-2017-132010,14,$390
Michelle Arnett,CA-2017-133704,7,$64
Michelle Arnett,CA-2018-157028,2,$8
Michelle Arnett,CA-2019-152247,4,"$1,603"
Michelle Arnett,CA-2020-123638,3,$192
Michelle Arnett,US-2019-165078,12,$196
Michelle Ellison,CA-2017-116932,8,"$1,174"
Michelle Ellison,CA-2017-126333,1,$5
Michelle Ellison,CA-2018-169278,4,$27
Michelle Ellison,CA-2020-148138,2,$51
Michelle Huthwaite,CA-2017-150301,1,$64
Michelle Huthwaite,CA-2018-148635,11,"$1,289"
Michelle Huthwaite,CA-2020-103212,11,"$1,542"
Michelle Huthwaite,CA-2020-115448,5,$89
Michelle Huthwaite,CA-2020-125878,3,$2
Michelle Lonsdale,CA-2020-113208,3,$61
Michelle Lonsdale,CA-2020-158953,7,$6
Michelle Lonsdale,CA-2020-168655,8,$675
Michelle Moray,CA-2017-110555,15,$410
Michelle Moray,CA-2017-144029,8,$476
Michelle Moray,CA-2020-127285,5,$103
Michelle Moray,CA-2020-164378,15,$729
Michelle Moray,US-2018-141684,4,$25
Michelle Moray,US-2018-165743,15,$160
Michelle Moray,US-2020-104451,4,$81
Michelle Moray,US-2020-124968,7,$766
Michelle Tran,CA-2018-156608,4,$4
Michelle Tran,CA-2019-128671,14,$152
Michelle Tran,CA-2020-140963,12,$824
Michelle Tran,US-2017-112914,14,$340
Mick Brown,CA-2017-141817,3,$20
Mick Brown,CA-2019-112382,2,$19
Mick Brown,CA-2019-142524,7,$297
Mick Brown,CA-2020-122945,3,$17
Mick Brown,CA-2020-144498,20,$818
Mick Brown,CA-2020-151071,2,$14
Mick Brown,US-2019-128902,2,$244
Mick Crebagga,CA-2017-101602,8,$804
Mick Crebagga,CA-2017-123855,5,$140
Mick Crebagga,CA-2018-111073,1,$52
Mick Crebagga,CA-2018-116512,3,$18
Mick Crebagga,CA-2018-168809,8,$32
Mick Crebagga,CA-2019-139808,12,$93
Mick Crebagga,CA-2020-113075,3,$41
Mick Crebagga,CA-2020-126242,10,$324
Mick Crebagga,CA-2020-152807,15,$481
Mick Crebagga,US-2018-129637,8,$235
Mick Hernandez,CA-2020-114055,12,$819
Mick Hernandez,CA-2020-121839,3,"$1,170"
Mick Hernandez,CA-2020-127026,18,"$1,240"
Mick Hernandez,CA-2020-137785,5,$458
Mick Hernandez,CA-2020-144638,8,$92
Mick Hernandez,CA-2020-161088,2,$30
Mick Hernandez,US-2019-160528,18,"$1,416"
Mick Hernandez,US-2020-108315,9,$226
Mick Hernandez,US-2020-114657,4,$52
Mike Caudle,CA-2017-132787,6,$93
Mike Caudle,CA-2018-148432,9,$33
Mike Caudle,CA-2018-163104,2,$12
Mike Caudle,CA-2019-115504,2,$13
Mike Caudle,CA-2019-129868,15,"$1,431"
Mike Gockenbach,CA-2017-137274,3,$891
Mike Gockenbach,CA-2020-108574,26,"$1,325"
Mike Gockenbach,CA-2020-123239,3,$91
Mike Gockenbach,US-2018-138303,10,$755
Mike Kennedy,CA-2020-128755,11,$630
Mike Kennedy,CA-2020-163209,11,$49
Mike Kennedy,US-2017-150574,7,$253
Mike Kennedy,US-2019-108455,14,$100
Mike Pelletier,CA-2017-119151,7,"$1,394"
Mike Pelletier,CA-2018-135685,25,"$2,233"
Mike Pelletier,CA-2018-166338,3,$15
Mike Pelletier,CA-2019-163636,2,$4
Mike Pelletier,CA-2020-124086,2,$204
Mike Pelletier,CA-2020-167661,11,$122
Mike Pelletier,CA-2020-169859,22,$135
Mike Pelletier,US-2017-117380,1,$331
Mike Pelletier,US-2019-127334,5,$651
Mike Vittorini,CA-2017-134103,4,$241
Mike Vittorini,CA-2018-107020,2,$40
Mike Vittorini,CA-2018-120320,2,$32
Mike Vittorini,CA-2019-114895,2,$13
Mike Vittorini,CA-2019-123512,12,$482
Mike Vittorini,CA-2019-127698,9,$864
Mike Vittorini,CA-2020-101798,6,$63
Mitch Gastineau,CA-2020-115070,8,$17
Mitch Webber,CA-2017-103660,7,"$1,008"
Mitch Webber,CA-2017-125997,25,"$3,519"
Mitch Webber,CA-2017-150518,7,$503
Mitch Webber,CA-2018-164336,6,$74
Mitch Webber,CA-2019-138667,2,$40
Mitch Webber,CA-2020-107986,3,$31
Mitch Webber,US-2018-137960,1,$166
Mitch Willingham,CA-2017-117639,10,"$3,334"
Mitch Willingham,CA-2020-136308,3,"$1,920"
Monica Federle,CA-2017-149594,4,$104
Monica Federle,CA-2018-128013,6,$154
Monica Federle,CA-2018-144722,1,$43
Monica Federle,CA-2018-162964,11,$304
Monica Federle,US-2020-162670,16,"$1,153"
Muhammed Lee,CA-2018-136224,3,$10
Muhammed Lee,CA-2020-132262,4,$152
Muhammed MacIntyre,CA-2018-119592,2,$4
Muhammed MacIntyre,CA-2018-132941,11,$263
Muhammed MacIntyre,CA-2018-168760,3,$61
Muhammed MacIntyre,CA-2019-124793,2,$197
Muhammed MacIntyre,CA-2020-109099,1,$41
Muhammed MacIntyre,CA-2020-112172,3,$14
Muhammed MacIntyre,CA-2020-148068,5,$29
Muhammed MacIntyre,US-2017-147774,1,$67
Muhammed MacIntyre,US-2019-134656,4,$99
Muhammed Yedwab,CA-2017-105984,8,"$1,661"
Muhammed Yedwab,CA-2017-118976,14,$527
Muhammed Yedwab,CA-2019-139549,4,$387
Muhammed Yedwab,CA-2019-149272,12,$551
Muhammed Yedwab,CA-2019-151169,4,$8
Muhammed Yedwab,CA-2019-164770,19,$813
Muhammed Yedwab,CA-2020-133067,5,$12
Muhammed Yedwab,CA-2020-167626,5,$110
Muhammed Yedwab,US-2019-132423,12,$42
Muhammed Yedwab,US-2019-160206,1,$13
Muhammed Yedwab,US-2020-115252,5,$30
Nancy Lomonaco,CA-2019-147473,6,$39
Nancy Lomonaco,US-2017-120313,2,$74
Nancy Lomonaco,US-2018-139759,5,$147
Nancy Lomonaco,US-2020-163790,31,"$1,159"
Naresj Patel,CA-2017-114433,3,$150
Naresj Patel,CA-2017-117464,20,"$1,136"
Naresj Patel,CA-2018-131338,35,"$3,386"
Naresj Patel,CA-2018-143490,11,$339
Naresj Patel,CA-2020-126865,3,$93
Naresj Patel,US-2017-117135,5,$426
Nat Carroll,CA-2017-111899,8,$43
Nat Carroll,CA-2018-112452,9,"$1,274"
Nat Carroll,CA-2019-124485,11,$124
Nat Carroll,CA-2020-111332,24,$892
Nat Carroll,US-2017-113124,2,$129
Nat Gilpin,CA-2017-100762,11,$509
Nat Gilpin,CA-2020-117947,17,$284
Nat Gilpin,CA-2020-120019,4,$595
Nat Gilpin,US-2018-130519,10,$112
Nat Gilpin,US-2020-116659,3,$371
Natalie DeCherney,CA-2017-109232,6,$546
Natalie DeCherney,CA-2017-148915,8,$600
Natalie DeCherney,CA-2018-114069,13,"$1,953"
Natalie DeCherney,CA-2019-130778,7,$53
Natalie DeCherney,CA-2019-145247,3,$79
Natalie DeCherney,CA-2020-105410,18,$977
Natalie DeCherney,CA-2020-128699,1,$48
Natalie DeCherney,US-2020-117331,1,$9
Natalie DeCherney,US-2020-156356,6,$61
Natalie Fritzler,CA-2017-127614,11,"$1,508"
Natalie Fritzler,CA-2018-147830,17,"$4,190"
Natalie Fritzler,CA-2019-113551,9,$86
Natalie Fritzler,CA-2020-130505,3,$673
Natalie Fritzler,CA-2020-155705,4,$866
Natalie Fritzler,US-2019-157945,5,$756
Natalie Fritzler,US-2020-152842,3,$242
Natalie Webber,CA-2017-138317,16,$385
Natalie Webber,CA-2017-168984,12,"$1,123"
Natalie Webber,CA-2018-102582,12,"$1,919"
Natalie Webber,CA-2018-115511,6,$208
Natalie Webber,CA-2019-159023,10,$184
Natalie Webber,CA-2020-127656,4,$30
Natalie Webber,US-2018-160857,18,"$3,385"
Nathan Cano,CA-2017-135755,6,$51
Nathan Cano,CA-2017-165393,1,$5
Nathan Cano,CA-2018-144190,2,$13
Nathan Cano,CA-2019-156503,12,$305
Nathan Cano,CA-2020-131254,14,"$1,729"
Nathan Cano,US-2018-113593,3,$115
Nathan Gelder,CA-2017-115973,1,$3
Nathan Gelder,CA-2017-122749,4,$480
Nathan Gelder,CA-2018-103961,6,$20
Nathan Gelder,CA-2018-137708,15,$114
Nathan Gelder,CA-2020-130386,15,$779
Nathan Mautz,CA-2017-111857,1,$49
Nathan Mautz,CA-2017-125759,2,$15
Nathan Mautz,CA-2017-150581,5,$500
Nathan Mautz,CA-2017-164973,14,"$4,807"
Nathan Mautz,CA-2018-136805,14,$926
Nathan Mautz,CA-2020-125367,3,$14
Nathan Mautz,US-2018-152128,5,$149
Neil Ducich,CA-2017-131905,10,$322
Neil Ducich,CA-2017-138177,1,$74
Neil Ducich,CA-2020-107167,8,"$1,348"
Neil Ducich,CA-2020-127803,4,$26
Neil Ducich,CA-2020-164112,7,"$1,085"
Neil Ducich,US-2018-140851,6,$39
Neil Französisch,CA-2017-100293,6,$91
Neil Französisch,CA-2019-162404,4,$11
Neil Französisch,US-2017-132745,1,$5
Neil Französisch,US-2018-100069,2,$270
Neil Knudson,CA-2018-118948,3,$7
Neil Knudson,CA-2019-102561,22,$314
Neil Knudson,CA-2019-141586,5,$18
Neil Knudson,CA-2020-126536,6,$103
Neil Knudson,CA-2020-130148,8,$38
Neil Knudson,CA-2020-148166,4,$18
Neil Knudson,CA-2020-162712,3,$74
Neola Schneider,CA-2019-128531,19,$527
Neola Schneider,CA-2020-121195,2,$264
Neola Schneider,CA-2020-129378,20,$414
Neola Schneider,CA-2020-153045,11,"$1,371"
Neoma Murray,CA-2018-162166,11,$68
Neoma Murray,CA-2019-112340,3,$23
Neoma Murray,CA-2019-136049,3,$6
Neoma Murray,CA-2019-153598,11,"$1,762"
Neoma Murray,CA-2019-158806,8,$49
Neoma Murray,CA-2019-168844,9,$187
Neoma Murray,US-2018-100531,5,$39
Neoma Murray,US-2018-105676,4,$7
Neoma Murray,US-2019-157308,4,$16
Neoma Murray,US-2020-107636,2,$6
Nick Crebassa,CA-2017-114321,16,"$1,417"
Nick Crebassa,CA-2017-145254,17,$993
Nick Crebassa,CA-2020-139402,8,$432
Nick Crebassa,CA-2020-148355,8,$32
Nick Crebassa,CA-2020-149881,10,"$5,283"
Nick Crebassa,CA-2020-163874,3,$26
Nick Crebassa,US-2019-131674,2,$58
Nick Radford,CA-2017-106229,3,$269
Nick Radford,CA-2017-112851,3,$183
Nick Radford,CA-2019-109400,4,$367
Nick Radford,CA-2019-152688,2,$437
Nick Radford,CA-2020-140872,25,"$1,112"
Nick Zandusky,CA-2018-144267,11,$632
Nick Zandusky,CA-2019-110772,20,$381
Nick Zandusky,CA-2019-134222,6,$45
Nick Zandusky,CA-2019-164154,8,$60
Nick Zandusky,CA-2020-150609,5,$23
Nick Zandusky,CA-2020-154676,9,$151
Nick Zandusky,US-2017-106299,9,$886
Nick Zandusky,US-2019-158680,1,$2
Nick Zandusky,US-2020-148054,8,$308
Nicole Brennan,CA-2017-151967,4,$130
Nicole Brennan,CA-2017-164385,3,$144
Nicole Fjeld,CA-2017-169460,3,$76
Nicole Fjeld,CA-2018-110667,11,$211
Nicole Fjeld,CA-2018-160864,3,$14
Nicole Fjeld,CA-2020-100335,9,$73
Nicole Fjeld,CA-2020-151358,2,$323
Nicole Fjeld,US-2017-131870,15,$91
Nicole Fjeld,US-2018-139675,12,"$1,243"
Nicole Hansen,CA-2017-111157,4,$155
Nicole Hansen,CA-2018-113901,11,$188
Nicole Hansen,CA-2018-147102,4,$66
Nicole Hansen,CA-2019-123722,4,$16
Nicole Hansen,CA-2020-100384,17,$421
Nicole Hansen,CA-2020-122693,7,"$1,246"
Nicole Hansen,US-2020-136721,5,$581
Noah Childs,CA-2017-166590,4,$78
Noah Childs,CA-2018-116687,6,$167
Noah Childs,CA-2020-100951,5,$721
Noah Childs,CA-2020-169404,6,$103
Noah Childs,US-2019-100839,8,$752
Noel Staavos,CA-2017-159338,5,$448
Noel Staavos,CA-2018-108259,20,$81
Noel Staavos,CA-2018-123155,8,$473
Noel Staavos,CA-2018-163895,1,$3
Noel Staavos,CA-2019-131639,3,$25
Noel Staavos,CA-2019-144645,2,$74
Noel Staavos,CA-2019-162187,19,"$1,253"
Noel Staavos,CA-2019-169824,16,$107
Noel Staavos,CA-2020-115651,14,$67
Noel Staavos,CA-2020-134635,3,$79
Noel Staavos,CA-2020-141614,4,$21
Noel Staavos,US-2018-117492,9,$78
Noel Staavos,US-2018-160563,9,$256
Nona Balk,CA-2017-125542,11,$521
Nona Balk,CA-2018-101126,5,$77
Nona Balk,CA-2018-110289,9,$244
Nona Balk,CA-2019-132066,1,$142
Nona Balk,CA-2019-140928,4,$383
Nona Balk,CA-2019-161816,7,$385
Nona Balk,CA-2020-107825,11,$143
Nona Balk,CA-2020-110310,13,$69
Nona Balk,US-2020-125213,3,$7
Nora Paige,CA-2018-138485,9,$539
Nora Paige,CA-2019-114104,9,$960
Nora Paige,CA-2019-162110,1,$56
Nora Paige,CA-2020-150091,15,"$2,258"
Nora Paige,CA-2020-167227,12,$96
Nora Pelletier,CA-2018-125696,5,$7
Nora Pelletier,CA-2018-141768,3,$15
Nora Pelletier,CA-2018-156104,2,"$1,000"
Nora Pelletier,CA-2019-113138,9,$35
Nora Pelletier,CA-2019-166653,2,$64
Nora Pelletier,US-2017-131982,2,$108
Nora Preis,CA-2017-106572,2,$264
Nora Preis,CA-2017-142510,11,$274
Nora Preis,CA-2017-168494,21,"$4,631"
Nora Preis,CA-2019-105459,8,"$1,800"
Nora Preis,CA-2019-125094,4,$480
Nora Preis,CA-2020-138310,9,$432
Nora Preis,CA-2020-169264,8,$22
Odella Nelson,CA-2017-121286,8,$67
Odella Nelson,CA-2017-140039,5,$79
Odella Nelson,CA-2017-154095,20,$463
Odella Nelson,CA-2018-112014,5,$51
Odella Nelson,CA-2019-118255,4,$63
Odella Nelson,CA-2019-130820,4,$630
Odella Nelson,US-2018-117184,8,$47
Odella Nelson,US-2018-161466,2,$7
Odella Nelson,US-2019-151862,2,$160
Olvera Toch,CA-2018-109169,2,$181
Olvera Toch,CA-2019-107783,14,"$1,557"
Olvera Toch,CA-2019-113243,11,"$1,389"
Olvera Toch,CA-2020-115364,12,$84
Olvera Toch,CA-2020-162173,12,$608
Pamela Coakley,CA-2017-150245,7,"$1,573"
Pamela Coakley,CA-2019-105494,10,$226
Pamela Coakley,CA-2019-159639,3,$32
Pamela Coakley,US-2020-162068,2,$1
Pamela Stobb,CA-2017-126963,2,$37
Pamela Stobb,CA-2018-143147,8,$610
Pamela Stobb,CA-2019-153269,13,$436
Pamela Stobb,CA-2020-128965,32,$563
Pamela Stobb,CA-2020-156237,19,$517
Pamela Stobb,US-2019-101497,1,$19
Parhena Norris,CA-2018-141936,3,$19
Parhena Norris,CA-2019-138597,3,$564
Parhena Norris,CA-2019-155439,4,$26
Parhena Norris,CA-2020-132213,14,$110
Parhena Norris,CA-2020-161018,7,$97
Parhena Norris,US-2019-118780,3,$66
Parhena Norris,US-2020-132031,10,$513
Parhena Norris,US-2020-148768,3,$72
Patricia Hirasaki,CA-2020-113558,6,$730
Patrick Bzostek,CA-2018-146465,9,$24
Patrick Bzostek,CA-2019-125738,24,$219
Patrick Bzostek,CA-2020-156958,21,$497
Patrick Gardner,CA-2017-109890,2,$36
Patrick Gardner,CA-2019-103464,5,$595
Patrick Gardner,CA-2019-106306,3,$10
Patrick Gardner,CA-2019-144344,13,$314
Patrick Gardner,CA-2019-150000,4,$18
Patrick Gardner,CA-2019-151561,14,$744
Patrick Gardner,CA-2020-123701,4,$28
Patrick Gardner,CA-2020-140186,13,$304
Patrick Gardner,US-2017-102071,7,$236
Patrick Gardner,US-2018-129553,3,$30
Patrick Gardner,US-2018-155369,6,$330
Patrick Gardner,US-2019-162859,7,$407
Patrick Gardner,US-2020-116491,2,$35
Patrick Jones,CA-2017-135993,10,$85
Patrick Jones,CA-2018-137897,9,$135
Patrick Jones,CA-2018-154746,5,$860
Patrick Jones,CA-2019-112676,3,$14
Patrick Jones,CA-2019-160136,2,$9
Patrick Jones,CA-2020-103009,5,$26
Patrick Jones,CA-2020-105130,6,$52
Patrick Jones,US-2020-108700,6,$38
Patrick O'Brill,CA-2017-148782,3,$89
Patrick O'Brill,CA-2017-159681,4,$106
Patrick O'Brill,CA-2018-104486,6,$85
Patrick O'Brill,CA-2018-130183,3,$614
Patrick O'Brill,CA-2019-111409,1,$3
Patrick O'Brill,CA-2020-129021,28,"$4,590"
Patrick O'Brill,CA-2020-141705,5,$517
Patrick O'Brill,CA-2020-149853,8,$33
Patrick O'Brill,US-2019-141544,25,"$1,270"
Patrick O'Brill,US-2020-101784,3,$122
Patrick O'Brill,US-2020-106705,5,$45
Patrick O'Donnell,CA-2017-120838,8,$935
Patrick O'Donnell,CA-2017-146703,4,$212
Patrick O'Donnell,CA-2020-108756,3,$32
Patrick O'Donnell,CA-2020-128328,17,$339
Patrick O'Donnell,CA-2020-140088,2,$302
Patrick O'Donnell,CA-2020-143259,14,$467
Patrick O'Donnell,US-2019-152415,6,$207
Patrick Ryan,CA-2017-136861,2,$32
Patrick Ryan,CA-2018-125563,5,$122
Patrick Ryan,CA-2020-162250,1,$8
Patrick Ryan,US-2018-110261,3,$158
Patrick Ryan,US-2020-109253,32,"$1,520"
Paul Gonzalez,CA-2017-103849,7,$225
Paul Gonzalez,CA-2018-134117,14,$450
Paul Gonzalez,CA-2018-166464,6,$493
Paul Gonzalez,CA-2019-111010,6,$8
Paul Gonzalez,CA-2019-147578,3,$32
Paul Gonzalez,CA-2020-122056,7,$182
Paul Gonzalez,CA-2020-148320,6,$36
Paul Gonzalez,CA-2020-155558,3,$26
Paul Gonzalez,US-2020-135986,9,$536
Paul Knutson,CA-2017-105172,6,$19
Paul Knutson,CA-2019-158099,8,"$1,422"
Paul Lucas,CA-2017-168305,8,$66
Paul Lucas,CA-2020-109946,5,$17
Paul Lucas,CA-2020-119564,3,$23
Paul Lucas,CA-2020-165757,10,$50
Paul Lucas,US-2019-113509,3,$84
Paul MacIntyre,CA-2017-117709,4,$47
Paul MacIntyre,CA-2018-141250,5,$302
Paul MacIntyre,CA-2019-102092,7,"$1,057"
Paul Prost,CA-2017-126683,11,"$2,355"
Paul Prost,CA-2017-146815,4,$176
Paul Prost,CA-2018-111864,2,$6
Paul Prost,CA-2018-130253,3,$15
Paul Prost,CA-2018-146087,2,$302
Paul Prost,CA-2019-145177,42,$900
Paul Prost,CA-2020-117401,19,$865
Paul Prost,CA-2020-134096,8,$400
Paul Prost,US-2017-115413,6,$159
Paul Prost,US-2019-108504,41,"$2,076"
Paul Stevenson,CA-2018-135727,7,$192
Paul Stevenson,CA-2018-140830,4,$89
Paul Stevenson,CA-2019-161158,5,$8
Paul Stevenson,CA-2020-111591,20,$425
Paul Stevenson,CA-2020-163818,1,$20
Paul Stevenson,US-2017-120740,6,$295
Paul Stevenson,US-2018-164175,5,$213
Paul Stevenson,US-2020-111920,4,$36
Paul Van Hugh,CA-2017-161508,15,$554
Paul Van Hugh,CA-2019-107216,11,$54
Paul Van Hugh,CA-2019-119025,9,$490
Paul Van Hugh,CA-2020-105914,12,"$1,687"
Paul Van Hugh,US-2020-133081,5,$91
Pauline Chand,CA-2018-153388,10,"$1,012"
Pauline Chand,US-2017-163797,8,$50
Pauline Johnson,CA-2017-124023,2,$9
Pauline Johnson,CA-2018-122973,4,$147
Pauline Johnson,CA-2019-137939,5,$90
Pauline Johnson,CA-2019-153101,1,$146
Pauline Johnson,CA-2020-143686,9,"$1,418"
Pauline Johnson,CA-2020-151218,1,$4
Pauline Johnson,CA-2020-163069,3,$10
Pauline Webber,CA-2017-125150,5,$233
Pauline Webber,CA-2018-127327,1,$91
Pauline Webber,CA-2019-105354,8,$116
Pauline Webber,CA-2019-113607,9,"$1,204"
Pauline Webber,CA-2019-140256,2,$6
Pauline Webber,CA-2019-140438,3,$198
Pauline Webber,CA-2020-116988,11,"$1,433"
Pauline Webber,CA-2020-117695,2,$14
Pauline Webber,CA-2020-137323,6,$96
Pauline Webber,CA-2020-156272,1,$64
Penelope Sewall,CA-2017-136567,14,"$2,884"
Penelope Sewall,CA-2018-132374,4,$79
Penelope Sewall,CA-2018-155054,6,$106
Penelope Sewall,CA-2019-164896,2,$13
Penelope Sewall,CA-2020-109211,1,$17
Penelope Sewall,CA-2020-133865,6,"$3,360"
Penelope Sewall,CA-2020-160423,14,$384
Pete Armstrong,CA-2017-148761,3,$92
Pete Armstrong,CA-2018-105970,7,$112
Pete Armstrong,CA-2018-129476,5,$340
Pete Armstrong,CA-2020-140508,4,$115
Pete Armstrong,US-2019-117387,4,$67
Pete Armstrong,US-2019-158309,4,$4
Pete Kriz,CA-2017-105893,6,$666
Pete Kriz,CA-2019-115756,21,$634
Pete Kriz,CA-2019-118332,5,$564
Pete Kriz,CA-2019-129126,17,$479
Pete Kriz,CA-2019-150343,3,$11
Pete Kriz,CA-2019-166282,11,$158
Pete Kriz,CA-2020-107461,6,$24
Pete Kriz,CA-2020-116680,14,"$1,492"
Pete Kriz,CA-2020-132346,7,$101
Pete Kriz,CA-2020-147753,2,$25
Pete Kriz,US-2019-134488,2,$155
Pete Kriz,US-2020-102183,13,"$4,338"
Pete Takahito,CA-2020-103065,9,$60
Pete Takahito,CA-2020-145093,2,$2
Pete Takahito,US-2017-150924,5,$5
Pete Takahito,US-2019-152373,3,$93
Peter Bühler,CA-2017-128888,9,$605
Peter Bühler,CA-2019-150889,1,$12
Peter Bühler,CA-2020-161970,5,$31
Peter Bühler,US-2020-101518,3,$41
Peter Fuller,CA-2017-166457,7,$41
Peter Fuller,CA-2018-129896,14,$497
Peter Fuller,CA-2018-140025,14,$847
Peter Fuller,US-2018-126977,40,"$7,678"
Peter McVee,CA-2019-149685,6,$60
Peter McVee,CA-2019-165148,5,$31
Peter McVee,CA-2020-159667,7,$691
Peter McVee,US-2018-134558,18,"$3,333"
Philip Brown,CA-2017-107573,3,$23
Philip Brown,CA-2017-146843,11,$150
Philip Brown,CA-2018-137526,16,$612
Philip Brown,CA-2018-167269,2,$6
Philip Brown,CA-2019-148796,5,$384
Philip Brown,CA-2020-142391,10,$200
Philip Brown,US-2017-111353,2,$25
Philip Brown,US-2017-150532,5,$56
Philip Fox,CA-2018-101707,9,$150
Philip Fox,CA-2018-111458,2,$50
Philip Fox,CA-2019-138233,3,$480
Philip Fox,CA-2019-162355,10,"$1,303"
Philip Fox,CA-2020-118437,4,$169
Philip Fox,US-2017-134614,6,$618
Philisse Overcash,CA-2018-121783,12,"$2,165"
Philisse Overcash,CA-2018-164539,5,$523
Philisse Overcash,CA-2019-147375,10,"$1,321"
Philisse Overcash,CA-2019-147683,2,$20
Philisse Overcash,CA-2019-151148,7,$230
Philisse Overcash,CA-2020-118346,5,$400
Philisse Overcash,CA-2020-142867,9,$24
Philisse Overcash,CA-2020-143665,11,$60
Philisse Overcash,US-2018-156797,4,$150
Phillina Ober,CA-2017-112326,8,$288
Phillina Ober,CA-2018-110891,4,$344
Phillina Ober,CA-2018-144099,1,$4
Phillina Ober,CA-2018-156335,9,$183
Phillina Ober,US-2020-103247,10,$237
Phillip Breyer,CA-2017-149055,3,$63
Phillip Breyer,CA-2019-164938,7,$70
Phillip Flathmann,CA-2019-114972,18,"$1,490"
Phillip Flathmann,CA-2019-160234,1,$136
Phillip Flathmann,CA-2020-110380,3,$7
Phillip Flathmann,US-2019-163258,3,$11
Phillip Flathmann,US-2020-130687,7,$563
Pierre Wener,CA-2017-164210,6,$182
Pierre Wener,CA-2018-144274,20,$421
Pierre Wener,CA-2018-162782,2,"$2,542"
Pierre Wener,CA-2019-120257,3,$8
Pierre Wener,US-2018-114839,2,$408
Pierre Wener,US-2018-145422,3,$359
Pierre Wener,US-2019-131891,3,$2
Quincy Jones,CA-2017-127859,6,$127
Quincy Jones,CA-2018-117086,5,"$4,405"
Quincy Jones,CA-2018-130995,1,$5
Quincy Jones,CA-2019-109652,4,$14
Quincy Jones,CA-2019-134425,5,$115
Quincy Jones,CA-2019-142097,16,$343
Quincy Jones,CA-2020-104066,7,$205
Quincy Jones,CA-2020-144526,8,$691
Quincy Jones,US-2017-157070,9,$204
Rachel Payne,CA-2017-155264,18,$306
Rachel Payne,CA-2018-135251,13,$468
Rachel Payne,CA-2018-148250,6,$147
Rachel Payne,CA-2019-167983,10,$33
Ralph Arnett,CA-2017-154186,1,$3
Ralph Arnett,CA-2018-111780,11,"$1,231"
Ralph Arnett,CA-2018-150441,4,$11
Ralph Arnett,CA-2018-155068,11,$78
Ralph Arnett,CA-2020-127313,8,$117
Ralph Arnett,CA-2020-131695,8,$271
Ralph Arnett,CA-2020-141929,8,$711
Ralph Arnett,CA-2020-161480,2,$192
Ralph Arnett,US-2019-128195,5,$4
Ralph Kennedy,CA-2018-159786,1,$210
Ralph Kennedy,CA-2018-160472,25,"$1,238"
Ralph Kennedy,CA-2020-114216,3,$12
Ralph Ritter,CA-2019-149482,2,$7
Ralph Ritter,CA-2020-162565,5,$609
Randy Bradley,CA-2017-159835,7,$670
Randy Bradley,CA-2020-106068,9,$338
Randy Ferguson,CA-2017-124079,5,$93
Randy Ferguson,CA-2017-141152,1,$34
Randy Ferguson,CA-2017-148425,9,$7
Randy Ferguson,CA-2018-106187,7,$268
Randy Ferguson,CA-2019-122518,4,$10
Randy Ferguson,CA-2019-145009,3,$12
Randy Ferguson,CA-2019-163167,18,"$2,674"
Randy Ferguson,US-2017-114188,20,$212
Raymond Buch,CA-2019-109953,14,$293
Raymond Buch,CA-2019-156573,8,$60
Raymond Buch,CA-2019-166674,22,$561
Raymond Buch,CA-2020-140151,9,"$14,052"
Raymond Buch,CA-2020-162572,11,$131
Raymond Buch,CA-2020-169810,7,$20
Raymond Messe,CA-2017-139017,2,$47
Raymond Messe,CA-2017-141278,5,$21
Raymond Messe,CA-2018-156328,3,$177
Raymond Messe,CA-2019-100965,5,$216
Raymond Messe,US-2019-106600,5,$355
Raymond Messe,US-2020-127292,9,$637
Resi Pölking,CA-2017-120474,12,"$2,854"
Resi Pölking,CA-2017-142769,21,$562
Resi Pölking,CA-2017-143413,3,$116
Resi Pölking,CA-2017-148383,6,$947
Resi Pölking,CA-2017-155593,3,$12
Resi Pölking,CA-2017-156314,5,$30
Resi Pölking,CA-2018-128356,2,$11
Resi Pölking,CA-2018-133494,2,$4
Resi Pölking,CA-2018-166492,6,$49
Resi Pölking,CA-2019-101980,13,$449
Resi Pölking,CA-2020-103352,9,$114
Resi Pölking,US-2020-145863,6,$6
Ricardo Emerson,CA-2017-165477,5,$48
Ricardo Sperren,CA-2020-115154,2,$893
Ricardo Sperren,CA-2020-164819,5,$13
Ricardo Sperren,US-2017-117968,10,"$1,217"
Ricardo Sperren,US-2019-159093,4,$32
Ricardo Sperren,US-2020-128951,8,"$1,066"
Richard Bierner,CA-2017-167360,7,$112
Richard Bierner,CA-2018-120397,4,$33
Richard Bierner,CA-2020-146458,7,$23
Richard Bierner,CA-2020-153871,14,$799
Richard Bierner,US-2017-103338,3,$8
Richard Bierner,US-2017-105137,4,$120
Richard Bierner,US-2017-144078,12,"$1,273"
Richard Bierner,US-2018-103996,15,$296
Richard Eichhorn,CA-2017-163867,14,$210
Richard Eichhorn,CA-2018-142454,10,$174
Richard Eichhorn,CA-2018-151589,6,$436
Richard Eichhorn,CA-2019-169215,9,$30
Richard Eichhorn,CA-2020-127621,8,$27
Rick Bensley,CA-2017-117765,11,$644
Rick Bensley,CA-2017-152618,4,$583
Rick Bensley,CA-2019-103107,11,$275
Rick Bensley,CA-2019-105662,7,$271
Rick Bensley,CA-2019-115917,9,"$1,065"
Rick Bensley,CA-2019-120803,5,$200
Rick Bensley,CA-2019-158568,13,$162
Rick Bensley,CA-2020-104822,5,$25
Rick Bensley,CA-2020-105823,2,$488
Rick Bensley,CA-2020-137456,2,$16
Rick Bensley,CA-2020-161578,7,$172
Rick Bensley,US-2019-146066,9,$815
Rick Duston,CA-2017-108147,8,"$1,745"
Rick Duston,CA-2018-122826,4,$202
Rick Duston,CA-2018-146696,2,$8
Rick Duston,CA-2019-136434,3,$17
Rick Duston,CA-2019-164637,3,$128
Rick Duston,CA-2020-159457,3,$17
Rick Duston,US-2020-116652,21,$959
Rick Duston,US-2020-166688,16,"$1,196"
Rick Hansen,CA-2017-110639,8,$72
Rick Hansen,CA-2018-124891,17,"$3,420"
Rick Hansen,CA-2020-106537,4,$21
Rick Hansen,CA-2020-121538,2,$89
Rick Hansen,CA-2020-151428,7,$20
Rick Huthwaite,CA-2017-149643,2,$274
Rick Huthwaite,CA-2018-157805,5,$556
Rick Huthwaite,CA-2018-167255,6,$175
Rick Huthwaite,CA-2019-122322,5,$44
Rick Huthwaite,CA-2019-168354,19,"$2,545"
Rick Huthwaite,CA-2019-169663,6,"$3,384"
Rick Reed,CA-2017-126403,16,"$2,304"
Rick Reed,CA-2018-150308,3,$246
Rick Reed,CA-2019-101623,6,$36
Rick Reed,CA-2019-115525,5,$244
Rick Reed,CA-2020-102155,4,$374
Rick Reed,US-2018-131842,2,$97
Rick Wilson,CA-2018-124800,32,"$1,044"
Rick Wilson,CA-2018-132815,2,$23
Rick Wilson,CA-2018-157959,4,$137
Rick Wilson,CA-2020-101014,3,$148
Rick Wilson,CA-2020-128041,8,$598
Rick Wilson,CA-2020-141733,10,"$2,050"
Rick Wilson,CA-2020-166093,30,"$3,398"
Ritsa Hightower,CA-2018-110247,3,$8
Ritsa Hightower,CA-2019-164574,8,$732
Rob Beeghly,CA-2019-167605,2,$30
Rob Beeghly,CA-2020-130351,11,$200
Rob Beeghly,CA-2020-138779,6,$30
Rob Beeghly,US-2019-104815,4,$199
Rob Beeghly,US-2019-128678,12,$70
Rob Dowd,CA-2017-164315,15,"$1,221"
Rob Dowd,CA-2018-121776,10,$125
Rob Dowd,CA-2018-127544,1,$80
Rob Dowd,CA-2018-157770,14,$809
Rob Dowd,CA-2018-162537,16,$105
Rob Dowd,CA-2019-131576,3,$49
Rob Dowd,CA-2020-111647,4,$168
Rob Dowd,CA-2020-131653,2,$5
Rob Dowd,CA-2020-139437,4,$88
Rob Dowd,US-2018-151407,4,$264
Rob Haberlin,CA-2018-109386,23,$751
Rob Haberlin,CA-2018-157322,18,"$1,306"
Rob Haberlin,CA-2019-101378,2,$29
Rob Lucas,CA-2017-133830,16,$91
Rob Lucas,CA-2018-126557,28,"$1,745"
Rob Lucas,CA-2019-144764,10,"$1,427"
Rob Lucas,CA-2019-168753,10,"$1,003"
Rob Lucas,CA-2020-159226,7,$345
Rob Lucas,US-2020-135062,7,$230
Rob Lucas,US-2020-151127,7,$50
Rob Lucas,US-2020-169551,16,"$1,345"
Rob Williams,CA-2017-111150,14,$77
Rob Williams,CA-2017-156993,1,$6
Rob Williams,CA-2019-112585,2,$716
Rob Williams,CA-2019-142958,6,"$1,120"
Rob Williams,CA-2019-144911,10,$187
Rob Williams,CA-2019-165218,4,$162
Rob Williams,CA-2020-123981,1,$66
Rob Williams,CA-2020-155460,6,$901
Rob Williams,US-2019-131114,9,$44
Robert Barroso,CA-2017-106719,2,$8
Robert Barroso,CA-2017-125682,2,$10
Robert Barroso,CA-2017-154837,2,$50
Robert Barroso,CA-2018-153038,21,$95
Robert Barroso,CA-2019-107615,2,$59
Robert Dilbeck,CA-2018-145415,3,$41
Robert Dilbeck,CA-2018-149650,8,$454
Robert Dilbeck,CA-2019-127670,4,$697
Robert Dilbeck,CA-2019-151974,5,$17
Robert Dilbeck,CA-2020-103877,3,"$1,578"
Robert Marley,CA-2017-158274,11,$683
Robert Marley,CA-2017-166989,4,$81
Robert Marley,CA-2018-115392,7,$334
Robert Marley,CA-2018-160171,8,"$1,911"
Robert Marley,CA-2020-145219,9,"$2,970"
Robert Waldorf,CA-2019-145499,2,$3
Robert Waldorf,CA-2020-110905,30,$809
Robert Waldorf,CA-2020-112431,14,$442
Robert Waldorf,CA-2020-167752,9,"$1,959"
Robert Waldorf,CA-2020-169285,6,$283
Roger Barcio,CA-2018-119550,3,$275
Roger Barcio,CA-2018-129854,4,$17
Roger Barcio,CA-2020-152975,14,"$1,770"
Roger Barcio,US-2020-109484,1,$6
Roger Demir,CA-2017-107454,13,$124
Roger Demir,CA-2017-157546,9,$113
Roger Demir,CA-2017-161249,8,$14
Roger Demir,CA-2018-112375,8,$78
Roger Demir,CA-2019-146157,6,$142
Roger Demir,CA-2019-149762,16,$545
Roger Demir,CA-2019-161543,2,$12
Roger Demir,CA-2020-126550,5,$81
Roger Demir,US-2020-132927,7,$11
Roger Demir,US-2020-143770,4,$300
Roland Fjeld,CA-2017-115357,3,$63
Roland Fjeld,CA-2018-111206,4,$520
Roland Fjeld,CA-2019-105585,8,$165
Roland Fjeld,CA-2019-110044,3,$360
Roland Fjeld,CA-2020-126074,22,$276
Roland Fjeld,US-2018-134271,3,$22
Roland Fjeld,US-2020-130953,10,$936
Roland Murray,CA-2020-168193,4,$98
Roland Schwarz,CA-2017-106726,7,"$1,261"
Roland Schwarz,CA-2017-128846,8,$753
Roland Schwarz,CA-2020-113670,8,$715
Roland Schwarz,CA-2020-124114,1,$1
Roland Schwarz,CA-2020-128300,10,$407
Roland Schwarz,CA-2020-152856,4,$117
Roland Schwarz,US-2018-158911,5,$17
Roland Schwarz,US-2020-100048,11,$889
Rose O'Brian,CA-2018-153752,6,$174
Rose O'Brian,CA-2018-155600,11,"$1,635"
Rose O'Brian,CA-2018-162607,3,$15
Rose O'Brian,CA-2019-152940,1,$30
Rose O'Brian,CA-2020-148411,5,$532
Rose O'Brian,CA-2020-150266,19,"$1,240"
Rose O'Brian,US-2019-120929,3,$190
Ross Baird,CA-2017-141299,2,$15
Ross Baird,CA-2020-100748,8,$58
Ross Baird,CA-2020-157672,2,$64
Ross Baird,US-2018-150161,4,$25
Ross Baird,US-2019-123750,16,$895
Ross Baird,US-2019-155971,12,$122
Ross Baird,US-2019-168620,14,$824
Ross Baird,US-2020-110576,34,"$3,630"
Ross DeVincentis,CA-2017-148285,5,$22
Ross DeVincentis,CA-2019-102596,6,$17
Ross DeVincentis,CA-2019-112739,13,$168
Ross DeVincentis,CA-2019-112942,3,$147
Ross DeVincentis,CA-2019-120558,5,$32
Ross DeVincentis,CA-2020-104381,4,$33
Ross DeVincentis,CA-2020-127474,9,$512
Ross DeVincentis,CA-2020-155292,18,$205
Roy Collins,CA-2017-138296,2,$25
Roy Collins,CA-2019-114538,2,$11
Roy Collins,CA-2019-125318,4,$328
Roy Collins,CA-2019-140746,1,$182
Roy Collins,CA-2019-141397,17,$410
Roy Collins,CA-2019-143308,3,$11
Roy Französisch,CA-2017-123925,3,$40
Roy Französisch,CA-2017-151078,4,$50
Roy Französisch,CA-2018-130855,2,$6
Roy Französisch,CA-2019-125843,11,$126
Roy Französisch,CA-2019-136686,9,$440
Roy Französisch,CA-2019-139381,8,$233
Roy Französisch,CA-2020-117933,3,$36
Roy Französisch,CA-2020-136497,5,$14
Roy Phan,CA-2018-129546,14,$352
Roy Phan,CA-2018-154326,10,$975
Roy Phan,CA-2019-168774,3,$535
Roy Phan,CA-2020-104108,5,$12
Roy Phan,CA-2020-134152,9,$130
Roy Phan,US-2017-157231,7,$115
Roy Phan,US-2019-150567,8,$30
Roy Phan,US-2019-152835,5,$21
Roy Skaria,CA-2019-107475,6,$10
Roy Skaria,CA-2020-142776,4,$13
Ruben Ausman,CA-2017-129091,13,"$1,023"
Ruben Ausman,CA-2018-155453,2,$5
Ruben Ausman,CA-2019-101343,2,$78
Ruben Ausman,CA-2020-163629,6,$286
Ruben Ausman,US-2017-118997,8,"$1,216"
Ruben Ausman,US-2020-106145,21,"$1,065"
Ruben Ausman,US-2020-111745,1,$160
Ruben Dartt,CA-2017-149104,16,$771
Ruben Dartt,CA-2017-158372,32,$808
Ruben Dartt,CA-2018-148964,1,$20
Ruben Dartt,CA-2018-163440,2,$16
Ruben Dartt,CA-2019-140382,15,$998
Ruben Dartt,CA-2019-154235,3,$128
Ruben Dartt,CA-2019-154508,5,$28
Ruben Dartt,CA-2020-124401,10,$318
Ruben Dartt,US-2017-149034,1,$47
Russell Applegate,CA-2017-102008,1,$49
Russell Applegate,CA-2017-123064,4,$5
Russell Applegate,CA-2017-134313,7,"$2,027"
Russell Applegate,CA-2018-130792,10,$45
Russell Applegate,CA-2018-149909,12,$211
Russell Applegate,CA-2019-149979,8,$487
Russell Applegate,CA-2020-112809,12,$228
Russell Applegate,CA-2020-140585,5,$286
Russell Applegate,US-2018-122784,16,"$1,455"
Russell D'Ascenzo,CA-2017-120775,15,$58
Russell D'Ascenzo,CA-2018-139248,5,$624
Russell D'Ascenzo,CA-2020-125115,5,$106
Russell D'Ascenzo,CA-2020-160122,8,$183
Ryan Akin,CA-2017-169775,9,$709
Ryan Akin,CA-2018-112823,2,$25
Ryan Akin,CA-2018-126445,3,$485
Ryan Akin,CA-2020-146346,3,$146
Ryan Akin,CA-2020-152583,10,$321
Ryan Crowe,CA-2017-115259,25,$199
Ryan Crowe,CA-2019-130225,2,$100
Ryan Crowe,CA-2020-112774,1,$35
Ryan Crowe,US-2017-112872,4,$329
Ryan Crowe,US-2019-144351,3,$90
Ryan Crowe,US-2019-157728,9,$134
Sally Hughsby,CA-2018-149083,8,$480
Sally Hughsby,CA-2019-109743,11,$105
Sally Hughsby,CA-2019-125164,4,$70
Sally Hughsby,CA-2019-125920,3,$4
Sally Hughsby,CA-2019-151512,2,$19
Sally Hughsby,CA-2020-101805,21,$628
Sally Hughsby,CA-2020-106180,9,$163
Sally Hughsby,CA-2020-125101,2,$68
Sally Hughsby,CA-2020-127922,4,$24
Sally Hughsby,US-2017-112991,11,$456
Sally Hughsby,US-2019-115441,23,$941
Sally Hughsby,US-2019-146794,5,$425
Sally Hughsby,US-2020-108245,10,$25
Sally Knutson,CA-2019-105018,2,$7
Sally Knutson,CA-2020-108553,9,$245
Sally Knutson,CA-2020-119193,8,$632
Sally Matthias,CA-2017-148488,9,$118
Sally Matthias,CA-2017-159625,3,$23
Sally Matthias,US-2019-111563,7,$77
Sally Matthias,US-2019-154256,7,$26
Sam Craven,CA-2017-121006,17,"$1,195"
Sam Craven,CA-2017-130421,3,$177
Sam Craven,CA-2017-166863,24,"$1,354"
Sam Craven,CA-2018-147690,6,$578
Sam Craven,US-2017-157847,12,$60
Sam Zeldin,CA-2017-105165,13,$469
Sam Zeldin,CA-2017-132227,4,$52
Sam Zeldin,CA-2018-136105,2,$25
Sam Zeldin,CA-2018-154284,15,"$1,350"
Sam Zeldin,CA-2019-113096,3,$47
Sam Zeldin,CA-2019-135965,6,$128
Sam Zeldin,CA-2020-105144,2,$24
Sam Zeldin,CA-2020-129000,3,$502
Sam Zeldin,CA-2020-133249,5,$146
Sam Zeldin,CA-2020-157273,4,$605
Sam Zeldin,US-2020-111024,12,$279
Sample Company A,CA-2018-133627,6,$22
Sample Company A,CA-2019-123533,11,$393
Sample Company A,CA-2019-129238,6,$166
Sample Company A,CA-2019-155005,3,$378
Sample Company A,CA-2020-123022,8,$368
Sample Company A,CA-2020-154123,2,$28
Sample Company A,US-2017-131275,13,"$3,247"
Sample Company A,US-2020-130603,9,$12
Sample Company A,US-2020-143028,3,$11
Sandra Flanagan,CA-2017-113383,9,$337
Sandra Flanagan,CA-2018-142937,2,$45
Sandra Flanagan,CA-2018-148495,3,$32
Sandra Flanagan,CA-2019-130442,3,$35
Sandra Flanagan,CA-2020-104136,11,$231
Sandra Flanagan,US-2018-164357,5,$13
Sandra Flanagan,US-2020-156909,2,$71
Sandra Glassco,CA-2018-162544,1,$5
Sandra Glassco,CA-2018-164882,26,"$2,562"
Sandra Glassco,CA-2020-155376,3,$839
Sanjit Chand,CA-2017-116904,17,"$9,900"
Sanjit Chand,CA-2017-117016,3,$16
Sanjit Chand,CA-2017-152268,2,"$1,794"
Sanjit Chand,CA-2018-123568,14,$256
Sanjit Chand,CA-2019-126158,23,$686
Sanjit Chand,CA-2019-130638,13,$311
Sanjit Chand,CA-2020-152961,2,$13
Sanjit Chand,US-2017-110674,2,$130
Sanjit Chand,US-2017-157385,11,"$1,037"
Sanjit Engle,CA-2017-158225,7,$210
Sanjit Engle,CA-2018-111164,9,$514
Sanjit Engle,CA-2019-142405,19,$459
Sanjit Engle,CA-2019-158841,20,"$8,805"
Sanjit Engle,CA-2020-105851,2,"$1,332"
Sanjit Engle,CA-2020-123624,5,$83
Sanjit Engle,CA-2020-144827,2,$124
Sanjit Engle,CA-2020-155047,1,$6
Sanjit Engle,US-2017-107993,7,$51
Sanjit Engle,US-2017-121734,1,$10
Sanjit Engle,US-2019-115455,5,$616
Sanjit Jacobs,CA-2018-102260,13,$764
Sanjit Jacobs,CA-2019-130400,17,$183
Sanjit Jacobs,CA-2019-140571,16,$365
Sanjit Jacobs,CA-2019-147123,12,$80
Sanjit Jacobs,CA-2019-159730,4,$219
Sanjit Jacobs,CA-2020-100433,4,$26
Sanjit Jacobs,CA-2020-105669,19,"$1,750"
Sanjit Jacobs,CA-2020-110212,5,$49
Sanjit Jacobs,CA-2020-120719,5,$35
Sanjit Jacobs,CA-2020-129490,4,$419
Sanjit Jacobs,CA-2020-161984,3,$15
Sanjit Jacobs,CA-2020-166849,2,$44
Saphhira Shifley,CA-2017-120544,12,$46
Saphhira Shifley,CA-2018-143616,5,$99
Saphhira Shifley,CA-2019-101168,4,$21
Saphhira Shifley,CA-2020-108322,11,$26
Saphhira Shifley,CA-2020-136063,7,$10
Saphhira Shifley,CA-2020-145772,8,$61
Saphhira Shifley,CA-2020-164756,35,$998
Saphhira Shifley,CA-2020-165603,4,$63
Sara Luxemburg,CA-2017-124513,3,$66
Sara Luxemburg,CA-2018-153549,5,"$1,167"
Sara Luxemburg,CA-2019-100587,1,$6
Sara Luxemburg,CA-2020-145884,9,"$1,702"
Sara Luxemburg,CA-2020-156391,1,$2
Sara Luxemburg,US-2017-155817,5,$68
Sara Luxemburg,US-2018-107349,6,$42
Sarah Bern,CA-2020-108441,14,$955
Sarah Bern,CA-2020-145807,5,$355
Sarah Bern,US-2017-161305,5,$39
Sarah Brown,CA-2017-120411,7,$505
Sarah Brown,CA-2018-146675,7,"$1,484"
Sarah Brown,CA-2018-149846,22,"$3,862"
Sarah Brown,CA-2018-159779,2,$69
Sarah Brown,CA-2020-116127,1,$401
Sarah Brown,CA-2020-119424,6,$91
Sarah Foster,CA-2017-142314,11,$207
Sarah Foster,CA-2018-120341,7,$167
Sarah Foster,CA-2018-153108,9,$85
Sarah Foster,CA-2019-127250,3,$9
Sarah Foster,CA-2019-128811,10,$42
Sarah Foster,CA-2019-132899,2,$4
Sarah Foster,CA-2020-123967,14,"$2,691"
Sarah Foster,CA-2020-163097,8,$121
Sarah Foster,US-2020-158505,10,$98
Sarah Jordon,CA-2018-146038,5,$204
Sarah Jordon,CA-2018-161627,3,$170
Sarah Jordon,CA-2019-108644,2,$2
Sarah Jordon,CA-2020-100615,10,$347
Sarah Jordon,CA-2020-113355,8,$537
Sarah Jordon,CA-2020-122987,7,$81
Scot Coram,CA-2019-108350,4,$106
Scot Coram,CA-2019-156685,12,$911
Scot Coram,CA-2020-141747,1,$16
Scot Coram,US-2019-126452,32,"$3,339"
Scot Wooten,CA-2017-142965,4,$53
Scot Wooten,CA-2018-100657,2,$110
Scot Wooten,CA-2018-101091,8,$74
Scot Wooten,CA-2019-130267,7,$160
Scot Wooten,CA-2020-111717,3,$239
Scot Wooten,US-2019-119270,2,$20
Scot Wooten,US-2020-134642,7,$429
Scott Cohen,CA-2017-128622,3,$11
Scott Cohen,CA-2017-169803,5,$687
Scott Cohen,CA-2018-111514,16,"$1,967"
Scott Cohen,CA-2018-137106,5,$80
Scott Cohen,CA-2018-152681,2,$7
Scott Cohen,CA-2020-107132,14,$913
Scott Cohen,CA-2020-144680,5,$34
Scott Cohen,US-2017-127635,13,$31
Scott Williamson,CA-2019-127761,8,$886
Scott Williamson,CA-2020-107874,1,$27
Scott Williamson,CA-2020-119305,5,$174
Scott Williamson,CA-2020-137022,8,$811
Scott Williamson,CA-2020-148145,4,$46
Scott Williamson,US-2017-100279,2,$22
Sean Braxton,CA-2017-122882,10,$539
Sean Braxton,CA-2017-158771,18,$159
Sean Braxton,CA-2018-153794,7,$266
Sean Braxton,CA-2019-158575,6,$104
Sean Braxton,CA-2020-147361,12,$685
Sean Braxton,US-2017-106992,10,"$5,580"
Sean Braxton,US-2020-165344,21,$725
Sean Christensen,CA-2017-113257,11,$329
Sean Christensen,CA-2018-164777,5,"$2,804"
Sean Christensen,CA-2019-101651,14,$84
Sean Christensen,CA-2020-106103,4,$133
Sean Christensen,CA-2020-122539,13,$423
Sean Christensen,CA-2020-146360,6,$155
Sean Christensen,CA-2020-146920,11,$52
Sean Miller,CA-2017-145317,25,"$23,661"
Sean Miller,CA-2018-144890,2,$10
Sean Miller,CA-2020-145128,5,$526
Sean Miller,CA-2020-149146,2,$8
Sean Miller,US-2018-130512,16,$837
Sean O'Donnell,CA-2018-161718,14,$795
Sean O'Donnell,CA-2020-101700,5,$30
Sean O'Donnell,CA-2020-147228,12,$459
Sean O'Donnell,CA-2020-149076,5,$155
Sean O'Donnell,CA-2020-166926,9,$184
Sean O'Donnell,US-2018-108966,7,$980
Sean Wendt,CA-2019-128517,4,$523
Sean Wendt,US-2019-133508,5,$29
Sean Wendt,US-2020-160465,16,$467
Seth Vernon,CA-2017-130092,2,$10
Seth Vernon,CA-2017-134572,12,"$1,191"
Seth Vernon,CA-2018-168746,7,$769
Seth Vernon,CA-2019-118745,3,$903
Seth Vernon,CA-2019-157511,6,$107
Seth Vernon,CA-2020-100111,52,"$7,360"
Seth Vernon,CA-2020-159793,2,$131
Seth Vernon,CA-2020-161200,8,$161
Seth Vernon,US-2019-136581,6,$31
Seth Vernon,US-2020-165358,11,$808
Shahid Collister,CA-2017-131009,20,$574
Shahid Collister,CA-2018-113740,3,$15
Shahid Collister,CA-2018-142419,6,$128
Shahid Collister,CA-2020-126354,5,$119
Shahid Collister,CA-2020-138975,23,"$2,362"
Shahid Collister,CA-2020-142090,10,"$2,166"
Shahid Collister,CA-2020-142293,3,$90
Shahid Collister,CA-2020-153843,8,$523
Shahid Collister,US-2019-149790,2,$16
Shahid Hopkins,CA-2017-115889,4,$409
Shahid Hopkins,CA-2017-165764,18,"$1,396"
Shahid Hopkins,CA-2018-112053,1,$32
Shahid Hopkins,CA-2019-113600,3,$2
Shahid Hopkins,CA-2020-110884,9,$118
Shahid Hopkins,CA-2020-122280,2,$19
Shahid Hopkins,CA-2020-126774,1,$5
Shahid Hopkins,CA-2020-157980,2,$128
Shahid Hopkins,CA-2020-168172,4,$70
Shahid Hopkins,CA-2020-168900,1,$2
Shahid Shariari,CA-2017-126193,13,$322
Shahid Shariari,CA-2017-127558,8,$803
Shahid Shariari,CA-2017-145800,3,$355
Shahid Shariari,CA-2018-119879,13,"$1,364"
Shahid Shariari,CA-2020-127726,8,$210
Shahid Shariari,CA-2020-159954,1,$3
Sharelle Roach,CA-2017-140487,3,$213
Sharelle Roach,CA-2020-100412,2,$142
Sharelle Roach,CA-2020-120061,2,$155
Sharelle Roach,CA-2020-134845,22,"$2,613"
Sharelle Roach,CA-2020-143658,5,$110
Shaun Chance,CA-2018-103835,7,"$1,173"
Shaun Chance,CA-2018-111297,9,$52
Shaun Chance,CA-2018-113523,4,$8
Shaun Chance,CA-2018-166135,4,$139
Shaun Chance,CA-2020-115119,8,$143
Shaun Chance,CA-2020-131366,9,$320
Shaun Chance,CA-2020-136000,3,$40
Shaun Weien,CA-2018-150560,2,$197
Shaun Weien,CA-2018-153423,2,"$1,218"
Shaun Weien,CA-2018-154886,2,$120
Shaun Weien,CA-2019-140249,2,"$1,002"
Shaun Weien,CA-2020-139948,2,$8
Shaun Weien,CA-2020-145429,7,$292
Shaun Weien,US-2018-151435,1,$86
Sheri Gordon,CA-2017-116190,18,$256
Sheri Gordon,CA-2017-159800,10,$184
Sheri Gordon,CA-2018-130218,8,$59
Sheri Gordon,CA-2018-140375,4,$27
Sheri Gordon,CA-2018-153535,8,$170
Sheri Gordon,CA-2018-165799,1,$118
Sheri Gordon,CA-2019-130484,8,$26
Sheri Gordon,US-2020-102890,5,"$1,045"
Shirley Daniels,CA-2017-101476,1,$70
Shirley Daniels,CA-2017-150329,7,$47
Shirley Daniels,CA-2018-120782,4,"$4,000"
Shirley Daniels,CA-2018-142139,4,$21
Shirley Daniels,CA-2019-102932,9,$53
Shirley Daniels,CA-2020-102337,13,$683
Shirley Daniels,US-2017-118486,6,$282
Shirley Daniels,US-2017-155502,34,$945
Shirley Daniels,US-2020-141698,4,$21
Shirley Jackson,CA-2017-138240,4,$161
Shirley Jackson,CA-2017-143385,9,$93
Shirley Jackson,CA-2019-121356,3,$128
Shirley Jackson,CA-2019-157336,10,$840
Shirley Jackson,US-2020-152366,4,$97
Shirley Schmidt,CA-2017-124464,1,$39
Shirley Schmidt,CA-2018-103135,32,$526
Shirley Schmidt,US-2019-163538,3,$48
Shui Tom,CA-2017-107706,3,$16
Shui Tom,CA-2017-152345,4,$57
Shui Tom,CA-2017-163559,3,$139
Shui Tom,CA-2017-164182,7,$111
Shui Tom,CA-2018-153325,4,$59
Shui Tom,CA-2020-101273,4,$14
Shui Tom,CA-2020-106852,8,$36
Sibella Parks,CA-2017-123316,3,$8
Sibella Parks,CA-2019-102134,2,$17
Sibella Parks,CA-2019-123666,5,$460
Sibella Parks,US-2019-103646,15,$196
Sibella Parks,US-2019-128909,8,$352
Sibella Parks,US-2020-101840,10,$274
Skye Norling,CA-2018-122287,17,$101
Skye Norling,CA-2018-125934,21,$399
Skye Norling,CA-2018-144652,7,$19
Skye Norling,CA-2019-118101,14,$548
Skye Norling,CA-2020-152093,3,$763
Skye Norling,CA-2020-154102,5,$30
Sonia Cooley,CA-2017-136644,8,$648
Sonia Cooley,CA-2018-162761,12,$50
Sonia Cooley,CA-2020-101728,2,$2
Sonia Cooley,CA-2020-132955,3,$103
Sonia Cooley,US-2020-141509,5,$99
Sonia Sunley,CA-2017-150490,5,$78
Sonia Sunley,CA-2018-120551,3,$17
Sonia Sunley,CA-2019-116540,3,$10
Sonia Sunley,CA-2019-136287,3,$19
Sonia Sunley,CA-2019-166275,1,$200
Sonia Sunley,CA-2019-169166,2,$94
Speros Goranitis,CA-2017-121573,8,$841
Speros Goranitis,CA-2017-146997,3,$6
Speros Goranitis,CA-2017-169446,9,$372
Speros Goranitis,CA-2020-125381,3,$108
Speros Goranitis,CA-2020-139493,5,$16
Speros Goranitis,US-2018-127040,21,"$1,782"
Stefania Perrino,CA-2017-104738,13,$610
Stefania Perrino,CA-2017-123127,2,$17
Stefania Perrino,CA-2018-131597,3,$170
Stefania Perrino,CA-2018-149636,7,$32
Stefania Perrino,CA-2019-131289,15,"$1,476"
Stefania Perrino,CA-2020-112844,7,$199
Stefania Perrino,CA-2020-148929,8,$478
Stefania Perrino,US-2020-118087,21,"$2,457"
Stefania Perrino,US-2020-162208,1,$3
Stefanie Holloman,CA-2017-124247,5,"$1,404"
Stefanie Holloman,CA-2018-166975,11,$692
Stephanie Phelps,CA-2017-110065,8,$152
Stephanie Phelps,CA-2017-155208,6,$39
Stephanie Phelps,CA-2018-124919,17,$245
Stephanie Phelps,CA-2019-133802,6,$42
Stephanie Phelps,CA-2019-136770,9,$787
Stephanie Phelps,CA-2019-149349,6,$23
Stephanie Phelps,CA-2019-149503,8,$274
Stephanie Phelps,US-2017-124625,3,$90
Stephanie Phelps,US-2019-140172,8,$221
Stephanie Ulpright,CA-2018-134943,5,$153
Stephanie Ulpright,CA-2019-123414,6,$37
Stephanie Ulpright,CA-2019-164490,2,$9
Stephanie Ulpright,CA-2020-111388,3,$216
Stephanie Ulpright,CA-2020-148922,14,$685
Stephanie Ulpright,CA-2020-157966,18,"$1,359"
Stephanie Ulpright,US-2019-126431,13,$136
Steve Carroll,CA-2017-154781,3,$102
Steve Carroll,CA-2019-113726,3,$82
Steve Carroll,CA-2019-143924,9,$130
Steve Carroll,CA-2019-155383,3,$47
Steve Carroll,CA-2020-128475,2,$72
Steve Carroll,US-2018-164308,6,$822
Steve Chapman,CA-2017-151379,5,$114
Steve Chapman,CA-2018-111017,3,$53
Steve Chapman,CA-2018-158659,5,$714
Steve Chapman,CA-2019-112277,7,$520
Steve Chapman,CA-2019-114713,7,$46
Steve Chapman,CA-2019-152457,3,$69
Steve Chapman,CA-2020-145443,5,$177
Steve Chapman,CA-2020-152926,8,$37
Steve Chapman,US-2019-124163,19,$774
Steve Chapman,US-2019-151260,4,$74
Steve Nguyen,CA-2018-117415,19,"$1,229"
Steve Nguyen,CA-2018-125234,6,$222
Steve Nguyen,CA-2019-119963,12,$330
Steve Nguyen,CA-2019-169957,15,$367
Steve Nguyen,CA-2020-152702,14,$255
Steve Nguyen,US-2017-154879,8,$114
Steve Nguyen,US-2019-146570,15,$612
Steven Cartwright,CA-2017-135657,6,$516
Steven Cartwright,CA-2017-159310,14,$725
Steven Cartwright,CA-2018-119627,16,$329
Steven Cartwright,CA-2018-128860,1,$20
Steven Cartwright,CA-2018-165057,12,$190
Steven Cartwright,CA-2019-103730,29,$488
Steven Cartwright,CA-2019-153661,20,$382
Steven Cartwright,CA-2020-108539,9,$745
Steven Cartwright,CA-2020-144463,11,$474
Steven Cartwright,CA-2020-163531,3,$240
Steven Cartwright,US-2018-161991,12,"$1,116"
Steven Roelle,CA-2017-133634,3,$48
Steven Roelle,CA-2017-164903,2,$13
Steven Roelle,CA-2018-150196,3,$19
Steven Roelle,CA-2018-154970,1,$62
Steven Roelle,CA-2019-132661,10,$379
Steven Roelle,CA-2019-162222,3,$10
Steven Roelle,CA-2020-165323,8,"$3,506"
Steven Roelle,US-2017-147704,20,$309
Steven Ward,CA-2017-134726,3,$95
Steven Ward,CA-2019-137050,24,$664
Stewart Carmichael,CA-2018-140144,9,$384
Stewart Carmichael,CA-2019-105963,3,$99
Stewart Carmichael,CA-2019-127208,4,$225
Stewart Carmichael,CA-2019-131744,7,$465
Stewart Carmichael,CA-2020-112529,10,$750
Stewart Carmichael,CA-2020-146024,11,$19
Stewart Carmichael,US-2019-114013,31,"$2,551"
Stewart Visinsky,CA-2017-100895,7,$605
Stewart Visinsky,CA-2017-169257,3,$63
Stewart Visinsky,CA-2018-112130,25,"$1,058"
Stewart Visinsky,CA-2018-149097,10,$440
Stewart Visinsky,CA-2018-162887,3,$715
Stewart Visinsky,CA-2019-148852,23,"$1,119"
Stewart Visinsky,CA-2020-151176,6,$36
Stewart Visinsky,US-2017-158365,5,$32
Stewart Visinsky,US-2017-160780,9,$36
Stuart Calhoun,CA-2018-155761,5,$206
Stuart Calhoun,CA-2019-168536,3,$66
Stuart Calhoun,CA-2020-102267,2,$2
Stuart Calhoun,CA-2020-135167,1,$4
Stuart Van,CA-2018-126697,14,"$1,102"
Stuart Van,CA-2018-146290,7,$126
Stuart Van,CA-2019-160598,1,$31
Stuart Van,CA-2020-100237,2,$12
Sue Ann Reed,CA-2017-133354,3,$19
Sue Ann Reed,CA-2017-154627,6,"$2,736"
Sue Ann Reed,CA-2018-115938,16,$535
Sue Ann Reed,CA-2018-122266,2,$194
Sue Ann Reed,CA-2019-167507,15,$66
Sue Ann Reed,CA-2020-122154,7,$284
Sue Ann Reed,CA-2020-124436,15,$770
Sue Ann Reed,CA-2020-127264,3,$7
Sue Ann Reed,CA-2020-160661,3,$22
Sue Ann Reed,US-2020-147998,5,$133
Sung Chung,CA-2019-103128,6,$14
Sung Chung,CA-2020-117646,7,$267
Sung Pak,CA-2017-119466,2,$9
Sung Pak,CA-2017-164259,4,$99
Sung Pak,CA-2018-103870,18,$284
Sung Pak,CA-2018-105158,5,$43
Sung Pak,CA-2018-156923,6,$36
Sung Pak,CA-2020-110478,5,$25
Sung Pak,CA-2020-160017,2,$10
Sung Pak,CA-2020-169362,2,$40
Sung Pak,US-2018-126753,20,$832
Sung Pak,US-2019-163881,16,"$2,905"
Sung Shariari,CA-2018-154900,5,$26
Sung Shariari,CA-2018-163965,14,$378
Sung Shariari,CA-2020-107909,6,$43
Sung Shariari,US-2017-123519,3,$403
Sung Shariari,US-2019-146710,11,$115
Susan Gilcrest,CA-2019-144337,2,$20
Susan Gilcrest,CA-2020-112536,10,$18
Susan Gilcrest,US-2017-105151,5,$11
Susan MacKendrick,CA-2019-129280,20,"$1,043"
Susan Pistek,CA-2017-135090,9,$54
Susan Pistek,CA-2019-105291,2,$4
Susan Pistek,CA-2019-124590,26,"$3,588"
Susan Pistek,CA-2019-152800,3,$6
Susan Pistek,CA-2020-100356,2,$24
Susan Pistek,CA-2020-161172,15,$315
Susan Vittorini,CA-2019-124681,3,$16
Susan Vittorini,CA-2019-133669,8,$235
Susan Vittorini,CA-2019-136371,5,$35
Susan Vittorini,CA-2020-116225,5,$391
Susan Vittorini,CA-2020-116953,10,$552
Susan Vittorini,CA-2020-122798,6,$123
Susan Vittorini,CA-2020-147767,6,$68
Susan Vittorini,US-2020-147669,23,$484
Suzanne McNair,CA-2017-122931,27,"$2,359"
Suzanne McNair,CA-2017-126907,3,$16
Suzanne McNair,CA-2017-163412,3,$192
Suzanne McNair,CA-2018-100685,9,$128
Suzanne McNair,CA-2018-107902,11,$470
Suzanne McNair,CA-2019-125724,7,$68
Suzanne McNair,CA-2019-154067,4,$106
Suzanne McNair,CA-2020-105235,10,$335
Suzanne McNair,CA-2020-120614,4,$38
Suzanne McNair,CA-2020-150497,2,$736
Suzanne McNair,US-2018-116981,10,"$1,099"
Suzanne McNair,US-2019-144393,4,$18
Sylvia Foulston,CA-2017-169852,3,$36
Sylvia Foulston,CA-2018-121097,2,$10
Sylvia Foulston,CA-2018-138009,20,"$1,542"
Sylvia Foulston,CA-2018-143077,5,$29
Sylvia Foulston,CA-2018-161214,5,$78
Sylvia Foulston,CA-2019-146913,5,"$1,404"
Sylvia Foulston,CA-2020-122644,4,$29
Sylvia Foulston,CA-2020-139311,21,$205
Sylvia Foulston,CA-2020-152205,1,$3
Tamara Chand,CA-2017-123498,6,$100
Tamara Chand,CA-2017-153087,9,$522
Tamara Chand,CA-2018-156013,7,$86
Tamara Chand,CA-2019-118689,18,"$18,337"
Tamara Chand,CA-2019-129693,2,$7
Tamara Dahlen,CA-2017-130155,5,$34
Tamara Dahlen,CA-2018-114468,16,$60
Tamara Dahlen,CA-2020-103156,9,$24
Tamara Dahlen,CA-2020-104010,5,$55
Tamara Dahlen,CA-2020-111178,5,$20
Tamara Dahlen,CA-2020-134306,7,$45
Tamara Dahlen,CA-2020-150959,9,$29
Tamara Dahlen,US-2019-167339,9,"$1,167"
Tamara Dahlen,US-2020-100209,2,$1
Tamara Manning,CA-2017-154669,11,$423
Tamara Manning,CA-2017-156006,3,$48
Tamara Manning,CA-2017-165540,5,$9
Tamara Manning,CA-2018-102016,13,$193
Tamara Manning,CA-2018-147788,14,"$1,746"
Tamara Manning,CA-2020-134439,2,$16
Tamara Manning,CA-2020-144589,8,$384
Tamara Manning,CA-2020-160927,11,$136
Tamara Willingham,CA-2017-101364,13,$297
Tamara Willingham,CA-2018-135510,4,$68
Tamara Willingham,CA-2018-137113,27,"$4,211"
Tamara Willingham,CA-2019-158834,7,$361
Tamara Willingham,CA-2020-104850,4,$291
Tamara Willingham,CA-2020-134880,1,$45
Tamara Willingham,US-2020-127719,1,$6
Tanja Norvell,CA-2017-140403,5,$138
Tanja Norvell,CA-2018-140557,7,$560
Tanja Norvell,CA-2019-109869,20,"$1,588"
Tanja Norvell,CA-2019-121377,1,$286
Tanja Norvell,CA-2019-155446,7,$21
Tanja Norvell,US-2019-109260,3,$432
Tanja Norvell,US-2020-139577,5,$105
Ted Butterfield,CA-2019-111682,25,$655
Ted Butterfield,CA-2019-145982,25,$550
Ted Butterfield,CA-2020-117156,3,$9
Ted Butterfield,CA-2020-145037,8,$238
Ted Butterfield,CA-2020-163566,5,$17
Ted Trevino,CA-2017-128839,12,$255
Ted Trevino,CA-2017-164224,7,$165
Ted Trevino,CA-2018-116876,10,$652
Ted Trevino,CA-2018-119942,6,$24
Ted Trevino,CA-2019-162733,1,$6
Ted Trevino,CA-2020-108035,7,$492
Ted Trevino,CA-2020-122490,23,"$3,321"
Thais Sissman,US-2018-160150,1,$2
Thais Sissman,US-2020-168690,3,$3
Thea Hendricks,CA-2017-153850,11,"$1,538"
Thea Hendricks,CA-2018-133837,1,$11
Thea Hendricks,CA-2019-159765,7,$28
Thea Hendricks,CA-2020-161809,3,$161
Thea Hendricks,US-2017-133130,7,$686
Thea Hudgings,CA-2017-148369,4,$11
Thea Hudgings,CA-2019-125087,12,"$2,027"
Thea Hudgings,CA-2019-152520,2,$13
Thea Hudgings,CA-2020-127782,11,$892
Theone Pippenger,CA-2018-116841,1,$35
Theone Pippenger,CA-2018-126970,3,$3
Theone Pippenger,CA-2019-109722,11,"$1,285"
Theone Pippenger,CA-2019-117408,2,$24
Theone Pippenger,CA-2019-120180,2,$12
Theone Pippenger,CA-2019-142370,7,$255
Theone Pippenger,CA-2020-119669,3,$6
Theone Pippenger,CA-2020-120376,15,"$2,283"
Theone Pippenger,US-2020-107384,11,$552
Theresa Coyne,CA-2020-124205,17,"$1,038"
Theresa Swint,CA-2018-149342,11,$896
Theresa Swint,CA-2018-161263,22,$239
Theresa Swint,CA-2019-120005,6,$61
Theresa Swint,CA-2019-156251,5,$250
Theresa Swint,US-2017-112564,3,$3
Theresa Swint,US-2019-152051,13,$714
Thomas Boland,CA-2017-104773,2,$60
Thomas Boland,CA-2019-124254,7,$192
Thomas Boland,CA-2019-161473,8,$46
Thomas Boland,CA-2020-143567,19,"$3,291"
Thomas Brumley,CA-2017-163447,14,$767
Thomas Brumley,CA-2018-160059,2,$6
Thomas Brumley,CA-2020-148985,4,$35
Thomas Brumley,CA-2020-162096,3,$8
Thomas Seio,CA-2017-120887,3,$88
Thomas Seio,CA-2017-140662,12,"$1,075"
Thomas Seio,CA-2017-160262,12,$135
Thomas Seio,CA-2017-169649,4,$29
Thomas Seio,CA-2019-155978,4,"$1,086"
Thomas Seio,CA-2020-119284,31,"$2,943"
Thomas Seio,US-2017-107405,1,$16
Thomas Thornton,CA-2017-163650,6,$44
Thomas Thornton,CA-2018-124541,22,$92
Thomas Thornton,CA-2018-132318,3,$183
Thomas Thornton,CA-2018-168564,5,$159
Thomas Thornton,CA-2019-146766,4,$193
Thomas Thornton,CA-2019-152408,3,$14
Thomas Thornton,CA-2020-162075,7,$538
Thomas Thornton,US-2020-113201,5,$205
Tiffany House,CA-2017-114517,5,$110
Tiffany House,CA-2019-108224,7,$186
Tiffany House,CA-2019-132409,3,$36
Tiffany House,CA-2019-152646,5,$32
Tiffany House,CA-2020-117261,4,$54
Tiffany House,CA-2020-132682,9,$490
Tiffany House,US-2017-134187,1,$3
Tiffany House,US-2020-118556,6,$110
Tim Brockman,CA-2017-129364,39,$266
Tim Brockman,CA-2018-117898,2,$12
Tim Brockman,CA-2018-141040,8,$656
Tim Brockman,CA-2019-162614,2,$27
Tim Brockman,US-2019-112970,3,$10
Tim Brockman,US-2019-166660,5,$484
Tim Brockman,US-2020-104661,15,$148
Tim Taslimi,CA-2018-162369,2,$323
Tim Taslimi,CA-2019-111143,3,$55
Tim Taslimi,CA-2019-134376,3,$61
Toby Braunhardt,CA-2017-130624,9,$697
Toby Braunhardt,CA-2017-131527,4,$96
Toby Braunhardt,CA-2017-133389,3,$8
Toby Braunhardt,CA-2019-134887,5,"$1,287"
Toby Braunhardt,CA-2019-157266,10,$83
Toby Braunhardt,US-2019-155180,4,$26
Toby Carlisle,CA-2017-140816,7,$448
Toby Carlisle,CA-2017-151330,19,"$1,885"
Toby Carlisle,CA-2019-147368,2,$696
Toby Carlisle,CA-2020-121048,22,$988
Toby Carlisle,CA-2020-136875,3,$166
Toby Carlisle,CA-2020-142489,5,$22
Toby Carlisle,CA-2020-167668,4,$59
Toby Carlisle,US-2020-153633,1,$2
Toby Gnade,CA-2018-110345,2,$5
Toby Gnade,CA-2018-143364,15,$861
Toby Gnade,CA-2019-146633,8,"$1,055"
Toby Gnade,CA-2019-166429,2,"$1,000"
Toby Gnade,US-2020-104437,3,$138
Toby Ritter,CA-2017-131051,3,$58
Toby Ritter,CA-2019-110009,8,$74
Toby Ritter,CA-2019-119515,3,$16
Toby Ritter,CA-2019-160815,3,$278
Toby Ritter,CA-2020-101434,5,$250
Toby Swindell,CA-2017-140032,2,$9
Toby Swindell,CA-2017-146591,24,$379
Toby Swindell,CA-2018-146829,2,$1
Toby Swindell,CA-2018-153416,20,$569
Toby Swindell,CA-2020-117863,3,$18
Todd Boyes,CA-2019-117919,6,$94
Todd Boyes,CA-2019-153346,8,$27
Todd Boyes,CA-2019-154711,9,$73
Todd Boyes,CA-2020-136609,3,$115
Todd Boyes,CA-2020-159464,18,$525
Todd Sumrall,CA-2017-101931,17,"$1,253"
Todd Sumrall,CA-2018-136469,13,"$1,137"
Todd Sumrall,CA-2020-143112,10,"$5,509"
Todd Sumrall,CA-2020-166436,7,$983
Todd Sumrall,US-2018-100377,5,"$2,800"
Todd Sumrall,US-2020-139647,7,$210
Tom Ashbrook,CA-2019-129847,2,$84
Tom Ashbrook,CA-2020-127180,18,"$13,716"
Tom Ashbrook,CA-2020-140536,4,$7
Tom Ashbrook,US-2017-119081,12,$788
Tom Boeckenhauer,CA-2017-110422,3,$25
Tom Boeckenhauer,CA-2017-111059,5,$97
Tom Boeckenhauer,CA-2017-131002,17,"$1,040"
Tom Boeckenhauer,CA-2017-145541,4,"$7,000"
Tom Boeckenhauer,CA-2019-164735,5,$81
Tom Boeckenhauer,CA-2020-134565,18,$719
Tom Boeckenhauer,US-2020-120147,3,$171
Tom Prescott,CA-2018-136196,3,$323
Tom Prescott,CA-2019-145303,15,$180
Tom Prescott,CA-2020-118773,10,$398
Tom Prescott,CA-2020-118892,9,"$4,416"
Tom Prescott,CA-2020-137470,2,$13
Tom Stivers,CA-2017-111192,8,"$1,368"
Tom Stivers,CA-2017-155796,6,$546
Tom Stivers,CA-2019-128972,4,$30
Tom Stivers,CA-2020-136623,11,$102
Tom Stivers,US-2019-100405,2,$8
Tonja Turnell,CA-2018-135622,17,"$2,079"
Tonja Turnell,CA-2019-109057,2,$24
Tonja Turnell,CA-2020-141439,14,"$3,084"
Tonja Turnell,CA-2020-158736,2,$6
Tonja Turnell,CA-2020-160934,5,$21
Tonja Turnell,US-2020-114356,1,$36
Tonja Turnell,US-2020-119816,7,$115
Tony Chapman,CA-2018-151680,2,$142
Tony Chapman,CA-2018-151841,7,$49
Tony Chapman,CA-2019-100307,3,$19
Tony Chapman,CA-2019-140564,8,$34
Tony Chapman,CA-2020-121419,6,$772
Tony Chapman,CA-2020-155740,4,$77
Tony Chapman,US-2017-112200,5,$10
Tony Chapman,US-2019-141880,3,$98
Tony Chapman,US-2020-144582,7,$43
Tony Molinari,CA-2020-108791,9,$559
Tony Molinari,CA-2020-113474,2,$326
Tony Molinari,CA-2020-131037,1,$210
Tony Sayre,CA-2017-134551,15,$732
Tony Sayre,CA-2019-113978,6,$642
Tony Sayre,CA-2020-106747,1,$102
Tony Sayre,CA-2020-116946,14,$194
Tony Sayre,CA-2020-152737,8,$462
Tony Sayre,CA-2020-166856,10,$111
Tracy Blumstein,CA-2017-124394,8,$131
Tracy Blumstein,CA-2017-142587,7,$531
Tracy Blumstein,CA-2017-168473,6,$192
Tracy Blumstein,CA-2018-130883,16,$413
Tracy Blumstein,CA-2018-131128,3,$34
Tracy Blumstein,CA-2019-117912,2,$14
Tracy Blumstein,CA-2020-114440,3,$19
Tracy Blumstein,CA-2020-133718,12,$74
Tracy Blumstein,US-2018-150630,28,"$3,329"
Tracy Collins,CA-2017-153619,4,$7
Tracy Collins,CA-2018-115847,2,$62
Tracy Collins,CA-2019-157217,5,$426
Tracy Collins,CA-2019-166226,2,$129
Tracy Collins,CA-2020-112487,2,$3
Tracy Collins,CA-2020-142328,6,$50
Tracy Collins,US-2018-142020,7,$66
Tracy Hopkins,CA-2017-113887,1,$55
Tracy Hopkins,CA-2018-100769,4,$256
Tracy Hopkins,CA-2018-117800,5,"$1,133"
Tracy Hopkins,CA-2018-120810,6,$198
Tracy Hopkins,CA-2020-112956,11,$394
Tracy Hopkins,CA-2020-133256,13,$564
Tracy Hopkins,US-2020-120390,4,"$1,633"
Tracy Poddar,CA-2018-104052,4,$96
Tracy Poddar,CA-2019-103919,5,$38
Tracy Poddar,CA-2019-163328,23,"$1,465"
Tracy Poddar,US-2020-106131,16,$338
Tracy Zic,CA-2017-163419,8,"$1,167"
Tracy Zic,CA-2018-119508,11,$42
Tracy Zic,CA-2020-101665,2,$5
Tracy Zic,US-2019-143280,9,$493
Troy Blackwell,CA-2019-127236,9,$458
Troy Blackwell,CA-2019-156300,5,$754
Troy Blackwell,CA-2020-154214,1,$3
Troy Blackwell,US-2017-139640,9,$147
Troy Blackwell,US-2017-165589,5,$25
Troy Staebel,CA-2017-142839,6,$853
Troy Staebel,CA-2019-110023,2,$15
Troy Staebel,CA-2019-131093,5,$295
Troy Staebel,CA-2020-105214,9,"$1,232"
Troy Staebel,CA-2020-124191,3,$9
Troy Staebel,CA-2020-163160,10,$171
Troy Staebel,US-2020-107272,9,$246
Trudy Brown,CA-2017-137575,2,$200
Trudy Brown,CA-2018-149601,6,$94
Trudy Brown,CA-2018-152891,6,$314
Trudy Brown,CA-2018-156377,9,$18
Trudy Brown,CA-2019-111696,3,$18
Trudy Brown,CA-2019-153157,5,$225
Trudy Brown,CA-2020-120168,17,$806
Trudy Brown,US-2020-116505,6,$44
Trudy Brown,US-2020-165456,6,"$1,079"
Trudy Glocke,CA-2017-130428,14,"$1,142"
Trudy Glocke,CA-2018-141012,7,$496
Trudy Glocke,CA-2018-149713,20,$188
Trudy Glocke,CA-2020-128783,9,$249
Trudy Schmidt,CA-2018-137064,8,$692
Trudy Schmidt,CA-2018-153878,10,$330
Trudy Schmidt,CA-2019-148684,19,$870
Trudy Schmidt,CA-2020-133487,3,$153
Trudy Schmidt,CA-2020-147207,12,"$1,323"
Valerie Dominguez,CA-2017-126361,27,"$2,126"
Valerie Dominguez,CA-2018-113145,21,"$2,220"
Valerie Dominguez,CA-2018-118444,4,$387
Valerie Dominguez,CA-2018-166583,3,$972
Valerie Dominguez,CA-2019-113747,6,$186
Valerie Dominguez,US-2018-145436,10,$551
Valerie Mitchum,CA-2017-165806,12,$259
Valerie Mitchum,CA-2018-105221,4,$39
Valerie Mitchum,CA-2019-113516,6,$100
Valerie Mitchum,CA-2020-107720,3,$46
Valerie Mitchum,CA-2020-109778,2,$3
Valerie Mitchum,US-2019-150140,5,"$1,295"
Valerie Mitchum,US-2020-101539,5,$713
Valerie Takahito,CA-2017-151897,10,$100
Valerie Takahito,CA-2018-167010,32,"$1,636"
Vicky Freymann,CA-2017-113880,9,$652
Vicky Freymann,CA-2017-146528,5,$22
Vicky Freymann,CA-2020-107342,4,$28
Vicky Freymann,CA-2020-130106,4,$13
Vicky Freymann,CA-2020-138464,13,$134
Victor Preis,CA-2018-130610,5,$19
Victor Preis,CA-2020-102946,3,$76
Victor Preis,CA-2020-105333,10,$899
Victoria Brennan,CA-2018-111395,8,$386
Victoria Brennan,CA-2018-121132,7,$21
Victoria Brennan,CA-2019-120369,5,$757
Victoria Brennan,CA-2019-162313,6,$167
Victoria Brennan,CA-2020-154816,1,$6
Victoria Brennan,CA-2020-155698,10,$669
Victoria Pisteka,CA-2017-109680,2,$386
Victoria Pisteka,CA-2017-109932,5,$248
Victoria Pisteka,CA-2017-130449,14,$100
Victoria Pisteka,CA-2018-111339,12,$367
Victoria Pisteka,CA-2018-129525,13,$167
Victoria Pisteka,CA-2019-102127,10,$199
Victoria Pisteka,CA-2020-159100,9,"$1,894"
Victoria Wilson,CA-2017-115980,6,$10
Victoria Wilson,CA-2017-152100,8,"$1,213"
Victoria Wilson,CA-2018-111507,3,$5
Victoria Wilson,CA-2018-146262,21,"$1,817"
Victoria Wilson,CA-2018-151624,8,$21
Victoria Wilson,CA-2019-121748,6,$460
Victoria Wilson,CA-2019-125080,2,$661
Victoria Wilson,CA-2020-116204,7,$21
Victoria Wilson,CA-2020-116715,13,$678
Victoria Wilson,CA-2020-128265,3,"$1,248"
Vivek Gonzalez,CA-2017-156790,4,$155
Vivek Gonzalez,CA-2017-158540,4,$152
Vivek Gonzalez,CA-2019-151092,4,$211
Vivek Gonzalez,CA-2020-139304,12,$137
Vivek Gonzalez,CA-2020-150189,6,$75
Vivek Gonzalez,US-2020-115301,2,$116
Vivek Grady,CA-2017-103191,3,$332
Vivek Grady,CA-2019-109911,4,$11
Vivek Grady,CA-2019-113803,1,$22
Vivek Grady,CA-2019-132094,5,$53
Vivek Grady,CA-2020-166499,3,$9
Vivek Sundaresam,CA-2017-105417,10,$87
Vivek Sundaresam,CA-2020-167003,3,$171
Vivek Sundaresam,US-2018-165512,13,$610
Vivek Sundaresam,US-2019-137295,12,$187
Vivian Mathis,CA-2019-115476,4,$163
Vivian Mathis,CA-2019-133872,6,$58
Vivian Mathis,US-2017-129609,2,$16
Vivian Mathis,US-2019-123610,7,$129
Vivian Mathis,US-2020-166394,6,$15
William Brown,CA-2017-120852,7,$85
William Brown,CA-2017-125829,21,"$1,729"
William Brown,CA-2017-141607,1,$43
William Brown,CA-2018-122210,14,$258
William Brown,CA-2019-126627,6,$30
William Brown,CA-2019-137848,16,$126
William Brown,CA-2019-165330,43,"$1,938"
William Brown,CA-2020-120327,4,$46
William Brown,CA-2020-138149,13,"$1,101"
William Brown,US-2018-156496,15,$712
William Brown,US-2020-110149,6,$91
Xylona Preis,CA-2017-114335,4,$337
Xylona Preis,CA-2017-134677,3,$9
Xylona Preis,CA-2017-167927,26,$709
Xylona Preis,CA-2018-155586,9,$54
Xylona Preis,CA-2019-109365,32,$562
Xylona Preis,CA-2019-129196,3,$68
Xylona Preis,CA-2019-163174,3,$187
Xylona Preis,CA-2020-118577,4,$150
Xylona Preis,CA-2020-138163,3,$51
Xylona Preis,US-2020-115595,5,$35
Xylona Preis,US-2020-136679,8,$213
Yana Sorensen,CA-2018-129532,6,$458
Yana Sorensen,CA-2018-154291,11,$457
Yana Sorensen,CA-2018-156755,3,$465
Yana Sorensen,CA-2020-119809,19,"$3,859"
Yana Sorensen,CA-2020-124828,3,$10
Yana Sorensen,CA-2020-135076,6,$437
Yana Sorensen,CA-2020-138380,7,"$1,000"
Yana Sorensen,CA-2020-160724,3,$35
Yoseph Carroll,CA-2017-119375,15,"$3,116"
Yoseph Carroll,CA-2018-153220,5,$16
Yoseph Carroll,CA-2019-110499,3,"$1,200"
Yoseph Carroll,CA-2019-123932,6,$372
Yoseph Carroll,CA-2020-121741,2,$751
Zuschuss Carroll,CA-2017-126802,3,$39
Zuschuss Carroll,CA-2017-151995,15,"$1,550"
Zuschuss Carroll,CA-2018-106978,6,$18
Zuschuss Carroll,CA-2018-115567,11,"$1,716"
Zuschuss Carroll,CA-2018-130365,5,$349
Zuschuss Carroll,CA-2018-133452,7,$911
Zuschuss Carroll,CA-2019-130946,17,"$1,617"
Zuschuss Carroll,CA-2019-169103,8,"$1,466"
Zuschuss Carroll,CA-2020-100013,5,$30
Zuschuss Carroll,CA-2020-115322,3,$44
Zuschuss Carroll,CA-2020-133928,4,$5
Zuschuss Carroll,US-2019-156986,11,$133
Zuschuss Carroll,US-2020-102288,10,$149
Zuschuss Donatelli,CA-2017-143336,9,$245
Zuschuss Donatelli,CA-2019-152471,7,$840
Zuschuss Donatelli,CA-2019-167682,8,$331
Zuschuss Donatelli,CA-2020-141481,3,$61
Zuschuss Donatelli,US-2019-147991,5,$17
Aaron Bergman,CA-2017-152905,2,$13
Aaron Bergman,CA-2017-156587,7,$310
Aaron Bergman,CA-2019-140935,4,$564
Aaron Hawkins,CA-2017-113768,8,$287
Aaron Hawkins,CA-2017-122070,11,$258
Aaron Hawkins,CA-2017-157644,6,$54
Aaron Hawkins,CA-2018-130113,11,$991
Aaron Hawkins,CA-2019-162747,7,$86
Aaron Hawkins,CA-2020-164000,7,$19
Aaron Hawkins,US-2017-158400,4,$49
Aaron Smayling,CA-2019-148747,2,$478
Aaron Smayling,CA-2019-162901,2,$31
Aaron Smayling,CA-2020-101749,3,$171
Aaron Smayling,CA-2020-113481,13,$740
Aaron Smayling,CA-2020-162691,10,"$1,476"
Aaron Smayling,US-2017-150126,11,$66
Aaron Smayling,US-2020-147655,7,$88
Adam Bellavance,CA-2018-150511,2,$19
Adam Bellavance,CA-2019-129714,12,"$4,439"
Adam Bellavance,CA-2019-161207,3,$28
Adam Bellavance,CA-2020-107174,12,"$2,595"
Adam Bellavance,CA-2020-118213,14,$240
Adam Bellavance,CA-2020-134173,4,$21
Adam Bellavance,CA-2020-159688,1,$80
Adam Bellavance,US-2019-108637,8,$334
Adam Hart,CA-2017-160066,2,$5
Adam Hart,CA-2018-161795,2,$3
Adam Hart,CA-2019-144015,9,$262
Adam Hart,CA-2019-147109,13,$217
Adam Hart,CA-2019-149797,2,$842
Adam Hart,CA-2020-112004,7,$199
Adam Hart,CA-2020-118857,5,$196
Adam Hart,CA-2020-125451,22,"$1,170"
Adam Hart,CA-2020-145702,10,$342
Adam Hart,CA-2020-165029,3,$13
Adam Shillingsburg,CA-2017-132913,1,$14
Adam Shillingsburg,CA-2017-156160,12,$694
Adam Shillingsburg,CA-2018-127509,16,"$1,085"
Adam Shillingsburg,CA-2019-104311,8,$37
Adam Shillingsburg,CA-2019-119865,13,$576
Adam Shillingsburg,CA-2019-150007,5,$8
Adam Shillingsburg,CA-2020-136448,12,$684
Adam Shillingsburg,CA-2020-145877,11,$123
Adam Shillingsburg,US-2020-108063,3,$35
Adrian Barton,CA-2017-103100,4,"$1,108"
Adrian Barton,CA-2018-163181,25,$671
Adrian Barton,CA-2019-117121,13,"$9,893"
Adrian Barton,CA-2019-147431,2,$118
Adrian Barton,CA-2020-101042,8,$844
Adrian Barton,CA-2020-121643,2,$345
Adrian Barton,CA-2020-126788,3,$470
Adrian Barton,CA-2020-140781,3,$40
Adrian Barton,CA-2020-153822,10,$592
Adrian Barton,US-2019-122245,3,$393
Adrian Hane,CA-2017-123295,4,$259
Adrian Hane,CA-2019-135594,7,$50
Adrian Hane,CA-2019-145261,25,$610
Adrian Hane,CA-2020-107958,9,$169
Adrian Hane,CA-2020-131632,2,$5
Adrian Hane,CA-2020-150987,9,$440
Adrian Hane,CA-2020-151211,9,$201
Adrian Shami,CA-2019-149461,1,$4
Adrian Shami,CA-2020-162929,8,$55
Aimee Bixby,CA-2017-169061,16,$706
Aimee Bixby,CA-2018-168186,3,$15
Aimee Bixby,CA-2019-147970,3,$16
Aimee Bixby,CA-2020-120761,4,$92
Aimee Bixby,CA-2020-158876,11,$139
Alan Barnes,CA-2018-115945,8,$414
Alan Barnes,CA-2018-131534,6,$200
Alan Barnes,CA-2018-144043,4,$47
Alan Barnes,CA-2020-126634,5,$94
Alan Barnes,CA-2020-131212,9,$40
Alan Barnes,CA-2020-144932,9,$118
Alan Barnes,CA-2020-145737,5,$164
Alan Barnes,US-2017-139500,2,$37
Alan Dominguez,CA-2017-128062,1,$6
Alan Dominguez,CA-2018-120439,6,$51
Alan Dominguez,CA-2018-124268,3,$15
Alan Dominguez,CA-2020-127432,13,"$4,189"
Alan Dominguez,CA-2020-143245,6,$917
Alan Dominguez,CA-2020-160416,4,$164
Alan Dominguez,US-2017-152030,3,$601
Alan Dominguez,US-2020-136784,4,$164
Alan Haines,CA-2018-125185,4,$133
Alan Haines,CA-2019-112697,14,"$1,410"
Alan Haines,CA-2020-123043,5,$28
Alan Haines,CA-2020-154732,5,$16
Alan Hwang,CA-2017-153983,7,$606
Alan Hwang,CA-2018-155040,2,$80
Alan Hwang,CA-2018-165050,13,$802
Alan Hwang,CA-2019-166485,2,$16
Alan Hwang,CA-2020-104080,7,$175
Alan Hwang,CA-2020-146983,3,"$1,578"
Alan Hwang,CA-2020-147956,6,"$1,004"
Alan Hwang,CA-2020-166919,5,$196
Alan Hwang,US-2020-148831,8,$349
Alan Schoenberger,CA-2017-110408,14,"$2,217"
Alan Schoenberger,CA-2018-144253,2,$27
Alan Schoenberger,CA-2019-143154,3,$166
Alan Schoenberger,CA-2020-112515,21,"$1,782"
Alan Schoenberger,CA-2020-117926,1,$69
Alan Shonely,CA-2017-128538,1,$8
Alan Shonely,CA-2017-149958,14,$371
Alan Shonely,CA-2018-143700,2,$10
Alan Shonely,CA-2018-150749,2,$6
Alan Shonely,CA-2019-114405,6,$70
Alan Shonely,CA-2019-118913,3,$61
Alan Shonely,CA-2020-101049,11,$59
Alejandro Ballentine,CA-2017-122679,6,$20
Alejandro Ballentine,CA-2018-110093,4,$53
Alejandro Ballentine,CA-2018-142055,2,$38
Alejandro Ballentine,CA-2019-151155,6,$34
Alejandro Ballentine,CA-2019-151323,5,$17
Alejandro Ballentine,CA-2020-126662,2,$480
Alejandro Ballentine,CA-2020-127705,3,$30
Alejandro Ballentine,CA-2020-155873,9,$228
Alejandro Ballentine,US-2019-158708,2,$14
Alejandro Grove,CA-2017-103058,2,$100
Alejandro Grove,CA-2017-167164,2,$56
Alejandro Grove,CA-2018-153738,6,$38
Alejandro Grove,CA-2019-105732,46,"$2,375"
Alejandro Grove,CA-2020-139416,2,$15
Alejandro Savely,CA-2019-114209,11,$85
Alejandro Savely,CA-2019-134775,10,$100
Alejandro Savely,CA-2019-163755,3,$210
Alejandro Savely,CA-2020-149706,7,$116
Alejandro Savely,US-2019-106677,2,$24
Alejandro Savely,US-2019-164196,6,"$2,679"
Aleksandra Gannaway,CA-2017-147298,9,$249
Aleksandra Gannaway,CA-2018-166800,4,$31
Aleksandra Gannaway,CA-2019-143749,1,$82
Aleksandra Gannaway,CA-2020-161823,2,$6
Alex Avila,CA-2017-128055,4,$727
Alex Avila,CA-2017-138100,5,$30
Alex Avila,CA-2018-121391,2,$27
Alex Avila,CA-2019-103982,14,"$4,406"
Alex Avila,CA-2020-147039,5,$374
Alex Grayson,CA-2019-104150,15,$249
Alex Grayson,CA-2020-104927,15,$108
Alex Grayson,CA-2020-107748,6,$109
Alex Grayson,CA-2020-108287,9,$13
Alex Grayson,CA-2020-142909,2,$183
Alex Russell,CA-2018-139374,1,$180
Alex Russell,CA-2020-126396,6,$85
Alex Russell,CA-2020-126438,2,$15
Alex Russell,US-2017-115189,9,$776
Alice McCarthy,CA-2017-132542,2,$15
Alice McCarthy,CA-2019-157000,6,$57
Alice McCarthy,CA-2020-109701,19,$179
Alice McCarthy,CA-2020-161340,7,$130
Alice McCarthy,US-2018-107944,14,$433
Allen Armold,CA-2017-130729,3,$34
Allen Armold,CA-2017-158064,5,$17
Allen Armold,CA-2018-109939,2,$5
Allen Armold,CA-2018-114503,6,$85
Allen Armold,CA-2018-140921,5,$178
Allen Armold,CA-2019-126613,2,$17
Allen Armold,CA-2019-131065,5,$514
Allen Armold,CA-2020-100230,6,$150
Allen Armold,US-2020-169488,7,$57
Allen Goldenen,CA-2017-125171,5,$14
Allen Goldenen,CA-2017-158470,14,$129
Allen Goldenen,CA-2019-109820,8,$33
Allen Goldenen,CA-2019-136483,2,$5
Allen Goldenen,CA-2020-107244,4,$20
Allen Rosenblatt,CA-2017-157882,4,$266
Allen Rosenblatt,CA-2018-164427,6,$240
Allen Rosenblatt,CA-2020-140844,10,$201
Allen Rosenblatt,CA-2020-149468,2,$41
Allen Rosenblatt,US-2020-134481,7,"$1,488"
Alyssa Crouse,CA-2017-129924,5,$706
Alyssa Crouse,CA-2019-144400,3,$58
Alyssa Crouse,US-2020-158218,9,$162
Alyssa Tate,CA-2017-111360,3,$6
Alyssa Tate,CA-2017-120243,4,$12
Alyssa Tate,CA-2018-133977,1,$3
Alyssa Tate,CA-2019-100468,4,$43
Alyssa Tate,CA-2020-102407,12,"$1,096"
Alyssa Tate,CA-2020-106355,4,$11
Amy Cox,CA-2018-164441,14,$70
Amy Cox,CA-2019-116232,11,$24
Amy Cox,CA-2019-163573,5,"$1,220"
Amy Cox,CA-2020-141789,2,"$1,794"
Amy Cox,CA-2020-158729,2,"$1,666"
Amy Cox,US-2017-167262,8,$742
Amy Cox,US-2018-106495,1,$12
Amy Hunt,CA-2018-141243,17,"$1,758"
Amy Hunt,CA-2018-151547,8,$89
Amy Hunt,CA-2019-126165,2,$71
Amy Hunt,CA-2020-115546,5,$563
Amy Hunt,CA-2020-145275,3,$15
Andrew Allen,CA-2017-155271,2,$27
Andrew Allen,CA-2019-114601,15,"$1,158"
Andrew Allen,CA-2019-121671,16,$590
Andrew Allen,CA-2020-114412,3,$16
Andrew Gjertsen,CA-2018-104241,14,$192
Andrew Gjertsen,CA-2018-111948,9,$542
Andrew Gjertsen,CA-2018-118738,12,$373
Andrew Gjertsen,CA-2018-142692,1,$4
Andrew Gjertsen,CA-2018-156146,4,$174
Andrew Gjertsen,CA-2018-162201,35,$938
Andrew Gjertsen,CA-2019-168921,3,$19
Andrew Gjertsen,CA-2020-132976,15,$114
Andrew Roberts,CA-2017-115056,3,$26
Andrew Roberts,CA-2018-112319,9,$58
Andrew Roberts,CA-2019-147536,3,$90
Andrew Roberts,CA-2020-111808,5,$11
Andrew Roberts,US-2017-105767,13,$80
Andy Gerbode,CA-2017-158281,3,$560
Andy Gerbode,CA-2017-167850,5,$194
Andy Gerbode,CA-2018-164084,16,$655
Andy Gerbode,CA-2018-169572,9,$47
Andy Reiter,CA-2017-122588,2,$53
Andy Reiter,CA-2018-123505,3,$15
Andy Reiter,CA-2019-138037,5,$27
Andy Reiter,CA-2020-138289,14,"$5,803"
Andy Reiter,CA-2020-154935,3,$18
Andy Reiter,US-2018-136987,6,$693
Andy Yotov,CA-2017-101427,3,$8
Andy Yotov,CA-2017-102652,13,$200
Andy Yotov,CA-2019-139934,7,$67
Andy Yotov,CA-2020-137428,11,$222
Anemone Ratner,CA-2019-157588,6,$88
Angele Hood,CA-2017-162278,9,$448
Angele Hood,CA-2019-160479,5,$35
Angele Hood,CA-2020-109715,2,$16
Angele Hood,US-2020-152492,1,$239
Ann Blume,CA-2017-115336,5,$14
Ann Blume,CA-2018-111234,3,$9
Ann Blume,CA-2018-158323,2,$17
Ann Blume,US-2020-155425,28,"$1,475"
Ann Chong,CA-2018-100734,6,$151
Ann Chong,CA-2020-101637,2,$13
Ann Chong,CA-2020-136007,10,$80
Ann Chong,CA-2020-157987,40,"$2,256"
Ann Chong,CA-2020-169411,1,$38
Ann Steele,CA-2017-101392,7,$269
Ann Steele,CA-2017-162684,2,$6
Ann Steele,CA-2020-100314,9,$372
Ann Steele,CA-2020-124597,8,$32
Ann Steele,US-2018-146745,4,$136
Ann Steele,US-2019-155404,2,$13
Ann Steele,US-2020-129224,2,$5
Anna Andreadi,CA-2017-143210,7,$328
Anna Andreadi,CA-2017-154963,11,"$1,107"
Anna Andreadi,CA-2018-110863,12,"$1,971"
Anna Andreadi,CA-2019-131205,16,$292
Anna Andreadi,CA-2019-147137,16,"$1,376"
Anna Andreadi,CA-2020-157196,2,$13
Anna Chung,CA-2019-134544,2,$85
Anna Chung,CA-2019-158617,6,$36
Anna Chung,CA-2019-161928,2,$202
Anna Chung,CA-2020-135650,2,$144
Anna Chung,US-2017-122021,4,$191
Anna Gayman,CA-2018-137512,6,$260
Anna Gayman,CA-2019-108987,13,"$2,621"
Anna Gayman,CA-2019-133368,10,$405
Anna Gayman,CA-2020-101483,10,$61
Anna Gayman,CA-2020-163335,10,$79
Anna Gayman,US-2020-104094,1,$13
Anna Gayman,US-2020-146822,4,$49
Anna Häberlin,CA-2017-160276,2,$178
Anna Häberlin,CA-2018-110548,7,$946
Anna Häberlin,CA-2018-112214,16,$73
Anna Häberlin,CA-2018-113628,19,$793
Anna Häberlin,CA-2018-139780,8,$116
Anna Häberlin,CA-2018-166604,3,$18
Anna Häberlin,CA-2019-113831,22,"$4,317"
Anna Häberlin,CA-2019-138282,8,$88
Anna Häberlin,CA-2019-144148,7,$863
Anna Häberlin,CA-2019-145709,6,$64
Anna Häberlin,CA-2019-148740,2,$361
Anna Häberlin,CA-2019-158869,2,$71
Anne McFarland,CA-2017-145387,20,"$2,117"
Anne McFarland,CA-2018-100573,2,$17
Anne McFarland,CA-2018-138457,4,$13
Anne McFarland,CA-2018-151470,11,$46
Anne McFarland,CA-2019-145905,7,"$1,264"
Anne McFarland,CA-2020-104731,29,$952
Anne McFarland,CA-2020-157903,4,$384
Anne McFarland,US-2020-124821,4,$871
Anne Pryor,CA-2017-127964,9,$161
Anne Pryor,CA-2019-120250,3,$26
Anne Pryor,CA-2019-136322,10,$74
Anne Pryor,CA-2019-154403,1,$5
Anne Pryor,CA-2020-143021,10,$138
Anne Pryor,US-2018-165449,4,$27
Anne Pryor,US-2019-103674,41,"$1,018"
Anne Pryor,US-2019-114174,7,$189
Annie Thurman,CA-2017-146500,8,$121
Annie Thurman,CA-2017-146731,11,$147
Annie Thurman,CA-2018-123113,11,"$2,643"
Annie Thurman,CA-2019-108210,10,$304
Annie Thurman,CA-2019-112893,4,$55
Annie Thurman,CA-2019-116603,2,$46
Annie Thurman,CA-2020-103443,7,$316
Annie Thurman,CA-2020-106824,3,$6
Annie Thurman,CA-2020-135034,2,$96
Annie Thurman,CA-2020-153787,2,$97
Annie Zypern,CA-2017-148586,7,$367
Annie Zypern,CA-2017-158442,6,$25
Annie Zypern,CA-2018-130876,3,$37
Annie Zypern,CA-2018-151253,6,$153
Annie Zypern,CA-2019-100993,14,$919
Annie Zypern,CA-2020-110940,4,$122
Anthony Garverick,CA-2018-110947,3,$113
Anthony Garverick,CA-2018-113222,3,$11
Anthony Garverick,CA-2020-126123,10,$41
Anthony Garverick,US-2017-158638,4,$6
Anthony Jacobs,CA-2017-108609,8,"$1,422"
Anthony Jacobs,CA-2017-141313,15,"$2,583"
Anthony Jacobs,CA-2017-149020,2,$55
Anthony Jacobs,CA-2018-165554,2,$11
Anthony Jacobs,CA-2019-123617,6,$7
Anthony Jacobs,CA-2020-111577,7,$308
Anthony Jacobs,US-2020-133361,22,$482
Anthony Johnson,CA-2017-106810,2,$311
Anthony Johnson,CA-2017-110786,36,"$1,366"
Anthony Johnson,CA-2019-123015,3,$5
Anthony Johnson,CA-2019-123946,15,"$1,159"
Anthony Johnson,CA-2019-134474,10,$256
Anthony Johnson,CA-2019-138079,5,$110
Anthony Johnson,CA-2020-142342,17,"$1,295"
Anthony O'Donnell,CA-2019-148096,2,$161
Anthony Rawles,CA-2017-109218,5,$32
Anthony Rawles,CA-2018-160213,3,$19
Anthony Rawles,CA-2019-132304,7,"$1,115"
Anthony Rawles,CA-2019-160745,11,$633
Anthony Rawles,CA-2020-118724,11,"$1,630"
Anthony Rawles,CA-2020-141425,2,$385
Anthony Rawles,US-2019-148110,7,$348
Anthony Rawles,US-2020-108343,8,$361
Anthony Witt,CA-2018-129112,7,$30
Anthony Witt,CA-2018-149678,1,$13
Anthony Witt,CA-2020-123001,12,$285
Anthony Witt,CA-2020-143798,4,$321
Arianne Irving,CA-2017-102330,10,$409
Arianne Irving,CA-2017-131387,5,"$1,680"
Arianne Irving,CA-2017-159709,8,$202
Arianne Irving,CA-2018-158918,4,$17
Arianne Irving,CA-2018-167479,3,$19
Arianne Irving,CA-2019-158694,33,"$1,467"
Arianne Irving,CA-2020-107552,1,$7
Arianne Irving,CA-2020-116855,5,$505
Arianne Irving,CA-2020-155929,2,$6
Arianne Irving,US-2020-160759,1,$64
Art Ferguson,CA-2018-168634,2,$8
Art Ferguson,CA-2019-126270,10,$90
Art Ferguson,CA-2019-139234,4,$29
Art Ferguson,CA-2019-146934,24,"$1,562"
Art Ferguson,CA-2020-125269,6,$83
Art Ferguson,CA-2020-167871,2,$47
Art Ferguson,US-2020-139969,3,$233
Art Foster,CA-2017-103702,7,$64
Art Foster,CA-2017-114181,12,$372
Art Foster,CA-2018-114300,10,$372
Art Foster,CA-2019-115588,8,$54
Arthur Gainer,CA-2018-115399,3,$7
Arthur Gainer,CA-2018-130785,13,$733
Arthur Gainer,CA-2018-136728,5,$178
Arthur Gainer,CA-2018-148376,9,$129
Arthur Gainer,CA-2019-158435,13,$253
Arthur Gainer,CA-2019-160108,10,"$1,086"
Arthur Gainer,CA-2020-110198,5,$319
Arthur Gainer,CA-2020-116939,5,$178
Arthur Gainer,CA-2020-161557,5,$108
Arthur Gainer,US-2017-119137,24,"$1,520"
Arthur Prichep,CA-2017-105270,4,$143
Arthur Prichep,CA-2017-113047,3,$12
Arthur Prichep,CA-2017-124737,31,$424
Arthur Prichep,CA-2017-146969,10,$968
Arthur Prichep,CA-2019-128412,18,$423
Arthur Prichep,CA-2019-168893,16,$904
Arthur Prichep,CA-2020-146136,4,$24
Arthur Prichep,CA-2020-168228,9,$184
Arthur Prichep,US-2019-164588,3,$13
Arthur Prichep,US-2020-132059,4,$229
Arthur Wiediger,CA-2018-144519,12,$404
Arthur Wiediger,CA-2019-120824,30,$547
Arthur Wiediger,CA-2019-136812,4,"$1,118"
Arthur Wiediger,CA-2019-163216,2,$5
Arthur Wiediger,CA-2020-107321,7,$696
Arthur Wiediger,US-2017-103905,11,$68
Arthur Wiediger,US-2020-118157,2,$15
Ashley Jarboe,CA-2017-155852,4,$19
Ashley Jarboe,CA-2018-126347,2,$50
Ashley Jarboe,CA-2018-164497,4,$45
Ashley Jarboe,CA-2019-115378,2,$302
Ashley Jarboe,CA-2020-133004,9,$639
Ashley Jarboe,CA-2020-137421,2,$9
Ashley Jarboe,US-2018-132836,17,$774
Astrea Jones,CA-2017-113362,8,$460
Astrea Jones,CA-2017-131800,10,$158
Astrea Jones,CA-2020-123246,4,$11
Barbara Fisher,CA-2017-109904,3,$18
Barbara Fisher,CA-2017-117345,10,$203
Barbara Fisher,CA-2018-116260,4,$11
Barbara Fisher,CA-2018-116750,7,$12
Barbara Fisher,CA-2018-137281,1,$6
Barbara Fisher,CA-2019-100041,6,$329
Barbara Fisher,US-2020-120908,7,$21
Barry Blumstein,CA-2017-169642,2,$276
Barry Blumstein,CA-2018-141810,9,$374
Barry Blumstein,CA-2019-103947,7,$62
Barry Blumstein,CA-2020-118136,3,$15
Barry Blumstein,US-2020-112928,5,$17
Barry Franz,CA-2017-141355,2,$15
Barry Franz,CA-2019-137729,4,$252
Barry Franz,CA-2020-103380,10,$740
Barry Franz,US-2019-105452,10,$327
Barry Französisch,CA-2017-165568,5,$21
Barry Französisch,CA-2018-145758,4,"$1,036"
Barry Französisch,CA-2019-156265,7,$483
Barry Französisch,CA-2019-159940,20,$340
Barry Französisch,CA-2020-114804,1,$53
Barry Französisch,CA-2020-133333,4,$23
Barry Französisch,CA-2020-134495,12,$269
Barry Französisch,US-2020-124779,25,$664
Barry Gonzalez,CA-2017-155390,2,$42
Barry Gonzalez,CA-2018-120901,6,$162
Barry Gonzalez,CA-2018-141565,10,"$1,664"
Barry Gonzalez,CA-2019-134110,7,$82
Barry Gonzalez,CA-2020-117198,2,$660
Barry Gonzalez,CA-2020-165715,1,$33
Barry Gonzalez,CA-2020-169005,2,$6
Barry Gonzalez,US-2017-114377,5,$150
Barry Pond,CA-2019-108364,5,$2
Barry Pond,CA-2019-160535,12,$883
Barry Pond,CA-2020-143084,10,$33
Barry Pond,CA-2020-151596,1,$43
Barry Pond,US-2017-154655,2,$22
Barry Weirich,CA-2017-100391,2,$15
Barry Weirich,CA-2018-119634,3,$46
Barry Weirich,CA-2020-157413,3,$325
Bart Folk,CA-2017-163013,3,$15
Bart Folk,CA-2020-117128,9,$33
Bart Folk,CA-2020-140676,17,$226
Bart Pistole,CA-2017-137911,2,$89
Bart Pistole,CA-2017-146990,7,$36
Bart Pistole,CA-2017-162992,16,$832
Bart Pistole,CA-2018-138219,4,$33
Bart Pistole,CA-2018-148180,14,$131
Bart Pistole,CA-2019-156811,7,$69
Bart Pistole,CA-2020-105445,3,$9
Bart Pistole,CA-2020-135377,3,$288
Bart Pistole,CA-2020-137365,3,$96
Bart Pistole,CA-2020-160325,5,$830
Bart Pistole,CA-2020-161851,3,$16
Bart Pistole,US-2017-134971,3,$12
Bart Watters,CA-2018-106565,8,$52
Bart Watters,CA-2018-137302,12,$486
Bart Watters,CA-2019-101161,18,$280
Bart Watters,CA-2019-127194,9,$63
Bart Watters,CA-2020-151855,8,$39
Bart Watters,CA-2020-154074,9,$719
Bart Watters,CA-2020-159366,2,"$3,060"
Bart Watters,US-2019-126844,8,$52
Becky Castell,CA-2017-113859,6,$340
Becky Castell,CA-2017-147543,2,$478
Becky Castell,CA-2018-158351,2,$320
Becky Castell,CA-2019-123050,7,$204
Becky Castell,CA-2019-143910,2,$146
Becky Castell,CA-2019-149335,9,$37
Becky Castell,CA-2020-113530,16,$727
Becky Castell,US-2019-134369,2,$13
Becky Castell,US-2020-120418,14,$669
Becky Martin,CA-2017-139892,37,"$10,540"
Becky Martin,CA-2019-106278,6,$282
Becky Martin,CA-2019-126004,14,$611
Becky Martin,CA-2020-121706,7,$357
Becky Pak,CA-2018-158491,5,"$1,110"
Becky Pak,CA-2019-154767,12,$476
Becky Pak,CA-2019-156139,3,$38
Becky Pak,CA-2020-128629,3,$19
Becky Pak,CA-2020-147564,4,$49
Becky Pak,US-2020-154851,5,$6
Ben Ferrer,CA-2017-110184,17,$506
Ben Ferrer,CA-2017-167724,3,$8
Ben Ferrer,CA-2018-145835,6,$238
Ben Ferrer,CA-2019-149111,9,$55
Ben Ferrer,CA-2019-159891,9,"$1,396"
Ben Ferrer,CA-2019-162348,1,$10
Ben Ferrer,CA-2020-151799,14,"$1,843"
Ben Ferrer,US-2017-138247,17,"$1,461"
Ben Ferrer,US-2018-113327,14,$352
Ben Ferrer,US-2019-120460,3,$23
Ben Ferrer,US-2020-119039,9,$15
Ben Peterman,CA-2018-166219,6,"$1,203"
Ben Peterman,CA-2019-115574,2,$141
Ben Peterman,CA-2019-142902,10,$503
Ben Peterman,CA-2019-158211,7,$109
Ben Peterman,CA-2020-130036,17,"$1,133"
Ben Peterman,CA-2020-146626,8,$101
Ben Peterman,CA-2020-167150,6,$86
Ben Peterman,US-2018-112508,2,$7
Ben Peterman,US-2020-140907,11,$392
Ben Wallace,CA-2017-109897,11,$892
Ben Wallace,CA-2019-116596,25,$512
Ben Wallace,CA-2019-120873,1,$291
Ben Wallace,CA-2020-143343,5,$16
Ben Wallace,US-2017-167633,3,$16
Ben Wallace,US-2020-106579,4,$12
Benjamin Farhat,CA-2017-103219,9,$57
Benjamin Farhat,CA-2019-154662,3,$693
Benjamin Farhat,CA-2020-102729,2,$56
Benjamin Farhat,CA-2020-106859,34,$780
Benjamin Patterson,CA-2017-101462,4,$60
Benjamin Patterson,CA-2018-135174,5,"$1,023"
Benjamin Patterson,CA-2019-141551,2,$13
Benjamin Patterson,CA-2020-142888,1,$71
Benjamin Patterson,US-2019-116442,2,$15
Benjamin Venier,CA-2018-103793,3,$74
Benjamin Venier,CA-2018-156734,11,$670
Benjamin Venier,CA-2019-123526,5,$33
Benjamin Venier,CA-2020-104220,20,$340
Benjamin Venier,US-2019-168410,10,$405
Berenike Kampe,CA-2017-125612,14,$164
Berenike Kampe,CA-2018-113110,14,$106
Berenike Kampe,CA-2019-130799,4,$7
Berenike Kampe,CA-2020-117009,2,$22
Berenike Kampe,CA-2020-151183,4,$46
Berenike Kampe,US-2017-140452,20,$315
Beth Fritzler,CA-2017-148040,6,$389
Beth Fritzler,CA-2020-161130,2,$361
Beth Fritzler,CA-2020-169012,3,$42
Beth Paige,CA-2017-153976,3,$258
Beth Paige,CA-2019-142398,8,$651
Beth Paige,CA-2019-142895,8,$370
Beth Paige,CA-2019-150483,12,$252
Beth Paige,CA-2020-137505,4,$435
Beth Paige,CA-2020-154760,3,$274
Beth Paige,CA-2020-156664,13,$234
Beth Thompson,CA-2017-166954,13,"$2,061"
Beth Thompson,CA-2018-103723,5,$14
Beth Thompson,CA-2018-138002,5,$198
Beth Thompson,CA-2018-153612,4,$17
Beth Thompson,CA-2020-115994,6,$278
Bill Donatelli,CA-2018-120677,8,"$2,568"
Bill Donatelli,CA-2018-121699,5,$65
Bill Donatelli,CA-2019-110086,2,$240
Bill Donatelli,CA-2019-119165,5,$493
Bill Donatelli,CA-2019-130680,4,$38
Bill Donatelli,CA-2019-136406,2,"$1,122"
Bill Donatelli,CA-2019-148593,5,$46
Bill Donatelli,CA-2019-167241,13,$533
Bill Donatelli,CA-2020-107125,10,$136
Bill Donatelli,CA-2020-117485,4,$292
Bill Donatelli,CA-2020-122735,9,$70
Bill Donatelli,CA-2020-158071,8,$116
Bill Eplett,CA-2019-128307,1,$21
Bill Eplett,CA-2019-166912,2,$82
Bill Eplett,CA-2020-137596,13,"$3,481"
Bill Eplett,CA-2020-155985,8,$212
Bill Eplett,US-2020-105046,11,$409
Bill Overfelt,CA-2019-105207,9,"$1,605"
Bill Overfelt,CA-2019-137204,2,$42
Bill Overfelt,CA-2020-128076,6,$482
Bill Overfelt,CA-2020-132199,18,$505
Bill Overfelt,CA-2020-144883,8,$50
Bill Shonely,CA-2017-168130,7,$887
Bill Shonely,CA-2019-149965,4,$65
Bill Shonely,US-2017-143581,3,$345
Bill Shonely,US-2017-148194,11,$70
Bill Shonely,US-2019-107440,14,"$9,135"
Bill Stewart,CA-2018-142475,6,$590
Bill Stewart,CA-2020-116288,3,$243
Bill Stewart,CA-2020-160633,11,"$1,126"
Bill Stewart,US-2017-134712,2,$13
Bill Stewart,US-2020-112347,36,"$1,916"
Bill Tyler,CA-2017-107769,2,$258
Bill Tyler,CA-2018-110016,13,"$1,127"
Bill Tyler,CA-2018-111325,9,$20
Bill Tyler,CA-2019-126935,1,$10
Bill Tyler,CA-2020-117513,7,$400
Bill Tyler,US-2018-120502,6,$372
Bobby Elias,CA-2019-108630,5,$61
Bobby Elias,CA-2019-125220,5,"$1,650"
Bobby Elias,CA-2019-161662,2,$30
Bobby Elias,CA-2020-121314,3,$252
Bobby Elias,CA-2020-141782,4,$269
Bobby Odegard,CA-2018-136658,2,$6
Bobby Odegard,CA-2020-158386,5,$125
Bobby Trafton,CA-2017-139283,3,$15
Bobby Trafton,CA-2017-151946,10,$440
Bobby Trafton,CA-2019-106383,1,$72
Bobby Trafton,US-2019-163461,2,$77
Brad Eason,CA-2018-115924,5,$26
Brad Eason,CA-2018-122406,8,$448
Brad Eason,CA-2019-118052,11,$111
Brad Eason,CA-2019-140774,3,$108
Brad Eason,US-2019-146857,1,$54
Brad Eason,US-2020-166324,12,$980
Brad Norvell,CA-2017-138527,8,$192
Brad Norvell,CA-2018-106215,4,$13
Brad Norvell,CA-2020-114370,2,$50
Brad Norvell,US-2020-149006,1,$11
Brad Thomas,CA-2018-165085,7,$385
Brad Thomas,CA-2019-122511,4,$30
Bradley Drucker,CA-2017-140795,6,$469
Bradley Drucker,CA-2018-117828,4,$194
Bradley Drucker,CA-2018-167696,4,$31
Bradley Drucker,US-2017-151015,20,$344
Bradley Drucker,US-2020-105935,11,"$3,003"
Bradley Drucker,US-2020-133312,4,$370
Bradley Nguyen,CA-2017-103940,12,$261
Bradley Nguyen,CA-2017-118339,31,$250
Bradley Nguyen,CA-2019-169943,26,$821
Bradley Nguyen,CA-2020-131625,5,$115
Bradley Nguyen,CA-2020-163405,5,$13
Bradley Talbott,CA-2017-104780,8,$32
Bradley Talbott,CA-2017-146864,4,$216
Bradley Talbott,CA-2019-148208,7,$166
Bradley Talbott,CA-2020-117212,23,"$2,111"
Bradley Talbott,CA-2020-123029,2,$160
Brenda Bowman,CA-2018-107083,12,$40
Brenda Bowman,CA-2018-115168,2,$11
Brenda Bowman,CA-2019-124506,6,$144
Brenda Bowman,CA-2019-155166,4,$239
Brenda Bowman,CA-2019-169838,18,"$1,746"
Brenda Bowman,CA-2020-102379,15,"$1,379"
Brenda Bowman,CA-2020-130043,8,$32
Brenda Bowman,CA-2020-158561,5,"$1,158"
Brenda Bowman,US-2020-118941,13,"$2,017"
Brendan Dodson,CA-2018-163923,4,$152
Brendan Dodson,CA-2020-124716,7,$169
Brendan Murry,CA-2018-105102,6,$139
Brendan Murry,CA-2019-142615,2,$28
Brendan Murry,CA-2019-160304,5,$406
Brendan Murry,CA-2020-155642,4,$25
Brendan Murry,CA-2020-165155,1,$16
Brendan Murry,US-2020-129203,4,$195
Brendan Sweed,CA-2017-106376,12,"$1,281"
Brendan Sweed,CA-2017-107398,15,$30
Brendan Sweed,CA-2017-149524,4,$62
Brendan Sweed,CA-2019-105900,5,$33
Brendan Sweed,US-2018-109015,3,$346
Brendan Sweed,US-2020-109610,2,$702
Brian Dahlen,CA-2017-157147,13,"$1,680"
Brian Dahlen,CA-2018-158792,5,$22
Brian Dahlen,CA-2019-105746,1,$171
Brian Dahlen,CA-2019-112102,10,$449
Brian Dahlen,CA-2020-144694,6,$254
Brian Dahlen,US-2017-164406,17,$505
Brian Dahlen,US-2018-123960,22,$208
Brian DeCherney,CA-2017-152254,7,$311
Brian DeCherney,CA-2019-100202,3,$302
Brian DeCherney,CA-2019-111941,2,$34
Brian DeCherney,CA-2019-111976,6,$115
Brian DeCherney,CA-2019-157686,4,$195
Brian DeCherney,CA-2020-130211,5,$582
Brian Derr,CA-2017-152422,5,$92
Brian Derr,CA-2018-110814,10,$420
Brian Derr,CA-2020-109589,4,$71
Brian Moss,CA-2017-125514,6,$69
Brian Moss,CA-2017-165379,5,$25
Brian Moss,CA-2018-100454,11,$258
Brian Moss,CA-2018-124107,18,$736
Brian Moss,CA-2019-163202,3,$3
Brian Moss,CA-2020-102519,10,$191
Brian Moss,CA-2020-121678,1,$2
Brian Moss,CA-2020-149048,13,"$2,229"
Brian Moss,CA-2020-152912,17,"$3,014"
Brian Moss,CA-2020-167101,6,$248
Brian Moss,US-2017-134733,5,$520
Brian Stugart,CA-2017-126032,3,$86
Brian Stugart,CA-2018-126725,30,"$1,874"
Brian Stugart,CA-2019-101791,14,"$1,328"
Brian Thompson,CA-2017-121629,5,$999
Brian Thompson,CA-2018-125710,2,$3
Brian Thompson,CA-2018-132626,41,"$1,134"
Brian Thompson,CA-2019-123358,19,$892
Brian Thompson,CA-2019-146423,11,$67
Brian Thompson,CA-2020-158967,3,$19
Brian Thompson,US-2020-161193,7,$82
Brooke Gillingham,CA-2017-127523,3,$36
Brooke Gillingham,CA-2018-108588,7,$90
Brooke Gillingham,CA-2019-153682,2,$840
Brooke Gillingham,CA-2020-105543,1,$33
Brooke Gillingham,CA-2020-121412,3,$29
Brooke Gillingham,US-2019-162852,8,$845
Brosina Hoffman,CA-2017-115812,38,"$3,714"
Brosina Hoffman,CA-2018-149300,3,$33
Brosina Hoffman,CA-2019-112123,15,"$1,094"
Brosina Hoffman,CA-2020-112865,3,$36
Brosina Hoffman,CA-2020-127306,19,$175
Brosina Hoffman,CA-2020-135587,8,$373
Brosina Hoffman,US-2017-140914,6,$809
Brosina Hoffman,US-2018-130491,5,$21
Bruce Degenhardt,CA-2018-128139,4,$366
Bruce Degenhardt,CA-2019-165015,5,$47
Bruce Degenhardt,CA-2020-101574,3,$9
Bruce Degenhardt,CA-2020-125472,6,$254
Bruce Degenhardt,CA-2020-146192,3,$675
Bruce Degenhardt,CA-2020-168396,8,$176
Bruce Geld,CA-2017-164749,3,$10
Bruce Geld,CA-2018-154200,2,$52
Bruce Geld,CA-2019-145240,1,$11
Bruce Geld,CA-2019-165995,9,$387
Bruce Geld,CA-2020-119389,3,$60
Bruce Geld,CA-2020-135419,4,$486
Bruce Stewart,CA-2017-103373,2,$780
Bruce Stewart,CA-2017-133690,3,$221
Bruce Stewart,CA-2018-126137,2,$121
Bruce Stewart,CA-2019-156748,16,$934
Bruce Stewart,CA-2020-123778,8,$187
Bruce Stewart,CA-2020-130631,7,$88
Bruce Stewart,CA-2020-135069,7,$232
Bryan Davis,CA-2019-124667,4,$143
Bryan Davis,CA-2019-148698,3,$86
Bryan Davis,CA-2019-165918,10,$143
Bryan Davis,CA-2020-115105,1,$241
Bryan Davis,CA-2020-145338,2,$5
Bryan Davis,US-2019-122182,1,$40
Bryan Mills,CA-2017-106971,7,$476
Bryan Mills,CA-2017-116568,4,$186
Bryan Mills,CA-2017-133270,2,$13
Bryan Mills,CA-2018-160787,2,$3
Bryan Mills,CA-2018-165813,3,$29
Bryan Mills,CA-2019-101966,7,$420
Bryan Mills,CA-2019-105473,3,$29
Bryan Mills,CA-2019-117660,4,$20
Bryan Mills,CA-2020-152968,2,$23
Bryan Mills,US-2018-157014,10,$140
Bryan Spruell,CA-2018-122371,5,$189
Bryan Spruell,CA-2020-135279,17,$761
Candace McMahon,CA-2017-127383,2,$50
Candace McMahon,CA-2017-151554,4,$21
Candace McMahon,CA-2019-110730,2,$14
Candace McMahon,CA-2020-121489,14,$994
Candace McMahon,CA-2020-140494,4,$112
Candace McMahon,CA-2020-145765,12,$483
Cari Sayre,CA-2017-130575,3,$9
Cari Sayre,CA-2018-136378,3,$9
Cari Sayre,CA-2020-131828,7,"$1,052"
Cari Sayre,CA-2020-147452,6,$184
Cari Sayre,US-2018-138716,3,$25
Cari Schnelling,CA-2017-124618,2,$480
Cari Schnelling,CA-2018-150413,1,$2
Cari Schnelling,CA-2020-106047,1,$4
Cari Schnelling,CA-2020-158883,4,$25
Cari Schnelling,US-2017-121566,4,$9
Cari Schnelling,US-2020-123204,4,$17
Carl Jackson,CA-2019-163951,5,$17
Carl Ludwig,CA-2020-121888,13,"$1,082"
Carl Ludwig,US-2017-155894,3,$124
Carl Ludwig,US-2019-150035,2,$17
Carl Ludwig,US-2020-131583,6,$40
Carl Weiss,CA-2017-133753,5,$142
Carl Weiss,CA-2018-119214,5,$44
Carl Weiss,CA-2018-156153,6,$8
Carl Weiss,CA-2019-119018,9,$51
Carl Weiss,CA-2020-152436,6,$593
Carl Weiss,CA-2020-161655,9,$300
Carlos Daly,CA-2017-147235,5,$25
Carlos Daly,CA-2018-101910,5,$284
Carlos Daly,CA-2019-122017,8,$153
Carlos Daly,CA-2020-107853,2,$13
Carlos Daly,CA-2020-111556,15,"$1,560"
Carlos Meador,CA-2018-147816,2,$35
Carlos Meador,US-2019-135923,16,$530
Carlos Soltero,CA-2018-151869,4,$123
Carlos Soltero,CA-2019-120796,9,$100
Carlos Soltero,CA-2019-159737,3,$9
Carlos Soltero,CA-2019-161746,11,$615
Carlos Soltero,CA-2020-102820,7,$420
Carlos Soltero,CA-2020-118640,3,$79
Carlos Soltero,CA-2020-144365,4,$12
Carlos Soltero,US-2017-141257,3,$586
Carlos Soltero,US-2017-159926,14,$730
Carlos Soltero,US-2019-151827,5,$313
Carlos Soltero,US-2020-126053,5,$51
Carol Adams,CA-2017-167997,4,$153
Carol Adams,CA-2018-105690,5,$698
Carol Adams,CA-2018-161452,3,$892
Carol Adams,CA-2019-157791,4,"$2,000"
Carol Adams,CA-2020-122112,4,$24
Carol Adams,CA-2020-134649,9,$23
Carol Darley,CA-2019-100083,1,$25
Carol Darley,CA-2020-144596,9,$319
Carol Darley,US-2020-119438,12,$296
Carol Triggs,CA-2017-138681,15,$597
Carol Triggs,CA-2017-166086,12,"$1,091"
Carol Triggs,CA-2018-145849,10,$215
Carol Triggs,CA-2020-137085,9,$313
Carol Triggs,CA-2020-158106,3,$9
Carol Triggs,CA-2020-162481,5,$278
Carol Triggs,US-2019-126893,3,$495
Carol Triggs,US-2019-141264,3,$244
Caroline Jumper,CA-2019-122392,4,$16
Caroline Jumper,CA-2019-128818,32,"$4,836"
Caroline Jumper,CA-2020-102204,11,"$3,741"
Caroline Jumper,CA-2020-122105,8,$96
Caroline Jumper,CA-2020-144491,11,"$1,875"
Caroline Jumper,CA-2020-150469,8,$12
Caroline Jumper,US-2019-112977,1,$177
Caroline Jumper,US-2019-161683,8,$413
Cassandra Brandow,CA-2017-130869,3,$7
Cassandra Brandow,CA-2017-140004,5,$13
Cassandra Brandow,CA-2018-121188,26,"$2,018"
Cassandra Brandow,CA-2018-146563,29,"$2,645"
Cassandra Brandow,CA-2019-117583,17,$345
Cassandra Brandow,CA-2020-100160,11,$50
Cassandra Brandow,CA-2020-131282,9,$251
Cassandra Brandow,CA-2020-144484,9,$439
Cassandra Brandow,US-2020-102904,8,$240
Cassandra Brandow,US-2020-152898,5,$68
Catherine Glotzbach,CA-2018-161242,2,$12
Catherine Glotzbach,CA-2019-121020,3,$240
Catherine Glotzbach,CA-2019-140081,19,$538
Catherine Glotzbach,CA-2019-164350,3,$68
Catherine Glotzbach,CA-2020-143217,3,$18
Catherine Glotzbach,US-2020-104955,7,$29
Cathy Armstrong,CA-2018-162621,17,$90
Cathy Armstrong,CA-2019-107328,13,"$1,016"
Cathy Armstrong,CA-2019-125661,8,$181
Cathy Armstrong,CA-2019-168081,3,$259
Cathy Armstrong,US-2019-164945,8,$134
Cathy Hwang,CA-2018-123673,2,$300
Cathy Hwang,CA-2018-127110,8,$109
Cathy Hwang,CA-2019-109344,3,"$1,128"
Cathy Prescott,CA-2017-127187,2,$130
Cathy Prescott,CA-2018-113215,3,$238
Cathy Prescott,CA-2018-145457,5,$47
Cathy Prescott,CA-2019-113236,8,$233
Cathy Prescott,CA-2019-128258,1,$11
Cathy Prescott,CA-2020-132430,4,$46
Cathy Prescott,CA-2020-144064,15,$78
Cathy Prescott,US-2020-167402,19,"$4,619"
Chad Cunningham,CA-2017-136399,13,"$1,308"
Chad Cunningham,CA-2018-104297,3,$85
Chad Cunningham,CA-2018-108532,9,$247
Chad Cunningham,CA-2018-113040,1,$5
Chad Cunningham,CA-2019-129308,13,$85
Chad Cunningham,CA-2019-161781,7,$41
Chad McGuire,CA-2018-105361,4,$18
Chad McGuire,CA-2020-100524,13,$782
Chad McGuire,CA-2020-137414,13,$387
Chad McGuire,CA-2020-149699,5,$475
Chad Sievert,CA-2017-118962,12,$472
Chad Sievert,CA-2018-102036,6,$200
Chad Sievert,US-2018-120712,4,$89
Chad Sievert,US-2019-144211,6,$124
Charles Crestani,CA-2017-141726,10,$176
Charles Crestani,CA-2018-121797,10,"$2,147"
Charles Crestani,CA-2018-122623,2,$48
Charles Crestani,CA-2018-132906,4,$52
Charles Crestani,CA-2019-130078,2,$11
Charles Crestani,CA-2019-148201,1,$6
Charles Crestani,CA-2020-146185,2,$32
Charles McCrossin,CA-2019-111493,6,$98
Charles McCrossin,CA-2019-155530,6,"$2,004"
Charles McCrossin,CA-2020-113453,5,$401
Charles McCrossin,CA-2020-156412,3,$5
Charles McCrossin,CA-2020-162936,2,$23
Charles McCrossin,US-2020-139955,1,$2
Charles Sheldon,CA-2017-109302,7,$196
Charles Sheldon,CA-2019-157714,1,$10
Charles Sheldon,CA-2020-117632,12,$551
Charles Sheldon,CA-2020-161592,5,$8
Charles Sheldon,US-2019-159415,5,$79
Charlotte Melton,CA-2018-101154,4,$444
Charlotte Melton,CA-2018-152527,2,$78
Charlotte Melton,CA-2018-158554,3,$11
Charlotte Melton,CA-2020-146164,4,$639
Charlotte Melton,CA-2020-165386,2,$183
Charlotte Melton,US-2020-118598,6,$120
Chloris Kastensmidt,CA-2017-113929,12,$116
Chloris Kastensmidt,CA-2017-131541,18,$193
Chloris Kastensmidt,CA-2017-166884,11,$19
Chloris Kastensmidt,CA-2018-135363,4,$21
Chloris Kastensmidt,CA-2019-110982,10,$80
Chloris Kastensmidt,CA-2019-112256,14,$204
Chloris Kastensmidt,CA-2019-140018,13,$236
Chloris Kastensmidt,CA-2020-104577,5,$88
Chloris Kastensmidt,CA-2020-110443,14,"$1,243"
Chloris Kastensmidt,CA-2020-110821,5,$238
Chloris Kastensmidt,CA-2020-122028,3,$11
Chloris Kastensmidt,US-2018-144771,4,$64
Chloris Kastensmidt,US-2019-100720,9,$644
Chris Cortes,CA-2017-103527,3,$11
Chris Cortes,CA-2017-161634,5,$32
Chris Cortes,CA-2017-166891,5,$589
Chris Cortes,CA-2018-147879,2,$46
Chris Cortes,CA-2019-131380,5,$94
Chris Cortes,CA-2019-145730,9,$962
Chris Cortes,CA-2019-155474,4,$127
Chris Cortes,CA-2019-155992,7,$112
Chris Cortes,CA-2020-119914,2,$243
Chris Cortes,CA-2020-152695,10,$438
Chris Cortes,CA-2020-161410,17,$904
Chris Cortes,US-2020-107888,12,$355
Chris McAfee,CA-2019-101525,7,$141
Chris McAfee,CA-2019-144309,7,$699
Chris McAfee,CA-2019-149237,3,$27
Chris McAfee,CA-2019-155845,7,"$1,400"
Chris McAfee,US-2019-114230,4,$40
Chris Selesnick,CA-2017-101560,19,$542
Chris Selesnick,CA-2017-162775,20,"$1,287"
Chris Selesnick,CA-2018-121041,2,$7
Chris Selesnick,CA-2018-136420,8,$140
Chris Selesnick,CA-2018-149811,8,$72
Chris Selesnick,CA-2019-119641,2,$19
Chris Selesnick,CA-2019-161095,5,$41
Chris Selesnick,CA-2020-105487,9,$420
Chris Selesnick,CA-2020-139080,16,$138
Chris Selesnick,CA-2020-148992,2,$11
Chris Selesnick,CA-2020-153227,2,$12
Chris Selesnick,US-2017-169390,4,$65
Christina Anderson,CA-2017-128237,14,$92
Christina Anderson,CA-2018-120362,5,$913
Christina Anderson,CA-2019-106894,7,$108
Christina Anderson,CA-2020-102610,16,$248
Christina Anderson,CA-2020-106432,5,$330
Christina Anderson,CA-2020-122196,2,$392
Christina Anderson,CA-2020-140053,9,$546
Christina Anderson,CA-2020-169607,2,$10
Christina Anderson,US-2017-111171,5,$9
Christina DeMoss,CA-2020-102925,22,$796
Christina DeMoss,US-2020-132444,17,$410
Christina VanderZanden,CA-2017-151792,3,$240
Christina VanderZanden,CA-2019-123120,10,$147
Christina VanderZanden,CA-2020-119655,11,$183
Christina VanderZanden,US-2017-137869,7,"$1,191"
Christina VanderZanden,US-2020-117534,23,"$1,069"
Christine Abelman,CA-2020-120936,5,$495
Christine Abelman,US-2017-150434,6,$455
Christine Abelman,US-2019-116365,10,$377
Christine Abelman,US-2020-145366,4,$95
Christine Kargatis,CA-2017-104472,9,$133
Christine Kargatis,CA-2019-134789,14,$216
Christine Kargatis,CA-2020-109085,18,"$1,449"
Christine Kargatis,US-2017-125521,4,"$1,140"
Christine Kargatis,US-2020-135230,1,$8
Christine Phan,CA-2018-105571,14,"$1,362"
Christine Phan,CA-2019-127642,2,$112
Christine Phan,CA-2019-133613,8,$585
Christine Phan,CA-2019-164889,2,$71
Christine Phan,CA-2020-117240,3,$13
Christine Phan,CA-2020-168102,2,$114
Christine Phan,US-2017-148838,25,"$3,455"
Christine Phan,US-2019-108098,3,$177
Christine Sundaresam,CA-2017-109043,10,$244
Christine Sundaresam,CA-2017-141005,3,$63
Christine Sundaresam,CA-2018-139164,8,$367
Christine Sundaresam,CA-2018-142755,14,$919
Christine Sundaresam,CA-2019-128111,2,$40
Christine Sundaresam,CA-2020-105053,3,$17
Christine Sundaresam,CA-2020-111269,11,$504
Christine Sundaresam,CA-2020-124296,7,$713
Christine Sundaresam,CA-2020-131233,6,$253
Christine Sundaresam,CA-2020-164364,8,$47
Christine Sundaresam,CA-2020-165687,2,$35
Christopher Conant,CA-2019-135265,10,"$3,137"
Christopher Conant,CA-2019-143714,10,"$8,539"
Christopher Conant,CA-2019-154690,2,$225
Christopher Conant,CA-2020-106691,2,$1
Christopher Conant,US-2020-155866,10,$227
Christopher Martinez,CA-2018-128027,3,$269
Christopher Martinez,CA-2018-145352,12,"$6,413"
Christopher Martinez,CA-2020-111738,11,"$2,031"
Christopher Martinez,CA-2020-119746,8,$240
Christopher Schild,CA-2017-127586,2,$310
Christopher Schild,CA-2019-133816,2,$744
Christopher Schild,CA-2019-140207,5,$29
Christopher Schild,CA-2020-107293,1,$3
Christopher Schild,CA-2020-127096,1,$301
Christopher Schild,CA-2020-135111,6,$28
Christopher Schild,US-2018-119312,14,$270
Christopher Schild,US-2020-100930,13,"$1,736"
Christopher Schild,US-2020-119662,3,$230
Christy Brittain,CA-2019-113656,7,$60
Christy Brittain,CA-2019-139941,6,$146
Christy Brittain,CA-2019-147417,4,"$1,440"
Christy Brittain,CA-2019-163398,11,$56
Christy Brittain,CA-2020-111374,4,$5
Christy Brittain,CA-2020-152660,2,$62
Christy Brittain,US-2018-136259,7,$34
Christy Brittain,US-2020-157896,3,$147
Chuck Clark,CA-2018-150791,2,$272
Chuck Clark,CA-2019-116736,7,$725
Chuck Clark,CA-2019-118570,7,$217
Chuck Clark,CA-2019-163384,9,$46
Chuck Clark,CA-2020-125290,6,$40
Chuck Clark,CA-2020-126221,2,$209
Chuck Clark,CA-2020-143035,10,$463
Chuck Clark,CA-2020-166695,10,$868
Chuck Clark,US-2019-114888,6,$18
Chuck Clark,US-2019-148957,4,$12
Chuck Magee,CA-2017-133851,4,$30
Chuck Magee,CA-2019-133697,12,$133
Chuck Magee,CA-2019-145898,16,$125
Chuck Sachs,CA-2020-148691,9,$239
Chuck Sachs,US-2020-126179,4,$312
Cindy Chapman,CA-2019-146836,6,$91
Cindy Chapman,CA-2019-155033,2,$11
Cindy Chapman,CA-2019-158260,2,$686
Cindy Chapman,CA-2020-100811,6,$48
Cindy Chapman,CA-2020-144225,3,$165
Cindy Chapman,CA-2020-158344,4,$64
Cindy Chapman,US-2017-163146,3,$56
Cindy Chapman,US-2019-139388,4,$15
Cindy Chapman,US-2020-160836,10,$524
Cindy Schnelling,CA-2018-128608,13,$389
Cindy Schnelling,CA-2019-100671,9,$112
Cindy Schnelling,CA-2019-118073,7,$562
Cindy Schnelling,CA-2019-144785,4,$14
Cindy Stewart,CA-2017-100860,5,$19
Cindy Stewart,CA-2018-159380,9,$39
Cindy Stewart,CA-2019-108196,10,"$5,017"
Cindy Stewart,CA-2019-121958,7,$52
Cindy Stewart,CA-2019-134208,4,$396
Cindy Stewart,US-2020-115609,5,$168
Claire Gute,CA-2019-152156,5,$994
Claire Gute,CA-2020-164098,2,$18
Claire Gute,US-2018-123918,7,$137
Claudia Bergmann,CA-2018-100146,13,"$1,453"
Claudia Bergmann,CA-2018-104514,8,$115
Claudia Bergmann,CA-2018-111094,5,$130
Claudia Bergmann,CA-2018-113971,6,$8
Claudia Bergmann,CA-2019-147585,3,$15
Claudia Bergmann,CA-2020-136826,3,$14
Claudia Bergmann,CA-2020-161046,15,$839
Claudia Bergmann,US-2019-165505,21,"$1,672"
Clay Cheatham,CA-2020-118542,9,$55
Clay Cheatham,CA-2020-123071,2,$10
Clay Cheatham,CA-2020-169901,3,$48
Clay Ludtke,CA-2017-116239,5,$355
Clay Ludtke,CA-2017-125731,12,"$1,509"
Clay Ludtke,CA-2017-127936,3,$21
Clay Ludtke,CA-2017-131310,8,$134
Clay Ludtke,CA-2018-135580,18,"$3,251"
Clay Ludtke,CA-2019-106530,11,"$1,110"
Clay Ludtke,CA-2019-118129,5,$304
Clay Ludtke,CA-2019-128867,8,$103
Clay Ludtke,CA-2019-134803,23,"$1,158"
Clay Ludtke,CA-2019-153178,5,"$1,111"
Clay Ludtke,CA-2020-119452,6,"$1,806"
Clay Ludtke,CA-2020-129567,2,$17
Clay Rozendal,CA-2019-101742,7,$11
Clay Rozendal,CA-2019-155551,5,$240
Clay Rozendal,CA-2019-165561,3,$25
Clay Rozendal,US-2020-105998,17,"$1,873"
Clytie Kelty,CA-2017-106264,5,$15
Clytie Kelty,CA-2018-120516,3,$6
Clytie Kelty,CA-2018-142237,33,$677
Clytie Kelty,CA-2019-119683,3,$29
Clytie Kelty,CA-2019-124233,5,$25
Clytie Kelty,CA-2019-158610,2,$70
Clytie Kelty,CA-2020-100902,12,$699
Clytie Kelty,CA-2020-104647,6,$37
Clytie Kelty,CA-2020-138611,12,$124
Clytie Kelty,US-2019-167472,23,$679
Clytie Kelty,US-2020-127341,4,$12
Corey Catlett,CA-2017-124688,12,"$1,812"
Corey Catlett,CA-2018-132507,4,$62
Corey Catlett,CA-2018-161445,4,$141
Corey Catlett,CA-2019-118178,3,$31
Corey Catlett,CA-2019-146521,1,$2
Corey Catlett,CA-2019-157707,5,$228
Corey Catlett,CA-2020-155957,10,$265
Corey Roper,CA-2017-111003,9,$335
Corey Roper,CA-2019-162159,2,$122
Corey Roper,US-2017-112795,3,$19
Corey-Lock,CA-2017-136280,2,$5
Corey-Lock,CA-2017-162866,10,$63
Corey-Lock,CA-2018-147501,4,$565
Corey-Lock,CA-2019-140543,6,$192
Corey-Lock,US-2017-112949,8,$475
Corinna Mitchell,CA-2018-140410,13,"$1,345"
Corinna Mitchell,CA-2018-168088,6,$449
Corinna Mitchell,CA-2019-169026,3,$23
Corinna Mitchell,CA-2020-113418,11,"$1,705"
Corinna Mitchell,CA-2020-143126,2,$522
Corinna Mitchell,US-2019-113677,7,"$2,295"
Craig Carreira,CA-2017-154158,12,$620
Craig Carreira,CA-2018-128993,2,$22
Craig Carreira,CA-2019-152121,1,$272
Craig Carreira,CA-2019-167759,3,$135
Craig Carreira,CA-2020-112753,15,$957
Craig Carreira,CA-2020-163139,11,$259
Craig Carreira,US-2019-100419,3,$5
Craig Carroll,CA-2018-109190,12,$547
Craig Carroll,CA-2018-119480,13,$364
Craig Carroll,CA-2018-140984,17,"$1,884"
Craig Carroll,US-2017-158057,9,$59
Craig Leslie,CA-2019-108875,11,$532
Craig Leslie,CA-2019-149279,11,"$1,344"
Craig Leslie,CA-2020-141446,1,$18
Craig Leslie,CA-2020-159604,2,$9
Craig Leslie,US-2020-166037,9,$450
Craig Molinari,CA-2017-103492,19,"$1,489"
Craig Molinari,CA-2017-104563,18,"$1,144"
Craig Molinari,CA-2017-144974,12,$69
Craig Molinari,CA-2018-133585,8,"$1,283"
Craig Reiter,CA-2017-166716,2,$421
Craig Reiter,CA-2019-137239,6,$251
Craig Reiter,CA-2019-164035,5,$23
Craig Reiter,CA-2020-116519,5,$905
Craig Yedwab,CA-2018-109708,4,$467
Craig Yedwab,CA-2018-112144,6,$628
Craig Yedwab,CA-2019-166163,4,$75
Craig Yedwab,CA-2020-117114,7,$519
Craig Yedwab,CA-2020-130302,7,$896
Craig Yedwab,CA-2020-130715,5,$18
Craig Yedwab,US-2017-122959,2,$210
Craig Yedwab,US-2019-101616,8,$87
Cyma Kinney,CA-2017-104976,6,$35
Cyma Kinney,CA-2017-107755,7,$115
Cyma Kinney,CA-2018-127754,3,$266
Cyma Kinney,CA-2018-160696,5,$7
Cyma Kinney,CA-2019-101336,15,$280
Cyma Kinney,CA-2019-101630,6,$34
Cyma Kinney,US-2019-140809,5,$56
Cyma Kinney,US-2020-117247,8,$719
Cyma Kinney,US-2020-166611,9,$69
Cynthia Arntzen,CA-2017-140858,23,"$1,640"
Cynthia Arntzen,CA-2017-145576,8,$26
Cynthia Arntzen,CA-2018-135853,14,$324
Cynthia Arntzen,CA-2020-122175,14,$153
Cynthia Arntzen,CA-2020-145653,7,$498
Cynthia Arntzen,US-2018-140200,3,$393
Cynthia Arntzen,US-2019-132857,3,$7
Cynthia Delaney,CA-2017-139857,5,$12
Cynthia Delaney,CA-2017-166961,10,$107
Cynthia Delaney,CA-2018-149972,6,$609
Cynthia Delaney,CA-2019-124352,23,"$1,058"
Cynthia Delaney,CA-2019-145135,5,$73
Cynthia Voltz,CA-2019-120859,2,$22
Cynthia Voltz,CA-2020-135692,8,$253
Cynthia Voltz,CA-2020-137582,3,$12
Cynthia Voltz,CA-2020-146493,5,$54
Cynthia Voltz,CA-2020-146780,2,$42
Cynthia Voltz,CA-2020-151484,9,$478
Cynthia Voltz,CA-2020-157252,3,$208
Cynthia Voltz,CA-2020-164707,8,$287
Cynthia Voltz,US-2019-144057,22,"$1,014"
Cyra Reiten,CA-2018-128958,5,$13
Cyra Reiten,CA-2020-159149,11,$703
Cyra Reiten,US-2020-136868,10,$682
Damala Kotsonis,CA-2017-141838,8,$60
Damala Kotsonis,CA-2018-147529,7,$324
Damala Kotsonis,CA-2019-120082,3,$60
Damala Kotsonis,CA-2019-160941,6,$423
Damala Kotsonis,CA-2020-104388,4,$80
Damala Kotsonis,CA-2020-139199,7,$927
Damala Kotsonis,CA-2020-149489,6,$108
Damala Kotsonis,CA-2020-167094,5,$512
Damala Kotsonis,CA-2020-168403,7,$42
Damala Kotsonis,US-2017-143721,2,$155
Damala Kotsonis,US-2018-164448,26,$482
Damala Kotsonis,US-2019-161844,5,$83
Dan Campbell,CA-2017-145212,3,$5
Dan Campbell,CA-2018-143532,3,$14
Dan Campbell,CA-2019-130911,5,$320
Dan Campbell,CA-2020-100426,2,$12
Dan Campbell,CA-2020-128363,28,"$2,383"
Dan Campbell,CA-2020-131016,4,$57
Dan Campbell,CA-2020-167017,2,$4
Dan Campbell,US-2017-160444,14,$502
Dan Campbell,US-2020-133781,3,$38
Dan Lawera,CA-2017-143182,1,$15
Dan Lawera,CA-2017-165974,7,$33
Dan Lawera,CA-2018-156524,3,$20
Dan Lawera,CA-2019-102456,3,$171
Dan Lawera,CA-2019-154060,9,$187
Dan Lawera,CA-2020-154718,2,$6
Dan Lawera,US-2019-125402,25,"$1,059"
Dan Lawera,US-2020-146878,1,$12
Dan Reichenbach,CA-2018-103933,9,$900
Dan Reichenbach,CA-2019-117282,2,$14
Dan Reichenbach,CA-2020-134404,6,$178
Dan Reichenbach,CA-2020-143574,14,$695
Dan Reichenbach,CA-2020-148810,9,$287
Dan Reichenbach,CA-2020-161956,26,"$2,972"
Dan Reichenbach,US-2018-159982,22,$796
Dan Reichenbach,US-2019-127425,11,$283
Dan Reichenbach,US-2019-164189,4,$403
Dana Kaydos,CA-2018-105627,22,"$2,532"
Dana Kaydos,CA-2018-139738,7,$129
Dana Kaydos,CA-2020-108112,8,$559
Dana Kaydos,CA-2020-133501,1,$5
Dana Kaydos,CA-2020-152310,27,"$1,057"
Daniel Byrd,CA-2017-108707,2,$10
Daniel Byrd,CA-2019-101672,10,"$1,028"
Daniel Byrd,CA-2019-127985,4,$7
Daniel Byrd,CA-2019-137176,4,$15
Daniel Byrd,CA-2020-124898,7,$185
Daniel Byrd,CA-2020-141201,3,$148
Daniel Byrd,CA-2020-155089,5,$46
Daniel Byrd,US-2020-159205,12,$733
Daniel Lacy,CA-2018-112571,2,$205
Daniel Lacy,CA-2018-134747,9,$412
Daniel Lacy,CA-2018-136798,8,$546
Daniel Lacy,CA-2020-121615,10,$76
Daniel Lacy,US-2017-115196,2,"$1,300"
Daniel Lacy,US-2017-137155,12,$734
Daniel Raglin,CA-2017-100881,3,$302
Daniel Raglin,CA-2018-104626,14,"$1,388"
Daniel Raglin,CA-2018-104871,4,$367
Daniel Raglin,CA-2019-160241,4,$242
Daniel Raglin,CA-2020-142671,5,$12
Daniel Raglin,CA-2020-160899,11,$478
Daniel Raglin,US-2018-163783,3,$13
Daniel Raglin,US-2019-140158,13,"$5,549"
Dario Medina,CA-2017-101175,6,$101
Dario Medina,CA-2017-141649,6,$795
Dario Medina,CA-2018-168480,5,$220
Dario Medina,CA-2018-168767,2,$13
Dario Medina,CA-2019-106621,4,$10
Dario Medina,CA-2019-163153,3,$101
Dario Medina,CA-2020-128769,2,$82
Darren Budd,CA-2018-141593,8,$370
Darren Budd,CA-2019-110975,5,"$1,180"
Darren Budd,CA-2019-162943,2,$254
Darren Budd,CA-2020-132178,10,$833
Darren Budd,US-2017-159618,18,$203
Darren Koutras,CA-2017-163034,5,$646
Darren Koutras,CA-2018-112767,4,$278
Darren Koutras,CA-2018-134894,7,$437
Darren Koutras,CA-2020-140627,14,$303
Darren Koutras,US-2020-141943,2,$23
Darren Powers,CA-2017-103800,2,$16
Darren Powers,CA-2017-122609,5,$153
Darren Powers,CA-2018-105347,14,$384
Darren Powers,CA-2018-115742,15,$210
Darren Powers,CA-2019-141180,4,$8
Darren Powers,CA-2019-166618,3,$38
Darren Powers,CA-2020-142174,2,$90
Darren Powers,CA-2020-157350,5,$65
Darren Powers,US-2020-154872,8,$88
Darrin Martin,CA-2017-160766,35,"$4,284"
Darrin Martin,CA-2018-129392,5,$21
Darrin Martin,CA-2019-136231,15,$229
Darrin Martin,CA-2019-160500,8,$305
Darrin Martin,CA-2020-110429,3,$12
Darrin Martin,CA-2020-139717,10,$657
Darrin Martin,US-2020-105389,11,$838
Darrin Sayre,CA-2017-113271,14,$172
Darrin Sayre,CA-2020-131954,22,$654
Darrin Sayre,CA-2020-144848,4,$401
Darrin Sayre,US-2020-125717,14,$535
Darrin Van Huff,CA-2019-106656,5,$23
Darrin Van Huff,CA-2019-138688,2,$15
Darrin Van Huff,CA-2020-125745,2,$20
Darrin Van Huff,CA-2020-139773,7,$189
Darrin Van Huff,CA-2020-168389,12,$874
Dave Brooks,CA-2017-104269,2,$458
Dave Brooks,CA-2017-128146,9,"$1,327"
Dave Brooks,CA-2019-113292,3,$872
Dave Brooks,CA-2019-127369,5,$714
Dave Brooks,CA-2020-107629,18,$457
Dave Brooks,CA-2020-121258,8,$380
Dave Brooks,CA-2020-132353,3,$324
Dave Hallsten,CA-2017-102274,13,$866
Dave Hallsten,CA-2018-102316,5,$201
Dave Hallsten,CA-2018-104941,17,$976
Dave Hallsten,CA-2018-159534,18,"$1,446"
Dave Hallsten,CA-2019-166240,2,$9
Dave Hallsten,US-2020-147886,26,"$1,436"
Dave Kipp,CA-2018-110457,3,$788
Dave Kipp,CA-2018-129098,2,$31
Dave Kipp,CA-2019-134334,13,$574
Dave Kipp,CA-2020-100622,8,"$1,031"
Dave Kipp,CA-2020-104913,5,$75
Dave Kipp,CA-2020-117807,1,$105
Dave Kipp,CA-2020-124940,1,$48
Dave Poirier,CA-2018-132080,6,$50
Dave Poirier,CA-2019-152534,8,$44
Dave Poirier,CA-2019-159009,7,$198
Dave Poirier,CA-2019-162390,22,"$1,671"
Dave Poirier,CA-2020-102974,10,$190
Dave Poirier,CA-2020-141663,5,$8
Dave Poirier,CA-2020-155362,2,$33
Dave Poirier,CA-2020-163671,3,$21
David Bremer,CA-2018-101889,12,"$1,569"
David Bremer,CA-2018-124653,16,$167
David Bremer,CA-2018-130204,10,$179
David Bremer,CA-2018-136700,2,$9
David Bremer,CA-2018-161998,12,$278
David Bremer,CA-2020-160514,2,$11
David Bremer,US-2020-148551,5,$761
David Flashing,CA-2017-153479,7,$110
David Flashing,CA-2018-124933,6,$213
David Flashing,CA-2019-168032,10,"$2,068"
David Kendrick,CA-2017-166191,9,$434
David Kendrick,CA-2020-102197,11,$364
David Philippe,CA-2017-112158,17,"$1,051"
David Philippe,CA-2018-112522,3,$8
David Smith,CA-2017-132983,2,$160
David Smith,CA-2018-130456,7,$667
David Smith,CA-2018-159863,3,$134
David Smith,CA-2018-163055,7,$647
David Smith,CA-2019-119074,7,$93
David Smith,CA-2019-127243,22,$740
David Smith,CA-2019-146325,12,$216
David Smith,CA-2020-134285,6,$19
David Smith,CA-2020-154907,2,$205
David Wiener,CA-2017-123477,4,$65
David Wiener,CA-2017-133158,9,$359
David Wiener,CA-2017-152849,3,$4
David Wiener,CA-2020-101581,5,$177
David Wiener,US-2019-127971,15,$448
David Wiener,US-2020-103226,3,$27
Dean Braden,CA-2018-157812,12,$162
Dean Braden,CA-2019-108567,2,$3
Dean Braden,CA-2019-122448,3,$122
Dean Braden,CA-2019-149370,1,$5
Dean Braden,CA-2019-158778,17,"$1,025"
Dean Braden,CA-2020-109960,18,$188
Dean Braden,CA-2020-152709,2,$86
Dean Braden,CA-2020-165841,11,$518
Dean Braden,US-2019-134761,1,$36
Dean Braden,US-2019-162677,8,$188
Dean Katz,CA-2017-157623,3,$14
Dean Katz,CA-2018-113173,17,$270
Dean Katz,CA-2018-122756,5,$485
Dean Katz,CA-2019-127138,17,"$1,632"
Dean Katz,CA-2019-130288,2,$313
Dean Katz,CA-2019-155481,15,$71
Dean Katz,CA-2019-168543,7,$707
Dean Katz,CA-2020-100650,2,"$1,296"
Dean Katz,CA-2020-105480,2,$13
Dean percer,CA-2017-116834,16,$408
Dean percer,CA-2017-129574,5,$48
Dean percer,CA-2018-139962,5,$57
Dean percer,CA-2018-169796,5,"$2,340"
Dean percer,CA-2019-152072,7,$312
Dean percer,CA-2020-139822,4,$99
Dean percer,CA-2020-148404,18,"$1,027"
Dean percer,CA-2020-163692,3,$8
Dean percer,CA-2020-169691,11,$147
Dean percer,US-2020-132381,2,$315
Dean percer,US-2020-162558,23,"$2,438"
Deanra Eno,CA-2017-109134,6,$20
Deanra Eno,CA-2017-123253,1,$4
Deanra Eno,CA-2018-142601,9,"$1,009"
Deanra Eno,CA-2018-153381,14,"$1,423"
Deanra Eno,CA-2019-126529,8,$94
Deborah Brumfield,CA-2017-107181,7,$117
Deborah Brumfield,CA-2018-118227,1,$26
Deborah Brumfield,CA-2019-143609,5,$404
Deborah Brumfield,CA-2019-163804,16,"$2,782"
Deborah Brumfield,CA-2020-122504,10,$822
Deborah Brumfield,CA-2020-154011,6,$464
Deborah Brumfield,US-2018-141453,3,$4
Deborah Brumfield,US-2019-144477,4,$37
Debra Catini,CA-2017-106803,6,$144
Debra Catini,CA-2018-117884,16,$598
Debra Catini,CA-2019-137736,7,$42
Debra Catini,CA-2020-104003,2,$308
Debra Catini,US-2020-136189,6,$82
Deirdre Greer,CA-2017-139423,2,$76
Deirdre Greer,CA-2018-130848,8,$582
Deirdre Greer,CA-2020-123372,13,"$2,060"
Deirdre Greer,US-2018-153500,13,$458
Deirdre Greer,US-2019-106313,3,$19
Delfina Latchford,CA-2017-108182,2,$9
Delfina Latchford,CA-2017-115791,14,$300
Delfina Latchford,CA-2017-154165,14,$54
Delfina Latchford,CA-2019-146941,10,$443
Delfina Latchford,CA-2019-149783,7,$131
Delfina Latchford,CA-2020-145226,12,$434
Delfina Latchford,CA-2020-155159,9,$49
Delfina Latchford,US-2020-114034,6,$39
Denise Leinenbach,CA-2018-109337,16,$508
Denise Leinenbach,CA-2019-125815,3,$12
Denise Leinenbach,CA-2020-143329,3,$41
Denise Leinenbach,US-2017-130358,10,$23
Denise Monton,CA-2017-119529,2,$6
Denise Monton,CA-2017-164910,3,$8
Denise Monton,CA-2018-142734,2,$128
Denise Monton,CA-2019-114482,10,$445
Denise Monton,CA-2019-129861,3,$377
Denise Monton,CA-2019-144554,3,$120
Denise Monton,CA-2020-108854,9,$244
Denise Monton,CA-2020-157854,9,"$2,747"
Dennis Bolton,CA-2017-100972,3,$166
Dennis Bolton,CA-2018-143882,9,$43
Dennis Bolton,CA-2019-119123,7,$51
Dennis Bolton,CA-2019-139556,3,$435
Dennis Bolton,CA-2020-150623,6,$386
Dennis Kane,CA-2017-100006,3,$378
Dennis Kane,CA-2018-131884,11,$594
Dennis Kane,CA-2018-145065,4,$32
Dennis Kane,CA-2020-133046,14,$298
Dennis Kane,CA-2020-165099,2,$1
Dennis Kane,CA-2020-166835,2,$221
Dennis Kane,US-2019-111290,16,"$1,137"
Dennis Kane,US-2019-139087,25,$656
Dennis Pardue,CA-2017-107139,6,$181
Dennis Pardue,CA-2017-134621,2,$18
Dennis Pardue,CA-2017-168592,8,$76
Dennis Pardue,CA-2018-118423,3,$359
Dennis Pardue,CA-2018-129217,7,$108
Dennis Pardue,CA-2019-138478,12,"$4,685"
Dennis Pardue,CA-2019-138583,3,$17
Dennis Pardue,CA-2020-150931,7,$34
Dennis Pardue,CA-2020-154466,2,$4
Denny Blanton,CA-2018-129322,11,$601
Denny Blanton,CA-2018-141145,3,$87
Denny Blanton,CA-2020-140949,43,$497
Denny Blanton,CA-2020-157091,5,$526
Denny Joy,CA-2017-144071,5,$119
Denny Joy,CA-2018-109736,7,$45
Denny Joy,CA-2018-168004,3,$393
Denny Joy,CA-2019-123540,5,"$1,455"
Denny Ordway,CA-2017-108903,10,$213
Denny Ordway,CA-2018-121272,4,$73
Denny Ordway,CA-2018-169299,3,$7
Denny Ordway,CA-2019-133144,3,$17
Denny Ordway,CA-2020-100636,3,$273
Denny Ordway,CA-2020-102771,5,$85
Denny Ordway,CA-2020-140760,11,$69
Denny Ordway,US-2018-168935,6,$459
Denny Ordway,US-2020-100398,3,$103
Dianna Arnett,CA-2017-115133,12,$53
Dianna Arnett,US-2017-138835,2,$10
Dianna Arnett,US-2017-157406,5,$17
Dianna Arnett,US-2020-158512,8,$78
Dianna Vittorini,CA-2017-124646,6,$664
Dianna Vittorini,CA-2018-100251,14,$87
Dianna Vittorini,CA-2018-146486,18,"$1,171"
Dianna Vittorini,CA-2019-126102,2,$277
Dianna Vittorini,CA-2020-145233,19,"$1,020"
Dianna Vittorini,US-2020-152002,3,$123
Dianna Wilson,CA-2017-131926,24,"$3,746"
Dianna Wilson,CA-2019-101938,1,$35
Dianna Wilson,CA-2019-151141,2,$15
Dianna Wilson,CA-2019-164399,6,$878
Dianna Wilson,US-2020-132297,5,$598
Dionis Lloyd,CA-2018-153717,7,$256
Dionis Lloyd,CA-2019-106558,4,$316
Dionis Lloyd,CA-2019-127649,3,$838
Dionis Lloyd,CA-2019-144855,2,$6
Dionis Lloyd,CA-2020-142643,6,$175
Dionis Lloyd,CA-2020-144750,1,$84
Dionis Lloyd,CA-2020-151911,4,$63
Dionis Lloyd,US-2020-117723,6,"$1,802"
Don Jones,CA-2017-111500,20,$485
Don Jones,CA-2019-128594,4,"$1,603"
Don Jones,CA-2020-108749,10,$91
Don Jones,CA-2020-137876,6,$96
Don Jones,CA-2020-153339,1,$16
Don Jones,CA-2020-156895,3,$128
Don Jones,US-2020-118535,2,$21
Don Jones,US-2020-132220,6,$62
Don Miller,CA-2017-103317,10,$243
Don Miller,CA-2018-132465,8,"$1,082"
Don Miller,CA-2019-149195,15,$52
Don Weiss,CA-2019-128706,2,$16
Don Weiss,CA-2019-149902,4,$88
Don Weiss,CA-2020-101210,3,$13
Don Weiss,CA-2020-132521,6,$158
Don Weiss,CA-2020-148642,6,$68
Dorothy Badders,CA-2017-114314,5,$16
Dorothy Badders,CA-2017-136336,6,$829
Dorothy Badders,CA-2017-151953,2,$3
Dorothy Badders,CA-2020-104885,18,$627
Dorothy Badders,CA-2020-115882,7,"$1,017"
Dorothy Badders,CA-2020-158036,1,$9
Dorothy Badders,US-2020-133200,22,"$1,407"
Dorothy Dickinson,CA-2017-166730,1,$39
Dorothy Dickinson,CA-2020-110926,7,$25
Dorothy Dickinson,CA-2020-125640,1,$3
Dorothy Dickinson,CA-2020-147844,13,$110
Dorothy Dickinson,US-2017-104759,9,$88
Dorothy Dickinson,US-2019-148334,2,$4
Dorothy Wardle,CA-2017-120432,3,$26
Dorothy Wardle,CA-2018-162950,9,$498
Dorothy Wardle,CA-2019-148516,3,$180
Dorothy Wardle,CA-2019-165820,2,$13
Dorothy Wardle,CA-2020-123134,3,$130
Dorothy Wardle,US-2020-126060,8,$198
Dorothy Wardle,US-2020-164147,16,$160
Dorris liebe,CA-2017-133424,6,$60
Dorris liebe,CA-2017-153150,5,$20
Dorris liebe,CA-2019-120530,3,$659
Dorris liebe,CA-2020-114552,3,$15
Dorris liebe,US-2020-155299,2,$2
Doug Bickford,CA-2017-137351,7,$43
Doug Bickford,CA-2018-137946,7,$979
Doug Bickford,CA-2019-115224,5,$386
Doug Bickford,CA-2019-135636,5,$388
Doug Bickford,CA-2020-132185,6,$52
Doug Bickford,CA-2020-133074,7,$56
Doug Bickford,CA-2020-145779,4,$84
Doug Jacobs,CA-2018-123232,4,$320
Doug Jacobs,CA-2019-164511,9,$148
Doug Jacobs,CA-2020-115602,30,"$2,889"
Doug O'Connell,CA-2018-126669,2,$77
Doug O'Connell,CA-2020-102309,7,$213
Doug O'Connell,CA-2020-115777,3,$19
Doug O'Connell,CA-2020-118003,7,$498
Doug O'Connell,CA-2020-133207,4,$58
Doug O'Connell,CA-2020-165008,9,$295
Doug O'Connell,US-2020-117450,4,$108
Duane Benoit,CA-2017-104402,3,$66
Duane Benoit,CA-2018-111990,6,$10
Duane Benoit,CA-2020-101077,2,$7
Duane Benoit,CA-2020-101959,3,$18
Duane Benoit,CA-2020-105886,2,$19
Duane Benoit,CA-2020-121853,13,$879
Duane Benoit,US-2019-105830,4,$157
Duane Huffman,CA-2017-105249,10,$460
Duane Huffman,CA-2017-156244,27,$458
Duane Huffman,CA-2018-127593,2,$85
Duane Huffman,CA-2018-145324,2,$40
Duane Noonan,CA-2017-119977,4,$124
Duane Noonan,CA-2017-139451,6,$36
Duane Noonan,CA-2017-166744,8,$587
Duane Noonan,CA-2019-114860,10,$885
Duane Noonan,CA-2019-114951,3,$22
Duane Noonan,CA-2019-151498,5,$8
Duane Noonan,CA-2020-136882,5,$477
Ed Braxton,CA-2017-100090,9,$699
Ed Braxton,CA-2017-129938,7,$446
Ed Braxton,CA-2018-104493,6,$58
Ed Braxton,CA-2018-128125,6,$121
Ed Braxton,CA-2019-128223,7,"$1,293"
Ed Braxton,CA-2020-107797,8,$41
Ed Braxton,CA-2020-134978,5,$16
Ed Braxton,CA-2020-147277,4,$950
Ed Braxton,US-2019-137547,3,$21
Ed Jacobs,CA-2017-108273,9,$93
Ed Jacobs,CA-2018-169656,3,$423
Ed Jacobs,CA-2020-123085,11,"$1,220"
Ed Jacobs,US-2017-117163,8,$427
Ed Ludwig,CA-2019-113061,2,$87
Ed Ludwig,CA-2020-150707,7,$38
Edward Becker,CA-2018-128083,10,$46
Edward Becker,CA-2018-166947,9,"$1,523"
Edward Becker,CA-2019-126809,9,$35
Edward Becker,CA-2019-137652,8,$18
Edward Becker,CA-2019-145548,17,$493
Edward Becker,CA-2019-166380,11,$139
Edward Becker,CA-2020-122707,6,$503
Edward Becker,CA-2020-161459,11,$74
Edward Becker,CA-2020-161739,5,$342
Edward Becker,US-2019-147340,5,$63
Edward Hooks,CA-2017-138450,16,$249
Edward Hooks,CA-2017-142979,2,$40
Edward Hooks,CA-2019-100944,10,$868
Edward Hooks,CA-2019-135776,16,"$1,506"
Edward Hooks,CA-2019-136301,5,"$4,941"
Edward Hooks,CA-2019-153836,8,$144
Edward Hooks,CA-2019-155565,5,$55
Edward Hooks,CA-2019-158155,12,$331
Edward Hooks,CA-2020-152499,8,$23
Edward Hooks,US-2018-147242,13,$703
Edward Hooks,US-2019-119046,18,$93
Edward Hooks,US-2020-111423,7,"$1,358"
Edward Nazzal,CA-2018-103177,8,$529
Edward Nazzal,CA-2019-126284,5,$84
Edward Nazzal,CA-2019-165848,11,"$1,563"
Edward Nazzal,CA-2020-160087,3,$24
Eileen Kiefer,CA-2017-111871,10,"$1,198"
Eileen Kiefer,CA-2018-109113,2,$25
Eileen Kiefer,CA-2018-154340,2,$56
Eileen Kiefer,CA-2020-108091,4,$23
Eleni McCrary,CA-2018-113404,9,"$2,049"
Eleni McCrary,CA-2018-139584,4,$310
Eleni McCrary,CA-2018-142041,5,$8
Eleni McCrary,CA-2019-158358,2,$160
Eleni McCrary,CA-2020-137344,3,$40
Elizabeth Moffitt,CA-2017-103807,4,$21
Elizabeth Moffitt,CA-2018-109603,8,$183
Elizabeth Moffitt,CA-2018-149748,8,$345
Elizabeth Moffitt,CA-2019-116764,4,$9
Elizabeth Moffitt,CA-2019-136595,3,$21
Elizabeth Moffitt,CA-2020-114258,4,$493
Elizabeth Moffitt,CA-2020-122035,22,"$1,108"
Elizabeth Moffitt,US-2020-128398,4,$160
Ellis Ballard,CA-2017-146885,3,$14
Ellis Ballard,CA-2018-164301,8,"$3,394"
Ellis Ballard,CA-2019-139885,6,$213
Ellis Ballard,CA-2020-156951,21,$644
Ellis Ballard,US-2017-102631,3,$94
Elpida Rittenbach,CA-2018-127019,7,$61
Elpida Rittenbach,CA-2019-149223,6,$78
Elpida Rittenbach,CA-2019-162236,14,"$1,107"
Emily Burns,CA-2017-110219,3,$128
Emily Burns,CA-2018-106320,3,"$1,045"
Emily Burns,CA-2018-153626,3,$5
Emily Burns,CA-2019-144939,6,$599
Emily Burns,CA-2019-159989,3,$41
Emily Burns,CA-2020-130967,3,$54
Emily Burns,CA-2020-148999,4,$419
Emily Burns,CA-2020-169817,2,$2
Emily Burns,US-2017-126340,3,$334
Emily Burns,US-2018-110569,11,$141
Emily Ducich,CA-2017-110352,2,$24
Emily Ducich,CA-2017-110527,8,$21
Emily Ducich,CA-2018-137071,2,$101
Emily Ducich,CA-2018-160227,11,"$2,621"
Emily Ducich,CA-2019-118311,5,$450
Emily Ducich,CA-2019-149916,5,$67
Emily Ducich,CA-2020-133102,15,$144
Emily Ducich,CA-2020-134838,6,$58
Emily Grady,CA-2018-138625,4,$198
Emily Grady,CA-2020-114524,13,$13
Emily Grady,CA-2020-141719,5,$240
Emily Grady,US-2019-150861,18,"$1,165"
Emily Grady,US-2020-167570,4,$216
Emily Phan,CA-2017-134278,1,$560
Emily Phan,CA-2018-123330,3,$108
Emily Phan,CA-2018-163587,7,$688
Emily Phan,CA-2019-113390,5,$33
Emily Phan,CA-2019-140641,5,$38
Emily Phan,CA-2020-102099,10,$52
Emily Phan,CA-2020-111815,3,$281
Emily Phan,CA-2020-122770,19,$262
Emily Phan,CA-2020-131303,5,$63
Emily Phan,CA-2020-149888,9,$710
Emily Phan,CA-2020-157483,7,$182
Emily Phan,US-2019-119298,2,$60
Emily Phan,US-2019-131611,26,"$2,008"
Emily Phan,US-2019-159856,5,$308
Emily Phan,US-2019-165953,8,$71
Emily Phan,US-2020-122637,7,$43
Emily Phan,US-2020-125808,2,$12
Eric Barreto,CA-2017-123400,7,$199
Eric Barreto,CA-2019-101448,3,$57
Eric Barreto,CA-2019-122728,6,$122
Eric Barreto,US-2019-116400,4,$40
Eric Barreto,US-2020-106551,4,$526
Eric Hoffmann,CA-2017-107594,3,$80
Eric Hoffmann,CA-2018-114048,3,$29
Eric Hoffmann,CA-2018-149384,3,$3
Eric Hoffmann,CA-2019-121755,5,$102
Eric Hoffmann,CA-2020-153080,7,$68
Eric Hoffmann,CA-2020-160458,5,$26
Eric Hoffmann,US-2019-110156,37,$297
Eric Hoffmann,US-2019-158288,9,$79
Eric Murdock,CA-2018-119697,2,$54
Eric Murdock,CA-2018-129042,3,$8
Eric Murdock,CA-2018-148873,8,$112
Eric Murdock,CA-2018-156566,2,$573
Eric Murdock,CA-2020-168942,3,$187
Erica Bern,CA-2019-135461,5,$624
Erica Bern,CA-2020-115427,4,$35
Erica Bern,US-2019-150357,5,$25
Erica Bern,US-2019-164630,4,$960
Erica Hackney,CA-2017-102295,1,$121
Erica Hackney,CA-2017-103366,5,$150
Erica Hackney,CA-2017-138513,2,$13
Erica Hackney,CA-2018-156510,5,$63
Erica Hackney,CA-2019-107790,1,$151
Erica Hackney,CA-2019-124100,6,$328
Erica Hernandez,CA-2017-140165,10,$405
Erica Hernandez,CA-2017-154592,3,$165
Erica Hernandez,CA-2019-152814,3,$29
Erica Hernandez,CA-2020-127516,1,$65
Erica Hernandez,CA-2020-133095,10,$118
Erica Hernandez,CA-2020-144862,12,$168
Erica Hernandez,CA-2020-167381,11,$270
Erica Smith,CA-2017-156433,6,$32
Erica Smith,CA-2018-142433,3,$117
Erica Smith,CA-2019-127775,3,$240
Erica Smith,CA-2020-103499,2,$210
Erica Smith,US-2020-163300,17,"$2,912"
Erin Ashbrook,CA-2017-114195,7,$94
Erin Ashbrook,CA-2017-151162,13,$362
Erin Ashbrook,CA-2018-154921,3,$187
Erin Ashbrook,CA-2018-158939,1,$600
Erin Ashbrook,CA-2019-102813,13,$570
Erin Ashbrook,CA-2019-104633,8,$199
Erin Ashbrook,CA-2019-108581,6,$106
Erin Ashbrook,CA-2019-121447,7,$136
Erin Ashbrook,CA-2019-164924,3,$342
Erin Ashbrook,CA-2019-168956,14,$167
Erin Ashbrook,CA-2020-121909,3,$55
Erin Ashbrook,CA-2020-154501,2,$10
Erin Ashbrook,US-2017-156216,7,$19
Erin Creighton,CA-2017-139633,4,$5
Erin Creighton,CA-2020-161102,9,$94
Erin Creighton,CA-2020-163188,9,$38
Erin Creighton,US-2019-169369,9,$299
Erin Creighton,US-2020-140074,6,$26
Erin Mull,CA-2017-127691,4,$166
Erin Mull,CA-2019-155670,11,$22
Erin Mull,CA-2020-133620,1,$11
Erin Mull,CA-2020-149720,6,$30
Erin Smith,CA-2017-108189,18,$598
Erin Smith,CA-2018-104129,9,$600
Erin Smith,CA-2019-108056,3,$859
Erin Smith,CA-2019-134936,14,$472
Erin Smith,CA-2019-136924,8,$381
Erin Smith,CA-2019-154998,2,$38
Erin Smith,CA-2020-127397,10,"$1,444"
Erin Smith,CA-2020-139619,2,$96
Erin Smith,CA-2020-157469,11,$171
Eudokia Martin,CA-2018-163237,5,$520
Eudokia Martin,CA-2019-161669,12,$90
Eudokia Martin,CA-2020-132437,4,$65
Eudokia Martin,US-2018-159499,13,$365
Eugene Barchas,CA-2018-106257,4,$721
Eugene Barchas,CA-2018-111612,7,$74
Eugene Barchas,CA-2019-116561,5,$373
Eugene Barchas,CA-2019-121370,10,"$1,629"
Eugene Barchas,CA-2020-149895,2,$259
Eugene Barchas,US-2018-153283,2,$16
Eugene Hildebrand,CA-2017-100867,6,$322
Eugene Hildebrand,CA-2018-134201,7,$157
Eugene Hildebrand,CA-2019-104969,7,$130
Eugene Hildebrand,CA-2019-136126,9,$261
Eugene Hildebrand,CA-2019-146010,7,$41
Eugene Hildebrand,CA-2020-112725,11,$142
Eugene Hildebrand,CA-2020-124744,15,$536
Eugene Hildebrand,CA-2020-125752,2,$41
Eugene Hildebrand,US-2018-154389,8,$749
Eugene Hildebrand,US-2019-156097,4,$704
Eugene Moren,CA-2017-168158,2,$6
Eugene Moren,CA-2018-146255,10,$808
Eugene Moren,CA-2019-139997,5,"$1,500"
Eugene Moren,CA-2019-152730,33,"$1,283"
Eugene Moren,CA-2020-134915,17,$972
Eugene Moren,US-2019-131058,7,$20
Eva Jacobs,CA-2017-105648,3,$626
Eva Jacobs,CA-2019-142594,14,"$1,517"
Eva Jacobs,CA-2020-133641,9,$49
Eva Jacobs,CA-2020-147410,2,$421
Eva Jacobs,US-2020-110989,3,$44
Evan Bailliet,CA-2017-103086,2,$5
Evan Bailliet,CA-2017-111962,7,$818
Evan Bailliet,CA-2018-142930,4,$336
Evan Bailliet,CA-2018-148705,2,$5
Evan Bailliet,CA-2019-143441,1,$12
Evan Bailliet,CA-2020-162635,4,$11
Evan Henry,CA-2017-105340,1,$7
Evan Henry,CA-2017-139542,6,$54
Evan Henry,CA-2017-143840,3,$181
Evan Henry,CA-2019-160486,4,$72
Evan Henry,CA-2019-167115,2,$589
Evan Henry,CA-2020-112984,6,$21
Evan Minnotte,CA-2018-141754,2,$12
Evan Minnotte,CA-2020-162033,5,$57
Evan Minnotte,CA-2020-167549,6,$298
Filia McAdams,CA-2017-114643,3,$15
Filia McAdams,CA-2017-114790,11,$783
Filia McAdams,CA-2019-104983,5,$124
Filia McAdams,CA-2019-124814,7,$36
Filia McAdams,CA-2019-132143,7,$48
Filia McAdams,CA-2019-134516,3,$115
Filia McAdams,CA-2020-127929,3,$182
Filia McAdams,CA-2020-143651,2,$23
Filia McAdams,US-2019-101196,2,$82
Filia McAdams,US-2020-164056,5,"$1,048"
Frank Atkinson,CA-2017-156601,2,$7
Frank Atkinson,CA-2018-108672,6,$107
Frank Atkinson,CA-2018-135391,6,$81
Frank Atkinson,CA-2018-140718,15,$246
Frank Atkinson,CA-2019-113845,11,$574
Frank Atkinson,CA-2020-122364,6,"$1,365"
Frank Atkinson,US-2018-131359,12,$603
Frank Carlisle,CA-2018-104059,1,$3
Frank Carlisle,CA-2018-115693,2,$56
Frank Carlisle,CA-2018-149517,3,$61
Frank Carlisle,CA-2019-147256,10,"$2,378"
Frank Carlisle,CA-2020-117422,7,$172
Frank Carlisle,CA-2020-144456,8,$220
Frank Carlisle,CA-2020-167640,19,$529
Frank Gastineau,CA-2017-101833,3,$34
Frank Gastineau,CA-2017-152443,16,$712
Frank Gastineau,CA-2020-101308,5,$94
Frank Gastineau,CA-2020-106033,4,$88
Frank Gastineau,CA-2020-127460,6,$298
Frank Gastineau,CA-2020-155607,11,$152
Frank Gastineau,CA-2020-160801,3,$5
Frank Hawley,CA-2017-100916,10,$789
Frank Hawley,CA-2017-153808,8,$436
Frank Hawley,CA-2019-152170,21,$383
Frank Hawley,CA-2019-168557,2,$9
Frank Hawley,CA-2020-104318,2,$21
Frank Hawley,CA-2020-104640,5,"$1,362"
Frank Hawley,CA-2020-107832,1,$7
Frank Hawley,CA-2020-121503,10,$871
Frank Hawley,CA-2020-128370,5,$370
Frank Hawley,CA-2020-162474,1,$8
Frank Merwin,CA-2017-123260,8,$177
Frank Merwin,CA-2018-130554,3,$12
Frank Merwin,CA-2019-103163,2,$10
Frank Merwin,CA-2019-114867,7,"$1,508"
Frank Merwin,CA-2019-155488,2,$44
Frank Merwin,CA-2020-121160,15,$66
Frank Merwin,CA-2020-146535,13,"$1,447"
Frank Merwin,US-2020-129777,12,$283
Frank Merwin,US-2020-153948,17,$190
Frank Olsen,CA-2017-132612,7,"$1,441"
Frank Olsen,CA-2018-103093,9,$75
Frank Olsen,CA-2018-132136,3,$9
Frank Olsen,CA-2019-112578,3,$42
Frank Olsen,CA-2020-106943,2,$9
Frank Olsen,CA-2020-141992,3,$165
Frank Olsen,CA-2020-144036,8,$36
Frank Olsen,US-2018-115343,8,$674
Frank Olsen,US-2019-142251,6,$32
Frank Olsen,US-2020-107979,11,$197
Frank Preis,CA-2017-138128,7,"$1,111"
Frank Preis,CA-2017-138737,3,$9
Frank Preis,CA-2019-111213,15,"$1,385"
Frank Preis,CA-2019-125850,8,$65
Frank Preis,CA-2020-113572,4,$8
Frank Preis,CA-2020-137099,3,$374
Frank Preis,US-2018-168704,9,"$1,061"
Frank Preis,US-2019-153129,5,$34
Fred Chung,CA-2018-107741,1,$3
Fred Chung,CA-2018-121405,10,$204
Fred Chung,CA-2018-138492,2,$52
Fred Chung,CA-2019-138968,6,"$1,357"
Fred Chung,CA-2020-107517,10,"$2,012"
Fred Chung,US-2017-134054,7,$256
Fred Chung,US-2020-126081,1,$5
Fred Harton,CA-2018-148859,2,$25
Fred Harton,CA-2018-165624,30,"$1,142"
Fred Harton,CA-2020-104801,8,$914
Fred Harton,CA-2020-106831,12,$190
Fred Hopkins,CA-2017-169684,6,$427
Fred Hopkins,CA-2018-111829,12,"$4,607"
Fred Hopkins,CA-2018-162047,10,"$1,449"
Fred Hopkins,CA-2019-104689,8,$23
Fred Hopkins,CA-2020-109750,3,$30
Fred Hopkins,CA-2020-121398,5,$424
Fred Hopkins,CA-2020-126676,3,$8
Fred Hopkins,US-2020-124303,5,$19
Fred McMath,CA-2018-112711,4,$307
Fred McMath,CA-2018-124499,8,$660
Fred McMath,CA-2018-136147,11,$233
Fred McMath,CA-2019-141082,5,$126
Fred McMath,CA-2019-145842,3,$41
Fred McMath,CA-2019-146150,7,$264
Fred McMath,CA-2020-134796,2,$148
Fred McMath,CA-2020-163321,1,$80
Fred McMath,US-2019-135720,12,$664
Fred Wasserman,CA-2018-121552,4,$20
Fred Wasserman,CA-2019-139409,4,$44
Fred Wasserman,CA-2020-118668,1,$17
Gary Hansen,CA-2017-114125,11,$69
Gary Hansen,CA-2017-128986,3,$93
Gary Hansen,CA-2019-118934,8,$16
Gary Hansen,CA-2019-144540,12,$91
Gary Hansen,CA-2020-132647,7,$178
Gary Hansen,CA-2020-159282,5,$600
Gary Hansen,CA-2020-163006,7,"$1,585"
Gary Hansen,US-2018-164966,6,$156
Gary Hansen,US-2020-131849,6,$31
Gary Hwang,CA-2017-144414,11,"$3,291"
Gary Hwang,CA-2018-144806,31,$758
Gary Hwang,CA-2020-141138,7,$112
Gary Hwang,US-2018-120572,2,$13
Gary McGarr,CA-2017-154893,9,"$1,898"
Gary McGarr,CA-2019-161025,4,$773
Gary McGarr,CA-2020-135783,2,$18
Gary McGarr,CA-2020-146031,9,$60
Gary McGarr,US-2017-155544,11,$311
Gary McGarr,US-2020-121251,6,$378
Gary McGarr,US-2020-168613,2,$146
Gary Mitchum,CA-2017-138940,6,$758
Gary Mitchum,CA-2019-159695,7,$158
Gary Mitchum,CA-2020-122595,7,$283
Gary Mitchum,CA-2020-151981,19,"$1,077"
Gary Mitchum,US-2017-143231,8,$177
Gary Mitchum,US-2019-161396,7,$625
Gary Zandusky,CA-2017-124723,2,$489
Gary Zandusky,CA-2017-132500,2,$50
Gary Zandusky,CA-2018-123141,7,"$1,114"
Gary Zandusky,CA-2018-154795,3,$22
Gary Zandusky,CA-2019-129903,4,$24
Gary Zandusky,CA-2019-131737,13,"$2,073"
Gary Zandusky,CA-2020-126928,7,$514
Gary Zandusky,CA-2020-156769,6,$55
Gary Zandusky,US-2020-123463,4,$13
Gene Hale,CA-2018-131352,3,$73
Gene Hale,CA-2019-117590,12,"$1,288"
Gene McClure,CA-2017-141901,1,$6
Gene McClure,CA-2018-127173,19,$743
Gene McClure,CA-2018-167374,9,$57
Gene McClure,CA-2018-169733,1,$10
Gene McClure,CA-2019-117625,2,$7
Gene McClure,CA-2019-119445,5,$15
Gene McClure,CA-2019-137393,4,$42
Gene McClure,CA-2020-134418,3,$12
Gene McClure,US-2020-111241,5,$239
Gene McClure,US-2020-123834,4,$124
George Ashbrook,CA-2017-120950,6,$44
George Ashbrook,CA-2017-133963,1,$4
George Ashbrook,CA-2018-155306,17,"$2,573"
George Ashbrook,CA-2019-106915,4,$18
George Ashbrook,CA-2019-132731,6,$658
George Ashbrook,CA-2020-136350,5,$449
George Ashbrook,CA-2020-138870,6,$75
George Ashbrook,US-2020-143175,3,$100
George Bell,CA-2017-140228,8,$212
George Bell,CA-2018-126186,4,$25
George Bell,CA-2018-131422,3,$207
George Bell,CA-2018-149566,7,$52
George Bell,CA-2018-167745,6,$53
George Bell,CA-2019-128923,3,$19
George Bell,CA-2019-149314,1,$195
George Bell,CA-2019-159912,17,$420
George Bell,CA-2019-164672,2,$212
George Bell,CA-2020-129028,3,$128
George Bell,CA-2020-160983,8,$47
George Zrebassa,CA-2017-107153,3,$46
George Zrebassa,CA-2020-137001,7,$15
George Zrebassa,CA-2020-140515,7,$381
George Zrebassa,US-2020-167318,8,"$2,012"
Georgia Rosenberg,CA-2017-103401,2,$13
Georgia Rosenberg,US-2017-123183,21,"$1,271"
Giulietta Baptist,CA-2018-139850,6,$64
Giulietta Baptist,CA-2018-158421,37,"$3,632"
Giulietta Baptist,CA-2019-137337,12,$196
Giulietta Baptist,CA-2020-130309,3,$544
Giulietta Baptist,US-2020-147984,5,$280
Giulietta Dortch,CA-2017-111934,3,$47
Giulietta Dortch,CA-2019-121223,11,$737
Giulietta Dortch,CA-2020-150420,10,"$1,100"
Giulietta Dortch,CA-2020-162880,1,$4
Giulietta Weimer,CA-2017-124709,2,$238
Giulietta Weimer,CA-2017-168312,6,$514
Giulietta Weimer,CA-2018-135489,14,$280
Giulietta Weimer,CA-2019-108105,5,$324
Giulietta Weimer,CA-2019-169334,9,$112
Giulietta Weimer,CA-2020-155075,4,$631
Giulietta Weimer,US-2020-113852,3,$91
Grace Kelly,CA-2017-164469,17,$345
Grace Kelly,CA-2018-133396,7,$65
Grace Kelly,CA-2018-161767,2,$480
Grace Kelly,CA-2018-164567,3,$226
Grace Kelly,CA-2019-101546,2,"$1,794"
Grace Kelly,CA-2019-162138,7,$352
Grace Kelly,CA-2020-139444,4,$10
Grace Kelly,US-2017-165862,3,$351
Grace Kelly,US-2019-116729,21,"$2,876"
Grant Thornton,CA-2017-159520,14,"$1,158"
Grant Thornton,CA-2018-144386,6,$25
Grant Thornton,US-2020-168116,6,"$8,167"
Greg Guthrie,CA-2017-106439,45,"$1,008"
Greg Guthrie,CA-2019-129686,8,$160
Greg Guthrie,CA-2019-153353,1,$40
Greg Guthrie,CA-2020-118122,2,$14
Greg Guthrie,CA-2020-131807,22,$753
Greg Guthrie,CA-2020-157112,6,$17
Greg Guthrie,US-2018-136476,1,$158
Greg Guthrie,US-2019-114776,3,$19
Greg Guthrie,US-2020-145597,4,$54
Greg Hansen,CA-2018-163090,5,$41
Greg Hansen,CA-2020-136539,4,$106
Greg Matthias,CA-2017-103310,14,"$1,770"
Greg Matthias,CA-2017-127012,4,$76
Greg Matthias,CA-2019-106243,5,$524
Greg Matthias,CA-2019-139157,1,$331
Greg Matthias,CA-2020-126144,4,$286
Greg Matthias,US-2019-139710,3,$177
Greg Maxwell,CA-2017-102988,22,"$4,252"
Greg Maxwell,CA-2019-100244,19,$476
Greg Maxwell,CA-2020-102750,3,"$1,322"
Greg Tran,CA-2017-128209,13,"$6,161"
Greg Tran,CA-2018-124450,14,"$2,670"
Greg Tran,CA-2019-106460,2,$71
Greg Tran,CA-2019-123274,5,$287
Greg Tran,CA-2019-126795,2,$34
Greg Tran,CA-2020-101945,3,$11
Greg Tran,CA-2020-126956,13,$88
Greg Tran,CA-2020-151190,3,$20
Greg Tran,CA-2020-161774,16,"$1,078"
Greg Tran,US-2017-135881,8,$231
Greg Tran,US-2019-169040,27,"$1,169"
Guy Armstrong,CA-2017-131247,2,$206
Guy Armstrong,CA-2017-138072,2,$28
Guy Armstrong,CA-2017-168368,14,$535
Guy Armstrong,CA-2018-149993,5,$11
Guy Armstrong,CA-2020-107503,4,$49
Guy Armstrong,CA-2020-110842,9,$152
Guy Armstrong,CA-2020-114636,5,$192
Guy Armstrong,CA-2020-134194,26,$160
Guy Armstrong,CA-2020-152786,9,$40
Guy Armstrong,US-2018-110163,1,$8
Guy Armstrong,US-2018-126235,2,$17
Guy Phonely,CA-2017-136742,6,$45
Guy Phonely,CA-2018-117961,15,$192
Guy Thornton,CA-2018-105725,3,$97
Guy Thornton,CA-2019-130029,4,$17
Guy Thornton,CA-2020-104745,8,$79
Guy Thornton,CA-2020-130526,8,$34
Hallie Redmond,CA-2018-103954,5,$687
Hallie Redmond,CA-2020-106964,2,$12
Hallie Redmond,CA-2020-113278,24,$359
Hallie Redmond,CA-2020-165904,4,$235
Hallie Redmond,US-2017-143707,3,$6
Harold Dahlen,CA-2017-119172,12,$122
Harold Dahlen,CA-2018-157343,12,$52
Harold Dahlen,CA-2018-162376,7,$77
Harold Engle,CA-2019-114944,4,$157
Harold Engle,CA-2019-146374,9,$128
Harold Engle,CA-2020-140480,23,$470
Harold Engle,CA-2020-143252,8,$129
Harold Pawlan,CA-2017-121664,8,$141
Harold Pawlan,CA-2017-122217,5,$111
Harold Pawlan,CA-2018-122259,4,$70
Harold Pawlan,CA-2018-156853,7,$185
Harold Pawlan,CA-2020-111689,8,"$1,311"
Harold Pawlan,CA-2020-161893,4,$101
Harold Pawlan,US-2018-118983,8,$71
Harold Ryan,CA-2017-127131,19,$721
Harold Ryan,CA-2018-110632,3,$49
Harold Ryan,CA-2018-135538,4,$884
Harold Ryan,CA-2018-147011,4,$14
Harold Ryan,CA-2018-157287,9,$456
Harold Ryan,CA-2020-166184,7,$725
Harold Ryan,US-2020-135013,5,"$2,400"
Harry Greene,CA-2017-142727,5,$70
Harry Greene,CA-2020-122763,9,$331
Harry Greene,CA-2020-141873,14,$364
Harry Greene,CA-2020-150504,2,$18
Harry Greene,US-2018-161347,1,$2
Harry Marie,CA-2017-129189,14,$752
Harry Marie,CA-2018-118871,11,$418
Harry Marie,CA-2019-100510,7,$642
Harry Marie,CA-2020-125199,15,$457
Harry Marie,CA-2020-127117,5,$74
Harry Marie,CA-2020-129805,2,$7
Harry Marie,CA-2020-132738,3,$17
Harry Marie,CA-2020-146367,3,$3
Harry Marie,US-2018-128587,9,"$4,910"
Harry Marie,US-2019-110170,7,$957
Heather Jas,CA-2018-100216,9,$86
Heather Jas,CA-2019-118500,5,$50
Heather Jas,CA-2019-165470,1,$5
Heather Jas,CA-2019-166772,2,$164
Heather Jas,CA-2020-132584,4,$54
Heather Kirkland,CA-2017-144281,5,$492
Heather Kirkland,CA-2018-109862,6,$450
Heather Kirkland,CA-2018-150875,5,"$1,001"
Heather Kirkland,CA-2019-130001,5,$36
Heather Kirkland,CA-2019-165484,10,$71
Heather Kirkland,CA-2020-124576,2,$55
Heather Kirkland,CA-2020-126382,7,$35
Heather Kirkland,US-2020-141677,24,"$2,738"
Helen Abelman,CA-2017-146640,7,$335
Helen Abelman,CA-2018-105634,5,$12
Helen Abelman,CA-2018-134075,5,$527
Helen Abelman,CA-2018-153073,9,$17
Helen Abelman,CA-2019-145611,5,$393
Helen Abelman,CA-2020-123036,6,$297
Helen Abelman,CA-2020-130141,8,$582
Helen Andreada,CA-2017-157924,6,$465
Helen Andreada,CA-2018-110744,7,$672
Helen Andreada,CA-2018-136735,2,$168
Helen Andreada,CA-2018-155334,13,$226
Helen Andreada,CA-2019-154018,18,$362
Helen Andreada,CA-2020-117044,10,$31
Helen Andreada,CA-2020-157651,1,$14
Helen Andreada,US-2019-113649,15,$645
Helen Wasserman,CA-2018-103072,9,$42
Helen Wasserman,CA-2019-136133,9,$355
Helen Wasserman,CA-2019-140130,11,$736
Helen Wasserman,CA-2020-105809,3,$238
Helen Wasserman,CA-2020-121027,11,"$2,340"
Helen Wasserman,CA-2020-121559,20,"$4,472"
Helen Wasserman,CA-2020-140326,15,$850
Helen Wasserman,CA-2020-165491,7,$266
Henia Zydlo,CA-2020-108931,4,$20
Henia Zydlo,CA-2020-124765,5,$724
Henia Zydlo,CA-2020-157420,3,$55
Henia Zydlo,CA-2020-168739,4,$65
Henia Zydlo,US-2019-154361,5,$22
Henry Goldwyn,CA-2017-126480,2,$9
Henry Goldwyn,CA-2018-102806,2,$25
Henry Goldwyn,CA-2018-122168,15,$53
Henry Goldwyn,CA-2018-156118,3,$16
Henry Goldwyn,CA-2018-169201,5,$87
Henry Goldwyn,CA-2019-109407,4,$31
Henry Goldwyn,CA-2019-145919,19,$802
Henry Goldwyn,CA-2019-146437,2,$40
Henry Goldwyn,US-2017-152723,1,$1
Henry Goldwyn,US-2020-122672,7,$265
Henry Goldwyn,US-2020-122714,5,"$1,890"
Henry Goldwyn,US-2020-160143,3,$30
Henry MacAllister,CA-2018-129917,12,$569
Henry MacAllister,CA-2019-106075,1,$5
Henry MacAllister,CA-2020-130904,9,$23
Henry MacAllister,CA-2020-151281,7,$140
Herbert Flentye,CA-2017-153969,24,$451
Herbert Flentye,CA-2017-158029,2,$225
Herbert Flentye,CA-2019-104276,8,$448
Herbert Flentye,CA-2019-117681,5,$557
Herbert Flentye,CA-2019-164784,6,$377
Herbert Flentye,CA-2020-129833,10,$44
Herbert Flentye,US-2019-147711,15,$431
Hilary Holden,CA-2017-135699,4,$123
Hilary Holden,CA-2020-131492,16,$95
Hunter Glantz,CA-2017-163748,9,"$2,003"
Hunter Glantz,CA-2018-165162,4,"$1,118"
Hunter Glantz,CA-2019-111794,4,$108
Hunter Glantz,CA-2020-117821,2,$64
Hunter Glantz,CA-2020-146724,10,$22
Hunter Glantz,CA-2020-169978,5,$286
Hunter Glantz,US-2019-156692,4,$89
Hunter Lopez,CA-2017-127159,7,$35
Hunter Lopez,CA-2019-101987,9,$441
Hunter Lopez,CA-2019-140634,2,$16
Hunter Lopez,CA-2020-134607,2,$23
Hunter Lopez,CA-2020-166709,3,"$10,500"
Hunter Lopez,US-2017-147627,27,"$1,859"
Ionia McGrath,CA-2017-102645,6,$40
Ionia McGrath,CA-2019-124527,5,$8
Ionia McGrath,CA-2019-129630,8,"$2,824"
Irene Maddox,CA-2017-120768,21,"$1,980"
Irene Maddox,CA-2018-100545,2,$12
Irene Maddox,CA-2018-104346,41,$730
Irene Maddox,CA-2018-154956,4,"$1,100"
Irene Maddox,CA-2019-109925,3,$85
Irene Maddox,CA-2019-140501,19,$616
Irene Maddox,CA-2019-161389,3,$408
Ivan Gibson,CA-2017-143168,3,$63
Ivan Gibson,CA-2018-101000,3,$370
Ivan Gibson,CA-2019-159345,2,$112
Ivan Gibson,CA-2020-158743,11,$199
Ivan Liston,CA-2017-152296,3,$20
Ivan Liston,CA-2018-151722,4,$288
Ivan Liston,CA-2018-156482,15,"$1,558"
Ivan Liston,CA-2019-111318,8,$115
Ivan Liston,CA-2019-169971,4,$66
Ivan Liston,CA-2020-143063,17,"$1,646"
Ivan Liston,US-2018-114741,9,"$1,347"
Jack Garza,CA-2017-142951,3,$23
Jack Garza,CA-2018-123092,12,$289
Jack Garza,US-2017-135972,5,"$2,046"
Jack Lebron,CA-2017-138198,2,$14
Jack Lebron,CA-2017-165428,9,$35
Jack Lebron,CA-2019-138933,1,$4
Jack Lebron,CA-2020-120894,3,$28
Jack Lebron,CA-2020-150910,23,"$1,090"
Jack Lebron,US-2020-100482,4,$44
Jack O'Briant,CA-2017-106054,3,$13
Jack O'Briant,CA-2017-152562,5,$75
Jack O'Briant,CA-2017-159121,7,$112
Jack O'Briant,CA-2017-167486,5,$200
Jack O'Briant,CA-2019-116344,2,$85
Jack O'Briant,CA-2020-125913,11,$428
Jack O'Briant,CA-2020-130764,9,$653
Jack O'Briant,US-2019-100461,13,"$1,672"
Jack O'Briant,US-2020-168802,4,$18
James Galang,CA-2017-105872,4,$70
James Galang,CA-2017-141796,3,"$1,215"
James Galang,CA-2018-131856,17,$769
James Galang,CA-2018-157084,8,"$1,942"
James Galang,CA-2019-102498,5,$73
James Galang,CA-2019-108434,3,$465
James Galang,CA-2019-123176,6,$32
James Galang,CA-2019-124772,3,$192
James Galang,CA-2020-118885,7,$696
James Galang,CA-2020-138548,2,$98
James Galang,US-2020-116897,12,$815
James Lanier,CA-2018-158701,12,$144
James Lanier,CA-2019-140977,1,$91
James Lanier,CA-2020-128734,7,$851
James Lanier,US-2017-133949,7,$476
James Lanier,US-2020-156083,2,$10
Jamie Frazer,CA-2017-116407,9,$362
Jamie Frazer,CA-2018-105508,1,$40
Jamie Frazer,CA-2020-121083,17,$847
Jamie Frazer,US-2019-155103,7,$505
Jamie Frazer,US-2020-110646,13,$167
Jamie Frazer,US-2020-123281,3,$25
Jamie Frazer,US-2020-123862,22,$333
Jamie Kunitz,CA-2017-166555,3,$165
Jamie Kunitz,CA-2018-116484,5,$205
Jamie Kunitz,CA-2018-125976,17,"$2,027"
Jamie Kunitz,CA-2019-116918,12,$36
Jamie Kunitz,CA-2020-123491,30,"$1,994"
Jane Waco,CA-2019-133935,20,"$2,056"
Jane Waco,CA-2020-116113,2,$10
Jane Waco,CA-2020-135909,13,"$5,326"
Jane Waco,CA-2020-139661,2,$10
Jane Waco,US-2018-115238,22,$281
Jane Waco,US-2020-158946,7,$39
Janet Lee,CA-2018-137925,19,$705
Janet Lee,CA-2019-165169,7,$386
Janet Lee,CA-2020-137631,2,$752
Janet Lee,US-2017-130379,4,$105
Janet Lee,US-2020-163657,7,$255
Janet Martin,CA-2019-167556,22,$499
Janet Martin,CA-2020-105921,3,$418
Janet Martin,CA-2020-119004,10,$105
Janet Martin,CA-2020-128853,9,$909
Janet Martin,CA-2020-139353,8,$273
Janet Martin,CA-2020-151750,39,$955
Janet Molinari,CA-2017-104178,14,$176
Janet Molinari,CA-2018-100818,14,$235
Janet Molinari,CA-2019-105816,12,"$1,045"
Janet Molinari,CA-2019-126858,2,$32
Janet Molinari,CA-2020-149160,10,$316
Jas O'Carroll,CA-2017-112403,1,$1
Jas O'Carroll,CA-2017-116673,2,$6
Jas O'Carroll,CA-2018-109197,2,$488
Jas O'Carroll,CA-2018-130890,5,"$1,039"
Jas O'Carroll,CA-2020-118402,5,$244
Jas O'Carroll,US-2019-115819,21,$157
Jason Fortune-,CA-2017-114510,21,$280
Jason Fortune-,CA-2019-163594,9,$250
Jason Fortune-,CA-2019-167290,2,$12
Jason Fortune-,CA-2020-122077,5,$109
Jason Fortune-,US-2020-110604,5,$304
Jason Gross,CA-2019-116799,12,$606
Jason Gross,CA-2019-129728,8,$168
Jason Gross,CA-2019-141957,12,$196
Jason Gross,CA-2020-101322,6,$341
Jason Gross,CA-2020-103765,1,$14
Jason Gross,CA-2020-119578,7,$916
Jason Klamczynski,CA-2019-158043,2,$23
Jason Klamczynski,CA-2020-122007,7,$91
Jason Klamczynski,US-2017-168501,6,$270
Jasper Cacioppo,CA-2017-100328,1,$4
Jasper Cacioppo,CA-2019-102792,3,$10
Jasper Cacioppo,CA-2019-154536,5,$10
Jasper Cacioppo,US-2020-129441,3,$48
Jay Fein,CA-2018-132486,26,"$1,447"
Jay Fein,CA-2019-152163,6,$86
Jay Fein,CA-2020-136651,15,$183
Jay Fein,CA-2020-141103,5,$90
Jay Fein,CA-2020-144113,3,$74
Jay Fein,CA-2020-169474,3,$33
Jay Kimmel,CA-2018-127453,9,$527
Jay Kimmel,CA-2018-142027,3,$370
Jay Kimmel,CA-2019-122581,7,$573
Jay Kimmel,CA-2019-132549,7,$73
Jay Kimmel,CA-2020-100601,7,$49
Jay Kimmel,US-2017-102715,15,$737
Jay Kimmel,US-2020-103828,17,$207
Jay Kimmel,US-2020-155999,7,$174
Jenna Caffey,CA-2020-108560,14,"$1,058"
Jennifer Braxton,CA-2018-121608,3,$238
Jennifer Braxton,CA-2018-145821,3,$89
Jennifer Braxton,CA-2019-101189,2,$93
Jennifer Braxton,CA-2019-165316,5,$324
Jennifer Braxton,CA-2020-117443,8,$190
Jennifer Braxton,CA-2020-132339,1,$388
Jennifer Braxton,CA-2020-142125,11,$61
Jennifer Braxton,CA-2020-158246,3,$216
Jennifer Braxton,US-2017-100853,6,$73
Jennifer Braxton,US-2018-104185,1,$120
Jennifer Ferguson,CA-2017-156342,2,$62
Jennifer Ferguson,CA-2018-102855,14,$264
Jennifer Ferguson,CA-2018-105844,4,$79
Jennifer Ferguson,CA-2020-164826,21,$135
Jennifer Ferguson,US-2017-166828,2,$12
Jennifer Ferguson,US-2020-142188,26,"$1,820"
Jennifer Halladay,CA-2020-105620,5,$141
Jennifer Halladay,CA-2020-121818,10,$53
Jennifer Halladay,US-2017-137680,7,$56
Jennifer Halladay,US-2020-108014,7,$60
Jennifer Jackson,CA-2018-120915,8,$602
Jennifer Jackson,CA-2018-127418,3,$37
Jennifer Jackson,CA-2018-151785,6,$7
Jennifer Jackson,CA-2019-137127,3,$9
Jennifer Jackson,CA-2019-163986,5,$55
Jennifer Patt,CA-2017-107916,5,$26
Jennifer Patt,CA-2019-158001,16,"$1,091"
Jennifer Patt,CA-2019-158925,3,$16
Jennifer Patt,CA-2019-161676,5,$34
Jennifer Patt,CA-2020-104906,3,$18
Jennifer Patt,CA-2020-156622,12,$248
Jennifer Patt,US-2018-137008,10,$236
Jeremy Ellison,CA-2018-112116,2,$172
Jeremy Ellison,CA-2018-163762,3,$30
Jeremy Ellison,CA-2019-133795,9,$885
Jeremy Ellison,CA-2019-152632,3,$40
Jeremy Ellison,CA-2020-132934,8,$201
Jeremy Ellison,US-2019-132577,24,$60
Jeremy Farry,CA-2017-117317,3,$13
Jeremy Farry,CA-2018-130736,3,$7
Jeremy Farry,CA-2018-133445,5,$357
Jeremy Farry,CA-2018-141740,2,$205
Jeremy Farry,CA-2019-159653,3,$15
Jeremy Farry,CA-2019-164483,2,$17
Jeremy Farry,CA-2020-159884,4,$19
Jeremy Farry,US-2017-106334,6,$243
Jeremy Farry,US-2020-120649,2,$4
Jeremy Farry,US-2020-150847,2,$10
Jeremy Farry,US-2020-162124,4,$192
Jeremy Lonsdale,CA-2017-103590,4,$62
Jeremy Lonsdale,CA-2017-162362,7,$24
Jeremy Lonsdale,CA-2019-138520,17,$448
Jeremy Lonsdale,CA-2020-112473,3,$50
Jeremy Lonsdale,CA-2020-156776,22,"$2,563"
Jeremy Lonsdale,CA-2020-167976,3,$26
Jeremy Pistek,CA-2017-130918,3,$8
Jeremy Pistek,CA-2017-144666,27,"$1,518"
Jeremy Pistek,CA-2018-145401,6,$14
Jeremy Pistek,CA-2019-113117,5,$32
Jeremy Pistek,CA-2019-117604,5,$240
Jeremy Pistek,CA-2020-117324,16,"$1,816"
Jeremy Pistek,CA-2020-145310,1,$8
Jessica Myrick,CA-2017-132962,8,$268
Jessica Myrick,CA-2018-138534,2,$195
Jessica Myrick,CA-2018-148712,17,$173
Jessica Myrick,CA-2019-108735,3,$257
Jessica Myrick,CA-2019-157259,9,$800
Jessica Myrick,CA-2020-103611,2,$8
Jessica Myrick,US-2020-148866,5,$32
Jesus Ocampo,CA-2018-119291,29,$570
Jesus Ocampo,CA-2018-126466,2,$2
Jesus Ocampo,CA-2018-132101,3,$454
Jesus Ocampo,CA-2020-144568,5,$24
Jesus Ocampo,US-2020-138086,3,$41
Jill Fjeld,CA-2018-137750,5,$205
Jill Fjeld,CA-2019-102162,9,"$1,611"
Jill Fjeld,CA-2019-105781,6,$417
Jill Fjeld,CA-2019-121034,7,$65
Jill Fjeld,CA-2019-166373,6,$106
Jill Fjeld,CA-2020-167941,23,$831
Jill Fjeld,US-2017-126571,5,$483
Jill Fjeld,US-2018-153374,6,$480
Jill Matthias,CA-2019-136021,9,$121
Jill Matthias,CA-2019-155138,7,$100
Jill Matthias,CA-2019-166625,2,$25
Jill Matthias,CA-2019-167416,5,$55
Jill Matthias,CA-2020-156720,3,$3
Jill Stevenson,CA-2018-143602,3,$14
Jill Stevenson,CA-2019-153318,5,$784
Jill Stevenson,CA-2020-111220,11,$258
Jill Stevenson,US-2017-127978,16,$362
Jim Epp,CA-2018-121720,25,"$3,166"
Jim Epp,CA-2019-154081,2,$222
Jim Epp,CA-2020-119494,3,$523
Jim Epp,CA-2020-133263,10,"$3,099"
Jim Epp,CA-2020-166317,21,$438
Jim Epp,US-2017-146353,9,$293
Jim Epp,US-2020-136707,4,$14
Jim Karlsson,CA-2017-111773,3,$14
Jim Karlsson,CA-2017-121727,2,$11
Jim Karlsson,CA-2017-135608,7,$650
Jim Karlsson,CA-2017-166051,6,$774
Jim Karlsson,CA-2018-113152,4,"$1,293"
Jim Karlsson,CA-2018-138331,10,$107
Jim Karlsson,CA-2020-142622,12,$912
Jim Kriz,CA-2017-147900,9,$29
Jim Kriz,CA-2017-159849,3,$6
Jim Kriz,CA-2018-134082,4,$111
Jim Kriz,CA-2018-137225,1,$3
Jim Kriz,CA-2018-143980,2,$415
Jim Kriz,CA-2018-157434,2,$8
Jim Kriz,CA-2020-168109,13,"$4,151"
Jim Kriz,US-2018-137533,4,$21
Jim Kriz,US-2018-150231,3,$18
Jim Mitchum,CA-2017-100363,5,$21
Jim Mitchum,CA-2019-112389,6,$52
Jim Mitchum,CA-2020-115931,15,$127
Jim Mitchum,CA-2020-151225,6,$262
Jim Mitchum,US-2019-108777,9,$403
Jim Radford,CA-2019-122133,4,$553
Jim Radford,US-2018-103471,10,$604
Jim Sink,CA-2019-109806,6,$100
Jim Sink,CA-2019-155747,2,$337
Jim Sink,CA-2020-104864,29,$553
Jim Sink,CA-2020-169999,5,$141
Jocasta Rupert,CA-2020-117079,3,$864
Joe Elijah,CA-2017-126200,6,$38
Joe Elijah,CA-2018-110877,9,$187
Joe Elijah,CA-2018-129770,4,$49
Joe Elijah,CA-2019-105081,8,"$2,446"
Joe Elijah,CA-2019-106950,31,"$1,854"
Joe Elijah,CA-2019-112109,16,$725
Joe Elijah,CA-2019-169670,8,"$2,563"
Joe Elijah,CA-2020-124261,8,$34
Joe Elijah,CA-2020-126914,5,$776
Joe Elijah,US-2020-105697,2,$26
Joe Kamberova,CA-2017-150798,17,"$1,614"
Joe Kamberova,CA-2017-163468,20,"$1,109"
Joe Kamberova,CA-2018-111199,3,$115
Joe Kamberova,CA-2018-127607,11,$21
Joe Kamberova,CA-2019-105256,5,"$1,364"
Joe Kamberova,CA-2019-108616,15,$299
Joe Kamberova,CA-2020-128426,5,$4
Joe Kamberova,CA-2020-137918,7,$97
Joe Kamberova,CA-2020-155936,3,$3
Joe Kamberova,US-2020-153255,2,$240
Joel Eaton,CA-2017-142048,6,$197
Joel Eaton,CA-2018-139731,8,"$2,717"
Joel Eaton,CA-2019-113621,5,$352
Joel Eaton,CA-2019-144729,3,$154
Joel Eaton,CA-2020-108070,5,$309
Joel Eaton,CA-2020-129462,8,$741
Joel Eaton,CA-2020-161053,9,$727
Joel Eaton,US-2017-147606,5,$19
Joel Eaton,US-2018-101511,12,$413
Joel Eaton,US-2018-134026,11,"$1,002"
Joel Eaton,US-2018-168914,8,$21
Joel Eaton,US-2019-162026,2,$62
Joel Eaton,US-2020-141852,8,$47
Joel Jenkins,CA-2018-103205,5,$120
Joel Jenkins,CA-2018-115091,6,$75
John Castell,CA-2017-109127,6,$17
John Castell,CA-2017-159184,7,$150
John Castell,CA-2018-127824,8,$278
John Castell,CA-2019-118626,7,$706
John Castell,CA-2020-109393,3,$436
John Castell,CA-2020-112039,3,$470
John Castell,CA-2020-118360,9,$43
John Castell,CA-2020-121293,17,$477
John Castell,US-2020-120607,4,$196
John Dryer,CA-2018-134719,6,"$1,802"
John Dryer,CA-2019-134138,2,$228
John Dryer,CA-2020-143294,2,$11
John Dryer,CA-2020-152485,13,$40
John Dryer,US-2018-159513,3,$72
John Grady,CA-2017-104829,7,$22
John Grady,CA-2017-132801,10,$107
John Grady,CA-2017-151001,8,$102
John Grady,CA-2018-120446,3,$19
John Grady,CA-2019-100790,10,$719
John Grady,CA-2020-167899,8,$538
John Huston,CA-2018-102778,1,$18
John Huston,CA-2018-133536,3,$23
John Huston,CA-2018-169537,2,$8
John Huston,CA-2020-117870,9,$194
John Huston,CA-2020-132122,5,$229
John Huston,US-2017-107699,9,$57
John Lee,CA-2017-110849,15,$323
John Lee,CA-2017-127299,9,"$2,692"
John Lee,CA-2019-154788,2,$8
John Lee,CA-2020-105193,5,$11
John Lee,CA-2020-161333,10,$272
John Lee,CA-2020-164028,14,$224
John Lee,CA-2020-167913,9,$357
John Lee,US-2017-138758,4,$241
John Lee,US-2018-138121,21,"$1,234"
John Lee,US-2020-161935,33,"$2,611"
John Lee,US-2020-167920,21,"$1,828"
John Lucas,CA-2018-112557,3,$206
John Lucas,CA-2018-120880,13,$741
John Lucas,CA-2018-142944,9,"$1,555"
John Lucas,US-2017-164644,1,$27
John Lucas,US-2018-142811,5,$88
John Lucas,US-2019-150147,7,$108
John Murray,CA-2017-144624,7,"$4,549"
John Murray,CA-2018-107685,8,$107
John Murray,CA-2018-158148,3,$36
John Murray,CA-2019-130393,11,$345
John Murray,CA-2020-166576,2,$221
John Murray,US-2018-128090,16,"$2,200"
John Murray,US-2020-109582,3,$166
John Stevenson,CA-2017-121769,1,$172
John Stevenson,CA-2019-110492,10,"$1,366"
John Stevenson,CA-2019-115483,5,$220
John Stevenson,CA-2019-162082,13,$392
John Stevenson,US-2018-126214,14,"$1,718"
Jonathan Doherty,CA-2017-122336,39,$631
Jonathan Doherty,CA-2017-127866,11,$602
Jonathan Doherty,CA-2017-138436,3,$66
Jonathan Doherty,CA-2018-127481,7,$130
Jonathan Doherty,CA-2019-110366,2,$83
Jonathan Doherty,CA-2019-136329,6,$573
Jonathan Doherty,CA-2019-142545,21,"$1,264"
Jonathan Doherty,CA-2019-143805,12,"$2,145"
Jonathan Doherty,CA-2019-144218,7,"$1,085"
Jonathan Doherty,CA-2019-157161,26,$199
Jonathan Doherty,CA-2019-168046,16,$832
Jonathan Howell,CA-2018-104115,2,$56
Jonathan Howell,CA-2018-118843,10,$200
Jonathan Howell,CA-2019-130162,9,$395
Jonathan Howell,CA-2020-152226,2,$6
Jonathan Howell,US-2019-115952,5,$29
Jonathan Howell,US-2020-112613,4,$54
Jonathan Howell,US-2020-152380,3,$219
Joni Blumstein,CA-2017-150203,6,$250
Joni Blumstein,CA-2018-169397,22,$628
Joni Blumstein,US-2018-167220,4,$22
Joni Sundaresam,CA-2017-130274,7,$22
Joni Sundaresam,CA-2019-124016,14,$52
Joni Sundaresam,US-2017-166310,2,$9
Joni Sundaresam,US-2018-101399,7,$255
Joni Sundaresam,US-2019-134908,7,$132
Joni Wasserman,CA-2019-111605,1,$3
Joni Wasserman,CA-2020-107209,4,$195
Joni Wasserman,CA-2020-117023,12,$116
Joni Wasserman,CA-2020-163510,8,$400
Joni Wasserman,CA-2020-166198,4,$174
Joni Wasserman,CA-2020-168837,2,$9
Joni Wasserman,US-2018-164238,10,$346
Joseph Airdo,CA-2017-131947,31,$318
Joseph Airdo,CA-2017-151295,5,$641
Joseph Airdo,CA-2019-116526,21,$478
Joseph Airdo,CA-2020-102414,6,$50
Joseph Airdo,CA-2020-128335,8,$75
Joseph Airdo,CA-2020-152261,4,$19
Joseph Airdo,CA-2020-158379,10,"$4,749"
Joseph Airdo,US-2020-150070,2,$162
Joseph Holt,CA-2017-169726,7,"$2,061"
Joseph Holt,CA-2018-109638,16,"$1,055"
Joseph Holt,CA-2018-116638,13,"$4,298"
Joseph Holt,CA-2019-148908,2,$53
Joseph Holt,CA-2019-151372,6,$112
Joseph Holt,CA-2020-135860,20,$376
Joy Bell-,CA-2019-121993,8,$24
Joy Bell-,CA-2019-163937,5,$25
Joy Bell-,CA-2020-107713,3,$174
Joy Bell-,CA-2020-124674,2,$328
Joy Bell-,CA-2020-168179,3,$19
Joy Bell-,US-2020-157224,9,$57
Joy Bell-,US-2020-159562,2,$17
Joy Daniels,CA-2017-102085,4,$29
Joy Daniels,CA-2017-110611,5,$84
Joy Daniels,CA-2017-148950,9,$43
Joy Daniels,CA-2020-152198,11,$29
Joy Daniels,CA-2020-156818,6,$133
Joy Daniels,US-2020-152569,4,$68
Joy Smith,CA-2017-156545,4,$19
Joy Smith,CA-2019-160220,15,$339
Joy Smith,CA-2019-163776,24,"$1,111"
Joy Smith,CA-2020-125990,3,$40
Joy Smith,CA-2020-163265,15,$705
Joy Smith,US-2020-147221,9,$303
Julia Barnett,CA-2018-107937,6,$666
Julia Barnett,CA-2019-139269,15,"$1,312"
Julia Barnett,CA-2019-158302,3,$11
Julia Barnett,CA-2020-110625,2,$27
Julia Barnett,US-2019-155173,6,$502
Julia Dunbar,CA-2017-123344,4,$212
Julia Dunbar,CA-2020-168123,11,$376
Julia Dunbar,US-2018-125374,2,$108
Julia West,CA-2018-106208,7,$53
Julia West,CA-2018-120621,21,"$1,270"
Julia West,CA-2019-101385,4,$17
Julia West,CA-2019-109176,6,$89
Juliana Krohn,CA-2018-107678,13,$893
Juliana Krohn,CA-2020-141117,26,$375
Juliana Krohn,CA-2020-160885,4,"$2,480"
Julie Creighton,CA-2017-141173,5,$67
Julie Creighton,CA-2018-149734,7,$201
Julie Creighton,CA-2020-126046,3,$12
Julie Creighton,CA-2020-139913,21,$143
Julie Creighton,US-2017-167738,7,$435
Julie Kriz,CA-2017-120670,10,$800
Julie Kriz,CA-2018-130022,8,$75
Julie Kriz,CA-2018-134859,7,$86
Julie Kriz,CA-2019-113425,2,$114
Julie Kriz,CA-2019-117849,3,$144
Julie Kriz,CA-2019-150945,4,$900
Julie Kriz,CA-2020-100783,1,$30
Julie Kriz,CA-2020-140298,7,$95
Julie Kriz,CA-2020-154039,4,$606
Julie Kriz,US-2019-100566,3,$84
Julie Prescott,CA-2017-113964,4,$18
Julie Prescott,CA-2018-152513,2,$23
Julie Prescott,CA-2019-124562,7,$13
Julie Prescott,CA-2019-134180,8,$542
Julie Prescott,CA-2019-146171,8,$558
Julie Prescott,CA-2020-139787,5,$35
Julie Prescott,CA-2020-150525,5,$20
Julie Prescott,US-2019-111528,5,$488
Julie Prescott,US-2020-106796,3,$10
Justin Deggeller,CA-2017-119144,10,$731
Justin Deggeller,CA-2018-145184,6,$189
Justin Deggeller,CA-2019-116911,7,"$1,149"
Justin Deggeller,CA-2019-147067,3,$19
Justin Deggeller,CA-2020-155880,11,"$1,987"
Justin Deggeller,CA-2020-168858,10,"$2,521"
Justin Deggeller,US-2018-147739,4,$547
Justin Deggeller,US-2018-163279,9,"$1,685"
Justin Ellison,CA-2019-114489,27,"$2,658"
Justin Ellison,US-2020-135503,2,$15
Justin Ellison,US-2020-146416,5,$25
Justin Hirsh,CA-2018-126739,4,$328
Justin Hirsh,CA-2018-138898,13,$846
Justin Hirsh,CA-2019-161907,7,$888
Justin Hirsh,US-2019-114293,4,$195
Justin MacKendrick,CA-2017-157721,2,$91
Justin MacKendrick,CA-2017-160094,10,"$1,001"
Justin MacKendrick,CA-2018-116092,21,$627
Justin MacKendrick,CA-2018-145485,4,$63
Justin MacKendrick,CA-2019-158547,5,$124
Justin MacKendrick,CA-2020-130834,3,$16
Justin MacKendrick,CA-2020-151008,6,$152
Justin MacKendrick,CA-2020-158169,7,$598
Justin MacKendrick,US-2018-136427,7,$126
Justin MacKendrick,US-2019-117541,9,$36
Justin Ritter,CA-2018-142202,9,$717
Justin Ritter,CA-2020-143378,16,$698
Justin Ritter,CA-2020-159506,9,$656
Justin Ritter,US-2019-112396,5,$122
Justin Ritter,US-2019-114622,2,$9
Kalyca Meade,CA-2018-108665,15,$896
Kalyca Meade,CA-2019-119935,4,$119
Kalyca Meade,CA-2020-116358,9,$46
Kalyca Meade,CA-2020-137463,20,$420
Kalyca Meade,CA-2020-148012,1,$3
Kalyca Meade,US-2018-138093,23,$776
Karen Bern,CA-2017-101770,1,$2
Karen Bern,CA-2018-102848,1,$191
Karen Bern,CA-2018-134922,2,$24
Karen Bern,CA-2019-125017,4,$132
Karen Bern,CA-2020-136238,3,$16
Karen Bern,CA-2020-142034,13,"$1,332"
Karen Bern,CA-2020-162015,10,"$1,456"
Karen Carlisle,CA-2017-163293,7,$117
Karen Carlisle,CA-2018-109470,24,$596
Karen Carlisle,CA-2018-159590,2,$6
Karen Carlisle,CA-2019-105760,2,$17
Karen Carlisle,US-2019-128293,1,$65
Karen Carlisle,US-2019-138408,4,"$1,320"
Karen Daniels,CA-2017-165309,27,"$1,639"
Karen Daniels,CA-2018-110870,13,$326
Karen Daniels,CA-2019-119823,2,$76
Karen Daniels,CA-2019-130407,4,$115
Karen Daniels,US-2019-143819,18,"$6,126"
Karen Ferguson,CA-2017-132451,6,$605
Karen Ferguson,CA-2019-159016,13,"$4,174"
Karen Ferguson,CA-2020-112333,9,"$2,634"
Karen Ferguson,CA-2020-149559,12,"$2,089"
Karen Ferguson,CA-2020-166296,3,$315
Karen Ferguson,US-2020-132675,15,$148
Karen Ferguson,US-2020-148362,9,$640
Karen Seio,CA-2018-155124,3,$17
Karen Seio,CA-2018-169677,2,$10
Karen Seio,CA-2020-155824,5,$62
Karl Braun,CA-2017-103331,8,$31
Karl Braun,CA-2018-111703,6,$28
Karl Braun,CA-2018-131758,8,$61
Karl Braun,CA-2018-149587,7,$99
Karl Braun,CA-2018-168277,3,$12
Karl Braun,CA-2019-133123,5,$99
Karl Braun,CA-2020-147354,7,$511
Karl Braun,US-2017-159611,5,$301
Karl Braun,US-2018-147662,13,$428
Katharine Harms,CA-2017-138359,6,$73
Katharine Harms,CA-2017-140396,16,$908
Katharine Harms,CA-2017-160738,2,$45
Katharine Harms,CA-2019-153577,10,$577
Katharine Harms,CA-2019-157763,1,$141
Katharine Harms,CA-2020-120404,7,$624
Katharine Harms,CA-2020-128944,18,$921
Katharine Harms,CA-2020-158120,10,$24
Katherine Ducich,CA-2017-113579,6,$90
Katherine Ducich,CA-2018-145814,6,$868
Katherine Ducich,CA-2020-121468,4,$32
Katherine Ducich,CA-2020-157833,3,$51
Katherine Ducich,US-2017-138828,8,$73
Katherine Ducich,US-2018-123218,9,$775
Katherine Hughes,CA-2017-118304,2,$20
Katherine Hughes,CA-2017-127166,12,$187
Katherine Hughes,CA-2019-101469,2,$8
Katherine Hughes,CA-2019-137743,6,"$1,046"
Katherine Hughes,CA-2020-131156,4,$25
Katherine Hughes,US-2020-158526,14,"$1,815"
Katherine Murray,CA-2017-133592,19,"$2,846"
Katherine Murray,CA-2017-143903,10,"$1,341"
Katherine Murray,CA-2018-148628,5,$33
Katherine Murray,CA-2018-163734,5,$229
Katherine Murray,CA-2019-149454,1,$10
Katherine Murray,CA-2019-159212,5,$274
Katherine Murray,CA-2020-135937,22,$883
Katherine Murray,CA-2020-159135,2,$4
Katherine Nockton,CA-2017-132864,5,$120
Katherine Nockton,CA-2018-109001,11,$479
Katherine Nockton,CA-2018-132388,6,$393
Katherine Nockton,CA-2018-154823,6,$637
Katherine Nockton,CA-2020-113460,3,$273
Katherine Nockton,CA-2020-113908,12,$509
Katherine Nockton,CA-2020-129581,3,$129
Katherine Nockton,CA-2020-140802,7,$69
Katherine Nockton,CA-2020-164959,3,$9
Katrina Bavinger,CA-2018-112305,11,$155
Katrina Bavinger,CA-2020-101182,5,$56
Katrina Bavinger,CA-2020-161067,9,$698
Katrina Edelman,CA-2017-112291,7,$233
Katrina Edelman,CA-2017-120096,6,$210
Katrina Edelman,CA-2019-140417,10,$65
Katrina Edelman,CA-2020-113873,7,$268
Katrina Edelman,CA-2020-147550,3,$11
Katrina Edelman,US-2017-109162,3,$170
Katrina Edelman,US-2018-163685,18,$48
Katrina Edelman,US-2018-166520,13,$681
Katrina Willman,CA-2018-102491,14,"$3,748"
Katrina Willman,CA-2019-146682,5,$67
Katrina Willman,CA-2020-115805,1,$37
Katrina Willman,CA-2020-144904,15,$562
Katrina Willman,US-2018-149692,7,$3
Kean Nguyen,CA-2017-112718,1,$1
Kean Nguyen,CA-2017-154599,28,"$1,840"
Kean Nguyen,CA-2018-123456,2,$49
Kean Nguyen,CA-2018-155145,8,$8
Kean Nguyen,CA-2020-155621,10,$274
Kean Takahito,CA-2017-146283,13,"$1,167"
Kean Takahito,CA-2018-158456,8,$66
Kean Takahito,CA-2019-112060,1,$105
Kean Takahito,CA-2019-112669,8,$977
Kean Takahito,US-2017-117170,3,$53
Kean Takahito,US-2017-151925,2,$146
Kean Takahito,US-2019-133879,10,$545
Kean Thornton,CA-2017-116666,5,"$1,800"
Kean Thornton,CA-2017-155887,3,$700
Kean Thornton,CA-2018-132570,4,$83
Kean Thornton,CA-2019-146206,10,"$1,021"
Kean Thornton,CA-2020-105326,4,$26
Kean Thornton,CA-2020-123351,1,$80
Kean Thornton,CA-2020-126718,1,$5
Kean Thornton,CA-2020-142461,1,$205
Kean Thornton,CA-2020-159107,1,$3
Kean Thornton,US-2017-140116,7,$720
Keith Dawkins,CA-2017-125136,10,$107
Keith Dawkins,CA-2018-114811,16,"$5,851"
Keith Dawkins,CA-2018-121650,7,"$1,000"
Keith Dawkins,CA-2018-125066,4,$62
Keith Dawkins,CA-2019-117226,6,$7
Keith Dawkins,CA-2019-123337,6,$291
Keith Dawkins,CA-2020-100825,3,$100
Keith Dawkins,CA-2020-104619,8,$413
Keith Dawkins,CA-2020-167542,3,$18
Keith Dawkins,US-2018-148817,8,$126
Keith Dawkins,US-2019-104794,2,$4
Keith Dawkins,US-2019-113985,11,$203
Keith Herrera,CA-2017-138023,8,$31
Keith Herrera,CA-2017-152233,2,$100
Keith Herrera,CA-2018-104948,13,$723
Keith Herrera,CA-2018-133242,12,"$1,046"
Keith Herrera,CA-2020-111262,7,$66
Keith Herrera,CA-2020-117457,46,"$3,956"
Keith Herrera,US-2017-109036,3,$31
Kelly Andreada,CA-2017-158337,14,$109
Kelly Andreada,CA-2018-142993,4,$100
Kelly Andreada,CA-2018-152611,7,$287
Kelly Andreada,CA-2019-124051,6,$186
Kelly Andreada,CA-2020-116498,6,$35
Kelly Andreada,CA-2020-168641,15,$519
Kelly Andreada,US-2020-110996,5,$284
Kelly Collister,CA-2018-125416,9,$448
Kelly Collister,CA-2019-134691,2,$2
Kelly Collister,CA-2019-145625,14,"$3,355"
Kelly Collister,CA-2020-108910,3,$103
Kelly Lampkin,CA-2017-111451,22,$855
Kelly Lampkin,CA-2019-160395,9,$163
Kelly Lampkin,CA-2020-103478,11,$97
Kelly Lampkin,CA-2020-147333,9,$205
Kelly Lampkin,CA-2020-147760,8,"$1,884"
Kelly Lampkin,US-2017-141215,9,$906
Kelly Lampkin,US-2019-129469,8,$538
Kelly Lampkin,US-2019-153815,8,$368
Kelly Williams,CA-2017-140886,6,$69
Kelly Williams,CA-2018-102722,6,$107
Kelly Williams,US-2018-124219,7,$241
Kelly Williams,US-2018-158589,3,$32
Ken Black,CA-2017-129168,3,$16
Ken Black,CA-2017-149538,12,$365
Ken Black,CA-2017-153913,11,"$1,016"
Ken Black,CA-2018-101924,2,$10
Ken Black,CA-2018-103716,8,$54
Ken Black,CA-2018-138674,12,$260
Ken Black,CA-2019-108868,7,$130
Ken Black,CA-2019-116547,6,$150
Ken Black,CA-2019-137330,14,$80
Ken Black,CA-2020-129357,14,$505
Ken Black,CA-2020-159352,7,$70
Ken Black,US-2018-118906,6,$90
Ken Brennan,CA-2017-130960,3,$10
Ken Brennan,CA-2018-157035,3,$34
Ken Brennan,CA-2019-149671,6,$61
Ken Brennan,CA-2019-168361,1,$1
Ken Brennan,CA-2020-158673,2,$210
Ken Brennan,CA-2020-159156,5,$630
Ken Brennan,US-2020-118038,9,$38
Ken Dana,CA-2019-144792,7,$112
Ken Dana,CA-2020-129294,16,$541
Ken Dana,CA-2020-155712,2,$108
Ken Dana,US-2018-129007,23,"$1,336"
Ken Dana,US-2019-102141,8,$147
Ken Heidel,CA-2017-102673,29,"$1,044"
Ken Heidel,CA-2018-109575,21,"$2,504"
Ken Heidel,CA-2018-132633,3,$12
Ken Heidel,CA-2019-100153,4,$64
Ken Heidel,CA-2019-103037,4,$16
Ken Heidel,CA-2020-147403,3,$85
Ken Heidel,CA-2020-152275,6,$7
Ken Heidel,CA-2020-164049,5,$24
Ken Heidel,CA-2020-166898,9,$163
Ken Lonsdale,CA-2017-143917,17,"$8,319"
Ken Lonsdale,CA-2017-154641,1,$375
Ken Lonsdale,CA-2018-115798,15,$810
Ken Lonsdale,CA-2018-128167,4,$5
Ken Lonsdale,CA-2018-131072,3,$98
Ken Lonsdale,CA-2019-133550,12,"$1,311"
Ken Lonsdale,CA-2019-133725,9,"$1,980"
Ken Lonsdale,CA-2019-157742,3,$28
Ken Lonsdale,CA-2019-157749,25,$678
Ken Lonsdale,CA-2020-112900,8,$478
Ken Lonsdale,CA-2020-164042,11,$70
Ken Lonsdale,US-2020-140312,5,$22
Khloe Miller,CA-2017-133543,4,$12
Khloe Miller,CA-2019-132990,2,$19
Khloe Miller,CA-2019-140046,3,$19
Khloe Miller,CA-2020-154116,10,$274
Khloe Miller,US-2018-168732,11,$130
Kimberly Carter,CA-2017-129819,3,$12
Kimberly Carter,CA-2019-138695,21,$452
Kimberly Carter,CA-2020-123687,5,$234
Kimberly Carter,CA-2020-142636,11,$447
Kristen Hastings,CA-2017-163223,22,"$3,770"
Kristen Hastings,CA-2018-119102,3,$51
Kristen Hastings,CA-2018-150714,31,"$1,215"
Kristen Hastings,CA-2019-103891,6,$96
Kristen Hastings,CA-2020-118864,1,$120
Kristen Hastings,CA-2020-163979,4,$726
Kristen Hastings,US-2018-120957,2,$13
Kristina Nunn,CA-2017-107524,7,$48
Kristina Nunn,CA-2017-157609,2,$472
Kristina Nunn,CA-2018-105613,9,$101
Kristina Nunn,CA-2019-140613,5,$86
Kristina Nunn,CA-2020-102554,2,$4
Kristina Nunn,CA-2020-126067,16,"$1,278"
Kristina Nunn,CA-2020-138422,3,$14
Kristina Nunn,US-2017-143287,11,$278
Kunst Miller,CA-2017-100678,11,$697
Kunst Miller,CA-2017-126760,17,"$1,891"
Kunst Miller,CA-2017-169033,5,$50
Kunst Miller,CA-2018-135545,15,$266
Kunst Miller,CA-2019-109666,19,$633
Kunst Miller,CA-2020-167395,14,"$1,271"
Kunst Miller,US-2017-157021,6,$47
Kunst Miller,US-2018-106873,11,$54
Larry Blacks,CA-2019-111115,6,$21
Larry Blacks,CA-2020-154088,5,$27
Larry Blacks,CA-2020-160045,1,$2
Larry Hughes,CA-2017-117478,3,$7
Larry Hughes,CA-2020-129707,4,$9
Larry Hughes,CA-2020-133235,5,$272
Larry Tron,CA-2017-126522,3,$54
Larry Tron,CA-2020-160031,3,$74
Larry Tron,US-2018-122910,2,$202
Laura Armstrong,CA-2017-107811,7,$662
Laura Armstrong,CA-2017-163552,25,"$1,369"
Laura Armstrong,CA-2018-125395,2,$42
Laura Armstrong,CA-2018-129700,7,$22
Laura Armstrong,CA-2019-108882,14,$728
Laura Armstrong,CA-2019-122903,11,"$3,964"
Laura Armstrong,CA-2019-123806,4,$208
Laura Armstrong,CA-2019-132829,20,$921
Laura Armstrong,CA-2019-155187,7,$84
Laura Armstrong,CA-2019-164091,5,$547
Laura Armstrong,CA-2020-130771,3,$128
Laurel Beltran,CA-2019-124583,1,$13
Laurel Beltran,CA-2019-131968,5,$681
Laurel Beltran,CA-2020-118199,15,$806
Laurel Beltran,CA-2020-147032,9,$873
Laurel Beltran,US-2017-150119,16,$593
Laurel Beltran,US-2019-155768,9,"$1,216"
Laurel Beltran,US-2019-157490,19,$802
Laurel Beltran,US-2019-162103,2,$3
Laurel Elliston,CA-2017-100706,8,$129
Laurel Elliston,CA-2018-131779,5,$30
Laurel Elliston,CA-2019-157245,2,$642
Laurel Elliston,CA-2020-108329,4,$445
Laurel Elliston,US-2017-117058,6,$17
Laurel Elliston,US-2020-150595,7,$206
Laurel Workman,CA-2017-103429,14,$765
Laurel Workman,CA-2017-160773,8,$581
Laurel Workman,CA-2017-164721,13,$372
Laurel Workman,CA-2019-109827,10,$499
Laurel Workman,CA-2020-144820,5,$21
Lauren Leatherbury,CA-2017-134061,2,$17
Lauren Leatherbury,CA-2017-153927,16,$287
Lauren Leatherbury,CA-2018-137974,19,"$2,299"
Lauren Leatherbury,CA-2018-164833,4,$17
Lauren Leatherbury,CA-2020-120222,6,$92
Lauren Leatherbury,US-2020-163195,3,$29
Lela Donovan,CA-2019-152331,3,$5
Lena Cacioppo,CA-2018-150770,11,$461
Lena Cacioppo,CA-2019-110898,14,$309
Lena Cacioppo,CA-2019-111283,7,$111
Lena Cacioppo,CA-2019-167584,1,$6
Lena Cacioppo,CA-2020-113705,18,$875
Lena Cacioppo,CA-2020-118017,38,$306
Lena Cacioppo,US-2018-156867,12,$378
Lena Cacioppo,US-2020-125647,12,$134
Lena Creighton,CA-2017-110100,3,$302
Lena Creighton,CA-2017-139192,13,"$1,213"
Lena Creighton,CA-2018-106362,3,$10
Lena Creighton,CA-2018-124058,10,$645
Lena Creighton,CA-2018-157133,5,$152
Lena Creighton,CA-2019-103359,2,$26
Lena Creighton,CA-2019-107146,7,$749
Lena Creighton,CA-2019-145583,33,$256
Lena Creighton,CA-2020-143861,2,$17
Lena Creighton,CA-2020-157448,6,$132
Lena Creighton,US-2018-163825,5,"$3,184"
Lena Creighton,US-2020-113992,4,$975
Lena Hernandez,CA-2017-109855,5,$381
Lena Hernandez,CA-2017-123323,7,$123
Lena Hernandez,CA-2017-126277,3,$3
Lena Hernandez,CA-2019-113733,8,$334
Lena Hernandez,CA-2019-169194,5,$67
Lena Hernandez,US-2017-156559,9,$639
Lena Hernandez,US-2018-136749,11,$434
Lena Hernandez,US-2020-103814,9,$144
Lena Hernandez,US-2020-169320,7,$171
Lena Radford,CA-2017-131450,18,"$2,050"
Lena Radford,CA-2018-141327,12,$440
Lena Radford,CA-2019-125206,2,$114
Lena Radford,CA-2019-126732,27,"$1,804"
Lena Radford,CA-2020-109183,2,$649
Lena Radford,US-2019-148803,3,$85
Linda Cazamias,CA-2017-109491,7,$83
Linda Cazamias,CA-2019-107202,10,"$2,396"
Linda Cazamias,CA-2019-111913,8,$335
Linda Cazamias,CA-2019-143476,8,$33
Linda Cazamias,CA-2019-152289,8,"$1,185"
Linda Cazamias,CA-2020-120999,4,$147
Linda Cazamias,CA-2020-167080,5,$8
Linda Cazamias,US-2020-137491,2,$305
Linda Southworth,CA-2018-115420,2,$21
Linda Southworth,CA-2019-114727,14,"$2,332"
Linda Southworth,CA-2019-134362,4,$16
Linda Southworth,CA-2020-100223,28,$396
Linda Southworth,CA-2020-108000,1,$10
Linda Southworth,US-2020-128832,2,$70
Lindsay Castell,CA-2018-111038,9,"$2,677"
Lindsay Castell,CA-2018-132276,8,$38
Lindsay Castell,CA-2019-105753,5,$61
Lindsay Castell,US-2019-139262,8,$471
Lindsay Shagiari,CA-2017-137092,10,$862
Lindsay Shagiari,CA-2019-112025,3,$9
Lindsay Shagiari,CA-2020-108294,3,$35
Lindsay Shagiari,CA-2020-117702,11,"$1,072"
Lindsay Shagiari,CA-2020-164168,16,$256
Lindsay Shagiari,US-2017-147648,2,$82
Lindsay Shagiari,US-2018-118766,11,$8
Lindsay Shagiari,US-2018-138919,2,$344
Lindsay Shagiari,US-2019-125969,5,$320
Lindsay Williams,CA-2020-101245,13,$411
Lindsay Williams,CA-2020-102834,2,$200
Lindsay Williams,CA-2020-152142,2,$322
Lindsay Williams,CA-2020-158407,4,$104
Lindsay Williams,CA-2020-162978,9,$502
Lindsay Williams,US-2019-102239,8,"$1,692"
Lisa DeCherney,CA-2017-124856,18,"$1,609"
Lisa DeCherney,CA-2019-116379,2,$58
Lisa DeCherney,CA-2019-139878,2,$258
Lisa DeCherney,CA-2019-142762,3,$37
Lisa Hazard,CA-2018-114923,3,$108
Lisa Hazard,CA-2019-166443,7,$38
Lisa Hazard,CA-2020-105991,20,$121
Lisa Hazard,US-2017-115987,4,$51
Lisa Ryan,CA-2017-109918,11,$132
Lisa Ryan,CA-2018-102876,10,$806
Lisa Ryan,CA-2019-143406,7,$548
Lisa Ryan,CA-2020-103506,4,$41
Lisa Ryan,CA-2020-119011,12,$352
Liz Carlisle,CA-2017-115161,2,$291
Liz Carlisle,CA-2017-129147,16,$609
Liz Carlisle,CA-2019-118514,4,$866
Liz Carlisle,CA-2020-137498,16,$298
Liz Carlisle,US-2020-119319,5,$31
Liz MacKendrick,CA-2017-104283,10,$616
Liz MacKendrick,CA-2018-169740,1,$30
Liz MacKendrick,CA-2019-105263,9,$38
Liz MacKendrick,CA-2019-105277,3,$16
Liz MacKendrick,US-2018-120161,9,$647
Liz Pelletier,CA-2017-159814,2,$4
Liz Pelletier,CA-2019-116722,16,$525
Liz Pelletier,CA-2020-118731,10,$127
Liz Pelletier,CA-2020-133823,11,$101
Liz Preis,CA-2019-103709,12,$311
Liz Preis,CA-2019-112830,5,$549
Liz Preis,CA-2019-118969,6,$55
Liz Preis,CA-2020-102736,12,$177
Liz Preis,CA-2020-106782,1,$375
Liz Preis,CA-2020-121790,11,"$2,114"
Liz Preis,CA-2020-121804,5,$73
Liz Thompson,CA-2018-154620,2,$349
Liz Thompson,CA-2018-168207,19,$739
Liz Thompson,CA-2019-157364,2,$18
Liz Thompson,CA-2019-159373,12,$629
Liz Thompson,CA-2020-122700,8,$221
Liz Thompson,CA-2020-147725,3,$71
Liz Thompson,US-2017-165659,13,$904
Liz Thompson,US-2018-104430,4,$5
Liz Willingham,CA-2017-112837,3,$128
Liz Willingham,CA-2019-157280,10,"$1,121"
Liz Willingham,CA-2020-117436,2,$10
Logan Currie,CA-2017-102869,13,$233
Logan Currie,CA-2018-119907,2,$55
Logan Currie,CA-2019-101693,4,$118
Logan Currie,CA-2019-130477,7,$98
Logan Currie,CA-2019-137043,9,$859
Logan Currie,CA-2020-133431,8,$28
Logan Currie,CA-2020-162789,10,"$1,083"
Logan Currie,CA-2020-169439,7,$92
Logan Currie,US-2020-116701,2,$66
Logan Haushalter,CA-2017-113320,9,$31
Logan Haushalter,CA-2018-121965,6,$206
Logan Haushalter,CA-2019-133340,4,$133
Logan Haushalter,CA-2019-141019,1,$79
Logan Haushalter,CA-2019-144092,9,$344
Logan Haushalter,CA-2019-154739,2,$322
Logan Haushalter,US-2019-131149,7,$492
Logan Haushalter,US-2019-131912,1,$12
Logan Haushalter,US-2019-139486,5,$121
Lori Olson,CA-2018-104038,8,$177
Lori Olson,CA-2018-143238,4,$46
Lori Olson,CA-2020-118367,2,$48
Lori Olson,CA-2020-141572,8,$247
Lori Olson,CA-2020-163860,12,$126
Luke Foster,CA-2017-110030,3,$24
Luke Foster,CA-2017-113166,2,$10
Luke Foster,CA-2017-169019,31,"$2,657"
Luke Foster,CA-2018-109512,14,$976
Luke Foster,CA-2019-106341,3,$7
Luke Foster,CA-2020-118521,2,$38
Luke Foster,CA-2020-148264,14,$219
Luke Schmidt,CA-2017-115084,6,$605
Luke Schmidt,CA-2017-141110,9,$67
Luke Schmidt,CA-2019-160129,14,$101
Luke Schmidt,CA-2020-131618,10,$24
Luke Schmidt,CA-2020-169929,5,$40
Luke Schmidt,US-2020-165869,10,$173
Luke Weiss,CA-2017-116246,6,"$3,785"
Luke Weiss,CA-2019-111416,5,$232
Luke Weiss,CA-2019-132997,14,"$1,030"
Luke Weiss,CA-2020-102218,2,$12
Luke Weiss,CA-2020-102659,5,$55
Luke Weiss,CA-2020-166128,12,$242
Luke Weiss,US-2019-117037,15,$64
Lycoris Saunders,CA-2017-130813,3,$19
Lycoris Saunders,CA-2018-118955,8,$253
Lycoris Saunders,US-2018-111927,5,$96
Lynn Smith,CA-2017-124730,24,$415
Lynn Smith,CA-2018-165414,3,$48
Lynn Smith,CA-2019-136994,2,$13
Lynn Smith,CA-2019-152765,7,$173
Lynn Smith,CA-2020-135307,5,$164
Lynn Smith,US-2017-109456,6,$194
Magdelene Morse,CA-2017-108861,4,$137
Magdelene Morse,CA-2019-120355,5,$693
Magdelene Morse,CA-2020-138156,2,$148
Magdelene Morse,CA-2020-166142,6,$337
Marc Crier,CA-2017-107818,21,"$1,772"
Marc Crier,CA-2018-105599,5,$41
Marc Crier,CA-2018-114237,2,$142
Marc Crier,CA-2018-143119,6,$518
Marc Crier,CA-2018-168459,8,$58
Marc Crier,CA-2019-118899,7,$168
Marc Crier,CA-2019-146318,2,$13
Marc Crier,CA-2020-154949,3,$15
Marc Harrigan,CA-2017-116785,7,$34
Marc Harrigan,CA-2018-137603,5,$8
Marc Harrigan,CA-2020-169327,15,$703
Marc Harrigan,US-2019-108497,5,$599
Marc Harrigan,US-2019-135209,13,$63
Marc Harrigan,US-2020-141558,10,$987
Maria Bertelson,CA-2017-151708,7,$217
Maria Bertelson,CA-2018-113131,16,$98
Maria Bertelson,CA-2018-144288,6,$20
Maria Bertelson,CA-2018-145828,3,$53
Maria Bertelson,CA-2018-168529,5,$146
Maria Bertelson,CA-2019-118759,5,$448
Maria Bertelson,CA-2020-105074,3,$22
Maria Bertelson,CA-2020-149944,5,$94
Maria Bertelson,CA-2020-163125,10,$321
Maria Bertelson,CA-2020-169124,3,$129
Maria Etezadi,CA-2017-167199,24,"$4,375"
Maria Etezadi,CA-2018-144302,2,$6
Maria Etezadi,CA-2019-152555,17,"$1,702"
Maria Etezadi,CA-2019-159142,6,$178
Maria Etezadi,CA-2019-160717,14,"$3,528"
Maria Etezadi,CA-2020-129910,1,$60
Maria Etezadi,CA-2020-137624,2,$241
Maria Etezadi,CA-2020-143434,4,$20
Maria Etezadi,CA-2020-148474,6,$544
Maria Etezadi,US-2020-124926,6,$9
Maria Zettner,CA-2018-117611,4,$377
Maria Zettner,CA-2019-114748,3,$171
Maria Zettner,CA-2020-107314,3,$26
Maria Zettner,CA-2020-147144,1,$20
Maribeth Dona,CA-2017-114251,17,"$1,477"
Maribeth Dona,CA-2017-143371,14,"$1,050"
Maribeth Dona,CA-2018-134782,2,$105
Maribeth Dona,CA-2019-162383,10,$103
Maribeth Dona,CA-2020-109757,15,$50
Maribeth Dona,CA-2020-132290,4,$933
Maribeth Dona,CA-2020-149181,2,$48
Maribeth Schnelling,CA-2017-120278,14,$317
Maribeth Schnelling,CA-2017-127488,2,$5
Maribeth Schnelling,CA-2017-144407,7,$104
Maribeth Schnelling,CA-2018-120103,11,$226
Maribeth Schnelling,CA-2018-130659,15,"$2,202"
Maribeth Schnelling,CA-2018-140221,11,$257
Maribeth Schnelling,CA-2019-107104,25,"$4,104"
Maribeth Schnelling,CA-2019-150077,2,$90
Maribeth Schnelling,CA-2019-150658,3,$11
Maribeth Schnelling,CA-2020-147942,15,$127
Maribeth Yedwab,CA-2018-139290,2,$6
Maribeth Yedwab,CA-2020-132234,13,$547
Maribeth Yedwab,CA-2020-138618,2,$10
Maribeth Yedwab,CA-2020-163902,9,$677
Maribeth Yedwab,US-2019-105578,10,$874
Maribeth Yedwab,US-2020-101721,3,$63
Maribeth Yedwab,US-2020-128118,10,$77
Marina Lichtenstein,CA-2017-121762,7,$561
Marina Lichtenstein,CA-2017-134215,24,$617
Marina Lichtenstein,CA-2017-156349,6,$576
Marina Lichtenstein,CA-2017-164742,3,$265
Marina Lichtenstein,CA-2018-120845,8,$23
Marina Lichtenstein,CA-2019-137673,8,$116
Marina Lichtenstein,CA-2019-168830,3,$480
Marina Lichtenstein,CA-2020-150602,4,$21
Marina Lichtenstein,CA-2020-156363,9,$64
Maris LaWare,CA-2017-125556,17,$877
Maris LaWare,CA-2019-125794,1,$36
Maris LaWare,CA-2020-121580,7,$523
Maris LaWare,CA-2020-152079,5,$12
Maris LaWare,CA-2020-154109,5,$175
Maris LaWare,US-2020-142573,16,"$1,299"
Mark Cousins,CA-2017-140473,3,$720
Mark Cousins,CA-2018-161711,11,$130
Mark Cousins,CA-2019-130050,3,$10
Mark Cousins,CA-2019-133711,23,"$3,236"
Mark Cousins,US-2019-168095,8,$336
Mark Haberlin,CA-2017-104808,2,$17
Mark Haberlin,CA-2019-141523,5,$38
Mark Haberlin,CA-2019-163048,4,$242
Mark Haberlin,US-2017-164763,14,$104
Mark Hamilton,CA-2017-133305,9,$67
Mark Hamilton,CA-2017-160157,3,$191
Mark Hamilton,CA-2018-100888,3,$48
Mark Hamilton,CA-2019-113341,3,$194
Mark Hamilton,CA-2020-136364,10,$131
Mark Hamilton,CA-2020-146269,4,$309
Mark Hamilton,CA-2020-154809,8,$91
Mark Hamilton,US-2019-143448,5,"$1,425"
Mark Packer,CA-2017-145926,5,$480
Mark Packer,CA-2017-147914,2,$16
Mark Packer,CA-2017-162089,19,$715
Mark Packer,CA-2018-102281,26,"$1,669"
Mark Packer,CA-2018-103772,7,$260
Mark Packer,CA-2018-147851,4,$11
Mark Packer,CA-2019-141887,14,$55
Mark Van Huff,CA-2017-148614,4,$39
Mark Van Huff,CA-2018-119690,16,$129
Mark Van Huff,CA-2018-132948,5,$84
Mark Van Huff,CA-2019-133319,4,$192
Mark Van Huff,CA-2019-161361,6,$35
Mark Van Huff,CA-2020-103415,2,$14
Mark Van Huff,CA-2020-122308,2,$272
Mark Van Huff,CA-2020-122994,3,$360
Mark Van Huff,CA-2020-169894,10,$437
Mary O'Rourke,CA-2017-121167,2,$17
Mary O'Rourke,CA-2019-102981,5,$754
Mary O'Rourke,CA-2019-121601,7,$60
Mary O'Rourke,CA-2020-117653,1,$91
Mary Zewe,CA-2017-128524,10,"$2,159"
Mary Zewe,CA-2018-125178,2,$15
Mary Zewe,CA-2018-131457,7,$14
Mary Zewe,CA-2019-169922,15,$22
Mary Zewe,CA-2020-136511,3,$348
Mary Zewe,US-2017-128685,2,$7
MaryBeth Skach,CA-2017-133809,10,$21
MaryBeth Skach,CA-2017-149244,2,$35
MaryBeth Skach,CA-2018-108119,2,$302
MaryBeth Skach,CA-2019-169887,7,$117
Mathew Reese,CA-2017-117429,5,$130
Mathew Reese,CA-2020-111759,2,$53
Mathew Reese,US-2017-120236,5,$8
Mathew Reese,US-2020-139465,17,$449
Matt Abelman,CA-2017-124478,15,"$1,110"
Matt Abelman,CA-2017-140732,15,$708
Matt Abelman,CA-2017-168823,12,$32
Matt Abelman,CA-2018-110324,7,$42
Matt Abelman,CA-2018-130974,24,"$1,171"
Matt Abelman,CA-2018-143105,16,"$1,033"
Matt Abelman,CA-2019-128916,7,$15
Matt Abelman,CA-2020-107727,3,$29
Matt Abelman,CA-2020-110373,5,$34
Matt Abelman,CA-2020-158722,3,$46
Matt Abelman,US-2019-117793,10,$80
Matt Collins,CA-2017-101147,1,$2
Matt Collins,CA-2018-117772,6,$354
Matt Collins,CA-2018-125423,2,$10
Matt Collins,CA-2018-135314,3,$270
Matt Collins,CA-2020-115175,5,$245
Matt Collins,CA-2020-167703,5,$291
Matt Collins,US-2019-157840,5,$34
Matt Collins,US-2020-149510,13,$98
Matt Collister,CA-2017-127446,17,"$1,274"
Matt Collister,CA-2017-130673,12,$108
Matt Collister,CA-2019-113082,2,$40
Matt Collister,CA-2019-131835,6,$815
Matt Collister,CA-2019-157868,7,$25
Matt Collister,CA-2020-159597,3,$164
Matt Connell,CA-2017-103989,23,$591
Matt Connell,CA-2018-145394,7,$296
Matt Connell,CA-2019-145492,12,$39
Matt Connell,CA-2020-134810,6,$272
Matt Connell,CA-2020-145142,2,$211
Matt Connell,CA-2020-160962,3,$15
Matt Connell,US-2017-161613,3,$674
Matt Connell,US-2020-146213,4,$160
Matt Hagelstein,CA-2018-156440,2,$44
Matt Hagelstein,CA-2019-132017,2,$7
Matt Hagelstein,CA-2019-153185,6,$31
Matt Hagelstein,CA-2020-130841,9,"$1,171"
Matthew Clasen,CA-2017-164861,4,$26
Matthew Clasen,CA-2019-139010,17,$512
Matthew Clasen,US-2017-120175,6,$64
Matthew Clasen,US-2020-151316,6,$193
Matthew Grinstein,CA-2017-166471,6,"$1,310"
Matthew Grinstein,CA-2019-105284,3,$4
Matthew Grinstein,CA-2019-139395,18,$732
Matthew Grinstein,CA-2020-145660,2,$8
Matthew Grinstein,CA-2020-152135,8,$445
Matthew Grinstein,CA-2020-152933,12,"$1,172"
Matthew Grinstein,US-2020-169502,8,$113
Maureen Fritzler,CA-2019-114307,16,$122
Maureen Fritzler,CA-2019-126543,2,$15
Maureen Fritzler,CA-2019-165827,6,$50
Maureen Fritzler,US-2017-169789,5,$552
Maureen Fritzler,US-2019-102232,7,$197
Maureen Gastineau,CA-2017-110072,4,$94
Maureen Gastineau,CA-2018-151043,2,$48
Maureen Gastineau,CA-2020-121300,15,$693
Maureen Gastineau,US-2020-109316,4,"$1,515"
Maureen Gnade,CA-2017-139598,11,$362
Maureen Gnade,CA-2018-164007,5,$146
Maureen Gnade,US-2019-142685,7,$835
Maurice Satty,CA-2017-133228,5,$85
Maurice Satty,CA-2017-143637,2,$40
Maurice Satty,CA-2018-123939,9,$469
Maurice Satty,CA-2018-134257,7,$499
Maurice Satty,CA-2019-119186,11,$477
Maurice Satty,CA-2019-134348,14,$43
Max Engle,CA-2017-124807,13,$60
Max Engle,CA-2018-155635,3,$49
Max Engle,CA-2018-161830,5,$51
Max Engle,CA-2020-116645,6,$156
Max Engle,CA-2020-137449,8,$739
Max Engle,CA-2020-143756,2,$702
Max Engle,CA-2020-166415,3,$11
Max Engle,US-2019-123470,6,$141
Max Jones,CA-2018-101868,13,$175
Max Jones,CA-2019-100300,8,"$4,823"
Max Jones,CA-2019-106397,4,$59
Max Jones,CA-2019-113817,2,$28
Max Jones,CA-2019-124149,13,$243
Max Jones,CA-2020-147291,4,$896
Max Jones,US-2020-131961,6,$97
Max Ludwig,CA-2019-110254,14,$159
Max Ludwig,CA-2020-103968,9,$630
Max Ludwig,CA-2020-107265,3,$106
Max Ludwig,CA-2020-133648,11,$88
Max Ludwig,CA-2020-140242,10,$415
Max Ludwig,CA-2020-143455,2,$10
Max Ludwig,US-2020-120089,4,$664
Maxwell Schwartz,CA-2017-119032,2,$4
Maxwell Schwartz,CA-2017-137589,3,$286
Maxwell Schwartz,CA-2017-138709,8,$37
Maxwell Schwartz,CA-2018-135020,13,$633
Maxwell Schwartz,CA-2018-164623,2,$25
Maxwell Schwartz,CA-2019-150350,29,"$1,600"
Maxwell Schwartz,CA-2020-132619,3,$194
Maxwell Schwartz,US-2017-164616,6,$86
Maxwell Schwartz,US-2019-144547,7,$280
Maya Herman,CA-2017-124429,14,$926
Maya Herman,CA-2017-124702,6,$868
Maya Herman,CA-2017-159478,3,$15
Maya Herman,CA-2018-138954,15,$225
Maya Herman,CA-2018-154144,1,$55
Maya Herman,CA-2019-108959,1,$105
Maya Herman,CA-2020-103520,2,$9
Meg O'Connel,CA-2018-133025,5,$32
Meg O'Connel,CA-2018-139094,2,$207
Meg O'Connel,CA-2019-128727,4,$22
Meg O'Connel,CA-2020-145506,9,$136
Meg O'Connel,CA-2020-157931,7,$830
Meg O'Connel,CA-2020-163020,7,$36
Meg O'Connel,CA-2020-169054,3,$254
Meg O'Connel,US-2020-106663,12,$169
Meg Tillman,CA-2018-105312,6,$11
Meg Tillman,CA-2018-127502,2,$6
Meg Tillman,CA-2019-104157,14,"$2,503"
Meg Tillman,CA-2019-162726,6,$34
Meg Tillman,CA-2020-154137,1,$35
Meg Tillman,US-2020-146906,2,$300
Melanie Seite,CA-2017-135405,5,$41
Melanie Seite,CA-2018-124044,3,$11
Melanie Seite,CA-2018-135272,4,$80
Melanie Seite,CA-2019-131296,2,$239
Michael Chen,CA-2017-156594,10,$695
Michael Chen,CA-2017-157784,8,$514
Michael Chen,CA-2019-116337,8,$359
Michael Chen,CA-2019-146143,6,$133
Michael Chen,CA-2020-148446,4,"$1,670"
Michael Chen,US-2020-102638,3,$6
Michael Chen,US-2020-128447,6,$430
Michael Dominguez,CA-2020-100055,5,$153
Michael Dominguez,CA-2020-104024,7,$9
Michael Dominguez,CA-2020-153654,8,$19
Michael Dominguez,CA-2020-154410,8,$909
Michael Dominguez,US-2017-117744,17,$115
Michael Grace,CA-2017-103744,6,$11
Michael Grace,CA-2018-124975,7,$796
Michael Grace,CA-2018-134992,7,$80
Michael Grace,CA-2019-131499,1,$207
Michael Grace,CA-2020-120705,2,$147
Michael Granlund,CA-2017-118276,3,$9
Michael Granlund,CA-2018-146948,14,$300
Michael Granlund,CA-2019-154053,1,$17
Michael Granlund,CA-2019-163972,2,$121
Michael Granlund,CA-2020-102967,5,$67
Michael Granlund,CA-2020-121125,4,$206
Michael Granlund,CA-2020-127712,2,$6
Michael Granlund,CA-2020-136672,3,$49
Michael Granlund,CA-2020-166933,1,$2
Michael Kennedy,CA-2017-161032,3,$393
Michael Kennedy,CA-2018-107468,2,$7
Michael Kennedy,CA-2019-132479,7,$442
Michael Kennedy,CA-2019-155516,17,"$1,179"
Michael Kennedy,CA-2020-100580,3,$36
Michael Kennedy,CA-2020-164917,5,$48
Michael Kennedy,US-2019-148901,29,$191
Michael Kennedy,US-2020-132206,7,$6
Michael Moore,CA-2017-101266,2,$13
Michael Moore,CA-2017-115049,11,$154
Michael Moore,CA-2017-118192,9,$41
Michael Moore,CA-2019-101329,10,$35
Michael Moore,CA-2019-122063,3,$612
Michael Moore,CA-2020-117394,4,$19
Michael Moore,CA-2020-121216,16,$58
Michael Moore,CA-2020-128160,2,$37
Michael Moore,CA-2020-164329,2,$129
Michael Moore,US-2018-157154,4,"$1,018"
Michael Moore,US-2019-121013,5,"$1,678"
Michael Nguyen,CA-2017-122567,5,$9
Michael Nguyen,CA-2017-123225,6,$586
Michael Nguyen,CA-2019-165673,4,$15
Michael Nguyen,CA-2020-100097,10,"$1,115"
Michael Nguyen,CA-2020-123659,4,$23
Michael Nguyen,CA-2020-165204,7,$729
Michael Oakman,US-2018-122140,12,$130
Michael Oakman,US-2020-166233,2,$24
Michael Paige,CA-2018-110765,3,$825
Michael Paige,CA-2019-116974,4,$24
Michael Paige,CA-2019-139689,7,$41
Michael Paige,CA-2019-142335,6,"$1,949"
Michael Paige,CA-2020-125388,7,$89
Michael Paige,CA-2020-155152,4,$252
Michael Paige,US-2018-145121,5,$27
Michael Paige,US-2018-149629,5,$232
Michael Paige,US-2018-163433,21,$544
Michael Stewart,CA-2017-116757,11,$47
Michael Stewart,CA-2018-101007,2,$21
Michael Stewart,CA-2018-142377,7,$86
Michael Stewart,CA-2018-153906,2,$86
Michael Stewart,CA-2018-160794,3,$27
Michael Stewart,CA-2020-117667,24,$588
Michelle Arnett,CA-2017-132010,14,$390
Michelle Arnett,CA-2017-133704,7,$64
Michelle Arnett,CA-2018-157028,2,$8
Michelle Arnett,CA-2019-152247,4,"$1,603"
Michelle Arnett,CA-2020-123638,3,$192
Michelle Arnett,US-2019-165078,12,$196
Michelle Ellison,CA-2017-116932,8,"$1,174"
Michelle Ellison,CA-2017-126333,1,$5
Michelle Ellison,CA-2018-169278,4,$27
Michelle Ellison,CA-2020-148138,2,$51
Michelle Huthwaite,CA-2017-150301,1,$64
Michelle Huthwaite,CA-2018-148635,11,"$1,289"
Michelle Huthwaite,CA-2020-103212,11,"$1,542"
Michelle Huthwaite,CA-2020-115448,5,$89
Michelle Huthwaite,CA-2020-125878,3,$2
Michelle Lonsdale,CA-2020-113208,3,$61
Michelle Lonsdale,CA-2020-158953,7,$6
Michelle Lonsdale,CA-2020-168655,8,$675
Michelle Moray,CA-2017-110555,15,$410
Michelle Moray,CA-2017-144029,8,$476
Michelle Moray,CA-2020-127285,5,$103
Michelle Moray,CA-2020-164378,15,$729
Michelle Moray,US-2018-141684,4,$25
Michelle Moray,US-2018-165743,15,$160
Michelle Moray,US-2020-104451,4,$81
Michelle Moray,US-2020-124968,7,$766
Michelle Tran,CA-2018-156608,4,$4
Michelle Tran,CA-2019-128671,14,$152
Michelle Tran,CA-2020-140963,12,$824
Michelle Tran,US-2017-112914,14,$340
Mick Brown,CA-2017-141817,3,$20
Mick Brown,CA-2019-112382,2,$19
Mick Brown,CA-2019-142524,7,$297
Mick Brown,CA-2020-122945,3,$17
Mick Brown,CA-2020-144498,20,$818
Mick Brown,CA-2020-151071,2,$14
Mick Brown,US-2019-128902,2,$244
Mick Crebagga,CA-2017-101602,8,$804
Mick Crebagga,CA-2017-123855,5,$140
Mick Crebagga,CA-2018-111073,1,$52
Mick Crebagga,CA-2018-116512,3,$18
Mick Crebagga,CA-2018-168809,8,$32
Mick Crebagga,CA-2019-139808,12,$93
Mick Crebagga,CA-2020-113075,3,$41
Mick Crebagga,CA-2020-126242,10,$324
Mick Crebagga,CA-2020-152807,15,$481
Mick Crebagga,US-2018-129637,8,$235
Mick Hernandez,CA-2020-114055,12,$819
Mick Hernandez,CA-2020-121839,3,"$1,170"
Mick Hernandez,CA-2020-127026,18,"$1,240"
Mick Hernandez,CA-2020-137785,5,$458
Mick Hernandez,CA-2020-144638,8,$92
Mick Hernandez,CA-2020-161088,2,$30
Mick Hernandez,US-2019-160528,18,"$1,416"
Mick Hernandez,US-2020-108315,9,$226
Mick Hernandez,US-2020-114657,4,$52
Mike Caudle,CA-2017-132787,6,$93
Mike Caudle,CA-2018-148432,9,$33
Mike Caudle,CA-2018-163104,2,$12
Mike Caudle,CA-2019-115504,2,$13
Mike Caudle,CA-2019-129868,15,"$1,431"
Mike Gockenbach,CA-2017-137274,3,$891
Mike Gockenbach,CA-2020-108574,26,"$1,325"
Mike Gockenbach,CA-2020-123239,3,$91
Mike Gockenbach,US-2018-138303,10,$755
Mike Kennedy,CA-2020-128755,11,$630
Mike Kennedy,CA-2020-163209,11,$49
Mike Kennedy,US-2017-150574,7,$253
Mike Kennedy,US-2019-108455,14,$100
Mike Pelletier,CA-2017-119151,7,"$1,394"
Mike Pelletier,CA-2018-135685,25,"$2,233"
Mike Pelletier,CA-2018-166338,3,$15
Mike Pelletier,CA-2019-163636,2,$4
Mike Pelletier,CA-2020-124086,2,$204
Mike Pelletier,CA-2020-167661,11,$122
Mike Pelletier,CA-2020-169859,22,$135
Mike Pelletier,US-2017-117380,1,$331
Mike Pelletier,US-2019-127334,5,$651
Mike Vittorini,CA-2017-134103,4,$241
Mike Vittorini,CA-2018-107020,2,$40
Mike Vittorini,CA-2018-120320,2,$32
Mike Vittorini,CA-2019-114895,2,$13
Mike Vittorini,CA-2019-123512,12,$482
Mike Vittorini,CA-2019-127698,9,$864
Mike Vittorini,CA-2020-101798,6,$63
Mitch Gastineau,CA-2020-115070,8,$17
Mitch Webber,CA-2017-103660,7,"$1,008"
Mitch Webber,CA-2017-125997,25,"$3,519"
Mitch Webber,CA-2017-150518,7,$503
Mitch Webber,CA-2018-164336,6,$74
Mitch Webber,CA-2019-138667,2,$40
Mitch Webber,CA-2020-107986,3,$31
Mitch Webber,US-2018-137960,1,$166
Mitch Willingham,CA-2017-117639,10,"$3,334"
Mitch Willingham,CA-2020-136308,3,"$1,920"
Monica Federle,CA-2017-149594,4,$104
Monica Federle,CA-2018-128013,6,$154
Monica Federle,CA-2018-144722,1,$43
Monica Federle,CA-2018-162964,11,$304
Monica Federle,US-2020-162670,16,"$1,153"
Muhammed Lee,CA-2018-136224,3,$10
Muhammed Lee,CA-2020-132262,4,$152
Muhammed MacIntyre,CA-2018-119592,2,$4
Muhammed MacIntyre,CA-2018-132941,11,$263
Muhammed MacIntyre,CA-2018-168760,3,$61
Muhammed MacIntyre,CA-2019-124793,2,$197
Muhammed MacIntyre,CA-2020-109099,1,$41
Muhammed MacIntyre,CA-2020-112172,3,$14
Muhammed MacIntyre,CA-2020-148068,5,$29
Muhammed MacIntyre,US-2017-147774,1,$67
Muhammed MacIntyre,US-2019-134656,4,$99
Muhammed Yedwab,CA-2017-105984,8,"$1,661"
Muhammed Yedwab,CA-2017-118976,14,$527
Muhammed Yedwab,CA-2019-139549,4,$387
Muhammed Yedwab,CA-2019-149272,12,$551
Muhammed Yedwab,CA-2019-151169,4,$8
Muhammed Yedwab,CA-2019-164770,19,$813
Muhammed Yedwab,CA-2020-133067,5,$12
Muhammed Yedwab,CA-2020-167626,5,$110
Muhammed Yedwab,US-2019-132423,12,$42
Muhammed Yedwab,US-2019-160206,1,$13
Muhammed Yedwab,US-2020-115252,5,$30
Nancy Lomonaco,CA-2019-147473,6,$39
Nancy Lomonaco,US-2017-120313,2,$74
Nancy Lomonaco,US-2018-139759,5,$147
Nancy Lomonaco,US-2020-163790,31,"$1,159"
Naresj Patel,CA-2017-114433,3,$150
Naresj Patel,CA-2017-117464,20,"$1,136"
Naresj Patel,CA-2018-131338,35,"$3,386"
Naresj Patel,CA-2018-143490,11,$339
Naresj Patel,CA-2020-126865,3,$93
Naresj Patel,US-2017-117135,5,$426
Nat Carroll,CA-2017-111899,8,$43
Nat Carroll,CA-2018-112452,9,"$1,274"
Nat Carroll,CA-2019-124485,11,$124
Nat Carroll,CA-2020-111332,24,$892
Nat Carroll,US-2017-113124,2,$129
Nat Gilpin,CA-2017-100762,11,$509
Nat Gilpin,CA-2020-117947,17,$284
Nat Gilpin,CA-2020-120019,4,$595
Nat Gilpin,US-2018-130519,10,$112
Nat Gilpin,US-2020-116659,3,$371
Natalie DeCherney,CA-2017-109232,6,$546
Natalie DeCherney,CA-2017-148915,8,$600
Natalie DeCherney,CA-2018-114069,13,"$1,953"
Natalie DeCherney,CA-2019-130778,7,$53
Natalie DeCherney,CA-2019-145247,3,$79
Natalie DeCherney,CA-2020-105410,18,$977
Natalie DeCherney,CA-2020-128699,1,$48
Natalie DeCherney,US-2020-117331,1,$9
Natalie DeCherney,US-2020-156356,6,$61
Natalie Fritzler,CA-2017-127614,11,"$1,508"
Natalie Fritzler,CA-2018-147830,17,"$4,190"
Natalie Fritzler,CA-2019-113551,9,$86
Natalie Fritzler,CA-2020-130505,3,$673
Natalie Fritzler,CA-2020-155705,4,$866
Natalie Fritzler,US-2019-157945,5,$756
Natalie Fritzler,US-2020-152842,3,$242
Natalie Webber,CA-2017-138317,16,$385
Natalie Webber,CA-2017-168984,12,"$1,123"
Natalie Webber,CA-2018-102582,12,"$1,919"
Natalie Webber,CA-2018-115511,6,$208
Natalie Webber,CA-2019-159023,10,$184
Natalie Webber,CA-2020-127656,4,$30
Natalie Webber,US-2018-160857,18,"$3,385"
Nathan Cano,CA-2017-135755,6,$51
Nathan Cano,CA-2017-165393,1,$5
Nathan Cano,CA-2018-144190,2,$13
Nathan Cano,CA-2019-156503,12,$305
Nathan Cano,CA-2020-131254,14,"$1,729"
Nathan Cano,US-2018-113593,3,$115
Nathan Gelder,CA-2017-115973,1,$3
Nathan Gelder,CA-2017-122749,4,$480
Nathan Gelder,CA-2018-103961,6,$20
Nathan Gelder,CA-2018-137708,15,$114
Nathan Gelder,CA-2020-130386,15,$779
Nathan Mautz,CA-2017-111857,1,$49
Nathan Mautz,CA-2017-125759,2,$15
Nathan Mautz,CA-2017-150581,5,$500
Nathan Mautz,CA-2017-164973,14,"$4,807"
Nathan Mautz,CA-2018-136805,14,$926
Nathan Mautz,CA-2020-125367,3,$14
Nathan Mautz,US-2018-152128,5,$149
Neil Ducich,CA-2017-131905,10,$322
Neil Ducich,CA-2017-138177,1,$74
Neil Ducich,CA-2020-107167,8,"$1,348"
Neil Ducich,CA-2020-127803,4,$26
Neil Ducich,CA-2020-164112,7,"$1,085"
Neil Ducich,US-2018-140851,6,$39
Neil Französisch,CA-2017-100293,6,$91
Neil Französisch,CA-2019-162404,4,$11
Neil Französisch,US-2017-132745,1,$5
Neil Französisch,US-2018-100069,2,$270
Neil Knudson,CA-2018-118948,3,$7
Neil Knudson,CA-2019-102561,22,$314
Neil Knudson,CA-2019-141586,5,$18
Neil Knudson,CA-2020-126536,6,$103
Neil Knudson,CA-2020-130148,8,$38
Neil Knudson,CA-2020-148166,4,$18
Neil Knudson,CA-2020-162712,3,$74
Neola Schneider,CA-2019-128531,19,$527
Neola Schneider,CA-2020-121195,2,$264
Neola Schneider,CA-2020-129378,20,$414
Neola Schneider,CA-2020-153045,11,"$1,371"
Neoma Murray,CA-2018-162166,11,$68
Neoma Murray,CA-2019-112340,3,$23
Neoma Murray,CA-2019-136049,3,$6
Neoma Murray,CA-2019-153598,11,"$1,762"
Neoma Murray,CA-2019-158806,8,$49
Neoma Murray,CA-2019-168844,9,$187
Neoma Murray,US-2018-100531,5,$39
Neoma Murray,US-2018-105676,4,$7
Neoma Murray,US-2019-157308,4,$16
Neoma Murray,US-2020-107636,2,$6
Nick Crebassa,CA-2017-114321,16,"$1,417"
Nick Crebassa,CA-2017-145254,17,$993
Nick Crebassa,CA-2020-139402,8,$432
Nick Crebassa,CA-2020-148355,8,$32
Nick Crebassa,CA-2020-149881,10,"$5,283"
Nick Crebassa,CA-2020-163874,3,$26
Nick Crebassa,US-2019-131674,2,$58
Nick Radford,CA-2017-106229,3,$269
Nick Radford,CA-2017-112851,3,$183
Nick Radford,CA-2019-109400,4,$367
Nick Radford,CA-2019-152688,2,$437
Nick Radford,CA-2020-140872,25,"$1,112"
Nick Zandusky,CA-2018-144267,11,$632
Nick Zandusky,CA-2019-110772,20,$381
Nick Zandusky,CA-2019-134222,6,$45
Nick Zandusky,CA-2019-164154,8,$60
Nick Zandusky,CA-2020-150609,5,$23
Nick Zandusky,CA-2020-154676,9,$151
Nick Zandusky,US-2017-106299,9,$886
Nick Zandusky,US-2019-158680,1,$2
Nick Zandusky,US-2020-148054,8,$308
Nicole Brennan,CA-2017-151967,4,$130
Nicole Brennan,CA-2017-164385,3,$144
Nicole Fjeld,CA-2017-169460,3,$76
Nicole Fjeld,CA-2018-110667,11,$211
Nicole Fjeld,CA-2018-160864,3,$14
Nicole Fjeld,CA-2020-100335,9,$73
Nicole Fjeld,CA-2020-151358,2,$323
Nicole Fjeld,US-2017-131870,15,$91
Nicole Fjeld,US-2018-139675,12,"$1,243"
Nicole Hansen,CA-2017-111157,4,$155
Nicole Hansen,CA-2018-113901,11,$188
Nicole Hansen,CA-2018-147102,4,$66
Nicole Hansen,CA-2019-123722,4,$16
Nicole Hansen,CA-2020-100384,17,$421
Nicole Hansen,CA-2020-122693,7,"$1,246"
Nicole Hansen,US-2020-136721,5,$581
Noah Childs,CA-2017-166590,4,$78
Noah Childs,CA-2018-116687,6,$167
Noah Childs,CA-2020-100951,5,$721
Noah Childs,CA-2020-169404,6,$103
Noah Childs,US-2019-100839,8,$752
Noel Staavos,CA-2017-159338,5,$448
Noel Staavos,CA-2018-108259,20,$81
Noel Staavos,CA-2018-123155,8,$473
Noel Staavos,CA-2018-163895,1,$3
Noel Staavos,CA-2019-131639,3,$25
Noel Staavos,CA-2019-144645,2,$74
Noel Staavos,CA-2019-162187,19,"$1,253"
Noel Staavos,CA-2019-169824,16,$107
Noel Staavos,CA-2020-115651,14,$67
Noel Staavos,CA-2020-134635,3,$79
Noel Staavos,CA-2020-141614,4,$21
Noel Staavos,US-2018-117492,9,$78
Noel Staavos,US-2018-160563,9,$256
Nona Balk,CA-2017-125542,11,$521
Nona Balk,CA-2018-101126,5,$77
Nona Balk,CA-2018-110289,9,$244
Nona Balk,CA-2019-132066,1,$142
Nona Balk,CA-2019-140928,4,$383
Nona Balk,CA-2019-161816,7,$385
Nona Balk,CA-2020-107825,11,$143
Nona Balk,CA-2020-110310,13,$69
Nona Balk,US-2020-125213,3,$7
Nora Paige,CA-2018-138485,9,$539
Nora Paige,CA-2019-114104,9,$960
Nora Paige,CA-2019-162110,1,$56
Nora Paige,CA-2020-150091,15,"$2,258"
Nora Paige,CA-2020-167227,12,$96
Nora Pelletier,CA-2018-125696,5,$7
Nora Pelletier,CA-2018-141768,3,$15
Nora Pelletier,CA-2018-156104,2,"$1,000"
Nora Pelletier,CA-2019-113138,9,$35
Nora Pelletier,CA-2019-166653,2,$64
Nora Pelletier,US-2017-131982,2,$108
Nora Preis,CA-2017-106572,2,$264
Nora Preis,CA-2017-142510,11,$274
Nora Preis,CA-2017-168494,21,"$4,631"
Nora Preis,CA-2019-105459,8,"$1,800"
Nora Preis,CA-2019-125094,4,$480
Nora Preis,CA-2020-138310,9,$432
Nora Preis,CA-2020-169264,8,$22
Odella Nelson,CA-2017-121286,8,$67
Odella Nelson,CA-2017-140039,5,$79
Odella Nelson,CA-2017-154095,20,$463
Odella Nelson,CA-2018-112014,5,$51
Odella Nelson,CA-2019-118255,4,$63
Odella Nelson,CA-2019-130820,4,$630
Odella Nelson,US-2018-117184,8,$47
Odella Nelson,US-2018-161466,2,$7
Odella Nelson,US-2019-151862,2,$160
Olvera Toch,CA-2018-109169,2,$181
Olvera Toch,CA-2019-107783,14,"$1,557"
Olvera Toch,CA-2019-113243,11,"$1,389"
Olvera Toch,CA-2020-115364,12,$84
Olvera Toch,CA-2020-162173,12,$608
Pamela Coakley,CA-2017-150245,7,"$1,573"
Pamela Coakley,CA-2019-105494,10,$226
Pamela Coakley,CA-2019-159639,3,$32
Pamela Coakley,US-2020-162068,2,$1
Pamela Stobb,CA-2017-126963,2,$37
Pamela Stobb,CA-2018-143147,8,$610
Pamela Stobb,CA-2019-153269,13,$436
Pamela Stobb,CA-2020-128965,32,$563
Pamela Stobb,CA-2020-156237,19,$517
Pamela Stobb,US-2019-101497,1,$19
Parhena Norris,CA-2018-141936,3,$19
Parhena Norris,CA-2019-138597,3,$564
Parhena Norris,CA-2019-155439,4,$26
Parhena Norris,CA-2020-132213,14,$110
Parhena Norris,CA-2020-161018,7,$97
Parhena Norris,US-2019-118780,3,$66
Parhena Norris,US-2020-132031,10,$513
Parhena Norris,US-2020-148768,3,$72
Patricia Hirasaki,CA-2020-113558,6,$730
Patrick Bzostek,CA-2018-146465,9,$24
Patrick Bzostek,CA-2019-125738,24,$219
Patrick Bzostek,CA-2020-156958,21,$497
Patrick Gardner,CA-2017-109890,2,$36
Patrick Gardner,CA-2019-103464,5,$595
Patrick Gardner,CA-2019-106306,3,$10
Patrick Gardner,CA-2019-144344,13,$314
Patrick Gardner,CA-2019-150000,4,$18
Patrick Gardner,CA-2019-151561,14,$744
Patrick Gardner,CA-2020-123701,4,$28
Patrick Gardner,CA-2020-140186,13,$304
Patrick Gardner,US-2017-102071,7,$236
Patrick Gardner,US-2018-129553,3,$30
Patrick Gardner,US-2018-155369,6,$330
Patrick Gardner,US-2019-162859,7,$407
Patrick Gardner,US-2020-116491,2,$35
Patrick Jones,CA-2017-135993,10,$85
Patrick Jones,CA-2018-137897,9,$135
Patrick Jones,CA-2018-154746,5,$860
Patrick Jones,CA-2019-112676,3,$14
Patrick Jones,CA-2019-160136,2,$9
Patrick Jones,CA-2020-103009,5,$26
Patrick Jones,CA-2020-105130,6,$52
Patrick Jones,US-2020-108700,6,$38
Patrick O'Brill,CA-2017-148782,3,$89
Patrick O'Brill,CA-2017-159681,4,$106
Patrick O'Brill,CA-2018-104486,6,$85
Patrick O'Brill,CA-2018-130183,3,$614
Patrick O'Brill,CA-2019-111409,1,$3
Patrick O'Brill,CA-2020-129021,28,"$4,590"
Patrick O'Brill,CA-2020-141705,5,$517
Patrick O'Brill,CA-2020-149853,8,$33
Patrick O'Brill,US-2019-141544,25,"$1,270"
Patrick O'Brill,US-2020-101784,3,$122
Patrick O'Brill,US-2020-106705,5,$45
Patrick O'Donnell,CA-2017-120838,8,$935
Patrick O'Donnell,CA-2017-146703,4,$212
Patrick O'Donnell,CA-2020-108756,3,$32
Patrick O'Donnell,CA-2020-128328,17,$339
Patrick O'Donnell,CA-2020-140088,2,$302
Patrick O'Donnell,CA-2020-143259,14,$467
Patrick O'Donnell,US-2019-152415,6,$207
Patrick Ryan,CA-2017-136861,2,$32
Patrick Ryan,CA-2018-125563,5,$122
Patrick Ryan,CA-2020-162250,1,$8
Patrick Ryan,US-2018-110261,3,$158
Patrick Ryan,US-2020-109253,32,"$1,520"
Paul Gonzalez,CA-2017-103849,7,$225
Paul Gonzalez,CA-2018-134117,14,$450
Paul Gonzalez,CA-2018-166464,6,$493
Paul Gonzalez,CA-2019-111010,6,$8
Paul Gonzalez,CA-2019-147578,3,$32
Paul Gonzalez,CA-2020-122056,7,$182
Paul Gonzalez,CA-2020-148320,6,$36
Paul Gonzalez,CA-2020-155558,3,$26
Paul Gonzalez,US-2020-135986,9,$536
Paul Knutson,CA-2017-105172,6,$19
Paul Knutson,CA-2019-158099,8,"$1,422"
Paul Lucas,CA-2017-168305,8,$66
Paul Lucas,CA-2020-109946,5,$17
Paul Lucas,CA-2020-119564,3,$23
Paul Lucas,CA-2020-165757,10,$50
Paul Lucas,US-2019-113509,3,$84
Paul MacIntyre,CA-2017-117709,4,$47
Paul MacIntyre,CA-2018-141250,5,$302
Paul MacIntyre,CA-2019-102092,7,"$1,057"
Paul Prost,CA-2017-126683,11,"$2,355"
Paul Prost,CA-2017-146815,4,$176
Paul Prost,CA-2018-111864,2,$6
Paul Prost,CA-2018-130253,3,$15
Paul Prost,CA-2018-146087,2,$302
Paul Prost,CA-2019-145177,42,$900
Paul Prost,CA-2020-117401,19,$865
Paul Prost,CA-2020-134096,8,$400
Paul Prost,US-2017-115413,6,$159
Paul Prost,US-2019-108504,41,"$2,076"
Paul Stevenson,CA-2018-135727,7,$192
Paul Stevenson,CA-2018-140830,4,$89
Paul Stevenson,CA-2019-161158,5,$8
Paul Stevenson,CA-2020-111591,20,$425
Paul Stevenson,CA-2020-163818,1,$20
Paul Stevenson,US-2017-120740,6,$295
Paul Stevenson,US-2018-164175,5,$213
Paul Stevenson,US-2020-111920,4,$36
Paul Van Hugh,CA-2017-161508,15,$554
Paul Van Hugh,CA-2019-107216,11,$54
Paul Van Hugh,CA-2019-119025,9,$490
Paul Van Hugh,CA-2020-105914,12,"$1,687"
Paul Van Hugh,US-2020-133081,5,$91
Pauline Chand,CA-2018-153388,10,"$1,012"
Pauline Chand,US-2017-163797,8,$50
Pauline Johnson,CA-2017-124023,2,$9
Pauline Johnson,CA-2018-122973,4,$147
Pauline Johnson,CA-2019-137939,5,$90
Pauline Johnson,CA-2019-153101,1,$146
Pauline Johnson,CA-2020-143686,9,"$1,418"
Pauline Johnson,CA-2020-151218,1,$4
Pauline Johnson,CA-2020-163069,3,$10
Pauline Webber,CA-2017-125150,5,$233
Pauline Webber,CA-2018-127327,1,$91
Pauline Webber,CA-2019-105354,8,$116
Pauline Webber,CA-2019-113607,9,"$1,204"
Pauline Webber,CA-2019-140256,2,$6
Pauline Webber,CA-2019-140438,3,$198
Pauline Webber,CA-2020-116988,11,"$1,433"
Pauline Webber,CA-2020-117695,2,$14
Pauline Webber,CA-2020-137323,6,$96
Pauline Webber,CA-2020-156272,1,$64
Penelope Sewall,CA-2017-136567,14,"$2,884"
Penelope Sewall,CA-2018-132374,4,$79
Penelope Sewall,CA-2018-155054,6,$106
Penelope Sewall,CA-2019-164896,2,$13
Penelope Sewall,CA-2020-109211,1,$17
Penelope Sewall,CA-2020-133865,6,"$3,360"
Penelope Sewall,CA-2020-160423,14,$384
Pete Armstrong,CA-2017-148761,3,$92
Pete Armstrong,CA-2018-105970,7,$112
Pete Armstrong,CA-2018-129476,5,$340
Pete Armstrong,CA-2020-140508,4,$115
Pete Armstrong,US-2019-117387,4,$67
Pete Armstrong,US-2019-158309,4,$4
Pete Kriz,CA-2017-105893,6,$666
Pete Kriz,CA-2019-115756,21,$634
Pete Kriz,CA-2019-118332,5,$564
Pete Kriz,CA-2019-129126,17,$479
Pete Kriz,CA-2019-150343,3,$11
Pete Kriz,CA-2019-166282,11,$158
Pete Kriz,CA-2020-107461,6,$24
Pete Kriz,CA-2020-116680,14,"$1,492"
Pete Kriz,CA-2020-132346,7,$101
Pete Kriz,CA-2020-147753,2,$25
Pete Kriz,US-2019-134488,2,$155
Pete Kriz,US-2020-102183,13,"$4,338"
Pete Takahito,CA-2020-103065,9,$60
Pete Takahito,CA-2020-145093,2,$2
Pete Takahito,US-2017-150924,5,$5
Pete Takahito,US-2019-152373,3,$93
Peter Bühler,CA-2017-128888,9,$605
Peter Bühler,CA-2019-150889,1,$12
Peter Bühler,CA-2020-161970,5,$31
Peter Bühler,US-2020-101518,3,$41
Peter Fuller,CA-2017-166457,7,$41
Peter Fuller,CA-2018-129896,14,$497
Peter Fuller,CA-2018-140025,14,$847
Peter Fuller,US-2018-126977,40,"$7,678"
Peter McVee,CA-2019-149685,6,$60
Peter McVee,CA-2019-165148,5,$31
Peter McVee,CA-2020-159667,7,$691
Peter McVee,US-2018-134558,18,"$3,333"
Philip Brown,CA-2017-107573,3,$23
Philip Brown,CA-2017-146843,11,$150
Philip Brown,CA-2018-137526,16,$612
Philip Brown,CA-2018-167269,2,$6
Philip Brown,CA-2019-148796,5,$384
Philip Brown,CA-2020-142391,10,$200
Philip Brown,US-2017-111353,2,$25
Philip Brown,US-2017-150532,5,$56
Philip Fox,CA-2018-101707,9,$150
Philip Fox,CA-2018-111458,2,$50
Philip Fox,CA-2019-138233,3,$480
Philip Fox,CA-2019-162355,10,"$1,303"
Philip Fox,CA-2020-118437,4,$169
Philip Fox,US-2017-134614,6,$618
Philisse Overcash,CA-2018-121783,12,"$2,165"
Philisse Overcash,CA-2018-164539,5,$523
Philisse Overcash,CA-2019-147375,10,"$1,321"
Philisse Overcash,CA-2019-147683,2,$20
Philisse Overcash,CA-2019-151148,7,$230
Philisse Overcash,CA-2020-118346,5,$400
Philisse Overcash,CA-2020-142867,9,$24
Philisse Overcash,CA-2020-143665,11,$60
Philisse Overcash,US-2018-156797,4,$150
Phillina Ober,CA-2017-112326,8,$288
Phillina Ober,CA-2018-110891,4,$344
Phillina Ober,CA-2018-144099,1,$4
Phillina Ober,CA-2018-156335,9,$183
Phillina Ober,US-2020-103247,10,$237
Phillip Breyer,CA-2017-149055,3,$63
Phillip Breyer,CA-2019-164938,7,$70
Phillip Flathmann,CA-2019-114972,18,"$1,490"
Phillip Flathmann,CA-2019-160234,1,$136
Phillip Flathmann,CA-2020-110380,3,$7
Phillip Flathmann,US-2019-163258,3,$11
Phillip Flathmann,US-2020-130687,7,$563
Pierre Wener,CA-2017-164210,6,$182
Pierre Wener,CA-2018-144274,20,$421
Pierre Wener,CA-2018-162782,2,"$2,542"
Pierre Wener,CA-2019-120257,3,$8
Pierre Wener,US-2018-114839,2,$408
Pierre Wener,US-2018-145422,3,$359
Pierre Wener,US-2019-131891,3,$2
Quincy Jones,CA-2017-127859,6,$127
Quincy Jones,CA-2018-117086,5,"$4,405"
Quincy Jones,CA-2018-130995,1,$5
Quincy Jones,CA-2019-109652,4,$14
Quincy Jones,CA-2019-134425,5,$115
Quincy Jones,CA-2019-142097,16,$343
Quincy Jones,CA-2020-104066,7,$205
Quincy Jones,CA-2020-144526,8,$691
Quincy Jones,US-2017-157070,9,$204
Rachel Payne,CA-2017-155264,18,$306
Rachel Payne,CA-2018-135251,13,$468
Rachel Payne,CA-2018-148250,6,$147
Rachel Payne,CA-2019-167983,10,$33
Ralph Arnett,CA-2017-154186,1,$3
Ralph Arnett,CA-2018-111780,11,"$1,231"
Ralph Arnett,CA-2018-150441,4,$11
Ralph Arnett,CA-2018-155068,11,$78
Ralph Arnett,CA-2020-127313,8,$117
Ralph Arnett,CA-2020-131695,8,$271
Ralph Arnett,CA-2020-141929,8,$711
Ralph Arnett,CA-2020-161480,2,$192
Ralph Arnett,US-2019-128195,5,$4
Ralph Kennedy,CA-2018-159786,1,$210
Ralph Kennedy,CA-2018-160472,25,"$1,238"
Ralph Kennedy,CA-2020-114216,3,$12
Ralph Ritter,CA-2019-149482,2,$7
Ralph Ritter,CA-2020-162565,5,$609
Randy Bradley,CA-2017-159835,7,$670
Randy Bradley,CA-2020-106068,9,$338
Randy Ferguson,CA-2017-124079,5,$93
Randy Ferguson,CA-2017-141152,1,$34
Randy Ferguson,CA-2017-148425,9,$7
Randy Ferguson,CA-2018-106187,7,$268
Randy Ferguson,CA-2019-122518,4,$10
Randy Ferguson,CA-2019-145009,3,$12
Randy Ferguson,CA-2019-163167,18,"$2,674"
Randy Ferguson,US-2017-114188,20,$212
Raymond Buch,CA-2019-109953,14,$293
Raymond Buch,CA-2019-156573,8,$60
Raymond Buch,CA-2019-166674,22,$561
Raymond Buch,CA-2020-140151,9,"$14,052"
Raymond Buch,CA-2020-162572,11,$131
Raymond Buch,CA-2020-169810,7,$20
Raymond Messe,CA-2017-139017,2,$47
Raymond Messe,CA-2017-141278,5,$21
Raymond Messe,CA-2018-156328,3,$177
Raymond Messe,CA-2019-100965,5,$216
Raymond Messe,US-2019-106600,5,$355
Raymond Messe,US-2020-127292,9,$637
Resi Pölking,CA-2017-120474,12,"$2,854"
Resi Pölking,CA-2017-142769,21,$562
Resi Pölking,CA-2017-143413,3,$116
Resi Pölking,CA-2017-148383,6,$947
Resi Pölking,CA-2017-155593,3,$12
Resi Pölking,CA-2017-156314,5,$30
Resi Pölking,CA-2018-128356,2,$11
Resi Pölking,CA-2018-133494,2,$4
Resi Pölking,CA-2018-166492,6,$49
Resi Pölking,CA-2019-101980,13,$449
Resi Pölking,CA-2020-103352,9,$114
Resi Pölking,US-2020-145863,6,$6
Ricardo Emerson,CA-2017-165477,5,$48
Ricardo Sperren,CA-2020-115154,2,$893
Ricardo Sperren,CA-2020-164819,5,$13
Ricardo Sperren,US-2017-117968,10,"$1,217"
Ricardo Sperren,US-2019-159093,4,$32
Ricardo Sperren,US-2020-128951,8,"$1,066"
Richard Bierner,CA-2017-167360,7,$112
Richard Bierner,CA-2018-120397,4,$33
Richard Bierner,CA-2020-146458,7,$23
Richard Bierner,CA-2020-153871,14,$799
Richard Bierner,US-2017-103338,3,$8
Richard Bierner,US-2017-105137,4,$120
Richard Bierner,US-2017-144078,12,"$1,273"
Richard Bierner,US-2018-103996,15,$296
Richard Eichhorn,CA-2017-163867,14,$210
Richard Eichhorn,CA-2018-142454,10,$174
Richard Eichhorn,CA-2018-151589,6,$436
Richard Eichhorn,CA-2019-169215,9,$30
Richard Eichhorn,CA-2020-127621,8,$27
Rick Bensley,CA-2017-117765,11,$644
Rick Bensley,CA-2017-152618,4,$583
Rick Bensley,CA-2019-103107,11,$275
Rick Bensley,CA-2019-105662,7,$271
Rick Bensley,CA-2019-115917,9,"$1,065"
Rick Bensley,CA-2019-120803,5,$200
Rick Bensley,CA-2019-158568,13,$162
Rick Bensley,CA-2020-104822,5,$25
Rick Bensley,CA-2020-105823,2,$488
Rick Bensley,CA-2020-137456,2,$16
Rick Bensley,CA-2020-161578,7,$172
Rick Bensley,US-2019-146066,9,$815
Rick Duston,CA-2017-108147,8,"$1,745"
Rick Duston,CA-2018-122826,4,$202
Rick Duston,CA-2018-146696,2,$8
Rick Duston,CA-2019-136434,3,$17
Rick Duston,CA-2019-164637,3,$128
Rick Duston,CA-2020-159457,3,$17
Rick Duston,US-2020-116652,21,$959
Rick Duston,US-2020-166688,16,"$1,196"
Rick Hansen,CA-2017-110639,8,$72
Rick Hansen,CA-2018-124891,17,"$3,420"
Rick Hansen,CA-2020-106537,4,$21
Rick Hansen,CA-2020-121538,2,$89
Rick Hansen,CA-2020-151428,7,$20
Rick Huthwaite,CA-2017-149643,2,$274
Rick Huthwaite,CA-2018-157805,5,$556
Rick Huthwaite,CA-2018-167255,6,$175
Rick Huthwaite,CA-2019-122322,5,$44
Rick Huthwaite,CA-2019-168354,19,"$2,545"
Rick Huthwaite,CA-2019-169663,6,"$3,384"
Rick Reed,CA-2017-126403,16,"$2,304"
Rick Reed,CA-2018-150308,3,$246
Rick Reed,CA-2019-101623,6,$36
Rick Reed,CA-2019-115525,5,$244
Rick Reed,CA-2020-102155,4,$374
Rick Reed,US-2018-131842,2,$97
Rick Wilson,CA-2018-124800,32,"$1,044"
Rick Wilson,CA-2018-132815,2,$23
Rick Wilson,CA-2018-157959,4,$137
Rick Wilson,CA-2020-101014,3,$148
Rick Wilson,CA-2020-128041,8,$598
Rick Wilson,CA-2020-141733,10,"$2,050"
Rick Wilson,CA-2020-166093,30,"$3,398"
Ritsa Hightower,CA-2018-110247,3,$8
Ritsa Hightower,CA-2019-164574,8,$732
Rob Beeghly,CA-2019-167605,2,$30
Rob Beeghly,CA-2020-130351,11,$200
Rob Beeghly,CA-2020-138779,6,$30
Rob Beeghly,US-2019-104815,4,$199
Rob Beeghly,US-2019-128678,12,$70
Rob Dowd,CA-2017-164315,15,"$1,221"
Rob Dowd,CA-2018-121776,10,$125
Rob Dowd,CA-2018-127544,1,$80
Rob Dowd,CA-2018-157770,14,$809
Rob Dowd,CA-2018-162537,16,$105
Rob Dowd,CA-2019-131576,3,$49
Rob Dowd,CA-2020-111647,4,$168
Rob Dowd,CA-2020-131653,2,$5
Rob Dowd,CA-2020-139437,4,$88
Rob Dowd,US-2018-151407,4,$264
Rob Haberlin,CA-2018-109386,23,$751
Rob Haberlin,CA-2018-157322,18,"$1,306"
Rob Haberlin,CA-2019-101378,2,$29
Rob Lucas,CA-2017-133830,16,$91
Rob Lucas,CA-2018-126557,28,"$1,745"
Rob Lucas,CA-2019-144764,10,"$1,427"
Rob Lucas,CA-2019-168753,10,"$1,003"
Rob Lucas,CA-2020-159226,7,$345
Rob Lucas,US-2020-135062,7,$230
Rob Lucas,US-2020-151127,7,$50
Rob Lucas,US-2020-169551,16,"$1,345"
Rob Williams,CA-2017-111150,14,$77
Rob Williams,CA-2017-156993,1,$6
Rob Williams,CA-2019-112585,2,$716
Rob Williams,CA-2019-142958,6,"$1,120"
Rob Williams,CA-2019-144911,10,$187
Rob Williams,CA-2019-165218,4,$162
Rob Williams,CA-2020-123981,1,$66
Rob Williams,CA-2020-155460,6,$901
Rob Williams,US-2019-131114,9,$44
Robert Barroso,CA-2017-106719,2,$8
Robert Barroso,CA-2017-125682,2,$10
Robert Barroso,CA-2017-154837,2,$50
Robert Barroso,CA-2018-153038,21,$95
Robert Barroso,CA-2019-107615,2,$59
Robert Dilbeck,CA-2018-145415,3,$41
Robert Dilbeck,CA-2018-149650,8,$454
Robert Dilbeck,CA-2019-127670,4,$697
Robert Dilbeck,CA-2019-151974,5,$17
Robert Dilbeck,CA-2020-103877,3,"$1,578"
Robert Marley,CA-2017-158274,11,$683
Robert Marley,CA-2017-166989,4,$81
Robert Marley,CA-2018-115392,7,$334
Robert Marley,CA-2018-160171,8,"$1,911"
Robert Marley,CA-2020-145219,9,"$2,970"
Robert Waldorf,CA-2019-145499,2,$3
Robert Waldorf,CA-2020-110905,30,$809
Robert Waldorf,CA-2020-112431,14,$442
Robert Waldorf,CA-2020-167752,9,"$1,959"
Robert Waldorf,CA-2020-169285,6,$283
Roger Barcio,CA-2018-119550,3,$275
Roger Barcio,CA-2018-129854,4,$17
Roger Barcio,CA-2020-152975,14,"$1,770"
Roger Barcio,US-2020-109484,1,$6
Roger Demir,CA-2017-107454,13,$124
Roger Demir,CA-2017-157546,9,$113
Roger Demir,CA-2017-161249,8,$14
Roger Demir,CA-2018-112375,8,$78
Roger Demir,CA-2019-146157,6,$142
Roger Demir,CA-2019-149762,16,$545
Roger Demir,CA-2019-161543,2,$12
Roger Demir,CA-2020-126550,5,$81
Roger Demir,US-2020-132927,7,$11
Roger Demir,US-2020-143770,4,$300
Roland Fjeld,CA-2017-115357,3,$63
Roland Fjeld,CA-2018-111206,4,$520
Roland Fjeld,CA-2019-105585,8,$165
Roland Fjeld,CA-2019-110044,3,$360
Roland Fjeld,CA-2020-126074,22,$276
Roland Fjeld,US-2018-134271,3,$22
Roland Fjeld,US-2020-130953,10,$936
Roland Murray,CA-2020-168193,4,$98
Roland Schwarz,CA-2017-106726,7,"$1,261"
Roland Schwarz,CA-2017-128846,8,$753
Roland Schwarz,CA-2020-113670,8,$715
Roland Schwarz,CA-2020-124114,1,$1
Roland Schwarz,CA-2020-128300,10,$407
Roland Schwarz,CA-2020-152856,4,$117
Roland Schwarz,US-2018-158911,5,$17
Roland Schwarz,US-2020-100048,11,$889
Rose O'Brian,CA-2018-153752,6,$174
Rose O'Brian,CA-2018-155600,11,"$1,635"
Rose O'Brian,CA-2018-162607,3,$15
Rose O'Brian,CA-2019-152940,1,$30
Rose O'Brian,CA-2020-148411,5,$532
Rose O'Brian,CA-2020-150266,19,"$1,240"
Rose O'Brian,US-2019-120929,3,$190
Ross Baird,CA-2017-141299,2,$15
Ross Baird,CA-2020-100748,8,$58
Ross Baird,CA-2020-157672,2,$64
Ross Baird,US-2018-150161,4,$25
Ross Baird,US-2019-123750,16,$895
Ross Baird,US-2019-155971,12,$122
Ross Baird,US-2019-168620,14,$824
Ross Baird,US-2020-110576,34,"$3,630"
Ross DeVincentis,CA-2017-148285,5,$22
Ross DeVincentis,CA-2019-102596,6,$17
Ross DeVincentis,CA-2019-112739,13,$168
Ross DeVincentis,CA-2019-112942,3,$147
Ross DeVincentis,CA-2019-120558,5,$32
Ross DeVincentis,CA-2020-104381,4,$33
Ross DeVincentis,CA-2020-127474,9,$512
Ross DeVincentis,CA-2020-155292,18,$205
Roy Collins,CA-2017-138296,2,$25
Roy Collins,CA-2019-114538,2,$11
Roy Collins,CA-2019-125318,4,$328
Roy Collins,CA-2019-140746,1,$182
Roy Collins,CA-2019-141397,17,$410
Roy Collins,CA-2019-143308,3,$11
Roy Französisch,CA-2017-123925,3,$40
Roy Französisch,CA-2017-151078,4,$50
Roy Französisch,CA-2018-130855,2,$6
Roy Französisch,CA-2019-125843,11,$126
Roy Französisch,CA-2019-136686,9,$440
Roy Französisch,CA-2019-139381,8,$233
Roy Französisch,CA-2020-117933,3,$36
Roy Französisch,CA-2020-136497,5,$14
Roy Phan,CA-2018-129546,14,$352
Roy Phan,CA-2018-154326,10,$975
Roy Phan,CA-2019-168774,3,$535
Roy Phan,CA-2020-104108,5,$12
Roy Phan,CA-2020-134152,9,$130
Roy Phan,US-2017-157231,7,$115
Roy Phan,US-2019-150567,8,$30
Roy Phan,US-2019-152835,5,$21
Roy Skaria,CA-2019-107475,6,$10
Roy Skaria,CA-2020-142776,4,$13
Ruben Ausman,CA-2017-129091,13,"$1,023"
Ruben Ausman,CA-2018-155453,2,$5
Ruben Ausman,CA-2019-101343,2,$78
Ruben Ausman,CA-2020-163629,6,$286
Ruben Ausman,US-2017-118997,8,"$1,216"
Ruben Ausman,US-2020-106145,21,"$1,065"
Ruben Ausman,US-2020-111745,1,$160
Ruben Dartt,CA-2017-149104,16,$771
Ruben Dartt,CA-2017-158372,32,$808
Ruben Dartt,CA-2018-148964,1,$20
Ruben Dartt,CA-2018-163440,2,$16
Ruben Dartt,CA-2019-140382,15,$998
Ruben Dartt,CA-2019-154235,3,$128
Ruben Dartt,CA-2019-154508,5,$28
Ruben Dartt,CA-2020-124401,10,$318
Ruben Dartt,US-2017-149034,1,$47
Russell Applegate,CA-2017-102008,1,$49
Russell Applegate,CA-2017-123064,4,$5
Russell Applegate,CA-2017-134313,7,"$2,027"
Russell Applegate,CA-2018-130792,10,$45
Russell Applegate,CA-2018-149909,12,$211
Russell Applegate,CA-2019-149979,8,$487
Russell Applegate,CA-2020-112809,12,$228
Russell Applegate,CA-2020-140585,5,$286
Russell Applegate,US-2018-122784,16,"$1,455"
Russell D'Ascenzo,CA-2017-120775,15,$58
Russell D'Ascenzo,CA-2018-139248,5,$624
Russell D'Ascenzo,CA-2020-125115,5,$106
Russell D'Ascenzo,CA-2020-160122,8,$183
Ryan Akin,CA-2017-169775,9,$709
Ryan Akin,CA-2018-112823,2,$25
Ryan Akin,CA-2018-126445,3,$485
Ryan Akin,CA-2020-146346,3,$146
Ryan Akin,CA-2020-152583,10,$321
Ryan Crowe,CA-2017-115259,25,$199
Ryan Crowe,CA-2019-130225,2,$100
Ryan Crowe,CA-2020-112774,1,$35
Ryan Crowe,US-2017-112872,4,$329
Ryan Crowe,US-2019-144351,3,$90
Ryan Crowe,US-2019-157728,9,$134
Sally Hughsby,CA-2018-149083,8,$480
Sally Hughsby,CA-2019-109743,11,$105
Sally Hughsby,CA-2019-125164,4,$70
Sally Hughsby,CA-2019-125920,3,$4
Sally Hughsby,CA-2019-151512,2,$19
Sally Hughsby,CA-2020-101805,21,$628
Sally Hughsby,CA-2020-106180,9,$163
Sally Hughsby,CA-2020-125101,2,$68
Sally Hughsby,CA-2020-127922,4,$24
Sally Hughsby,US-2017-112991,11,$456
Sally Hughsby,US-2019-115441,23,$941
Sally Hughsby,US-2019-146794,5,$425
Sally Hughsby,US-2020-108245,10,$25
Sally Knutson,CA-2019-105018,2,$7
Sally Knutson,CA-2020-108553,9,$245
Sally Knutson,CA-2020-119193,8,$632
Sally Matthias,CA-2017-148488,9,$118
Sally Matthias,CA-2017-159625,3,$23
Sally Matthias,US-2019-111563,7,$77
Sally Matthias,US-2019-154256,7,$26
Sam Craven,CA-2017-121006,17,"$1,195"
Sam Craven,CA-2017-130421,3,$177
Sam Craven,CA-2017-166863,24,"$1,354"
Sam Craven,CA-2018-147690,6,$578
Sam Craven,US-2017-157847,12,$60
Sam Zeldin,CA-2017-105165,13,$469
Sam Zeldin,CA-2017-132227,4,$52
Sam Zeldin,CA-2018-136105,2,$25
Sam Zeldin,CA-2018-154284,15,"$1,350"
Sam Zeldin,CA-2019-113096,3,$47
Sam Zeldin,CA-2019-135965,6,$128
Sam Zeldin,CA-2020-105144,2,$24
Sam Zeldin,CA-2020-129000,3,$502
Sam Zeldin,CA-2020-133249,5,$146
Sam Zeldin,CA-2020-157273,4,$605
Sam Zeldin,US-2020-111024,12,$279
Sample Company A,CA-2018-133627,6,$22
Sample Company A,CA-2019-123533,11,$393
Sample Company A,CA-2019-129238,6,$166
Sample Company A,CA-2019-155005,3,$378
Sample Company A,CA-2020-123022,8,$368
Sample Company A,CA-2020-154123,2,$28
Sample Company A,US-2017-131275,13,"$3,247"
Sample Company A,US-2020-130603,9,$12
Sample Company A,US-2020-143028,3,$11
Sandra Flanagan,CA-2017-113383,9,$337
Sandra Flanagan,CA-2018-142937,2,$45
Sandra Flanagan,CA-2018-148495,3,$32
Sandra Flanagan,CA-2019-130442,3,$35
Sandra Flanagan,CA-2020-104136,11,$231
Sandra Flanagan,US-2018-164357,5,$13
Sandra Flanagan,US-2020-156909,2,$71
Sandra Glassco,CA-2018-162544,1,$5
Sandra Glassco,CA-2018-164882,26,"$2,562"
Sandra Glassco,CA-2020-155376,3,$839
Sanjit Chand,CA-2017-116904,17,"$9,900"
Sanjit Chand,CA-2017-117016,3,$16
Sanjit Chand,CA-2017-152268,2,"$1,794"
Sanjit Chand,CA-2018-123568,14,$256
Sanjit Chand,CA-2019-126158,23,$686
Sanjit Chand,CA-2019-130638,13,$311
Sanjit Chand,CA-2020-152961,2,$13
Sanjit Chand,US-2017-110674,2,$130
Sanjit Chand,US-2017-157385,11,"$1,037"
Sanjit Engle,CA-2017-158225,7,$210
Sanjit Engle,CA-2018-111164,9,$514
Sanjit Engle,CA-2019-142405,19,$459
Sanjit Engle,CA-2019-158841,20,"$8,805"
Sanjit Engle,CA-2020-105851,2,"$1,332"
Sanjit Engle,CA-2020-123624,5,$83
Sanjit Engle,CA-2020-144827,2,$124
Sanjit Engle,CA-2020-155047,1,$6
Sanjit Engle,US-2017-107993,7,$51
Sanjit Engle,US-2017-121734,1,$10
Sanjit Engle,US-2019-115455,5,$616
Sanjit Jacobs,CA-2018-102260,13,$764
Sanjit Jacobs,CA-2019-130400,17,$183
Sanjit Jacobs,CA-2019-140571,16,$365
Sanjit Jacobs,CA-2019-147123,12,$80
Sanjit Jacobs,CA-2019-159730,4,$219
Sanjit Jacobs,CA-2020-100433,4,$26
Sanjit Jacobs,CA-2020-105669,19,"$1,750"
Sanjit Jacobs,CA-2020-110212,5,$49
Sanjit Jacobs,CA-2020-120719,5,$35
Sanjit Jacobs,CA-2020-129490,4,$419
Sanjit Jacobs,CA-2020-161984,3,$15
Sanjit Jacobs,CA-2020-166849,2,$44
Saphhira Shifley,CA-2017-120544,12,$46
Saphhira Shifley,CA-2018-143616,5,$99
Saphhira Shifley,CA-2019-101168,4,$21
Saphhira Shifley,CA-2020-108322,11,$26
Saphhira Shifley,CA-2020-136063,7,$10
Saphhira Shifley,CA-2020-145772,8,$61
Saphhira Shifley,CA-2020-164756,35,$998
Saphhira Shifley,CA-2020-165603,4,$63
Sara Luxemburg,CA-2017-124513,3,$66
Sara Luxemburg,CA-2018-153549,5,"$1,167"
Sara Luxemburg,CA-2019-100587,1,$6
Sara Luxemburg,CA-2020-145884,9,"$1,702"
Sara Luxemburg,CA-2020-156391,1,$2
Sara Luxemburg,US-2017-155817,5,$68
Sara Luxemburg,US-2018-107349,6,$42
Sarah Bern,CA-2020-108441,14,$955
Sarah Bern,CA-2020-145807,5,$355
Sarah Bern,US-2017-161305,5,$39
Sarah Brown,CA-2017-120411,7,$505
Sarah Brown,CA-2018-146675,7,"$1,484"
Sarah Brown,CA-2018-149846,22,"$3,862"
Sarah Brown,CA-2018-159779,2,$69
Sarah Brown,CA-2020-116127,1,$401
Sarah Brown,CA-2020-119424,6,$91
Sarah Foster,CA-2017-142314,11,$207
Sarah Foster,CA-2018-120341,7,$167
Sarah Foster,CA-2018-153108,9,$85
Sarah Foster,CA-2019-127250,3,$9
Sarah Foster,CA-2019-128811,10,$42
Sarah Foster,CA-2019-132899,2,$4
Sarah Foster,CA-2020-123967,14,"$2,691"
Sarah Foster,CA-2020-163097,8,$121
Sarah Foster,US-2020-158505,10,$98
Sarah Jordon,CA-2018-146038,5,$204
Sarah Jordon,CA-2018-161627,3,$170
Sarah Jordon,CA-2019-108644,2,$2
Sarah Jordon,CA-2020-100615,10,$347
Sarah Jordon,CA-2020-113355,8,$537
Sarah Jordon,CA-2020-122987,7,$81
Scot Coram,CA-2019-108350,4,$106
Scot Coram,CA-2019-156685,12,$911
Scot Coram,CA-2020-141747,1,$16
Scot Coram,US-2019-126452,32,"$3,339"
Scot Wooten,CA-2017-142965,4,$53
Scot Wooten,CA-2018-100657,2,$110
Scot Wooten,CA-2018-101091,8,$74
Scot Wooten,CA-2019-130267,7,$160
Scot Wooten,CA-2020-111717,3,$239
Scot Wooten,US-2019-119270,2,$20
Scot Wooten,US-2020-134642,7,$429
Scott Cohen,CA-2017-128622,3,$11
Scott Cohen,CA-2017-169803,5,$687
Scott Cohen,CA-2018-111514,16,"$1,967"
Scott Cohen,CA-2018-137106,5,$80
Scott Cohen,CA-2018-152681,2,$7
Scott Cohen,CA-2020-107132,14,$913
Scott Cohen,CA-2020-144680,5,$34
Scott Cohen,US-2017-127635,13,$31
Scott Williamson,CA-2019-127761,8,$886
Scott Williamson,CA-2020-107874,1,$27
Scott Williamson,CA-2020-119305,5,$174
Scott Williamson,CA-2020-137022,8,$811
Scott Williamson,CA-2020-148145,4,$46
Scott Williamson,US-2017-100279,2,$22
Sean Braxton,CA-2017-122882,10,$539
Sean Braxton,CA-2017-158771,18,$159
Sean Braxton,CA-2018-153794,7,$266
Sean Braxton,CA-2019-158575,6,$104
Sean Braxton,CA-2020-147361,12,$685
Sean Braxton,US-2017-106992,10,"$5,580"
Sean Braxton,US-2020-165344,21,$725
Sean Christensen,CA-2017-113257,11,$329
Sean Christensen,CA-2018-164777,5,"$2,804"
Sean Christensen,CA-2019-101651,14,$84
Sean Christensen,CA-2020-106103,4,$133
Sean Christensen,CA-2020-122539,13,$423
Sean Christensen,CA-2020-146360,6,$155
Sean Christensen,CA-2020-146920,11,$52
Sean Miller,CA-2017-145317,25,"$23,661"
Sean Miller,CA-2018-144890,2,$10
Sean Miller,CA-2020-145128,5,$526
Sean Miller,CA-2020-149146,2,$8
Sean Miller,US-2018-130512,16,$837
Sean O'Donnell,CA-2018-161718,14,$795
Sean O'Donnell,CA-2020-101700,5,$30
Sean O'Donnell,CA-2020-147228,12,$459
Sean O'Donnell,CA-2020-149076,5,$155
Sean O'Donnell,CA-2020-166926,9,$184
Sean O'Donnell,US-2018-108966,7,$980
Sean Wendt,CA-2019-128517,4,$523
Sean Wendt,US-2019-133508,5,$29
Sean Wendt,US-2020-160465,16,$467
Seth Vernon,CA-2017-130092,2,$10
Seth Vernon,CA-2017-134572,12,"$1,191"
Seth Vernon,CA-2018-168746,7,$769
Seth Vernon,CA-2019-118745,3,$903
Seth Vernon,CA-2019-157511,6,$107
Seth Vernon,CA-2020-100111,52,"$7,360"
Seth Vernon,CA-2020-159793,2,$131
Seth Vernon,CA-2020-161200,8,$161
Seth Vernon,US-2019-136581,6,$31
Seth Vernon,US-2020-165358,11,$808
Shahid Collister,CA-2017-131009,20,$574
Shahid Collister,CA-2018-113740,3,$15
Shahid Collister,CA-2018-142419,6,$128
Shahid Collister,CA-2020-126354,5,$119
Shahid Collister,CA-2020-138975,23,"$2,362"
Shahid Collister,CA-2020-142090,10,"$2,166"
Shahid Collister,CA-2020-142293,3,$90
Shahid Collister,CA-2020-153843,8,$523
Shahid Collister,US-2019-149790,2,$16
Shahid Hopkins,CA-2017-115889,4,$409
Shahid Hopkins,CA-2017-165764,18,"$1,396"
Shahid Hopkins,CA-2018-112053,1,$32
Shahid Hopkins,CA-2019-113600,3,$2
Shahid Hopkins,CA-2020-110884,9,$118
Shahid Hopkins,CA-2020-122280,2,$19
Shahid Hopkins,CA-2020-126774,1,$5
Shahid Hopkins,CA-2020-157980,2,$128
Shahid Hopkins,CA-2020-168172,4,$70
Shahid Hopkins,CA-2020-168900,1,$2
Shahid Shariari,CA-2017-126193,13,$322
Shahid Shariari,CA-2017-127558,8,$803
Shahid Shariari,CA-2017-145800,3,$355
Shahid Shariari,CA-2018-119879,13,"$1,364"
Shahid Shariari,CA-2020-127726,8,$210
Shahid Shariari,CA-2020-159954,1,$3
Sharelle Roach,CA-2017-140487,3,$213
Sharelle Roach,CA-2020-100412,2,$142
Sharelle Roach,CA-2020-120061,2,$155
Sharelle Roach,CA-2020-134845,22,"$2,613"
Sharelle Roach,CA-2020-143658,5,$110
Shaun Chance,CA-2018-103835,7,"$1,173"
Shaun Chance,CA-2018-111297,9,$52
Shaun Chance,CA-2018-113523,4,$8
Shaun Chance,CA-2018-166135,4,$139
Shaun Chance,CA-2020-115119,8,$143
Shaun Chance,CA-2020-131366,9,$320
Shaun Chance,CA-2020-136000,3,$40
Shaun Weien,CA-2018-150560,2,$197
Shaun Weien,CA-2018-153423,2,"$1,218"
Shaun Weien,CA-2018-154886,2,$120
Shaun Weien,CA-2019-140249,2,"$1,002"
Shaun Weien,CA-2020-139948,2,$8
Shaun Weien,CA-2020-145429,7,$292
Shaun Weien,US-2018-151435,1,$86
Sheri Gordon,CA-2017-116190,18,$256
Sheri Gordon,CA-2017-159800,10,$184
Sheri Gordon,CA-2018-130218,8,$59
Sheri Gordon,CA-2018-140375,4,$27
Sheri Gordon,CA-2018-153535,8,$170
Sheri Gordon,CA-2018-165799,1,$118
Sheri Gordon,CA-2019-130484,8,$26
Sheri Gordon,US-2020-102890,5,"$1,045"
Shirley Daniels,CA-2017-101476,1,$70
Shirley Daniels,CA-2017-150329,7,$47
Shirley Daniels,CA-2018-120782,4,"$4,000"
Shirley Daniels,CA-2018-142139,4,$21
Shirley Daniels,CA-2019-102932,9,$53
Shirley Daniels,CA-2020-102337,13,$683
Shirley Daniels,US-2017-118486,6,$282
Shirley Daniels,US-2017-155502,34,$945
Shirley Daniels,US-2020-141698,4,$21
Shirley Jackson,CA-2017-138240,4,$161
Shirley Jackson,CA-2017-143385,9,$93
Shirley Jackson,CA-2019-121356,3,$128
Shirley Jackson,CA-2019-157336,10,$840
Shirley Jackson,US-2020-152366,4,$97
Shirley Schmidt,CA-2017-124464,1,$39
Shirley Schmidt,CA-2018-103135,32,$526
Shirley Schmidt,US-2019-163538,3,$48
Shui Tom,CA-2017-107706,3,$16
Shui Tom,CA-2017-152345,4,$57
Shui Tom,CA-2017-163559,3,$139
Shui Tom,CA-2017-164182,7,$111
Shui Tom,CA-2018-153325,4,$59
Shui Tom,CA-2020-101273,4,$14
Shui Tom,CA-2020-106852,8,$36
Sibella Parks,CA-2017-123316,3,$8
Sibella Parks,CA-2019-102134,2,$17
Sibella Parks,CA-2019-123666,5,$460
Sibella Parks,US-2019-103646,15,$196
Sibella Parks,US-2019-128909,8,$352
Sibella Parks,US-2020-101840,10,$274
Skye Norling,CA-2018-122287,17,$101
Skye Norling,CA-2018-125934,21,$399
Skye Norling,CA-2018-144652,7,$19
Skye Norling,CA-2019-118101,14,$548
Skye Norling,CA-2020-152093,3,$763
Skye Norling,CA-2020-154102,5,$30
Sonia Cooley,CA-2017-136644,8,$648
Sonia Cooley,CA-2018-162761,12,$50
Sonia Cooley,CA-2020-101728,2,$2
Sonia Cooley,CA-2020-132955,3,$103
Sonia Cooley,US-2020-141509,5,$99
Sonia Sunley,CA-2017-150490,5,$78
Sonia Sunley,CA-2018-120551,3,$17
Sonia Sunley,CA-2019-116540,3,$10
Sonia Sunley,CA-2019-136287,3,$19
Sonia Sunley,CA-2019-166275,1,$200
Sonia Sunley,CA-2019-169166,2,$94
Speros Goranitis,CA-2017-121573,8,$841
Speros Goranitis,CA-2017-146997,3,$6
Speros Goranitis,CA-2017-169446,9,$372
Speros Goranitis,CA-2020-125381,3,$108
Speros Goranitis,CA-2020-139493,5,$16
Speros Goranitis,US-2018-127040,21,"$1,782"
Stefania Perrino,CA-2017-104738,13,$610
Stefania Perrino,CA-2017-123127,2,$17
Stefania Perrino,CA-2018-131597,3,$170
Stefania Perrino,CA-2018-149636,7,$32
Stefania Perrino,CA-2019-131289,15,"$1,476"
Stefania Perrino,CA-2020-112844,7,$199
Stefania Perrino,CA-2020-148929,8,$478
Stefania Perrino,US-2020-118087,21,"$2,457"
Stefania Perrino,US-2020-162208,1,$3
Stefanie Holloman,CA-2017-124247,5,"$1,404"
Stefanie Holloman,CA-2018-166975,11,$692
Stephanie Phelps,CA-2017-110065,8,$152
Stephanie Phelps,CA-2017-155208,6,$39
Stephanie Phelps,CA-2018-124919,17,$245
Stephanie Phelps,CA-2019-133802,6,$42
Stephanie Phelps,CA-2019-136770,9,$787
Stephanie Phelps,CA-2019-149349,6,$23
Stephanie Phelps,CA-2019-149503,8,$274
Stephanie Phelps,US-2017-124625,3,$90
Stephanie Phelps,US-2019-140172,8,$221
Stephanie Ulpright,CA-2018-134943,5,$153
Stephanie Ulpright,CA-2019-123414,6,$37
Stephanie Ulpright,CA-2019-164490,2,$9
Stephanie Ulpright,CA-2020-111388,3,$216
Stephanie Ulpright,CA-2020-148922,14,$685
Stephanie Ulpright,CA-2020-157966,18,"$1,359"
Stephanie Ulpright,US-2019-126431,13,$136
Steve Carroll,CA-2017-154781,3,$102
Steve Carroll,CA-2019-113726,3,$82
Steve Carroll,CA-2019-143924,9,$130
Steve Carroll,CA-2019-155383,3,$47
Steve Carroll,CA-2020-128475,2,$72
Steve Carroll,US-2018-164308,6,$822
Steve Chapman,CA-2017-151379,5,$114
Steve Chapman,CA-2018-111017,3,$53
Steve Chapman,CA-2018-158659,5,$714
Steve Chapman,CA-2019-112277,7,$520
Steve Chapman,CA-2019-114713,7,$46
Steve Chapman,CA-2019-152457,3,$69
Steve Chapman,CA-2020-145443,5,$177
Steve Chapman,CA-2020-152926,8,$37
Steve Chapman,US-2019-124163,19,$774
Steve Chapman,US-2019-151260,4,$74
Steve Nguyen,CA-2018-117415,19,"$1,229"
Steve Nguyen,CA-2018-125234,6,$222
Steve Nguyen,CA-2019-119963,12,$330
Steve Nguyen,CA-2019-169957,15,$367
Steve Nguyen,CA-2020-152702,14,$255
Steve Nguyen,US-2017-154879,8,$114
Steve Nguyen,US-2019-146570,15,$612
Steven Cartwright,CA-2017-135657,6,$516
Steven Cartwright,CA-2017-159310,14,$725
Steven Cartwright,CA-2018-119627,16,$329
Steven Cartwright,CA-2018-128860,1,$20
Steven Cartwright,CA-2018-165057,12,$190
Steven Cartwright,CA-2019-103730,29,$488
Steven Cartwright,CA-2019-153661,20,$382
Steven Cartwright,CA-2020-108539,9,$745
Steven Cartwright,CA-2020-144463,11,$474
Steven Cartwright,CA-2020-163531,3,$240
Steven Cartwright,US-2018-161991,12,"$1,116"
Steven Roelle,CA-2017-133634,3,$48
Steven Roelle,CA-2017-164903,2,$13
Steven Roelle,CA-2018-150196,3,$19
Steven Roelle,CA-2018-154970,1,$62
Steven Roelle,CA-2019-132661,10,$379
Steven Roelle,CA-2019-162222,3,$10
Steven Roelle,CA-2020-165323,8,"$3,506"
Steven Roelle,US-2017-147704,20,$309
Steven Ward,CA-2017-134726,3,$95
Steven Ward,CA-2019-137050,24,$664
Stewart Carmichael,CA-2018-140144,9,$384
Stewart Carmichael,CA-2019-105963,3,$99
Stewart Carmichael,CA-2019-127208,4,$225
Stewart Carmichael,CA-2019-131744,7,$465
Stewart Carmichael,CA-2020-112529,10,$750
Stewart Carmichael,CA-2020-146024,11,$19
Stewart Carmichael,US-2019-114013,31,"$2,551"
Stewart Visinsky,CA-2017-100895,7,$605
Stewart Visinsky,CA-2017-169257,3,$63
Stewart Visinsky,CA-2018-112130,25,"$1,058"
Stewart Visinsky,CA-2018-149097,10,$440
Stewart Visinsky,CA-2018-162887,3,$715
Stewart Visinsky,CA-2019-148852,23,"$1,119"
Stewart Visinsky,CA-2020-151176,6,$36
Stewart Visinsky,US-2017-158365,5,$32
Stewart Visinsky,US-2017-160780,9,$36
Stuart Calhoun,CA-2018-155761,5,$206
Stuart Calhoun,CA-2019-168536,3,$66
Stuart Calhoun,CA-2020-102267,2,$2
Stuart Calhoun,CA-2020-135167,1,$4
Stuart Van,CA-2018-126697,14,"$1,102"
Stuart Van,CA-2018-146290,7,$126
Stuart Van,CA-2019-160598,1,$31
Stuart Van,CA-2020-100237,2,$12
Sue Ann Reed,CA-2017-133354,3,$19
Sue Ann Reed,CA-2017-154627,6,"$2,736"
Sue Ann Reed,CA-2018-115938,16,$535
Sue Ann Reed,CA-2018-122266,2,$194
Sue Ann Reed,CA-2019-167507,15,$66
Sue Ann Reed,CA-2020-122154,7,$284
Sue Ann Reed,CA-2020-124436,15,$770
Sue Ann Reed,CA-2020-127264,3,$7
Sue Ann Reed,CA-2020-160661,3,$22
Sue Ann Reed,US-2020-147998,5,$133
Sung Chung,CA-2019-103128,6,$14
Sung Chung,CA-2020-117646,7,$267
Sung Pak,CA-2017-119466,2,$9
Sung Pak,CA-2017-164259,4,$99
Sung Pak,CA-2018-103870,18,$284
Sung Pak,CA-2018-105158,5,$43
Sung Pak,CA-2018-156923,6,$36
Sung Pak,CA-2020-110478,5,$25
Sung Pak,CA-2020-160017,2,$10
Sung Pak,CA-2020-169362,2,$40
Sung Pak,US-2018-126753,20,$832
Sung Pak,US-2019-163881,16,"$2,905"
Sung Shariari,CA-2018-154900,5,$26
Sung Shariari,CA-2018-163965,14,$378
Sung Shariari,CA-2020-107909,6,$43
Sung Shariari,US-2017-123519,3,$403
Sung Shariari,US-2019-146710,11,$115
Susan Gilcrest,CA-2019-144337,2,$20
Susan Gilcrest,CA-2020-112536,10,$18
Susan Gilcrest,US-2017-105151,5,$11
Susan MacKendrick,CA-2019-129280,20,"$1,043"
Susan Pistek,CA-2017-135090,9,$54
Susan Pistek,CA-2019-105291,2,$4
Susan Pistek,CA-2019-124590,26,"$3,588"
Susan Pistek,CA-2019-152800,3,$6
Susan Pistek,CA-2020-100356,2,$24
Susan Pistek,CA-2020-161172,15,$315
Susan Vittorini,CA-2019-124681,3,$16
Susan Vittorini,CA-2019-133669,8,$235
Susan Vittorini,CA-2019-136371,5,$35
Susan Vittorini,CA-2020-116225,5,$391
Susan Vittorini,CA-2020-116953,10,$552
Susan Vittorini,CA-2020-122798,6,$123
Susan Vittorini,CA-2020-147767,6,$68
Susan Vittorini,US-2020-147669,23,$484
Suzanne McNair,CA-2017-122931,27,"$2,359"
Suzanne McNair,CA-2017-126907,3,$16
Suzanne McNair,CA-2017-163412,3,$192
Suzanne McNair,CA-2018-100685,9,$128
Suzanne McNair,CA-2018-107902,11,$470
Suzanne McNair,CA-2019-125724,7,$68
Suzanne McNair,CA-2019-154067,4,$106
Suzanne McNair,CA-2020-105235,10,$335
Suzanne McNair,CA-2020-120614,4,$38
Suzanne McNair,CA-2020-150497,2,$736
Suzanne McNair,US-2018-116981,10,"$1,099"
Suzanne McNair,US-2019-144393,4,$18
Sylvia Foulston,CA-2017-169852,3,$36
Sylvia Foulston,CA-2018-121097,2,$10
Sylvia Foulston,CA-2018-138009,20,"$1,542"
Sylvia Foulston,CA-2018-143077,5,$29
Sylvia Foulston,CA-2018-161214,5,$78
Sylvia Foulston,CA-2019-146913,5,"$1,404"
Sylvia Foulston,CA-2020-122644,4,$29
Sylvia Foulston,CA-2020-139311,21,$205
Sylvia Foulston,CA-2020-152205,1,$3
Tamara Chand,CA-2017-123498,6,$100
Tamara Chand,CA-2017-153087,9,$522
Tamara Chand,CA-2018-156013,7,$86
Tamara Chand,CA-2019-118689,18,"$18,337"
Tamara Chand,CA-2019-129693,2,$7
Tamara Dahlen,CA-2017-130155,5,$34
Tamara Dahlen,CA-2018-114468,16,$60
Tamara Dahlen,CA-2020-103156,9,$24
Tamara Dahlen,CA-2020-104010,5,$55
Tamara Dahlen,CA-2020-111178,5,$20
Tamara Dahlen,CA-2020-134306,7,$45
Tamara Dahlen,CA-2020-150959,9,$29
Tamara Dahlen,US-2019-167339,9,"$1,167"
Tamara Dahlen,US-2020-100209,2,$1
Tamara Manning,CA-2017-154669,11,$423
Tamara Manning,CA-2017-156006,3,$48
Tamara Manning,CA-2017-165540,5,$9
Tamara Manning,CA-2018-102016,13,$193
Tamara Manning,CA-2018-147788,14,"$1,746"
Tamara Manning,CA-2020-134439,2,$16
Tamara Manning,CA-2020-144589,8,$384
Tamara Manning,CA-2020-160927,11,$136
Tamara Willingham,CA-2017-101364,13,$297
Tamara Willingham,CA-2018-135510,4,$68
Tamara Willingham,CA-2018-137113,27,"$4,211"
Tamara Willingham,CA-2019-158834,7,$361
Tamara Willingham,CA-2020-104850,4,$291
Tamara Willingham,CA-2020-134880,1,$45
Tamara Willingham,US-2020-127719,1,$6
Tanja Norvell,CA-2017-140403,5,$138
Tanja Norvell,CA-2018-140557,7,$560
Tanja Norvell,CA-2019-109869,20,"$1,588"
Tanja Norvell,CA-2019-121377,1,$286
Tanja Norvell,CA-2019-155446,7,$21
Tanja Norvell,US-2019-109260,3,$432
Tanja Norvell,US-2020-139577,5,$105
Ted Butterfield,CA-2019-111682,25,$655
Ted Butterfield,CA-2019-145982,25,$550
Ted Butterfield,CA-2020-117156,3,$9
Ted Butterfield,CA-2020-145037,8,$238
Ted Butterfield,CA-2020-163566,5,$17
Ted Trevino,CA-2017-128839,12,$255
Ted Trevino,CA-2017-164224,7,$165
Ted Trevino,CA-2018-116876,10,$652
Ted Trevino,CA-2018-119942,6,$24
Ted Trevino,CA-2019-162733,1,$6
Ted Trevino,CA-2020-108035,7,$492
Ted Trevino,CA-2020-122490,23,"$3,321"
Thais Sissman,US-2018-160150,1,$2
Thais Sissman,US-2020-168690,3,$3
Thea Hendricks,CA-2017-153850,11,"$1,538"
Thea Hendricks,CA-2018-133837,1,$11
Thea Hendricks,CA-2019-159765,7,$28
Thea Hendricks,CA-2020-161809,3,$161
Thea Hendricks,US-2017-133130,7,$686
Thea Hudgings,CA-2017-148369,4,$11
Thea Hudgings,CA-2019-125087,12,"$2,027"
Thea Hudgings,CA-2019-152520,2,$13
Thea Hudgings,CA-2020-127782,11,$892
Theone Pippenger,CA-2018-116841,1,$35
Theone Pippenger,CA-2018-126970,3,$3
Theone Pippenger,CA-2019-109722,11,"$1,285"
Theone Pippenger,CA-2019-117408,2,$24
Theone Pippenger,CA-2019-120180,2,$12
Theone Pippenger,CA-2019-142370,7,$255
Theone Pippenger,CA-2020-119669,3,$6
Theone Pippenger,CA-2020-120376,15,"$2,283"
Theone Pippenger,US-2020-107384,11,$552
Theresa Coyne,CA-2020-124205,17,"$1,038"
Theresa Swint,CA-2018-149342,11,$896
Theresa Swint,CA-2018-161263,22,$239
Theresa Swint,CA-2019-120005,6,$61
Theresa Swint,CA-2019-156251,5,$250
Theresa Swint,US-2017-112564,3,$3
Theresa Swint,US-2019-152051,13,$714
Thomas Boland,CA-2017-104773,2,$60
Thomas Boland,CA-2019-124254,7,$192
Thomas Boland,CA-2019-161473,8,$46
Thomas Boland,CA-2020-143567,19,"$3,291"
Thomas Brumley,CA-2017-163447,14,$767
Thomas Brumley,CA-2018-160059,2,$6
Thomas Brumley,CA-2020-148985,4,$35
Thomas Brumley,CA-2020-162096,3,$8
Thomas Seio,CA-2017-120887,3,$88
Thomas Seio,CA-2017-140662,12,"$1,075"
Thomas Seio,CA-2017-160262,12,$135
Thomas Seio,CA-2017-169649,4,$29
Thomas Seio,CA-2019-155978,4,"$1,086"
Thomas Seio,CA-2020-119284,31,"$2,943"
Thomas Seio,US-2017-107405,1,$16
Thomas Thornton,CA-2017-163650,6,$44
Thomas Thornton,CA-2018-124541,22,$92
Thomas Thornton,CA-2018-132318,3,$183
Thomas Thornton,CA-2018-168564,5,$159
Thomas Thornton,CA-2019-146766,4,$193
Thomas Thornton,CA-2019-152408,3,$14
Thomas Thornton,CA-2020-162075,7,$538
Thomas Thornton,US-2020-113201,5,$205
Tiffany House,CA-2017-114517,5,$110
Tiffany House,CA-2019-108224,7,$186
Tiffany House,CA-2019-132409,3,$36
Tiffany House,CA-2019-152646,5,$32
Tiffany House,CA-2020-117261,4,$54
Tiffany House,CA-2020-132682,9,$490
Tiffany House,US-2017-134187,1,$3
Tiffany House,US-2020-118556,6,$110
Tim Brockman,CA-2017-129364,39,$266
Tim Brockman,CA-2018-117898,2,$12
Tim Brockman,CA-2018-141040,8,$656
Tim Brockman,CA-2019-162614,2,$27
Tim Brockman,US-2019-112970,3,$10
Tim Brockman,US-2019-166660,5,$484
Tim Brockman,US-2020-104661,15,$148
Tim Taslimi,CA-2018-162369,2,$323
Tim Taslimi,CA-2019-111143,3,$55
Tim Taslimi,CA-2019-134376,3,$61
Toby Braunhardt,CA-2017-130624,9,$697
Toby Braunhardt,CA-2017-131527,4,$96
Toby Braunhardt,CA-2017-133389,3,$8
Toby Braunhardt,CA-2019-134887,5,"$1,287"
Toby Braunhardt,CA-2019-157266,10,$83
Toby Braunhardt,US-2019-155180,4,$26
Toby Carlisle,CA-2017-140816,7,$448
Toby Carlisle,CA-2017-151330,19,"$1,885"
Toby Carlisle,CA-2019-147368,2,$696
Toby Carlisle,CA-2020-121048,22,$988
Toby Carlisle,CA-2020-136875,3,$166
Toby Carlisle,CA-2020-142489,5,$22
Toby Carlisle,CA-2020-167668,4,$59
Toby Carlisle,US-2020-153633,1,$2
Toby Gnade,CA-2018-110345,2,$5
Toby Gnade,CA-2018-143364,15,$861
Toby Gnade,CA-2019-146633,8,"$1,055"
Toby Gnade,CA-2019-166429,2,"$1,000"
Toby Gnade,US-2020-104437,3,$138
Toby Ritter,CA-2017-131051,3,$58
Toby Ritter,CA-2019-110009,8,$74
Toby Ritter,CA-2019-119515,3,$16
Toby Ritter,CA-2019-160815,3,$278
Toby Ritter,CA-2020-101434,5,$250
Toby Swindell,CA-2017-140032,2,$9
Toby Swindell,CA-2017-146591,24,$379
Toby Swindell,CA-2018-146829,2,$1
Toby Swindell,CA-2018-153416,20,$569
Toby Swindell,CA-2020-117863,3,$18
Todd Boyes,CA-2019-117919,6,$94
Todd Boyes,CA-2019-153346,8,$27
Todd Boyes,CA-2019-154711,9,$73
Todd Boyes,CA-2020-136609,3,$115
Todd Boyes,CA-2020-159464,18,$525
Todd Sumrall,CA-2017-101931,17,"$1,253"
Todd Sumrall,CA-2018-136469,13,"$1,137"
Todd Sumrall,CA-2020-143112,10,"$5,509"
Todd Sumrall,CA-2020-166436,7,$983
Todd Sumrall,US-2018-100377,5,"$2,800"
Todd Sumrall,US-2020-139647,7,$210
Tom Ashbrook,CA-2019-129847,2,$84
Tom Ashbrook,CA-2020-127180,18,"$13,716"
Tom Ashbrook,CA-2020-140536,4,$7
Tom Ashbrook,US-2017-119081,12,$788
Tom Boeckenhauer,CA-2017-110422,3,$25
Tom Boeckenhauer,CA-2017-111059,5,$97
Tom Boeckenhauer,CA-2017-131002,17,"$1,040"
Tom Boeckenhauer,CA-2017-145541,4,"$7,000"
Tom Boeckenhauer,CA-2019-164735,5,$81
Tom Boeckenhauer,CA-2020-134565,18,$719
Tom Boeckenhauer,US-2020-120147,3,$171
Tom Prescott,CA-2018-136196,3,$323
Tom Prescott,CA-2019-145303,15,$180
Tom Prescott,CA-2020-118773,10,$398
Tom Prescott,CA-2020-118892,9,"$4,416"
Tom Prescott,CA-2020-137470,2,$13
Tom Stivers,CA-2017-111192,8,"$1,368"
Tom Stivers,CA-2017-155796,6,$546
Tom Stivers,CA-2019-128972,4,$30
Tom Stivers,CA-2020-136623,11,$102
Tom Stivers,US-2019-100405,2,$8
Tonja Turnell,CA-2018-135622,17,"$2,079"
Tonja Turnell,CA-2019-109057,2,$24
Tonja Turnell,CA-2020-141439,14,"$3,084"
Tonja Turnell,CA-2020-158736,2,$6
Tonja Turnell,CA-2020-160934,5,$21
Tonja Turnell,US-2020-114356,1,$36
Tonja Turnell,US-2020-119816,7,$115
Tony Chapman,CA-2018-151680,2,$142
Tony Chapman,CA-2018-151841,7,$49
Tony Chapman,CA-2019-100307,3,$19
Tony Chapman,CA-2019-140564,8,$34
Tony Chapman,CA-2020-121419,6,$772
Tony Chapman,CA-2020-155740,4,$77
Tony Chapman,US-2017-112200,5,$10
Tony Chapman,US-2019-141880,3,$98
Tony Chapman,US-2020-144582,7,$43
Tony Molinari,CA-2020-108791,9,$559
Tony Molinari,CA-2020-113474,2,$326
Tony Molinari,CA-2020-131037,1,$210
Tony Sayre,CA-2017-134551,15,$732
Tony Sayre,CA-2019-113978,6,$642
Tony Sayre,CA-2020-106747,1,$102
Tony Sayre,CA-2020-116946,14,$194
Tony Sayre,CA-2020-152737,8,$462
Tony Sayre,CA-2020-166856,10,$111
Tracy Blumstein,CA-2017-124394,8,$131
Tracy Blumstein,CA-2017-142587,7,$531
Tracy Blumstein,CA-2017-168473,6,$192
Tracy Blumstein,CA-2018-130883,16,$413
Tracy Blumstein,CA-2018-131128,3,$34
Tracy Blumstein,CA-2019-117912,2,$14
Tracy Blumstein,CA-2020-114440,3,$19
Tracy Blumstein,CA-2020-133718,12,$74
Tracy Blumstein,US-2018-150630,28,"$3,329"
Tracy Collins,CA-2017-153619,4,$7
Tracy Collins,CA-2018-115847,2,$62
Tracy Collins,CA-2019-157217,5,$426
Tracy Collins,CA-2019-166226,2,$129
Tracy Collins,CA-2020-112487,2,$3
Tracy Collins,CA-2020-142328,6,$50
Tracy Collins,US-2018-142020,7,$66
Tracy Hopkins,CA-2017-113887,1,$55
Tracy Hopkins,CA-2018-100769,4,$256
Tracy Hopkins,CA-2018-117800,5,"$1,133"
Tracy Hopkins,CA-2018-120810,6,$198
Tracy Hopkins,CA-2020-112956,11,$394
Tracy Hopkins,CA-2020-133256,13,$564
Tracy Hopkins,US-2020-120390,4,"$1,633"
Tracy Poddar,CA-2018-104052,4,$96
Tracy Poddar,CA-2019-103919,5,$38
Tracy Poddar,CA-2019-163328,23,"$1,465"
Tracy Poddar,US-2020-106131,16,$338
Tracy Zic,CA-2017-163419,8,"$1,167"
Tracy Zic,CA-2018-119508,11,$42
Tracy Zic,CA-2020-101665,2,$5
Tracy Zic,US-2019-143280,9,$493
Troy Blackwell,CA-2019-127236,9,$458
Troy Blackwell,CA-2019-156300,5,$754
Troy Blackwell,CA-2020-154214,1,$3
Troy Blackwell,US-2017-139640,9,$147
Troy Blackwell,US-2017-165589,5,$25
Troy Staebel,CA-2017-142839,6,$853
Troy Staebel,CA-2019-110023,2,$15
Troy Staebel,CA-2019-131093,5,$295
Troy Staebel,CA-2020-105214,9,"$1,232"
Troy Staebel,CA-2020-124191,3,$9
Troy Staebel,CA-2020-163160,10,$171
Troy Staebel,US-2020-107272,9,$246
Trudy Brown,CA-2017-137575,2,$200
Trudy Brown,CA-2018-149601,6,$94
Trudy Brown,CA-2018-152891,6,$314
Trudy Brown,CA-2018-156377,9,$18
Trudy Brown,CA-2019-111696,3,$18
Trudy Brown,CA-2019-153157,5,$225
Trudy Brown,CA-2020-120168,17,$806
Trudy Brown,US-2020-116505,6,$44
Trudy Brown,US-2020-165456,6,"$1,079"
Trudy Glocke,CA-2017-130428,14,"$1,142"
Trudy Glocke,CA-2018-141012,7,$496
Trudy Glocke,CA-2018-149713,20,$188
Trudy Glocke,CA-2020-128783,9,$249
Trudy Schmidt,CA-2018-137064,8,$692
Trudy Schmidt,CA-2018-153878,10,$330
Trudy Schmidt,CA-2019-148684,19,$870
Trudy Schmidt,CA-2020-133487,3,$153
Trudy Schmidt,CA-2020-147207,12,"$1,323"
Valerie Dominguez,CA-2017-126361,27,"$2,126"
Valerie Dominguez,CA-2018-113145,21,"$2,220"
Valerie Dominguez,CA-2018-118444,4,$387
Valerie Dominguez,CA-2018-166583,3,$972
Valerie Dominguez,CA-2019-113747,6,$186
Valerie Dominguez,US-2018-145436,10,$551
Valerie Mitchum,CA-2017-165806,12,$259
Valerie Mitchum,CA-2018-105221,4,$39
Valerie Mitchum,CA-2019-113516,6,$100
Valerie Mitchum,CA-2020-107720,3,$46
Valerie Mitchum,CA-2020-109778,2,$3
Valerie Mitchum,US-2019-150140,5,"$1,295"
Valerie Mitchum,US-2020-101539,5,$713
Valerie Takahito,CA-2017-151897,10,$100
Valerie Takahito,CA-2018-167010,32,"$1,636"
Vicky Freymann,CA-2017-113880,9,$652
Vicky Freymann,CA-2017-146528,5,$22
Vicky Freymann,CA-2020-107342,4,$28
Vicky Freymann,CA-2020-130106,4,$13
Vicky Freymann,CA-2020-138464,13,$134
Victor Preis,CA-2018-130610,5,$19
Victor Preis,CA-2020-102946,3,$76
Victor Preis,CA-2020-105333,10,$899
Victoria Brennan,CA-2018-111395,8,$386
Victoria Brennan,CA-2018-121132,7,$21
Victoria Brennan,CA-2019-120369,5,$757
Victoria Brennan,CA-2019-162313,6,$167
Victoria Brennan,CA-2020-154816,1,$6
Victoria Brennan,CA-2020-155698,10,$669
Victoria Pisteka,CA-2017-109680,2,$386
Victoria Pisteka,CA-2017-109932,5,$248
Victoria Pisteka,CA-2017-130449,14,$100
Victoria Pisteka,CA-2018-111339,12,$367
Victoria Pisteka,CA-2018-129525,13,$167
Victoria Pisteka,CA-2019-102127,10,$199
Victoria Pisteka,CA-2020-159100,9,"$1,894"
Victoria Wilson,CA-2017-115980,6,$10
Victoria Wilson,CA-2017-152100,8,"$1,213"
Victoria Wilson,CA-2018-111507,3,$5
Victoria Wilson,CA-2018-146262,21,"$1,817"
Victoria Wilson,CA-2018-151624,8,$21
Victoria Wilson,CA-2019-121748,6,$460
Victoria Wilson,CA-2019-125080,2,$661
Victoria Wilson,CA-2020-116204,7,$21
Victoria Wilson,CA-2020-116715,13,$678
Victoria Wilson,CA-2020-128265,3,"$1,248"
Vivek Gonzalez,CA-2017-156790,4,$155
Vivek Gonzalez,CA-2017-158540,4,$152
Vivek Gonzalez,CA-2019-151092,4,$211
Vivek Gonzalez,CA-2020-139304,12,$137
Vivek Gonzalez,CA-2020-150189,6,$75
Vivek Gonzalez,US-2020-115301,2,$116
Vivek Grady,CA-2017-103191,3,$332
Vivek Grady,CA-2019-109911,4,$11
Vivek Grady,CA-2019-113803,1,$22
Vivek Grady,CA-2019-132094,5,$53
Vivek Grady,CA-2020-166499,3,$9
Vivek Sundaresam,CA-2017-105417,10,$87
Vivek Sundaresam,CA-2020-167003,3,$171
Vivek Sundaresam,US-2018-165512,13,$610
Vivek Sundaresam,US-2019-137295,12,$187
Vivian Mathis,CA-2019-115476,4,$163
Vivian Mathis,CA-2019-133872,6,$58
Vivian Mathis,US-2017-129609,2,$16
Vivian Mathis,US-2019-123610,7,$129
Vivian Mathis,US-2020-166394,6,$15
William Brown,CA-2017-120852,7,$85
William Brown,CA-2017-125829,21,"$1,729"
William Brown,CA-2017-141607,1,$43
William Brown,CA-2018-122210,14,$258
William Brown,CA-2019-126627,6,$30
William Brown,CA-2019-137848,16,$126
William Brown,CA-2019-165330,43,"$1,938"
William Brown,CA-2020-120327,4,$46
William Brown,CA-2020-138149,13,"$1,101"
William Brown,US-2018-156496,15,$712
William Brown,US-2020-110149,6,$91
Xylona Preis,CA-2017-114335,4,$337
Xylona Preis,CA-2017-134677,3,$9
Xylona Preis,CA-2017-167927,26,$709
Xylona Preis,CA-2018-155586,9,$54
Xylona Preis,CA-2019-109365,32,$562
Xylona Preis,CA-2019-129196,3,$68
Xylona Preis,CA-2019-163174,3,$187
Xylona Preis,CA-2020-118577,4,$150
Xylona Preis,CA-2020-138163,3,$51
Xylona Preis,US-2020-115595,5,$35
Xylona Preis,US-2020-136679,8,$213
Yana Sorensen,CA-2018-129532,6,$458
Yana Sorensen,CA-2018-154291,11,$457
Yana Sorensen,CA-2018-156755,3,$465
Yana Sorensen,CA-2020-119809,19,"$3,859"
Yana Sorensen,CA-2020-124828,3,$10
Yana Sorensen,CA-2020-135076,6,$437
Yana Sorensen,CA-2020-138380,7,"$1,000"
Yana Sorensen,CA-2020-160724,3,$35
Yoseph Carroll,CA-2017-119375,15,"$3,116"
Yoseph Carroll,CA-2018-153220,5,$16
Yoseph Carroll,CA-2019-110499,3,"$1,200"
Yoseph Carroll,CA-2019-123932,6,$372
Yoseph Carroll,CA-2020-121741,2,$751
Zuschuss Carroll,CA-2017-126802,3,$39
Zuschuss Carroll,CA-2017-151995,15,"$1,550"
Zuschuss Carroll,CA-2018-106978,6,$18
Zuschuss Carroll,CA-2018-115567,11,"$1,716"
Zuschuss Carroll,CA-2018-130365,5,$349
Zuschuss Carroll,CA-2018-133452,7,$911
Zuschuss Carroll,CA-2019-130946,17,"$1,617"
Zuschuss Carroll,CA-2019-169103,8,"$1,466"
Zuschuss Carroll,CA-2020-100013,5,$30
Zuschuss Carroll,CA-2020-115322,3,$44
Zuschuss Carroll,CA-2020-133928,4,$5
Zuschuss Carroll,US-2019-156986,11,$133
Zuschuss Carroll,US-2020-102288,10,$149
Zuschuss Donatelli,CA-2017-143336,9,$245
Zuschuss Donatelli,CA-2019-152471,7,$840
Zuschuss Donatelli,CA-2019-167682,8,$331
Zuschuss Donatelli,CA-2020-141481,3,$61
Zuschuss Donatelli,US-2019-147991,5,$17
