Order ID,Sub-Category,Jitter,Sub-Category,Sales
CA-2015-100006,Phones,0.505516550,Phones,377.97
CA-2015-100090,Binders,0.703109328,Binders,196.704
CA-2015-100090,Tables,0.703109328,Tables,502.488
CA-2015-100293,Paper,0.097291876,Paper,91.056
CA-2015-100328,Binders,0.096288867,Binders,3.928
CA-2015-100363,Fasteners,0.095285858,Fasteners,2.368
CA-2015-100363,Paper,0.095285858,Paper,19.008
CA-2015-100391,Paper,0.494483450,Paper,14.62
CA-2015-100678,Accessories,0.086258776,Accessories,227.976
CA-2015-100678,Art,0.086258776,Art,2.688
CA-2015-100678,Chairs,0.086258776,Chairs,317.058
CA-2015-100678,Envelopes,0.086258776,Envelopes,149.352
CA-2015-100706,Accessories,0.485456369,Accessories,99.98
CA-2015-100706,Furnishings,0.485456369,Furnishings,29.46
CA-2015-100762,Art,0.283851555,Art,151.92
CA-2015-100762,Labels,0.283851555,Labels,196.62
CA-2015-100762,Paper,0.283851555,Paper,160.08
CA-2015-100860,Labels,0.681043129,Labels,18.75
CA-2015-100867,Phones,0.280842528,Phones,321.552
CA-2015-100881,Phones,0.480441324,Phones,302.376
CA-2015-100895,Art,0.680040120,Art,8.56
CA-2015-100895,Phones,0.680040120,Phones,239.97
CA-2015-100895,Storage,0.680040120,Storage,356.94
CA-2015-100916,Art,0.479438315,Art,2.84
CA-2015-100916,Storage,0.479438315,Storage,194.7
CA-2015-100916,Tables,0.479438315,Tables,591.32
CA-2015-100972,Paper,0.277833501,Paper,166.44
CA-2015-101147,Appliances,0.272818455,Appliances,2.394
CA-2015-101175,Storage,0.672016048,Storage,100.704
CA-2015-101266,Paper,0.469408225,Paper,13.36
CA-2015-101364,Binders,0.866599799,Binders,296.712
CA-2015-101392,Storage,0.265797392,Storage,269.36
CA-2015-101427,Art,0.264794383,Art,8.016
CA-2015-101462,Furnishings,0.263791374,Furnishings,59.92
CA-2015-101476,Machines,0.463390171,Machines,69.99
CA-2015-101560,Art,0.660982949,Art,13.12
CA-2015-101560,Binders,0.660982949,Binders,45.66
CA-2015-101560,Furnishings,0.660982949,Furnishings,397.6
CA-2015-101560,Paper,0.660982949,Paper,85.96
CA-2015-101602,Chairs,0.259779338,Chairs,763.28
CA-2015-101602,Phones,0.259779338,Phones,40.68
CA-2015-101770,Binders,0.654964895,Binders,1.869
CA-2015-101833,Paper,0.053159478,Paper,34.44
CA-2015-101931,Binders,0.450351053,Binders,7.184
CA-2015-101931,Bookcases,0.450351053,Bookcases,616.998
CA-2015-101931,Storage,0.450351053,Storage,141.4
CA-2015-101931,Supplies,0.450351053,Supplies,487.02
CA-2015-102008,Paper,0.048144433,Paper,48.94
CA-2015-102085,Labels,0.645937813,Labels,29.24
CA-2015-102274,Art,0.840521565,Art,5.46
CA-2015-102274,Paper,0.840521565,Paper,629.1
CA-2015-102274,Phones,0.840521565,Phones,36.99
CA-2015-102274,Storage,0.840521565,Storage,193.95
CA-2015-102295,Chairs,0.639919759,Chairs,120.712
CA-2015-102330,Labels,0.638916750,Labels,88.8
CA-2015-102330,Phones,0.638916750,Phones,319.968
CA-2015-102645,Paper,0.629889669,Paper,40.08
CA-2015-102652,Furnishings,0.229689067,Furnishings,125.07
CA-2015-102652,Paper,0.229689067,Paper,74.92
CA-2015-102673,Art,0.029087262,Art,10.272
CA-2015-102673,Fasteners,0.029087262,Fasteners,7.52
CA-2015-102673,Labels,0.029087262,Labels,47.808
CA-2015-102673,Phones,0.029087262,Phones,978.84
CA-2015-102869,Accessories,0.823470411,Accessories,64.704
CA-2015-102869,Furnishings,0.823470411,Furnishings,17.472
CA-2015-102869,Paper,0.823470411,Paper,15.552
CA-2015-102869,Phones,0.823470411,Phones,135.516
CA-2015-102988,Art,0.020060181,Art,45.92
CA-2015-102988,Paper,0.020060181,Paper,12.96
CA-2015-102988,Phones,0.020060181,Phones,28.99
CA-2015-102988,Supplies,0.020060181,Supplies,"4,164.05"
CA-2015-103058,Accessories,0.018054162,Accessories,99.98
CA-2015-103086,Furnishings,0.417251755,Furnishings,5.312
CA-2015-103100,Binders,0.616850552,Binders,"1,103.97"
CA-2015-103100,Labels,0.616850552,Labels,3.69
CA-2015-103191,Storage,0.414242728,Storage,331.536
CA-2015-103219,Furnishings,0.813440321,Furnishings,56.52
CA-2015-103310,Chairs,0.610832497,Chairs,256.784
CA-2015-103310,Paper,0.610832497,Paper,39.96
CA-2015-103310,Phones,0.610832497,Phones,"1,432"
CA-2015-103310,Supplies,0.610832497,Supplies,41.04
CA-2015-103317,Binders,0.210631896,Binders,9.81
CA-2015-103317,Furnishings,0.210631896,Furnishings,232.736
CA-2015-103331,Furnishings,0.410230692,Furnishings,10.68
CA-2015-103331,Paper,0.410230692,Paper,20.72
CA-2015-103366,Accessories,0.409227683,Accessories,149.95
CA-2015-103373,Phones,0.009027081,Phones,779.796
CA-2015-103401,Paper,0.408224674,Paper,12.96
CA-2015-103429,Appliances,0.807422267,Appliances,235.95
CA-2015-103429,Binders,0.807422267,Binders,25.584
CA-2015-103429,Paper,0.807422267,Paper,39.96
CA-2015-103429,Phones,0.807422267,Phones,464
CA-2015-103492,Binders,0.205616851,Binders,12.878
CA-2015-103492,Phones,0.205616851,Phones,"1,475.896"
CA-2015-103527,Paper,0.204613842,Paper,10.896
CA-2015-103590,Envelopes,0.602808425,Envelopes,62.28
CA-2015-103660,Phones,0.600802407,Phones,"1,007.944"
CA-2015-103702,Binders,0.199598796,Binders,63.924
CA-2015-103744,Binders,0.798395186,Binders,4.428
CA-2015-103744,Labels,0.798395186,Labels,6.936
CA-2015-103800,Paper,0.596790371,Paper,16.448
CA-2015-103807,Accessories,0.196589769,Accessories,5.95
CA-2015-103807,Paper,0.196589769,Paper,15.24
CA-2015-103849,Accessories,0.795386158,Accessories,58.112
CA-2015-103849,Furnishings,0.795386158,Furnishings,66.112
CA-2015-103849,Phones,0.795386158,Phones,100.792
CA-2015-103940,Binders,0.592778335,Binders,137.24
CA-2015-103940,Furnishings,0.592778335,Furnishings,35.34
CA-2015-103940,Storage,0.592778335,Storage,88.21
CA-2015-103989,Accessories,0.791374122,Accessories,170.24
CA-2015-103989,Binders,0.791374122,Binders,33.57
CA-2015-103989,Furnishings,0.791374122,Furnishings,25.008
CA-2015-103989,Labels,0.791374122,Labels,11.808
CA-2015-103989,Phones,0.791374122,Phones,323.976
CA-2015-103989,Storage,0.791374122,Storage,26.16
CA-2015-104178,Accessories,0.985957874,Accessories,95.1
CA-2015-104178,Furnishings,0.985957874,Furnishings,6.28
CA-2015-104178,Paper,0.985957874,Paper,25.92
CA-2015-104178,Storage,0.985957874,Storage,48.84
CA-2015-104269,Chairs,0.783350050,Chairs,457.568
CA-2015-104283,Accessories,0.982948847,Accessories,223.96
CA-2015-104283,Storage,0.982948847,Storage,306.2
CA-2015-104283,Tables,0.982948847,Tables,85.98
CA-2015-104402,Machines,0.179538616,Machines,65.97
CA-2015-104472,Binders,0.177532598,Binders,59.808
CA-2015-104472,Furnishings,0.177532598,Furnishings,73.32
CA-2015-104563,Art,0.974924774,Art,20.65
CA-2015-104563,Chairs,0.974924774,Chairs,918.272
CA-2015-104563,Storage,0.974924774,Storage,204.9
CA-2015-104738,Accessories,0.969909729,Accessories,47.984
CA-2015-104738,Binders,0.969909729,Binders,2.286
CA-2015-104738,Envelopes,0.969909729,Envelopes,12.984
CA-2015-104738,Phones,0.969909729,Phones,546.36
CA-2015-104773,Storage,0.968906720,Storage,60.416
CA-2015-104780,Art,0.568706118,Art,31.84
CA-2015-104808,Binders,0.967903711,Binders,17.248
CA-2015-104829,Paper,0.767301906,Paper,21.98
CA-2015-104976,Paper,0.363089268,Paper,34.68
CA-2015-105165,Accessories,0.557673019,Accessories,46.688
CA-2015-105165,Art,0.557673019,Art,21.864
CA-2015-105165,Binders,0.557673019,Binders,2.92
CA-2015-105165,Phones,0.557673019,Phones,196.776
CA-2015-105165,Tables,0.557673019,Tables,200.795
CA-2015-105172,Labels,0.157472417,Labels,18.9
CA-2015-105249,Bookcases,0.755265797,Bookcases,411.332
CA-2015-105249,Labels,0.755265797,Labels,41.4
CA-2015-105249,Supplies,0.755265797,Supplies,7.36
CA-2015-105270,Art,0.554663992,Art,30.48
CA-2015-105270,Chairs,0.554663992,Chairs,112.648
CA-2015-105340,Binders,0.552657974,Binders,6.928
CA-2015-105417,Binders,0.150451354,Binders,10.43
CA-2015-105417,Furnishings,0.150451354,Furnishings,76.728
CA-2015-105648,Tables,0.943831494,Tables,626.352
CA-2015-105872,Binders,0.137412237,Binders,70.368
CA-2015-105893,Storage,0.936810431,Storage,665.88
CA-2015-105984,Chairs,0.734202608,Chairs,611.058
CA-2015-105984,Phones,0.734202608,Phones,"1,049.97"
CA-2015-106054,Art,0.732196590,Art,12.78
CA-2015-106229,Tables,0.727181545,Tables,268.935
CA-2015-106264,Furnishings,0.726178536,Furnishings,3.48
CA-2015-106264,Supplies,0.726178536,Supplies,11.91
CA-2015-106376,Art,0.322968907,Art,"1,113.024"
CA-2015-106376,Phones,0.322968907,Phones,167.968
CA-2015-106439,Accessories,0.721163490,Accessories,251.91
CA-2015-106439,Art,0.721163490,Art,12.39
CA-2015-106439,Binders,0.721163490,Binders,35.264
CA-2015-106439,Chairs,0.721163490,Chairs,146.352
CA-2015-106439,Fasteners,0.721163490,Fasteners,11.34
CA-2015-106439,Paper,0.721163490,Paper,64.74
CA-2015-106439,Storage,0.721163490,Storage,485.94
CA-2015-106572,Storage,0.117352056,Storage,264.32
CA-2015-106719,Binders,0.713139418,Binders,8.288
CA-2015-106726,Storage,0.312938816,Storage,"1,261.33"
CA-2015-106803,Accessories,0.910732197,Accessories,119.8
CA-2015-106803,Storage,0.910732197,Storage,24.56
CA-2015-106810,Furnishings,0.510531595,Furnishings,310.88
CA-2015-106971,Accessories,0.305917753,Accessories,475.944
CA-2015-107139,Binders,0.701103310,Binders,180.96
CA-2015-107153,Storage,0.900702106,Storage,46.26
CA-2015-107181,Binders,0.299899699,Binders,82.896
CA-2015-107181,Paper,0.299899699,Paper,34.24
CA-2015-107398,Binders,0.893681043,Binders,30.246
CA-2015-107454,Furnishings,0.692076229,Furnishings,89.34
CA-2015-107454,Labels,0.692076229,Labels,34.86
CA-2015-107524,Envelopes,0.690070211,Envelopes,11.36
CA-2015-107524,Paper,0.690070211,Paper,36.4
CA-2015-107573,Envelopes,0.888665998,Envelopes,23.472
CA-2015-107594,Art,0.688064193,Art,5.58
CA-2015-107594,Phones,0.688064193,Phones,73.98
CA-2015-107706,Paper,0.284854564,Paper,16.176
CA-2015-107755,Accessories,0.483450351,Accessories,115.36
CA-2015-107769,Phones,0.683049147,Phones,257.98
CA-2015-107811,Chairs,0.281845537,Chairs,561.584
CA-2015-107811,Storage,0.281845537,Storage,99.92
CA-2015-107818,Art,0.881644935,Art,309.72
CA-2015-107818,Chairs,0.881644935,Chairs,975.92
CA-2015-107818,Storage,0.881644935,Storage,485.88
CA-2015-107916,Binders,0.278836510,Binders,12.672
CA-2015-107916,Furnishings,0.278836510,Furnishings,13.28
CA-2015-108147,Binders,0.072216650,Binders,68.48
CA-2015-108147,Storage,0.072216650,Storage,"1,676.88"
CA-2015-108182,Binders,0.071213641,Binders,8.952
CA-2015-108189,Accessories,0.671013039,Accessories,7.16
CA-2015-108189,Envelopes,0.671013039,Envelopes,12.768
CA-2015-108189,Fasteners,0.671013039,Fasteners,4.672
CA-2015-108189,Paper,0.671013039,Paper,9.408
CA-2015-108189,Phones,0.671013039,Phones,548.776
CA-2015-108189,Supplies,0.671013039,Supplies,15.36
CA-2015-108273,Furnishings,0.868605817,Furnishings,56.568
CA-2015-108273,Paper,0.868605817,Paper,36.288
CA-2015-108609,Tables,0.658976931,Tables,"1,421.664"
CA-2015-108707,Paper,0.056168506,Paper,10.368
CA-2015-108861,Binders,0.251755266,Binders,136.96
CA-2015-108903,Accessories,0.850551655,Accessories,142.488
CA-2015-108903,Art,0.850551655,Art,55.984
CA-2015-108903,Envelopes,0.850551655,Envelopes,14.48
CA-2015-109043,Appliances,0.846539619,Appliances,152.24
CA-2015-109043,Paper,0.846539619,Paper,91.36
CA-2015-109127,Labels,0.044132397,Labels,17.28
CA-2015-109134,Furnishings,0.643931795,Furnishings,20.04
CA-2015-109218,Art,0.841524574,Art,32.4
CA-2015-109232,Chairs,0.041123370,Chairs,545.94
CA-2015-109302,Binders,0.039117352,Binders,196.21
CA-2015-109491,Accessories,0.233701103,Accessories,62.31
CA-2015-109491,Furnishings,0.233701103,Furnishings,20.32
CA-2015-109680,Storage,0.428284855,Storage,386.34
CA-2015-109855,Accessories,0.423269809,Accessories,357
CA-2015-109855,Binders,0.423269809,Binders,23.744
CA-2015-109890,Phones,0.422266800,Phones,35.98
CA-2015-109897,Furnishings,0.022066199,Furnishings,85.44
CA-2015-109897,Phones,0.022066199,Phones,806.336
CA-2015-109904,Art,0.621865597,Art,17.94
CA-2015-109918,Binders,0.821464393,Binders,83.92
CA-2015-109918,Paper,0.821464393,Paper,20.56
CA-2015-109918,Supplies,0.821464393,Supplies,27.36
CA-2015-109932,Paper,0.021063190,Paper,10.688
CA-2015-109932,Storage,0.021063190,Storage,237.096
CA-2015-110030,Furnishings,0.418254764,Furnishings,23.976
CA-2015-110065,Art,0.417251755,Art,15.96
CA-2015-110065,Phones,0.417251755,Phones,135.99
CA-2015-110072,Furnishings,0.017051153,Furnishings,93.888
CA-2015-110100,Phones,0.416248746,Phones,302.376
CA-2015-110184,Phones,0.613841525,Phones,255.936
CA-2015-110184,Storage,0.613841525,Storage,249.75
CA-2015-110219,Chairs,0.612838516,Chairs,127.869
CA-2015-110352,Labels,0.009027081,Labels,23.68
CA-2015-110408,Chairs,0.807422267,Chairs,545.88
CA-2015-110408,Phones,0.807422267,Phones,"1,394.95"
CA-2015-110408,Storage,0.807422267,Storage,275.97
CA-2015-110422,Furnishings,0.007021063,Furnishings,25.248
CA-2015-110527,Labels,0.004012036,Labels,20.88
CA-2015-110555,Accessories,0.403209629,Accessories,217.44
CA-2015-110555,Phones,0.403209629,Phones,105.584
CA-2015-110555,Storage,0.403209629,Storage,87.08
CA-2015-110611,Storage,0.201604814,Storage,83.92
CA-2015-110639,Paper,0.600802407,Paper,71.84
CA-2015-110786,Binders,0.196589769,Binders,14.352
CA-2015-110786,Furnishings,0.196589769,Furnishings,95.46
CA-2015-110786,Labels,0.196589769,Labels,274.77
CA-2015-110786,Machines,0.196589769,Machines,767.952
CA-2015-110786,Paper,0.196589769,Paper,21.12
CA-2015-110786,Phones,0.196589769,Phones,191.976
CA-2015-110849,Art,0.594784353,Art,23.87
CA-2015-110849,Fasteners,0.594784353,Fasteners,11.62
CA-2015-110849,Machines,0.594784353,Machines,287.968
CA-2015-111003,Art,0.790371113,Art,289.2
CA-2015-111003,Binders,0.790371113,Binders,45.48
CA-2015-111059,Binders,0.588766299,Binders,97.112
CA-2015-111150,Accessories,0.386158475,Accessories,47.53
CA-2015-111150,Art,0.386158475,Art,29.68
CA-2015-111157,Accessories,0.985957874,Accessories,151.2
CA-2015-111157,Paper,0.985957874,Paper,3.424
CA-2015-111192,Bookcases,0.984954865,Bookcases,"1,367.84"
CA-2015-111360,Binders,0.380140421,Binders,5.742
CA-2015-111451,Binders,0.177532598,Binders,78.6
CA-2015-111451,Chairs,0.177532598,Chairs,230.352
CA-2015-111451,Fasteners,0.177532598,Fasteners,27.552
CA-2015-111451,Furnishings,0.177532598,Furnishings,518.768
CA-2015-111500,Accessories,0.376128385,Accessories,339.96
CA-2015-111500,Binders,0.376128385,Binders,17.96
CA-2015-111500,Fasteners,0.376128385,Fasteners,12.67
CA-2015-111500,Paper,0.376128385,Paper,114.2
CA-2015-111773,Binders,0.768304915,Binders,13.92
CA-2015-111857,Paper,0.965897693,Paper,48.91
CA-2015-111871,Bookcases,0.165496489,Bookcases,"1,198.33"
CA-2015-111899,Art,0.564694082,Art,37.84
CA-2015-111899,Fasteners,0.564694082,Fasteners,5.472
CA-2015-111934,Binders,0.563691073,Binders,11.88
CA-2015-111934,Paper,0.563691073,Paper,35.44
CA-2015-111962,Binders,0.962888666,Binders,10.048
CA-2015-111962,Storage,0.962888666,Storage,807.75
CA-2015-112158,Accessories,0.757271815,Accessories,119.96
CA-2015-112158,Binders,0.757271815,Binders,46.72
CA-2015-112158,Bookcases,0.757271815,Bookcases,883.92
CA-2015-112291,Accessories,0.153460381,Accessories,222.29
CA-2015-112291,Envelopes,0.153460381,Envelopes,11.16
CA-2015-112326,Binders,0.152457372,Binders,3.54
CA-2015-112326,Labels,0.152457372,Labels,11.784
CA-2015-112326,Storage,0.152457372,Storage,272.736
CA-2015-112403,Binders,0.750250752,Binders,0.852
CA-2015-112718,Binders,0.741223671,Binders,1.167
CA-2015-112837,Furnishings,0.937813440,Furnishings,127.95
CA-2015-112851,Envelopes,0.137412237,Envelopes,182.94
CA-2015-113047,Fasteners,0.931795386,Fasteners,11.85
CA-2015-113166,Paper,0.128385155,Paper,9.568
CA-2015-113257,Accessories,0.925777332,Accessories,319.968
CA-2015-113257,Furnishings,0.925777332,Furnishings,8.624
CA-2015-113271,Art,0.125376128,Art,5.56
CA-2015-113271,Binders,0.125376128,Binders,14.304
CA-2015-113271,Bookcases,0.125376128,Bookcases,119.833
CA-2015-113271,Paper,0.125376128,Paper,32.4
CA-2015-113320,Furnishings,0.323971916,Furnishings,21.78
CA-2015-113320,Storage,0.323971916,Storage,8.94
CA-2015-113362,Envelopes,0.922768305,Envelopes,11.07
CA-2015-113362,Storage,0.922768305,Storage,449.15
CA-2015-113383,Appliances,0.722166499,Appliances,81.92
CA-2015-113383,Furnishings,0.722166499,Furnishings,254.9
CA-2015-113579,Paper,0.516549649,Paper,90.24
CA-2015-113768,Chairs,0.711133400,Chairs,279.456
CA-2015-113768,Paper,0.711133400,Paper,8
CA-2015-113859,Chairs,0.508525577,Chairs,340.116
CA-2015-113880,Chairs,0.307923771,Chairs,634.116
CA-2015-113880,Paper,0.307923771,Paper,17.472
CA-2015-113887,Paper,0.907723170,Paper,55.48
CA-2015-113929,Art,0.506519559,Art,35
CA-2015-113929,Binders,0.506519559,Binders,39.552
CA-2015-113929,Envelopes,0.506519559,Envelopes,41.4
CA-2015-113964,Binders,0.505516550,Binders,18.464
CA-2015-114125,Binders,0.300902708,Binders,41.904
CA-2015-114125,Labels,0.300902708,Labels,2.88
CA-2015-114125,Storage,0.300902708,Storage,23.92
CA-2015-114181,Art,0.099297894,Art,22.32
CA-2015-114181,Bookcases,0.099297894,Bookcases,349.965
CA-2015-114195,Binders,0.298896690,Binders,25.56
CA-2015-114195,Furnishings,0.298896690,Furnishings,68.704
CA-2015-114251,Accessories,0.097291876,Accessories,109.976
CA-2015-114251,Binders,0.097291876,Binders,13.194
CA-2015-114251,Furnishings,0.097291876,Furnishings,273.568
CA-2015-114251,Storage,0.097291876,Storage,"1,080.096"
CA-2015-114314,Furnishings,0.495486459,Furnishings,8.92
CA-2015-114314,Labels,0.495486459,Labels,7.31
CA-2015-114321,Binders,0.095285858,Binders,896.99
CA-2015-114321,Chairs,0.095285858,Chairs,500.24
CA-2015-114321,Paper,0.095285858,Paper,20.12
CA-2015-114335,Furnishings,0.294884654,Furnishings,337.088
CA-2015-114433,Accessories,0.692076229,Accessories,149.97
CA-2015-114510,Accessories,0.289869609,Accessories,82.8
CA-2015-114510,Binders,0.289869609,Binders,95.136
CA-2015-114510,Storage,0.289869609,Storage,102.34
CA-2015-114517,Appliances,0.889669007,Appliances,56.52
CA-2015-114517,Tables,0.889669007,Tables,53.316
CA-2015-114643,Art,0.686058175,Art,14.52
CA-2015-114790,Accessories,0.281845537,Accessories,32.96
CA-2015-114790,Appliances,0.281845537,Appliances,146.76
CA-2015-114790,Paper,0.281845537,Paper,14.94
CA-2015-114790,Phones,0.281845537,Phones,587.97
CA-2015-115049,Accessories,0.474423270,Accessories,153.824
CA-2015-115056,Appliances,0.074222668,Appliances,26.136
CA-2015-115084,Chairs,0.473420261,Chairs,605.34
CA-2015-115133,Accessories,0.672016048,Accessories,3.152
CA-2015-115133,Appliances,0.672016048,Appliances,16.704
CA-2015-115133,Paper,0.672016048,Paper,32.896
CA-2015-115161,Bookcases,0.071213641,Bookcases,290.666
CA-2015-115259,Envelopes,0.468405216,Envelopes,135.184
CA-2015-115259,Fasteners,0.468405216,Fasteners,40.096
CA-2015-115259,Paper,0.468405216,Paper,23.976
CA-2015-115336,Binders,0.066198596,Binders,14.48
CA-2015-115357,Accessories,0.865596790,Accessories,62.91
CA-2015-115791,Binders,0.053159478,Binders,18.588
CA-2015-115791,Furnishings,0.053159478,Furnishings,127.104
CA-2015-115791,Labels,0.053159478,Labels,30.072
CA-2015-115791,Phones,0.053159478,Phones,124.2
CA-2015-115812,Appliances,0.852557673,Appliances,114.9
CA-2015-115812,Art,0.852557673,Art,7.28
CA-2015-115812,Binders,0.852557673,Binders,18.504
CA-2015-115812,Furnishings,0.852557673,Furnishings,48.86
CA-2015-115812,Phones,0.852557673,Phones,"1,818.576"
CA-2015-115812,Tables,0.852557673,Tables,"1,706.184"
CA-2015-115889,Phones,0.450351053,Phones,46.384
CA-2015-115889,Storage,0.450351053,Storage,362.92
CA-2015-115973,Art,0.647943831,Art,2.624
CA-2015-115980,Accessories,0.247743230,Accessories,2.97
CA-2015-115980,Fasteners,0.247743230,Fasteners,6.54
CA-2015-116190,Chairs,0.241725176,Chairs,67.88
CA-2015-116190,Furnishings,0.241725176,Furnishings,25.71
CA-2015-116190,Labels,0.241725176,Labels,162.89
CA-2015-116239,Storage,0.440320963,Storage,354.9
CA-2015-116246,Chairs,0.040120361,Chairs,"3,785.292"
CA-2015-116407,Appliances,0.835506520,Appliances,333.056
CA-2015-116407,Art,0.835506520,Art,4.224
CA-2015-116407,Paper,0.835506520,Paper,24.896
CA-2015-116568,Chairs,0.630892678,Chairs,186.304
CA-2015-116666,Copiers,0.028084253,Copiers,"1,799.97"
CA-2015-116673,Furnishings,0.627883651,Furnishings,6.16
CA-2015-116757,Fasteners,0.825476429,Fasteners,21.312
CA-2015-116757,Paper,0.825476429,Paper,25.92
CA-2015-116785,Art,0.224674022,Art,21.4
CA-2015-116785,Labels,0.224674022,Labels,12.6
CA-2015-116834,Accessories,0.423269809,Accessories,345
CA-2015-116834,Furnishings,0.423269809,Furnishings,63.47
CA-2015-116904,Binders,0.421263791,Binders,"9,462.89"
CA-2015-116904,Paper,0.421263791,Paper,32.4
CA-2015-116904,Storage,0.421263791,Storage,404.9
CA-2015-116932,Art,0.820461384,Art,99.2
CA-2015-116932,Chairs,0.820461384,Chairs,801.568
CA-2015-116932,Tables,0.820461384,Tables,272.848
CA-2015-117016,Art,0.018054162,Art,15.552
CA-2015-117317,Paper,0.809428285,Paper,13.44
CA-2015-117345,Appliances,0.208625878,Appliances,62.92
CA-2015-117345,Furnishings,0.208625878,Furnishings,44.128
CA-2015-117345,Labels,0.208625878,Labels,17.544
CA-2015-117345,Paper,0.208625878,Paper,78.304
CA-2015-117429,Furnishings,0.406218656,Furnishings,129.92
CA-2015-117464,Art,0.405215647,Art,11.52
CA-2015-117464,Chairs,0.405215647,Chairs,717.72
CA-2015-117464,Storage,0.405215647,Storage,236.5
CA-2015-117464,Tables,0.405215647,Tables,170.352
CA-2015-117478,Binders,0.604814443,Binders,6.57
CA-2015-117639,Binders,0.400200602,Binders,"2,715.93"
CA-2015-117639,Phones,0.400200602,Phones,617.97
CA-2015-117709,Binders,0.398194584,Binders,46.8
CA-2015-117765,Binders,0.196589769,Binders,32.06
CA-2015-117765,Chairs,0.196589769,Chairs,161.96
CA-2015-117765,Storage,0.196589769,Storage,19.86
CA-2015-117765,Tables,0.196589769,Tables,429.9
CA-2015-118192,Binders,0.784353059,Binders,3.438
CA-2015-118192,Paper,0.784353059,Paper,37.408
CA-2015-118276,Furnishings,0.981945838,Furnishings,8.736
CA-2015-118304,Phones,0.381143430,Phones,19.98
CA-2015-118339,Appliances,0.380140421,Appliances,93.78
CA-2015-118339,Art,0.380140421,Art,19.68
CA-2015-118339,Binders,0.380140421,Binders,89.28
CA-2015-118339,Paper,0.380140421,Paper,47.18
CA-2015-118962,Chairs,0.762286861,Chairs,340.144
CA-2015-118962,Paper,0.762286861,Paper,131.9
CA-2015-118976,Art,0.961885657,Art,5.34
CA-2015-118976,Binders,0.961885657,Binders,20.86
CA-2015-118976,Labels,0.961885657,Labels,3.15
CA-2015-118976,Storage,0.961885657,Storage,497.61
CA-2015-119032,Fasteners,0.760280843,Fasteners,3.76
CA-2015-119144,Bookcases,0.357071214,Bookcases,305.9745
CA-2015-119144,Phones,0.357071214,Phones,79.968
CA-2015-119144,Storage,0.357071214,Storage,344.91
CA-2015-119151,Bookcases,0.956870612,Bookcases,275.952
CA-2015-119151,Storage,0.956870612,Storage,"1,117.92"
CA-2015-119172,Binders,0.756268806,Binders,104.58
CA-2015-119172,Paper,0.756268806,Paper,17.472
CA-2015-119375,Art,0.150451354,Art,57.75
CA-2015-119375,Furnishings,0.150451354,Furnishings,124.41
CA-2015-119375,Storage,0.150451354,Storage,"2,934.33"
CA-2015-119466,Furnishings,0.947843531,Furnishings,8.544
CA-2015-119529,Binders,0.346038114,Binders,5.76
CA-2015-119977,Paper,0.733199599,Paper,123.92
CA-2015-120096,Appliances,0.929789368,Appliances,32.432
CA-2015-120096,Paper,0.929789368,Paper,177.536
CA-2015-120243,Labels,0.525576730,Labels,11.56
CA-2015-120278,Appliances,0.524573721,Appliances,245.88
CA-2015-120278,Binders,0.524573721,Binders,12.39
CA-2015-120278,Storage,0.524573721,Storage,59.21
CA-2015-120411,Bookcases,0.920762287,Bookcases,493.43
CA-2015-120411,Phones,0.920762287,Phones,11.12
CA-2015-120432,Supplies,0.720160481,Supplies,25.5
CA-2015-120474,Art,0.318956871,Art,46.64
CA-2015-120474,Chairs,0.318956871,Chairs,"2,807.84"
CA-2015-120544,Accessories,0.316950853,Accessories,5.544
CA-2015-120544,Appliances,0.316950853,Appliances,34.176
CA-2015-120544,Furnishings,0.316950853,Furnishings,6.368
CA-2015-120670,Accessories,0.113340020,Accessories,799.92
CA-2015-120768,Binders,0.510531595,Binders,152.76
CA-2015-120768,Chairs,0.510531595,Chairs,"1,819.86"
CA-2015-120768,Supplies,0.510531595,Supplies,7.27
CA-2015-120775,Binders,0.110330993,Binders,1.788
CA-2015-120775,Fasteners,0.110330993,Fasteners,19.416
CA-2015-120775,Furnishings,0.110330993,Furnishings,31.776
CA-2015-120775,Labels,0.110330993,Labels,4.928
CA-2015-120838,Phones,0.508525577,Phones,604.752
CA-2015-120838,Storage,0.508525577,Storage,330.4
CA-2015-120852,Accessories,0.708124373,Accessories,65.44
CA-2015-120852,Appliances,0.708124373,Appliances,19.432
CA-2015-120887,Furnishings,0.707121364,Furnishings,87.54
CA-2015-120950,Paper,0.105315948,Paper,43.68
CA-2015-121006,Art,0.903711133,Art,3.9
CA-2015-121006,Chairs,0.903711133,Chairs,563.94
CA-2015-121006,Paper,0.903711133,Paper,28.68
CA-2015-121006,Storage,0.903711133,Storage,598.35
CA-2015-121167,Binders,0.699097292,Binders,17.248
CA-2015-121286,Appliances,0.895687061,Appliances,58.24
CA-2015-121286,Fasteners,0.895687061,Fasteners,8.376
CA-2015-121573,Binders,0.487462387,Binders,56.752
CA-2015-121573,Phones,0.487462387,Phones,783.96
CA-2015-121629,Machines,0.285857573,Machines,998.85
CA-2015-121664,Binders,0.284854564,Binders,140.736
CA-2015-121727,Art,0.683049147,Art,10.72
CA-2015-121762,Accessories,0.682046138,Accessories,239.97
CA-2015-121762,Appliances,0.682046138,Appliances,81.96
CA-2015-121762,Supplies,0.682046138,Supplies,238.62
CA-2015-121769,Tables,0.281845537,Tables,172.11
CA-2015-122070,Binders,0.073219659,Binders,9.912
CA-2015-122070,Envelopes,0.073219659,Envelopes,247.84
CA-2015-122217,Furnishings,0.669007021,Furnishings,111.15
CA-2015-122336,Art,0.865596790,Art,17.856
CA-2015-122336,Binders,0.865596790,Binders,509.97
CA-2015-122336,Fasteners,0.865596790,Fasteners,30.992
CA-2015-122336,Phones,0.865596790,Phones,71.928
CA-2015-122567,Appliances,0.658976931,Appliances,7.96
CA-2015-122567,Binders,0.658976931,Binders,1.08
CA-2015-122588,Furnishings,0.458375125,Furnishings,52.96
CA-2015-122609,Accessories,0.257773320,Accessories,127.984
CA-2015-122609,Furnishings,0.257773320,Furnishings,25.128
CA-2015-122679,Art,0.255767302,Art,19.68
CA-2015-122749,Phones,0.253761284,Phones,479.96
CA-2015-122882,Furnishings,0.649949850,Furnishings,42.368
CA-2015-122882,Machines,0.649949850,Machines,399.54
CA-2015-122882,Phones,0.649949850,Phones,32.382
CA-2015-122882,Storage,0.649949850,Storage,64.784
CA-2015-122931,Art,0.848545637,Art,4.224
CA-2015-122931,Labels,0.848545637,Labels,55.44
CA-2015-122931,Paper,0.848545637,Paper,20.928
CA-2015-122931,Storage,0.848545637,Storage,"1,801.632"
CA-2015-122931,Tables,0.848545637,Tables,476.448
CA-2015-123064,Art,0.244734203,Art,5.248
CA-2015-123127,Appliances,0.642928786,Appliances,16.78
CA-2015-123225,Paper,0.040120361,Paper,10.368
CA-2015-123225,Phones,0.040120361,Phones,575.968
CA-2015-123253,Art,0.439317954,Art,3.912
CA-2015-123260,Accessories,0.039117352,Accessories,176.8
CA-2015-123295,Chairs,0.038114343,Chairs,259.136
CA-2015-123316,Binders,0.837512538,Binders,7.752
CA-2015-123323,Binders,0.437311936,Binders,123.144
CA-2015-123344,Storage,0.236710130,Storage,211.96
CA-2015-123400,Binders,0.035105316,Binders,18.336
CA-2015-123400,Phones,0.035105316,Phones,180.96
CA-2015-123477,Appliances,0.632898696,Appliances,64.864
CA-2015-123498,Binders,0.432296891,Binders,26.046
CA-2015-123498,Envelopes,0.432296891,Envelopes,74.352
CA-2015-123855,Phones,0.022066199,Phones,139.8
CA-2015-123925,Art,0.020060181,Art,40.05
CA-2015-124023,Furnishings,0.417251755,Furnishings,8.96
CA-2015-124079,Binders,0.215646941,Binders,5.214
CA-2015-124079,Furnishings,0.215646941,Furnishings,87.96
CA-2015-124247,Chairs,0.610832497,Chairs,"1,403.92"
CA-2015-124394,Accessories,0.206619860,Accessories,119.976
CA-2015-124394,Binders,0.206619860,Binders,10.78
CA-2015-124429,Storage,0.205616851,Storage,359.32
CA-2015-124429,Tables,0.205616851,Tables,567.12
CA-2015-124464,Appliances,0.204613842,Appliances,39.48
CA-2015-124478,Appliances,0.404212638,Appliances,167.535
CA-2015-124478,Copiers,0.404212638,Copiers,549.99
CA-2015-124478,Envelopes,0.404212638,Envelopes,38.34
CA-2015-124478,Furnishings,0.404212638,Furnishings,53.88
CA-2015-124478,Phones,0.404212638,Phones,299.98
CA-2015-124513,Art,0.403209629,Art,66.03
CA-2015-124618,Copiers,0.400200602,Copiers,479.984
CA-2015-124646,Storage,0.799398195,Storage,663.75
CA-2015-124688,Furnishings,0.398194584,Furnishings,29.12
CA-2015-124688,Phones,0.398194584,Phones,579.95
CA-2015-124688,Tables,0.398194584,Tables,"1,202.94"
CA-2015-124702,Furnishings,0.597793380,Furnishings,137.54
CA-2015-124702,Tables,0.597793380,Tables,730.2
CA-2015-124709,Accessories,0.197592778,Accessories,238
CA-2015-124723,Tables,0.397191575,Tables,489.23
CA-2015-124730,Binders,0.996990973,Binders,30
CA-2015-124730,Labels,0.996990973,Labels,104.67
CA-2015-124730,Phones,0.996990973,Phones,279.96
CA-2015-124737,Furnishings,0.596790371,Furnishings,4.224
CA-2015-124737,Paper,0.596790371,Paper,269.712
CA-2015-124737,Phones,0.596790371,Phones,143.64
CA-2015-124737,Supplies,0.596790371,Supplies,6.8
CA-2015-124807,Accessories,0.594784353,Accessories,23.84
CA-2015-124807,Paper,0.594784353,Paper,35.856
CA-2015-124856,Furnishings,0.793380140,Furnishings,117.36
CA-2015-124856,Labels,0.793380140,Labels,18.9
CA-2015-124856,Paper,0.793380140,Paper,77.52
CA-2015-124856,Storage,0.793380140,Storage,"1,395.54"
CA-2015-125136,Paper,0.785356068,Paper,106.944
CA-2015-125150,Chairs,0.984954865,Chairs,232.88
CA-2015-125171,Labels,0.784353059,Labels,14.4
CA-2015-125514,Appliances,0.174523571,Appliances,62.23
CA-2015-125514,Paper,0.174523571,Paper,6.48
CA-2015-125542,Envelopes,0.573721163,Envelopes,348.488
CA-2015-125542,Storage,0.573721163,Storage,172.736
CA-2015-125556,Binders,0.773319960,Binders,43.8
CA-2015-125556,Phones,0.773319960,Phones,832.93
CA-2015-125612,Paper,0.571715145,Paper,39.96
CA-2015-125612,Storage,0.571715145,Storage,21.36
CA-2015-125612,Supplies,0.571715145,Supplies,102.3
CA-2015-125682,Paper,0.569709127,Paper,9.96
CA-2015-125731,Chairs,0.768304915,Chairs,"1,487.04"
CA-2015-125731,Envelopes,0.768304915,Envelopes,21.728
CA-2015-125759,Furnishings,0.167502508,Furnishings,14.56
CA-2015-125829,Binders,0.165496489,Binders,21.936
CA-2015-125829,Machines,0.165496489,Machines,447.968
CA-2015-125829,Paper,0.165496489,Paper,19.44
CA-2015-125829,Phones,0.165496489,Phones,666.344
CA-2015-125829,Tables,0.165496489,Tables,573.728
CA-2015-125997,Appliances,0.560682046,Appliances,30.98
CA-2015-125997,Bookcases,0.560682046,Bookcases,801.568
CA-2015-125997,Chairs,0.560682046,Chairs,631.782
CA-2015-125997,Labels,0.560682046,Labels,75.18
CA-2015-125997,Phones,0.560682046,Phones,"1,979.86"
CA-2015-126032,Accessories,0.559679037,Accessories,86.376
CA-2015-126193,Binders,0.355065196,Binders,308.818
CA-2015-126193,Fasteners,0.355065196,Fasteners,13.16
CA-2015-126200,Binders,0.954864594,Binders,38.064
CA-2015-126277,Binders,0.552657974,Binders,2.502
CA-2015-126333,Paper,0.351053159,Paper,5.184
CA-2015-126361,Appliances,0.750250752,Appliances,"1,089.75"
CA-2015-126361,Art,0.750250752,Art,16.4
CA-2015-126361,Binders,0.750250752,Binders,13.184
CA-2015-126361,Paper,0.750250752,Paper,447.84
CA-2015-126361,Phones,0.750250752,Phones,399.96
CA-2015-126361,Storage,0.750250752,Storage,158.9
CA-2015-126403,Chairs,0.349047141,Chairs,785.88
CA-2015-126403,Paper,0.349047141,Paper,192.64
CA-2015-126403,Storage,0.349047141,Storage,"1,325.85"
CA-2015-126480,Paper,0.946840522,Paper,8.56
CA-2015-126522,Art,0.545636911,Art,53.94
CA-2015-126683,Furnishings,0.341023069,Furnishings,6.16
CA-2015-126683,Tables,0.341023069,Tables,"2,348.82"
CA-2015-126760,Accessories,0.938816449,Accessories,170.97
CA-2015-126760,Chairs,0.938816449,Chairs,674.352
CA-2015-126760,Furnishings,0.938816449,Furnishings,134.01
CA-2015-126760,Phones,0.938816449,Phones,911.984
CA-2015-126802,Furnishings,0.537612839,Furnishings,38.976
CA-2015-126907,Paper,0.534603811,Paper,15.696
CA-2015-126963,Paper,0.332998997,Paper,36.544
CA-2015-127012,Art,0.531594784,Art,40.97
CA-2015-127012,Fasteners,0.531594784,Fasteners,22.96
CA-2015-127012,Furnishings,0.531594784,Furnishings,12.35
CA-2015-127131,Binders,0.728184554,Binders,12.096
CA-2015-127131,Paper,0.728184554,Paper,25.92
CA-2015-127131,Storage,0.728184554,Storage,683.46
CA-2015-127159,Furnishings,0.127382146,Furnishings,34.79
CA-2015-127166,Binders,0.727181545,Binders,18.24
CA-2015-127166,Chairs,0.727181545,Chairs,107.772
CA-2015-127166,Envelopes,0.727181545,Envelopes,56.064
CA-2015-127166,Paper,0.727181545,Paper,4.832
CA-2015-127187,Phones,0.526579739,Phones,129.98
CA-2015-127299,Machines,0.123370110,Machines,"2,624.985"
CA-2015-127299,Storage,0.123370110,Storage,67.344
CA-2015-127383,Envelopes,0.320962889,Envelopes,49.568
CA-2015-127446,Accessories,0.719157472,Accessories,24.672
CA-2015-127446,Furnishings,0.719157472,Furnishings,6.096
CA-2015-127446,Labels,0.719157472,Labels,8.424
CA-2015-127446,Paper,0.719157472,Paper,15.696
CA-2015-127446,Tables,0.719157472,Tables,"1,218.735"
CA-2015-127488,Labels,0.317953862,Labels,4.608
CA-2015-127523,Appliances,0.316950853,Appliances,35.91
CA-2015-127558,Accessories,0.315947844,Accessories,772.47
CA-2015-127558,Furnishings,0.315947844,Furnishings,10.11
CA-2015-127558,Supplies,0.315947844,Supplies,20.46
CA-2015-127586,Storage,0.715145436,Storage,310.12
CA-2015-127614,Accessories,0.114343029,Accessories,234.45
CA-2015-127614,Binders,0.114343029,Binders,17.46
CA-2015-127614,Tables,0.114343029,Tables,"1,256.22"
CA-2015-127691,Accessories,0.712136409,Accessories,159.98
CA-2015-127691,Art,0.712136409,Art,5.96
CA-2015-127859,Paper,0.107321966,Paper,126.624
CA-2015-127866,Accessories,0.707121364,Accessories,41.94
CA-2015-127866,Art,0.707121364,Art,13.12
CA-2015-127866,Paper,0.707121364,Paper,11.96
CA-2015-127866,Storage,0.707121364,Storage,535.41
CA-2015-127936,Art,0.705115346,Art,21.24
CA-2015-127964,Binders,0.104312939,Binders,151.08
CA-2015-127964,Phones,0.104312939,Phones,9.99
CA-2015-128055,Appliances,0.901705115,Appliances,52.98
CA-2015-128055,Binders,0.901705115,Binders,673.568
CA-2015-128062,Paper,0.501504514,Paper,5.88
CA-2015-128146,Art,0.699097292,Art,3.76
CA-2015-128146,Phones,0.699097292,Phones,"1,322.93"
CA-2015-128209,Binders,0.097291876,Binders,"2,152.776"
CA-2015-128209,Bookcases,0.097291876,Bookcases,"4,007.84"
CA-2015-128237,Accessories,0.496489468,Accessories,45.48
CA-2015-128237,Art,0.496489468,Art,46.88
CA-2015-128524,Accessories,0.088264794,Accessories,102.13
CA-2015-128524,Appliances,0.088264794,Appliances,22.98
CA-2015-128524,Binders,0.088264794,Binders,"2,033.584"
CA-2015-128538,Envelopes,0.287863591,Envelopes,7.64
CA-2015-128622,Supplies,0.485456369,Supplies,10.95
CA-2015-128839,Fasteners,0.079237713,Fasteners,45
CA-2015-128839,Machines,0.079237713,Machines,209.97
CA-2015-128846,Paper,0.679037111,Paper,122.97
CA-2015-128846,Phones,0.679037111,Phones,629.95
CA-2015-128888,Envelopes,0.277833501,Envelopes,604.656
CA-2015-128986,Paper,0.675025075,Paper,93.024
CA-2015-129091,Appliances,0.672016048,Appliances,675.12
CA-2015-129091,Binders,0.672016048,Binders,319.9
CA-2015-129091,Envelopes,0.672016048,Envelopes,27.59
CA-2015-129147,Binders,0.470411234,Binders,19.242
CA-2015-129147,Phones,0.470411234,Phones,590.196
CA-2015-129168,Paper,0.269809428,Paper,15.552
CA-2015-129189,Appliances,0.069207623,Appliances,4.992
CA-2015-129189,Binders,0.069207623,Binders,1.044
CA-2015-129189,Chairs,0.069207623,Chairs,657.93
CA-2015-129189,Envelopes,0.069207623,Envelopes,87.92
CA-2015-129364,Accessories,0.064192578,Accessories,103.92
CA-2015-129364,Binders,0.064192578,Binders,6.456
CA-2015-129364,Labels,0.064192578,Labels,39.408
CA-2015-129364,Paper,0.064192578,Paper,10.368
CA-2015-129364,Phones,0.064192578,Phones,52.68
CA-2015-129364,Storage,0.064192578,Storage,39.072
CA-2015-129364,Supplies,0.064192578,Supplies,13.88
CA-2015-129574,Paper,0.058174524,Paper,48.4
CA-2015-129819,Binders,0.051153460,Binders,12.39
CA-2015-129924,Binders,0.048144433,Binders,7.712
CA-2015-129924,Tables,0.048144433,Tables,698.352
CA-2015-129938,Chairs,0.247743230,Chairs,445.802
CA-2015-130092,Furnishings,0.443329990,Furnishings,9.94
CA-2015-130155,Supplies,0.841524574,Supplies,34.2
CA-2015-130274,Labels,0.038114343,Labels,21.56
CA-2015-130421,Appliances,0.633901705,Appliances,176.772
CA-2015-130428,Art,0.233701103,Art,4.032
CA-2015-130428,Binders,0.233701103,Binders,12.645
CA-2015-130428,Chairs,0.233701103,Chairs,"1,125.488"
CA-2015-130449,Furnishings,0.033099298,Furnishings,41.88
CA-2015-130449,Labels,0.033099298,Labels,58.48
CA-2015-130575,Binders,0.829488465,Binders,9.264
CA-2015-130624,Appliances,0.028084253,Appliances,59.7
CA-2015-130624,Paper,0.028084253,Paper,19.65
CA-2015-130624,Phones,0.028084253,Phones,617.97
CA-2015-130673,Accessories,0.226680040,Accessories,20.784
CA-2015-130673,Furnishings,0.226680040,Furnishings,10.332
CA-2015-130673,Paper,0.226680040,Paper,10.368
CA-2015-130673,Storage,0.226680040,Storage,66.96
CA-2015-130729,Binders,0.025075226,Binders,34.272
CA-2015-130813,Paper,0.222668004,Paper,19.44
CA-2015-130869,Envelopes,0.021063190,Envelopes,7.08
CA-2015-130918,Supplies,0.219658977,Supplies,7.632
CA-2015-130960,Art,0.818455366,Art,9.84
CA-2015-131002,Binders,0.417251755,Binders,42.81
CA-2015-131002,Furnishings,0.417251755,Furnishings,879.57
CA-2015-131002,Paper,0.417251755,Paper,12.96
CA-2015-131002,Phones,0.417251755,Phones,104.85
CA-2015-131009,Chairs,0.017051153,Chairs,362.25
CA-2015-131009,Fasteners,0.017051153,Fasteners,18.84
CA-2015-131009,Furnishings,0.017051153,Furnishings,63.552
CA-2015-131009,Storage,0.017051153,Storage,129.552
CA-2015-131051,Furnishings,0.615847543,Furnishings,58.2
CA-2015-131247,Bookcases,0.410230692,Bookcases,205.666
CA-2015-131310,Binders,0.808425276,Binders,11.264
CA-2015-131310,Chairs,0.808425276,Chairs,123.136
CA-2015-131387,Phones,0.406218656,Phones,"1,679.96"
CA-2015-131450,Appliances,0.804413240,Appliances,76.12
CA-2015-131450,Copiers,0.804413240,Copiers,"1,199.976"
CA-2015-131450,Furnishings,0.804413240,Furnishings,327.76
CA-2015-131450,Phones,0.804413240,Phones,445.96
CA-2015-131527,Phones,0.402206620,Phones,95.968
CA-2015-131541,Envelopes,0.601805416,Envelopes,48.944
CA-2015-131541,Fasteners,0.601805416,Fasteners,14.32
CA-2015-131541,Furnishings,0.601805416,Furnishings,129.888
CA-2015-131800,Appliances,0.794383149,Appliances,122.94
CA-2015-131800,Binders,0.794383149,Binders,35.448
CA-2015-131905,Labels,0.791374122,Labels,15
CA-2015-131905,Phones,0.791374122,Phones,306.56
CA-2015-131926,Appliances,0.590772317,Appliances,"1,503.25"
CA-2015-131926,Chairs,0.590772317,Chairs,"2,001.86"
CA-2015-131926,Paper,0.590772317,Paper,73.8
CA-2015-131926,Storage,0.590772317,Storage,166.72
CA-2015-131947,Accessories,0.390170512,Accessories,55.92
CA-2015-131947,Art,0.390170512,Art,43.504
CA-2015-131947,Machines,0.390170512,Machines,29.925
CA-2015-131947,Paper,0.390170512,Paper,188.944
CA-2015-132010,Accessories,0.788365095,Accessories,22.96
CA-2015-132010,Binders,0.788365095,Binders,15.18
CA-2015-132010,Envelopes,0.788365095,Envelopes,36.4
CA-2015-132010,Storage,0.788365095,Storage,315.2
CA-2015-132227,Binders,0.382146439,Binders,52.064
CA-2015-132451,Chairs,0.575727182,Chairs,585.552
CA-2015-132451,Paper,0.575727182,Paper,19.44
CA-2015-132500,Accessories,0.774322969,Accessories,49.98
CA-2015-132542,Binders,0.373119358,Binders,15.36
CA-2015-132612,Tables,0.371113340,Tables,"1,441.3"
CA-2015-132787,Storage,0.366098295,Storage,92.52
CA-2015-132801,Storage,0.565697091,Storage,107.44
CA-2015-132864,Accessories,0.963891675,Accessories,119.8
CA-2015-132913,Appliances,0.162487462,Appliances,13.97
CA-2015-132962,Accessories,0.361083250,Accessories,252
CA-2015-132962,Paper,0.361083250,Paper,15.552
CA-2015-132983,Accessories,0.160481444,Accessories,159.98
CA-2015-133158,Binders,0.155466399,Binders,69.456
CA-2015-133158,Furnishings,0.155466399,Furnishings,289.24
CA-2015-133228,Art,0.153460381,Art,79.36
CA-2015-133228,Furnishings,0.153460381,Furnishings,5.47
CA-2015-133270,Art,0.752256770,Art,13.36
CA-2015-133305,Binders,0.751253761,Binders,18.28
CA-2015-133305,Paper,0.751253761,Paper,49.12
CA-2015-133354,Paper,0.949849549,Paper,19.44
CA-2015-133389,Binders,0.948846540,Binders,8.226
CA-2015-133424,Labels,0.947843531,Labels,44.4
CA-2015-133424,Storage,0.947843531,Storage,15.84
CA-2015-133543,Art,0.144433300,Art,11.76
CA-2015-133592,Accessories,0.343029087,Accessories,"1,687.8"
CA-2015-133592,Bookcases,0.343029087,Bookcases,341.96
CA-2015-133592,Chairs,0.343029087,Chairs,605.88
CA-2015-133592,Paper,0.343029087,Paper,210.58
CA-2015-133634,Accessories,0.941825476,Accessories,47.79
CA-2015-133690,Appliances,0.740220662,Appliances,2.6
CA-2015-133690,Tables,0.740220662,Tables,218.75
CA-2015-133704,Appliances,0.939819458,Appliances,43.92
CA-2015-133704,Binders,0.939819458,Binders,20.232
CA-2015-133753,Accessories,0.138415246,Accessories,63.984
CA-2015-133753,Art,0.138415246,Art,70.368
CA-2015-133753,Phones,0.138415246,Phones,7.992
CA-2015-133809,Binders,0.936810431,Binders,11.808
CA-2015-133809,Phones,0.936810431,Phones,9.588
CA-2015-133830,Art,0.736208626,Art,26.46
CA-2015-133830,Fasteners,0.736208626,Fasteners,15
CA-2015-133830,Paper,0.736208626,Paper,49.12
CA-2015-133851,Art,0.535606820,Art,23.1
CA-2015-133851,Supplies,0.535606820,Supplies,7.36
CA-2015-133963,Paper,0.132397192,Paper,3.984
CA-2015-134061,Furnishings,0.529588766,Furnishings,17.46
CA-2015-134103,Paper,0.128385155,Paper,10.56
CA-2015-134103,Storage,0.128385155,Storage,229.94
CA-2015-134215,Accessories,0.725175527,Accessories,255.42
CA-2015-134215,Appliances,0.725175527,Appliances,101.96
CA-2015-134215,Paper,0.725175527,Paper,259.74
CA-2015-134278,Copiers,0.123370110,Copiers,559.992
CA-2015-134313,Art,0.122367101,Art,43.176
CA-2015-134313,Phones,0.122367101,Phones,"1,983.968"
CA-2015-134551,Appliances,0.515546640,Appliances,43.512
CA-2015-134551,Chairs,0.515546640,Chairs,662.88
CA-2015-134551,Paper,0.515546640,Paper,25.92
CA-2015-134572,Storage,0.314944835,Storage,44.84
CA-2015-134572,Tables,0.314944835,Tables,"1,145.69"
CA-2015-134621,Binders,0.513540622,Binders,18.24
CA-2015-134677,Accessories,0.311935807,Accessories,9.09
CA-2015-134726,Accessories,0.510531595,Accessories,41.94
CA-2015-134726,Phones,0.510531595,Phones,52.792
CA-2015-135090,Paper,0.700100301,Paper,53.82
CA-2015-135405,Accessories,0.691073220,Accessories,31.2
CA-2015-135405,Art,0.691073220,Art,9.344
CA-2015-135608,Chairs,0.085255767,Chairs,603.92
CA-2015-135608,Paper,0.085255767,Paper,45.68
CA-2015-135657,Tables,0.283851555,Tables,515.88
CA-2015-135699,Paper,0.882647944,Paper,123.28
CA-2015-135755,Binders,0.681043129,Binders,51.072
CA-2015-135993,Accessories,0.074222668,Accessories,27.6
CA-2015-135993,Phones,0.074222668,Phones,57.408
CA-2015-136280,Labels,0.665997994,Labels,5.04
CA-2015-136336,Storage,0.464393180,Storage,828.84
CA-2015-136399,Accessories,0.862587763,Accessories,395
CA-2015-136399,Chairs,0.862587763,Chairs,241.568
CA-2015-136399,Furnishings,0.862587763,Furnishings,44.46
CA-2015-136399,Phones,0.862587763,Phones,627.168
CA-2015-136567,Binders,0.257773320,Binders,62.31
CA-2015-136567,Storage,0.257773320,Storage,122.48
CA-2015-136567,Tables,0.257773320,Tables,"2,699.58"
CA-2015-136644,Chairs,0.855566700,Chairs,647.84
CA-2015-136742,Binders,0.252758275,Binders,44.91
CA-2015-136861,Furnishings,0.449348044,Furnishings,31.984
CA-2015-137092,Accessories,0.242728185,Accessories,319.968
CA-2015-137092,Binders,0.242728185,Binders,8.682
CA-2015-137092,Labels,0.242728185,Labels,24.424
CA-2015-137092,Paper,0.242728185,Paper,3.808
CA-2015-137092,Storage,0.242728185,Storage,505.32
CA-2015-137274,Tables,0.837512538,Tables,890.841
CA-2015-137351,Binders,0.435305918,Binders,43.176
CA-2015-137575,Accessories,0.628886660,Accessories,199.98
CA-2015-137589,Supplies,0.828485456,Supplies,286.344
CA-2015-137911,Paper,0.419257773,Paper,88.768
CA-2015-138023,Binders,0.016048144,Binders,30.96
CA-2015-138072,Accessories,0.214643932,Accessories,27.968
CA-2015-138100,Furnishings,0.613841525,Furnishings,14.56
CA-2015-138100,Paper,0.613841525,Paper,14.94
CA-2015-138128,Copiers,0.013039117,Copiers,"1,079.976"
CA-2015-138128,Envelopes,0.013039117,Envelopes,30.672
CA-2015-138177,Tables,0.211634905,Tables,73.915
CA-2015-138198,Binders,0.011033099,Binders,13.904
CA-2015-138240,Art,0.609829488,Art,144.6
CA-2015-138240,Phones,0.609829488,Phones,15.992
CA-2015-138296,Storage,0.408224674,Storage,24.56
CA-2015-138317,Accessories,0.207622869,Accessories,95.968
CA-2015-138317,Appliances,0.207622869,Appliances,44.416
CA-2015-138317,Binders,0.207622869,Binders,9.006
CA-2015-138317,Envelopes,0.207622869,Envelopes,24.896
CA-2015-138317,Furnishings,0.207622869,Furnishings,3.984
CA-2015-138317,Machines,0.207622869,Machines,206.991
CA-2015-138359,Binders,0.806419258,Binders,6.24
CA-2015-138359,Storage,0.806419258,Storage,66.96
CA-2015-138436,Accessories,0.404212638,Accessories,66.3
CA-2015-138450,Envelopes,0.603811434,Envelopes,52.512
CA-2015-138450,Paper,0.603811434,Paper,10.048
CA-2015-138450,Storage,0.603811434,Storage,186.912
CA-2015-138513,Paper,0.002006018,Paper,12.96
CA-2015-138527,Accessories,0.201604814,Accessories,15.216
CA-2015-138527,Appliances,0.201604814,Appliances,166.84
CA-2015-138527,Paper,0.201604814,Paper,10.368
CA-2015-138681,Accessories,0.397191575,Accessories,71.976
CA-2015-138681,Chairs,0.397191575,Chairs,242.352
CA-2015-138681,Furnishings,0.397191575,Furnishings,51.968
CA-2015-138681,Paper,0.397191575,Paper,230.368
CA-2015-138709,Binders,0.796389168,Binders,15.6
CA-2015-138709,Paper,0.796389168,Paper,21.84
CA-2015-138737,Art,0.195586760,Art,8.64
CA-2015-138940,Phones,0.589769308,Phones,758.352
CA-2015-139017,Accessories,0.187562688,Accessories,46.864
CA-2015-139192,Accessories,0.182547643,Accessories,99.99
CA-2015-139192,Phones,0.182547643,Phones,"1,113.504"
CA-2015-139283,Binders,0.979939819,Binders,14.67
CA-2015-139423,Appliances,0.975927783,Appliances,76.12
CA-2015-139451,Art,0.375125376,Art,14.9
CA-2015-139451,Storage,0.375125376,Storage,21.39
CA-2015-139542,Accessories,0.172517553,Accessories,40.776
CA-2015-139542,Binders,0.172517553,Binders,13.698
CA-2015-139598,Appliances,0.970912738,Appliances,116.208
CA-2015-139598,Paper,0.970912738,Paper,18.264
CA-2015-139598,Storage,0.970912738,Storage,227.136
CA-2015-139633,Binders,0.969909729,Binders,5.484
CA-2015-139857,Fasteners,0.163490471,Fasteners,12.35
CA-2015-139892,Appliances,0.162487462,Appliances,177.98
CA-2015-139892,Art,0.162487462,Art,42
CA-2015-139892,Chairs,0.162487462,Chairs,"1,740.06"
CA-2015-139892,Machines,0.162487462,Machines,"8,159.952"
CA-2015-139892,Phones,0.162487462,Phones,143.976
CA-2015-139892,Storage,0.162487462,Storage,275.928
CA-2015-140004,Art,0.759277834,Art,13.456
CA-2015-140032,Binders,0.158475426,Binders,8.608
CA-2015-140039,Storage,0.758274824,Storage,79.4
CA-2015-140165,Binders,0.554663992,Binders,398.352
CA-2015-140165,Fasteners,0.554663992,Fasteners,7.104
CA-2015-140228,Labels,0.952858576,Labels,6.912
CA-2015-140228,Storage,0.952858576,Storage,204.664
CA-2015-140396,Binders,0.348044132,Binders,12.96
CA-2015-140396,Envelopes,0.348044132,Envelopes,34.74
CA-2015-140396,Paper,0.348044132,Paper,25.92
CA-2015-140396,Phones,0.348044132,Phones,833.94
CA-2015-140403,Chairs,0.947843531,Chairs,122.352
CA-2015-140403,Envelopes,0.947843531,Envelopes,15.28
CA-2015-140473,Copiers,0.945837513,Copiers,719.976
CA-2015-140487,Bookcases,0.145436309,Bookcases,212.94
CA-2015-140662,Accessories,0.140421264,Accessories,99.98
CA-2015-140662,Appliances,0.140421264,Appliances,241.44
CA-2015-140662,Paper,0.140421264,Paper,733.95
CA-2015-140732,Appliances,0.138415246,Appliances,7.78
CA-2015-140732,Paper,0.138415246,Paper,123.92
CA-2015-140732,Phones,0.138415246,Phones,575.928
CA-2015-140795,Accessories,0.536609829,Accessories,468.9
CA-2015-140816,Accessories,0.336008024,Accessories,447.944
CA-2015-140858,Binders,0.934804413,Binders,34.254
CA-2015-140858,Chairs,0.934804413,Chairs,"1,228.465"
CA-2015-140858,Paper,0.934804413,Paper,376.992
CA-2015-140886,Appliances,0.334002006,Appliances,69.216
CA-2015-141005,Binders,0.530591775,Binders,62.94
CA-2015-141110,Appliances,0.527582748,Appliances,40.54
CA-2015-141110,Binders,0.527582748,Binders,11.632
CA-2015-141110,Paper,0.527582748,Paper,14.94
CA-2015-141152,Binders,0.126379137,Binders,33.552
CA-2015-141173,Storage,0.925777332,Storage,67.15
CA-2015-141278,Art,0.922768305,Art,21.4
CA-2015-141299,Envelopes,0.722166499,Envelopes,15.28
CA-2015-141313,Appliances,0.921765296,Appliances,"1,737.18"
CA-2015-141313,Paper,0.921765296,Paper,141.76
CA-2015-141313,Storage,0.921765296,Storage,704.25
CA-2015-141355,Art,0.520561685,Art,14.576
CA-2015-141607,Furnishings,0.113340020,Furnishings,43.31
CA-2015-141649,Appliances,0.712136409,Appliances,795.408
CA-2015-141726,Binders,0.309929789,Binders,8.704
CA-2015-141726,Furnishings,0.309929789,Furnishings,43.02
CA-2015-141726,Paper,0.309929789,Paper,124.77
CA-2015-141796,Phones,0.307923771,Phones,"1,214.85"
CA-2015-141817,Art,0.107321966,Art,19.536
CA-2015-141838,Art,0.906720160,Art,3.36
CA-2015-141838,Binders,0.906720160,Binders,27.936
CA-2015-141838,Phones,0.906720160,Phones,28.784
CA-2015-141901,Paper,0.304914744,Paper,5.98
CA-2015-142048,Accessories,0.900702106,Accessories,196.752
CA-2015-142314,Appliances,0.693079238,Appliances,207.24
CA-2015-142510,Binders,0.487462387,Binders,17.904
CA-2015-142510,Paper,0.487462387,Paper,124.032
CA-2015-142510,Storage,0.487462387,Storage,132.16
CA-2015-142587,Appliances,0.085255767,Appliances,121.792
CA-2015-142587,Tables,0.085255767,Tables,409.59
CA-2015-142727,Binders,0.081243731,Binders,17.94
CA-2015-142727,Chairs,0.081243731,Chairs,51.96
CA-2015-142769,Accessories,0.680040120,Accessories,462.94
CA-2015-142769,Appliances,0.680040120,Appliances,22.66
CA-2015-142769,Fasteners,0.680040120,Fasteners,5.7
CA-2015-142769,Furnishings,0.680040120,Furnishings,14.19
CA-2015-142769,Paper,0.680040120,Paper,48.94
CA-2015-142769,Supplies,0.680040120,Supplies,7.3
CA-2015-142839,Tables,0.678034102,Tables,853.092
CA-2015-142951,Accessories,0.274824473,Accessories,23.472
CA-2015-142965,Binders,0.474423270,Binders,27.36
CA-2015-142965,Storage,0.474423270,Storage,25.984
CA-2015-142979,Art,0.674022066,Art,39.68
CA-2015-143168,Binders,0.868605817,Binders,1.344
CA-2015-143168,Paper,0.868605817,Paper,61.96
CA-2015-143182,Furnishings,0.068204614,Furnishings,15.384
CA-2015-143210,Furnishings,0.467402207,Furnishings,55.66
CA-2015-143210,Phones,0.467402207,Phones,271.9
CA-2015-143336,Art,0.263791374,Art,8.56
CA-2015-143336,Binders,0.263791374,Binders,22.72
CA-2015-143336,Phones,0.263791374,Phones,213.48
CA-2015-143371,Storage,0.262788365,Storage,998.82
CA-2015-143371,Supplies,0.262788365,Supplies,51.15
CA-2015-143385,Accessories,0.462387161,Accessories,92.52
CA-2015-143413,Paper,0.861584754,Paper,116.28
CA-2015-143637,Furnishings,0.055165496,Furnishings,40.48
CA-2015-143840,Phones,0.449348044,Phones,180.93
CA-2015-143903,Chairs,0.847542628,Chairs,981.372
CA-2015-143903,Furnishings,0.847542628,Furnishings,16.74
CA-2015-143903,Storage,0.847542628,Storage,342.864
CA-2015-143917,Furnishings,0.047141424,Furnishings,77.92
CA-2015-143917,Storage,0.047141424,Storage,53.72
CA-2015-143917,Supplies,0.047141424,Supplies,"8,187.65"
CA-2015-144029,Art,0.643931795,Art,13.392
CA-2015-144029,Chairs,0.643931795,Chairs,359.772
CA-2015-144029,Storage,0.643931795,Storage,102.624
CA-2015-144071,Furnishings,0.242728185,Furnishings,119.32
CA-2015-144281,Labels,0.236710130,Labels,491.55
CA-2015-144407,Labels,0.033099298,Labels,103.6
CA-2015-144414,Binders,0.632898696,Binders,"3,266.376"
CA-2015-144414,Fasteners,0.632898696,Fasteners,17.9
CA-2015-144414,Furnishings,0.632898696,Furnishings,6.24
CA-2015-144624,Phones,0.626880642,Phones,"4,548.81"
CA-2015-144666,Bookcases,0.225677031,Bookcases,222.666
CA-2015-144666,Paper,0.225677031,Paper,157.5
CA-2015-144666,Phones,0.225677031,Phones,703.968
CA-2015-144666,Storage,0.225677031,Storage,433.44
CA-2015-144974,Appliances,0.616850552,Appliances,41.376
CA-2015-144974,Binders,0.616850552,Binders,5.97
CA-2015-144974,Furnishings,0.616850552,Furnishings,21.184
CA-2015-145212,Art,0.010030090,Art,5.46
CA-2015-145254,Accessories,0.608826479,Accessories,45
CA-2015-145254,Phones,0.608826479,Phones,907.128
CA-2015-145254,Supplies,0.608826479,Supplies,40.7
CA-2015-145317,Art,0.007021063,Art,8.016
CA-2015-145317,Fasteners,0.007021063,Fasteners,18.936
CA-2015-145317,Furnishings,0.007021063,Furnishings,153.12
CA-2015-145317,Machines,0.007021063,Machines,"23,459.78"
CA-2015-145317,Paper,0.007021063,Paper,21.376
CA-2015-145387,Art,0.005015045,Art,49.25
CA-2015-145387,Binders,0.005015045,Binders,34.08
CA-2015-145387,Chairs,0.005015045,Chairs,"1,604.9"
CA-2015-145387,Furnishings,0.005015045,Furnishings,32.43
CA-2015-145387,Paper,0.005015045,Paper,10.16
CA-2015-145387,Tables,0.005015045,Tables,385.686
CA-2015-145541,Machines,0.200601805,Machines,"6,999.96"
CA-2015-145576,Appliances,0.199598796,Appliances,13
CA-2015-145576,Furnishings,0.199598796,Furnishings,13.128
CA-2015-145800,Tables,0.393179539,Tables,355.455
CA-2015-145926,Chairs,0.189568706,Chairs,479.9
CA-2015-146283,Chairs,0.779338014,Chairs,966.7
CA-2015-146283,Paper,0.779338014,Paper,200.016
CA-2015-146500,Binders,0.373119358,Binders,25.3
CA-2015-146500,Storage,0.373119358,Storage,95.94
CA-2015-146528,Paper,0.772316951,Paper,6.48
CA-2015-146528,Supplies,0.772316951,Supplies,15.52
CA-2015-146591,Binders,0.170511535,Binders,32.34
CA-2015-146591,Bookcases,0.170511535,Bookcases,181.47
CA-2015-146591,Envelopes,0.170511535,Envelopes,108.72
CA-2015-146591,Paper,0.170511535,Paper,56.064
CA-2015-146640,Binders,0.369107322,Binders,334.768
CA-2015-146703,Storage,0.767301906,Storage,211.96
CA-2015-146731,Paper,0.166499498,Paper,147.344
CA-2015-146815,Art,0.364092277,Art,3.52
CA-2015-146815,Chairs,0.364092277,Chairs,172.764
CA-2015-146843,Accessories,0.763289870,Accessories,102.24
CA-2015-146843,Supplies,0.763289870,Supplies,47.992
CA-2015-146864,Storage,0.562688064,Storage,216.4
CA-2015-146885,Paper,0.362086259,Paper,13.62
CA-2015-146969,Fasteners,0.559679037,Fasteners,8.72
CA-2015-146969,Furnishings,0.559679037,Furnishings,204.6
CA-2015-146969,Machines,0.559679037,Machines,686.32
CA-2015-146969,Paper,0.559679037,Paper,6.48
CA-2015-146969,Storage,0.559679037,Storage,62.18
CA-2015-146990,Fasteners,0.359077232,Fasteners,5.92
CA-2015-146990,Paper,0.359077232,Paper,30.18
CA-2015-146997,Fasteners,0.958876630,Fasteners,5.94
CA-2015-147235,Paper,0.352056169,Paper,24.9
CA-2015-147298,Binders,0.750250752,Binders,18.288
CA-2015-147298,Chairs,0.750250752,Chairs,230.28
CA-2015-147543,Chairs,0.743229689,Chairs,478.48
CA-2015-147900,Paper,0.332998997,Paper,28.8
CA-2015-147914,Paper,0.532597793,Paper,16.224
CA-2015-148040,Chairs,0.328986961,Chairs,314.352
CA-2015-148040,Paper,0.328986961,Paper,74.352
CA-2015-148285,Paper,0.321965898,Paper,22.32
CA-2015-148369,Binders,0.519558676,Binders,11.12
CA-2015-148383,Binders,0.719157472,Binders,946.764
CA-2015-148425,Binders,0.317953862,Binders,6.642
CA-2015-148488,Binders,0.716148445,Binders,106.344
CA-2015-148488,Paper,0.716148445,Paper,11.36
CA-2015-148586,Chairs,0.113340020,Chairs,366.786
CA-2015-148614,Furnishings,0.512537613,Furnishings,19.3
CA-2015-148614,Paper,0.512537613,Paper,19.36
CA-2015-148761,Binders,0.108324975,Binders,91.68
CA-2015-148782,Phones,0.907723170,Phones,88.776
CA-2015-148915,Phones,0.303911735,Phones,155.976
CA-2015-148915,Storage,0.303911735,Storage,443.92
CA-2015-148950,Accessories,0.302908726,Accessories,35.016
CA-2015-148950,Binders,0.302908726,Binders,5.104
CA-2015-148950,Fasteners,0.302908726,Fasteners,2.896
CA-2015-149020,Furnishings,0.300902708,Furnishings,51.94
CA-2015-149020,Labels,0.300902708,Labels,2.89
CA-2015-149055,Envelopes,0.299899699,Envelopes,62.808
CA-2015-149104,Art,0.498495486,Art,40.59
CA-2015-149104,Binders,0.498495486,Binders,40.2
CA-2015-149104,Storage,0.498495486,Storage,689.82
CA-2015-149244,Furnishings,0.494483450,Furnishings,35.34
CA-2015-149524,Bookcases,0.486459378,Bookcases,61.96
CA-2015-149538,Accessories,0.686058175,Accessories,99.98
CA-2015-149538,Paper,0.686058175,Paper,32.4
CA-2015-149538,Storage,0.686058175,Storage,232.55
CA-2015-149594,Furnishings,0.484453360,Furnishings,103.936
CA-2015-149643,Phones,0.683049147,Phones,273.96
CA-2015-149958,Binders,0.674022066,Binders,50.406
CA-2015-149958,Furnishings,0.674022066,Furnishings,45.696
CA-2015-149958,Paper,0.674022066,Paper,131.904
CA-2015-149958,Storage,0.674022066,Storage,142.776
CA-2015-150203,Appliances,0.667001003,Appliances,250.26
CA-2015-150245,Bookcases,0.265797392,Bookcases,"1,573.488"
CA-2015-150301,Chairs,0.064192578,Chairs,63.882
CA-2015-150329,Furnishings,0.463390171,Furnishings,46.872
CA-2015-150490,Accessories,0.258776329,Accessories,16.36
CA-2015-150490,Art,0.258776329,Art,45.98
CA-2015-150490,Storage,0.258776329,Storage,15.78
CA-2015-150518,Phones,0.657973922,Phones,281.97
CA-2015-150518,Storage,0.657973922,Storage,221.16
CA-2015-150581,Accessories,0.056168506,Accessories,399.96
CA-2015-150581,Tables,0.056168506,Tables,99.592
CA-2015-150798,Chairs,0.649949850,Chairs,909.72
CA-2015-150798,Copiers,0.649949850,Copiers,659.988
CA-2015-150798,Furnishings,0.649949850,Furnishings,8.128
CA-2015-150798,Paper,0.649949850,Paper,36.288
CA-2015-151001,Storage,0.044132397,Storage,101.728
CA-2015-151078,Storage,0.641925777,Storage,49.632
CA-2015-151162,Binders,0.839518556,Binders,29.94
CA-2015-151162,Paper,0.839518556,Paper,115.848
CA-2015-151162,Phones,0.839518556,Phones,216.678
CA-2015-151295,Paper,0.235707121,Paper,11.96
CA-2015-151295,Tables,0.235707121,Tables,629.064
CA-2015-151330,Accessories,0.234704112,Accessories,177
CA-2015-151330,Chairs,0.234704112,Chairs,"1,628.82"
CA-2015-151330,Storage,0.234704112,Storage,79.45
CA-2015-151379,Paper,0.433299900,Paper,114.2
CA-2015-151554,Paper,0.428284855,Paper,20.736
CA-2015-151708,Accessories,0.623871615,Accessories,95.976
CA-2015-151708,Furnishings,0.623871615,Furnishings,121.376
CA-2015-151792,Accessories,0.821464393,Accessories,239.976
CA-2015-151897,Labels,0.818455366,Labels,100.24
CA-2015-151946,Appliances,0.017051153,Appliances,15.56
CA-2015-151946,Bookcases,0.017051153,Bookcases,353.568
CA-2015-151946,Furnishings,0.017051153,Furnishings,70.92
CA-2015-151953,Art,0.616850552,Art,2.816
CA-2015-151967,Furnishings,0.816449348,Furnishings,129.92
CA-2015-151995,Accessories,0.215646941,Accessories,25.78
CA-2015-151995,Appliances,0.215646941,Appliances,213.92
CA-2015-151995,Art,0.215646941,Art,11.52
CA-2015-151995,Tables,0.215646941,Tables,"1,298.55"
CA-2015-152100,Chairs,0.212637914,Chairs,"1,212.96"
CA-2015-152233,Accessories,0.608826479,Accessories,99.98
CA-2015-152254,Paper,0.408224674,Paper,310.688
CA-2015-152268,Binders,0.607823470,Binders,"1,793.98"
CA-2015-152296,Binders,0.007021063,Binders,19.752
CA-2015-152345,Phones,0.205616851,Phones,23.976
CA-2015-152345,Storage,0.205616851,Storage,33.29
CA-2015-152422,Appliances,0.803410231,Appliances,91.92
CA-2015-152443,Appliances,0.602808425,Appliances,245.88
CA-2015-152443,Binders,0.602808425,Binders,447.86
CA-2015-152443,Paper,0.602808425,Paper,17.94
CA-2015-152562,Art,0.799398195,Art,5.64
CA-2015-152562,Storage,0.799398195,Storage,69.52
CA-2015-152618,Machines,0.597793380,Machines,574.91
CA-2015-152618,Paper,0.597793380,Paper,8.448
CA-2015-152849,Art,0.391173521,Art,4.368
CA-2015-152905,Storage,0.189568706,Storage,12.624
CA-2015-153087,Accessories,0.784353059,Accessories,498
CA-2015-153087,Paper,0.784353059,Paper,23.92
CA-2015-153150,Binders,0.182547643,Binders,19.92
CA-2015-153479,Binders,0.373119358,Binders,95.648
CA-2015-153479,Labels,0.373119358,Labels,14.45
CA-2015-153619,Art,0.369107322,Art,6.72
CA-2015-153808,Accessories,0.563691073,Accessories,299.97
CA-2015-153808,Art,0.563691073,Art,70.95
CA-2015-153808,Binders,0.563691073,Binders,65.568
CA-2015-153850,Furnishings,0.162487462,Furnishings,35.168
CA-2015-153850,Phones,0.162487462,Phones,"1,502.376"
CA-2015-153913,Chairs,0.560682046,Chairs,"1,013.832"
CA-2015-153913,Fasteners,0.560682046,Fasteners,1.984
CA-2015-153927,Accessories,0.760280843,Accessories,272.61
CA-2015-153927,Binders,0.760280843,Binders,14.04
CA-2015-153969,Art,0.359077232,Art,59.52
CA-2015-153969,Envelopes,0.359077232,Envelopes,93.91
CA-2015-153969,Paper,0.359077232,Paper,57.87
CA-2015-153969,Phones,0.359077232,Phones,239.984
CA-2015-153976,Chairs,0.958876630,Chairs,258.279
CA-2015-153983,Fasteners,0.558676028,Fasteners,30.4
CA-2015-153983,Phones,0.558676028,Phones,575.92
CA-2015-154095,Chairs,0.155466399,Chairs,239.84
CA-2015-154095,Furnishings,0.155466399,Furnishings,60.72
CA-2015-154095,Labels,0.155466399,Labels,15.66
CA-2015-154095,Paper,0.155466399,Paper,146.82
CA-2015-154158,Art,0.553660983,Art,1.344
CA-2015-154158,Chairs,0.553660983,Chairs,64.784
CA-2015-154158,Paper,0.553660983,Paper,45.528
CA-2015-154158,Storage,0.553660983,Storage,508.192
CA-2015-154165,Art,0.153460381,Art,54.208
CA-2015-154186,Supplies,0.952858576,Supplies,2.92
CA-2015-154592,Paper,0.741223671,Paper,164.88
CA-2015-154599,Binders,0.341023069,Binders,18.088
CA-2015-154599,Bookcases,0.341023069,Bookcases,308.499
CA-2015-154599,Phones,0.341023069,Phones,"1,513.456"
CA-2015-154627,Phones,0.740220662,Phones,"2,735.952"
CA-2015-154641,Storage,0.939819458,Storage,375.34
CA-2015-154669,Storage,0.339017051,Storage,423.28
CA-2015-154781,Accessories,0.935807422,Accessories,94.99
CA-2015-154781,Paper,0.935807422,Paper,6.58
CA-2015-154837,Binders,0.734202608,Binders,49.568
CA-2015-154893,Chairs,0.532597793,Chairs,"1,897.92"
CA-2015-154963,Chairs,0.530591775,Chairs,"1,023.988"
CA-2015-154963,Phones,0.530591775,Phones,82.782
CA-2015-155208,Art,0.523570712,Art,39.072
CA-2015-155264,Binders,0.321965898,Binders,23.056
CA-2015-155264,Labels,0.321965898,Labels,18.75
CA-2015-155264,Paper,0.321965898,Paper,146.73
CA-2015-155264,Phones,0.321965898,Phones,117.576
CA-2015-155271,Furnishings,0.921765296,Furnishings,27.46
CA-2015-155390,Paper,0.118355065,Paper,42.208
CA-2015-155593,Supplies,0.512537613,Supplies,11.64
CA-2015-155796,Bookcases,0.906720160,Bookcases,521.96
CA-2015-155796,Furnishings,0.906720160,Furnishings,23.968
CA-2015-155852,Art,0.705115346,Art,19.456
CA-2015-155887,Tables,0.704112337,Tables,700.056
CA-2015-156006,Accessories,0.900702106,Accessories,47.79
CA-2015-156160,Art,0.096288867,Art,13.04
CA-2015-156160,Binders,0.096288867,Binders,3.984
CA-2015-156160,Chairs,0.096288867,Chairs,579.528
CA-2015-156160,Furnishings,0.096288867,Furnishings,97.44
CA-2015-156244,Accessories,0.293881645,Accessories,158.928
CA-2015-156244,Appliances,0.293881645,Appliances,211.248
CA-2015-156244,Art,0.293881645,Art,47.96
CA-2015-156244,Labels,0.293881645,Labels,2.952
CA-2015-156244,Paper,0.293881645,Paper,31.104
CA-2015-156244,Supplies,0.293881645,Supplies,5.552
CA-2015-156314,Furnishings,0.291875627,Furnishings,30.36
CA-2015-156342,Paper,0.691073220,Paper,62.016
CA-2015-156349,Bookcases,0.290872618,Bookcases,290.666
CA-2015-156349,Phones,0.290872618,Phones,285.568
CA-2015-156433,Labels,0.488465396,Labels,9.96
CA-2015-156433,Paper,0.488465396,Paper,21.72
CA-2015-156545,Art,0.085255767,Art,19.456
CA-2015-156587,Art,0.684052156,Art,17.94
CA-2015-156587,Chairs,0.684052156,Chairs,48.712
CA-2015-156587,Storage,0.684052156,Storage,242.94
CA-2015-156594,Art,0.283851555,Art,51.43
CA-2015-156594,Binders,0.283851555,Binders,643.104
CA-2015-156601,Fasteners,0.883650953,Fasteners,7.16
CA-2015-156790,Bookcases,0.078234704,Bookcases,155.456
CA-2015-156993,Fasteners,0.472417252,Fasteners,6.08
CA-2015-157147,Art,0.668004012,Art,19.9
CA-2015-157147,Bookcases,0.668004012,Bookcases,333.999
CA-2015-157147,Storage,0.668004012,Storage,"1,325.85"
CA-2015-157546,Binders,0.856569709,Binders,89.712
CA-2015-157546,Paper,0.856569709,Paper,22.83
CA-2015-157609,Phones,0.254764293,Phones,471.92
CA-2015-157623,Art,0.454363089,Art,3.38
CA-2015-157623,Paper,0.454363089,Paper,10.56
CA-2015-157644,Accessories,0.253761284,Accessories,34.77
CA-2015-157644,Labels,0.253761284,Labels,18.9
CA-2015-157721,Appliances,0.851554664,Appliances,19.9
CA-2015-157721,Furnishings,0.851554664,Furnishings,70.71
CA-2015-157784,Accessories,0.249749248,Accessories,479.97
CA-2015-157784,Labels,0.249749248,Labels,14.62
CA-2015-157784,Paper,0.249749248,Paper,19.44
CA-2015-157882,Chairs,0.646940822,Chairs,122.352
CA-2015-157882,Tables,0.646940822,Tables,143.432
CA-2015-157924,Chairs,0.245737212,Chairs,433.568
CA-2015-157924,Storage,0.245737212,Storage,31.92
CA-2015-158029,Chairs,0.242728185,Chairs,225.296
CA-2015-158064,Binders,0.241725176,Binders,16.52
CA-2015-158225,Storage,0.037111334,Storage,210.13
CA-2015-158274,Accessories,0.235707121,Accessories,29
CA-2015-158274,Phones,0.235707121,Phones,653.91
CA-2015-158281,Machines,0.835506520,Machines,559.71
CA-2015-158337,Paper,0.633901705,Paper,108.92
CA-2015-158372,Accessories,0.632898696,Accessories,10.99
CA-2015-158372,Furnishings,0.632898696,Furnishings,93.08
CA-2015-158372,Labels,0.632898696,Labels,39.84
CA-2015-158372,Paper,0.632898696,Paper,62.24
CA-2015-158372,Phones,0.632898696,Phones,601.536
CA-2015-158442,Art,0.630892678,Art,4.448
CA-2015-158442,Paper,0.630892678,Paper,20.736
CA-2015-158470,Binders,0.030090271,Binders,58.05
CA-2015-158470,Paper,0.030090271,Paper,71.28
CA-2015-158540,Furnishings,0.028084253,Furnishings,151.72
CA-2015-158771,Labels,0.821464393,Labels,30.1
CA-2015-158771,Paper,0.821464393,Paper,45.36
CA-2015-158771,Storage,0.821464393,Storage,83.25
CA-2015-159121,Accessories,0.811434303,Accessories,111.93
CA-2015-159184,Binders,0.209628887,Binders,7.16
CA-2015-159184,Furnishings,0.209628887,Furnishings,142.4
CA-2015-159310,Binders,0.006018054,Binders,1.476
CA-2015-159310,Chairs,0.006018054,Chairs,683.144
CA-2015-159310,Supplies,0.006018054,Supplies,40.712
CA-2015-159338,Tables,0.405215647,Tables,447.84
CA-2015-159478,Furnishings,0.401203611,Furnishings,15.24
CA-2015-159520,Binders,0,Binders,149.544
CA-2015-159520,Supplies,0,Supplies,17.14
CA-2015-159520,Tables,0,Tables,991.764
CA-2015-159625,Envelopes,0.996990973,Envelopes,23.472
CA-2015-159681,Paper,0.795386158,Paper,105.52
CA-2015-159709,Envelopes,0.194583751,Envelopes,158.13
CA-2015-159709,Phones,0.194583751,Phones,43.6
CA-2015-159800,Accessories,0.991975928,Accessories,139.93
CA-2015-159800,Appliances,0.991975928,Appliances,43.68
CA-2015-159814,Furnishings,0.191574724,Furnishings,4.272
CA-2015-159835,Chairs,0.990972919,Chairs,657.93
CA-2015-159835,Paper,0.990972919,Paper,12.448
CA-2015-159849,Fasteners,0.190571715,Fasteners,5.67
CA-2015-160066,Labels,0.784353059,Labels,5.22
CA-2015-160094,Art,0.183550652,Art,174.95
CA-2015-160094,Storage,0.183550652,Storage,826
CA-2015-160157,Furnishings,0.581745236,Furnishings,190.848
CA-2015-160262,Art,0.578736209,Art,18.06
CA-2015-160262,Furnishings,0.578736209,Furnishings,37.4
CA-2015-160262,Paper,0.578736209,Paper,79.14
CA-2015-160276,Furnishings,0.778335005,Furnishings,177.68
CA-2015-160738,Storage,0.365095286,Storage,45.248
CA-2015-160766,Appliances,0.764292879,Appliances,601.3
CA-2015-160766,Envelopes,0.764292879,Envelopes,68.46
CA-2015-160766,Machines,0.764292879,Machines,"2,799.96"
CA-2015-160766,Paper,0.764292879,Paper,44.82
CA-2015-160766,Phones,0.764292879,Phones,304.96
CA-2015-160766,Tables,0.764292879,Tables,464.292
CA-2015-160773,Binders,0.364092277,Binders,5.184
CA-2015-160773,Phones,0.364092277,Phones,575.92
CA-2015-161032,Chairs,0.556670010,Chairs,392.94
CA-2015-161249,Binders,0.150451354,Binders,9.345
CA-2015-161249,Fasteners,0.150451354,Fasteners,4.464
CA-2015-161508,Art,0.343029087,Art,22.288
CA-2015-161508,Chairs,0.343029087,Chairs,512.358
CA-2015-161508,Fasteners,0.343029087,Fasteners,3.488
CA-2015-161508,Paper,0.343029087,Paper,16.032
CA-2015-161634,Paper,0.139418255,Paper,32.4
CA-2015-162089,Chairs,0.126379137,Chairs,127.302
CA-2015-162089,Envelopes,0.126379137,Envelopes,335.72
CA-2015-162089,Phones,0.126379137,Phones,251.944
CA-2015-162278,Furnishings,0.320962889,Furnishings,63.92
CA-2015-162278,Phones,0.320962889,Phones,383.96
CA-2015-162362,Binders,0.518555667,Binders,24.24
CA-2015-162684,Fasteners,0.109327984,Fasteners,5.68
CA-2015-162775,Accessories,0.906720160,Accessories,646.74
CA-2015-162775,Binders,0.906720160,Binders,5.64
CA-2015-162775,Envelopes,0.906720160,Envelopes,62.3
CA-2015-162775,Storage,0.906720160,Storage,572.58
CA-2015-162866,Furnishings,0.704112337,Furnishings,32.952
CA-2015-162866,Storage,0.704112337,Storage,30.016
CA-2015-162992,Fasteners,0.500501505,Fasteners,22.55
CA-2015-162992,Labels,0.500501505,Labels,14.62
CA-2015-162992,Phones,0.500501505,Phones,794.968
CA-2015-163013,Art,0.299899699,Art,14.67
CA-2015-163034,Storage,0.099297894,Storage,646.2
CA-2015-163223,Art,0.293881645,Art,9.32
CA-2015-163223,Binders,0.293881645,Binders,122.94
CA-2015-163223,Labels,0.293881645,Labels,14.4
CA-2015-163223,Paper,0.293881645,Paper,122.97
CA-2015-163223,Phones,0.293881645,Phones,"3,499.93"
CA-2015-163293,Accessories,0.291875627,Accessories,116.85
CA-2015-163412,Chairs,0.488465396,Chairs,192.186
CA-2015-163419,Art,0.088264794,Art,3.392
CA-2015-163419,Chairs,0.088264794,Chairs,603.92
CA-2015-163419,Phones,0.088264794,Phones,559.984
CA-2015-163447,Chairs,0.487462387,Chairs,767.214
CA-2015-163468,Binders,0.286860582,Binders,2.892
CA-2015-163468,Bookcases,0.286860582,Bookcases,424.116
CA-2015-163468,Furnishings,0.286860582,Furnishings,8.544
CA-2015-163468,Storage,0.286860582,Storage,381.72
CA-2015-163468,Tables,0.286860582,Tables,292.1
CA-2015-163552,Chairs,0.484453360,Chairs,854.94
CA-2015-163552,Furnishings,0.484453360,Furnishings,124.11
CA-2015-163552,Labels,0.484453360,Labels,14.4
CA-2015-163552,Paper,0.484453360,Paper,177.2
CA-2015-163552,Phones,0.484453360,Phones,197.97
CA-2015-163559,Binders,0.084252758,Binders,139.44
CA-2015-163650,Art,0.881644935,Art,9.84
CA-2015-163650,Binders,0.881644935,Binders,34.5
CA-2015-163748,Appliances,0.278836510,Appliances,3.16
CA-2015-163748,Copiers,0.278836510,Copiers,"1,999.96"
CA-2015-163867,Furnishings,0.475426279,Furnishings,61.544
CA-2015-163867,Labels,0.475426279,Labels,15.936
CA-2015-163867,Storage,0.475426279,Storage,132.696
CA-2015-164182,Art,0.466399198,Art,41.584
CA-2015-164182,Furnishings,0.466399198,Furnishings,31.984
CA-2015-164182,Phones,0.466399198,Phones,37.482
CA-2015-164210,Paper,0.865596790,Paper,35.808
CA-2015-164210,Tables,0.865596790,Tables,145.98
CA-2015-164224,Furnishings,0.065195587,Furnishings,149.232
CA-2015-164224,Paper,0.065195587,Paper,15.936
CA-2015-164259,Art,0.064192578,Art,99.136
CA-2015-164315,Appliances,0.862587763,Appliances,154.9
CA-2015-164315,Paper,0.862587763,Paper,15.84
CA-2015-164315,Phones,0.862587763,Phones,"1,049.93"
CA-2015-164385,Appliances,0.860581745,Appliances,143.952
CA-2015-164469,Art,0.058174524,Art,80.96
CA-2015-164469,Phones,0.058174524,Phones,263.96
CA-2015-164721,Appliances,0.650952859,Appliances,320.88
CA-2015-164721,Furnishings,0.650952859,Furnishings,23.88
CA-2015-164721,Paper,0.650952859,Paper,26.76
CA-2015-164742,Binders,0.450351053,Binders,18.94
CA-2015-164742,Chairs,0.450351053,Chairs,245.98
CA-2015-164749,Labels,0.050150451,Labels,9.912
CA-2015-164861,Paper,0.646940822,Paper,25.92
CA-2015-164903,Paper,0.245737212,Paper,12.96
CA-2015-164910,Art,0.845536610,Art,7.872
CA-2015-164973,Accessories,0.243731194,Accessories,360
CA-2015-164973,Chairs,0.243731194,Chairs,135.882
CA-2015-164973,Machines,0.243731194,Machines,"3,991.98"
CA-2015-164973,Phones,0.243731194,Phones,275.94
CA-2015-164973,Storage,0.243731194,Storage,43.57
CA-2015-165309,Art,0.034102307,Art,67.56
CA-2015-165309,Binders,0.034102307,Binders,898.224
CA-2015-165309,Paper,0.034102307,Paper,284.056
CA-2015-165309,Phones,0.034102307,Phones,389.656
CA-2015-165379,Paper,0.032096289,Paper,24.72
CA-2015-165393,Binders,0.231695085,Binders,4.984
CA-2015-165428,Binders,0.230692076,Binders,3.648
CA-2015-165428,Paper,0.230692076,Paper,31.104
CA-2015-165477,Appliances,0.429287864,Appliances,48.36
CA-2015-165540,Binders,0.827482447,Binders,8.85
CA-2015-165568,Binders,0.226680040,Binders,21.36
CA-2015-165764,Binders,0.021063190,Binders,14.301
CA-2015-165764,Furnishings,0.021063190,Furnishings,410.352
CA-2015-165764,Storage,0.021063190,Storage,25.984
CA-2015-165764,Tables,0.021063190,Tables,945.036
CA-2015-165806,Paper,0.619859579,Paper,58.32
CA-2015-165806,Phones,0.619859579,Phones,200.97
CA-2015-165974,Art,0.015045135,Art,32.76
CA-2015-166051,Phones,0.612838516,Phones,773.7
CA-2015-166086,Art,0.611835507,Art,8.64
CA-2015-166086,Binders,0.611835507,Binders,16.14
CA-2015-166086,Chairs,0.611835507,Chairs,872.32
CA-2015-166086,Tables,0.611835507,Tables,194.25
CA-2015-166191,Accessories,0.608826479,Accessories,408.744
CA-2015-166191,Storage,0.608826479,Storage,24.816
CA-2015-166457,Art,0.401203611,Art,6.56
CA-2015-166457,Paper,0.401203611,Paper,33.98
CA-2015-166471,Phones,0.600802407,Phones,"1,310.336"
CA-2015-166555,Phones,0.798395186,Phones,164.85
CA-2015-166590,Accessories,0.797392177,Accessories,1.98
CA-2015-166590,Paper,0.797392177,Paper,75.88
CA-2015-166716,Chairs,0.593781344,Chairs,421.372
CA-2015-166730,Storage,0.793380140,Storage,39.128
CA-2015-166744,Accessories,0.992978937,Accessories,59.98
CA-2015-166744,Bookcases,0.992978937,Bookcases,362.94
CA-2015-166744,Furnishings,0.992978937,Furnishings,164.22
CA-2015-166863,Binders,0.189568706,Binders,3.392
CA-2015-166863,Bookcases,0.189568706,Bookcases,193.0656
CA-2015-166863,Machines,0.189568706,Machines,418.8
CA-2015-166863,Paper,0.189568706,Paper,27.2
CA-2015-166863,Phones,0.189568706,Phones,201.584
CA-2015-166863,Storage,0.189568706,Storage,509.488
CA-2015-166884,Fasteners,0.988966901,Fasteners,10.464
CA-2015-166884,Furnishings,0.988966901,Furnishings,8.32
CA-2015-166891,Chairs,0.588766299,Chairs,589.41
CA-2015-166954,Appliances,0.986960883,Appliances,270.72
CA-2015-166954,Chairs,0.986960883,Chairs,"1,487.04"
CA-2015-166954,Furnishings,0.986960883,Furnishings,303.25
CA-2015-166961,Appliances,0.586760281,Appliances,10.98
CA-2015-166961,Binders,0.586760281,Binders,37.056
CA-2015-166961,Fasteners,0.586760281,Fasteners,7.86
CA-2015-166961,Storage,0.586760281,Storage,51.45
CA-2015-166989,Chairs,0.985957874,Chairs,69.264
CA-2015-166989,Paper,0.985957874,Paper,11.36
CA-2015-167164,Storage,0.980942828,Storage,55.5
CA-2015-167199,Art,0.979939819,Art,5.48
CA-2015-167199,Binders,0.979939819,Binders,609.98
CA-2015-167199,Chairs,0.979939819,Chairs,"2,573.82"
CA-2015-167199,Fasteners,0.979939819,Fasteners,31.12
CA-2015-167199,Paper,0.979939819,Paper,6.54
CA-2015-167199,Phones,0.979939819,Phones,"1,147.94"
CA-2015-167360,Accessories,0.775325978,Accessories,111.79
CA-2015-167486,Furnishings,0.571715145,Furnishings,199.9
CA-2015-167724,Labels,0.964894684,Labels,7.83
CA-2015-167850,Paper,0.761283852,Paper,15.552
CA-2015-167850,Phones,0.761283852,Phones,178.384
CA-2015-167927,Appliances,0.359077232,Appliances,247.716
CA-2015-167927,Art,0.359077232,Art,43.92
CA-2015-167927,Binders,0.359077232,Binders,48.75
CA-2015-167927,Furnishings,0.359077232,Furnishings,287.67
CA-2015-167927,Storage,0.359077232,Storage,80.56
CA-2015-167997,Binders,0.357071214,Binders,10.68
CA-2015-167997,Bookcases,0.357071214,Bookcases,141.96
CA-2015-168130,Chairs,0.753259779,Chairs,887.103
CA-2015-168158,Binders,0.152457372,Binders,6.096
CA-2015-168305,Labels,0.748244734,Labels,44.4
CA-2015-168305,Paper,0.748244734,Paper,21.4
CA-2015-168312,Storage,0.348044132,Storage,137.352
CA-2015-168312,Tables,0.348044132,Tables,376.509
CA-2015-168368,Binders,0.146439318,Binders,61.54
CA-2015-168368,Chairs,0.146439318,Chairs,60.89
CA-2015-168368,Furnishings,0.146439318,Furnishings,332.94
CA-2015-168368,Labels,0.146439318,Labels,14.94
CA-2015-168368,Storage,0.146439318,Storage,64.96
CA-2015-168473,Storage,0.143430291,Storage,191.88
CA-2015-168494,Bookcases,0.942828485,Bookcases,254.9745
CA-2015-168494,Tables,0.942828485,Tables,"4,375.536"
CA-2015-168592,Appliances,0.340020060,Appliances,56.65
CA-2015-168592,Fasteners,0.340020060,Fasteners,4.02
CA-2015-168592,Storage,0.340020060,Storage,14.97
CA-2015-168823,Labels,0.133400201,Labels,20.808
CA-2015-168823,Paper,0.133400201,Paper,11.352
CA-2015-168984,Paper,0.928786359,Paper,15.552
CA-2015-168984,Phones,0.928786359,Phones,438.336
CA-2015-168984,Storage,0.928786359,Storage,669.08
CA-2015-169019,Accessories,0.927783350,Accessories,431.136
CA-2015-169019,Appliances,0.927783350,Appliances,4.836
CA-2015-169019,Binders,0.927783350,Binders,"2,203.248"
CA-2015-169019,Furnishings,0.927783350,Furnishings,17.496
CA-2015-169033,Art,0.127382146,Art,49.65
CA-2015-169061,Accessories,0.526579739,Accessories,479.97
CA-2015-169061,Art,0.526579739,Art,59.52
CA-2015-169061,Binders,0.526579739,Binders,49.632
CA-2015-169061,Paper,0.526579739,Paper,97.82
CA-2015-169061,Supplies,0.526579739,Supplies,18.62
CA-2015-169257,Binders,0.320962889,Binders,1.365
CA-2015-169257,Paper,0.320962889,Paper,62.016
CA-2015-169446,Paper,0.515546640,Paper,15.552
CA-2015-169446,Phones,0.515546640,Phones,323.976
CA-2015-169446,Storage,0.515546640,Storage,32.592
CA-2015-169460,Furnishings,0.715145436,Furnishings,76.14
CA-2015-169642,Storage,0.309929789,Storage,276.28
CA-2015-169649,Appliances,0.909729188,Appliances,20.388
CA-2015-169649,Paper,0.909729188,Paper,8.448
CA-2015-169684,Storage,0.908726179,Storage,98.352
CA-2015-169684,Tables,0.908726179,Tables,328.59
CA-2015-169726,Binders,0.507522568,Binders,"2,060.744"
CA-2015-169775,Binders,0.706118355,Binders,505.176
CA-2015-169775,Envelopes,0.706118355,Envelopes,29.808
CA-2015-169775,Tables,0.706118355,Tables,174.0585
CA-2015-169803,Accessories,0.105315948,Accessories,33.9
CA-2015-169803,Tables,0.105315948,Tables,653.55
CA-2015-169852,Binders,0.303911735,Binders,36.36
CA-2016-100146,Bookcases,0.501504514,Bookcases,509.9575
CA-2016-100146,Chairs,0.501504514,Chairs,819.92
CA-2016-100146,Furnishings,0.501504514,Furnishings,122.91
CA-2016-100216,Paper,0.499498495,Paper,85.92
CA-2016-100251,Labels,0.498495486,Labels,31.5
CA-2016-100251,Supplies,0.498495486,Supplies,55.6
CA-2016-100454,Art,0.892678034,Art,71.97
CA-2016-100454,Bookcases,0.892678034,Bookcases,186.048
CA-2016-100545,Binders,0.690070211,Binders,11.61
CA-2016-100573,Envelopes,0.089267803,Envelopes,17.48
CA-2016-100657,Chairs,0.286860582,Chairs,109.764
CA-2016-100685,Binders,0.686058175,Binders,7.04
CA-2016-100685,Fasteners,0.686058175,Fasteners,5.04
CA-2016-100685,Paper,0.686058175,Paper,116.28
CA-2016-100734,Binders,0.884653962,Binders,3.576
CA-2016-100734,Storage,0.884653962,Storage,147.184
CA-2016-100769,Accessories,0.883650953,Accessories,255.968
CA-2016-100818,Binders,0.082246740,Binders,3.564
CA-2016-100818,Furnishings,0.082246740,Furnishings,51.56
CA-2016-100818,Labels,0.082246740,Labels,5.904
CA-2016-100818,Paper,0.082246740,Paper,173.488
CA-2016-100888,Paper,0.080240722,Paper,47.952
CA-2016-101000,Appliances,0.677031093,Appliances,370.14
CA-2016-101007,Accessories,0.276830491,Accessories,20.8
CA-2016-101091,Accessories,0.474423270,Accessories,47.984
CA-2016-101091,Binders,0.474423270,Binders,26.064
CA-2016-101126,Storage,0.473420261,Storage,77.24
CA-2016-101154,Storage,0.872617854,Storage,443.92
CA-2016-101707,Labels,0.256770311,Labels,3.08
CA-2016-101707,Paper,0.256770311,Paper,114.2
CA-2016-101707,Supplies,0.256770311,Supplies,32.94
CA-2016-101868,Accessories,0.052156469,Accessories,72.6
CA-2016-101868,Binders,0.052156469,Binders,102.72
CA-2016-101889,Envelopes,0.851554664,Envelopes,19.872
CA-2016-101889,Tables,0.851554664,Tables,"1,548.99"
CA-2016-101910,Chairs,0.650952859,Chairs,283.92
CA-2016-101924,Binders,0.850551655,Binders,9.762
CA-2016-102016,Art,0.590772317,Art,9.26
CA-2016-102016,Envelopes,0.590772317,Envelopes,27.18
CA-2016-102016,Fasteners,0.590772317,Fasteners,1.24
CA-2016-102016,Labels,0.590772317,Labels,20.7
CA-2016-102016,Paper,0.590772317,Paper,28.9
CA-2016-102016,Storage,0.590772317,Storage,105.98
CA-2016-102036,Storage,0.447342026,Storage,199.74
CA-2016-102260,Art,0.640922768,Art,2.816
CA-2016-102260,Binders,0.640922768,Binders,3.204
CA-2016-102260,Labels,0.640922768,Labels,12
CA-2016-102260,Storage,0.640922768,Storage,745.488
CA-2016-102281,Art,0.440320963,Art,19.9
CA-2016-102281,Bookcases,0.440320963,Bookcases,"1,525.488"
CA-2016-102281,Paper,0.440320963,Paper,51.84
CA-2016-102281,Phones,0.440320963,Phones,71.76
CA-2016-102316,Chairs,0.439317954,Chairs,184.752
CA-2016-102316,Phones,0.439317954,Phones,15.984
CA-2016-102491,Accessories,0.434302909,Accessories,79.96
CA-2016-102491,Machines,0.434302909,Machines,"3,080"
CA-2016-102491,Phones,0.434302909,Phones,587.97
CA-2016-102582,Chairs,0.231695085,Chairs,"1,056.86"
CA-2016-102582,Phones,0.231695085,Phones,59.97
CA-2016-102582,Tables,0.231695085,Tables,801.96
CA-2016-102722,Accessories,0.227683049,Accessories,106.5
CA-2016-102778,Furnishings,0.026078235,Furnishings,18.176
CA-2016-102806,Binders,0.425275827,Binders,24.588
CA-2016-102848,Chairs,0.024072217,Chairs,190.72
CA-2016-102855,Accessories,0.623871615,Accessories,239.94
CA-2016-102855,Art,0.623871615,Art,23.84
CA-2016-102876,Binders,0.423269809,Binders,14.445
CA-2016-102876,Phones,0.423269809,Phones,791.964
CA-2016-103072,Art,0.217652959,Art,16.4
CA-2016-103072,Paper,0.217652959,Paper,25.92
CA-2016-103093,Envelopes,0.017051153,Envelopes,74.52
CA-2016-103135,Accessories,0.615847543,Accessories,279.86
CA-2016-103135,Binders,0.615847543,Binders,225.15
CA-2016-103135,Furnishings,0.615847543,Furnishings,20.94
CA-2016-103177,Appliances,0.214643932,Appliances,160.32
CA-2016-103177,Phones,0.214643932,Phones,368.82
CA-2016-103205,Phones,0.613841525,Phones,119.96
CA-2016-103716,Art,0.399197593,Art,34.65
CA-2016-103716,Phones,0.399197593,Phones,19.8
CA-2016-103723,Art,0.998996991,Art,13.9
CA-2016-103772,Art,0.197592778,Art,140.75
CA-2016-103772,Binders,0.197592778,Binders,119.56
CA-2016-103793,Paper,0.996990973,Paper,74.352
CA-2016-103835,Appliances,0.595787362,Appliances,"1,158.12"
CA-2016-103835,Furnishings,0.595787362,Furnishings,14.91
CA-2016-103870,Accessories,0.594784353,Accessories,77.472
CA-2016-103870,Bookcases,0.594784353,Bookcases,131.104
CA-2016-103870,Furnishings,0.594784353,Furnishings,53.352
CA-2016-103870,Storage,0.594784353,Storage,22.512
CA-2016-103933,Accessories,0.992978937,Accessories,899.91
CA-2016-103954,Bookcases,0.792377131,Bookcases,687.4
CA-2016-103961,Labels,0.392176530,Labels,19.824
CA-2016-104038,Paper,0.989969910,Paper,29.9
CA-2016-104038,Storage,0.989969910,Storage,146.73
CA-2016-104052,Phones,0.189568706,Phones,95.84
CA-2016-104059,Art,0.789368104,Art,3.424
CA-2016-104115,Phones,0.587763290,Phones,55.984
CA-2016-104129,Phones,0.787362086,Phones,105.98
CA-2016-104129,Tables,0.787362086,Tables,493.92
CA-2016-104241,Furnishings,0.384152457,Furnishings,192.22
CA-2016-104297,Paper,0.182547643,Paper,85.056
CA-2016-104346,Accessories,0.381143430,Accessories,58.08
CA-2016-104346,Art,0.381143430,Art,17.344
CA-2016-104346,Bookcases,0.381143430,Bookcases,69.576
CA-2016-104346,Furnishings,0.381143430,Furnishings,107.336
CA-2016-104346,Paper,0.381143430,Paper,112.752
CA-2016-104346,Tables,0.381143430,Tables,364.95
CA-2016-104486,Binders,0.377131394,Binders,12.176
CA-2016-104486,Storage,0.377131394,Storage,37.32
CA-2016-104486,Supplies,0.377131394,Supplies,35.06
CA-2016-104493,Binders,0.976930792,Binders,57.504
CA-2016-104514,Art,0.776328987,Art,9.84
CA-2016-104514,Paper,0.776328987,Paper,20.04
CA-2016-104514,Storage,0.776328987,Storage,85.52
CA-2016-104626,Binders,0.373119358,Binders,114.6
CA-2016-104626,Chairs,0.373119358,Chairs,60.74
CA-2016-104626,Furnishings,0.373119358,Furnishings,124.36
CA-2016-104626,Storage,0.373119358,Storage,"1,088.76"
CA-2016-104871,Chairs,0.366098295,Chairs,366.744
CA-2016-104941,Art,0.364092277,Art,24.78
CA-2016-104941,Binders,0.364092277,Binders,19.14
CA-2016-104941,Copiers,0.364092277,Copiers,899.97
CA-2016-104941,Paper,0.364092277,Paper,32.4
CA-2016-104948,Binders,0.963891675,Binders,9.872
CA-2016-104948,Bookcases,0.963891675,Bookcases,683.332
CA-2016-104948,Paper,0.963891675,Paper,29.96
CA-2016-105102,Binders,0.159478435,Binders,79.872
CA-2016-105102,Bookcases,0.159478435,Bookcases,46.384
CA-2016-105102,Paper,0.159478435,Paper,12.96
CA-2016-105158,Furnishings,0.957873621,Furnishings,6.16
CA-2016-105158,Paper,0.957873621,Paper,36.84
CA-2016-105221,Accessories,0.356068205,Accessories,35.36
CA-2016-105221,Fasteners,0.356068205,Fasteners,3.168
CA-2016-105312,Binders,0.153460381,Binders,4.401
CA-2016-105312,Envelopes,0.153460381,Envelopes,7.08
CA-2016-105347,Art,0.152457372,Art,14.7
CA-2016-105347,Paper,0.152457372,Paper,368.91
CA-2016-105361,Paper,0.352056169,Paper,17.64
CA-2016-105508,Envelopes,0.947843531,Envelopes,39.98
CA-2016-105571,Binders,0.346038114,Binders,"1,361.631"
CA-2016-105599,Storage,0.745235707,Storage,13.96
CA-2016-105599,Tables,0.745235707,Tables,27.414
CA-2016-105613,Accessories,0.944834504,Accessories,27.696
CA-2016-105613,Appliances,0.944834504,Appliances,73.164
CA-2016-105627,Art,0.144433300,Art,14.98
CA-2016-105627,Bookcases,0.144433300,Bookcases,512.94
CA-2016-105627,Chairs,0.144433300,Chairs,860.93
CA-2016-105627,Furnishings,0.144433300,Furnishings,373.08
CA-2016-105627,Phones,0.144433300,Phones,769.95
CA-2016-105634,Art,0.744232698,Art,11.65
CA-2016-105690,Bookcases,0.542627884,Bookcases,246.1328
CA-2016-105690,Copiers,0.542627884,Copiers,439.992
CA-2016-105690,Labels,0.542627884,Labels,11.696
CA-2016-105725,Labels,0.541624875,Labels,61.06
CA-2016-105725,Tables,0.541624875,Tables,35.544
CA-2016-105844,Art,0.738214644,Art,79.36
CA-2016-105970,Art,0.534603811,Art,10.16
CA-2016-105970,Envelopes,0.534603811,Envelopes,101.88
CA-2016-106187,Accessories,0.128385155,Accessories,75
CA-2016-106187,Binders,0.128385155,Binders,165.98
CA-2016-106187,Furnishings,0.128385155,Furnishings,27.42
CA-2016-106208,Appliances,0.927783350,Appliances,53.088
CA-2016-106215,Fasteners,0.527582748,Fasteners,12.576
CA-2016-106257,Phones,0.126379137,Phones,479.92
CA-2016-106257,Tables,0.126379137,Tables,241.568
CA-2016-106320,Tables,0.524573721,Tables,"1,044.63"
CA-2016-106362,Binders,0.123370110,Binders,10.332
CA-2016-106565,Paper,0.517552658,Paper,51.84
CA-2016-106978,Binders,0.905717151,Binders,1.08
CA-2016-106978,Envelopes,0.905717151,Envelopes,12.536
CA-2016-106978,Fasteners,0.905717151,Fasteners,4.512
CA-2016-107020,Binders,0.504513541,Binders,39.92
CA-2016-107083,Appliances,0.902708124,Appliances,24.588
CA-2016-107083,Art,0.902708124,Art,5.344
CA-2016-107083,Binders,0.902708124,Binders,9.676
CA-2016-107468,Art,0.891675025,Art,6.848
CA-2016-107678,Binders,0.885656971,Binders,21.3
CA-2016-107678,Chairs,0.885656971,Chairs,191.96
CA-2016-107678,Furnishings,0.885656971,Furnishings,209.88
CA-2016-107678,Phones,0.885656971,Phones,469.95
CA-2016-107685,Furnishings,0.485456369,Furnishings,80.96
CA-2016-107685,Paper,0.485456369,Paper,25.92
CA-2016-107741,Art,0.283851555,Art,3.408
CA-2016-107902,Storage,0.079237713,Storage,470.36
CA-2016-107937,Furnishings,0.078234704,Furnishings,665.88
CA-2016-108119,Tables,0.673019057,Tables,301.96
CA-2016-108259,Binders,0.669007021,Binders,39.879
CA-2016-108259,Fasteners,0.669007021,Fasteners,31.504
CA-2016-108259,Furnishings,0.669007021,Furnishings,4.712
CA-2016-108259,Labels,0.669007021,Labels,5.04
CA-2016-108532,Accessories,0.061183551,Accessories,114.52
CA-2016-108532,Phones,0.061183551,Phones,131.98
CA-2016-108588,Art,0.859578736,Art,59.52
CA-2016-108588,Binders,0.859578736,Binders,13.168
CA-2016-108588,Envelopes,0.859578736,Envelopes,17.48
CA-2016-108665,Furnishings,0.457372116,Furnishings,169.78
CA-2016-108665,Phones,0.457372116,Phones,124.95
CA-2016-108665,Storage,0.457372116,Storage,601.65
CA-2016-108672,Furnishings,0.057171515,Furnishings,106.68
CA-2016-109001,Accessories,0.247743230,Accessories,10.312
CA-2016-109001,Binders,0.247743230,Binders,2.556
CA-2016-109001,Phones,0.247743230,Phones,466.158
CA-2016-109113,Accessories,0.844533601,Accessories,25.488
CA-2016-109169,Envelopes,0.642928786,Envelopes,180.96
CA-2016-109190,Binders,0.442326981,Binders,6.08
CA-2016-109190,Copiers,0.442326981,Copiers,479.976
CA-2016-109190,Paper,0.442326981,Paper,60.736
CA-2016-109197,Binders,0.042126379,Binders,487.984
CA-2016-109337,Accessories,0.038114343,Accessories,393.54
CA-2016-109337,Appliances,0.038114343,Appliances,19.75
CA-2016-109337,Art,0.038114343,Art,10.92
CA-2016-109337,Machines,0.038114343,Machines,83.9
CA-2016-109386,Appliances,0.236710130,Appliances,44.43
CA-2016-109386,Art,0.236710130,Art,293.76
CA-2016-109386,Furnishings,0.236710130,Furnishings,186.54
CA-2016-109386,Phones,0.236710130,Phones,226.2
CA-2016-109470,Binders,0.434302909,Binders,596.48
CA-2016-109512,Chairs,0.033099298,Chairs,383.607
CA-2016-109512,Envelopes,0.033099298,Envelopes,29.34
CA-2016-109512,Storage,0.033099298,Storage,563.4
CA-2016-109575,Binders,0.431293882,Binders,65.08
CA-2016-109575,Phones,0.431293882,Phones,"1,759.92"
CA-2016-109575,Storage,0.431293882,Storage,678.82
CA-2016-109603,Paper,0.830491474,Paper,182.72
CA-2016-109638,Accessories,0.829488465,Accessories,899.91
CA-2016-109638,Appliances,0.829488465,Appliances,103.92
CA-2016-109638,Binders,0.829488465,Binders,51.312
CA-2016-109708,Phones,0.827482447,Phones,467.04
CA-2016-109736,Paper,0.226680040,Paper,45.36
CA-2016-109862,Chairs,0.023069208,Chairs,291.1
CA-2016-109862,Phones,0.023069208,Phones,158.99
CA-2016-109939,Art,0.620862588,Art,5.248
CA-2016-110016,Chairs,0.218655968,Chairs,"1,106.91"
CA-2016-110016,Paper,0.218655968,Paper,19.92
CA-2016-110093,Accessories,0.816449348,Accessories,36.784
CA-2016-110093,Paper,0.816449348,Paper,16.448
CA-2016-110247,Binders,0.012036108,Binders,8.226
CA-2016-110289,Envelopes,0.610832497,Envelopes,210.84
CA-2016-110289,Paper,0.610832497,Paper,33.4
CA-2016-110324,Art,0.609829488,Art,3.64
CA-2016-110324,Paper,0.609829488,Paper,37.98
CA-2016-110345,Labels,0.409227683,Labels,4.608
CA-2016-110457,Tables,0.006018054,Tables,787.53
CA-2016-110548,Phones,0.803410231,Phones,946.344
CA-2016-110632,Accessories,0.001003009,Accessories,15.02
CA-2016-110632,Storage,0.001003009,Storage,33.82
CA-2016-110667,Art,0,Art,11.16
CA-2016-110667,Binders,0,Binders,91.432
CA-2016-110667,Furnishings,0,Furnishings,108.4
CA-2016-110744,Storage,0.597793380,Storage,671.93
CA-2016-110765,Phones,0.397191575,Phones,824.97
CA-2016-110814,Binders,0.595787362,Binders,232.4
CA-2016-110814,Chairs,0.595787362,Chairs,164.646
CA-2016-110814,Paper,0.595787362,Paper,22.68
CA-2016-110863,Chairs,0.794383149,Chairs,"1,323.9"
CA-2016-110863,Paper,0.794383149,Paper,106.32
CA-2016-110863,Storage,0.794383149,Storage,541.24
CA-2016-110870,Accessories,0.394182548,Accessories,299.94
CA-2016-110870,Supplies,0.394182548,Supplies,25.76
CA-2016-110877,Paper,0.993981946,Paper,36.288
CA-2016-110877,Phones,0.993981946,Phones,150.384
CA-2016-110891,Chairs,0.193580742,Chairs,344.372
CA-2016-110947,Binders,0.991975928,Binders,113.1
CA-2016-111017,Supplies,0.989969910,Supplies,52.59
CA-2016-111038,Chairs,0.789368104,Chairs,"2,676.672"
CA-2016-111073,Tables,0.788365095,Tables,51.588
CA-2016-111094,Binders,0.587763290,Binders,122.94
CA-2016-111094,Paper,0.587763290,Paper,6.58
CA-2016-111164,Accessories,0.585757272,Accessories,85.14
CA-2016-111164,Appliances,0.585757272,Appliances,406.6
CA-2016-111164,Phones,0.585757272,Phones,21.99
CA-2016-111199,Paper,0.584754263,Paper,115.296
CA-2016-111206,Accessories,0.184553661,Accessories,519.96
CA-2016-111234,Labels,0.583751254,Labels,9.24
CA-2016-111297,Binders,0.981945838,Binders,52.2
CA-2016-111325,Art,0.381143430,Art,16.032
CA-2016-111325,Binders,0.381143430,Binders,4.419
CA-2016-111339,Chairs,0.580742227,Chairs,317.058
CA-2016-111339,Fasteners,0.580742227,Fasteners,8.04
CA-2016-111339,Furnishings,0.580742227,Furnishings,41.568
CA-2016-111395,Binders,0.379137412,Binders,23.912
CA-2016-111395,Paper,0.379137412,Paper,335.52
CA-2016-111395,Storage,0.379137412,Storage,27.056
CA-2016-111458,Accessories,0.777331996,Accessories,50
CA-2016-111507,Art,0.975927783,Art,5.28
CA-2016-111514,Accessories,0.575727182,Accessories,36.51
CA-2016-111514,Binders,0.575727182,Binders,137.24
CA-2016-111514,Bookcases,0.575727182,Bookcases,"1,552.831"
CA-2016-111514,Machines,0.575727182,Machines,239.976
CA-2016-111612,Fasteners,0.972918756,Fasteners,3.008
CA-2016-111612,Furnishings,0.972918756,Furnishings,71.12
CA-2016-111703,Paper,0.770310933,Paper,27.504
CA-2016-111780,Copiers,0.368104313,Copiers,"1,199.96"
CA-2016-111780,Paper,0.368104313,Paper,30.54
CA-2016-111829,Copiers,0.566700100,Copiers,"3,149.93"
CA-2016-111829,Paper,0.566700100,Paper,209.7
CA-2016-111829,Storage,0.566700100,Storage,"1,247.64"
CA-2016-111864,Labels,0.565697091,Labels,5.904
CA-2016-111948,Appliances,0.763289870,Appliances,123.858
CA-2016-111948,Storage,0.763289870,Storage,418.32
CA-2016-111990,Binders,0.362086259,Binders,10.476
CA-2016-112014,Art,0.989969910,Art,50.8
CA-2016-112053,Accessories,0.760280843,Accessories,31.95
CA-2016-112116,Tables,0.158475426,Tables,171.96
CA-2016-112130,Accessories,0.358074223,Accessories,27.552
CA-2016-112130,Appliances,0.358074223,Appliances,41.896
CA-2016-112130,Art,0.358074223,Art,59.904
CA-2016-112130,Chairs,0.358074223,Chairs,844.116
CA-2016-112130,Paper,0.358074223,Paper,7.968
CA-2016-112130,Storage,0.358074223,Storage,76.752
CA-2016-112144,Furnishings,0.557673019,Furnishings,621.76
CA-2016-112144,Labels,0.557673019,Labels,5.904
CA-2016-112214,Binders,0.555667001,Binders,1.362
CA-2016-112214,Furnishings,0.555667001,Furnishings,14.76
CA-2016-112214,Storage,0.555667001,Storage,33.488
CA-2016-112214,Supplies,0.555667001,Supplies,23.04
CA-2016-112305,Accessories,0.353059178,Accessories,13.98
CA-2016-112305,Art,0.353059178,Art,119.04
CA-2016-112305,Furnishings,0.353059178,Furnishings,22.14
CA-2016-112319,Paper,0.552657974,Paper,58.32
CA-2016-112375,Accessories,0.351053159,Accessories,50.88
CA-2016-112375,Envelopes,0.351053159,Envelopes,27.312
CA-2016-112452,Appliances,0.948846540,Appliances,644.076
CA-2016-112452,Binders,0.948846540,Binders,12.76
CA-2016-112452,Copiers,0.948846540,Copiers,599.98
CA-2016-112452,Fasteners,0.948846540,Fasteners,5.84
CA-2016-112452,Phones,0.948846540,Phones,10.95
CA-2016-112522,Art,0.946840522,Art,8.016
CA-2016-112557,Appliances,0.945837513,Appliances,206.43
CA-2016-112571,Furnishings,0.145436309,Furnishings,204.6
CA-2016-112711,Phones,0.141424273,Phones,307.168
CA-2016-112767,Tables,0.939819458,Tables,277.5
CA-2016-112823,Accessories,0.738214644,Accessories,25.488
CA-2016-113040,Binders,0.331995988,Binders,5.104
CA-2016-113110,Binders,0.329989970,Binders,17.568
CA-2016-113110,Labels,0.329989970,Labels,14.62
CA-2016-113110,Paper,0.329989970,Paper,40.14
CA-2016-113110,Supplies,0.329989970,Supplies,33.36
CA-2016-113131,Art,0.129388164,Art,17.12
CA-2016-113131,Binders,0.129388164,Binders,6.732
CA-2016-113131,Envelopes,0.129388164,Envelopes,15.84
CA-2016-113131,Labels,0.129388164,Labels,24.424
CA-2016-113131,Storage,0.129388164,Storage,33.568
CA-2016-113145,Accessories,0.328986961,Accessories,"1,399.93"
CA-2016-113145,Furnishings,0.328986961,Furnishings,259.7
CA-2016-113145,Paper,0.328986961,Paper,13.52
CA-2016-113145,Phones,0.328986961,Phones,546.91
CA-2016-113152,Accessories,0.928786359,Accessories,843.9
CA-2016-113152,Bookcases,0.928786359,Bookcases,449.568
CA-2016-113173,Binders,0.728184554,Binders,11.364
CA-2016-113173,Storage,0.728184554,Storage,250.272
CA-2016-113173,Supplies,0.728184554,Supplies,8.72
CA-2016-113215,Furnishings,0.326980943,Furnishings,238.152
CA-2016-113222,Binders,0.926780341,Binders,10.74
CA-2016-113404,Chairs,0.521564694,Chairs,"2,048.856"
CA-2016-113523,Binders,0.718154463,Binders,7.656
CA-2016-113628,Art,0.715145436,Art,11.76
CA-2016-113628,Binders,0.715145436,Binders,9.9
CA-2016-113628,Chairs,0.715145436,Chairs,670.056
CA-2016-113628,Phones,0.715145436,Phones,100.792
CA-2016-113740,Furnishings,0.311935807,Furnishings,14.91
CA-2016-113901,Binders,0.107321966,Binders,38.28
CA-2016-113901,Phones,0.107321966,Phones,149.95
CA-2016-113971,Furnishings,0.105315948,Furnishings,8.352
CA-2016-114048,Furnishings,0.703109328,Furnishings,29.22
CA-2016-114069,Binders,0.502507523,Binders,11.808
CA-2016-114069,Chairs,0.502507523,Chairs,"1,931.04"
CA-2016-114069,Paper,0.502507523,Paper,9.96
CA-2016-114237,Bookcases,0.897693079,Bookcases,141.96
CA-2016-114300,Chairs,0.295887663,Chairs,287.94
CA-2016-114300,Phones,0.295887663,Phones,83.72
CA-2016-114468,Appliances,0.691073220,Appliances,5.768
CA-2016-114468,Fasteners,0.691073220,Fasteners,12.032
CA-2016-114468,Paper,0.691073220,Paper,10.368
CA-2016-114468,Supplies,0.691073220,Supplies,31.68
CA-2016-114503,Storage,0.690070211,Storage,84.96
CA-2016-114811,Chairs,0.081243731,Chairs,577.764
CA-2016-114811,Furnishings,0.081243731,Furnishings,11.82
CA-2016-114811,Machines,0.081243731,Machines,"4,643.8"
CA-2016-114811,Phones,0.081243731,Phones,549.98
CA-2016-114811,Storage,0.081243731,Storage,67.15
CA-2016-114923,Phones,0.678034102,Phones,107.982
CA-2016-115091,Appliances,0.073219659,Appliances,28.84
CA-2016-115091,Art,0.073219659,Art,46.2
CA-2016-115168,Paper,0.671013039,Paper,10.56
CA-2016-115392,Binders,0.864593781,Binders,22.45
CA-2016-115392,Phones,0.864593781,Phones,311.98
CA-2016-115399,Labels,0.464393180,Labels,6.912
CA-2016-115420,Envelopes,0.263791374,Envelopes,21.34
CA-2016-115511,Binders,0.061183551,Binders,66.048
CA-2016-115511,Bookcases,0.061183551,Bookcases,141.96
CA-2016-115567,Accessories,0.859578736,Accessories,199.96
CA-2016-115567,Chairs,0.859578736,Chairs,"1,516.2"
CA-2016-115693,Art,0.655967904,Art,56.3
CA-2016-115742,Binders,0.854563691,Binders,38.22
CA-2016-115742,Chairs,0.854563691,Chairs,89.99
CA-2016-115742,Furnishings,0.854563691,Furnishings,6.16
CA-2016-115742,Labels,0.854563691,Labels,75.18
CA-2016-115798,Bookcases,0.652958877,Bookcases,299.97
CA-2016-115798,Paper,0.652958877,Paper,42.28
CA-2016-115798,Phones,0.652958877,Phones,467.95
CA-2016-115847,Bookcases,0.851554664,Bookcases,61.96
CA-2016-115924,Binders,0.449348044,Binders,25.9
CA-2016-115938,Binders,0.648946841,Binders,187
CA-2016-115938,Chairs,0.648946841,Chairs,332.94
CA-2016-115938,Storage,0.648946841,Storage,15.42
CA-2016-115945,Art,0.248746239,Art,20.96
CA-2016-115945,Binders,0.248746239,Binders,88.752
CA-2016-115945,Storage,0.248746239,Storage,304.23
CA-2016-116092,Appliances,0.844533601,Appliances,541.44
CA-2016-116092,Binders,0.844533601,Binders,53.24
CA-2016-116092,Paper,0.844533601,Paper,32.8
CA-2016-116260,Art,0.239719157,Art,11.12
CA-2016-116484,Furnishings,0.433299900,Furnishings,63.824
CA-2016-116484,Storage,0.433299900,Storage,141.552
CA-2016-116512,Storage,0.832497492,Storage,17.94
CA-2016-116638,Tables,0.628886660,Tables,"4,297.644"
CA-2016-116687,Labels,0.827482447,Labels,8.856
CA-2016-116687,Phones,0.827482447,Phones,158.376
CA-2016-116750,Binders,0.225677031,Binders,7.23
CA-2016-116750,Furnishings,0.225677031,Furnishings,4.928
CA-2016-116841,Appliances,0.023069208,Appliances,35.208
CA-2016-116876,Binders,0.022066199,Binders,26.424
CA-2016-116876,Phones,0.022066199,Phones,625.99
CA-2016-117086,Bookcases,0.016048144,Bookcases,"4,404.9"
CA-2016-117415,Bookcases,0.206619860,Bookcases,532.3992
CA-2016-117415,Chairs,0.206619860,Chairs,212.058
CA-2016-117415,Envelopes,0.206619860,Envelopes,113.328
CA-2016-117415,Phones,0.206619860,Phones,371.168
CA-2016-117611,Accessories,0.001003009,Accessories,371.97
CA-2016-117611,Fasteners,0.001003009,Fasteners,5
CA-2016-117772,Storage,0.796389168,Storage,353.88
CA-2016-117800,Chairs,0.195586760,Chairs,542.94
CA-2016-117800,Phones,0.195586760,Phones,589.9
CA-2016-117828,Appliances,0.594784353,Appliances,194.32
CA-2016-117884,Accessories,0.393179539,Accessories,447.944
CA-2016-117884,Storage,0.393179539,Storage,150.408
CA-2016-117898,Envelopes,0.592778335,Envelopes,12.224
CA-2016-117961,Binders,0.990972919,Binders,75.77
CA-2016-117961,Paper,0.990972919,Paper,10.95
CA-2016-117961,Storage,0.990972919,Storage,104.9
CA-2016-118227,Art,0.783350050,Art,25.99
CA-2016-118423,Bookcases,0.577733200,Bookcases,359.058
CA-2016-118444,Appliances,0.377131394,Appliances,387.136
CA-2016-118738,Paper,0.568706118,Paper,25.92
CA-2016-118738,Tables,0.568706118,Tables,347.361
CA-2016-118843,Furnishings,0.565697091,Furnishings,129.93
CA-2016-118843,Paper,0.565697091,Paper,69.93
CA-2016-118871,Envelopes,0.964894684,Envelopes,271.44
CA-2016-118871,Furnishings,0.964894684,Furnishings,36.4
CA-2016-118871,Phones,0.964894684,Phones,110.352
CA-2016-118948,Art,0.562688064,Art,6.63
CA-2016-118955,Chairs,0.162487462,Chairs,197.372
CA-2016-118955,Envelopes,0.162487462,Envelopes,28.752
CA-2016-118955,Paper,0.162487462,Paper,27.216
CA-2016-119102,Storage,0.758274824,Storage,51.45
CA-2016-119214,Labels,0.355065196,Labels,14.62
CA-2016-119214,Paper,0.355065196,Paper,29.04
CA-2016-119291,Art,0.952858576,Art,200.968
CA-2016-119291,Binders,0.952858576,Binders,23.484
CA-2016-119291,Envelopes,0.952858576,Envelopes,200.984
CA-2016-119291,Labels,0.952858576,Labels,145.056
CA-2016-119480,Appliances,0.147442327,Appliances,163.44
CA-2016-119480,Art,0.147442327,Art,42.76
CA-2016-119480,Paper,0.147442327,Paper,157.87
CA-2016-119508,Art,0.546639920,Art,16.9
CA-2016-119508,Furnishings,0.546639920,Furnishings,25.08
CA-2016-119550,Chairs,0.145436309,Chairs,275.058
CA-2016-119592,Binders,0.744232698,Binders,3.76
CA-2016-119627,Accessories,0.743229689,Accessories,282.88
CA-2016-119627,Art,0.743229689,Art,10.272
CA-2016-119627,Paper,0.743229689,Paper,36.288
CA-2016-119634,Furnishings,0.343029087,Furnishings,46.152
CA-2016-119690,Binders,0.141424273,Binders,0.984
CA-2016-119690,Furnishings,0.141424273,Furnishings,75.384
CA-2016-119690,Labels,0.141424273,Labels,4.608
CA-2016-119690,Paper,0.141424273,Paper,47.952
CA-2016-119697,Accessories,0.741223671,Accessories,54.384
CA-2016-119879,Phones,0.336008024,Phones,110.97
CA-2016-119879,Tables,0.336008024,Tables,"1,252.704"
CA-2016-119907,Binders,0.735205617,Binders,55.424
CA-2016-119942,Labels,0.734202608,Labels,23.904
CA-2016-120103,Furnishings,0.529588766,Furnishings,7.712
CA-2016-120103,Paper,0.529588766,Paper,106.232
CA-2016-120103,Phones,0.529588766,Phones,111.984
CA-2016-120320,Phones,0.123370110,Phones,31.92
CA-2016-120341,Binders,0.922768305,Binders,121.104
CA-2016-120341,Phones,0.922768305,Phones,45.894
CA-2016-120362,Tables,0.722166499,Tables,912.75
CA-2016-120397,Appliances,0.721163490,Appliances,32.784
CA-2016-120439,Furnishings,0.319959880,Furnishings,51.072
CA-2016-120446,Labels,0.919759278,Labels,18.9
CA-2016-120516,Binders,0.917753260,Binders,5.64
CA-2016-120551,Binders,0.916750251,Binders,17.43
CA-2016-120621,Appliances,0.914744233,Appliances,962.08
CA-2016-120621,Binders,0.914744233,Binders,12.843
CA-2016-120621,Paper,0.914744233,Paper,295.456
CA-2016-120677,Chairs,0.713139418,Chairs,"2,567.84"
CA-2016-120782,Appliances,0.710130391,Appliances,186.732
CA-2016-120782,Binders,0.710130391,Binders,"3,812.97"
CA-2016-120810,Appliances,0.109327984,Appliances,68.94
CA-2016-120810,Furnishings,0.109327984,Furnishings,128.82
CA-2016-120845,Binders,0.108324975,Binders,12.069
CA-2016-120845,Paper,0.108324975,Paper,10.48
CA-2016-120880,Binders,0.107321966,Binders,167.76
CA-2016-120880,Paper,0.107321966,Paper,32.4
CA-2016-120880,Storage,0.107321966,Storage,540.57
CA-2016-120901,Fasteners,0.906720160,Fasteners,3.488
CA-2016-120901,Storage,0.906720160,Storage,152.688
CA-2016-120901,Supplies,0.906720160,Supplies,5.888
CA-2016-120915,Appliances,0.106318957,Appliances,293.52
CA-2016-120915,Phones,0.106318957,Phones,307.98
CA-2016-121041,Envelopes,0.902708124,Envelopes,6.608
CA-2016-121097,Paper,0.701103310,Paper,10.368
CA-2016-121132,Fasteners,0.700100301,Fasteners,14.432
CA-2016-121132,Labels,0.700100301,Labels,6.264
CA-2016-121188,Binders,0.498495486,Binders,41.36
CA-2016-121188,Bookcases,0.498495486,Bookcases,307.666
CA-2016-121188,Furnishings,0.498495486,Furnishings,4.16
CA-2016-121188,Phones,0.498495486,Phones,43.176
CA-2016-121188,Storage,0.498495486,Storage,"1,621.17"
CA-2016-121272,Appliances,0.696088265,Appliances,73.28
CA-2016-121391,Storage,0.892678034,Storage,26.96
CA-2016-121405,Paper,0.092276830,Paper,23.52
CA-2016-121405,Phones,0.092276830,Phones,180.96
CA-2016-121552,Art,0.688064193,Art,19.56
CA-2016-121608,Appliances,0.486459378,Appliances,137.62
CA-2016-121608,Phones,0.486459378,Phones,100.49
CA-2016-121650,Art,0.085255767,Art,3.9
CA-2016-121650,Chairs,0.085255767,Chairs,191.96
CA-2016-121650,Labels,0.085255767,Labels,2.61
CA-2016-121650,Tables,0.085255767,Tables,801.96
CA-2016-121699,Binders,0.283851555,Binders,64.75
CA-2016-121720,Art,0.083249749,Art,60.768
CA-2016-121720,Binders,0.083249749,Binders,82.368
CA-2016-121720,Chairs,0.083249749,Chairs,"1,123.92"
CA-2016-121720,Furnishings,0.083249749,Furnishings,48.672
CA-2016-121720,Phones,0.083249749,Phones,249.584
CA-2016-121720,Storage,0.083249749,Storage,"1,600.432"
CA-2016-121776,Labels,0.881644935,Labels,87.71
CA-2016-121776,Paper,0.881644935,Paper,36.84
CA-2016-121783,Appliances,0.481444333,Appliances,715.64
CA-2016-121783,Binders,0.481444333,Binders,74.76
CA-2016-121783,Copiers,0.481444333,Copiers,549.99
CA-2016-121783,Furnishings,0.481444333,Furnishings,29.22
CA-2016-121783,Storage,0.481444333,Storage,795.51
CA-2016-121797,Furnishings,0.681043129,Furnishings,227.36
CA-2016-121797,Machines,0.681043129,Machines,"1,919.976"
CA-2016-121965,Envelopes,0.076228686,Envelopes,186.69
CA-2016-121965,Furnishings,0.076228686,Furnishings,12.56
CA-2016-121965,Paper,0.076228686,Paper,6.48
CA-2016-122168,Art,0.470411234,Art,53.28
CA-2016-122210,Binders,0.069207623,Binders,152.991
CA-2016-122210,Fasteners,0.069207623,Fasteners,10.584
CA-2016-122210,Phones,0.069207623,Phones,94.92
CA-2016-122259,Supplies,0.267803410,Supplies,70.12
CA-2016-122266,Art,0.867602808,Art,2.624
CA-2016-122266,Tables,0.867602808,Tables,191.5155
CA-2016-122287,Binders,0.667001003,Binders,13.692
CA-2016-122287,Furnishings,0.667001003,Furnishings,75.36
CA-2016-122287,Paper,0.667001003,Paper,11.952
CA-2016-122371,Envelopes,0.864593781,Envelopes,124.46
CA-2016-122371,Storage,0.864593781,Storage,64.17
CA-2016-122406,Accessories,0.863590772,Accessories,199.98
CA-2016-122406,Chairs,0.863590772,Chairs,110.98
CA-2016-122406,Paper,0.863590772,Paper,8.4
CA-2016-122406,Phones,0.863590772,Phones,128.85
CA-2016-122623,Chairs,0.457372116,Chairs,47.516
CA-2016-122756,Furnishings,0.853560682,Furnishings,2.96
CA-2016-122756,Machines,0.853560682,Machines,482.34
CA-2016-122826,Phones,0.851554664,Phones,201.568
CA-2016-122973,Binders,0.447342026,Binders,3.328
CA-2016-122973,Furnishings,0.447342026,Furnishings,7.38
CA-2016-122973,Phones,0.447342026,Phones,135.99
CA-2016-123092,Art,0.643931795,Art,9.344
CA-2016-123092,Binders,0.643931795,Binders,95.97
CA-2016-123092,Furnishings,0.643931795,Furnishings,77.952
CA-2016-123092,Phones,0.643931795,Phones,105.584
CA-2016-123113,Appliances,0.443329990,Appliances,"2,625.12"
CA-2016-123113,Art,0.443329990,Art,17.94
CA-2016-123141,Chairs,0.842527583,Chairs,"1,114.192"
CA-2016-123155,Accessories,0.042126379,Accessories,113.52
CA-2016-123155,Phones,0.042126379,Phones,359.88
CA-2016-123232,Phones,0.639919759,Phones,319.968
CA-2016-123330,Phones,0.037111334,Phones,107.976
CA-2016-123456,Appliances,0.833500502,Appliances,48.632
CA-2016-123505,Paper,0.032096289,Paper,14.94
CA-2016-123568,Binders,0.430290873,Binders,91.68
CA-2016-123568,Fasteners,0.430290873,Fasteners,5.04
CA-2016-123568,Furnishings,0.430290873,Furnishings,66.69
CA-2016-123568,Paper,0.430290873,Paper,92.94
CA-2016-123673,Phones,0.427281846,Phones,299.9
CA-2016-123939,Labels,0.219658977,Labels,6.912
CA-2016-123939,Phones,0.219658977,Phones,26.982
CA-2016-123939,Storage,0.219658977,Storage,435.504
CA-2016-124044,Binders,0.216649950,Binders,10.512
CA-2016-124058,Chairs,0.416248746,Chairs,572.16
CA-2016-124058,Phones,0.416248746,Phones,72.744
CA-2016-124107,Accessories,0.614844534,Accessories,619.95
CA-2016-124107,Appliances,0.614844534,Appliances,29.403
CA-2016-124107,Envelopes,0.614844534,Envelopes,57.96
CA-2016-124107,Phones,0.614844534,Phones,29.16
CA-2016-124268,Art,0.410230692,Art,15.48
CA-2016-124450,Art,0.005015045,Art,22.74
CA-2016-124450,Chairs,0.005015045,Chairs,"1,267.53"
CA-2016-124450,Machines,0.005015045,Machines,"1,379.92"
CA-2016-124499,Appliances,0.203610832,Appliances,269.91
CA-2016-124499,Chairs,0.203610832,Chairs,389.97
CA-2016-124541,Accessories,0.802407222,Accessories,25.488
CA-2016-124541,Art,0.802407222,Art,42.048
CA-2016-124541,Binders,0.802407222,Binders,16.548
CA-2016-124541,Paper,0.802407222,Paper,7.968
CA-2016-124653,Labels,0.399197593,Labels,21.56
CA-2016-124653,Paper,0.399197593,Paper,145.75
CA-2016-124800,Appliances,0.994984955,Appliances,60.672
CA-2016-124800,Binders,0.994984955,Binders,149.619
CA-2016-124800,Paper,0.994984955,Paper,86.272
CA-2016-124800,Phones,0.994984955,Phones,263.96
CA-2016-124800,Storage,0.994984955,Storage,483.552
CA-2016-124891,Accessories,0.792377131,Accessories,"2,309.65"
CA-2016-124891,Paper,0.792377131,Paper,19.44
CA-2016-124891,Tables,0.792377131,Tables,"1,090.782"
CA-2016-124919,Paper,0.191574724,Paper,163.9
CA-2016-124919,Storage,0.191574724,Storage,80.88
CA-2016-124933,Paper,0.391173521,Paper,212.64
CA-2016-124975,Tables,0.989969910,Tables,796.425
CA-2016-125066,Art,0.787362086,Art,56.3
CA-2016-125066,Furnishings,0.787362086,Furnishings,6.16
CA-2016-125178,Storage,0.384152457,Storage,15.008
CA-2016-125185,Chairs,0.983951856,Chairs,99.372
CA-2016-125185,Furnishings,0.983951856,Furnishings,33.568
CA-2016-125234,Accessories,0.182547643,Accessories,107.97
CA-2016-125234,Paper,0.182547643,Paper,113.82
CA-2016-125395,Accessories,0.977933801,Accessories,41.9
CA-2016-125416,Accessories,0.777331996,Accessories,447.93
CA-2016-125423,Labels,0.377131394,Labels,9.96
CA-2016-125563,Furnishings,0.373119358,Furnishings,121.888
CA-2016-125696,Binders,0.769307924,Binders,7.38
CA-2016-125710,Art,0.968906720,Art,3.44
CA-2016-125934,Appliances,0.162487462,Appliances,111.04
CA-2016-125934,Binders,0.162487462,Binders,209.6
CA-2016-125934,Furnishings,0.162487462,Furnishings,8.92
CA-2016-125934,Labels,0.162487462,Labels,31.05
CA-2016-125934,Paper,0.162487462,Paper,38.88
CA-2016-125976,Paper,0.761283852,Paper,154.9
CA-2016-125976,Phones,0.761283852,Phones,"1,871.88"
CA-2016-126137,Bookcases,0.556670010,Bookcases,120.666
CA-2016-126186,Furnishings,0.755265797,Furnishings,24.64
CA-2016-126347,Accessories,0.550651956,Accessories,50
CA-2016-126445,Storage,0.947843531,Storage,484.65
CA-2016-126466,Fasteners,0.747241725,Fasteners,2.48
CA-2016-126557,Art,0.544633902,Art,6.912
CA-2016-126557,Binders,0.544633902,Binders,1.928
CA-2016-126557,Chairs,0.544633902,Chairs,383.607
CA-2016-126557,Furnishings,0.544633902,Furnishings,7.76
CA-2016-126557,Phones,0.544633902,Phones,"1,345.192"
CA-2016-126669,Paper,0.141424273,Paper,76.64
CA-2016-126697,Accessories,0.540621866,Accessories,151.2
CA-2016-126697,Furnishings,0.540621866,Furnishings,4.928
CA-2016-126697,Phones,0.540621866,Phones,946.344
CA-2016-126725,Chairs,0.939819458,Chairs,225.568
CA-2016-126725,Furnishings,0.939819458,Furnishings,117.56
CA-2016-126725,Paper,0.939819458,Paper,32.4
CA-2016-126725,Phones,0.939819458,Phones,415.968
CA-2016-126725,Storage,0.939819458,Storage,"1,082.11"
CA-2016-126739,Chairs,0.139418255,Chairs,327.564
CA-2016-126970,Binders,0.932798395,Binders,2.808
CA-2016-127019,Appliances,0.131394183,Appliances,60.984
CA-2016-127110,Paper,0.928786359,Paper,31.104
CA-2016-127110,Storage,0.928786359,Storage,78.256
CA-2016-127173,Binders,0.326980943,Binders,79.056
CA-2016-127173,Fasteners,0.326980943,Fasteners,34.44
CA-2016-127173,Machines,0.326980943,Machines,629.93
CA-2016-127327,Chairs,0.522567703,Chairs,90.882
CA-2016-127418,Binders,0.319959880,Binders,36.624
CA-2016-127453,Appliances,0.318956871,Appliances,526.736
CA-2016-127481,Paper,0.718154463,Paper,130.28
CA-2016-127502,Labels,0.517552658,Labels,5.76
CA-2016-127509,Binders,0.117352056,Binders,17.22
CA-2016-127509,Envelopes,0.117352056,Envelopes,26.22
CA-2016-127509,Paper,0.117352056,Paper,17.34
CA-2016-127509,Tables,0.117352056,Tables,"1,024.38"
CA-2016-127544,Accessories,0.116349047,Accessories,79.99
CA-2016-127593,Furnishings,0.314944835,Furnishings,85.3
CA-2016-127607,Binders,0.514543631,Binders,2.512
CA-2016-127607,Fasteners,0.514543631,Fasteners,18.864
CA-2016-127754,Chairs,0.110330993,Chairs,266.352
CA-2016-127824,Furnishings,0.108324975,Furnishings,10.11
CA-2016-127824,Paper,0.108324975,Paper,17.94
CA-2016-127824,Phones,0.108324975,Phones,249.584
CA-2016-128013,Furnishings,0.302908726,Furnishings,10.02
CA-2016-128013,Paper,0.302908726,Paper,144.12
CA-2016-128027,Storage,0.502507523,Storage,269.49
CA-2016-128083,Envelopes,0.300902708,Envelopes,8.688
CA-2016-128083,Furnishings,0.300902708,Furnishings,37.288
CA-2016-128125,Furnishings,0.899699097,Furnishings,22.38
CA-2016-128125,Paper,0.899699097,Paper,98.376
CA-2016-128139,Chairs,0.099297894,Chairs,70.98
CA-2016-128139,Labels,0.099297894,Labels,294.93
CA-2016-128167,Fasteners,0.498495486,Fasteners,4.96
CA-2016-128356,Supplies,0.693079238,Supplies,10.944
CA-2016-128608,Accessories,0.285857573,Accessories,10.384
CA-2016-128608,Art,0.285857573,Art,10.368
CA-2016-128608,Phones,0.285857573,Phones,368.682
CA-2016-128860,Furnishings,0.878635908,Furnishings,20.104
CA-2016-128958,Art,0.275827482,Art,13.12
CA-2016-128993,Accessories,0.274824473,Accessories,21.98
CA-2016-129042,Art,0.473420261,Art,8.22
CA-2016-129098,Storage,0.271815446,Storage,30.84
CA-2016-129112,Accessories,0.471414243,Accessories,21.48
CA-2016-129112,Binders,0.471414243,Binders,8.784
CA-2016-129217,Appliances,0.468405216,Appliances,70.97
CA-2016-129217,Art,0.468405216,Art,36.784
CA-2016-129322,Appliances,0.465396189,Appliances,113.92
CA-2016-129322,Art,0.465396189,Art,39.66
CA-2016-129322,Binders,0.465396189,Binders,447.86
CA-2016-129392,Paper,0.463390171,Paper,21.12
CA-2016-129476,Accessories,0.660982949,Accessories,339.96
CA-2016-129525,Binders,0.859578736,Binders,166.92
CA-2016-129532,Accessories,0.459378134,Accessories,236
CA-2016-129532,Storage,0.459378134,Storage,221.96
CA-2016-129546,Appliances,0.658976931,Appliances,186.15
CA-2016-129546,Binders,0.658976931,Binders,81.792
CA-2016-129546,Phones,0.658976931,Phones,36.784
CA-2016-129546,Supplies,0.658976931,Supplies,47.19
CA-2016-129700,Furnishings,0.854563691,Furnishings,22.288
CA-2016-129770,Paper,0.852557673,Paper,49.12
CA-2016-129854,Art,0.050150451,Art,16.52
CA-2016-129896,Furnishings,0.648946841,Furnishings,404.96
CA-2016-129896,Paper,0.648946841,Paper,9.568
CA-2016-129896,Storage,0.648946841,Storage,82.368
CA-2016-129917,Binders,0.448345035,Binders,65.376
CA-2016-129917,Phones,0.448345035,Phones,503.96
CA-2016-130022,Art,0.445336008,Art,29.79
CA-2016-130022,Labels,0.445336008,Labels,45.15
CA-2016-130113,Phones,0.242728185,Phones,668.16
CA-2016-130113,Storage,0.242728185,Storage,323.1
CA-2016-130183,Bookcases,0.240722166,Bookcases,613.9992
CA-2016-130204,Accessories,0.040120361,Accessories,147.35
CA-2016-130204,Storage,0.040120361,Storage,31.44
CA-2016-130218,Fasteners,0.239719157,Fasteners,31.56
CA-2016-130218,Storage,0.239719157,Storage,27.92
CA-2016-130253,Furnishings,0.238716148,Furnishings,15.24
CA-2016-130365,Chairs,0.835506520,Chairs,128.058
CA-2016-130365,Storage,0.835506520,Storage,221.024
CA-2016-130456,Bookcases,0.632898696,Bookcases,586.398
CA-2016-130456,Storage,0.632898696,Storage,80.98
CA-2016-130554,Art,0.030090271,Art,11.736
CA-2016-130610,Binders,0.828485456,Binders,19
CA-2016-130659,Chairs,0.027081244,Chairs,384.174
CA-2016-130659,Envelopes,0.027081244,Envelopes,17.94
CA-2016-130659,Phones,0.027081244,Phones,"1,799.75"
CA-2016-130736,Fasteners,0.624874624,Fasteners,3.96
CA-2016-130736,Labels,0.624874624,Labels,2.61
CA-2016-130785,Binders,0.823470411,Binders,28.752
CA-2016-130785,Bookcases,0.823470411,Bookcases,704.531
CA-2016-130792,Appliances,0.423269809,Appliances,8.652
CA-2016-130792,Binders,0.423269809,Binders,12.176
CA-2016-130792,Storage,0.423269809,Storage,23.832
CA-2016-130848,Chairs,0.221664995,Chairs,582.336
CA-2016-130855,Supplies,0.821464393,Supplies,6.36
CA-2016-130876,Storage,0.620862588,Storage,36.63
CA-2016-130883,Accessories,0.220661986,Accessories,239.8
CA-2016-130883,Paper,0.220661986,Paper,172.864
CA-2016-130890,Tables,0.820461384,Tables,"1,038.84"
CA-2016-130974,Accessories,0.018054162,Accessories,259.98
CA-2016-130974,Bookcases,0.018054162,Bookcases,170.98
CA-2016-130974,Furnishings,0.018054162,Furnishings,38.97
CA-2016-130974,Paper,0.018054162,Paper,254.92
CA-2016-130974,Tables,0.018054162,Tables,446.068
CA-2016-130995,Phones,0.817452357,Phones,4.95
CA-2016-131072,Binders,0.415245737,Binders,98.352
CA-2016-131128,Paper,0.213640923,Paper,34.44
CA-2016-131338,Accessories,0.207622869,Accessories,247.8
CA-2016-131338,Binders,0.207622869,Binders,"1,217.568"
CA-2016-131338,Fasteners,0.207622869,Fasteners,10.65
CA-2016-131338,Furnishings,0.207622869,Furnishings,53.2
CA-2016-131338,Paper,0.207622869,Paper,143.7
CA-2016-131338,Phones,0.207622869,Phones,"1,287.93"
CA-2016-131338,Storage,0.207622869,Storage,41.96
CA-2016-131338,Tables,0.207622869,Tables,382.806
CA-2016-131352,Furnishings,0.407221665,Furnishings,72.78
CA-2016-131422,Chairs,0.405215647,Chairs,207
CA-2016-131457,Envelopes,0.404212638,Envelopes,14.28
CA-2016-131534,Accessories,0.002006018,Accessories,166.24
CA-2016-131534,Paper,0.002006018,Paper,33.4
CA-2016-131597,Tables,0.400200602,Tables,170.136
CA-2016-131758,Art,0.195586760,Art,47.82
CA-2016-131758,Labels,0.195586760,Labels,13.05
CA-2016-131779,Storage,0.994984955,Storage,29.9
CA-2016-131856,Furnishings,0.592778335,Furnishings,21.968
CA-2016-131856,Paper,0.592778335,Paper,127.904
CA-2016-131856,Phones,0.592778335,Phones,619.152
CA-2016-131884,Art,0.991975928,Art,37.376
CA-2016-131884,Chairs,0.991975928,Chairs,70.686
CA-2016-131884,Phones,0.991975928,Phones,485.94
CA-2016-132080,Binders,0.786359077,Binders,50.112
CA-2016-132101,Phones,0.585757272,Phones,453.576
CA-2016-132136,Binders,0.584754263,Binders,8.568
CA-2016-132276,Appliances,0.580742227,Appliances,26.88
CA-2016-132276,Binders,0.580742227,Binders,10.896
CA-2016-132318,Appliances,0.179538616,Appliances,182.91
CA-2016-132374,Art,0.977933801,Art,79.36
CA-2016-132388,Chairs,0.177532598,Chairs,362.136
CA-2016-132388,Labels,0.177532598,Labels,31.05
CA-2016-132465,Accessories,0.775325978,Accessories,19.99
CA-2016-132465,Furnishings,0.775325978,Furnishings,210.68
CA-2016-132465,Storage,0.775325978,Storage,851.48
CA-2016-132486,Accessories,0.574724173,Accessories,148.32
CA-2016-132486,Chairs,0.574724173,Chairs,"1,275.104"
CA-2016-132486,Envelopes,0.574724173,Envelopes,11.8
CA-2016-132486,Paper,0.574724173,Paper,11.56
CA-2016-132507,Storage,0.374122367,Storage,61.792
CA-2016-132570,Art,0.772316951,Art,2.78
CA-2016-132570,Envelopes,0.772316951,Envelopes,79.96
CA-2016-132626,Art,0.570712136,Art,79.36
CA-2016-132626,Binders,0.570712136,Binders,281.13
CA-2016-132626,Fasteners,0.570712136,Fasteners,15.8
CA-2016-132626,Furnishings,0.570712136,Furnishings,181.96
CA-2016-132626,Labels,0.570712136,Labels,12.39
CA-2016-132626,Machines,0.570712136,Machines,464.97
CA-2016-132626,Storage,0.570712136,Storage,98.21
CA-2016-132633,Binders,0.170511535,Binders,12.144
CA-2016-132815,Paper,0.765295888,Paper,22.96
CA-2016-132906,Supplies,0.562688064,Supplies,51.52
CA-2016-132941,Accessories,0.561685055,Accessories,207.984
CA-2016-132941,Paper,0.561685055,Paper,32.368
CA-2016-132941,Supplies,0.561685055,Supplies,22.368
CA-2016-132948,Storage,0.161484453,Storage,83.7
CA-2016-133025,Paper,0.759277834,Paper,32.4
CA-2016-133242,Binders,0.353059178,Binders,67.62
CA-2016-133242,Furnishings,0.353059178,Furnishings,60.84
CA-2016-133242,Phones,0.353059178,Phones,467.97
CA-2016-133242,Storage,0.353059178,Storage,450.04
CA-2016-133396,Art,0.548645938,Art,64.68
CA-2016-133445,Bookcases,0.747241725,Bookcases,66.294
CA-2016-133445,Chairs,0.747241725,Chairs,291.168
CA-2016-133452,Accessories,0.347041123,Accessories,199.96
CA-2016-133452,Tables,0.347041123,Tables,710.832
CA-2016-133494,Appliances,0.945837513,Appliances,3.552
CA-2016-133536,Envelopes,0.544633902,Envelopes,22.92
CA-2016-133585,Art,0.743229689,Art,55.328
CA-2016-133585,Bookcases,0.743229689,Bookcases,"1,227.9984"
CA-2016-133627,Furnishings,0.342026078,Furnishings,22.2
CA-2016-133837,Storage,0.336008024,Storage,10.744
CA-2016-133977,Binders,0.331995988,Binders,3.444
CA-2016-134075,Furnishings,0.729187563,Furnishings,166.5
CA-2016-134075,Storage,0.729187563,Storage,360.38
CA-2016-134082,Binders,0.328986961,Binders,110.528
CA-2016-134117,Art,0.327983952,Art,221.25
CA-2016-134117,Binders,0.327983952,Binders,92.96
CA-2016-134117,Phones,0.327983952,Phones,135.984
CA-2016-134201,Art,0.525576730,Art,14.67
CA-2016-134201,Storage,0.525576730,Storage,142.04
CA-2016-134257,Envelopes,0.323971916,Envelopes,7.38
CA-2016-134257,Labels,0.323971916,Labels,491.55
CA-2016-134719,Storage,0.910732197,Storage,"1,801.632"
CA-2016-134747,Binders,0.309929789,Binders,12.56
CA-2016-134747,Phones,0.309929789,Phones,399.68
CA-2016-134782,Envelopes,0.308926780,Envelopes,105.42
CA-2016-134859,Furnishings,0.906720160,Furnishings,64.944
CA-2016-134859,Paper,0.906720160,Paper,20.736
CA-2016-134894,Appliances,0.905717151,Appliances,152.94
CA-2016-134894,Chairs,0.905717151,Chairs,283.92
CA-2016-134922,Envelopes,0.304914744,Envelopes,24.4
CA-2016-134943,Binders,0.104312939,Binders,152.8
CA-2016-134992,Furnishings,0.302908726,Furnishings,47.98
CA-2016-134992,Paper,0.302908726,Paper,32.4
CA-2016-135020,Binders,0.702106319,Binders,6.096
CA-2016-135020,Paper,0.702106319,Paper,45.36
CA-2016-135020,Phones,0.702106319,Phones,45.99
CA-2016-135020,Storage,0.702106319,Storage,535.41
CA-2016-135174,Phones,0.897693079,Phones,"1,022.97"
CA-2016-135251,Binders,0.495486459,Binders,6.23
CA-2016-135251,Bookcases,0.495486459,Bookcases,369.1992
CA-2016-135251,Labels,0.495486459,Labels,35.52
CA-2016-135251,Paper,0.495486459,Paper,56.704
CA-2016-135272,Furnishings,0.294884654,Furnishings,79.92
CA-2016-135314,Phones,0.893681043,Phones,269.982
CA-2016-135363,Paper,0.092276830,Paper,20.784
CA-2016-135391,Furnishings,0.491474423,Furnishings,40.784
CA-2016-135391,Labels,0.491474423,Labels,40.096
CA-2016-135489,Phones,0.888665998,Phones,279.86
CA-2016-135510,Furnishings,0.688064193,Furnishings,67.96
CA-2016-135538,Chairs,0.087261785,Chairs,883.84
CA-2016-135545,Accessories,0.687061184,Accessories,13.98
CA-2016-135545,Binders,0.687061184,Binders,25.824
CA-2016-135545,Furnishings,0.687061184,Furnishings,79.76
CA-2016-135545,Paper,0.687061184,Paper,146.73
CA-2016-135580,Envelopes,0.686058175,Envelopes,271.44
CA-2016-135580,Machines,0.686058175,Machines,"2,548.56"
CA-2016-135580,Paper,0.686058175,Paper,68.52
CA-2016-135580,Phones,0.686058175,Phones,287.88
CA-2016-135580,Storage,0.686058175,Storage,74.94
CA-2016-135622,Paper,0.284854564,Paper,360.712
CA-2016-135622,Phones,0.284854564,Phones,"1,718.4"
CA-2016-135685,Accessories,0.683049147,Accessories,999.96
CA-2016-135685,Furnishings,0.683049147,Furnishings,185.58
CA-2016-135685,Paper,0.683049147,Paper,179.82
CA-2016-135685,Tables,0.683049147,Tables,867.66
CA-2016-135727,Chairs,0.281845537,Chairs,191.968
CA-2016-135853,Accessories,0.078234704,Accessories,175.23
CA-2016-135853,Binders,0.078234704,Binders,23
CA-2016-135853,Phones,0.078234704,Phones,125.99
CA-2016-136105,Storage,0.671013039,Storage,24.56
CA-2016-136147,Accessories,0.269809428,Accessories,111.96
CA-2016-136147,Binders,0.269809428,Binders,121.104
CA-2016-136196,Furnishings,0.468405216,Furnishings,322.59
CA-2016-136224,Art,0.867602808,Art,10.272
CA-2016-136378,Binders,0.063189569,Binders,9.156
CA-2016-136420,Binders,0.661985958,Binders,89.696
CA-2016-136420,Labels,0.661985958,Labels,50.12
CA-2016-136469,Binders,0.860581745,Binders,221.06
CA-2016-136469,Phones,0.860581745,Phones,716
CA-2016-136469,Tables,0.860581745,Tables,199.836
CA-2016-136658,Art,0.055165496,Art,6.08
CA-2016-136700,Paper,0.653961886,Paper,8.96
CA-2016-136728,Chairs,0.053159478,Chairs,170.072
CA-2016-136728,Envelopes,0.053159478,Envelopes,7.824
CA-2016-136735,Envelopes,0.652958877,Envelopes,167.86
CA-2016-136798,Binders,0.051153460,Binders,43.98
CA-2016-136798,Furnishings,0.051153460,Furnishings,123.96
CA-2016-136798,Phones,0.051153460,Phones,377.97
CA-2016-136805,Appliances,0.650952859,Appliances,850.5
CA-2016-136805,Furnishings,0.650952859,Furnishings,75.33
CA-2016-137064,Accessories,0.843530592,Accessories,18.528
CA-2016-137064,Binders,0.843530592,Binders,2.934
CA-2016-137064,Storage,0.843530592,Storage,670.752
CA-2016-137071,Accessories,0.443329990,Accessories,100.8
CA-2016-137106,Phones,0.442326981,Phones,79.96
CA-2016-137113,Chairs,0.042126379,Chairs,"2,003.92"
CA-2016-137113,Paper,0.042126379,Paper,146.6
CA-2016-137113,Storage,0.042126379,Storage,146.73
CA-2016-137113,Tables,0.042126379,Tables,"1,913.4"
CA-2016-137225,Art,0.638916750,Art,3.28
CA-2016-137281,Paper,0.437311936,Paper,6.48
CA-2016-137302,Art,0.236710130,Art,59.52
CA-2016-137302,Binders,0.236710130,Binders,50.352
CA-2016-137302,Chairs,0.236710130,Chairs,63.936
CA-2016-137302,Phones,0.236710130,Phones,311.976
CA-2016-137512,Paper,0.230692076,Paper,15.936
CA-2016-137512,Tables,0.230692076,Tables,244.006
CA-2016-137526,Binders,0.430290873,Binders,70.008
CA-2016-137526,Furnishings,0.430290873,Furnishings,542.45
CA-2016-137603,Art,0.028084253,Art,8.4
CA-2016-137708,Paper,0.025075226,Paper,80.74
CA-2016-137708,Storage,0.025075226,Storage,33.63
CA-2016-137750,Furnishings,0.623871615,Furnishings,204.85
CA-2016-137897,Accessories,0.219658977,Accessories,97.5
CA-2016-137897,Paper,0.219658977,Paper,37
CA-2016-137925,Bookcases,0.618856570,Bookcases,681.408
CA-2016-137925,Paper,0.618856570,Paper,23.66
CA-2016-137946,Binders,0.418254764,Binders,19.12
CA-2016-137946,Copiers,0.418254764,Copiers,959.984
CA-2016-137974,Binders,0.817452357,Binders,9.14
CA-2016-137974,Bookcases,0.817452357,Bookcases,523.26
CA-2016-137974,Furnishings,0.817452357,Furnishings,"1,196.86"
CA-2016-137974,Phones,0.817452357,Phones,569.64
CA-2016-138002,Binders,0.216649950,Binders,6.096
CA-2016-138002,Furnishings,0.216649950,Furnishings,191.82
CA-2016-138009,Appliances,0.816449348,Appliances,555.21
CA-2016-138009,Art,0.816449348,Art,161.82
CA-2016-138009,Chairs,0.816449348,Chairs,301.96
CA-2016-138009,Storage,0.816449348,Storage,523.48
CA-2016-138219,Paper,0.810431294,Paper,33.36
CA-2016-138331,Art,0.407221665,Art,106.8
CA-2016-138457,Binders,0.203610832,Binders,13.092
CA-2016-138485,Accessories,0.602808425,Accessories,538.92
CA-2016-138492,Storage,0.202607823,Storage,51.968
CA-2016-138534,Bookcases,0.801404213,Bookcases,195.466
CA-2016-138625,Appliances,0.598796389,Appliances,197.72
CA-2016-138674,Accessories,0.797392177,Accessories,251.144
CA-2016-138674,Fasteners,0.797392177,Fasteners,8.72
CA-2016-138898,Appliances,0.990972919,Appliances,845.728
CA-2016-138954,Art,0.789368104,Art,119.04
CA-2016-138954,Binders,0.789368104,Binders,34.944
CA-2016-138954,Storage,0.789368104,Storage,70.95
CA-2016-139094,Tables,0.785356068,Tables,206.962
CA-2016-139164,Fasteners,0.783350050,Fasteners,5.43
CA-2016-139164,Phones,0.783350050,Phones,361.56
CA-2016-139248,Phones,0.980942828,Phones,623.96
CA-2016-139290,Labels,0.579739218,Labels,5.76
CA-2016-139374,Chairs,0.777331996,Chairs,179.886
CA-2016-139584,Accessories,0.771313942,Accessories,26
CA-2016-139584,Tables,0.771313942,Tables,284.364
CA-2016-139731,Accessories,0.367101304,Accessories,263.88
CA-2016-139731,Chairs,0.367101304,Chairs,"2,453.43"
CA-2016-139738,Art,0.966900702,Art,128.744
CA-2016-139780,Binders,0.565697091,Binders,116.4
CA-2016-139850,Furnishings,0.563691073,Furnishings,43.296
CA-2016-139850,Paper,0.563691073,Paper,20.736
CA-2016-139962,Binders,0.160481444,Binders,37.88
CA-2016-139962,Paper,0.160481444,Paper,19.44
CA-2016-140025,Accessories,0.558676028,Accessories,383.952
CA-2016-140025,Appliances,0.558676028,Appliances,463.248
CA-2016-140144,Furnishings,0.755265797,Furnishings,257.64
CA-2016-140144,Phones,0.755265797,Phones,125.976
CA-2016-140221,Appliances,0.353059178,Appliances,180.98
CA-2016-140221,Binders,0.353059178,Binders,11.212
CA-2016-140221,Furnishings,0.353059178,Furnishings,4.712
CA-2016-140221,Storage,0.353059178,Storage,60.416
CA-2016-140375,Binders,0.548645938,Binders,7.38
CA-2016-140375,Paper,0.548645938,Paper,19.44
CA-2016-140410,Accessories,0.547642929,Accessories,89.97
CA-2016-140410,Furnishings,0.547642929,Furnishings,42.6
CA-2016-140410,Phones,0.547642929,Phones,"1,212.848"
CA-2016-140557,Accessories,0.143430291,Accessories,559.93
CA-2016-140718,Binders,0.938816449,Binders,2.892
CA-2016-140718,Furnishings,0.938816449,Furnishings,159.84
CA-2016-140718,Paper,0.938816449,Paper,9.392
CA-2016-140718,Phones,0.938816449,Phones,74.24
CA-2016-140830,Envelopes,0.535606820,Envelopes,89.36
CA-2016-140921,Accessories,0.332998997,Accessories,149.97
CA-2016-140921,Furnishings,0.332998997,Furnishings,28.4
CA-2016-140984,Binders,0.731193581,Binders,12.96
CA-2016-140984,Copiers,0.731193581,Copiers,879.984
CA-2016-140984,Storage,0.731193581,Storage,991.2
CA-2016-141012,Furnishings,0.130391174,Furnishings,355.36
CA-2016-141012,Phones,0.130391174,Phones,140.376
CA-2016-141040,Paper,0.529588766,Paper,23.92
CA-2016-141040,Phones,0.529588766,Phones,631.96
CA-2016-141145,Accessories,0.526579739,Accessories,87.168
CA-2016-141243,Accessories,0.923771314,Accessories,398.4
CA-2016-141243,Art,0.923771314,Art,7.056
CA-2016-141243,Bookcases,0.923771314,Bookcases,"1,352.3976"
CA-2016-141250,Chairs,0.523570712,Chairs,199.304
CA-2016-141250,Tables,0.523570712,Tables,102.438
CA-2016-141327,Appliances,0.121364092,Appliances,98.352
CA-2016-141327,Binders,0.121364092,Binders,6.048
CA-2016-141327,Furnishings,0.121364092,Furnishings,335.744
CA-2016-141565,Binders,0.514543631,Binders,"1,369.764"
CA-2016-141565,Storage,0.514543631,Storage,294.368
CA-2016-141593,Binders,0.913741224,Binders,89.512
CA-2016-141593,Paper,0.913741224,Paper,6.48
CA-2016-141593,Tables,0.913741224,Tables,273.568
CA-2016-141740,Chairs,0.509528586,Chairs,205.164
CA-2016-141754,Labels,0.709127382,Labels,11.696
CA-2016-141768,Furnishings,0.908726179,Furnishings,14.73
CA-2016-141810,Binders,0.507522568,Binders,29.372
CA-2016-141810,Phones,0.507522568,Phones,344.704
CA-2016-141936,Binders,0.303911735,Binders,19.152
CA-2016-142027,Tables,0.101303912,Tables,369.912
CA-2016-142041,Binders,0.300902708,Binders,7.52
CA-2016-142055,Paper,0.500501505,Paper,37.94
CA-2016-142139,Paper,0.698094283,Paper,20.96
CA-2016-142202,Accessories,0.096288867,Accessories,717.12
CA-2016-142237,Art,0.095285858,Art,11.12
CA-2016-142237,Binders,0.095285858,Binders,8.982
CA-2016-142237,Chairs,0.095285858,Chairs,341.488
CA-2016-142237,Furnishings,0.095285858,Furnishings,315.144
CA-2016-142377,Paper,0.091273821,Paper,85.96
CA-2016-142419,Binders,0.690070211,Binders,98.352
CA-2016-142419,Paper,0.690070211,Paper,29.97
CA-2016-142433,Paper,0.889669007,Paper,117.456
CA-2016-142454,Furnishings,0.689067202,Furnishings,104.23
CA-2016-142454,Storage,0.689067202,Storage,70.26
CA-2016-142475,Binders,0.488465396,Binders,590.352
CA-2016-142601,Paper,0.284854564,Paper,61.96
CA-2016-142601,Storage,0.284854564,Storage,947.17
CA-2016-142692,Binders,0.082246740,Binders,3.592
CA-2016-142734,Chairs,0.681043129,Chairs,127.764
CA-2016-142755,Accessories,0.480441324,Accessories,619.95
CA-2016-142755,Envelopes,0.480441324,Envelopes,15.28
CA-2016-142755,Paper,0.480441324,Paper,284.26
CA-2016-142930,Paper,0.475426279,Paper,335.52
CA-2016-142937,Art,0.075225677,Art,45.04
CA-2016-142944,Copiers,0.675025075,Copiers,"1,119.984"
CA-2016-142944,Furnishings,0.675025075,Furnishings,435.26
CA-2016-142993,Accessories,0.873620863,Accessories,17.9
CA-2016-142993,Storage,0.873620863,Storage,81.96
CA-2016-143077,Binders,0.071213641,Binders,6.588
CA-2016-143077,Furnishings,0.071213641,Furnishings,21.936
CA-2016-143105,Copiers,0.470411234,Copiers,799.984
CA-2016-143105,Labels,0.470411234,Labels,7.31
CA-2016-143105,Paper,0.470411234,Paper,225.94
CA-2016-143119,Chairs,0.670010030,Chairs,517.5
CA-2016-143147,Chairs,0.069207623,Chairs,210.616
CA-2016-143147,Machines,0.069207623,Machines,399.54
CA-2016-143238,Accessories,0.866599799,Accessories,46.32
CA-2016-143364,Bookcases,0.662988967,Bookcases,127.764
CA-2016-143364,Chairs,0.662988967,Chairs,441.92
CA-2016-143364,Paper,0.662988967,Paper,18.496
CA-2016-143364,Storage,0.662988967,Storage,272.736
CA-2016-143490,Art,0.459378134,Art,120.15
CA-2016-143490,Phones,0.459378134,Phones,219.184
CA-2016-143532,Paper,0.058174524,Paper,14.496
CA-2016-143602,Binders,0.056168506,Binders,13.944
CA-2016-143616,Art,0.255767302,Art,99.2
CA-2016-143700,Paper,0.453360080,Paper,10.368
CA-2016-143882,Paper,0.048144433,Paper,43.056
CA-2016-143980,Appliances,0.445336008,Appliances,414.96
CA-2016-144043,Accessories,0.843530592,Accessories,46.688
CA-2016-144099,Binders,0.641925777,Binders,4.304
CA-2016-144190,Paper,0.439317954,Paper,12.96
CA-2016-144253,Furnishings,0.837512538,Furnishings,26.8
CA-2016-144267,Chairs,0.037111334,Chairs,544.008
CA-2016-144267,Paper,0.037111334,Paper,88.14
CA-2016-144274,Art,0.636910732,Art,13.12
CA-2016-144274,Envelopes,0.636910732,Envelopes,16.56
CA-2016-144274,Paper,0.636910732,Paper,82.98
CA-2016-144274,Phones,0.636910732,Phones,307.98
CA-2016-144288,Labels,0.836509529,Labels,9.216
CA-2016-144288,Paper,0.836509529,Paper,10.368
CA-2016-144302,Binders,0.036108325,Binders,5.792
CA-2016-144386,Binders,0.233701103,Binders,25.344
CA-2016-144519,Furnishings,0.629889669,Furnishings,63.98
CA-2016-144519,Phones,0.629889669,Phones,339.96
CA-2016-144652,Art,0.026078235,Art,19.46
CA-2016-144722,Furnishings,0.024072217,Furnishings,43.13
CA-2016-144806,Art,0.221664995,Art,86.304
CA-2016-144806,Furnishings,0.221664995,Furnishings,206.112
CA-2016-144806,Paper,0.221664995,Paper,218.192
CA-2016-144806,Storage,0.221664995,Storage,247.104
CA-2016-144890,Paper,0.419257773,Paper,9.96
CA-2016-145065,Binders,0.414242728,Binders,24.448
CA-2016-145065,Fasteners,0.414242728,Fasteners,7.86
CA-2016-145184,Accessories,0.610832497,Accessories,104.97
CA-2016-145184,Phones,0.610832497,Phones,83.97
CA-2016-145324,Furnishings,0.606820461,Furnishings,39.96
CA-2016-145352,Art,0.006018054,Art,11.08
CA-2016-145352,Binders,0.006018054,Binders,"6,354.95"
CA-2016-145352,Storage,0.006018054,Storage,46.74
CA-2016-145394,Furnishings,0.604814443,Furnishings,34.504
CA-2016-145394,Phones,0.604814443,Phones,239.976
CA-2016-145394,Storage,0.604814443,Storage,21.488
CA-2016-145401,Paper,0.204613842,Paper,14.304
CA-2016-145415,Storage,0.404212638,Storage,40.74
CA-2016-145457,Furnishings,0.003009027,Furnishings,46.9
CA-2016-145485,Storage,0.402206620,Storage,62.8
CA-2016-145758,Machines,0.794383149,Machines,"1,035.8"
CA-2016-145814,Binders,0.592778335,Binders,5.984
CA-2016-145814,Phones,0.592778335,Phones,861.76
CA-2016-145821,Phones,0.192577733,Phones,88.752
CA-2016-145828,Accessories,0.792377131,Accessories,53.04
CA-2016-145835,Fasteners,0.392176530,Fasteners,16
CA-2016-145835,Phones,0.392176530,Phones,222.384
CA-2016-145849,Art,0.591775326,Art,24.32
CA-2016-145849,Storage,0.591775326,Storage,190.86
CA-2016-146038,Chairs,0.786359077,Chairs,203.92
CA-2016-146087,Bookcases,0.984954865,Bookcases,301.96
CA-2016-146255,Accessories,0.380140421,Accessories,119.85
CA-2016-146255,Binders,0.380140421,Binders,99.72
CA-2016-146255,Phones,0.380140421,Phones,587.97
CA-2016-146262,Accessories,0.979939819,Accessories,89.584
CA-2016-146262,Bookcases,0.979939819,Bookcases,452.45
CA-2016-146262,Labels,0.979939819,Labels,23.68
CA-2016-146262,Machines,0.979939819,Machines,"1,188"
CA-2016-146262,Phones,0.979939819,Phones,62.982
CA-2016-146290,Art,0.379137412,Art,125.93
CA-2016-146465,Binders,0.374122367,Binders,24.192
CA-2016-146486,Accessories,0.173520562,Accessories,913.93
CA-2016-146486,Envelopes,0.173520562,Envelopes,12.24
CA-2016-146486,Storage,0.173520562,Storage,244.55
CA-2016-146563,Binders,0.771313942,Binders,2.724
CA-2016-146563,Storage,0.771313942,Storage,"1,723.512"
CA-2016-146563,Tables,0.771313942,Tables,918.785
CA-2016-146675,Accessories,0.368104313,Accessories,43.56
CA-2016-146675,Copiers,0.368104313,Copiers,"1,439.968"
CA-2016-146696,Binders,0.167502508,Binders,8.096
CA-2016-146829,Binders,0.563691073,Binders,1.112
CA-2016-146948,Chairs,0.760280843,Chairs,150.98
CA-2016-146948,Envelopes,0.760280843,Envelopes,137.25
CA-2016-146948,Fasteners,0.760280843,Fasteners,11.52
CA-2016-147011,Art,0.158475426,Art,13.632
CA-2016-147102,Accessories,0.955867603,Accessories,66.36
CA-2016-147501,Binders,0.144433300,Binders,6.368
CA-2016-147501,Machines,0.144433300,Machines,558.4
CA-2016-147529,Envelopes,0.543630893,Envelopes,311.15
CA-2016-147529,Paper,0.543630893,Paper,12.96
CA-2016-147690,Storage,0.339017051,Storage,577.584
CA-2016-147788,Bookcases,0.736208626,Bookcases,"1,406.86"
CA-2016-147788,Labels,0.736208626,Labels,15.75
CA-2016-147788,Storage,0.736208626,Storage,323.1
CA-2016-147816,Phones,0.135406219,Phones,35.12
CA-2016-147830,Accessories,0.335005015,Accessories,"2,025.36"
CA-2016-147830,Furnishings,0.335005015,Furnishings,262.864
CA-2016-147830,Machines,0.335005015,Machines,"1,799.994"
CA-2016-147830,Phones,0.335005015,Phones,101.988
CA-2016-147851,Binders,0.134403210,Binders,10.752
CA-2016-147879,Paper,0.533600802,Paper,45.68
CA-2016-148180,Art,0.324974925,Art,99.2
CA-2016-148180,Binders,0.324974925,Binders,32.28
CA-2016-148250,Appliances,0.322968907,Appliances,134.48
CA-2016-148250,Paper,0.322968907,Paper,12.96
CA-2016-148376,Appliances,0.119358074,Appliances,106.96
CA-2016-148376,Labels,0.119358074,Labels,21.56
CA-2016-148432,Fasteners,0.917753260,Fasteners,26.18
CA-2016-148432,Paper,0.917753260,Paper,7.3
CA-2016-148495,Furnishings,0.315947844,Furnishings,31.56
CA-2016-148628,Paper,0.712136409,Paper,32.75
CA-2016-148635,Bookcases,0.311935807,Bookcases,704.9
CA-2016-148635,Chairs,0.311935807,Chairs,561.568
CA-2016-148635,Fasteners,0.311935807,Fasteners,9.42
CA-2016-148635,Paper,0.311935807,Paper,12.96
CA-2016-148705,Labels,0.309929789,Labels,5.04
CA-2016-148712,Accessories,0.909729188,Accessories,99.6
CA-2016-148712,Art,0.909729188,Art,10.71
CA-2016-148712,Binders,0.909729188,Binders,62.296
CA-2016-148859,Storage,0.505516550,Storage,24.816
CA-2016-148873,Accessories,0.705115346,Accessories,108.768
CA-2016-148873,Binders,0.705115346,Binders,2.992
CA-2016-148964,Furnishings,0.502507523,Furnishings,20.24
CA-2016-149083,Accessories,0.699097292,Accessories,159.98
CA-2016-149083,Chairs,0.699097292,Chairs,307.136
CA-2016-149083,Labels,0.699097292,Labels,12.6
CA-2016-149097,Furnishings,0.898696088,Furnishings,74.76
CA-2016-149097,Tables,0.898696088,Tables,364.776
CA-2016-149300,Machines,0.292878636,Machines,32.985
CA-2016-149342,Furnishings,0.891675025,Furnishings,595.38
CA-2016-149342,Paper,0.891675025,Paper,12.96
CA-2016-149342,Phones,0.891675025,Phones,287.97
CA-2016-149384,Binders,0.490471414,Binders,3.366
CA-2016-149517,Furnishings,0.886659980,Furnishings,60.84
CA-2016-149566,Accessories,0.085255767,Accessories,39
CA-2016-149566,Labels,0.085255767,Labels,12.6
CA-2016-149587,Binders,0.884653962,Binders,32.96
CA-2016-149587,Furnishings,0.884653962,Furnishings,53.34
CA-2016-149587,Paper,0.884653962,Paper,12.96
CA-2016-149601,Storage,0.084252758,Storage,93.79
CA-2016-149636,Binders,0.083249749,Binders,1.938
CA-2016-149636,Paper,0.083249749,Paper,29.6
CA-2016-149650,Chairs,0.282848546,Chairs,454.272
CA-2016-149678,Supplies,0.682046138,Supplies,12.88
CA-2016-149713,Paper,0.681043129,Paper,180.64
CA-2016-149713,Supplies,0.681043129,Supplies,7.3
CA-2016-149734,Envelopes,0.480441324,Envelopes,200.984
CA-2016-149748,Furnishings,0.680040120,Furnishings,8.28
CA-2016-149748,Paper,0.680040120,Paper,274.8
CA-2016-149748,Storage,0.680040120,Storage,62.18
CA-2016-149811,Binders,0.078234704,Binders,32.34
CA-2016-149811,Paper,0.078234704,Paper,39.9
CA-2016-149846,Labels,0.077231695,Labels,8.26
CA-2016-149846,Machines,0.077231695,Machines,"2,973.32"
CA-2016-149846,Phones,0.077231695,Phones,775.728
CA-2016-149846,Storage,0.077231695,Storage,104.79
CA-2016-149909,Paper,0.475426279,Paper,159.85
CA-2016-149909,Phones,0.475426279,Phones,50.97
CA-2016-149972,Chairs,0.873620863,Chairs,601.536
CA-2016-149972,Fasteners,0.873620863,Fasteners,7.9
CA-2016-149993,Fasteners,0.673019057,Fasteners,10.9
CA-2016-150196,Paper,0.067201605,Paper,19.44
CA-2016-150308,Phones,0.663991976,Phones,246.168
CA-2016-150413,Binders,0.660982949,Binders,1.72
CA-2016-150441,Binders,0.060180542,Binders,11.36
CA-2016-150511,Paper,0.058174524,Paper,18.54
CA-2016-150560,Labels,0.256770311,Labels,196.62
CA-2016-150714,Appliances,0.452357071,Appliances,203.88
CA-2016-150714,Binders,0.452357071,Binders,14.301
CA-2016-150714,Labels,0.452357071,Labels,146.544
CA-2016-150714,Paper,0.452357071,Paper,131.904
CA-2016-150714,Storage,0.452357071,Storage,718.64
CA-2016-150749,Art,0.451354062,Art,5.56
CA-2016-150770,Accessories,0.250752257,Accessories,339.96
CA-2016-150770,Art,0.250752257,Art,8.82
CA-2016-150770,Binders,0.250752257,Binders,112.064
CA-2016-150791,Chairs,0.050150451,Chairs,271.764
CA-2016-150875,Phones,0.247743230,Phones,304.776
CA-2016-150875,Tables,0.247743230,Tables,696.42
CA-2016-151043,Accessories,0.642928786,Accessories,47.984
CA-2016-151253,Art,0.636910732,Art,64.14
CA-2016-151253,Phones,0.636910732,Phones,88.776
CA-2016-151470,Binders,0.230692076,Binders,45.584
CA-2016-151547,Supplies,0.828485456,Supplies,88.96
CA-2016-151589,Paper,0.427281846,Paper,195.64
CA-2016-151589,Phones,0.427281846,Phones,239.9
CA-2016-151624,Furnishings,0.426278837,Furnishings,21.36
CA-2016-151680,Furnishings,0.224674022,Furnishings,141.96
CA-2016-151722,Accessories,0.823470411,Accessories,288
CA-2016-151785,Fasteners,0.221664995,Fasteners,7.104
CA-2016-151841,Appliances,0.020060181,Appliances,43.56
CA-2016-151841,Supplies,0.020060181,Supplies,5.84
CA-2016-151869,Chairs,0.419257773,Chairs,102.582
CA-2016-151869,Paper,0.419257773,Paper,20.04
CA-2016-152513,Binders,0.600802407,Binders,22.848
CA-2016-152527,Storage,0.800401204,Storage,77.88
CA-2016-152611,Art,0.997993982,Art,286.79
CA-2016-152681,Art,0.995987964,Art,6.68
CA-2016-152891,Art,0.989969910,Art,60.45
CA-2016-152891,Tables,0.989969910,Tables,253.176
CA-2016-153038,Envelopes,0.585757272,Envelopes,55.936
CA-2016-153038,Furnishings,0.585757272,Furnishings,20.32
CA-2016-153038,Labels,0.585757272,Labels,18.432
CA-2016-153073,Furnishings,0.584754263,Furnishings,17.496
CA-2016-153108,Appliances,0.583751254,Appliances,60.69
CA-2016-153108,Phones,0.583751254,Phones,23.92
CA-2016-153220,Paper,0.180541625,Paper,15.7
CA-2016-153325,Binders,0.177532598,Binders,58.72
CA-2016-153381,Binders,0.975927783,Binders,15.24
CA-2016-153381,Chairs,0.975927783,Chairs,"1,408.1"
CA-2016-153388,Art,0.575727182,Art,6.72
CA-2016-153388,Tables,0.575727182,Tables,"1,004.976"
CA-2016-153416,Binders,0.974924774,Binders,94.56
CA-2016-153416,Paper,0.974924774,Paper,19.44
CA-2016-153416,Storage,0.974924774,Storage,454.86
CA-2016-153423,Binders,0.574724173,Binders,"1,217.568"
CA-2016-153535,Binders,0.171514544,Binders,6.408
CA-2016-153535,Furnishings,0.171514544,Furnishings,163.136
CA-2016-153549,Chairs,0.371113340,Chairs,"1,166.92"
CA-2016-153612,Art,0.769307924,Art,17.12
CA-2016-153626,Art,0.968906720,Art,5.16
CA-2016-153717,Art,0.766298897,Art,3.28
CA-2016-153717,Bookcases,0.766298897,Bookcases,160.98
CA-2016-153717,Paper,0.766298897,Paper,17.34
CA-2016-153717,Phones,0.766298897,Phones,73.98
CA-2016-153738,Binders,0.565697091,Binders,37.68
CA-2016-153752,Phones,0.765295888,Phones,173.94
CA-2016-153794,Art,0.364092277,Art,265.86
CA-2016-153878,Appliances,0.561685055,Appliances,272.4
CA-2016-153878,Art,0.561685055,Art,57.75
CA-2016-153906,Phones,0.960882648,Phones,85.9
CA-2016-154144,Paper,0.354062187,Paper,55.48
CA-2016-154200,Art,0.152457372,Art,51.98
CA-2016-154284,Accessories,0.350050150,Accessories,637.44
CA-2016-154284,Art,0.350050150,Art,59.904
CA-2016-154284,Furnishings,0.350050150,Furnishings,51.756
CA-2016-154284,Machines,0.350050150,Machines,600.53
CA-2016-154291,Envelopes,0.949849549,Envelopes,98.46
CA-2016-154291,Tables,0.949849549,Tables,358.58
CA-2016-154326,Accessories,0.948846540,Accessories,139.95
CA-2016-154326,Phones,0.948846540,Phones,834.95
CA-2016-154340,Art,0.148445336,Art,56.3
CA-2016-154620,Chairs,0.140421264,Chairs,348.928
CA-2016-154746,Appliances,0.936810431,Appliances,826.11
CA-2016-154746,Envelopes,0.936810431,Envelopes,33.96
CA-2016-154795,Envelopes,0.135406219,Envelopes,7.92
CA-2016-154795,Furnishings,0.135406219,Furnishings,14.368
CA-2016-154823,Binders,0.534603811,Binders,12.828
CA-2016-154823,Chairs,0.534603811,Chairs,598.458
CA-2016-154823,Furnishings,0.534603811,Furnishings,25.984
CA-2016-154886,Accessories,0.932798395,Accessories,119.9
CA-2016-154900,Labels,0.132397192,Labels,3.15
CA-2016-154900,Paper,0.132397192,Paper,22.72
CA-2016-154921,Envelopes,0.931795386,Envelopes,186.69
CA-2016-154956,Phones,0.930792377,Phones,"1,099.96"
CA-2016-154970,Chairs,0.130391174,Chairs,61.584
CA-2016-155040,Accessories,0.128385155,Accessories,79.9
CA-2016-155054,Accessories,0.327983952,Accessories,67.98
CA-2016-155054,Binders,0.327983952,Binders,38.1
CA-2016-155068,Art,0.527582748,Art,10.688
CA-2016-155068,Phones,0.527582748,Phones,67.768
CA-2016-155124,Phones,0.325977934,Phones,16.776
CA-2016-155145,Accessories,0.125376128,Accessories,7.92
CA-2016-155306,Accessories,0.920762287,Accessories,323.37
CA-2016-155306,Appliances,0.920762287,Appliances,"1,447.65"
CA-2016-155306,Art,0.920762287,Art,5.56
CA-2016-155306,Paper,0.920762287,Paper,11.96
CA-2016-155306,Phones,0.920762287,Phones,783.96
CA-2016-155334,Accessories,0.319959880,Accessories,209.93
CA-2016-155334,Binders,0.319959880,Binders,10.92
CA-2016-155334,Furnishings,0.319959880,Furnishings,5.28
CA-2016-155453,Labels,0.516549649,Labels,4.608
CA-2016-155586,Art,0.912738215,Art,2.21
CA-2016-155586,Envelopes,0.912738215,Envelopes,15.52
CA-2016-155586,Paper,0.912738215,Paper,36.44
CA-2016-155600,Art,0.112337011,Art,36.96
CA-2016-155600,Binders,0.112337011,Binders,"1,598.058"
CA-2016-155635,Binders,0.111334002,Binders,48.81
CA-2016-155761,Accessories,0.907723170,Accessories,159.984
CA-2016-155761,Storage,0.907723170,Storage,46.344
CA-2016-156013,Binders,0.500501505,Binders,24.448
CA-2016-156013,Paper,0.500501505,Paper,61.4
CA-2016-156104,Copiers,0.297893681,Copiers,999.98
CA-2016-156118,Paper,0.497492477,Paper,15.696
CA-2016-156146,Phones,0.896690070,Phones,174.304
CA-2016-156153,Fasteners,0.496489468,Fasteners,7.56
CA-2016-156328,Phones,0.491474423,Phones,177.48
CA-2016-156335,Accessories,0.091273821,Accessories,63.96
CA-2016-156335,Binders,0.091273821,Binders,14.46
CA-2016-156335,Phones,0.091273821,Phones,104.98
CA-2016-156377,Binders,0.690070211,Binders,3.656
CA-2016-156377,Furnishings,0.690070211,Furnishings,14.76
CA-2016-156440,Furnishings,0.088264794,Furnishings,44.46
CA-2016-156482,Art,0.687061184,Art,5.68
CA-2016-156482,Bookcases,0.687061184,Bookcases,283.92
CA-2016-156482,Chairs,0.687061184,Chairs,"1,268.82"
CA-2016-156510,Art,0.086258776,Art,6.7
CA-2016-156510,Binders,0.086258776,Binders,10.76
CA-2016-156510,Paper,0.086258776,Paper,45.68
CA-2016-156524,Paper,0.285857573,Paper,19.65
CA-2016-156566,Phones,0.884653962,Phones,572.8
CA-2016-156608,Binders,0.483450351,Binders,3.592
CA-2016-156734,Binders,0.279839519,Binders,6.129
CA-2016-156734,Chairs,0.279839519,Chairs,643.136
CA-2016-156734,Paper,0.279839519,Paper,20.736
CA-2016-156755,Storage,0.079237713,Storage,465.18
CA-2016-156853,Paper,0.476429288,Paper,184.66
CA-2016-156923,Paper,0.474423270,Paper,35.88
CA-2016-157028,Art,0.471414243,Art,8.28
CA-2016-157035,Paper,0.071213641,Paper,34.02
CA-2016-157084,Accessories,0.269809428,Accessories,"1,265.85"
CA-2016-157084,Phones,0.269809428,Phones,675.96
CA-2016-157133,Furnishings,0.468405216,Furnishings,151.96
CA-2016-157287,Chairs,0.663991976,Chairs,422.625
CA-2016-157287,Storage,0.663991976,Storage,33.568
CA-2016-157322,Chairs,0.662988967,Chairs,790.538
CA-2016-157322,Paper,0.662988967,Paper,11.168
CA-2016-157322,Storage,0.662988967,Storage,504.104
CA-2016-157343,Art,0.462387161,Art,8.016
CA-2016-157343,Binders,0.462387161,Binders,18.312
CA-2016-157343,Paper,0.462387161,Paper,25.92
CA-2016-157434,Paper,0.259779338,Paper,7.968
CA-2016-157770,Accessories,0.050150451,Accessories,285.09
CA-2016-157770,Binders,0.050150451,Binders,29.2
CA-2016-157770,Phones,0.050150451,Phones,494.376
CA-2016-157805,Phones,0.049147442,Phones,555.96
CA-2016-157812,Accessories,0.648946841,Accessories,18.392
CA-2016-157812,Binders,0.648946841,Binders,14.112
CA-2016-157812,Storage,0.648946841,Storage,129.568
CA-2016-157959,Furnishings,0.244734203,Furnishings,136.92
CA-2016-158148,Appliances,0.439317954,Appliances,36.27
CA-2016-158323,Furnishings,0.434302909,Furnishings,17.088
CA-2016-158351,Accessories,0.833500502,Accessories,319.984
CA-2016-158421,Binders,0.831494483,Binders,14.6
CA-2016-158421,Chairs,0.831494483,Chairs,"1,690.04"
CA-2016-158421,Envelopes,0.831494483,Envelopes,121.96
CA-2016-158421,Paper,0.831494483,Paper,23.92
CA-2016-158421,Phones,0.831494483,Phones,743.68
CA-2016-158421,Storage,0.831494483,Storage,"1,037.76"
CA-2016-158456,Binders,0.830491474,Binders,19.936
CA-2016-158456,Fasteners,0.830491474,Fasteners,45.92
CA-2016-158491,Accessories,0.829488465,Accessories,"1,109.95"
CA-2016-158554,Paper,0.227683049,Paper,11.352
CA-2016-158659,Storage,0.224674022,Storage,714.3
CA-2016-158701,Appliances,0.823470411,Appliances,87.36
CA-2016-158701,Binders,0.823470411,Binders,56.16
CA-2016-158792,Fasteners,0.620862588,Fasteners,22.2
CA-2016-158918,Paper,0.417251755,Paper,17.12
CA-2016-158939,Copiers,0.216649950,Copiers,599.99
CA-2016-159380,Paper,0.004012036,Paper,38.52
CA-2016-159534,Binders,0.199598796,Binders,"1,137.784"
CA-2016-159534,Envelopes,0.199598796,Envelopes,23.99
CA-2016-159534,Phones,0.199598796,Phones,199.98
CA-2016-159534,Storage,0.199598796,Storage,83.92
CA-2016-159590,Art,0.997993982,Art,5.76
CA-2016-159779,Binders,0.192577733,Binders,68.62
CA-2016-159786,Tables,0.792377131,Tables,209.67
CA-2016-159863,Accessories,0.390170512,Accessories,134.376
CA-2016-160059,Binders,0.184553661,Binders,6.24
CA-2016-160171,Accessories,0.781344032,Accessories,270
CA-2016-160171,Appliances,0.781344032,Appliances,"1,640.7"
CA-2016-160213,Paper,0.380140421,Paper,19.44
CA-2016-160227,Chairs,0.579739218,Chairs,"2,621.322"
CA-2016-160472,Accessories,0.572718154,Accessories,831.2
CA-2016-160472,Envelopes,0.572718154,Envelopes,106.75
CA-2016-160472,Paper,0.572718154,Paper,124.22
CA-2016-160472,Storage,0.572718154,Storage,176.16
CA-2016-160696,Fasteners,0.766298897,Fasteners,7.24
CA-2016-160787,Binders,0.563691073,Binders,2.946
CA-2016-160794,Paper,0.163490471,Paper,27.216
CA-2016-160864,Binders,0.161484453,Binders,13.848
CA-2016-161214,Storage,0.151454363,Storage,77.55
CA-2016-161242,Paper,0.550651956,Paper,11.76
CA-2016-161263,Appliances,0.350050150,Appliances,45.216
CA-2016-161263,Art,0.350050150,Art,7.872
CA-2016-161263,Binders,0.350050150,Binders,55.47
CA-2016-161263,Fasteners,0.350050150,Fasteners,11.864
CA-2016-161263,Phones,0.350050150,Phones,118.782
CA-2016-161445,Art,0.944834504,Art,140.736
CA-2016-161452,Chairs,0.544633902,Chairs,892.224
CA-2016-161627,Chairs,0.539618857,Chairs,170.352
CA-2016-161711,Envelopes,0.737211635,Envelopes,62.24
CA-2016-161711,Furnishings,0.737211635,Furnishings,68.16
CA-2016-161718,Chairs,0.337011033,Chairs,726.174
CA-2016-161718,Furnishings,0.337011033,Furnishings,28.44
CA-2016-161718,Phones,0.337011033,Phones,39.96
CA-2016-161767,Machines,0.535606820,Machines,479.988
CA-2016-161795,Art,0.934804413,Art,3.008
CA-2016-161830,Art,0.933801404,Art,35.96
CA-2016-161830,Binders,0.933801404,Binders,14.952
CA-2016-161998,Art,0.328986961,Art,172.704
CA-2016-161998,Furnishings,0.328986961,Furnishings,63.552
CA-2016-161998,Supplies,0.328986961,Supplies,41.376
CA-2016-162047,Chairs,0.527582748,Chairs,"1,448.82"
CA-2016-162166,Paper,0.724172518,Paper,26.4
CA-2016-162166,Storage,0.724172518,Storage,41.88
CA-2016-162201,Art,0.723169509,Art,4.448
CA-2016-162201,Binders,0.723169509,Binders,18.264
CA-2016-162201,Furnishings,0.723169509,Furnishings,173.208
CA-2016-162201,Labels,0.723169509,Labels,9
CA-2016-162201,Paper,0.723169509,Paper,215.728
CA-2016-162201,Storage,0.723169509,Storage,516.96
CA-2016-162369,Storage,0.118355065,Storage,323.1
CA-2016-162376,Art,0.718154463,Art,17.12
CA-2016-162376,Paper,0.718154463,Paper,59.94
CA-2016-162537,Envelopes,0.513540622,Envelopes,10.67
CA-2016-162537,Furnishings,0.513540622,Furnishings,57.21
CA-2016-162537,Storage,0.513540622,Storage,36.63
CA-2016-162544,Paper,0.113340020,Paper,4.98
CA-2016-162607,Binders,0.511534604,Binders,14.592
CA-2016-162621,Binders,0.711133400,Binders,20.74
CA-2016-162621,Supplies,0.711133400,Supplies,69.12
CA-2016-162761,Art,0.707121364,Art,37.376
CA-2016-162761,Binders,0.707121364,Binders,13.086
CA-2016-162782,Binders,0.506519559,Binders,"2,541.98"
CA-2016-162887,Chairs,0.503510532,Chairs,715.2
CA-2016-162950,Bookcases,0.901705115,Bookcases,482.94
CA-2016-162950,Paper,0.901705115,Paper,15.552
CA-2016-162964,Envelopes,0.101303912,Envelopes,223.888
CA-2016-162964,Paper,0.101303912,Paper,15.552
CA-2016-162964,Storage,0.101303912,Storage,64.784
CA-2016-163055,Art,0.898696088,Art,2.2
CA-2016-163055,Storage,0.898696088,Storage,21.98
CA-2016-163055,Tables,0.898696088,Tables,622.45
CA-2016-163090,Supplies,0.897693079,Supplies,40.92
CA-2016-163104,Paper,0.097291876,Paper,11.96
CA-2016-163181,Art,0.695085256,Art,23.64
CA-2016-163181,Binders,0.695085256,Binders,32.06
CA-2016-163181,Furnishings,0.695085256,Furnishings,64.96
CA-2016-163181,Machines,0.695085256,Machines,287.91
CA-2016-163181,Storage,0.695085256,Storage,262.432
CA-2016-163237,Labels,0.493480441,Labels,25.06
CA-2016-163237,Phones,0.493480441,Phones,494.97
CA-2016-163440,Phones,0.887662989,Phones,15.984
CA-2016-163587,Binders,0.483450351,Binders,671.94
CA-2016-163587,Labels,0.483450351,Labels,16.52
CA-2016-163734,Storage,0.079237713,Storage,228.92
CA-2016-163762,Art,0.478435306,Art,29.79
CA-2016-163895,Binders,0.874623872,Binders,3.304
CA-2016-163923,Accessories,0.273821464,Accessories,151.96
CA-2016-163965,Binders,0.872617854,Binders,70.11
CA-2016-163965,Bookcases,0.872617854,Bookcases,290.352
CA-2016-163965,Storage,0.872617854,Storage,17.44
CA-2016-164007,Accessories,0.471414243,Accessories,2.376
CA-2016-164007,Appliances,0.471414243,Appliances,143.128
CA-2016-164084,Accessories,0.069207623,Accessories,90
CA-2016-164084,Binders,0.069207623,Binders,6.096
CA-2016-164084,Fasteners,0.069207623,Fasteners,7.24
CA-2016-164084,Storage,0.069207623,Storage,70.26
CA-2016-164084,Tables,0.069207623,Tables,481.176
CA-2016-164301,Tables,0.662988967,Tables,"3,393.68"
CA-2016-164336,Accessories,0.661985958,Accessories,34.8
CA-2016-164336,Storage,0.661985958,Storage,38.976
CA-2016-164427,Accessories,0.459378134,Accessories,239.7
CA-2016-164441,Binders,0.658976931,Binders,52.272
CA-2016-164441,Paper,0.658976931,Paper,17.94
CA-2016-164497,Appliances,0.457372116,Appliances,45.28
CA-2016-164539,Appliances,0.056168506,Appliances,523.25
CA-2016-164567,Phones,0.455366098,Phones,225.576
CA-2016-164623,Paper,0.253761284,Paper,24.56
CA-2016-164777,Chairs,0.449348044,Chairs,"2,803.92"
CA-2016-164833,Art,0.247743230,Art,9.26
CA-2016-164833,Labels,0.247743230,Labels,7.38
CA-2016-164882,Art,0.446339017,Art,5.04
CA-2016-164882,Binders,0.446339017,Binders,398.352
CA-2016-164882,Bookcases,0.446339017,Bookcases,425.833
CA-2016-164882,Chairs,0.446339017,Chairs,323.136
CA-2016-164882,Fasteners,0.446339017,Fasteners,17.45
CA-2016-164882,Paper,0.446339017,Paper,19.98
CA-2016-164882,Phones,0.446339017,Phones,"1,295.84"
CA-2016-164882,Storage,0.446339017,Storage,46.84
CA-2016-164882,Supplies,0.446339017,Supplies,29.7
CA-2016-165050,Binders,0.841524574,Binders,28.048
CA-2016-165050,Phones,0.841524574,Phones,773.94
CA-2016-165057,Art,0.441323972,Art,181.35
CA-2016-165057,Labels,0.441323972,Labels,8.64
CA-2016-165085,Appliances,0.840521565,Appliances,355.96
CA-2016-165085,Paper,0.840521565,Paper,28.9
CA-2016-165162,Storage,0.438314945,Storage,"1,117.92"
CA-2016-165414,Phones,0.031093280,Phones,47.976
CA-2016-165554,Paper,0.027081244,Paper,10.86
CA-2016-165624,Accessories,0.025075226,Accessories,251.91
CA-2016-165624,Appliances,0.025075226,Appliances,568.8
CA-2016-165624,Labels,0.025075226,Labels,8.64
CA-2016-165624,Paper,0.025075226,Paper,313.08
CA-2016-165799,Chairs,0.020060181,Chairs,117.882
CA-2016-165813,Storage,0.219658977,Storage,29.304
CA-2016-166135,Storage,0.810431294,Storage,139.424
CA-2016-166219,Phones,0.008024072,Phones,"1,099.96"
CA-2016-166219,Tables,0.008024072,Tables,103.481
CA-2016-166338,Binders,0.204613842,Binders,14.832
CA-2016-166464,Copiers,0.001003009,Copiers,479.984
CA-2016-166464,Labels,0.001003009,Labels,12.6
CA-2016-166492,Paper,0.400200602,Paper,25.92
CA-2016-166492,Storage,0.400200602,Storage,22.58
CA-2016-166583,Phones,0.197592778,Phones,971.88
CA-2016-166604,Envelopes,0.996990973,Envelopes,17.94
CA-2016-166800,Appliances,0.791374122,Appliances,31.08
CA-2016-166947,Chairs,0.387161484,Chairs,"1,522.638"
CA-2016-166975,Furnishings,0.786359077,Furnishings,692.472
CA-2016-167010,Appliances,0.785356068,Appliances,98.112
CA-2016-167010,Binders,0.785356068,Binders,10.428
CA-2016-167010,Bookcases,0.785356068,Bookcases,352.45
CA-2016-167010,Furnishings,0.785356068,Furnishings,554.72
CA-2016-167010,Phones,0.785356068,Phones,56.838
CA-2016-167010,Storage,0.785356068,Storage,563.808
CA-2016-167255,Paper,0.778335005,Paper,159.78
CA-2016-167255,Storage,0.778335005,Storage,15.51
CA-2016-167269,Envelopes,0.977933801,Envelopes,6.208
CA-2016-167374,Accessories,0.974924774,Accessories,16.776
CA-2016-167374,Paper,0.974924774,Paper,40.032
CA-2016-167479,Paper,0.971915747,Paper,19.44
CA-2016-167696,Envelopes,0.565697091,Envelopes,31.12
CA-2016-167745,Art,0.764292879,Art,11.68
CA-2016-167745,Furnishings,0.764292879,Furnishings,24.4
CA-2016-167745,Supplies,0.764292879,Supplies,16.9
CA-2016-168004,Chairs,0.956870612,Chairs,392.94
CA-2016-168088,Bookcases,0.154463390,Bookcases,383.4656
CA-2016-168088,Paper,0.154463390,Paper,65.584
CA-2016-168186,Paper,0.551654965,Paper,14.94
CA-2016-168207,Binders,0.351053159,Binders,129.44
CA-2016-168207,Bookcases,0.351053159,Bookcases,512.499
CA-2016-168207,Furnishings,0.351053159,Furnishings,96.96
CA-2016-168277,Labels,0.349047141,Labels,12.39
CA-2016-168459,Binders,0.943831494,Binders,2.946
CA-2016-168459,Fasteners,0.943831494,Fasteners,55.104
CA-2016-168480,Art,0.743229689,Art,25.99
CA-2016-168480,Bookcases,0.743229689,Bookcases,194.32
CA-2016-168529,Furnishings,0.941825476,Furnishings,145.9
CA-2016-168564,Binders,0.940822467,Binders,13.888
CA-2016-168564,Chairs,0.940822467,Chairs,144.784
CA-2016-168634,Appliances,0.938816449,Appliances,7.78
CA-2016-168746,Chairs,0.535606820,Chairs,181.986
CA-2016-168746,Phones,0.535606820,Phones,587.346
CA-2016-168760,Appliances,0.735205617,Appliances,61.44
CA-2016-168767,Binders,0.335005015,Binders,12.832
CA-2016-168809,Binders,0.933801404,Binders,3.798
CA-2016-168809,Furnishings,0.933801404,Furnishings,27.984
CA-2016-169201,Appliances,0.522567703,Appliances,86.82
CA-2016-169278,Binders,0.120361083,Binders,26.976
CA-2016-169299,Art,0.919759278,Art,7.152
CA-2016-169397,Art,0.316950853,Art,27.168
CA-2016-169397,Binders,0.316950853,Binders,19.776
CA-2016-169397,Fasteners,0.316950853,Fasteners,5.584
CA-2016-169397,Furnishings,0.316950853,Furnishings,72.704
CA-2016-169397,Machines,0.316950853,Machines,479.988
CA-2016-169397,Paper,0.316950853,Paper,22.704
CA-2016-169537,Labels,0.312938816,Labels,7.5
CA-2016-169572,Binders,0.311935807,Binders,46.62
CA-2016-169656,Storage,0.509528586,Storage,422.856
CA-2016-169677,Labels,0.308926780,Labels,9.82
CA-2016-169733,Storage,0.107321966,Storage,9.952
CA-2016-169740,Accessories,0.707121364,Accessories,29.99
CA-2016-169796,Machines,0.505516550,Machines,"2,321.9"
CA-2016-169796,Storage,0.505516550,Storage,17.94
CA-2017-100041,Binders,0.504513541,Binders,4.91
CA-2017-100041,Paper,0.504513541,Paper,323.63
CA-2017-100083,Paper,0.103309930,Paper,24.784
CA-2017-100153,Accessories,0.101303912,Accessories,63.88
CA-2017-100202,Phones,0.299899699,Phones,302.376
CA-2017-100244,Art,0.898696088,Art,11.76
CA-2017-100244,Binders,0.898696088,Binders,320.624
CA-2017-100244,Paper,0.898696088,Paper,143.31
CA-2017-100300,Appliances,0.697091274,Appliances,241.44
CA-2017-100300,Machines,0.697091274,Machines,"4,476.8"
CA-2017-100300,Paper,0.697091274,Paper,104.85
CA-2017-100307,Paper,0.296890672,Paper,19.44
CA-2017-100468,Furnishings,0.092276830,Furnishings,9.94
CA-2017-100468,Phones,0.092276830,Phones,33.52
CA-2017-100510,Furnishings,0.691073220,Furnishings,10.02
CA-2017-100510,Phones,0.691073220,Phones,631.96
CA-2017-100587,Paper,0.288866600,Paper,6.48
CA-2017-100671,Storage,0.486459378,Storage,111.672
CA-2017-100790,Art,0.683049147,Art,14.7
CA-2017-100790,Storage,0.683049147,Storage,704.25
CA-2017-100944,Chairs,0.878635908,Chairs,563.24
CA-2017-100944,Envelopes,0.878635908,Envelopes,304.9
CA-2017-100965,Furnishings,0.678034102,Furnishings,215.65
CA-2017-100993,Labels,0.077231695,Labels,14.73
CA-2017-100993,Phones,0.077231695,Phones,159.968
CA-2017-100993,Storage,0.077231695,Storage,186.54
CA-2017-100993,Tables,0.077231695,Tables,557.728
CA-2017-101161,Art,0.472417252,Art,34.7
CA-2017-101161,Furnishings,0.472417252,Furnishings,82.26
CA-2017-101161,Labels,0.472417252,Labels,24.9
CA-2017-101161,Paper,0.472417252,Paper,37.94
CA-2017-101161,Storage,0.472417252,Storage,99.87
CA-2017-101168,Furnishings,0.072216650,Furnishings,21.12
CA-2017-101189,Storage,0.871614845,Storage,93.02
CA-2017-101329,Art,0.867602808,Art,35.01
CA-2017-101336,Art,0.467402207,Art,140.75
CA-2017-101336,Storage,0.467402207,Storage,139.06
CA-2017-101343,Storage,0.067201605,Storage,77.88
CA-2017-101378,Accessories,0.066198596,Accessories,29
CA-2017-101385,Art,0.665997994,Art,16.56
CA-2017-101448,Binders,0.064192578,Binders,56.82
CA-2017-101469,Art,0.863590772,Art,7.7
CA-2017-101525,Art,0.661985958,Art,11.16
CA-2017-101525,Paper,0.661985958,Paper,129.36
CA-2017-101546,Binders,0.461384152,Binders,"1,793.98"
CA-2017-101623,Fasteners,0.059177533,Fasteners,36.48
CA-2017-101630,Labels,0.658976931,Labels,8.67
CA-2017-101630,Supplies,0.658976931,Supplies,25.71
CA-2017-101651,Envelopes,0.458375125,Envelopes,39.76
CA-2017-101651,Furnishings,0.458375125,Furnishings,43.96
CA-2017-101672,Chairs,0.257773320,Chairs,915.136
CA-2017-101672,Labels,0.257773320,Labels,6.16
CA-2017-101672,Paper,0.257773320,Paper,106.38
CA-2017-101693,Chairs,0.057171515,Chairs,85.246
CA-2017-101693,Furnishings,0.057171515,Furnishings,32.712
CA-2017-101742,Binders,0.255767302,Binders,10.528
CA-2017-101791,Furnishings,0.454363089,Furnishings,30.76
CA-2017-101791,Storage,0.454363089,Storage,"1,297.368"
CA-2017-101938,Art,0.050150451,Art,34.58
CA-2017-101966,Phones,0.449348044,Phones,419.944
CA-2017-101980,Binders,0.648946841,Binders,448.792
CA-2017-101987,Phones,0.248746239,Phones,440.91
CA-2017-102092,Tables,0.245737212,Tables,"1,056.86"
CA-2017-102127,Accessories,0.244734203,Accessories,160.93
CA-2017-102127,Furnishings,0.244734203,Furnishings,37.74
CA-2017-102134,Furnishings,0.844533601,Furnishings,16.74
CA-2017-102162,Copiers,0.243731194,Copiers,"1,599.92"
CA-2017-102162,Envelopes,0.243731194,Envelopes,11.09
CA-2017-102456,Appliances,0.435305918,Appliances,170.88
CA-2017-102498,Art,0.034102307,Art,73.2
CA-2017-102561,Art,0.432296891,Art,11.264
CA-2017-102561,Paper,0.432296891,Paper,18.496
CA-2017-102561,Storage,0.432296891,Storage,284.08
CA-2017-102596,Fasteners,0.431293882,Fasteners,17.184
CA-2017-102792,Art,0.225677031,Art,9.84
CA-2017-102813,Chairs,0.025075226,Chairs,528.43
CA-2017-102813,Paper,0.025075226,Paper,41.472
CA-2017-102932,Binders,0.221664995,Binders,25.44
CA-2017-102932,Supplies,0.221664995,Supplies,27.93
CA-2017-102981,Accessories,0.420260782,Accessories,31.86
CA-2017-102981,Bookcases,0.420260782,Bookcases,722.352
CA-2017-103037,Labels,0.218655968,Labels,15.712
CA-2017-103107,Furnishings,0.216649950,Furnishings,25.4
CA-2017-103107,Phones,0.216649950,Phones,249.456
CA-2017-103128,Art,0.016048144,Art,14.112
CA-2017-103163,Binders,0.015045135,Binders,4.784
CA-2017-103163,Paper,0.015045135,Paper,4.73
CA-2017-103359,Binders,0.809428285,Binders,25.584
CA-2017-103464,Accessories,0.806419258,Accessories,595
CA-2017-103709,Art,0.799398195,Art,14.88
CA-2017-103709,Paper,0.799398195,Paper,34.24
CA-2017-103709,Storage,0.799398195,Storage,261.74
CA-2017-103730,Binders,0.598796389,Binders,30.84
CA-2017-103730,Envelopes,0.598796389,Envelopes,115.02
CA-2017-103730,Furnishings,0.598796389,Furnishings,47.04
CA-2017-103730,Phones,0.598796389,Phones,68.04
CA-2017-103730,Storage,0.598796389,Storage,226.56
CA-2017-103891,Phones,0.394182548,Phones,95.76
CA-2017-103919,Furnishings,0.793380140,Furnishings,38.08
CA-2017-103947,Appliances,0.192577733,Appliances,30.144
CA-2017-103947,Fasteners,0.192577733,Fasteners,31.56
CA-2017-103982,Accessories,0.191574724,Accessories,41.72
CA-2017-103982,Fasteners,0.191574724,Fasteners,2.304
CA-2017-103982,Phones,0.191574724,Phones,431.976
CA-2017-103982,Supplies,0.191574724,Supplies,"3,930.072"
CA-2017-104150,Accessories,0.586760281,Accessories,167.28
CA-2017-104150,Envelopes,0.586760281,Envelopes,81.54
CA-2017-104157,Paper,0.186559679,Paper,65.5
CA-2017-104157,Storage,0.186559679,Storage,7.89
CA-2017-104157,Tables,0.186559679,Tables,"2,430.08"
CA-2017-104276,Phones,0.383149448,Phones,116.76
CA-2017-104276,Tables,0.383149448,Tables,331.023
CA-2017-104311,Labels,0.382146439,Labels,5.04
CA-2017-104311,Storage,0.382146439,Storage,31.608
CA-2017-104633,Paper,0.972918756,Paper,198.84
CA-2017-104689,Art,0.771313942,Art,23.04
CA-2017-104969,Binders,0.763289870,Binders,121.104
CA-2017-104969,Envelopes,0.763289870,Envelopes,8.872
CA-2017-104983,Paper,0.962888666,Paper,123.92
CA-2017-105018,Binders,0.961885657,Binders,7.16
CA-2017-105081,Chairs,0.360080241,Chairs,698.352
CA-2017-105081,Tables,0.360080241,Tables,"1,747.25"
CA-2017-105207,Binders,0.156469408,Binders,11.88
CA-2017-105207,Tables,0.156469408,Tables,"1,592.85"
CA-2017-105256,Phones,0.355065196,Phones,"1,363.96"
CA-2017-105263,Art,0.954864594,Art,38.34
CA-2017-105277,Binders,0.154463390,Binders,15.528
CA-2017-105284,Fasteners,0.754262788,Fasteners,4.416
CA-2017-105291,Fasteners,0.354062187,Fasteners,3.62
CA-2017-105354,Binders,0.752256770,Binders,115.84
CA-2017-105459,Storage,0.749247743,Storage,"1,591.02"
CA-2017-105459,Tables,0.749247743,Tables,209.148
CA-2017-105473,Supplies,0.948846540,Supplies,28.8
CA-2017-105494,Binders,0.748244734,Binders,70.008
CA-2017-105494,Storage,0.748244734,Storage,155.82
CA-2017-105585,Fasteners,0.545636911,Fasteners,10.23
CA-2017-105585,Paper,0.545636911,Paper,154.9
CA-2017-105662,Paper,0.143430291,Paper,93.248
CA-2017-105662,Phones,0.143430291,Phones,177.48
CA-2017-105732,Appliances,0.141424273,Appliances,378
CA-2017-105732,Furnishings,0.141424273,Furnishings,"1,336.44"
CA-2017-105732,Labels,0.141424273,Labels,14.4
CA-2017-105732,Paper,0.141424273,Paper,35.25
CA-2017-105732,Phones,0.141424273,Phones,179.92
CA-2017-105732,Storage,0.141424273,Storage,413.82
CA-2017-105732,Supplies,0.141424273,Supplies,16.9
CA-2017-105746,Chairs,0.341023069,Chairs,170.786
CA-2017-105753,Furnishings,0.940822467,Furnishings,61.1
CA-2017-105760,Paper,0.540621866,Paper,17.12
CA-2017-105781,Accessories,0.340020060,Accessories,89.97
CA-2017-105781,Chairs,0.340020060,Chairs,326.646
CA-2017-105816,Fasteners,0.339017051,Fasteners,15.26
CA-2017-105816,Phones,0.339017051,Phones,"1,029.95"
CA-2017-105900,Art,0.536609829,Art,33.4
CA-2017-105963,Accessories,0.934804413,Accessories,99.39
CA-2017-106075,Binders,0.531594784,Binders,4.616
CA-2017-106243,Bookcases,0.926780341,Bookcases,523.92
CA-2017-106278,Chairs,0.925777332,Chairs,215.976
CA-2017-106278,Envelopes,0.925777332,Envelopes,65.94
CA-2017-106306,Binders,0.324974925,Binders,9.702
CA-2017-106341,Art,0.323971916,Art,7.152
CA-2017-106383,Bookcases,0.922768305,Bookcases,72.294
CA-2017-106397,Art,0.122367101,Art,45.98
CA-2017-106397,Paper,0.122367101,Paper,12.96
CA-2017-106460,Paper,0.520561685,Paper,70.88
CA-2017-106530,Accessories,0.518555667,Accessories,58.112
CA-2017-106530,Paper,0.518555667,Paper,21.056
CA-2017-106530,Storage,0.518555667,Storage,"1,031.176"
CA-2017-106558,Accessories,0.917753260,Accessories,316
CA-2017-106621,Art,0.315947844,Art,10.496
CA-2017-106656,Envelopes,0.314944835,Envelopes,4.08
CA-2017-106656,Labels,0.314944835,Labels,18.9
CA-2017-106894,Accessories,0.708124373,Accessories,100
CA-2017-106894,Labels,0.708124373,Labels,7.83
CA-2017-106915,Art,0.507522568,Art,17.856
CA-2017-106950,Accessories,0.506519559,Accessories,"1,012.68"
CA-2017-106950,Appliances,0.506519559,Appliances,309.456
CA-2017-106950,Art,0.506519559,Art,19.456
CA-2017-106950,Binders,0.506519559,Binders,40.131
CA-2017-106950,Tables,0.506519559,Tables,472.518
CA-2017-107104,Appliances,0.702106319,Appliances,64.96
CA-2017-107104,Art,0.702106319,Art,37.17
CA-2017-107104,Bookcases,0.702106319,Bookcases,"3,406.664"
CA-2017-107104,Furnishings,0.702106319,Furnishings,595.38
CA-2017-107146,Chairs,0.300902708,Chairs,483.136
CA-2017-107146,Furnishings,0.300902708,Furnishings,266.352
CA-2017-107202,Machines,0.099297894,Machines,"2,396.4"
CA-2017-107216,Accessories,0.298896690,Accessories,29.29
CA-2017-107216,Art,0.298896690,Art,15.68
CA-2017-107216,Furnishings,0.298896690,Furnishings,8.73
CA-2017-107328,Appliances,0.895687061,Appliances,487.92
CA-2017-107328,Binders,0.895687061,Binders,15.24
CA-2017-107328,Tables,0.895687061,Tables,513.024
CA-2017-107475,Fasteners,0.491474423,Fasteners,9.648
CA-2017-107615,Accessories,0.487462387,Accessories,58.58
CA-2017-107783,Appliances,0.882647944,Appliances,9.48
CA-2017-107783,Binders,0.882647944,Binders,"1,369.764"
CA-2017-107783,Bookcases,0.882647944,Bookcases,177.45
CA-2017-107790,Phones,0.482447342,Phones,151.192
CA-2017-108056,Phones,0.274824473,Phones,859.2
CA-2017-108105,Binders,0.473420261,Binders,5.8
CA-2017-108105,Furnishings,0.473420261,Furnishings,318.08
CA-2017-108196,Accessories,0.270812437,Accessories,59.976
CA-2017-108196,Binders,0.270812437,Binders,456.588
CA-2017-108196,Machines,0.270812437,Machines,"4,499.985"
CA-2017-108210,Accessories,0.470411234,Accessories,223.96
CA-2017-108210,Phones,0.470411234,Phones,79.96
CA-2017-108224,Accessories,0.670010030,Accessories,185.528
CA-2017-108350,Paper,0.466399198,Paper,105.52
CA-2017-108364,Binders,0.665997994,Binders,1.8
CA-2017-108434,Storage,0.663991976,Storage,465.18
CA-2017-108567,Binders,0.060180542,Binders,2.694
CA-2017-108581,Accessories,0.259779338,Accessories,95.968
CA-2017-108581,Paper,0.259779338,Paper,10.368
CA-2017-108616,Accessories,0.258776329,Accessories,209.97
CA-2017-108616,Art,0.258776329,Art,25.92
CA-2017-108616,Binders,0.258776329,Binders,62.94
CA-2017-108630,Binders,0.458375125,Binders,61.12
CA-2017-108644,Binders,0.657973922,Binders,1.964
CA-2017-108735,Bookcases,0.455366098,Bookcases,257.499
CA-2017-108868,Art,0.851554664,Art,70.368
CA-2017-108868,Phones,0.851554664,Phones,59.96
CA-2017-108875,Furnishings,0.451354062,Furnishings,21.44
CA-2017-108875,Storage,0.451354062,Storage,511.056
CA-2017-108882,Accessories,0.051153460,Accessories,349.95
CA-2017-108882,Phones,0.051153460,Phones,377.928
CA-2017-108959,Storage,0.648946841,Storage,104.696
CA-2017-108987,Accessories,0.048144433,Accessories,57.584
CA-2017-108987,Bookcases,0.048144433,Bookcases,"2,396.2656"
CA-2017-108987,Storage,0.048144433,Storage,167.088
CA-2017-109057,Storage,0.046138415,Storage,23.952
CA-2017-109176,Art,0.242728185,Art,79.36
CA-2017-109176,Envelopes,0.242728185,Envelopes,9.344
CA-2017-109344,Phones,0.637913741,Phones,"1,127.976"
CA-2017-109365,Appliances,0.437311936,Appliances,43.32
CA-2017-109365,Binders,0.437311936,Binders,52.88
CA-2017-109365,Fasteners,0.437311936,Fasteners,15.26
CA-2017-109365,Paper,0.437311936,Paper,450.27
CA-2017-109400,Chairs,0.436308927,Chairs,366.744
CA-2017-109407,Binders,0.036108325,Binders,31.36
CA-2017-109652,Art,0.029087262,Art,13.568
CA-2017-109666,Art,0.228686058,Art,75.24
CA-2017-109666,Binders,0.228686058,Binders,9.28
CA-2017-109666,Phones,0.228686058,Phones,25.98
CA-2017-109666,Storage,0.228686058,Storage,459.88
CA-2017-109666,Supplies,0.228686058,Supplies,62.66
CA-2017-109722,Phones,0.027081244,Phones,699.98
CA-2017-109722,Storage,0.027081244,Storage,584.82
CA-2017-109743,Art,0.826479438,Art,40.776
CA-2017-109743,Phones,0.826479438,Phones,63.936
CA-2017-109806,Art,0.224674022,Art,20.1
CA-2017-109806,Paper,0.224674022,Paper,6.48
CA-2017-109806,Phones,0.224674022,Phones,73.584
CA-2017-109820,Binders,0.424272818,Binders,17.055
CA-2017-109820,Paper,0.424272818,Paper,15.696
CA-2017-109827,Accessories,0.024072217,Accessories,145.92
CA-2017-109827,Chairs,0.024072217,Chairs,47.968
CA-2017-109827,Machines,0.024072217,Machines,269.97
CA-2017-109827,Tables,0.024072217,Tables,35.445
CA-2017-109869,Appliances,0.622868606,Appliances,78.272
CA-2017-109869,Binders,0.622868606,Binders,28.485
CA-2017-109869,Furnishings,0.622868606,Furnishings,23.56
CA-2017-109869,Supplies,0.622868606,Supplies,185.376
CA-2017-109869,Tables,0.622868606,Tables,"1,272.63"
CA-2017-109911,Art,0.221664995,Art,10.96
CA-2017-109925,Storage,0.421263791,Storage,84.84
CA-2017-109953,Appliances,0.820461384,Appliances,151.62
CA-2017-109953,Furnishings,0.820461384,Furnishings,30.8
CA-2017-109953,Phones,0.820461384,Phones,110.376
CA-2017-110009,Furnishings,0.618856570,Furnishings,43.13
CA-2017-110009,Paper,0.618856570,Paper,30.87
CA-2017-110023,Binders,0.818455366,Binders,14.624
CA-2017-110044,Phones,0.617853561,Phones,359.976
CA-2017-110086,Phones,0.216649950,Phones,239.984
CA-2017-110254,Furnishings,0.611835507,Furnishings,109.8
CA-2017-110254,Labels,0.611835507,Labels,13.95
CA-2017-110254,Supplies,0.611835507,Supplies,35.06
CA-2017-110366,Furnishings,0.208625878,Furnishings,82.8
CA-2017-110492,Binders,0.005015045,Binders,15.92
CA-2017-110492,Storage,0.005015045,Storage,"1,350.12"
CA-2017-110499,Copiers,0.604814443,Copiers,"1,199.976"
CA-2017-110730,Supplies,0.398194584,Supplies,13.68
CA-2017-110772,Accessories,0.996990973,Accessories,255.984
CA-2017-110772,Bookcases,0.996990973,Bookcases,86.97
CA-2017-110772,Fasteners,0.996990973,Fasteners,19.096
CA-2017-110772,Labels,0.996990973,Labels,18.496
CA-2017-110898,Appliances,0.793380140,Appliances,2.334
CA-2017-110898,Binders,0.793380140,Binders,1.728
CA-2017-110898,Furnishings,0.793380140,Furnishings,159.04
CA-2017-110898,Tables,0.793380140,Tables,145.98
CA-2017-110975,Chairs,0.391173521,Chairs,866.646
CA-2017-110975,Tables,0.391173521,Tables,313.176
CA-2017-110982,Appliances,0.990972919,Appliances,58.24
CA-2017-110982,Binders,0.990972919,Binders,21.552
CA-2017-111010,Fasteners,0.390170512,Fasteners,7.56
CA-2017-111115,Fasteners,0.387161484,Fasteners,21.48
CA-2017-111143,Appliances,0.786359077,Appliances,54.96
CA-2017-111213,Binders,0.784353059,Binders,3.592
CA-2017-111213,Chairs,0.784353059,Chairs,"1,317.492"
CA-2017-111213,Supplies,0.784353059,Supplies,63.84
CA-2017-111283,Art,0.782347041,Art,111.104
CA-2017-111318,Phones,0.781344032,Phones,115.136
CA-2017-111409,Labels,0.578736209,Labels,3
CA-2017-111416,Binders,0.178535607,Binders,232.4
CA-2017-111493,Accessories,0.776328987,Accessories,98.16
CA-2017-111605,Labels,0.373119358,Labels,2.61
CA-2017-111682,Accessories,0.970912738,Accessories,30
CA-2017-111682,Art,0.970912738,Art,1.68
CA-2017-111682,Binders,0.970912738,Binders,48.48
CA-2017-111682,Chairs,0.970912738,Chairs,319.41
CA-2017-111682,Paper,0.970912738,Paper,46.96
CA-2017-111682,Storage,0.970912738,Storage,208.56
CA-2017-111696,Paper,0.170511535,Paper,17.94
CA-2017-111794,Accessories,0.567703109,Accessories,79.512
CA-2017-111794,Paper,0.567703109,Paper,28.352
CA-2017-111913,Binders,0.764292879,Binders,32.736
CA-2017-111913,Phones,0.764292879,Phones,302.384
CA-2017-111941,Binders,0.163490471,Binders,33.568
CA-2017-111976,Fasteners,0.162487462,Fasteners,5.984
CA-2017-111976,Phones,0.162487462,Phones,108.576
CA-2017-112025,Binders,0.361083250,Binders,9.264
CA-2017-112060,Paper,0.360080241,Paper,104.85
CA-2017-112102,Envelopes,0.958876630,Envelopes,63.9
CA-2017-112102,Paper,0.958876630,Paper,40.99
CA-2017-112102,Tables,0.958876630,Tables,343.92
CA-2017-112109,Binders,0.558676028,Binders,28.704
CA-2017-112109,Chairs,0.558676028,Chairs,662.88
CA-2017-112109,Storage,0.558676028,Storage,33.488
CA-2017-112123,Binders,0.758274824,Binders,447.86
CA-2017-112123,Paper,0.758274824,Paper,166.44
CA-2017-112123,Phones,0.758274824,Phones,479.95
CA-2017-112256,Art,0.154463390,Art,180.368
CA-2017-112256,Binders,0.154463390,Binders,4.752
CA-2017-112256,Paper,0.154463390,Paper,5.184
CA-2017-112256,Supplies,0.154463390,Supplies,13.344
CA-2017-112277,Phones,0.953861585,Phones,519.68
CA-2017-112340,Paper,0.352056169,Paper,22.92
CA-2017-112382,Phones,0.950852558,Phones,19.136
CA-2017-112389,Appliances,0.550651956,Appliances,11.67
CA-2017-112389,Storage,0.550651956,Storage,40.74
CA-2017-112578,Storage,0.745235707,Storage,14.03
CA-2017-112578,Supplies,0.745235707,Supplies,27.96
CA-2017-112585,Appliances,0.345035105,Appliances,715.64
CA-2017-112669,Chairs,0.542627884,Chairs,933.536
CA-2017-112669,Storage,0.542627884,Storage,42.976
CA-2017-112676,Paper,0.142427282,Paper,14.352
CA-2017-112697,Appliances,0.941825476,Appliances,194.528
CA-2017-112697,Binders,0.941825476,Binders,254.058
CA-2017-112697,Supplies,0.941825476,Supplies,961.48
CA-2017-112739,Accessories,0.540621866,Accessories,159.56
CA-2017-112739,Binders,0.540621866,Binders,8.608
CA-2017-112830,Furnishings,0.338014042,Furnishings,548.96
CA-2017-112893,Binders,0.736208626,Binders,55.36
CA-2017-112942,Paper,0.934804413,Paper,146.82
CA-2017-113061,Furnishings,0.131394183,Furnishings,86.62
CA-2017-113082,Furnishings,0.930792377,Furnishings,40.48
CA-2017-113096,Storage,0.130391174,Storage,46.53
CA-2017-113117,Paper,0.929789368,Paper,32.4
CA-2017-113138,Art,0.729187563,Art,17.28
CA-2017-113138,Binders,0.729187563,Binders,17.712
CA-2017-113236,Accessories,0.126379137,Accessories,47.92
CA-2017-113236,Storage,0.126379137,Storage,184.704
CA-2017-113243,Labels,0.726178536,Labels,20.7
CA-2017-113243,Paper,0.726178536,Paper,32.4
CA-2017-113243,Tables,0.726178536,Tables,"1,335.68"
CA-2017-113292,Appliances,0.924774323,Appliances,871.8
CA-2017-113341,Chairs,0.123370110,Chairs,194.352
CA-2017-113390,Art,0.321965898,Art,33.064
CA-2017-113425,Bookcases,0.320962889,Bookcases,113.568
CA-2017-113516,Binders,0.118355065,Binders,100.16
CA-2017-113551,Binders,0.117352056,Binders,2.068
CA-2017-113551,Paper,0.117352056,Paper,83.84
CA-2017-113600,Binders,0.315947844,Binders,2.214
CA-2017-113607,Paper,0.915747242,Paper,111.96
CA-2017-113607,Phones,0.915747242,Phones,"1,091.93"
CA-2017-113621,Chairs,0.115346038,Chairs,172.5
CA-2017-113621,Phones,0.115346038,Phones,179.97
CA-2017-113656,Furnishings,0.114343029,Furnishings,59.99
CA-2017-113726,Furnishings,0.112337011,Furnishings,82.26
CA-2017-113733,Accessories,0.712136409,Accessories,84.672
CA-2017-113733,Phones,0.712136409,Phones,249.584
CA-2017-113747,Art,0.911735206,Art,185.88
CA-2017-113803,Paper,0.710130391,Paper,22.48
CA-2017-113817,Binders,0.909729188,Binders,27.68
CA-2017-113831,Accessories,0.109327984,Accessories,"1,979.7"
CA-2017-113831,Labels,0.109327984,Labels,62.1
CA-2017-113831,Tables,0.109327984,Tables,"2,275.5"
CA-2017-113845,Bookcases,0.308926780,Bookcases,289.568
CA-2017-113845,Phones,0.308926780,Phones,244.768
CA-2017-113845,Storage,0.308926780,Storage,39.72
CA-2017-113978,Appliances,0.705115346,Appliances,286.256
CA-2017-113978,Storage,0.705115346,Storage,355.76
CA-2017-114104,Labels,0.501504514,Labels,14.62
CA-2017-114104,Phones,0.501504514,Phones,944.93
CA-2017-114209,Binders,0.498495486,Binders,1.964
CA-2017-114209,Paper,0.498495486,Paper,82.656
CA-2017-114307,Appliances,0.895687061,Appliances,37.68
CA-2017-114307,Binders,0.895687061,Binders,5.4
CA-2017-114307,Furnishings,0.895687061,Furnishings,27.42
CA-2017-114307,Paper,0.895687061,Paper,51.84
CA-2017-114405,Appliances,0.292878636,Appliances,33.528
CA-2017-114405,Storage,0.292878636,Storage,36.744
CA-2017-114482,Paper,0.890672016,Paper,40.46
CA-2017-114482,Phones,0.890672016,Phones,404.94
CA-2017-114489,Binders,0.490471414,Binders,171.55
CA-2017-114489,Chairs,0.490471414,Chairs,"1,951.84"
CA-2017-114489,Phones,0.490471414,Phones,534.42
CA-2017-114538,Art,0.689067202,Art,11.328
CA-2017-114601,Accessories,0.087261785,Accessories,479.97
CA-2017-114601,Art,0.087261785,Art,8.64
CA-2017-114601,Paper,0.087261785,Paper,11.56
CA-2017-114601,Phones,0.087261785,Phones,209.97
CA-2017-114601,Tables,0.087261785,Tables,447.84
CA-2017-114713,Supplies,0.684052156,Supplies,45.584
CA-2017-114727,Binders,0.883650953,Binders,1.872
CA-2017-114727,Chairs,0.883650953,Chairs,"1,398.36"
CA-2017-114727,Storage,0.883650953,Storage,931.608
CA-2017-114748,Art,0.683049147,Art,1.408
CA-2017-114748,Furnishings,0.683049147,Furnishings,169.568
CA-2017-114860,Furnishings,0.279839519,Furnishings,884.68
CA-2017-114867,Paper,0.879638917,Paper,7.968
CA-2017-114867,Phones,0.879638917,Phones,"1,499.97"
CA-2017-114895,Paper,0.278836510,Paper,12.96
CA-2017-114944,Paper,0.477432297,Paper,156.512
CA-2017-114951,Furnishings,0.077231695,Furnishings,22.14
CA-2017-114972,Accessories,0.876629890,Accessories,82.95
CA-2017-114972,Appliances,0.876629890,Appliances,"1,101.48"
CA-2017-114972,Chairs,0.876629890,Chairs,217.584
CA-2017-114972,Labels,0.876629890,Labels,87.71
CA-2017-115224,Storage,0.469408225,Storage,386.43
CA-2017-115378,Chairs,0.664994985,Chairs,301.96
CA-2017-115476,Binders,0.062186560,Binders,32.54
CA-2017-115476,Phones,0.062186560,Phones,129.98
CA-2017-115483,Paper,0.661985958,Paper,219.84
CA-2017-115504,Paper,0.461384152,Paper,12.96
CA-2017-115525,Appliances,0.260782347,Appliances,243.88
CA-2017-115574,Bookcases,0.459378134,Bookcases,141.372
CA-2017-115588,Storage,0.658976931,Storage,38.976
CA-2017-115588,Supplies,0.658976931,Supplies,14.72
CA-2017-115756,Chairs,0.054162487,Chairs,242.94
CA-2017-115756,Furnishings,0.054162487,Furnishings,12.22
CA-2017-115756,Labels,0.054162487,Labels,22.05
CA-2017-115756,Paper,0.054162487,Paper,91.36
CA-2017-115756,Storage,0.054162487,Storage,265.89
CA-2017-115917,Binders,0.849548646,Binders,15.424
CA-2017-115917,Furnishings,0.849548646,Furnishings,"1,049.2"
CA-2017-116232,Binders,0.840521565,Binders,7.506
CA-2017-116232,Labels,0.840521565,Labels,16.56
CA-2017-116337,Furnishings,0.837512538,Furnishings,44.46
CA-2017-116337,Storage,0.837512538,Storage,314.088
CA-2017-116344,Storage,0.437311936,Storage,84.784
CA-2017-116379,Binders,0.436308927,Binders,57.584
CA-2017-116526,Appliances,0.032096289,Appliances,376.74
CA-2017-116526,Art,0.032096289,Art,11.96
CA-2017-116526,Binders,0.032096289,Binders,80.02
CA-2017-116526,Phones,0.032096289,Phones,8.78
CA-2017-116540,Binders,0.231695085,Binders,8.26
CA-2017-116540,Fasteners,0.231695085,Fasteners,1.81
CA-2017-116547,Accessories,0.831494483,Accessories,69.98
CA-2017-116547,Furnishings,0.831494483,Furnishings,79.92
CA-2017-116561,Binders,0.031093280,Binders,39.872
CA-2017-116561,Storage,0.031093280,Storage,332.94
CA-2017-116596,Binders,0.030090271,Binders,9.728
CA-2017-116596,Chairs,0.030090271,Chairs,427.644
CA-2017-116596,Fasteners,0.030090271,Fasteners,40.67
CA-2017-116596,Storage,0.030090271,Storage,33.48
CA-2017-116603,Appliances,0.629889669,Appliances,45.96
CA-2017-116722,Binders,0.826479438,Binders,31.504
CA-2017-116722,Chairs,0.826479438,Chairs,451.152
CA-2017-116722,Furnishings,0.826479438,Furnishings,41.96
CA-2017-116736,Accessories,0.026078235,Accessories,401.96
CA-2017-116736,Furnishings,0.026078235,Furnishings,322.59
CA-2017-116764,Labels,0.425275827,Labels,9.216
CA-2017-116799,Chairs,0.424272818,Chairs,563.43
CA-2017-116799,Paper,0.424272818,Paper,42.784
CA-2017-116911,Binders,0.021063190,Binders,20.416
CA-2017-116911,Tables,0.021063190,Tables,"1,128.39"
CA-2017-116918,Art,0.620862588,Art,30.976
CA-2017-116918,Binders,0.620862588,Binders,5.388
CA-2017-116974,Phones,0.419257773,Phones,23.976
CA-2017-117121,Binders,0.015045135,Binders,"9,892.74"
CA-2017-117226,Binders,0.012036108,Binders,6.924
CA-2017-117282,Binders,0.810431294,Binders,14.16
CA-2017-117408,Storage,0.606820461,Storage,23.968
CA-2017-117583,Art,0.601805416,Art,34.65
CA-2017-117583,Binders,0.601805416,Binders,79.95
CA-2017-117583,Paper,0.601805416,Paper,230.87
CA-2017-117590,Furnishings,0.201604814,Furnishings,190.92
CA-2017-117590,Phones,0.201604814,Phones,"1,097.544"
CA-2017-117604,Paper,0.401203611,Paper,239.5
CA-2017-117625,Envelopes,0.200601805,Envelopes,7.072
CA-2017-117660,Labels,0.199598796,Labels,5.904
CA-2017-117660,Supplies,0.199598796,Supplies,13.712
CA-2017-117681,Bookcases,0.998996991,Bookcases,556.665
CA-2017-117849,Paper,0.394182548,Paper,143.7
CA-2017-117912,Furnishings,0.792377131,Furnishings,14.368
CA-2017-117919,Paper,0.392176530,Paper,79.92
CA-2017-117919,Storage,0.392176530,Storage,14.16
CA-2017-118052,Fasteners,0.788365095,Fasteners,7.216
CA-2017-118052,Furnishings,0.788365095,Furnishings,54.712
CA-2017-118052,Paper,0.788365095,Paper,49.568
CA-2017-118073,Tables,0.587763290,Tables,562.2925
CA-2017-118101,Binders,0.986960883,Binders,8.02
CA-2017-118101,Paper,0.986960883,Paper,368.91
CA-2017-118101,Storage,0.986960883,Storage,171.04
CA-2017-118129,Furnishings,0.386158475,Furnishings,303.92
CA-2017-118178,Binders,0.584754263,Binders,31.086
CA-2017-118255,Accessories,0.182547643,Accessories,45.98
CA-2017-118255,Binders,0.182547643,Binders,17.46
CA-2017-118311,Accessories,0.980942828,Accessories,450
CA-2017-118332,Chairs,0.780341023,Chairs,563.92
CA-2017-118500,Supplies,0.175526580,Supplies,49.5
CA-2017-118514,Chairs,0.375125376,Chairs,866.4
CA-2017-118570,Paper,0.173520562,Paper,217.056
CA-2017-118626,Phones,0.971915747,Phones,705.544
CA-2017-118689,Art,0.370110331,Art,33.96
CA-2017-118689,Binders,0.370110331,Binders,770.35
CA-2017-118689,Copiers,0.370110331,Copiers,"17,499.95"
CA-2017-118689,Storage,0.370110331,Storage,32.48
CA-2017-118745,Tables,0.168505517,Tables,902.712
CA-2017-118759,Chairs,0.368104313,Chairs,408.006
CA-2017-118759,Storage,0.368104313,Storage,40.44
CA-2017-118899,Chairs,0.364092277,Chairs,167.888
CA-2017-118913,Appliances,0.563691073,Appliances,60.81
CA-2017-118934,Binders,0.363089268,Binders,16.218
CA-2017-118969,Binders,0.362086259,Binders,54.792
CA-2017-119018,Binders,0.560682046,Binders,11.888
CA-2017-119018,Paper,0.560682046,Paper,38.88
CA-2017-119025,Appliances,0.160481444,Appliances,490.32
CA-2017-119074,Binders,0.359077232,Binders,32.54
CA-2017-119074,Furnishings,0.359077232,Furnishings,60.16
CA-2017-119123,Binders,0.557673019,Binders,51.184
CA-2017-119165,Chairs,0.156469408,Chairs,492.835
CA-2017-119186,Accessories,0.955867603,Accessories,63.992
CA-2017-119186,Chairs,0.955867603,Chairs,388.43
CA-2017-119186,Paper,0.955867603,Paper,24.72
CA-2017-119445,Storage,0.148445336,Storage,14.9
CA-2017-119515,Paper,0.146439318,Paper,15.552
CA-2017-119641,Furnishings,0.942828485,Furnishings,18.96
CA-2017-119683,Envelopes,0.541624875,Envelopes,29.34
CA-2017-119823,Paper,0.537612839,Paper,75.88
CA-2017-119865,Binders,0.136409228,Binders,222.704
CA-2017-119865,Bookcases,0.136409228,Bookcases,353.568
CA-2017-119935,Binders,0.134403210,Binders,81.96
CA-2017-119935,Furnishings,0.134403210,Furnishings,37.3
CA-2017-119963,Art,0.533600802,Art,6.368
CA-2017-119963,Chairs,0.533600802,Chairs,255.108
CA-2017-119963,Labels,0.533600802,Labels,48.848
CA-2017-119963,Paper,0.533600802,Paper,19.648
CA-2017-120005,Furnishings,0.132397192,Furnishings,35.28
CA-2017-120005,Supplies,0.132397192,Supplies,25.35
CA-2017-120082,Art,0.730190572,Art,59.52
CA-2017-120180,Supplies,0.127382146,Supplies,11.632
CA-2017-120250,Furnishings,0.125376128,Furnishings,25.632
CA-2017-120257,Art,0.725175527,Art,7.872
CA-2017-120355,Chairs,0.122367101,Chairs,631.782
CA-2017-120355,Furnishings,0.122367101,Furnishings,60.72
CA-2017-120369,Furnishings,0.321965898,Furnishings,756.8
CA-2017-120530,Chairs,0.117352056,Chairs,658.746
CA-2017-120558,Paper,0.516549649,Paper,32.4
CA-2017-120796,Binders,0.909729188,Binders,99.846
CA-2017-120803,Accessories,0.509528586,Accessories,199.75
CA-2017-120824,Appliances,0.308926780,Appliances,64.384
CA-2017-120824,Art,0.308926780,Art,11.264
CA-2017-120824,Binders,0.308926780,Binders,1.524
CA-2017-120824,Chairs,0.308926780,Chairs,379.372
CA-2017-120824,Furnishings,0.308926780,Furnishings,6.984
CA-2017-120824,Paper,0.308926780,Paper,15.552
CA-2017-120824,Storage,0.308926780,Storage,67.536
CA-2017-120859,Envelopes,0.307923771,Envelopes,21.88
CA-2017-120873,Chairs,0.507522568,Chairs,290.98
CA-2017-121020,Phones,0.103309930,Phones,239.976
CA-2017-121034,Fasteners,0.302908726,Fasteners,11.168
CA-2017-121034,Paper,0.302908726,Paper,53.952
CA-2017-121223,Paper,0.497492477,Paper,8.448
CA-2017-121223,Phones,0.497492477,Phones,728.946
CA-2017-121356,Binders,0.893681043,Binders,128.4
CA-2017-121370,Chairs,0.093279840,Chairs,380.058
CA-2017-121370,Copiers,0.093279840,Copiers,"1,199.976"
CA-2017-121370,Furnishings,0.093279840,Furnishings,48.576
CA-2017-121377,Phones,0.693079238,Phones,286.4
CA-2017-121447,Furnishings,0.691073220,Furnishings,135.8
CA-2017-121601,Envelopes,0.886659980,Envelopes,59.752
CA-2017-121671,Paper,0.884653962,Paper,81.41
CA-2017-121671,Storage,0.884653962,Storage,508.11
CA-2017-121748,Accessories,0.482447342,Accessories,459.98
CA-2017-121755,Accessories,0.082246740,Accessories,90.57
CA-2017-121755,Binders,0.082246740,Binders,11.648
CA-2017-121958,Supplies,0.476429288,Supplies,52.136
CA-2017-121993,Labels,0.475426279,Labels,23.616
CA-2017-122017,Appliances,0.103309930,Appliances,81.96
CA-2017-122017,Furnishings,0.103309930,Furnishings,70.56
CA-2017-122063,Chairs,0.473420261,Chairs,29.98
CA-2017-122063,Tables,0.473420261,Tables,581.96
CA-2017-122133,Storage,0.471414243,Storage,552.56
CA-2017-122322,Supplies,0.665997994,Supplies,44.4
CA-2017-122392,Art,0.663991976,Art,4.16
CA-2017-122392,Furnishings,0.663991976,Furnishings,11.648
CA-2017-122448,Chairs,0.462387161,Chairs,122.352
CA-2017-122511,Furnishings,0.860581745,Furnishings,30.336
CA-2017-122518,Labels,0.460381143,Labels,10.08
CA-2017-122581,Chairs,0.858575727,Chairs,573.174
CA-2017-122728,Paper,0.454363089,Paper,17.94
CA-2017-122728,Storage,0.454363089,Storage,104.28
CA-2017-122903,Chairs,0.449348044,Chairs,"3,504.9"
CA-2017-122903,Paper,0.449348044,Paper,458.67
CA-2017-123015,Binders,0.046138415,Binders,4.992
CA-2017-123050,Accessories,0.045135406,Accessories,89.97
CA-2017-123050,Furnishings,0.045135406,Furnishings,82.64
CA-2017-123050,Storage,0.045135406,Storage,31.02
CA-2017-123120,Binders,0.043129388,Binders,60.6
CA-2017-123120,Furnishings,0.043129388,Furnishings,63.94
CA-2017-123120,Supplies,0.043129388,Supplies,22.72
CA-2017-123176,Art,0.841524574,Art,13.89
CA-2017-123176,Paper,0.841524574,Paper,17.94
CA-2017-123274,Furnishings,0.238716148,Furnishings,44.46
CA-2017-123274,Storage,0.238716148,Storage,242.94
CA-2017-123337,Appliances,0.636910732,Appliances,17.48
CA-2017-123337,Bookcases,0.636910732,Bookcases,273.666
CA-2017-123358,Appliances,0.436308927,Appliances,113.76
CA-2017-123358,Binders,0.436308927,Binders,48.032
CA-2017-123358,Storage,0.436308927,Storage,730.17
CA-2017-123414,Labels,0.234704112,Labels,9.216
CA-2017-123414,Supplies,0.234704112,Supplies,28.048
CA-2017-123512,Bookcases,0.631895687,Bookcases,239.666
CA-2017-123512,Labels,0.631895687,Labels,22.5
CA-2017-123512,Paper,0.631895687,Paper,219.84
CA-2017-123526,Paper,0.831494483,Paper,33.4
CA-2017-123533,Appliances,0.431293882,Appliances,42.384
CA-2017-123533,Bookcases,0.431293882,Bookcases,339.92
CA-2017-123533,Paper,0.431293882,Paper,10.528
CA-2017-123540,Chairs,0.031093280,Chairs,"1,454.9"
CA-2017-123617,Binders,0.628886660,Binders,7.434
CA-2017-123666,Storage,0.827482447,Storage,459.95
CA-2017-123722,Labels,0.625877633,Labels,15.936
CA-2017-123806,Furnishings,0.823470411,Furnishings,207.76
CA-2017-123932,Paper,0.619859579,Paper,41.92
CA-2017-123932,Phones,0.619859579,Phones,329.584
CA-2017-123946,Accessories,0.819458375,Accessories,20.7
CA-2017-123946,Chairs,0.819458375,Chairs,"1,059.12"
CA-2017-123946,Fasteners,0.819458375,Fasteners,11.34
CA-2017-123946,Storage,0.819458375,Storage,67.9
CA-2017-124016,Binders,0.817452357,Binders,12.201
CA-2017-124016,Furnishings,0.817452357,Furnishings,28
CA-2017-124016,Paper,0.817452357,Paper,11.952
CA-2017-124051,Paper,0.816449348,Paper,186.048
CA-2017-124100,Chairs,0.015045135,Chairs,327.996
CA-2017-124149,Paper,0.213640923,Paper,186.64
CA-2017-124149,Storage,0.213640923,Storage,55.92
CA-2017-124233,Furnishings,0.411233701,Furnishings,24.7
CA-2017-124254,Paper,0.210631896,Paper,10.272
CA-2017-124254,Storage,0.210631896,Storage,181.536
CA-2017-124352,Appliances,0.607823470,Appliances,868.59
CA-2017-124352,Binders,0.607823470,Binders,121.6
CA-2017-124352,Labels,0.607823470,Labels,49.62
CA-2017-124352,Paper,0.607823470,Paper,12.96
CA-2017-124352,Phones,0.607823470,Phones,5.5
CA-2017-124485,Accessories,0.004012036,Accessories,88.4
CA-2017-124485,Binders,0.004012036,Binders,17.216
CA-2017-124485,Paper,0.004012036,Paper,18.04
CA-2017-124506,Accessories,0.803410231,Accessories,95.968
CA-2017-124506,Chairs,0.803410231,Chairs,47.992
CA-2017-124527,Binders,0.602808425,Binders,8.32
CA-2017-124562,Binders,0.601805416,Binders,12.957
CA-2017-124583,Envelopes,0.401203611,Envelopes,12.78
CA-2017-124590,Appliances,0.001003009,Appliances,110.096
CA-2017-124590,Chairs,0.001003009,Chairs,"3,461.248"
CA-2017-124590,Fasteners,0.001003009,Fasteners,16.752
CA-2017-124667,Accessories,0.598796389,Accessories,59.97
CA-2017-124667,Storage,0.598796389,Storage,83.36
CA-2017-124681,Accessories,0.798395186,Accessories,15.576
CA-2017-124772,Furnishings,0.595787362,Furnishings,191.82
CA-2017-124793,Chairs,0.395185557,Chairs,196.784
CA-2017-124814,Binders,0.194583751,Binders,23.2
CA-2017-124814,Paper,0.194583751,Paper,12.96
CA-2017-125017,Furnishings,0.588766299,Furnishings,132.224
CA-2017-125080,Tables,0.986960883,Tables,661.176
CA-2017-125087,Chairs,0.586760281,Chairs,344.372
CA-2017-125087,Furnishings,0.586760281,Furnishings,127.88
CA-2017-125087,Storage,0.586760281,Storage,"1,554.936"
CA-2017-125094,Accessories,0.186559679,Accessories,479.72
CA-2017-125164,Binders,0.184553661,Binders,70.216
CA-2017-125206,Storage,0.783350050,Storage,114.46
CA-2017-125220,Accessories,0.982948847,Accessories,"1,649.75"
CA-2017-125318,Phones,0.380140421,Phones,328.224
CA-2017-125661,Accessories,0.770310933,Accessories,139.96
CA-2017-125661,Envelopes,0.770310933,Envelopes,40.752
CA-2017-125724,Furnishings,0.168505517,Furnishings,68.432
CA-2017-125738,Binders,0.368104313,Binders,41.72
CA-2017-125738,Paper,0.368104313,Paper,177.4
CA-2017-125794,Accessories,0.166499498,Accessories,36.24
CA-2017-125815,Art,0.965897693,Art,12.42
CA-2017-125843,Binders,0.365095286,Binders,22.32
CA-2017-125843,Labels,0.365095286,Labels,103.6
CA-2017-125850,Labels,0.964894684,Labels,65.05
CA-2017-125920,Binders,0.962888666,Binders,3.798
CA-2017-126004,Accessories,0.160481444,Accessories,78.15
CA-2017-126004,Binders,0.160481444,Binders,1.728
CA-2017-126004,Furnishings,0.160481444,Furnishings,113.79
CA-2017-126004,Paper,0.160481444,Paper,40.56
CA-2017-126004,Storage,0.160481444,Storage,376.8
CA-2017-126102,Binders,0.557673019,Binders,276.784
CA-2017-126158,Binders,0.356068205,Binders,119.616
CA-2017-126158,Chairs,0.356068205,Chairs,241.568
CA-2017-126158,Furnishings,0.356068205,Furnishings,325.06
CA-2017-126165,Tables,0.955867603,Tables,71.088
CA-2017-126270,Binders,0.952858576,Binders,18.088
CA-2017-126270,Envelopes,0.952858576,Envelopes,71.97
CA-2017-126284,Binders,0.152457372,Binders,83.7
CA-2017-126529,Paper,0.145436309,Paper,78.864
CA-2017-126529,Phones,0.145436309,Phones,15.588
CA-2017-126543,Furnishings,0.345035105,Furnishings,15.168
CA-2017-126613,Storage,0.343029087,Storage,16.768
CA-2017-126627,Binders,0.542627884,Binders,16.392
CA-2017-126627,Furnishings,0.542627884,Furnishings,14
CA-2017-126732,Art,0.539618857,Art,18.69
CA-2017-126732,Binders,0.539618857,Binders,7.312
CA-2017-126732,Furnishings,0.539618857,Furnishings,94.68
CA-2017-126732,Phones,0.539618857,Phones,"1,091.168"
CA-2017-126732,Storage,0.539618857,Storage,23.67
CA-2017-126732,Tables,0.539618857,Tables,568.728
CA-2017-126795,Binders,0.937813440,Binders,33.568
CA-2017-126809,Binders,0.137412237,Binders,35.352
CA-2017-126858,Furnishings,0.336008024,Furnishings,31.96
CA-2017-126935,Binders,0.933801404,Binders,9.584
CA-2017-127138,Appliances,0.327983952,Appliances,154.9
CA-2017-127138,Chairs,0.327983952,Chairs,770.352
CA-2017-127138,Envelopes,0.327983952,Envelopes,30.56
CA-2017-127138,Storage,0.327983952,Storage,676.55
CA-2017-127194,Paper,0.126379137,Paper,62.82
CA-2017-127208,Appliances,0.325977934,Appliances,208.16
CA-2017-127208,Binders,0.325977934,Binders,16.74
CA-2017-127236,Bookcases,0.725175527,Bookcases,299.975
CA-2017-127236,Phones,0.725175527,Phones,158.376
CA-2017-127243,Binders,0.324974925,Binders,6.888
CA-2017-127243,Chairs,0.324974925,Chairs,347.802
CA-2017-127243,Fasteners,0.324974925,Fasteners,12.672
CA-2017-127243,Phones,0.324974925,Phones,340.182
CA-2017-127243,Storage,0.324974925,Storage,32.544
CA-2017-127250,Art,0.924774323,Art,8.82
CA-2017-127369,Storage,0.121364092,Storage,714.3
CA-2017-127642,Paper,0.513540622,Paper,111.96
CA-2017-127649,Machines,0.113340020,Machines,837.6
CA-2017-127670,Tables,0.912738215,Tables,697.16
CA-2017-127698,Phones,0.311935807,Phones,863.928
CA-2017-127761,Binders,0.710130391,Binders,3.64
CA-2017-127761,Phones,0.710130391,Phones,881.93
CA-2017-127775,Accessories,0.909729188,Accessories,239.97
CA-2017-127985,Furnishings,0.903711133,Furnishings,7.04
CA-2017-128111,Art,0.700100301,Art,39.68
CA-2017-128223,Tables,0.296890672,Tables,"1,293.488"
CA-2017-128258,Paper,0.295887663,Paper,11.34
CA-2017-128307,Envelopes,0.494483450,Envelopes,20.936
CA-2017-128412,Accessories,0.491474423,Accessories,44.75
CA-2017-128412,Appliances,0.491474423,Appliances,100.44
CA-2017-128412,Binders,0.491474423,Binders,153.552
CA-2017-128412,Paper,0.491474423,Paper,123.92
CA-2017-128517,Binders,0.488465396,Binders,5.28
CA-2017-128517,Phones,0.488465396,Phones,517.9
CA-2017-128531,Accessories,0.688064193,Accessories,392.568
CA-2017-128531,Art,0.688064193,Art,14.04
CA-2017-128531,Fasteners,0.688064193,Fasteners,4.344
CA-2017-128531,Paper,0.688064193,Paper,74.352
CA-2017-128531,Storage,0.688064193,Storage,41.92
CA-2017-128594,Chairs,0.086258776,Chairs,"1,603.136"
CA-2017-128671,Binders,0.684052156,Binders,119.42
CA-2017-128671,Paper,0.684052156,Paper,32.4
CA-2017-128706,Furnishings,0.683049147,Furnishings,16.192
CA-2017-128727,Phones,0.482447342,Phones,22
CA-2017-128811,Binders,0.680040120,Binders,20.704
CA-2017-128811,Fasteners,0.680040120,Fasteners,10.47
CA-2017-128811,Labels,0.680040120,Labels,11.07
CA-2017-128818,Accessories,0.279839519,Accessories,199.95
CA-2017-128818,Binders,0.279839519,Binders,85.232
CA-2017-128818,Chairs,0.279839519,Chairs,442.764
CA-2017-128818,Furnishings,0.279839519,Furnishings,63.68
CA-2017-128818,Labels,0.279839519,Labels,44.4
CA-2017-128818,Machines,0.279839519,Machines,"3,999.95"
CA-2017-128867,Art,0.478435306,Art,75.96
CA-2017-128867,Binders,0.478435306,Binders,27.24
CA-2017-128916,Furnishings,0.677031093,Furnishings,14.896
CA-2017-128923,Art,0.276830491,Art,9.328
CA-2017-128923,Paper,0.276830491,Paper,9.392
CA-2017-128972,Furnishings,0.475426279,Furnishings,30.36
CA-2017-129126,Binders,0.671013039,Binders,23.12
CA-2017-129126,Fasteners,0.671013039,Fasteners,21.48
CA-2017-129126,Furnishings,0.671013039,Furnishings,396.92
CA-2017-129126,Labels,0.671013039,Labels,5.76
CA-2017-129126,Paper,0.671013039,Paper,14.62
CA-2017-129126,Storage,0.671013039,Storage,17.15
CA-2017-129196,Accessories,0.669007021,Accessories,68.112
CA-2017-129238,Paper,0.267803410,Paper,56.7
CA-2017-129238,Phones,0.267803410,Phones,109.592
CA-2017-129280,Accessories,0.866599799,Accessories,564.496
CA-2017-129280,Furnishings,0.866599799,Furnishings,51.968
CA-2017-129280,Labels,0.866599799,Labels,6
CA-2017-129280,Machines,0.866599799,Machines,224.937
CA-2017-129280,Storage,0.866599799,Storage,195.64
CA-2017-129308,Binders,0.265797392,Binders,15.135
CA-2017-129308,Labels,0.265797392,Labels,10.08
CA-2017-129308,Phones,0.265797392,Phones,59.994
CA-2017-129630,Copiers,0.856569709,Copiers,"2,799.96"
CA-2017-129630,Furnishings,0.856569709,Furnishings,24.27
CA-2017-129686,Accessories,0.654964895,Accessories,62.4
CA-2017-129686,Storage,0.654964895,Storage,97.984
CA-2017-129693,Binders,0.254764293,Binders,7.312
CA-2017-129714,Accessories,0.054162487,Accessories,6.79
CA-2017-129714,Binders,0.054162487,Binders,"4,358.216"
CA-2017-129714,Paper,0.054162487,Paper,73.68
CA-2017-129728,Furnishings,0.253761284,Furnishings,167.84
CA-2017-129847,Furnishings,0.450351053,Furnishings,84.272
CA-2017-129861,Tables,0.649949850,Tables,376.866
CA-2017-129868,Appliances,0.249749248,Appliances,7.9
CA-2017-129868,Art,0.249749248,Art,53.97
CA-2017-129868,Chairs,0.249749248,Chairs,146.352
CA-2017-129868,Phones,0.249749248,Phones,302.384
CA-2017-129868,Supplies,0.249749248,Supplies,17.76
CA-2017-129868,Tables,0.249749248,Tables,902.712
CA-2017-129903,Paper,0.248746239,Paper,23.92
CA-2017-130001,Paper,0.645937813,Paper,36.24
CA-2017-130029,Fasteners,0.045135406,Fasteners,3.96
CA-2017-130029,Paper,0.045135406,Paper,12.96
CA-2017-130050,Furnishings,0.844533601,Furnishings,9.552
CA-2017-130078,Paper,0.243731194,Paper,10.56
CA-2017-130162,Phones,0.441323972,Phones,302.376
CA-2017-130162,Storage,0.441323972,Storage,93.06
CA-2017-130225,Envelopes,0.839518556,Envelopes,99.568
CA-2017-130267,Paper,0.438314945,Paper,159.88
CA-2017-130288,Tables,0.237713139,Tables,313.176
CA-2017-130393,Appliances,0.234704112,Appliances,11.648
CA-2017-130393,Chairs,0.234704112,Chairs,333.676
CA-2017-130400,Accessories,0.834503511,Accessories,27.96
CA-2017-130400,Binders,0.834503511,Binders,8.856
CA-2017-130400,Envelopes,0.834503511,Envelopes,146.352
CA-2017-130407,Art,0.434302909,Art,75.48
CA-2017-130407,Furnishings,0.434302909,Furnishings,39.98
CA-2017-130442,Appliances,0.433299900,Appliances,34.944
CA-2017-130477,Paper,0.432296891,Paper,33
CA-2017-130477,Storage,0.432296891,Storage,64.96
CA-2017-130484,Binders,0.032096289,Binders,26.352
CA-2017-130638,Furnishings,0.227683049,Furnishings,282.84
CA-2017-130638,Labels,0.227683049,Labels,27.72
CA-2017-130680,Phones,0.826479438,Phones,38.24
CA-2017-130778,Appliances,0.223671013,Appliances,8.74
CA-2017-130778,Paper,0.223671013,Paper,44.75
CA-2017-130799,Furnishings,0.023069208,Furnishings,6.96
CA-2017-130820,Tables,0.822467402,Tables,630.024
CA-2017-130911,Art,0.619859579,Art,18.656
CA-2017-130911,Bookcases,0.619859579,Bookcases,301.47
CA-2017-130946,Accessories,0.618856570,Accessories,431.928
CA-2017-130946,Binders,0.618856570,Binders,"1,088.792"
CA-2017-130946,Chairs,0.618856570,Chairs,95.984
CA-2017-131065,Accessories,0.815446339,Accessories,499.98
CA-2017-131065,Binders,0.815446339,Binders,8.26
CA-2017-131065,Paper,0.815446339,Paper,5.28
CA-2017-131093,Storage,0.214643932,Storage,295.4
CA-2017-131205,Art,0.811434303,Art,5.28
CA-2017-131205,Binders,0.811434303,Binders,113.94
CA-2017-131205,Furnishings,0.811434303,Furnishings,42.6
CA-2017-131205,Storage,0.811434303,Storage,129.92
CA-2017-131289,Art,0.009027081,Art,8.56
CA-2017-131289,Paper,0.009027081,Paper,45.36
CA-2017-131289,Tables,0.009027081,Tables,"1,421.664"
CA-2017-131296,Tables,0.608826479,Tables,239.372
CA-2017-131380,Paper,0.806419258,Paper,5.98
CA-2017-131380,Storage,0.806419258,Storage,87.92
CA-2017-131499,Appliances,0.003009027,Appliances,207.48
CA-2017-131576,Binders,0.600802407,Binders,49.44
CA-2017-131639,Binders,0.998996991,Binders,24.904
CA-2017-131737,Appliances,0.396188566,Appliances,901.95
CA-2017-131737,Envelopes,0.396188566,Envelopes,199.9
CA-2017-131737,Furnishings,0.396188566,Furnishings,971.5
CA-2017-131744,Appliances,0.995987964,Appliances,453.6
CA-2017-131744,Binders,0.995987964,Binders,4.626
CA-2017-131744,Paper,0.995987964,Paper,6.848
CA-2017-131835,Appliances,0.793380140,Appliances,162.64
CA-2017-131835,Paper,0.793380140,Paper,55.48
CA-2017-131835,Phones,0.793380140,Phones,597
CA-2017-131968,Appliances,0.189568706,Appliances,671.544
CA-2017-131968,Binders,0.189568706,Binders,9.888
CA-2017-132017,Binders,0.388164493,Binders,6.816
CA-2017-132066,Tables,0.586760281,Tables,142.182
CA-2017-132094,Accessories,0.985957874,Accessories,47.984
CA-2017-132094,Art,0.985957874,Art,5.472
CA-2017-132143,Paper,0.184553661,Paper,48.16
CA-2017-132304,Tables,0.979939819,Tables,"1,115.17"
CA-2017-132409,Appliances,0.976930792,Appliances,34.848
CA-2017-132409,Art,0.976930792,Art,1.504
CA-2017-132479,Binders,0.974924774,Binders,442.372
CA-2017-132549,Storage,0.972918756,Storage,73.36
CA-2017-132661,Paper,0.569709127,Paper,379.4
CA-2017-132731,Phones,0.567703109,Phones,657.552
CA-2017-132829,Furnishings,0.964894684,Furnishings,2.328
CA-2017-132829,Labels,0.964894684,Labels,45.36
CA-2017-132829,Phones,0.964894684,Phones,873.336
CA-2017-132899,Art,0.962888666,Art,3.64
CA-2017-132990,Furnishings,0.760280843,Furnishings,19.312
CA-2017-132997,Binders,0.360080241,Binders,276.784
CA-2017-132997,Paper,0.360080241,Paper,12.96
CA-2017-132997,Phones,0.360080241,Phones,623.93
CA-2017-132997,Storage,0.360080241,Storage,116.82
CA-2017-133123,Binders,0.156469408,Binders,3.204
CA-2017-133123,Envelopes,0.156469408,Envelopes,95.952
CA-2017-133144,Paper,0.955867603,Paper,17.34
CA-2017-133319,Paper,0.950852558,Paper,192.16
CA-2017-133340,Accessories,0.750250752,Accessories,59.98
CA-2017-133340,Appliances,0.750250752,Appliances,61.929
CA-2017-133340,Phones,0.750250752,Phones,10.9
CA-2017-133368,Furnishings,0.149448345,Furnishings,315.776
CA-2017-133368,Paper,0.149448345,Paper,89.568
CA-2017-133550,Appliances,0.744232698,Appliances,283.14
CA-2017-133550,Furnishings,0.744232698,Furnishings,272.94
CA-2017-133550,Phones,0.744232698,Phones,754.95
CA-2017-133613,Art,0.142427282,Art,9.84
CA-2017-133613,Binders,0.142427282,Binders,7.96
CA-2017-133613,Phones,0.142427282,Phones,566.97
CA-2017-133669,Phones,0.940822467,Phones,235.152
CA-2017-133697,Chairs,0.340020060,Chairs,56.686
CA-2017-133697,Fasteners,0.340020060,Fasteners,25.248
CA-2017-133697,Paper,0.340020060,Paper,51.016
CA-2017-133711,Binders,0.539618857,Binders,125.43
CA-2017-133711,Machines,0.539618857,Machines,"3,040"
CA-2017-133711,Paper,0.539618857,Paper,70.98
CA-2017-133725,Phones,0.739217653,Phones,"1,979.928"
CA-2017-133795,Accessories,0.737211635,Accessories,845.11
CA-2017-133795,Furnishings,0.737211635,Furnishings,39.92
CA-2017-133802,Binders,0.337011033,Binders,41.904
CA-2017-133816,Phones,0.536609829,Phones,743.988
CA-2017-133872,Accessories,0.335005015,Accessories,18.464
CA-2017-133872,Binders,0.335005015,Binders,39.936
CA-2017-133935,Chairs,0.733199599,Chairs,"1,687.096"
CA-2017-133935,Paper,0.733199599,Paper,368.91
CA-2017-134110,Paper,0.728184554,Paper,15.232
CA-2017-134110,Phones,0.728184554,Phones,67.176
CA-2017-134138,Chairs,0.127382146,Chairs,227.96
CA-2017-134180,Accessories,0.726178536,Accessories,72
CA-2017-134180,Chairs,0.726178536,Chairs,470.155
CA-2017-134208,Machines,0.125376128,Machines,396
CA-2017-134222,Binders,0.324974925,Binders,44.856
CA-2017-134334,Art,0.921765296,Art,7.98
CA-2017-134334,Furnishings,0.921765296,Furnishings,10.56
CA-2017-134334,Paper,0.921765296,Paper,4.77
CA-2017-134334,Tables,0.921765296,Tables,550.431
CA-2017-134348,Accessories,0.121364092,Accessories,31.984
CA-2017-134348,Binders,0.121364092,Binders,10.638
CA-2017-134362,Labels,0.320962889,Labels,15.936
CA-2017-134376,Appliances,0.520561685,Appliances,61.44
CA-2017-134425,Phones,0.719157472,Phones,114.95
CA-2017-134474,Accessories,0.917753260,Accessories,191.472
CA-2017-134474,Art,0.917753260,Art,5.248
CA-2017-134474,Phones,0.917753260,Phones,59.184
CA-2017-134516,Chairs,0.516549649,Chairs,98.392
CA-2017-134516,Furnishings,0.516549649,Furnishings,17.088
CA-2017-134544,Phones,0.915747242,Phones,84.784
CA-2017-134691,Binders,0.511534604,Binders,2.296
CA-2017-134775,Binders,0.709127382,Binders,49.536
CA-2017-134775,Paper,0.709127382,Paper,50.96
CA-2017-134789,Fasteners,0.908726179,Fasteners,30
CA-2017-134789,Furnishings,0.908726179,Furnishings,159.92
CA-2017-134789,Paper,0.908726179,Paper,25.92
CA-2017-134803,Accessories,0.108324975,Accessories,131.6
CA-2017-134803,Appliances,0.108324975,Appliances,262.24
CA-2017-134803,Binders,0.108324975,Binders,22.72
CA-2017-134803,Machines,0.108324975,Machines,558.4
CA-2017-134803,Paper,0.108324975,Paper,182.72
CA-2017-134887,Accessories,0.305917753,Accessories,"1,287.45"
CA-2017-134936,Binders,0.504513541,Binders,15.654
CA-2017-134936,Tables,0.504513541,Tables,455.97
CA-2017-135265,Chairs,0.695085256,Chairs,287.968
CA-2017-135265,Copiers,0.695085256,Copiers,"2,799.96"
CA-2017-135265,Paper,0.695085256,Paper,48.94
CA-2017-135461,Phones,0.489468405,Phones,623.96
CA-2017-135594,Accessories,0.885656971,Accessories,50.12
CA-2017-135636,Storage,0.484453360,Storage,387.72
CA-2017-135776,Art,0.480441324,Art,13.02
CA-2017-135776,Envelopes,0.480441324,Envelopes,61.96
CA-2017-135776,Paper,0.480441324,Paper,85.84
CA-2017-135776,Storage,0.480441324,Storage,"1,345.2"
CA-2017-135965,Storage,0.675025075,Storage,128.34
CA-2017-136021,Machines,0.473420261,Machines,105.552
CA-2017-136021,Paper,0.473420261,Paper,15.54
CA-2017-136049,Binders,0.872617854,Binders,5.553
CA-2017-136126,Paper,0.470411234,Paper,191.6
CA-2017-136126,Supplies,0.470411234,Supplies,69.5
CA-2017-136133,Appliances,0.070210632,Appliances,355.32
CA-2017-136231,Binders,0.467402207,Binders,86.058
CA-2017-136231,Envelopes,0.467402207,Envelopes,23.472
CA-2017-136231,Paper,0.467402207,Paper,10.272
CA-2017-136231,Phones,0.467402207,Phones,108.784
CA-2017-136287,Labels,0.265797392,Labels,18.9
CA-2017-136301,Furnishings,0.465396189,Furnishings,28.28
CA-2017-136301,Supplies,0.465396189,Supplies,"4,912.59"
CA-2017-136322,Binders,0.264794383,Binders,28.752
CA-2017-136322,Furnishings,0.264794383,Furnishings,45.568
CA-2017-136329,Chairs,0.864593781,Chairs,408.006
CA-2017-136329,Furnishings,0.864593781,Furnishings,165.28
CA-2017-136371,Furnishings,0.463390171,Furnishings,35.3
CA-2017-136406,Chairs,0.462387161,Chairs,"1,121.568"
CA-2017-136434,Furnishings,0.861584754,Furnishings,17.31
CA-2017-136483,Art,0.060180542,Art,4.704
CA-2017-136595,Furnishings,0.656970913,Furnishings,21.204
CA-2017-136686,Appliances,0.454363089,Appliances,56.52
CA-2017-136686,Furnishings,0.454363089,Furnishings,383.64
CA-2017-136770,Accessories,0.651955868,Accessories,279.96
CA-2017-136770,Phones,0.651955868,Phones,507.084
CA-2017-136812,Storage,0.250752257,Storage,"1,117.92"
CA-2017-136924,Phones,0.847542628,Phones,380.864
CA-2017-136994,Paper,0.845536610,Paper,13.38
CA-2017-137043,Furnishings,0.044132397,Furnishings,859.14
CA-2017-137050,Art,0.643931795,Art,41.86
CA-2017-137050,Binders,0.643931795,Binders,17.688
CA-2017-137050,Bookcases,0.643931795,Bookcases,579.136
CA-2017-137050,Fasteners,0.643931795,Fasteners,14.07
CA-2017-137050,Storage,0.643931795,Storage,11.21
CA-2017-137127,Labels,0.241725176,Labels,9.45
CA-2017-137176,Furnishings,0.440320963,Furnishings,15.008
CA-2017-137204,Chairs,0.839518556,Chairs,41.568
CA-2017-137239,Appliances,0.838515547,Appliances,113.552
CA-2017-137239,Binders,0.838515547,Binders,3.318
CA-2017-137239,Envelopes,0.838515547,Envelopes,134.288
CA-2017-137330,Appliances,0.635907723,Appliances,60.34
CA-2017-137330,Art,0.635907723,Art,19.46
CA-2017-137337,Binders,0.235707121,Binders,69.456
CA-2017-137337,Furnishings,0.235707121,Furnishings,113.6
CA-2017-137337,Paper,0.235707121,Paper,12.96
CA-2017-137393,Furnishings,0.034102307,Furnishings,41.6
CA-2017-137652,Binders,0.226680040,Binders,18.432
CA-2017-137673,Accessories,0.026078235,Accessories,116
CA-2017-137729,Phones,0.824473420,Phones,246.168
CA-2017-137729,Storage,0.824473420,Storage,5.98
CA-2017-137736,Art,0.424272818,Art,41.86
CA-2017-137743,Labels,0.024072217,Labels,9.248
CA-2017-137743,Storage,0.024072217,Storage,"1,036.624"
CA-2017-137848,Binders,0.021063190,Binders,49.536
CA-2017-137848,Envelopes,0.021063190,Envelopes,16.52
CA-2017-137848,Paper,0.021063190,Paper,60.12
CA-2017-137939,Phones,0.818455366,Phones,89.95
CA-2017-138037,Binders,0.215646941,Binders,27.24
CA-2017-138079,Furnishings,0.814443330,Furnishings,109.9
CA-2017-138233,Accessories,0.010030090,Accessories,479.97
CA-2017-138282,Appliances,0.208625878,Appliances,87.84
CA-2017-138478,Art,0.003009027,Art,113.22
CA-2017-138478,Binders,0.003009027,Binders,"4,535.976"
CA-2017-138478,Paper,0.003009027,Paper,35.88
CA-2017-138520,Art,0.601805416,Art,17.04
CA-2017-138520,Bookcases,0.601805416,Bookcases,388.704
CA-2017-138520,Envelopes,0.601805416,Envelopes,8.26
CA-2017-138520,Paper,0.601805416,Paper,34.4
CA-2017-138583,Art,0,Art,16.656
CA-2017-138597,Chairs,0.199598796,Chairs,563.94
CA-2017-138667,Accessories,0.197592778,Accessories,40
CA-2017-138688,Labels,0.996990973,Labels,14.62
CA-2017-138695,Chairs,0.596790371,Chairs,390.272
CA-2017-138695,Paper,0.596790371,Paper,62.192
CA-2017-138933,Binders,0.989969910,Binders,3.984
CA-2017-138968,Binders,0.988966901,Binders,4.544
CA-2017-138968,Chairs,0.988966901,Chairs,"1,352.032"
CA-2017-139010,Accessories,0.587763290,Accessories,12.99
CA-2017-139010,Binders,0.587763290,Binders,49.808
CA-2017-139010,Storage,0.587763290,Storage,449.15
CA-2017-139157,Tables,0.183550652,Tables,330.588
CA-2017-139234,Accessories,0.781344032,Accessories,26.176
CA-2017-139234,Binders,0.781344032,Binders,3.208
CA-2017-139269,Furnishings,0.780341023,Furnishings,24.96
CA-2017-139269,Paper,0.780341023,Paper,19.36
CA-2017-139269,Storage,0.780341023,Storage,"1,267.65"
CA-2017-139381,Appliances,0.377131394,Appliances,203.92
CA-2017-139381,Phones,0.377131394,Phones,29.56
CA-2017-139395,Art,0.576730191,Art,13.9
CA-2017-139395,Furnishings,0.576730191,Furnishings,33.48
CA-2017-139395,Phones,0.576730191,Phones,657.93
CA-2017-139395,Storage,0.576730191,Storage,26.86
CA-2017-139409,Phones,0.776328987,Phones,43.6
CA-2017-139549,Chairs,0.772316951,Chairs,387.136
CA-2017-139556,Chairs,0.372116349,Chairs,434.646
CA-2017-139689,Binders,0.768304915,Binders,40.896
CA-2017-139808,Fasteners,0.964894684,Fasteners,93.36
CA-2017-139878,Phones,0.962888666,Phones,257.98
CA-2017-139885,Storage,0.562688064,Storage,212.88
CA-2017-139934,Phones,0.761283852,Phones,66.976
CA-2017-139941,Appliances,0.361083250,Appliances,52.56
CA-2017-139941,Paper,0.361083250,Paper,92.94
CA-2017-139997,Copiers,0.159478435,Copiers,"1,499.95"
CA-2017-140018,Chairs,0.958876630,Chairs,127.554
CA-2017-140018,Furnishings,0.958876630,Furnishings,77.952
CA-2017-140018,Machines,0.958876630,Machines,30.345
CA-2017-140046,Labels,0.358074223,Labels,18.9
CA-2017-140081,Appliances,0.357071214,Appliances,447.696
CA-2017-140081,Binders,0.357071214,Binders,29.718
CA-2017-140081,Paper,0.357071214,Paper,60.608
CA-2017-140130,Art,0.555667001,Art,12.39
CA-2017-140130,Chairs,0.555667001,Chairs,368.97
CA-2017-140130,Storage,0.555667001,Storage,332.94
CA-2017-140130,Supplies,0.555667001,Supplies,21.96
CA-2017-140207,Binders,0.153460381,Binders,29.12
CA-2017-140249,Phones,0.752256770,Phones,"1,001.584"
CA-2017-140256,Art,0.352056169,Art,5.76
CA-2017-140382,Labels,0.148445336,Labels,21.93
CA-2017-140382,Paper,0.148445336,Paper,19.98
CA-2017-140382,Phones,0.148445336,Phones,862.344
CA-2017-140382,Storage,0.148445336,Storage,93.68
CA-2017-140417,Binders,0.147442327,Binders,5.022
CA-2017-140417,Paper,0.147442327,Paper,60.048
CA-2017-140438,Phones,0.946840522,Phones,197.97
CA-2017-140501,Fasteners,0.345035105,Fasteners,3.96
CA-2017-140501,Labels,0.345035105,Labels,140.57
CA-2017-140501,Paper,0.345035105,Paper,146.73
CA-2017-140501,Storage,0.345035105,Storage,324.9
CA-2017-140543,Storage,0.943831494,Storage,191.88
CA-2017-140564,Art,0.743229689,Art,33.92
CA-2017-140571,Paper,0.343029087,Paper,365.44
CA-2017-140613,Supplies,0.941825476,Supplies,86.2
CA-2017-140634,Envelopes,0.741223671,Envelopes,15.648
CA-2017-140641,Binders,0.341023069,Binders,38.19
CA-2017-140746,Tables,0.338014042,Tables,181.797
CA-2017-140774,Art,0.737211635,Art,107.94
CA-2017-140928,Tables,0.932798395,Tables,383.438
CA-2017-140935,Bookcases,0.532597793,Bookcases,341.96
CA-2017-140935,Phones,0.532597793,Phones,221.98
CA-2017-140977,Machines,0.131394183,Machines,91.475
CA-2017-141019,Furnishings,0.730190572,Furnishings,79.384
CA-2017-141082,Labels,0.128385155,Labels,125.81
CA-2017-141180,Binders,0.525576730,Binders,7.764
CA-2017-141397,Appliances,0.119358074,Appliances,21.78
CA-2017-141397,Binders,0.119358074,Binders,17.712
CA-2017-141397,Chairs,0.119358074,Chairs,161.568
CA-2017-141397,Paper,0.119358074,Paper,46.76
CA-2017-141397,Storage,0.119358074,Storage,161.94
CA-2017-141523,Art,0.915747242,Art,3.52
CA-2017-141523,Binders,0.915747242,Binders,34.248
CA-2017-141551,Binders,0.314944835,Binders,6.38
CA-2017-141551,Paper,0.314944835,Paper,6.48
CA-2017-141586,Binders,0.313941825,Binders,18.16
CA-2017-141887,Furnishings,0.105315948,Furnishings,54.992
CA-2017-141957,Art,0.103309930,Art,18.656
CA-2017-141957,Binders,0.103309930,Binders,11.088
CA-2017-141957,Storage,0.103309930,Storage,166.176
CA-2017-142097,Appliances,0.099297894,Appliances,43.26
CA-2017-142097,Binders,0.099297894,Binders,232.96
CA-2017-142097,Envelopes,0.099297894,Envelopes,66.54
CA-2017-142335,Storage,0.492477432,Storage,296.37
CA-2017-142335,Tables,0.492477432,Tables,"1,652.94"
CA-2017-142370,Accessories,0.491474423,Accessories,249.95
CA-2017-142370,Supplies,0.491474423,Supplies,5.04
CA-2017-142398,Binders,0.890672016,Binders,13.208
CA-2017-142398,Chairs,0.890672016,Chairs,638.288
CA-2017-142405,Accessories,0.490471414,Accessories,389.97
CA-2017-142405,Binders,0.490471414,Binders,53.984
CA-2017-142405,Labels,0.490471414,Labels,14.62
CA-2017-142524,Accessories,0.687061184,Accessories,279.95
CA-2017-142524,Envelopes,0.687061184,Envelopes,16.56
CA-2017-142545,Binders,0.486459378,Binders,14.28
CA-2017-142545,Furnishings,0.486459378,Furnishings,77.6
CA-2017-142545,Paper,0.486459378,Paper,89.31
CA-2017-142545,Storage,0.486459378,Storage,"1,082.48"
CA-2017-142594,Appliances,0.685055165,Appliances,901.95
CA-2017-142594,Furnishings,0.685055165,Furnishings,111.15
CA-2017-142594,Phones,0.685055165,Phones,137.94
CA-2017-142594,Tables,0.685055165,Tables,366.009
CA-2017-142615,Accessories,0.484453360,Accessories,27.88
CA-2017-142762,Furnishings,0.080240722,Furnishings,37.05
CA-2017-142895,Chairs,0.476429288,Chairs,363.92
CA-2017-142895,Labels,0.476429288,Labels,6.264
CA-2017-142902,Chairs,0.076228686,Chairs,466.768
CA-2017-142902,Furnishings,0.076228686,Furnishings,30.368
CA-2017-142902,Labels,0.076228686,Labels,6.264
CA-2017-142958,Binders,0.874623872,Binders,6.096
CA-2017-142958,Tables,0.874623872,Tables,"1,114.272"
CA-2017-143154,Accessories,0.669007021,Accessories,165.6
CA-2017-143308,Fasteners,0.864593781,Fasteners,10.74
CA-2017-143406,Appliances,0.261785356,Appliances,93.032
CA-2017-143406,Chairs,0.261785356,Chairs,454.965
CA-2017-143441,Labels,0.260782347,Labels,11.84
CA-2017-143476,Art,0.259779338,Art,2.912
CA-2017-143476,Paper,0.259779338,Paper,30.304
CA-2017-143609,Chairs,0.655967904,Chairs,403.92
CA-2017-143714,Binders,0.652958877,Binders,6.294
CA-2017-143714,Copiers,0.652958877,Copiers,"8,399.976"
CA-2017-143714,Paper,0.652958877,Paper,10.368
CA-2017-143714,Phones,0.652958877,Phones,122.382
CA-2017-143749,Bookcases,0.651955868,Bookcases,81.94
CA-2017-143805,Appliances,0.450351053,Appliances,"2,104.55"
CA-2017-143805,Supplies,0.450351053,Supplies,40.7
CA-2017-143910,Chairs,0.447342026,Chairs,145.764
CA-2017-143924,Fasteners,0.646940822,Fasteners,20.44
CA-2017-143924,Paper,0.646940822,Paper,109.92
CA-2017-144015,Fasteners,0.444332999,Fasteners,17.9
CA-2017-144015,Paper,0.444332999,Paper,12.48
CA-2017-144015,Supplies,0.444332999,Supplies,231.72
CA-2017-144092,Accessories,0.042126379,Accessories,72
CA-2017-144092,Chairs,0.042126379,Chairs,113.888
CA-2017-144092,Envelopes,0.042126379,Envelopes,158.13
CA-2017-144148,Tables,0.840521565,Tables,863.128
CA-2017-144218,Storage,0.838515547,Storage,"1,085.42"
CA-2017-144309,Binders,0.635907723,Binders,679.96
CA-2017-144309,Paper,0.635907723,Paper,18.54
CA-2017-144337,Paper,0.035105316,Paper,19.648
CA-2017-144344,Binders,0.634904714,Binders,37.425
CA-2017-144344,Furnishings,0.634904714,Furnishings,276.968
CA-2017-144400,Envelopes,0.433299900,Envelopes,57.576
CA-2017-144540,Appliances,0.429287864,Appliances,62.79
CA-2017-144540,Fasteners,0.429287864,Fasteners,28.44
CA-2017-144554,Accessories,0.628886660,Accessories,119.976
CA-2017-144645,Furnishings,0.426278837,Furnishings,73.784
CA-2017-144729,Storage,0.623871615,Storage,154.44
CA-2017-144764,Labels,0.622868606,Labels,29.24
CA-2017-144764,Machines,0.622868606,Machines,"1,362.9"
CA-2017-144764,Storage,0.622868606,Storage,35.168
CA-2017-144785,Art,0.422266800,Art,6.99
CA-2017-144785,Supplies,0.422266800,Supplies,6.84
CA-2017-144792,Furnishings,0.022066199,Furnishings,111.888
CA-2017-144855,Labels,0.420260782,Labels,6.3
CA-2017-144911,Accessories,0.218655968,Accessories,34.95
CA-2017-144911,Binders,0.218655968,Binders,152
CA-2017-144939,Chairs,0.617853561,Chairs,599.292
CA-2017-145009,Labels,0.615847543,Labels,11.952
CA-2017-145135,Accessories,0.412236710,Accessories,59.97
CA-2017-145135,Paper,0.412236710,Paper,13.36
CA-2017-145177,Accessories,0.011033099,Accessories,178.92
CA-2017-145177,Appliances,0.011033099,Appliances,334.88
CA-2017-145177,Binders,0.011033099,Binders,69.888
CA-2017-145177,Furnishings,0.011033099,Furnishings,148.288
CA-2017-145177,Labels,0.011033099,Labels,9.216
CA-2017-145177,Paper,0.011033099,Paper,116.44
CA-2017-145177,Phones,0.011033099,Phones,41.958
CA-2017-145240,Storage,0.409227683,Storage,10.784
CA-2017-145247,Paper,0.009027081,Paper,79.14
CA-2017-145261,Accessories,0.208625878,Accessories,112.776
CA-2017-145261,Art,0.208625878,Art,18.688
CA-2017-145261,Binders,0.208625878,Binders,45.24
CA-2017-145261,Labels,0.208625878,Labels,15.936
CA-2017-145261,Paper,0.208625878,Paper,11.648
CA-2017-145261,Phones,0.208625878,Phones,28.68
CA-2017-145261,Tables,0.208625878,Tables,377.45
CA-2017-145303,Binders,0.807422267,Binders,23.164
CA-2017-145303,Bookcases,0.807422267,Bookcases,156.3728
CA-2017-145492,Appliances,0.002006018,Appliances,39
CA-2017-145499,Binders,0.601805416,Binders,3.282
CA-2017-145548,Accessories,0.800401204,Accessories,36
CA-2017-145548,Art,0.800401204,Art,92.94
CA-2017-145548,Binders,0.800401204,Binders,90.24
CA-2017-145548,Chairs,0.800401204,Chairs,245.646
CA-2017-145548,Storage,0.800401204,Storage,28.14
CA-2017-145583,Art,0.799398195,Art,11.52
CA-2017-145583,Binders,0.799398195,Binders,76.176
CA-2017-145583,Fasteners,0.799398195,Fasteners,4.02
CA-2017-145583,Furnishings,0.799398195,Furnishings,43.12
CA-2017-145583,Paper,0.799398195,Paper,55.48
CA-2017-145583,Supplies,0.799398195,Supplies,65.88
CA-2017-145611,Appliances,0.198595787,Appliances,393.25
CA-2017-145625,Accessories,0.398194584,Accessories,"3,347.37"
CA-2017-145625,Paper,0.398194584,Paper,7.61
CA-2017-145709,Furnishings,0.595787362,Furnishings,11.568
CA-2017-145709,Phones,0.595787362,Phones,52.68
CA-2017-145730,Envelopes,0.395185557,Envelopes,36.6
CA-2017-145730,Machines,0.395185557,Machines,287.91
CA-2017-145730,Tables,0.395185557,Tables,637.896
CA-2017-145842,Storage,0.991975928,Storage,40.74
CA-2017-145898,Art,0.790371113,Art,35.4
CA-2017-145898,Labels,0.790371113,Labels,7.83
CA-2017-145898,Paper,0.790371113,Paper,29.9
CA-2017-145898,Storage,0.790371113,Storage,51.45
CA-2017-145905,Chairs,0.390170512,Chairs,350.98
CA-2017-145905,Paper,0.390170512,Paper,13.08
CA-2017-145905,Storage,0.390170512,Storage,900.08
CA-2017-145919,Furnishings,0.589769308,Furnishings,183.84
CA-2017-145919,Paper,0.589769308,Paper,38.88
CA-2017-145919,Supplies,0.589769308,Supplies,579.3
CA-2017-145982,Binders,0.987963892,Binders,29
CA-2017-145982,Fasteners,0.987963892,Fasteners,11.68
CA-2017-145982,Paper,0.987963892,Paper,204.51
CA-2017-145982,Phones,0.987963892,Phones,59.97
CA-2017-145982,Tables,0.987963892,Tables,244.615
CA-2017-146010,Binders,0.387161484,Binders,40.635
CA-2017-146143,Furnishings,0.783350050,Furnishings,133.38
CA-2017-146150,Art,0.383149448,Art,264.18
CA-2017-146157,Accessories,0.982948847,Accessories,81.576
CA-2017-146157,Paper,0.982948847,Paper,38.432
CA-2017-146157,Storage,0.982948847,Storage,21.568
CA-2017-146171,Furnishings,0.182547643,Furnishings,76.92
CA-2017-146171,Storage,0.182547643,Storage,481.32
CA-2017-146206,Phones,0.181544634,Phones,719.96
CA-2017-146206,Tables,0.181544634,Tables,300.93
CA-2017-146318,Paper,0.778335005,Paper,12.96
CA-2017-146325,Chairs,0.378134403,Chairs,81.424
CA-2017-146325,Storage,0.378134403,Storage,134.8
CA-2017-146374,Envelopes,0.576730191,Envelopes,109.69
CA-2017-146374,Furnishings,0.576730191,Furnishings,13.4
CA-2017-146374,Paper,0.576730191,Paper,4.98
CA-2017-146423,Art,0.775325978,Art,15.48
CA-2017-146423,Paper,0.775325978,Paper,51.84
CA-2017-146437,Art,0.974924774,Art,39.68
CA-2017-146521,Binders,0.172517553,Binders,1.941
CA-2017-146633,Binders,0.769307924,Binders,"1,054.928"
CA-2017-146682,Furnishings,0.967903711,Furnishings,67
CA-2017-146766,Art,0.165496489,Art,192.8
CA-2017-146836,Binders,0.163490471,Binders,45.576
CA-2017-146836,Storage,0.163490471,Storage,44.94
CA-2017-146913,Chairs,0.761283852,Chairs,"1,403.92"
CA-2017-146934,Accessories,0.560682046,Accessories,95.1
CA-2017-146934,Appliances,0.560682046,Appliances,662.84
CA-2017-146934,Envelopes,0.560682046,Envelopes,26.88
CA-2017-146934,Phones,0.560682046,Phones,602.98
CA-2017-146934,Tables,0.560682046,Tables,174.286
CA-2017-146941,Envelopes,0.160481444,Envelopes,361.92
CA-2017-146941,Storage,0.160481444,Storage,80.58
CA-2017-147067,Furnishings,0.956870612,Furnishings,18.84
CA-2017-147109,Accessories,0.555667001,Accessories,165.6
CA-2017-147109,Paper,0.555667001,Paper,51.84
CA-2017-147123,Paper,0.755265797,Paper,80.28
CA-2017-147137,Bookcases,0.954864594,Bookcases,"1,279.165"
CA-2017-147137,Envelopes,0.954864594,Envelopes,43.96
CA-2017-147137,Furnishings,0.954864594,Furnishings,25.4
CA-2017-147137,Storage,0.954864594,Storage,27.92
CA-2017-147256,Appliances,0.151454363,Appliances,"1,927.59"
CA-2017-147256,Phones,0.151454363,Phones,449.97
CA-2017-147368,Machines,0.748244734,Machines,695.7
CA-2017-147375,Machines,0.348044132,Machines,"1,007.979"
CA-2017-147375,Paper,0.348044132,Paper,313.488
CA-2017-147417,Copiers,0.946840522,Copiers,"1,439.976"
CA-2017-147431,Storage,0.146439318,Storage,117.96
CA-2017-147473,Paper,0.745235707,Paper,38.88
CA-2017-147536,Accessories,0.143430291,Accessories,89.97
CA-2017-147578,Furnishings,0.742226680,Furnishings,31.56
CA-2017-147585,Furnishings,0.342026078,Furnishings,14.82
CA-2017-147683,Furnishings,0.739217653,Furnishings,19.54
CA-2017-147970,Paper,0.330992979,Paper,15.552
CA-2017-148096,Tables,0.127382146,Tables,161.28
CA-2017-148201,Paper,0.124373119,Paper,6.48
CA-2017-148208,Accessories,0.724172518,Accessories,55.176
CA-2017-148208,Phones,0.724172518,Phones,110.376
CA-2017-148516,Accessories,0.115346038,Accessories,179.97
CA-2017-148593,Paper,0.713139418,Paper,46.35
CA-2017-148684,Accessories,0.510531595,Accessories,399.98
CA-2017-148684,Art,0.510531595,Art,19.89
CA-2017-148684,Furnishings,0.510531595,Furnishings,343.85
CA-2017-148684,Paper,0.510531595,Paper,106.32
CA-2017-148698,Art,0.710130391,Art,86.352
CA-2017-148740,Phones,0.308926780,Phones,361.376
CA-2017-148747,Bookcases,0.908726179,Bookcases,477.666
CA-2017-148796,Chairs,0.107321966,Chairs,383.8
CA-2017-148852,Chairs,0.905717151,Chairs,484.704
CA-2017-148852,Fasteners,0.905717151,Fasteners,5.94
CA-2017-148852,Machines,0.905717151,Machines,371.976
CA-2017-148852,Paper,0.905717151,Paper,45.36
CA-2017-148852,Phones,0.905717151,Phones,211.168
CA-2017-148908,Binders,0.704112337,Binders,53.248
CA-2017-149111,Furnishings,0.098294885,Furnishings,18.624
CA-2017-149111,Phones,0.098294885,Phones,36.792
CA-2017-149195,Fasteners,0.295887663,Fasteners,15.808
CA-2017-149195,Paper,0.295887663,Paper,36.288
CA-2017-149223,Appliances,0.695085256,Appliances,77.88
CA-2017-149237,Furnishings,0.894684052,Furnishings,26.94
CA-2017-149272,Binders,0.893681043,Binders,22.386
CA-2017-149272,Chairs,0.893681043,Chairs,528.43
CA-2017-149279,Binders,0.493480441,Binders,3.108
CA-2017-149279,Chairs,0.493480441,Chairs,"1,325.76"
CA-2017-149279,Paper,0.493480441,Paper,15.552
CA-2017-149314,Chairs,0.492477432,Chairs,195.184
CA-2017-149335,Art,0.291875627,Art,37.17
CA-2017-149349,Furnishings,0.491474423,Furnishings,22.752
CA-2017-149370,Paper,0.290872618,Paper,5.344
CA-2017-149454,Binders,0.488465396,Binders,10.44
CA-2017-149461,Furnishings,0.088264794,Furnishings,4.18
CA-2017-149482,Labels,0.887662989,Labels,7.38
CA-2017-149503,Binders,0.687061184,Binders,273.92
CA-2017-149671,Supplies,0.082246740,Supplies,61.38
CA-2017-149685,Labels,0.281845537,Labels,60.144
CA-2017-149762,Art,0.879638917,Art,21.92
CA-2017-149762,Bookcases,0.879638917,Bookcases,205.666
CA-2017-149762,Storage,0.879638917,Storage,48.72
CA-2017-149762,Tables,0.879638917,Tables,268.704
CA-2017-149783,Appliances,0.679037111,Appliances,87.168
CA-2017-149783,Art,0.679037111,Art,31.744
CA-2017-149783,Paper,0.679037111,Paper,12.192
CA-2017-149797,Binders,0.878635908,Binders,841.568
CA-2017-149902,Art,0.875626881,Art,88.04
CA-2017-149916,Binders,0.075225677,Binders,55.36
CA-2017-149916,Machines,0.075225677,Machines,11.56
CA-2017-149965,Accessories,0.273821464,Accessories,6.9
CA-2017-149965,Furnishings,0.273821464,Furnishings,57.69
CA-2017-149979,Chairs,0.473420261,Chairs,368.97
CA-2017-149979,Storage,0.473420261,Storage,118.25
CA-2017-150000,Envelopes,0.272818455,Envelopes,17.92
CA-2017-150007,Binders,0.872617854,Binders,1.908
CA-2017-150007,Labels,0.872617854,Labels,6
CA-2017-150077,Phones,0.870611836,Phones,90.48
CA-2017-150343,Envelopes,0.662988967,Envelopes,10.86
CA-2017-150350,Appliances,0.262788365,Appliances,43.1
CA-2017-150350,Chairs,0.262788365,Chairs,532.704
CA-2017-150350,Envelopes,0.262788365,Envelopes,135.9
CA-2017-150350,Machines,0.262788365,Machines,837.6
CA-2017-150350,Paper,0.262788365,Paper,34.68
CA-2017-150350,Supplies,0.262788365,Supplies,15.88
CA-2017-150483,Chairs,0.658976931,Chairs,191.079
CA-2017-150483,Furnishings,0.658976931,Furnishings,32.064
CA-2017-150483,Paper,0.658976931,Paper,28.864
CA-2017-150658,Binders,0.653961886,Binders,10.776
CA-2017-150889,Phones,0.447342026,Phones,11.992
CA-2017-150945,Storage,0.245737212,Storage,900.08
CA-2017-151092,Phones,0.841524574,Phones,211.168
CA-2017-151141,Phones,0.040120361,Phones,14.78
CA-2017-151148,Chairs,0.639919759,Chairs,83.136
CA-2017-151148,Phones,0.639919759,Phones,146.952
CA-2017-151155,Binders,0.239719157,Binders,15.42
CA-2017-151155,Furnishings,0.239719157,Furnishings,18.92
CA-2017-151169,Binders,0.439317954,Binders,7.92
CA-2017-151323,Fasteners,0.634904714,Fasteners,17.05
CA-2017-151372,Binders,0.833500502,Binders,11.68
CA-2017-151372,Fasteners,0.833500502,Fasteners,4.36
CA-2017-151372,Paper,0.833500502,Paper,96.08
CA-2017-151498,Binders,0.629889669,Binders,8.32
CA-2017-151512,Appliances,0.829488465,Appliances,18.72
CA-2017-151561,Accessories,0.028084253,Accessories,541.38
CA-2017-151561,Furnishings,0.028084253,Furnishings,191.82
CA-2017-151561,Supplies,0.028084253,Supplies,10.95
CA-2017-151974,Labels,0.416248746,Labels,16.52
CA-2017-152072,Accessories,0.813440321,Accessories,254.97
CA-2017-152072,Art,0.813440321,Art,4.66
CA-2017-152072,Envelopes,0.813440321,Envelopes,52.34
CA-2017-152121,Phones,0.012036108,Phones,271.992
CA-2017-152156,Bookcases,0.011033099,Bookcases,261.96
CA-2017-152156,Chairs,0.011033099,Chairs,731.94
CA-2017-152163,Binders,0.610832497,Binders,72.54
CA-2017-152163,Paper,0.610832497,Paper,12.96
CA-2017-152170,Appliances,0.210631896,Appliances,37.68
CA-2017-152170,Art,0.210631896,Art,20.58
CA-2017-152170,Binders,0.210631896,Binders,17.38
CA-2017-152170,Envelopes,0.210631896,Envelopes,287.52
CA-2017-152170,Paper,0.210631896,Paper,19.98
CA-2017-152247,Chairs,0.808425276,Chairs,"1,603.136"
CA-2017-152289,Accessories,0.407221665,Accessories,159.984
CA-2017-152289,Chairs,0.407221665,Chairs,"1,024.716"
CA-2017-152331,Art,0.006018054,Art,5.304
CA-2017-152408,Binders,0.603811434,Binders,13.776
CA-2017-152457,Paper,0.802407222,Paper,68.52
CA-2017-152471,Paper,0.002006018,Paper,15.984
CA-2017-152471,Phones,0.002006018,Phones,823.96
CA-2017-152520,Paper,0.200601805,Paper,12.96
CA-2017-152534,Art,0.400200602,Art,5.16
CA-2017-152534,Paper,0.400200602,Paper,38.88
CA-2017-152555,Chairs,0.199598796,Chairs,844.116
CA-2017-152555,Paper,0.199598796,Paper,45.528
CA-2017-152555,Phones,0.199598796,Phones,812.736
CA-2017-152632,Furnishings,0.797392177,Furnishings,40.2
CA-2017-152646,Paper,0.996990973,Paper,32.4
CA-2017-152688,Binders,0.595787362,Binders,315.98
CA-2017-152688,Bookcases,0.595787362,Bookcases,120.98
CA-2017-152730,Appliances,0.194583751,Appliances,364.74
CA-2017-152730,Art,0.194583751,Art,20.26
CA-2017-152730,Furnishings,0.194583751,Furnishings,47.4
CA-2017-152730,Paper,0.194583751,Paper,674.46
CA-2017-152730,Phones,0.194583751,Phones,125.99
CA-2017-152730,Storage,0.194583751,Storage,49.76
CA-2017-152765,Paper,0.193580742,Paper,173.488
CA-2017-152800,Envelopes,0.192577733,Envelopes,6.12
CA-2017-152814,Paper,0.392176530,Paper,29.472
CA-2017-152940,Storage,0.188565697,Storage,29.74
CA-2017-153101,Tables,0.983951856,Tables,146.04
CA-2017-153157,Phones,0.782347041,Phones,224.75
CA-2017-153178,Binders,0.581745236,Binders,673.568
CA-2017-153178,Phones,0.581745236,Phones,437.85
CA-2017-153185,Paper,0.181544634,Paper,30.96
CA-2017-153269,Binders,0.379137412,Binders,51.8
CA-2017-153269,Chairs,0.379137412,Chairs,354.9
CA-2017-153269,Paper,0.379137412,Paper,17.94
CA-2017-153269,Storage,0.379137412,Storage,11.21
CA-2017-153318,Phones,0.577733200,Phones,783.96
CA-2017-153346,Art,0.976930792,Art,9.21
CA-2017-153346,Paper,0.976930792,Paper,18
CA-2017-153353,Phones,0.576730191,Phones,39.99
CA-2017-153577,Chairs,0.770310933,Chairs,539.658
CA-2017-153577,Paper,0.770310933,Paper,37.464
CA-2017-153598,Accessories,0.569709127,Accessories,"1,649.95"
CA-2017-153598,Furnishings,0.569709127,Furnishings,111.9
CA-2017-153661,Binders,0.967903711,Binders,50.784
CA-2017-153661,Labels,0.967903711,Labels,26.01
CA-2017-153661,Storage,0.967903711,Storage,305.01
CA-2017-153682,Copiers,0.767301906,Copiers,839.988
CA-2017-153836,Art,0.962888666,Art,114.95
CA-2017-153836,Binders,0.962888666,Binders,28.752
CA-2017-154018,Accessories,0.557673019,Accessories,191.976
CA-2017-154018,Art,0.557673019,Art,15.872
CA-2017-154018,Binders,0.557673019,Binders,6.286
CA-2017-154018,Furnishings,0.557673019,Furnishings,139.92
CA-2017-154018,Paper,0.557673019,Paper,8.288
CA-2017-154053,Art,0.556670010,Art,16.99
CA-2017-154060,Chairs,0.156469408,Chairs,187.056
CA-2017-154067,Paper,0.756268806,Paper,105.52
CA-2017-154081,Phones,0.955867603,Phones,222.384
CA-2017-154235,Furnishings,0.151454363,Furnishings,127.95
CA-2017-154403,Paper,0.546639920,Paper,4.98
CA-2017-154508,Envelopes,0.543630893,Envelopes,28.4
CA-2017-154536,Binders,0.942828485,Binders,9.555
CA-2017-154662,Tables,0.739217653,Tables,692.94
CA-2017-154690,Chairs,0.138415246,Chairs,225.296
CA-2017-154711,Art,0.937813440,Art,20.82
CA-2017-154711,Binders,0.937813440,Binders,12.192
CA-2017-154711,Furnishings,0.937813440,Furnishings,39.88
CA-2017-154739,Chairs,0.337011033,Chairs,321.568
CA-2017-154767,Appliances,0.736208626,Appliances,283.98
CA-2017-154767,Binders,0.736208626,Binders,7.96
CA-2017-154767,Chairs,0.736208626,Chairs,121.96
CA-2017-154767,Paper,0.736208626,Paper,61.96
CA-2017-154788,Binders,0.535606820,Binders,7.712
CA-2017-154998,Paper,0.529588766,Paper,37.94
CA-2017-155005,Phones,0.129388164,Phones,377.97
CA-2017-155033,Paper,0.528585757,Paper,10.56
CA-2017-155138,Accessories,0.525576730,Accessories,35.168
CA-2017-155138,Paper,0.525576730,Paper,64.704
CA-2017-155166,Appliances,0.924774323,Appliances,26.49
CA-2017-155166,Chairs,0.924774323,Chairs,212.94
CA-2017-155187,Paper,0.724172518,Paper,41.7
CA-2017-155187,Storage,0.724172518,Storage,41.96
CA-2017-155383,Storage,0.518555667,Storage,46.53
CA-2017-155439,Paper,0.316950853,Paper,25.92
CA-2017-155446,Accessories,0.916750251,Accessories,21.21
CA-2017-155474,Binders,0.315947844,Binders,19.296
CA-2017-155474,Phones,0.315947844,Phones,107.984
CA-2017-155481,Fasteners,0.915747242,Fasteners,16.688
CA-2017-155481,Paper,0.915747242,Paper,30.48
CA-2017-155481,Phones,0.915747242,Phones,23.988
CA-2017-155488,Art,0.515546640,Art,44.02
CA-2017-155516,Binders,0.914744233,Binders,23.2
CA-2017-155516,Bookcases,0.914744233,Bookcases,"1,043.92"
CA-2017-155516,Storage,0.914744233,Storage,104.79
CA-2017-155516,Supplies,0.914744233,Supplies,7.36
CA-2017-155530,Tables,0.114343029,Tables,"2,003.52"
CA-2017-155551,Paper,0.913741224,Paper,9.664
CA-2017-155551,Storage,0.913741224,Storage,230.376
CA-2017-155565,Supplies,0.113340020,Supplies,54.9
CA-2017-155670,Binders,0.110330993,Binders,11.232
CA-2017-155670,Paper,0.110330993,Paper,10.272
CA-2017-155747,Tables,0.708124373,Tables,337.176
CA-2017-155845,Accessories,0.105315948,Accessories,"1,399.944"
CA-2017-155978,Appliances,0.501504514,Appliances,45.96
CA-2017-155978,Phones,0.501504514,Phones,"1,039.728"
CA-2017-155992,Furnishings,0.701103310,Furnishings,41.85
CA-2017-155992,Phones,0.701103310,Phones,69.9
CA-2017-156139,Binders,0.296890672,Binders,38.376
CA-2017-156251,Binders,0.893681043,Binders,8.52
CA-2017-156251,Bookcases,0.893681043,Bookcases,241.96
CA-2017-156265,Binders,0.093279840,Binders,12.544
CA-2017-156265,Phones,0.093279840,Phones,333.576
CA-2017-156265,Tables,0.093279840,Tables,136.464
CA-2017-156300,Chairs,0.092276830,Chairs,754.45
CA-2017-156503,Accessories,0.486459378,Accessories,22.704
CA-2017-156503,Chairs,0.486459378,Chairs,102.592
CA-2017-156503,Envelopes,0.486459378,Envelopes,35.008
CA-2017-156503,Paper,0.486459378,Paper,132.176
CA-2017-156503,Supplies,0.486459378,Supplies,12.768
CA-2017-156573,Art,0.484453360,Art,4.448
CA-2017-156573,Binders,0.484453360,Binders,11.277
CA-2017-156573,Furnishings,0.484453360,Furnishings,44.76
CA-2017-156685,Art,0.081243731,Art,47.616
CA-2017-156685,Phones,0.081243731,Phones,863.64
CA-2017-156748,Chairs,0.479438315,Chairs,389.97
CA-2017-156748,Paper,0.479438315,Paper,47.12
CA-2017-156748,Storage,0.479438315,Storage,496.86
CA-2017-156811,Appliances,0.877632899,Appliances,43.92
CA-2017-156811,Binders,0.877632899,Binders,25.032
CA-2017-157000,Paper,0.072216650,Paper,20.016
CA-2017-157000,Storage,0.072216650,Storage,37.224
CA-2017-157161,Accessories,0.867602808,Accessories,75.98
CA-2017-157161,Art,0.867602808,Art,22.32
CA-2017-157161,Binders,0.867602808,Binders,30.56
CA-2017-157161,Envelopes,0.867602808,Envelopes,10.2
CA-2017-157161,Paper,0.867602808,Paper,60.12
CA-2017-157217,Accessories,0.665997994,Accessories,389.97
CA-2017-157217,Phones,0.665997994,Phones,35.984
CA-2017-157245,Chairs,0.065195587,Chairs,641.96
CA-2017-157259,Furnishings,0.264794383,Furnishings,799.56
CA-2017-157266,Binders,0.864593781,Binders,9.64
CA-2017-157266,Furnishings,0.864593781,Furnishings,41.37
CA-2017-157266,Paper,0.864593781,Paper,32.14
CA-2017-157280,Accessories,0.064192578,Accessories,89.97
CA-2017-157280,Furnishings,0.064192578,Furnishings,"1,030.76"
CA-2017-157336,Binders,0.862587763,Binders,88.08
CA-2017-157336,Chairs,0.862587763,Chairs,751.92
CA-2017-157364,Art,0.261785356,Art,18.48
CA-2017-157511,Art,0.857572718,Art,2.672
CA-2017-157511,Chairs,0.857572718,Chairs,99.372
CA-2017-157511,Furnishings,0.857572718,Furnishings,5.352
CA-2017-157588,Binders,0.455366098,Binders,36.4
CA-2017-157588,Furnishings,0.455366098,Furnishings,51.75
CA-2017-157686,Chairs,0.852557673,Chairs,194.848
CA-2017-157707,Bookcases,0.651955868,Bookcases,90.882
CA-2017-157707,Chairs,0.651955868,Chairs,120.784
CA-2017-157707,Phones,0.651955868,Phones,15.992
CA-2017-157714,Paper,0.251755266,Paper,9.99
CA-2017-157742,Envelopes,0.650952859,Envelopes,27.792
CA-2017-157749,Art,0.250752257,Art,7.408
CA-2017-157749,Furnishings,0.250752257,Furnishings,435.412
CA-2017-157749,Paper,0.250752257,Paper,25.92
CA-2017-157749,Phones,0.250752257,Phones,31.984
CA-2017-157749,Tables,0.250752257,Tables,177.225
CA-2017-157763,Chairs,0.450351053,Chairs,140.81
CA-2017-157791,Copiers,0.849548646,Copiers,"1,999.96"
CA-2017-157868,Fasteners,0.447342026,Fasteners,24.85
CA-2017-158001,Appliances,0.843530592,Appliances,"1,040.8"
CA-2017-158001,Art,0.843530592,Art,50.64
CA-2017-158043,Envelopes,0.442326981,Envelopes,23.36
CA-2017-158099,Binders,0.240722166,Binders,"1,141.47"
CA-2017-158099,Phones,0.240722166,Phones,280.782
CA-2017-158155,Binders,0.039117352,Binders,90.48
CA-2017-158155,Furnishings,0.039117352,Furnishings,227.26
CA-2017-158155,Paper,0.039117352,Paper,13.08
CA-2017-158211,Art,0.837512538,Art,4.672
CA-2017-158211,Binders,0.837512538,Binders,104.58
CA-2017-158260,Machines,0.036108325,Machines,686.4
CA-2017-158302,Paper,0.634904714,Paper,10.584
CA-2017-158358,Accessories,0.433299900,Accessories,159.98
CA-2017-158435,Furnishings,0.031093280,Furnishings,173.24
CA-2017-158435,Labels,0.031093280,Labels,14.62
CA-2017-158435,Supplies,0.031093280,Supplies,65.17
CA-2017-158547,Appliances,0.627883651,Appliances,123.92
CA-2017-158568,Accessories,0.427281846,Accessories,95.976
CA-2017-158568,Binders,0.427281846,Binders,1.788
CA-2017-158568,Paper,0.427281846,Paper,64.624
CA-2017-158575,Appliances,0.027081244,Appliances,103.968
CA-2017-158610,Storage,0.026078235,Storage,69.52
CA-2017-158617,Paper,0.625877633,Paper,35.88
CA-2017-158694,Appliances,0.223671013,Appliances,129.92
CA-2017-158694,Art,0.223671013,Art,14.7
CA-2017-158694,Binders,0.223671013,Binders,5.184
CA-2017-158694,Furnishings,0.223671013,Furnishings,467.46
CA-2017-158694,Paper,0.223671013,Paper,129.11
CA-2017-158694,Storage,0.223671013,Storage,720.76
CA-2017-158778,Art,0.421263791,Art,7.872
CA-2017-158778,Chairs,0.421263791,Chairs,958.517
CA-2017-158778,Furnishings,0.421263791,Furnishings,58.248
CA-2017-158806,Furnishings,0.820461384,Furnishings,23.076
CA-2017-158806,Paper,0.820461384,Paper,25.92
CA-2017-158834,Appliances,0.219658977,Appliances,157.92
CA-2017-158834,Phones,0.219658977,Phones,203.184
CA-2017-158841,Binders,0.819458375,Binders,36.4
CA-2017-158841,Furnishings,0.819458375,Furnishings,18.69
CA-2017-158841,Machines,0.819458375,Machines,"8,749.95"
CA-2017-158869,Paper,0.218655968,Paper,70.88
CA-2017-158925,Paper,0.017051153,Paper,15.552
CA-2017-159009,Binders,0.214643932,Binders,13.216
CA-2017-159009,Chairs,0.214643932,Chairs,184.752
CA-2017-159016,Paper,0.814443330,Paper,14.9
CA-2017-159016,Phones,0.814443330,Phones,"4,158.912"
CA-2017-159023,Binders,0.414242728,Binders,4.158
CA-2017-159023,Machines,0.414242728,Machines,179.991
CA-2017-159142,Paper,0.610832497,Paper,27.81
CA-2017-159142,Phones,0.610832497,Phones,149.97
CA-2017-159212,Envelopes,0.608826479,Envelopes,251.79
CA-2017-159212,Phones,0.608826479,Phones,21.8
CA-2017-159345,Paper,0.005015045,Paper,111.96
CA-2017-159373,Binders,0.404212638,Binders,1.272
CA-2017-159373,Paper,0.404212638,Paper,70.08
CA-2017-159373,Tables,0.404212638,Tables,557.585
CA-2017-159639,Furnishings,0.196589769,Furnishings,31.56
CA-2017-159653,Labels,0.396188566,Labels,14.73
CA-2017-159695,Storage,0.994984955,Storage,158.368
CA-2017-159730,Chairs,0.993981946,Chairs,113.888
CA-2017-159730,Phones,0.993981946,Phones,105.584
CA-2017-159737,Binders,0.593781344,Binders,8.808
CA-2017-159765,Art,0.992978937,Art,27.86
CA-2017-159891,Binders,0.789368104,Binders,"1,270.99"
CA-2017-159891,Envelopes,0.789368104,Envelopes,125.36
CA-2017-159912,Binders,0.588766299,Binders,3.486
CA-2017-159912,Bookcases,0.588766299,Bookcases,163.88
CA-2017-159912,Fasteners,0.588766299,Fasteners,10.584
CA-2017-159912,Tables,0.588766299,Tables,241.92
CA-2017-159940,Chairs,0.987963892,Chairs,253.372
CA-2017-159940,Fasteners,0.987963892,Fasteners,2.632
CA-2017-159940,Furnishings,0.987963892,Furnishings,60.288
CA-2017-159940,Paper,0.987963892,Paper,23.688
CA-2017-159989,Phones,0.186559679,Phones,40.68
CA-2017-160108,Bookcases,0.383149448,Bookcases,405.86
CA-2017-160108,Chairs,0.383149448,Chairs,680.01
CA-2017-160129,Fasteners,0.182547643,Fasteners,15.8
CA-2017-160129,Furnishings,0.182547643,Furnishings,84.816
CA-2017-160136,Paper,0.782347041,Paper,9.248
CA-2017-160220,Phones,0.979939819,Phones,317.68
CA-2017-160220,Storage,0.979939819,Storage,20.86
CA-2017-160234,Phones,0.179538616,Phones,135.95
CA-2017-160241,Furnishings,0.779338014,Furnishings,242.176
CA-2017-160304,Bookcases,0.177532598,Bookcases,173.94
CA-2017-160304,Phones,0.177532598,Phones,231.98
CA-2017-160395,Art,0.974924774,Art,3.64
CA-2017-160395,Binders,0.974924774,Binders,159.768
CA-2017-160479,Art,0.172517553,Art,35.4
CA-2017-160486,Paper,0.772316951,Paper,72.224
CA-2017-160500,Binders,0.971915747,Binders,6.72
CA-2017-160500,Tables,0.971915747,Tables,298.776
CA-2017-160535,Machines,0.970912738,Machines,319.92
CA-2017-160535,Storage,0.970912738,Storage,563.4
CA-2017-160598,Paper,0.369107322,Paper,31.008
CA-2017-160717,Accessories,0.565697091,Accessories,26.96
CA-2017-160717,Phones,0.565697091,Phones,"3,501.528"
CA-2017-160745,Accessories,0.964894684,Accessories,316
CA-2017-160745,Furnishings,0.964894684,Furnishings,14.8
CA-2017-160745,Phones,0.964894684,Phones,302.376
CA-2017-160815,Phones,0.962888666,Phones,278.4
CA-2017-160941,Envelopes,0.759277834,Envelopes,419.9
CA-2017-160941,Labels,0.759277834,Labels,3.15
CA-2017-161025,Storage,0.956870612,Storage,772.68
CA-2017-161095,Binders,0.954864594,Binders,41.32
CA-2017-161158,Art,0.353059178,Art,8
CA-2017-161207,Supplies,0.551654965,Supplies,27.93
CA-2017-161361,Binders,0.747241725,Binders,17.04
CA-2017-161361,Paper,0.747241725,Paper,17.64
CA-2017-161389,Binders,0.146439318,Binders,407.976
CA-2017-161473,Binders,0.344032096,Binders,14.352
CA-2017-161473,Labels,0.344032096,Labels,20.7
CA-2017-161473,Supplies,0.344032096,Supplies,10.95
CA-2017-161543,Paper,0.342026078,Paper,11.96
CA-2017-161662,Paper,0.538615848,Paper,30.352
CA-2017-161669,Binders,0.138415246,Binders,64.416
CA-2017-161669,Labels,0.138415246,Labels,14.62
CA-2017-161669,Supplies,0.138415246,Supplies,11.36
CA-2017-161676,Supplies,0.738214644,Supplies,33.8
CA-2017-161746,Art,0.736208626,Art,12.39
CA-2017-161746,Chairs,0.736208626,Chairs,242.136
CA-2017-161746,Furnishings,0.736208626,Furnishings,19.96
CA-2017-161746,Storage,0.736208626,Storage,340.92
CA-2017-161781,Art,0.735205617,Art,40.88
CA-2017-161816,Labels,0.734202608,Labels,15.712
CA-2017-161816,Phones,0.734202608,Phones,369.576
CA-2017-161907,Phones,0.531594784,Phones,118.782
CA-2017-161907,Supplies,0.531594784,Supplies,769.184
CA-2017-161928,Phones,0.330992979,Phones,201.584
CA-2017-162082,Art,0.526579739,Art,145.544
CA-2017-162082,Bookcases,0.526579739,Bookcases,241.332
CA-2017-162082,Paper,0.526579739,Paper,5.184
CA-2017-162110,Phones,0.925777332,Phones,55.992
CA-2017-162138,Accessories,0.324974925,Accessories,99.99
CA-2017-162138,Binders,0.324974925,Binders,251.52
CA-2017-162159,Chairs,0.124373119,Chairs,121.78
CA-2017-162187,Appliances,0.523570712,Appliances,387.136
CA-2017-162187,Chairs,0.523570712,Chairs,458.43
CA-2017-162187,Storage,0.523570712,Storage,64.96
CA-2017-162187,Supplies,0.523570712,Supplies,13.52
CA-2017-162187,Tables,0.523570712,Tables,328.59
CA-2017-162222,Paper,0.522567703,Paper,10.272
CA-2017-162236,Storage,0.722166499,Storage,45.248
CA-2017-162236,Supplies,0.722166499,Supplies,185.376
CA-2017-162236,Tables,0.722166499,Tables,876.3
CA-2017-162313,Appliances,0.319959880,Appliances,167.292
CA-2017-162348,Furnishings,0.318956871,Furnishings,9.98
CA-2017-162355,Art,0.918756269,Art,35.97
CA-2017-162355,Bookcases,0.918756269,Bookcases,"1,266.86"
CA-2017-162383,Binders,0.317953862,Binders,17.808
CA-2017-162383,Chairs,0.317953862,Chairs,85.246
CA-2017-162390,Binders,0.917753260,Binders,"1,191.096"
CA-2017-162390,Copiers,0.917753260,Copiers,479.984
CA-2017-162404,Binders,0.117352056,Binders,11.416
CA-2017-162614,Binders,0.111334002,Binders,27.264
CA-2017-162726,Paper,0.708124373,Paper,34.048
CA-2017-162733,Paper,0.307923771,Paper,5.98
CA-2017-162747,Furnishings,0.507522568,Furnishings,86.45
CA-2017-162901,Storage,0.703109328,Storage,31.4
CA-2017-162943,Chairs,0.301905717,Chairs,253.764
CA-2017-163048,Chairs,0.298896690,Chairs,241.5
CA-2017-163153,Art,0.295887663,Art,1.344
CA-2017-163153,Tables,0.295887663,Tables,99.372
CA-2017-163167,Accessories,0.495486459,Accessories,101.7
CA-2017-163167,Chairs,0.495486459,Chairs,182.67
CA-2017-163167,Storage,0.495486459,Storage,"2,389.32"
CA-2017-163174,Furnishings,0.095285858,Furnishings,186.54
CA-2017-163202,Binders,0.494483450,Binders,2.907
CA-2017-163216,Labels,0.694082247,Labels,4.928
CA-2017-163328,Chairs,0.290872618,Chairs,755.136
CA-2017-163328,Labels,0.290872618,Labels,629.184
CA-2017-163328,Paper,0.290872618,Paper,63.128
CA-2017-163328,Supplies,0.290872618,Supplies,17.584
CA-2017-163384,Binders,0.089267803,Binders,13.216
CA-2017-163384,Paper,0.089267803,Paper,32.4
CA-2017-163398,Appliances,0.288866600,Appliances,26.406
CA-2017-163398,Art,0.288866600,Art,27.384
CA-2017-163398,Binders,0.288866600,Binders,2.182
CA-2017-163573,Binders,0.283851555,Binders,"1,219.96"
CA-2017-163594,Binders,0.083249749,Binders,36.624
CA-2017-163594,Chairs,0.083249749,Chairs,194.352
CA-2017-163594,Paper,0.083249749,Paper,19.44
CA-2017-163636,Art,0.682046138,Art,3.536
CA-2017-163755,Furnishings,0.878635908,Furnishings,209.88
CA-2017-163776,Binders,0.678034102,Binders,86.16
CA-2017-163776,Bookcases,0.678034102,Bookcases,504.9
CA-2017-163776,Furnishings,0.678034102,Furnishings,185.58
CA-2017-163776,Paper,0.678034102,Paper,245.94
CA-2017-163776,Storage,0.678034102,Storage,87.92
CA-2017-163804,Furnishings,0.077231695,Furnishings,72.42
CA-2017-163804,Phones,0.077231695,Phones,629.95
CA-2017-163804,Storage,0.077231695,Storage,"2,079.4"
CA-2017-163937,Furnishings,0.473420261,Furnishings,24.85
CA-2017-163951,Art,0.673019057,Art,16.52
CA-2017-163972,Bookcases,0.472417252,Bookcases,120.666
CA-2017-163986,Storage,0.672016048,Storage,54.5
CA-2017-164035,Paper,0.870611836,Paper,23.12
CA-2017-164091,Furnishings,0.669007021,Furnishings,109.48
CA-2017-164091,Phones,0.669007021,Phones,437.85
CA-2017-164154,Binders,0.067201605,Binders,22.428
CA-2017-164154,Storage,0.067201605,Storage,37.52
CA-2017-164350,Art,0.861584754,Art,67.56
CA-2017-164399,Phones,0.060180542,Phones,203.976
CA-2017-164399,Tables,0.060180542,Tables,674.352
CA-2017-164483,Binders,0.257773320,Binders,17.456
CA-2017-164490,Paper,0.857572718,Paper,9.248
CA-2017-164511,Binders,0.656970913,Binders,14.352
CA-2017-164511,Storage,0.656970913,Storage,133.56
CA-2017-164574,Binders,0.055165496,Binders,27.396
CA-2017-164574,Storage,0.055165496,Storage,704.76
CA-2017-164637,Binders,0.453360080,Binders,128.4
CA-2017-164672,Furnishings,0.452357071,Furnishings,211.96
CA-2017-164735,Storage,0.850551655,Storage,81.2
CA-2017-164770,Bookcases,0.849548646,Bookcases,781.864
CA-2017-164770,Paper,0.849548646,Paper,30.816
CA-2017-164784,Binders,0.049147442,Binders,2.742
CA-2017-164784,Labels,0.049147442,Labels,3.984
CA-2017-164784,Tables,0.049147442,Tables,370.62
CA-2017-164889,Tables,0.046138415,Tables,71.088
CA-2017-164896,Paper,0.645937813,Paper,12.9
CA-2017-164924,Machines,0.045135406,Machines,341.991
CA-2017-164938,Phones,0.244734203,Phones,69.93
CA-2017-165015,Envelopes,0.842527583,Envelopes,46.72
CA-2017-165148,Furnishings,0.238716148,Furnishings,31.4
CA-2017-165169,Art,0.038114343,Art,11.16
CA-2017-165169,Labels,0.038114343,Labels,14.94
CA-2017-165169,Storage,0.038114343,Storage,360.38
CA-2017-165218,Envelopes,0.236710130,Envelopes,149.352
CA-2017-165218,Storage,0.236710130,Storage,12.992
CA-2017-165316,Appliances,0.633901705,Appliances,23.696
CA-2017-165316,Art,0.633901705,Art,35.216
CA-2017-165316,Machines,0.633901705,Machines,265.475
CA-2017-165330,Accessories,0.833500502,Accessories,119.96
CA-2017-165330,Appliances,0.833500502,Appliances,83.42
CA-2017-165330,Art,0.833500502,Art,23.32
CA-2017-165330,Binders,0.833500502,Binders,373.968
CA-2017-165330,Chairs,0.833500502,Chairs,363.92
CA-2017-165330,Paper,0.833500502,Paper,30.98
CA-2017-165330,Storage,0.833500502,Storage,50.22
CA-2017-165330,Tables,0.833500502,Tables,892.136
CA-2017-165470,Paper,0.829488465,Paper,5.08
CA-2017-165484,Furnishings,0.029087262,Furnishings,16.156
CA-2017-165484,Paper,0.029087262,Paper,54.816
CA-2017-165561,Supplies,0.626880642,Supplies,25.35
CA-2017-165673,Paper,0.223671013,Paper,15.232
CA-2017-165820,Paper,0.819458375,Paper,12.96
CA-2017-165827,Furnishings,0.419257773,Furnishings,50.496
CA-2017-165848,Bookcases,0.218655968,Bookcases,136.784
CA-2017-165848,Furnishings,0.218655968,Furnishings,61.12
CA-2017-165848,Machines,0.218655968,Machines,"1,349.85"
CA-2017-165848,Paper,0.218655968,Paper,14.94
CA-2017-165918,Binders,0.216649950,Binders,53.88
CA-2017-165918,Labels,0.216649950,Labels,7.38
CA-2017-165918,Paper,0.216649950,Paper,81.98
CA-2017-165995,Furnishings,0.814443330,Furnishings,47.04
CA-2017-165995,Phones,0.814443330,Phones,339.96
CA-2017-166163,Labels,0.209628887,Labels,3.15
CA-2017-166163,Phones,0.209628887,Phones,71.976
CA-2017-166226,Appliances,0.607823470,Appliances,67.84
CA-2017-166226,Phones,0.607823470,Phones,61.192
CA-2017-166240,Appliances,0.807422267,Appliances,8.712
CA-2017-166275,Accessories,0.806419258,Accessories,199.99
CA-2017-166282,Accessories,0.406218656,Accessories,35.168
CA-2017-166282,Paper,0.406218656,Paper,123.088
CA-2017-166373,Accessories,0.203610832,Accessories,106.08
CA-2017-166380,Accessories,0.803410231,Accessories,111.98
CA-2017-166380,Envelopes,0.803410231,Envelopes,26.55
CA-2017-166429,Copiers,0.002006018,Copiers,999.98
CA-2017-166443,Furnishings,0.201604814,Furnishings,38.29
CA-2017-166485,Paper,0.800401204,Paper,16.496
CA-2017-166618,Art,0.196589769,Art,23.65
CA-2017-166618,Phones,0.196589769,Phones,13.98
CA-2017-166625,Binders,0.796389168,Binders,25.06
CA-2017-166653,Envelopes,0.195586760,Envelopes,63.968
CA-2017-166674,Art,0.994984955,Art,363.72
CA-2017-166674,Phones,0.994984955,Phones,35.12
CA-2017-166674,Storage,0.994984955,Storage,161.94
CA-2017-166772,Bookcases,0.392176530,Bookcases,163.88
CA-2017-166912,Paper,0.388164493,Paper,81.98
CA-2017-167115,Binders,0.782347041,Binders,588.784
CA-2017-167241,Furnishings,0.578736209,Furnishings,312.03
CA-2017-167241,Paper,0.578736209,Paper,37.52
CA-2017-167241,Phones,0.578736209,Phones,165.6
CA-2017-167241,Storage,0.578736209,Storage,17.94
CA-2017-167290,Art,0.777331996,Art,11.68
CA-2017-167416,Envelopes,0.573721163,Envelopes,54.9
CA-2017-167507,Binders,0.371113340,Binders,31.32
CA-2017-167507,Furnishings,0.371113340,Furnishings,34.624
CA-2017-167556,Binders,0.569709127,Binders,71.128
CA-2017-167556,Furnishings,0.569709127,Furnishings,414
CA-2017-167556,Paper,0.569709127,Paper,13.48
CA-2017-167584,Paper,0.968906720,Paper,6.48
CA-2017-167605,Furnishings,0.768304915,Furnishings,30.344
CA-2017-167682,Furnishings,0.366098295,Furnishings,71.12
CA-2017-167682,Phones,0.366098295,Phones,259.96
CA-2017-167759,Phones,0.963891675,Phones,134.85
CA-2017-167983,Binders,0.157472417,Binders,33.44
CA-2017-168032,Binders,0.356068205,Binders,1.728
CA-2017-168032,Phones,0.356068205,Phones,"1,439.968"
CA-2017-168032,Tables,0.356068205,Tables,626.1
CA-2017-168046,Binders,0.555667001,Binders,43.12
CA-2017-168046,Furnishings,0.555667001,Furnishings,45.98
CA-2017-168046,Storage,0.555667001,Storage,428.68
CA-2017-168046,Tables,0.555667001,Tables,313.722
CA-2017-168081,Accessories,0.554663992,Accessories,258.696
CA-2017-168354,Binders,0.946840522,Binders,49.53
CA-2017-168354,Chairs,0.946840522,Chairs,872.32
CA-2017-168354,Paper,0.946840522,Paper,17.04
CA-2017-168354,Storage,0.946840522,Storage,"1,606.23"
CA-2017-168361,Binders,0.546639920,Binders,0.836
CA-2017-168536,Accessories,0.541624875,Accessories,66.3
CA-2017-168543,Appliances,0.141424273,Appliances,706.86
CA-2017-168557,Binders,0.341023069,Binders,8.928
CA-2017-168753,Binders,0.135406219,Binders,22.75
CA-2017-168753,Phones,0.135406219,Phones,979.95
CA-2017-168774,Storage,0.934804413,Storage,535.41
CA-2017-168830,Accessories,0.733199599,Accessories,479.97
CA-2017-168844,Binders,0.932798395,Binders,7.152
CA-2017-168844,Phones,0.932798395,Phones,179.7
CA-2017-168893,Art,0.131394183,Art,16.73
CA-2017-168893,Fasteners,0.131394183,Fasteners,20
CA-2017-168893,Furnishings,0.131394183,Furnishings,24.1
CA-2017-168893,Tables,0.131394183,Tables,842.94
CA-2017-168921,Binders,0.530591775,Binders,19.296
CA-2017-168956,Appliances,0.529588766,Appliances,92.064
CA-2017-168956,Chairs,0.529588766,Chairs,62.958
CA-2017-168956,Fasteners,0.529588766,Fasteners,6.976
CA-2017-168956,Paper,0.529588766,Paper,5.184
CA-2017-169026,Fasteners,0.527582748,Fasteners,23.34
CA-2017-169103,Furnishings,0.125376128,Furnishings,102.36
CA-2017-169103,Phones,0.125376128,Phones,"1,363.96"
CA-2017-169166,Accessories,0.523570712,Accessories,93.98
CA-2017-169194,Accessories,0.922768305,Accessories,45
CA-2017-169194,Phones,0.922768305,Phones,21.8
CA-2017-169215,Fasteners,0.722166499,Fasteners,29.61
CA-2017-169334,Storage,0.918756269,Storage,111.672
CA-2017-169663,Accessories,0.109327984,Accessories,26.85
CA-2017-169663,Machines,0.109327984,Machines,"3,357.6"
CA-2017-169670,Chairs,0.709127382,Chairs,"2,563.056"
CA-2017-169824,Art,0.904714142,Art,11.2
CA-2017-169824,Furnishings,0.904714142,Furnishings,60.35
CA-2017-169824,Supplies,0.904714142,Supplies,35.52
CA-2017-169838,Accessories,0.104312939,Accessories,160
CA-2017-169838,Binders,0.104312939,Binders,17.3
CA-2017-169838,Tables,0.104312939,Tables,"1,568.61"
CA-2017-169887,Art,0.302908726,Art,8.34
CA-2017-169887,Furnishings,0.302908726,Furnishings,101.94
CA-2017-169887,Paper,0.302908726,Paper,6.68
CA-2017-169922,Binders,0.301905717,Binders,9.616
CA-2017-169922,Furnishings,0.301905717,Furnishings,12.544
CA-2017-169943,Appliances,0.101303912,Appliances,242.9
CA-2017-169943,Binders,0.101303912,Binders,47.744
CA-2017-169943,Furnishings,0.101303912,Furnishings,75.68
CA-2017-169943,Storage,0.101303912,Storage,454.9
CA-2017-169957,Accessories,0.300902708,Accessories,100
CA-2017-169957,Appliances,0.300902708,Appliances,236.88
CA-2017-169957,Paper,0.300902708,Paper,29.9
CA-2017-169971,Art,0.500501505,Art,66.288
CA-2018-100013,Art,0.105315948,Art,5.68
CA-2018-100013,Envelopes,0.105315948,Envelopes,15.28
CA-2018-100013,Furnishings,0.105315948,Furnishings,8.73
CA-2018-100055,Appliances,0.704112337,Appliances,125.13
CA-2018-100055,Furnishings,0.704112337,Furnishings,27.46
CA-2018-100097,Furnishings,0.302908726,Furnishings,135.3
CA-2018-100097,Phones,0.302908726,Phones,979.95
CA-2018-100111,Accessories,0.502507523,Accessories,345.41
CA-2018-100111,Binders,0.502507523,Binders,11.784
CA-2018-100111,Chairs,0.502507523,Chairs,"5,496.174"
CA-2018-100111,Fasteners,0.502507523,Fasteners,4.36
CA-2018-100111,Paper,0.502507523,Paper,52.28
CA-2018-100111,Phones,0.502507523,Phones,"1,404.51"
CA-2018-100111,Storage,0.502507523,Storage,45.4
CA-2018-100160,Envelopes,0.701103310,Envelopes,4.896
CA-2018-100160,Labels,0.701103310,Labels,29.24
CA-2018-100160,Paper,0.701103310,Paper,15.552
CA-2018-100223,Binders,0.099297894,Binders,17.71
CA-2018-100223,Furnishings,0.099297894,Furnishings,332.028
CA-2018-100223,Paper,0.099297894,Paper,46.656
CA-2018-100230,Binders,0.699097292,Binders,14.952
CA-2018-100230,Paper,0.699097292,Paper,17.94
CA-2018-100230,Phones,0.699097292,Phones,116.98
CA-2018-100237,Art,0.298896690,Art,11.68
CA-2018-100314,Envelopes,0.896690070,Envelopes,27.968
CA-2018-100314,Labels,0.896690070,Labels,7.968
CA-2018-100314,Machines,0.896690070,Machines,336.51
CA-2018-100335,Paper,0.696088265,Paper,73.008
CA-2018-100356,Appliances,0.495486459,Appliances,23.992
CA-2018-100384,Art,0.894684052,Art,421.42
CA-2018-100412,Chairs,0.293881645,Chairs,141.96
CA-2018-100426,Paper,0.493480441,Paper,12.48
CA-2018-100433,Paper,0.093279840,Paper,25.92
CA-2018-100524,Furnishings,0.890672016,Furnishings,29.78
CA-2018-100524,Paper,0.890672016,Paper,75.04
CA-2018-100524,Phones,0.890672016,Phones,677.58
CA-2018-100580,Binders,0.689067202,Binders,36.024
CA-2018-100601,Storage,0.488465396,Storage,48.86
CA-2018-100615,Art,0.688064193,Art,15.76
CA-2018-100615,Chairs,0.688064193,Chairs,317.058
CA-2018-100615,Furnishings,0.688064193,Furnishings,14.56
CA-2018-100622,Art,0.287863591,Art,55.984
CA-2018-100622,Binders,0.287863591,Binders,4.086
CA-2018-100622,Copiers,0.287863591,Copiers,959.984
CA-2018-100622,Paper,0.287863591,Paper,10.688
CA-2018-100636,Storage,0.487462387,Storage,272.94
CA-2018-100650,Storage,0.687061184,Storage,"1,295.78"
CA-2018-100748,Labels,0.084252758,Labels,58.48
CA-2018-100783,Art,0.083249749,Art,30.384
CA-2018-100811,Paper,0.482447342,Paper,8.448
CA-2018-100811,Storage,0.482447342,Storage,39.296
CA-2018-100825,Storage,0.682046138,Storage,99.87
CA-2018-100902,Accessories,0.279839519,Accessories,431.16
CA-2018-100902,Paper,0.279839519,Paper,268.24
CA-2018-100951,Storage,0.478435306,Storage,720.76
CA-2018-101014,Furnishings,0.876629890,Furnishings,148.02
CA-2018-101042,Binders,0.275827482,Binders,21.96
CA-2018-101042,Furnishings,0.275827482,Furnishings,821.88
CA-2018-101049,Binders,0.875626881,Binders,41.256
CA-2018-101049,Furnishings,0.875626881,Furnishings,17.92
CA-2018-101077,Paper,0.274824473,Paper,6.848
CA-2018-101182,Paper,0.271815446,Paper,12.96
CA-2018-101182,Phones,0.271815446,Phones,43.176
CA-2018-101210,Art,0.671013039,Art,9.728
CA-2018-101210,Paper,0.671013039,Paper,3.424
CA-2018-101245,Accessories,0.670010030,Accessories,166.16
CA-2018-101245,Paper,0.670010030,Paper,244.55
CA-2018-101273,Appliances,0.069207623,Appliances,14.336
CA-2018-101308,Fasteners,0.068204614,Fasteners,8.94
CA-2018-101308,Phones,0.068204614,Phones,84.784
CA-2018-101322,Chairs,0.267803410,Chairs,340.704
CA-2018-101434,Accessories,0.864593781,Accessories,239.97
CA-2018-101434,Labels,0.864593781,Labels,9.82
CA-2018-101483,Appliances,0.063189569,Appliances,34.848
CA-2018-101483,Art,0.063189569,Art,4.368
CA-2018-101483,Phones,0.063189569,Phones,22
CA-2018-101574,Furnishings,0.860581745,Furnishings,9.24
CA-2018-101581,Tables,0.460381143,Tables,177.225
CA-2018-101637,Storage,0.258776329,Storage,12.768
CA-2018-101665,Art,0.657973922,Art,5.16
CA-2018-101700,Envelopes,0.656970913,Envelopes,18.688
CA-2018-101700,Furnishings,0.656970913,Furnishings,11.664
CA-2018-101728,Binders,0.056168506,Binders,2.296
CA-2018-101749,Tables,0.855566700,Tables,171.288
CA-2018-101798,Accessories,0.054162487,Accessories,39.98
CA-2018-101798,Binders,0.054162487,Binders,23.36
CA-2018-101805,Binders,0.653961886,Binders,15.92
CA-2018-101805,Furnishings,0.653961886,Furnishings,70.68
CA-2018-101805,Storage,0.653961886,Storage,541.24
CA-2018-101945,Fasteners,0.649949850,Fasteners,10.824
CA-2018-101959,Binders,0.849548646,Binders,9.84
CA-2018-101959,Paper,0.849548646,Paper,7.78
CA-2018-102099,Art,0.845536610,Art,6.63
CA-2018-102099,Paper,0.845536610,Paper,45.36
CA-2018-102155,Paper,0.643931795,Paper,13.56
CA-2018-102155,Storage,0.643931795,Storage,360.38
CA-2018-102197,Binders,0.242728185,Binders,50.352
CA-2018-102197,Paper,0.242728185,Paper,313.92
CA-2018-102204,Chairs,0.842527583,Chairs,"2,803.92"
CA-2018-102204,Supplies,0.842527583,Supplies,3.328
CA-2018-102204,Tables,0.842527583,Tables,933.262
CA-2018-102218,Labels,0.042126379,Labels,11.696
CA-2018-102267,Fasteners,0.240722166,Fasteners,2.368
CA-2018-102309,Accessories,0.839518556,Accessories,199.95
CA-2018-102309,Paper,0.839518556,Paper,12.96
CA-2018-102337,Chairs,0.238716148,Chairs,470.302
CA-2018-102337,Phones,0.238716148,Phones,47.984
CA-2018-102337,Storage,0.238716148,Storage,164.736
CA-2018-102379,Art,0.837512538,Art,179.9
CA-2018-102379,Chairs,0.837512538,Chairs,"1,159.056"
CA-2018-102379,Phones,0.837512538,Phones,39.992
CA-2018-102407,Appliances,0.236710130,Appliances,189
CA-2018-102407,Art,0.236710130,Art,11.16
CA-2018-102407,Tables,0.236710130,Tables,896.328
CA-2018-102414,Binders,0.836509529,Binders,4.752
CA-2018-102414,Paper,0.836509529,Paper,15.552
CA-2018-102414,Phones,0.836509529,Phones,29.592
CA-2018-102519,Accessories,0.833500502,Accessories,143.73
CA-2018-102519,Furnishings,0.833500502,Furnishings,46.94
CA-2018-102554,Art,0.832497492,Art,3.76
CA-2018-102610,Accessories,0.630892678,Accessories,95.976
CA-2018-102610,Binders,0.630892678,Binders,3.564
CA-2018-102610,Labels,0.630892678,Labels,4.928
CA-2018-102610,Phones,0.630892678,Phones,143.928
CA-2018-102659,Binders,0.829488465,Binders,54.9
CA-2018-102729,Storage,0.827482447,Storage,55.616
CA-2018-102736,Accessories,0.427281846,Accessories,89.568
CA-2018-102736,Art,0.427281846,Art,71.96
CA-2018-102736,Paper,0.427281846,Paper,15.552
CA-2018-102750,Tables,0.626880642,Tables,"1,322.352"
CA-2018-102771,Phones,0.426278837,Phones,84.95
CA-2018-102820,Phones,0.624874624,Phones,419.944
CA-2018-102834,Accessories,0.824473420,Accessories,199.98
CA-2018-102925,Binders,0.621865597,Binders,176.112
CA-2018-102925,Chairs,0.621865597,Chairs,128.124
CA-2018-102925,Furnishings,0.621865597,Furnishings,101.4
CA-2018-102925,Paper,0.621865597,Paper,123.92
CA-2018-102925,Phones,0.621865597,Phones,99.98
CA-2018-102925,Tables,0.621865597,Tables,166.5
CA-2018-102946,Binders,0.421263791,Binders,75.792
CA-2018-102967,Storage,0.220661986,Storage,67.4
CA-2018-102974,Accessories,0.820461384,Accessories,149.95
CA-2018-102974,Art,0.820461384,Art,40.06
CA-2018-103009,Paper,0.819458375,Paper,26.4
CA-2018-103065,Art,0.617853561,Art,4.448
CA-2018-103065,Furnishings,0.617853561,Furnishings,43.936
CA-2018-103065,Paper,0.617853561,Paper,6.672
CA-2018-103065,Storage,0.617853561,Storage,4.768
CA-2018-103156,Furnishings,0.415245737,Furnishings,24.048
CA-2018-103212,Labels,0.213640923,Labels,11.07
CA-2018-103212,Paper,0.213640923,Paper,25.92
CA-2018-103212,Tables,0.213640923,Tables,"1,504.52"
CA-2018-103352,Art,0.209628887,Art,6.99
CA-2018-103352,Binders,0.209628887,Binders,107.424
CA-2018-103380,Appliances,0.608826479,Appliances,8.62
CA-2018-103380,Art,0.608826479,Art,5.56
CA-2018-103380,Fasteners,0.608826479,Fasteners,9.02
CA-2018-103380,Phones,0.608826479,Phones,659.976
CA-2018-103380,Storage,0.608826479,Storage,56.56
CA-2018-103415,Furnishings,0.607823470,Furnishings,13.592
CA-2018-103443,Binders,0.007021063,Binders,24.816
CA-2018-103443,Furnishings,0.007021063,Furnishings,124.36
CA-2018-103443,Storage,0.007021063,Storage,166.72
CA-2018-103478,Binders,0.006018054,Binders,97.056
CA-2018-103499,Chairs,0.805416249,Chairs,209.568
CA-2018-103506,Labels,0.405215647,Labels,41.4
CA-2018-103520,Paper,0.604814443,Paper,9.248
CA-2018-103611,Furnishings,0.402206620,Furnishings,8.36
CA-2018-103765,Appliances,0.597793380,Appliances,13.762
CA-2018-103877,Binders,0.194583751,Binders,"1,577.94"
CA-2018-103968,Furnishings,0.991975928,Furnishings,629.64
CA-2018-104003,Bookcases,0.990972919,Bookcases,307.666
CA-2018-104010,Supplies,0.590772317,Supplies,54.9
CA-2018-104024,Art,0.790371113,Art,9.408
CA-2018-104066,Accessories,0.389167503,Accessories,205.03
CA-2018-104080,Art,0.588766299,Art,3.36
CA-2018-104080,Binders,0.588766299,Binders,171.2
CA-2018-104108,Art,0.987963892,Art,12.16
CA-2018-104136,Paper,0.387161484,Paper,230.69
CA-2018-104220,Art,0.584754263,Art,40.3
CA-2018-104220,Binders,0.584754263,Binders,58.34
CA-2018-104220,Furnishings,0.584754263,Furnishings,34.58
CA-2018-104220,Phones,0.584754263,Phones,207
CA-2018-104318,Appliances,0.981945838,Appliances,20.768
CA-2018-104381,Binders,0.380140421,Binders,33.376
CA-2018-104388,Phones,0.979939819,Phones,79.96
CA-2018-104577,Paper,0.174523571,Paper,87.6
CA-2018-104619,Appliances,0.773319960,Appliances,25.86
CA-2018-104619,Binders,0.773319960,Binders,276.784
CA-2018-104619,Phones,0.773319960,Phones,110.352
CA-2018-104640,Binders,0.572718154,Binders,931.176
CA-2018-104640,Phones,0.572718154,Phones,430.88
CA-2018-104647,Paper,0.172517553,Paper,37.44
CA-2018-104731,Art,0.370110331,Art,121.62
CA-2018-104731,Binders,0.370110331,Binders,14.94
CA-2018-104731,Bookcases,0.370110331,Bookcases,302.94
CA-2018-104731,Furnishings,0.370110331,Furnishings,8.8
CA-2018-104731,Phones,0.370110331,Phones,271.96
CA-2018-104731,Supplies,0.370110331,Supplies,231.72
CA-2018-104745,Paper,0.569709127,Paper,25.92
CA-2018-104745,Storage,0.569709127,Storage,53.424
CA-2018-104801,Accessories,0.368104313,Accessories,799.96
CA-2018-104801,Art,0.368104313,Art,6.63
CA-2018-104801,Furnishings,0.368104313,Furnishings,107.53
CA-2018-104822,Labels,0.167502508,Labels,24.55
CA-2018-104850,Chairs,0.566700100,Chairs,291.136
CA-2018-104864,Appliances,0.766298897,Appliances,389.056
CA-2018-104864,Binders,0.766298897,Binders,20.232
CA-2018-104864,Paper,0.766298897,Paper,62.208
CA-2018-104864,Storage,0.766298897,Storage,81.36
CA-2018-104885,Art,0.565697091,Art,59.52
CA-2018-104885,Bookcases,0.565697091,Bookcases,441.96
CA-2018-104885,Envelopes,0.565697091,Envelopes,57.96
CA-2018-104885,Paper,0.565697091,Paper,68.04
CA-2018-104906,Paper,0.365095286,Paper,17.94
CA-2018-104913,Phones,0.964894684,Phones,74.95
CA-2018-104927,Binders,0.164493480,Binders,6.33
CA-2018-104927,Paper,0.164493480,Paper,101.8
CA-2018-105053,Binders,0.960882648,Binders,17.472
CA-2018-105074,Paper,0.760280843,Paper,21.744
CA-2018-105130,Art,0.558676028,Art,11.76
CA-2018-105130,Binders,0.558676028,Binders,40.736
CA-2018-105144,Labels,0.758274824,Labels,23.68
CA-2018-105193,Art,0.956870612,Art,11.05
CA-2018-105214,Chairs,0.756268806,Chairs,"1,212.96"
CA-2018-105214,Paper,0.756268806,Paper,18.54
CA-2018-105235,Appliances,0.555667001,Appliances,254.9
CA-2018-105235,Furnishings,0.555667001,Furnishings,79.62
CA-2018-105326,Paper,0.353059178,Paper,25.92
CA-2018-105333,Phones,0.952858576,Phones,546.06
CA-2018-105333,Storage,0.952858576,Storage,353.05
CA-2018-105410,Accessories,0.550651956,Accessories,299.5
CA-2018-105410,Binders,0.550651956,Binders,19.824
CA-2018-105410,Phones,0.550651956,Phones,657.504
CA-2018-105445,Fasteners,0.549648947,Fasteners,9.432
CA-2018-105480,Binders,0.548645938,Binders,6.984
CA-2018-105480,Paper,0.548645938,Paper,6.48
CA-2018-105487,Accessories,0.148445336,Accessories,275.96
CA-2018-105487,Phones,0.148445336,Phones,103.192
CA-2018-105487,Storage,0.148445336,Storage,40.68
CA-2018-105543,Storage,0.946840522,Storage,33.29
CA-2018-105620,Furnishings,0.544633902,Furnishings,21
CA-2018-105620,Machines,0.544633902,Machines,120
CA-2018-105669,Art,0.743229689,Art,9.912
CA-2018-105669,Binders,0.743229689,Binders,5.8
CA-2018-105669,Chairs,0.743229689,Chairs,318.43
CA-2018-105669,Phones,0.743229689,Phones,"1,415.76"
CA-2018-105809,Furnishings,0.739217653,Furnishings,22.23
CA-2018-105809,Phones,0.739217653,Phones,215.968
CA-2018-105823,Chairs,0.938816449,Chairs,487.96
CA-2018-105851,Supplies,0.338014042,Supplies,"1,332.496"
CA-2018-105886,Furnishings,0.337011033,Furnishings,18.96
CA-2018-105914,Binders,0.736208626,Binders,112.12
CA-2018-105914,Storage,0.736208626,Storage,"1,575.14"
CA-2018-105921,Tables,0.336008024,Tables,418.296
CA-2018-105991,Binders,0.334002006,Binders,9.552
CA-2018-105991,Bookcases,0.334002006,Bookcases,89.991
CA-2018-105991,Envelopes,0.334002006,Envelopes,21.24
CA-2018-106033,Art,0.932798395,Art,87.92
CA-2018-106047,Paper,0.132397192,Paper,3.816
CA-2018-106068,Accessories,0.931795386,Accessories,55.2
CA-2018-106068,Binders,0.931795386,Binders,9.762
CA-2018-106068,Storage,0.931795386,Storage,272.856
CA-2018-106103,Accessories,0.930792377,Accessories,132.52
CA-2018-106180,Art,0.528585757,Art,8.82
CA-2018-106180,Envelopes,0.528585757,Envelopes,10.86
CA-2018-106180,Paper,0.528585757,Paper,143.7
CA-2018-106355,Art,0.523570712,Art,11.12
CA-2018-106432,Binders,0.121364092,Binders,2.072
CA-2018-106432,Bookcases,0.121364092,Bookcases,328.3992
CA-2018-106537,Paper,0.118355065,Paper,20.736
CA-2018-106691,Binders,0.313941825,Binders,1.248
CA-2018-106747,Furnishings,0.112337011,Furnishings,102.3
CA-2018-106782,Storage,0.111334002,Storage,375.34
CA-2018-106824,Fasteners,0.710130391,Fasteners,5.94
CA-2018-106831,Binders,0.309929789,Binders,3.798
CA-2018-106831,Paper,0.309929789,Paper,27.744
CA-2018-106831,Phones,0.309929789,Phones,158.376
CA-2018-106852,Art,0.109327984,Art,5.248
CA-2018-106852,Paper,0.109327984,Paper,31.104
CA-2018-106859,Accessories,0.709127382,Accessories,214.95
CA-2018-106859,Paper,0.709127382,Paper,333.6
CA-2018-106859,Phones,0.709127382,Phones,140.736
CA-2018-106859,Storage,0.709127382,Storage,90.8
CA-2018-106943,Binders,0.906720160,Binders,8.64
CA-2018-106964,Binders,0.706118355,Binders,11.808
CA-2018-107125,Binders,0.501504514,Binders,117.488
CA-2018-107125,Furnishings,0.501504514,Furnishings,18.84
CA-2018-107132,Binders,0.101303912,Binders,102.368
CA-2018-107132,Paper,0.101303912,Paper,68.52
CA-2018-107132,Storage,0.101303912,Storage,713.88
CA-2018-107132,Supplies,0.101303912,Supplies,28.4
CA-2018-107167,Storage,0.100300903,Storage,"1,347.52"
CA-2018-107174,Accessories,0.700100301,Accessories,108.96
CA-2018-107174,Chairs,0.700100301,Chairs,449.568
CA-2018-107174,Tables,0.700100301,Tables,"2,036.86"
CA-2018-107209,Chairs,0.699097292,Chairs,194.848
CA-2018-107244,Furnishings,0.698094283,Furnishings,19.76
CA-2018-107265,Paper,0.497492477,Paper,106.32
CA-2018-107293,Art,0.896690070,Art,2.78
CA-2018-107314,Furnishings,0.696088265,Furnishings,25.83
CA-2018-107321,Binders,0.295887663,Binders,6.672
CA-2018-107321,Phones,0.295887663,Phones,689.408
CA-2018-107342,Paper,0.095285858,Paper,28.16
CA-2018-107461,Binders,0.291875627,Binders,23.88
CA-2018-107503,Furnishings,0.890672016,Furnishings,48.896
CA-2018-107517,Appliances,0.090270812,Appliances,"1,640.7"
CA-2018-107517,Phones,0.090270812,Phones,371.2
CA-2018-107552,Paper,0.089267803,Paper,6.68
CA-2018-107629,Accessories,0.687061184,Accessories,39.264
CA-2018-107629,Art,0.687061184,Art,95.232
CA-2018-107629,Furnishings,0.687061184,Furnishings,322.68
CA-2018-107713,Binders,0.884653962,Binders,174.3
CA-2018-107720,Storage,0.484453360,Storage,46.26
CA-2018-107727,Paper,0.084252758,Paper,29.472
CA-2018-107748,Paper,0.883650953,Paper,12.96
CA-2018-107748,Phones,0.883650953,Phones,95.84
CA-2018-107797,Paper,0.082246740,Paper,41.472
CA-2018-107825,Furnishings,0.481444333,Furnishings,5.82
CA-2018-107825,Labels,0.481444333,Labels,7.38
CA-2018-107825,Storage,0.481444333,Storage,130.28
CA-2018-107832,Binders,0.081243731,Binders,7.476
CA-2018-107853,Paper,0.880641926,Paper,12.96
CA-2018-107874,Furnishings,0.680040120,Furnishings,27.42
CA-2018-107909,Accessories,0.679037111,Accessories,19.99
CA-2018-107909,Binders,0.679037111,Binders,22.92
CA-2018-107958,Binders,0.877632899,Binders,5.232
CA-2018-107958,Paper,0.877632899,Paper,163.96
CA-2018-107986,Storage,0.276830491,Storage,31.44
CA-2018-108000,Envelopes,0.476429288,Envelopes,9.78
CA-2018-108035,Chairs,0.475426279,Chairs,390.368
CA-2018-108035,Furnishings,0.475426279,Furnishings,101.52
CA-2018-108070,Bookcases,0.474423270,Bookcases,102.833
CA-2018-108070,Storage,0.474423270,Storage,205.92
CA-2018-108091,Art,0.273821464,Art,23.36
CA-2018-108112,Furnishings,0.073219659,Furnishings,559.2
CA-2018-108287,Art,0.068204614,Art,12.672
CA-2018-108294,Binders,0.668004012,Binders,34.5
CA-2018-108322,Accessories,0.067201605,Accessories,2.376
CA-2018-108322,Furnishings,0.067201605,Furnishings,23.68
CA-2018-108329,Phones,0.667001003,Phones,444.768
CA-2018-108441,Art,0.263791374,Art,64.14
CA-2018-108441,Binders,0.263791374,Binders,13.128
CA-2018-108441,Chairs,0.263791374,Chairs,858.24
CA-2018-108441,Paper,0.263791374,Paper,19.04
CA-2018-108539,Binders,0.660982949,Binders,19.44
CA-2018-108539,Storage,0.660982949,Storage,725.84
CA-2018-108553,Appliances,0.860581745,Appliances,121.94
CA-2018-108553,Supplies,0.860581745,Supplies,122.71
CA-2018-108560,Accessories,0.460381143,Accessories,50
CA-2018-108560,Binders,0.460381143,Binders,23.168
CA-2018-108560,Furnishings,0.460381143,Furnishings,198.46
CA-2018-108560,Labels,0.460381143,Labels,786.48
CA-2018-108574,Accessories,0.659979940,Accessories,"1,115.91"
CA-2018-108574,Phones,0.659979940,Phones,208.664
CA-2018-108749,Binders,0.654964895,Binders,45.78
CA-2018-108749,Paper,0.654964895,Paper,45.36
CA-2018-108756,Accessories,0.254764293,Accessories,31.8
CA-2018-108791,Furnishings,0.253761284,Furnishings,14.89
CA-2018-108791,Phones,0.253761284,Phones,543.92
CA-2018-108854,Binders,0.651955868,Binders,112.904
CA-2018-108854,Paper,0.651955868,Paper,87.92
CA-2018-108854,Storage,0.651955868,Storage,42.76
CA-2018-108910,Furnishings,0.450351053,Furnishings,103.056
CA-2018-108931,Paper,0.249749248,Paper,20.12
CA-2018-109085,Binders,0.445336008,Binders,5.715
CA-2018-109085,Chairs,0.445336008,Chairs,899.43
CA-2018-109085,Furnishings,0.445336008,Furnishings,30.144
CA-2018-109085,Phones,0.445336008,Phones,57.594
CA-2018-109085,Tables,0.445336008,Tables,455.97
CA-2018-109099,Paper,0.644934804,Paper,40.99
CA-2018-109183,Machines,0.842527583,Machines,649
CA-2018-109211,Envelopes,0.241725176,Envelopes,16.98
CA-2018-109393,Bookcases,0.836509529,Bookcases,435.999
CA-2018-109589,Accessories,0.630892678,Accessories,71
CA-2018-109701,Appliances,0.227683049,Appliances,79.47
CA-2018-109701,Art,0.227683049,Art,10.08
CA-2018-109701,Binders,0.227683049,Binders,78.48
CA-2018-109701,Paper,0.227683049,Paper,10.86
CA-2018-109715,Paper,0.427281846,Paper,15.984
CA-2018-109750,Phones,0.426278837,Phones,29.97
CA-2018-109757,Art,0.026078235,Art,8.256
CA-2018-109757,Binders,0.026078235,Binders,29.928
CA-2018-109757,Paper,0.026078235,Paper,11.52
CA-2018-109778,Art,0.825476429,Art,2.912
CA-2018-109946,Art,0.220661986,Art,16.52
CA-2018-109960,Accessories,0.420260782,Accessories,104.88
CA-2018-109960,Art,0.420260782,Art,34.7
CA-2018-109960,Binders,0.420260782,Binders,33.72
CA-2018-109960,Paper,0.420260782,Paper,14.94
CA-2018-110198,Bookcases,0.813440321,Bookcases,314.352
CA-2018-110198,Labels,0.813440321,Labels,4.608
CA-2018-110212,Accessories,0.013039117,Accessories,48.9
CA-2018-110310,Art,0.410230692,Art,6.576
CA-2018-110310,Binders,0.410230692,Binders,5.607
CA-2018-110310,Paper,0.410230692,Paper,56.784
CA-2018-110373,Art,0.808425276,Art,7.056
CA-2018-110373,Phones,0.808425276,Phones,27.184
CA-2018-110380,Art,0.408224674,Art,6.57
CA-2018-110429,Binders,0.606820461,Binders,11.673
CA-2018-110443,Binders,0.806419258,Binders,150.8
CA-2018-110443,Machines,0.806419258,Machines,"1,039.992"
CA-2018-110443,Paper,0.806419258,Paper,51.84
CA-2018-110478,Art,0.805416249,Art,9.32
CA-2018-110478,Envelopes,0.805416249,Envelopes,15.25
CA-2018-110625,Furnishings,0.401203611,Furnishings,27.46
CA-2018-110821,Accessories,0.195586760,Accessories,119.448
CA-2018-110821,Storage,0.195586760,Storage,118.16
CA-2018-110842,Appliances,0.994984955,Appliances,10.89
CA-2018-110842,Binders,0.994984955,Binders,121.6
CA-2018-110842,Paper,0.994984955,Paper,19.44
CA-2018-110884,Binders,0.593781344,Binders,25.92
CA-2018-110884,Labels,0.593781344,Labels,91.59
CA-2018-110905,Accessories,0.393179539,Accessories,409.65
CA-2018-110905,Appliances,0.393179539,Appliances,58.17
CA-2018-110905,Binders,0.393179539,Binders,29.91
CA-2018-110905,Paper,0.393179539,Paper,24.9
CA-2018-110905,Storage,0.393179539,Storage,286.29
CA-2018-110926,Fasteners,0.192577733,Fasteners,25.06
CA-2018-110940,Art,0.392176530,Art,121.536
CA-2018-111178,Art,0.785356068,Art,19.56
CA-2018-111220,Appliances,0.384152457,Appliances,5.588
CA-2018-111220,Fasteners,0.384152457,Fasteners,16
CA-2018-111220,Storage,0.384152457,Storage,235.92
CA-2018-111262,Accessories,0.982948847,Accessories,50.176
CA-2018-111262,Paper,0.982948847,Paper,15.552
CA-2018-111269,Accessories,0.582748245,Accessories,479.952
CA-2018-111269,Art,0.582748245,Art,23.92
CA-2018-111332,Art,0.980942828,Art,179.36
CA-2018-111332,Fasteners,0.980942828,Fasteners,7.41
CA-2018-111332,Storage,0.980942828,Storage,704.76
CA-2018-111374,Binders,0.579739218,Binders,4.956
CA-2018-111388,Chairs,0.779338014,Chairs,215.976
CA-2018-111556,Art,0.174523571,Art,68.97
CA-2018-111556,Bookcases,0.174523571,Bookcases,183.968
CA-2018-111556,Paper,0.174523571,Paper,46.76
CA-2018-111556,Phones,0.174523571,Phones,"1,259.97"
CA-2018-111577,Paper,0.973921765,Paper,307.776
CA-2018-111591,Binders,0.173520562,Binders,30.576
CA-2018-111591,Fasteners,0.173520562,Fasteners,13.02
CA-2018-111591,Furnishings,0.173520562,Furnishings,22.14
CA-2018-111591,Storage,0.173520562,Storage,359.32
CA-2018-111647,Phones,0.971915747,Phones,167.968
CA-2018-111689,Binders,0.570712136,Binders,68.472
CA-2018-111689,Chairs,0.570712136,Chairs,"1,242.9"
CA-2018-111717,Chairs,0.969909729,Chairs,239.358
CA-2018-111738,Art,0.769307924,Art,9.12
CA-2018-111738,Binders,0.769307924,Binders,"2,022.272"
CA-2018-111759,Paper,0.568706118,Paper,52.76
CA-2018-111808,Binders,0.767301906,Binders,10.8
CA-2018-111815,Accessories,0.367101304,Accessories,99.98
CA-2018-111815,Chairs,0.367101304,Chairs,180.98
CA-2018-112004,Binders,0.561685055,Binders,8.595
CA-2018-112004,Supplies,0.561685055,Supplies,190.896
CA-2018-112039,Phones,0.560682046,Phones,470.376
CA-2018-112172,Fasteners,0.956870612,Fasteners,14.13
CA-2018-112333,Appliances,0.752256770,Appliances,41.95
CA-2018-112333,Storage,0.752256770,Storage,"2,591.56"
CA-2018-112431,Accessories,0.149448345,Accessories,435.84
CA-2018-112431,Art,0.149448345,Art,5.88
CA-2018-112473,Storage,0.748244734,Storage,50.136
CA-2018-112487,Binders,0.947843531,Binders,3.132
CA-2018-112515,Binders,0.347041123,Binders,48.144
CA-2018-112515,Bookcases,0.347041123,Bookcases,"1,292.94"
CA-2018-112515,Labels,0.347041123,Labels,14.4
CA-2018-112515,Paper,0.347041123,Paper,164.88
CA-2018-112515,Storage,0.347041123,Storage,261.74
CA-2018-112529,Art,0.546639920,Art,31.776
CA-2018-112529,Tables,0.546639920,Tables,718.116
CA-2018-112536,Binders,0.146439318,Binders,8.87
CA-2018-112536,Storage,0.146439318,Storage,8.928
CA-2018-112725,Art,0.341023069,Art,21.56
CA-2018-112725,Chairs,0.341023069,Chairs,120.784
CA-2018-112753,Bookcases,0.740220662,Bookcases,917.9235
CA-2018-112753,Paper,0.740220662,Paper,38.88
CA-2018-112774,Furnishings,0.539618857,Furnishings,34.504
CA-2018-112809,Binders,0.538615848,Binders,28.124
CA-2018-112809,Storage,0.538615848,Storage,200.064
CA-2018-112844,Furnishings,0.537612839,Furnishings,154.95
CA-2018-112844,Phones,0.537612839,Phones,43.6
CA-2018-112865,Accessories,0.337011033,Accessories,36.048
CA-2018-112900,Binders,0.336008024,Binders,478.24
CA-2018-112956,Furnishings,0.134403210,Furnishings,117.08
CA-2018-112956,Paper,0.134403210,Paper,277.4
CA-2018-112984,Paper,0.533600802,Paper,20.544
CA-2018-113075,Accessories,0.330992979,Accessories,40.68
CA-2018-113208,Furnishings,0.727181545,Furnishings,60.84
CA-2018-113278,Accessories,0.725175527,Accessories,171.92
CA-2018-113278,Fasteners,0.725175527,Fasteners,2.52
CA-2018-113278,Furnishings,0.725175527,Furnishings,18.96
CA-2018-113278,Paper,0.725175527,Paper,11.34
CA-2018-113278,Phones,0.725175527,Phones,67.8
CA-2018-113278,Storage,0.725175527,Storage,86.16
CA-2018-113355,Chairs,0.322968907,Chairs,317.058
CA-2018-113355,Phones,0.322968907,Phones,219.8
CA-2018-113418,Machines,0.721163490,Machines,"1,704.89"
CA-2018-113453,Phones,0.720160481,Phones,329.988
CA-2018-113453,Storage,0.720160481,Storage,71.376
CA-2018-113460,Chairs,0.319959880,Chairs,272.97
CA-2018-113474,Envelopes,0.519558676,Envelopes,325.86
CA-2018-113481,Binders,0.119358074,Binders,44.514
CA-2018-113481,Machines,0.119358074,Machines,695.7
CA-2018-113530,Accessories,0.317953862,Accessories,36.32
CA-2018-113530,Art,0.317953862,Art,9.1
CA-2018-113530,Chairs,0.317953862,Chairs,681.408
CA-2018-113558,Chairs,0.717151454,Chairs,683.952
CA-2018-113558,Furnishings,0.717151454,Furnishings,45.696
CA-2018-113572,Accessories,0.916750251,Accessories,7.88
CA-2018-113670,Paper,0.313941825,Paper,204.95
CA-2018-113670,Tables,0.313941825,Tables,510.24
CA-2018-113705,Binders,0.312938816,Binders,17.76
CA-2018-113705,Labels,0.312938816,Labels,8.26
CA-2018-113705,Paper,0.312938816,Paper,17.64
CA-2018-113705,Phones,0.312938816,Phones,206.1
CA-2018-113705,Storage,0.312938816,Storage,332.94
CA-2018-113705,Tables,0.312938816,Tables,292.1
CA-2018-113873,Bookcases,0.708124373,Bookcases,205.9992
CA-2018-113873,Storage,0.708124373,Storage,61.792
CA-2018-113908,Machines,0.707121364,Machines,78.66
CA-2018-113908,Paper,0.707121364,Paper,45.36
CA-2018-113908,Tables,0.707121364,Tables,384.768
CA-2018-114055,Fasteners,0.302908726,Fasteners,3.62
CA-2018-114055,Paper,0.302908726,Paper,725.18
CA-2018-114055,Phones,0.302908726,Phones,90.48
CA-2018-114216,Paper,0.098294885,Paper,12.192
CA-2018-114258,Phones,0.697091274,Phones,492.768
CA-2018-114370,Phones,0.293881645,Phones,49.616
CA-2018-114412,Paper,0.892678034,Paper,15.552
CA-2018-114440,Paper,0.291875627,Paper,19.05
CA-2018-114524,Binders,0.489468405,Binders,13.468
CA-2018-114552,Furnishings,0.888665998,Furnishings,15.072
CA-2018-114636,Paper,0.086258776,Paper,192.16
CA-2018-114804,Phones,0.481444333,Phones,52.792
CA-2018-115070,Binders,0.273821464,Binders,4.419
CA-2018-115070,Furnishings,0.273821464,Furnishings,12.32
CA-2018-115105,Bookcases,0.272818455,Bookcases,240.784
CA-2018-115119,Binders,0.472417252,Binders,81.438
CA-2018-115119,Phones,0.472417252,Phones,61.542
CA-2018-115154,Tables,0.471414243,Tables,892.98
CA-2018-115175,Paper,0.270812437,Paper,244.55
CA-2018-115322,Art,0.866599799,Art,43.92
CA-2018-115364,Storage,0.465396189,Storage,83.76
CA-2018-115427,Binders,0.863590772,Binders,34.624
CA-2018-115448,Furnishings,0.662988967,Furnishings,88.92
CA-2018-115546,Phones,0.060180542,Phones,539.97
CA-2018-115546,Storage,0.060180542,Storage,22.58
CA-2018-115602,Appliances,0.858575727,Appliances,"1,704.56"
CA-2018-115602,Art,0.858575727,Art,42.02
CA-2018-115602,Chairs,0.858575727,Chairs,"1,141.938"
CA-2018-115651,Appliances,0.057171515,Appliances,58.464
CA-2018-115651,Art,0.057171515,Art,8.84
CA-2018-115777,Paper,0.853560682,Paper,19.44
CA-2018-115805,Phones,0.252758275,Phones,36.792
CA-2018-115882,Appliances,0.850551655,Appliances,942.784
CA-2018-115882,Paper,0.850551655,Paper,74.352
CA-2018-115931,Art,0.049147442,Art,4.17
CA-2018-115931,Labels,0.049147442,Labels,18.45
CA-2018-115931,Phones,0.049147442,Phones,67.04
CA-2018-115931,Storage,0.049147442,Storage,37.32
CA-2018-115994,Accessories,0.447342026,Accessories,239.97
CA-2018-115994,Furnishings,0.447342026,Furnishings,37.74
CA-2018-116113,Furnishings,0.643931795,Furnishings,10.16
CA-2018-116127,Bookcases,0.843530592,Bookcases,400.784
CA-2018-116204,Binders,0.441323972,Binders,21.336
CA-2018-116225,Accessories,0.240722166,Accessories,390.75
CA-2018-116288,Storage,0.638916750,Storage,242.94
CA-2018-116358,Art,0.636910732,Art,27.78
CA-2018-116358,Fasteners,0.636910732,Fasteners,18.24
CA-2018-116498,Art,0.632898696,Art,35.1
CA-2018-116519,Appliances,0.432296891,Appliances,904.9
CA-2018-116645,Art,0.228686058,Art,155.94
CA-2018-116680,Binders,0.227683049,Binders,13.344
CA-2018-116680,Tables,0.227683049,Tables,"1,478.272"
CA-2018-116715,Paper,0.226680040,Paper,118.48
CA-2018-116715,Storage,0.226680040,Storage,559.62
CA-2018-116855,Chairs,0.222668004,Chairs,504.9
CA-2018-116939,Storage,0.420260782,Storage,177.55
CA-2018-116946,Bookcases,0.020060181,Bookcases,102.018
CA-2018-116946,Furnishings,0.020060181,Furnishings,13.36
CA-2018-116946,Storage,0.020060181,Storage,78.256
CA-2018-116953,Phones,0.619859579,Phones,552
CA-2018-116988,Accessories,0.618856570,Accessories,"1,287.45"
CA-2018-116988,Furnishings,0.618856570,Furnishings,126.3
CA-2018-116988,Paper,0.618856570,Paper,19.44
CA-2018-117009,Supplies,0.418254764,Supplies,21.96
CA-2018-117023,Art,0.617853561,Art,116.48
CA-2018-117044,Fasteners,0.417251755,Fasteners,10.528
CA-2018-117044,Paper,0.417251755,Paper,20.544
CA-2018-117079,Phones,0.416248746,Phones,863.88
CA-2018-117114,Envelopes,0.415245737,Envelopes,9.912
CA-2018-117114,Phones,0.415245737,Phones,508.768
CA-2018-117128,Labels,0.614844534,Labels,11.07
CA-2018-117128,Paper,0.614844534,Paper,21.6
CA-2018-117156,Envelopes,0.014042126,Envelopes,8.856
CA-2018-117198,Accessories,0.612838516,Accessories,659.9
CA-2018-117212,Appliances,0.812437312,Appliances,81.92
CA-2018-117212,Chairs,0.812437312,Chairs,892.224
CA-2018-117212,Paper,0.812437312,Paper,247.04
CA-2018-117212,Phones,0.812437312,Phones,889.536
CA-2018-117240,Binders,0.211634905,Binders,13.128
CA-2018-117261,Storage,0.011033099,Storage,54.32
CA-2018-117324,Accessories,0.409227683,Accessories,178.11
CA-2018-117324,Appliances,0.409227683,Appliances,"1,089.75"
CA-2018-117324,Bookcases,0.409227683,Bookcases,459.92
CA-2018-117324,Labels,0.409227683,Labels,61.06
CA-2018-117324,Paper,0.409227683,Paper,27.52
CA-2018-117394,Accessories,0.407221665,Accessories,19.04
CA-2018-117401,Appliances,0.007021063,Appliances,706.86
CA-2018-117401,Binders,0.007021063,Binders,43.19
CA-2018-117401,Phones,0.007021063,Phones,114.95
CA-2018-117422,Appliances,0.806419258,Appliances,161.568
CA-2018-117422,Binders,0.806419258,Binders,6.216
CA-2018-117422,Paper,0.806419258,Paper,4.064
CA-2018-117436,Binders,0.006018054,Binders,10.36
CA-2018-117443,Binders,0.605817452,Binders,13.84
CA-2018-117443,Paper,0.605817452,Paper,175.872
CA-2018-117457,Accessories,0.805416249,Accessories,179.95
CA-2018-117457,Bookcases,0.805416249,Bookcases,"1,336.829"
CA-2018-117457,Chairs,0.805416249,Chairs,113.568
CA-2018-117457,Copiers,0.805416249,Copiers,"1,199.976"
CA-2018-117457,Labels,0.805416249,Labels,28.35
CA-2018-117457,Paper,0.805416249,Paper,92.81
CA-2018-117457,Tables,0.805416249,Tables,"1,004.024"
CA-2018-117485,Accessories,0.204613842,Accessories,291.96
CA-2018-117513,Tables,0.603811434,Tables,399.672
CA-2018-117632,Appliances,0.800401204,Appliances,7.77
CA-2018-117632,Binders,0.800401204,Binders,19.168
CA-2018-117632,Supplies,0.800401204,Supplies,238.62
CA-2018-117632,Tables,0.800401204,Tables,285.48
CA-2018-117646,Furnishings,0,Furnishings,22.752
CA-2018-117646,Paper,0,Paper,6.672
CA-2018-117646,Storage,0,Storage,237.096
CA-2018-117653,Tables,0.599799398,Tables,91.275
CA-2018-117667,Accessories,0.799398195,Accessories,255.968
CA-2018-117667,Art,0.799398195,Art,13.392
CA-2018-117667,Chairs,0.799398195,Chairs,239.96
CA-2018-117667,Furnishings,0.799398195,Furnishings,54.768
CA-2018-117667,Paper,0.799398195,Paper,23.92
CA-2018-117695,Paper,0.198595787,Paper,13.76
CA-2018-117702,Art,0.798395186,Art,1.64
CA-2018-117702,Furnishings,0.798395186,Furnishings,"1,070.1"
CA-2018-117807,Paper,0.795386158,Paper,104.85
CA-2018-117821,Accessories,0.994984955,Accessories,63.92
CA-2018-117863,Binders,0.593781344,Binders,3.048
CA-2018-117863,Furnishings,0.593781344,Furnishings,14.56
CA-2018-117870,Accessories,0.193580742,Accessories,71.976
CA-2018-117870,Art,0.193580742,Art,14.016
CA-2018-117870,Phones,0.193580742,Phones,107.982
CA-2018-117926,Appliances,0.991975928,Appliances,69.48
CA-2018-117933,Appliances,0.591775326,Appliances,35.91
CA-2018-117947,Binders,0.791374122,Binders,107.424
CA-2018-117947,Furnishings,0.791374122,Furnishings,138.44
CA-2018-117947,Phones,0.791374122,Phones,37.91
CA-2018-118003,Chairs,0.589769308,Chairs,485.16
CA-2018-118003,Furnishings,0.589769308,Furnishings,12.99
CA-2018-118017,Accessories,0.789368104,Accessories,179.088
CA-2018-118017,Art,0.789368104,Art,13.344
CA-2018-118017,Furnishings,0.789368104,Furnishings,56.288
CA-2018-118017,Paper,0.789368104,Paper,10.32
CA-2018-118017,Supplies,0.789368104,Supplies,47.32
CA-2018-118122,Binders,0.786359077,Binders,13.904
CA-2018-118136,Art,0.985957874,Art,5.98
CA-2018-118136,Paper,0.985957874,Paper,8.82
CA-2018-118199,Accessories,0.384152457,Accessories,199.98
CA-2018-118199,Binders,0.384152457,Binders,147.92
CA-2018-118199,Storage,0.384152457,Storage,171.24
CA-2018-118199,Tables,0.384152457,Tables,286.85
CA-2018-118213,Paper,0.583751254,Paper,240.15
CA-2018-118346,Accessories,0.979939819,Accessories,399.95
CA-2018-118360,Paper,0.179538616,Paper,42.93
CA-2018-118367,Envelopes,0.779338014,Envelopes,47.98
CA-2018-118402,Storage,0.778335005,Storage,243.92
CA-2018-118437,Furnishings,0.777331996,Furnishings,155.25
CA-2018-118437,Storage,0.777331996,Storage,14.03
CA-2018-118521,Paper,0.974924774,Paper,37.94
CA-2018-118542,Binders,0.774322969,Binders,10.128
CA-2018-118542,Paper,0.774322969,Paper,45.36
CA-2018-118577,Paper,0.773319960,Paper,150.18
CA-2018-118640,Furnishings,0.171514544,Furnishings,8.792
CA-2018-118640,Storage,0.171514544,Storage,69.712
CA-2018-118668,Accessories,0.570712136,Accessories,16.59
CA-2018-118724,Art,0.369107322,Art,3.52
CA-2018-118724,Phones,0.369107322,Phones,"1,626.192"
CA-2018-118731,Binders,0.968906720,Binders,84.056
CA-2018-118731,Furnishings,0.968906720,Furnishings,42.6
CA-2018-118773,Accessories,0.567703109,Accessories,127.984
CA-2018-118773,Appliances,0.567703109,Appliances,12.992
CA-2018-118773,Binders,0.567703109,Binders,252.784
CA-2018-118773,Furnishings,0.567703109,Furnishings,3.984
CA-2018-118857,Furnishings,0.765295888,Furnishings,196.45
CA-2018-118864,Phones,0.365095286,Phones,119.96
CA-2018-118885,Chairs,0.164493480,Chairs,393.568
CA-2018-118885,Phones,0.164493480,Phones,302.376
CA-2018-118892,Chairs,0.764292879,Chairs,"4,416.174"
CA-2018-119004,Accessories,0.361083250,Accessories,74.112
CA-2018-119004,Art,0.361083250,Art,3.304
CA-2018-119004,Phones,0.361083250,Phones,27.992
CA-2018-119011,Phones,0.960882648,Phones,107.88
CA-2018-119011,Storage,0.960882648,Storage,226.56
CA-2018-119011,Supplies,0.960882648,Supplies,17.22
CA-2018-119193,Binders,0.555667001,Binders,1.641
CA-2018-119193,Phones,0.555667001,Phones,629.958
CA-2018-119284,Appliances,0.353059178,Appliances,76.608
CA-2018-119284,Furnishings,0.353059178,Furnishings,31.168
CA-2018-119284,Paper,0.353059178,Paper,91.36
CA-2018-119284,Phones,0.353059178,Phones,"2,479.912"
CA-2018-119284,Storage,0.353059178,Storage,142.776
CA-2018-119284,Tables,0.353059178,Tables,120.96
CA-2018-119305,Storage,0.152457372,Storage,173.8
CA-2018-119389,Furnishings,0.350050150,Furnishings,60.312
CA-2018-119424,Paper,0.349047141,Paper,19.44
CA-2018-119424,Phones,0.349047141,Phones,71.976
CA-2018-119452,Chairs,0.748244734,Chairs,"1,805.88"
CA-2018-119494,Chairs,0.347041123,Chairs,523.392
CA-2018-119564,Furnishings,0.345035105,Furnishings,22.77
CA-2018-119578,Bookcases,0.544633902,Bookcases,220.98
CA-2018-119578,Supplies,0.544633902,Supplies,695.16
CA-2018-119655,Binders,0.142427282,Binders,183.42
CA-2018-119669,Fasteners,0.342026078,Fasteners,5.67
CA-2018-119746,Furnishings,0.939819458,Furnishings,6.464
CA-2018-119746,Labels,0.939819458,Labels,11.52
CA-2018-119746,Phones,0.939819458,Phones,222.384
CA-2018-119809,Binders,0.338014042,Binders,"2,793.528"
CA-2018-119809,Furnishings,0.338014042,Furnishings,65.94
CA-2018-119809,Storage,0.338014042,Storage,"1,000.02"
CA-2018-119914,Appliances,0.335005015,Appliances,243.16
CA-2018-120019,Phones,0.331995988,Phones,14.99
CA-2018-120019,Storage,0.331995988,Storage,579.51
CA-2018-120061,Chairs,0.930792377,Chairs,155.372
CA-2018-120168,Accessories,0.813440321,Accessories,120
CA-2018-120168,Binders,0.813440321,Binders,663.92
CA-2018-120168,Fasteners,0.813440321,Fasteners,3.29
CA-2018-120168,Furnishings,0.813440321,Furnishings,18.84
CA-2018-120222,Binders,0.726178536,Binders,73.344
CA-2018-120222,Paper,0.726178536,Paper,19.05
CA-2018-120327,Fasteners,0.723169509,Fasteners,45.92
CA-2018-120376,Accessories,0.921765296,Accessories,284.94
CA-2018-120376,Chairs,0.921765296,Chairs,"1,586.69"
CA-2018-120376,Tables,0.921765296,Tables,411.8
CA-2018-120404,Accessories,0.320962889,Accessories,2.97
CA-2018-120404,Furnishings,0.320962889,Furnishings,50.97
CA-2018-120404,Phones,0.320962889,Phones,569.99
CA-2018-120614,Paper,0.314944835,Paper,37.52
CA-2018-120705,Storage,0.112337011,Storage,147.184
CA-2018-120719,Binders,0.311935807,Binders,34.76
CA-2018-120761,Accessories,0.910732197,Accessories,91.96
CA-2018-120894,Appliances,0.306920762,Appliances,28.08
CA-2018-120936,Storage,0.905717151,Storage,481.32
CA-2018-120936,Supplies,0.905717151,Supplies,13.98
CA-2018-120999,Phones,0.303911735,Phones,147.168
CA-2018-121027,Accessories,0.703109328,Accessories,"2,340.06"
CA-2018-121048,Accessories,0.502507523,Accessories,140.97
CA-2018-121048,Art,0.502507523,Art,71.92
CA-2018-121048,Binders,0.502507523,Binders,4.448
CA-2018-121048,Fasteners,0.502507523,Fasteners,4.96
CA-2018-121048,Furnishings,0.502507523,Furnishings,295.53
CA-2018-121048,Phones,0.502507523,Phones,470.376
CA-2018-121083,Art,0.501504514,Art,119.04
CA-2018-121083,Paper,0.501504514,Paper,274.8
CA-2018-121083,Phones,0.501504514,Phones,257.98
CA-2018-121083,Storage,0.501504514,Storage,195.64
CA-2018-121125,Accessories,0.100300903,Accessories,35.36
CA-2018-121125,Furnishings,0.100300903,Furnishings,13.592
CA-2018-121125,Phones,0.100300903,Phones,156.792
CA-2018-121160,Binders,0.099297894,Binders,13.088
CA-2018-121160,Storage,0.099297894,Storage,52.752
CA-2018-121195,Storage,0.098294885,Storage,264.32
CA-2018-121216,Appliances,0.897693079,Appliances,29.312
CA-2018-121216,Paper,0.897693079,Paper,28.672
CA-2018-121258,Furnishings,0.496489468,Furnishings,91.96
CA-2018-121258,Paper,0.496489468,Paper,29.6
CA-2018-121258,Phones,0.496489468,Phones,258.576
CA-2018-121293,Furnishings,0.495486459,Furnishings,20.096
CA-2018-121293,Paper,0.495486459,Paper,20.736
CA-2018-121293,Storage,0.495486459,Storage,259.92
CA-2018-121293,Supplies,0.495486459,Supplies,37.752
CA-2018-121293,Tables,0.495486459,Tables,138.588
CA-2018-121300,Accessories,0.095285858,Accessories,239.976
CA-2018-121300,Chairs,0.095285858,Chairs,63.686
CA-2018-121300,Furnishings,0.095285858,Furnishings,21.248
CA-2018-121300,Paper,0.095285858,Paper,24
CA-2018-121300,Tables,0.095285858,Tables,344.22
CA-2018-121314,Paper,0.294884654,Paper,251.64
CA-2018-121398,Binders,0.492477432,Binders,153.552
CA-2018-121398,Storage,0.492477432,Storage,270.62
CA-2018-121412,Furnishings,0.692076229,Furnishings,29.328
CA-2018-121419,Accessories,0.291875627,Accessories,360
CA-2018-121419,Tables,0.291875627,Tables,411.8
CA-2018-121468,Phones,0.490471414,Phones,31.968
CA-2018-121489,Accessories,0.289869609,Accessories,33.18
CA-2018-121489,Chairs,0.289869609,Chairs,388.704
CA-2018-121489,Storage,0.289869609,Storage,572.58
CA-2018-121503,Machines,0.489468405,Machines,597.132
CA-2018-121503,Paper,0.489468405,Paper,273.896
CA-2018-121538,Paper,0.488465396,Paper,88.768
CA-2018-121559,Accessories,0.287863591,Accessories,123.86
CA-2018-121559,Appliances,0.287863591,Appliances,"2,405.2"
CA-2018-121559,Binders,0.287863591,Binders,17.38
CA-2018-121559,Chairs,0.287863591,Chairs,"1,925.88"
CA-2018-121580,Appliances,0.087261785,Appliances,465.16
CA-2018-121580,Binders,0.087261785,Binders,43.41
CA-2018-121580,Furnishings,0.087261785,Furnishings,6.24
CA-2018-121580,Paper,0.087261785,Paper,7.98
CA-2018-121615,Labels,0.086258776,Labels,14.94
CA-2018-121615,Paper,0.086258776,Paper,8.56
CA-2018-121615,Storage,0.086258776,Storage,52.4
CA-2018-121643,Phones,0.485456369,Phones,344.704
CA-2018-121678,Binders,0.484453360,Binders,1.824
CA-2018-121706,Appliances,0.883650953,Appliances,356.79
CA-2018-121741,Storage,0.882647944,Storage,750.68
CA-2018-121790,Art,0.081243731,Art,9.344
CA-2018-121790,Phones,0.081243731,Phones,"2,003.168"
CA-2018-121790,Supplies,0.081243731,Supplies,31.68
CA-2018-121790,Tables,0.081243731,Tables,69.375
CA-2018-121804,Appliances,0.280842528,Appliances,72.8
CA-2018-121818,Art,0.480441324,Art,52.696
CA-2018-121839,Phones,0.279839519,Phones,"1,169.694"
CA-2018-121853,Binders,0.479438315,Binders,72.96
CA-2018-121853,Chairs,0.479438315,Chairs,594.816
CA-2018-121853,Paper,0.479438315,Paper,211.04
CA-2018-121888,Art,0.478435306,Art,16.28
CA-2018-121888,Binders,0.478435306,Binders,242.48
CA-2018-121888,Bookcases,0.478435306,Bookcases,782.94
CA-2018-121888,Phones,0.478435306,Phones,39.99
CA-2018-121909,Paper,0.277833501,Paper,54.816
CA-2018-122007,Appliances,0.675025075,Appliances,90.86
CA-2018-122028,Binders,0.474423270,Binders,10.782
CA-2018-122035,Accessories,0.074222668,Accessories,389.97
CA-2018-122035,Appliances,0.074222668,Appliances,416.32
CA-2018-122035,Binders,0.074222668,Binders,103.83
CA-2018-122035,Chairs,0.074222668,Chairs,182.94
CA-2018-122035,Labels,0.074222668,Labels,14.62
CA-2018-122056,Art,0.873620863,Art,181.86
CA-2018-122077,Labels,0.673019057,Labels,13.216
CA-2018-122077,Phones,0.673019057,Phones,95.992
CA-2018-122105,Art,0.072216650,Art,95.92
CA-2018-122112,Envelopes,0.672016048,Envelopes,24.448
CA-2018-122154,Binders,0.270812437,Binders,17.43
CA-2018-122154,Labels,0.270812437,Labels,15.12
CA-2018-122154,Paper,0.270812437,Paper,251.64
CA-2018-122175,Accessories,0.070210632,Accessories,87.4
CA-2018-122175,Furnishings,0.070210632,Furnishings,42.85
CA-2018-122175,Labels,0.070210632,Labels,6.16
CA-2018-122175,Supplies,0.070210632,Supplies,17
CA-2018-122196,Phones,0.869608826,Phones,391.98
CA-2018-122280,Paper,0.067201605,Paper,18.76
CA-2018-122308,Chairs,0.466399198,Chairs,271.764
CA-2018-122364,Machines,0.264794383,Machines,506.28
CA-2018-122364,Phones,0.264794383,Phones,859.2
CA-2018-122490,Binders,0.061183551,Binders,563.024
CA-2018-122490,Chairs,0.061183551,Chairs,"2,404.704"
CA-2018-122490,Labels,0.061183551,Labels,8.64
CA-2018-122490,Storage,0.061183551,Storage,344.91
CA-2018-122504,Accessories,0.260782347,Accessories,59.97
CA-2018-122504,Phones,0.260782347,Phones,761.544
CA-2018-122539,Binders,0.259779338,Binders,8.001
CA-2018-122539,Chairs,0.259779338,Chairs,398.972
CA-2018-122539,Labels,0.259779338,Labels,15.936
CA-2018-122595,Accessories,0.058174524,Accessories,227.976
CA-2018-122595,Furnishings,0.058174524,Furnishings,2.032
CA-2018-122595,Phones,0.058174524,Phones,52.68
CA-2018-122644,Accessories,0.256770311,Accessories,18.544
CA-2018-122644,Paper,0.256770311,Paper,10.848
CA-2018-122693,Appliances,0.455366098,Appliances,"1,245.86"
CA-2018-122700,Phones,0.055165496,Phones,220.752
CA-2018-122707,Accessories,0.654964895,Accessories,25.98
CA-2018-122707,Supplies,0.654964895,Supplies,477.24
CA-2018-122735,Binders,0.054162487,Binders,29.7
CA-2018-122735,Paper,0.054162487,Paper,39.96
CA-2018-122763,Paper,0.453360080,Paper,330.768
CA-2018-122770,Furnishings,0.053159478,Furnishings,201.04
CA-2018-122770,Labels,0.053159478,Labels,8.64
CA-2018-122770,Paper,0.053159478,Paper,51.84
CA-2018-122798,Paper,0.452357071,Paper,4.28
CA-2018-122798,Storage,0.452357071,Storage,118.25
CA-2018-122945,Furnishings,0.048144433,Furnishings,17.31
CA-2018-122987,Binders,0.646940822,Binders,13.428
CA-2018-122987,Storage,0.646940822,Storage,67.136
CA-2018-122994,Bookcases,0.246740221,Bookcases,359.97
CA-2018-123001,Art,0.846539619,Art,9.4
CA-2018-123001,Labels,0.846539619,Labels,74
CA-2018-123001,Phones,0.846539619,Phones,201.584
CA-2018-123022,Accessories,0.645937813,Accessories,284.97
CA-2018-123022,Binders,0.645937813,Binders,82.56
CA-2018-123029,Accessories,0.245737212,Accessories,159.98
CA-2018-123036,Accessories,0.845536610,Accessories,37.056
CA-2018-123036,Phones,0.845536610,Phones,259.896
CA-2018-123043,Binders,0.445336008,Binders,28.416
CA-2018-123071,Paper,0.844533601,Paper,10.368
CA-2018-123085,Accessories,0.044132397,Accessories,"1,049.44"
CA-2018-123085,Chairs,0.044132397,Chairs,170.352
CA-2018-123134,Furnishings,0.242728185,Furnishings,129.93
CA-2018-123239,Furnishings,0.239719157,Furnishings,91.032
CA-2018-123246,Art,0.839518556,Art,10.64
CA-2018-123351,Appliances,0.836509529,Appliances,80.48
CA-2018-123372,Envelopes,0.635907723,Envelopes,79.96
CA-2018-123372,Phones,0.635907723,Phones,"1,979.89"
CA-2018-123491,Appliances,0.832497492,Appliances,"1,702.12"
CA-2018-123491,Art,0.832497492,Art,19.9
CA-2018-123491,Chairs,0.832497492,Chairs,71.992
CA-2018-123491,Labels,0.832497492,Labels,43.86
CA-2018-123491,Paper,0.832497492,Paper,7.42
CA-2018-123491,Phones,0.832497492,Phones,148.48
CA-2018-123624,Accessories,0.228686058,Accessories,82.95
CA-2018-123638,Chairs,0.428284855,Chairs,191.646
CA-2018-123659,Paper,0.227683049,Paper,23.12
CA-2018-123687,Appliances,0.626880642,Appliances,208.44
CA-2018-123687,Supplies,0.626880642,Supplies,25.76
CA-2018-123701,Art,0.826479438,Art,27.76
CA-2018-123778,Appliances,0.424272818,Appliances,160.96
CA-2018-123778,Binders,0.424272818,Binders,25.824
CA-2018-123967,Binders,0.618856570,Binders,25.12
CA-2018-123967,Tables,0.618856570,Tables,"2,665.62"
CA-2018-123981,Phones,0.818455366,Phones,65.99
CA-2018-124086,Bookcases,0.815446339,Bookcases,203.983
CA-2018-124114,Binders,0.214643932,Binders,0.556
CA-2018-124191,Furnishings,0.812437312,Furnishings,8.856
CA-2018-124205,Chairs,0.012036108,Chairs,512.96
CA-2018-124205,Furnishings,0.012036108,Furnishings,47.4
CA-2018-124205,Phones,0.012036108,Phones,395.94
CA-2018-124205,Storage,0.012036108,Storage,81.96
CA-2018-124261,Art,0.810431294,Art,34.24
CA-2018-124296,Chairs,0.809428285,Chairs,232.88
CA-2018-124296,Machines,0.809428285,Machines,479.97
CA-2018-124401,Accessories,0.806419258,Accessories,279.944
CA-2018-124401,Storage,0.806419258,Storage,37.68
CA-2018-124436,Binders,0.805416249,Binders,42.12
CA-2018-124436,Furnishings,0.805416249,Furnishings,30.93
CA-2018-124436,Tables,0.805416249,Tables,697.16
CA-2018-124576,Binders,0.801404213,Binders,54.896
CA-2018-124597,Art,0.600802407,Art,15.528
CA-2018-124597,Labels,0.600802407,Labels,16.56
CA-2018-124674,Bookcases,0.198595787,Bookcases,327.7328
CA-2018-124716,Paper,0.797392177,Paper,168.58
CA-2018-124744,Binders,0.196589769,Binders,88.64
CA-2018-124744,Paper,0.196589769,Paper,447.84
CA-2018-124765,Bookcases,0.995987964,Bookcases,723.92
CA-2018-124828,Art,0.394182548,Art,9.552
CA-2018-124898,Paper,0.392176530,Paper,184.66
CA-2018-124940,Accessories,0.990972919,Accessories,47.904
CA-2018-125101,Storage,0.786359077,Storage,67.78
CA-2018-125115,Accessories,0.985957874,Accessories,95.736
CA-2018-125115,Paper,0.985957874,Paper,10.368
CA-2018-125199,Art,0.183550652,Art,123.256
CA-2018-125199,Paper,0.183550652,Paper,23.68
CA-2018-125199,Phones,0.183550652,Phones,309.576
CA-2018-125269,Binders,0.181544634,Binders,10.43
CA-2018-125269,Storage,0.181544634,Storage,72.784
CA-2018-125290,Art,0.980942828,Art,13.9
CA-2018-125290,Paper,0.980942828,Paper,26.38
CA-2018-125367,Binders,0.578736209,Binders,13.92
CA-2018-125381,Accessories,0.778335005,Accessories,107.97
CA-2018-125388,Furnishings,0.378134403,Furnishings,56.56
CA-2018-125388,Storage,0.378134403,Storage,32.7
CA-2018-125451,Appliances,0.776328987,Appliances,2.22
CA-2018-125451,Furnishings,0.776328987,Furnishings,245.68
CA-2018-125451,Paper,0.776328987,Paper,43.44
CA-2018-125451,Tables,0.776328987,Tables,878.64
CA-2018-125472,Binders,0.575727182,Binders,3.89
CA-2018-125472,Bookcases,0.575727182,Bookcases,241.96
CA-2018-125472,Furnishings,0.575727182,Furnishings,8.01
CA-2018-125640,Labels,0.970912738,Labels,3.304
CA-2018-125745,Furnishings,0.967903711,Furnishings,19.52
CA-2018-125752,Accessories,0.567703109,Accessories,41.424
CA-2018-125878,Binders,0.364092277,Binders,1.788
CA-2018-125913,Furnishings,0.363089268,Furnishings,27.92
CA-2018-125913,Tables,0.363089268,Tables,399.672
CA-2018-125990,Binders,0.960882648,Binders,39.624
CA-2018-126046,Labels,0.759277834,Labels,12.39
CA-2018-126067,Art,0.558676028,Art,5.56
CA-2018-126067,Binders,0.558676028,Binders,99.68
CA-2018-126067,Phones,0.558676028,Phones,35.168
CA-2018-126067,Tables,0.558676028,Tables,"1,137.75"
CA-2018-126074,Art,0.158475426,Art,56.98
CA-2018-126074,Binders,0.158475426,Binders,60.93
CA-2018-126074,Furnishings,0.158475426,Furnishings,157.74
CA-2018-126123,Binders,0.357071214,Binders,40.852
CA-2018-126144,Phones,0.156469408,Phones,285.576
CA-2018-126221,Appliances,0.754262788,Appliances,209.3
CA-2018-126242,Furnishings,0.553660983,Furnishings,18.7
CA-2018-126242,Storage,0.553660983,Storage,305.01
CA-2018-126354,Binders,0.150451354,Binders,3.882
CA-2018-126354,Paper,0.150451354,Paper,115.296
CA-2018-126382,Furnishings,0.549648947,Furnishings,35.168
CA-2018-126396,Accessories,0.749247743,Accessories,85.2
CA-2018-126438,Art,0.348044132,Art,14.88
CA-2018-126536,Accessories,0.745235707,Accessories,0.99
CA-2018-126536,Binders,0.745235707,Binders,101.84
CA-2018-126550,Storage,0.944834504,Storage,81.4
CA-2018-126634,Furnishings,0.142427282,Furnishings,94.2
CA-2018-126662,Copiers,0.541624875,Copiers,479.984
CA-2018-126676,Envelopes,0.741223671,Envelopes,7.98
CA-2018-126718,Labels,0.340020060,Labels,4.91
CA-2018-126774,Art,0.138415246,Art,4.89
CA-2018-126788,Phones,0.338014042,Phones,470.376
CA-2018-126865,Paper,0.935807422,Paper,92.94
CA-2018-126914,Bookcases,0.134403210,Bookcases,77.728
CA-2018-126914,Chairs,0.134403210,Chairs,698.352
CA-2018-126928,Machines,0.334002006,Machines,480
CA-2018-126928,Storage,0.334002006,Storage,34.05
CA-2018-126956,Envelopes,0.733199599,Envelopes,15.28
CA-2018-126956,Fasteners,0.733199599,Fasteners,35
CA-2018-126956,Supplies,0.733199599,Supplies,37.24
CA-2018-127026,Accessories,0.731193581,Accessories,619.95
CA-2018-127026,Binders,0.731193581,Binders,103.92
CA-2018-127026,Machines,0.731193581,Machines,350.973
CA-2018-127026,Phones,0.731193581,Phones,164.99
CA-2018-127096,Tables,0.729187563,Tables,300.904
CA-2018-127117,Furnishings,0.528585757,Furnishings,74.45
CA-2018-127180,Copiers,0.926780341,Copiers,"11,199.968"
CA-2018-127180,Envelopes,0.926780341,Envelopes,63.9
CA-2018-127180,Phones,0.926780341,Phones,"2,452.59"
CA-2018-127264,Art,0.124373119,Art,7.056
CA-2018-127285,Binders,0.923771314,Binders,102.656
CA-2018-127306,Binders,0.723169509,Binders,8.478
CA-2018-127306,Envelopes,0.723169509,Envelopes,18.336
CA-2018-127306,Paper,0.723169509,Paper,36.288
CA-2018-127306,Phones,0.723169509,Phones,111.984
CA-2018-127313,Furnishings,0.322968907,Furnishings,79.12
CA-2018-127313,Storage,0.322968907,Storage,37.392
CA-2018-127397,Accessories,0.520561685,Accessories,"1,319.8"
CA-2018-127397,Paper,0.520561685,Paper,123.92
CA-2018-127432,Copiers,0.519558676,Copiers,"2,999.95"
CA-2018-127432,Paper,0.519558676,Paper,11.96
CA-2018-127432,Storage,0.519558676,Storage,"1,177.47"
CA-2018-127460,Storage,0.918756269,Storage,298.464
CA-2018-127474,Furnishings,0.118355065,Furnishings,22.2
CA-2018-127474,Paper,0.118355065,Paper,490.168
CA-2018-127516,Storage,0.717151454,Storage,64.784
CA-2018-127621,Paper,0.714142427,Paper,26.88
CA-2018-127656,Art,0.713139418,Art,30.32
CA-2018-127705,Phones,0.911735206,Phones,2.97
CA-2018-127705,Storage,0.911735206,Storage,27.44
CA-2018-127712,Supplies,0.511534604,Supplies,6.208
CA-2018-127726,Appliances,0.711133400,Appliances,195.68
CA-2018-127726,Fasteners,0.711133400,Fasteners,14.2
CA-2018-127782,Appliances,0.509528586,Appliances,20.136
CA-2018-127782,Envelopes,0.509528586,Envelopes,8.856
CA-2018-127782,Furnishings,0.509528586,Furnishings,3.312
CA-2018-127782,Phones,0.509528586,Phones,859.2
CA-2018-127803,Binders,0.308926780,Binders,26.16
CA-2018-127922,Envelopes,0.505516550,Envelopes,15.84
CA-2018-127922,Paper,0.505516550,Paper,8.448
CA-2018-127929,Furnishings,0.105315948,Furnishings,181.95
CA-2018-128041,Appliances,0.702106319,Appliances,314.6
CA-2018-128041,Tables,0.702106319,Tables,283.56
CA-2018-128076,Binders,0.701103310,Binders,30.96
CA-2018-128076,Furnishings,0.701103310,Furnishings,210.58
CA-2018-128076,Machines,0.701103310,Machines,239.984
CA-2018-128160,Binders,0.898696088,Binders,36.672
CA-2018-128265,Storage,0.895687061,Storage,"1,247.64"
CA-2018-128300,Binders,0.894684052,Binders,327.84
CA-2018-128300,Phones,0.894684052,Phones,79.1
CA-2018-128328,Accessories,0.293881645,Accessories,79.78
CA-2018-128328,Binders,0.293881645,Binders,125.88
CA-2018-128328,Labels,0.293881645,Labels,133.2
CA-2018-128335,Envelopes,0.893681043,Envelopes,23.34
CA-2018-128335,Paper,0.893681043,Paper,51.55
CA-2018-128363,Accessories,0.292878636,Accessories,1.584
CA-2018-128363,Appliances,0.292878636,Appliances,272.048
CA-2018-128363,Binders,0.292878636,Binders,"1,614.582"
CA-2018-128363,Chairs,0.292878636,Chairs,423.648
CA-2018-128363,Envelopes,0.292878636,Envelopes,14.76
CA-2018-128363,Fasteners,0.292878636,Fasteners,24.32
CA-2018-128363,Furnishings,0.292878636,Furnishings,31.984
CA-2018-128370,Binders,0.892678034,Binders,7.184
CA-2018-128370,Chairs,0.892678034,Chairs,362.352
CA-2018-128426,Binders,0.691073220,Binders,4.24
CA-2018-128475,Accessories,0.889669007,Accessories,71.98
CA-2018-128629,Furnishings,0.085255767,Furnishings,18.84
CA-2018-128699,Accessories,0.083249749,Accessories,47.992
CA-2018-128734,Chairs,0.082246740,Chairs,842.376
CA-2018-128734,Furnishings,0.082246740,Furnishings,8.544
CA-2018-128755,Paper,0.881644935,Paper,41.51
CA-2018-128755,Storage,0.881644935,Storage,588.35
CA-2018-128769,Appliances,0.081243731,Appliances,81.568
CA-2018-128783,Accessories,0.280842528,Accessories,113.52
CA-2018-128783,Furnishings,0.280842528,Furnishings,135.3
CA-2018-128853,Chairs,0.278836510,Chairs,908.82
CA-2018-128944,Accessories,0.076228686,Accessories,122.328
CA-2018-128944,Chairs,0.076228686,Chairs,760.116
CA-2018-128944,Furnishings,0.076228686,Furnishings,38.784
CA-2018-128965,Accessories,0.875626881,Accessories,274.89
CA-2018-128965,Chairs,0.875626881,Chairs,218.352
CA-2018-128965,Fasteners,0.875626881,Fasteners,10.9
CA-2018-128965,Labels,0.875626881,Labels,30.42
CA-2018-128965,Paper,0.875626881,Paper,28.14
CA-2018-129000,Storage,0.874623872,Storage,501.81
CA-2018-129021,Appliances,0.674022066,Appliances,161.376
CA-2018-129021,Furnishings,0.674022066,Furnishings,2.784
CA-2018-129021,Paper,0.674022066,Paper,58.288
CA-2018-129021,Phones,0.674022066,Phones,"4,367.896"
CA-2018-129028,Furnishings,0.273821464,Furnishings,127.95
CA-2018-129294,Appliances,0.066198596,Appliances,140.67
CA-2018-129294,Binders,0.066198596,Binders,90.144
CA-2018-129294,Storage,0.066198596,Storage,310.12
CA-2018-129357,Paper,0.464393180,Paper,440.19
CA-2018-129357,Supplies,0.464393180,Supplies,64.4
CA-2018-129378,Appliances,0.263791374,Appliances,241.96
CA-2018-129378,Binders,0.263791374,Binders,63.216
CA-2018-129378,Chairs,0.263791374,Chairs,108.608
CA-2018-129462,Appliances,0.461384152,Appliances,180.66
CA-2018-129462,Chairs,0.461384152,Chairs,301.96
CA-2018-129462,Phones,0.461384152,Phones,257.97
CA-2018-129490,Chairs,0.860581745,Chairs,419.136
CA-2018-129567,Binders,0.458375125,Binders,17.456
CA-2018-129581,Phones,0.657973922,Phones,128.85
CA-2018-129707,Art,0.454363089,Art,8.896
CA-2018-129805,Furnishings,0.851554664,Furnishings,7.4
CA-2018-129833,Binders,0.250752257,Binders,10.4
CA-2018-129833,Paper,0.250752257,Paper,33.45
CA-2018-129910,Storage,0.848545637,Storage,59.76
CA-2018-130036,Accessories,0.644934804,Accessories,"1,119.888"
CA-2018-130036,Paper,0.644934804,Paper,12.672
CA-2018-130043,Paper,0.244734203,Paper,31.872
CA-2018-130106,Art,0.642928786,Art,12.62
CA-2018-130141,Binders,0.641925777,Binders,3.168
CA-2018-130141,Chairs,0.641925777,Chairs,579.136
CA-2018-130148,Paper,0.241725176,Paper,31.08
CA-2018-130148,Supplies,0.241725176,Supplies,7.3
CA-2018-130211,Storage,0.639919759,Storage,333.09
CA-2018-130211,Tables,0.639919759,Tables,248.98
CA-2018-130302,Accessories,0.437311936,Accessories,895.944
CA-2018-130309,Storage,0.037111334,Storage,544.38
CA-2018-130351,Accessories,0.635907723,Accessories,99.39
CA-2018-130351,Appliances,0.635907723,Appliances,61.44
CA-2018-130351,Paper,0.635907723,Paper,38.9
CA-2018-130386,Paper,0.634904714,Paper,239.112
CA-2018-130386,Storage,0.634904714,Storage,540.048
CA-2018-130505,Tables,0.831494483,Tables,673.344
CA-2018-130526,Binders,0.630892678,Binders,33.568
CA-2018-130631,Fasteners,0.627883651,Fasteners,19.6
CA-2018-130631,Furnishings,0.627883651,Furnishings,68.46
CA-2018-130715,Fasteners,0.825476429,Fasteners,17.9
CA-2018-130764,Bookcases,0.024072217,Bookcases,556.665
CA-2018-130764,Phones,0.024072217,Phones,95.84
CA-2018-130771,Fasteners,0.623871615,Fasteners,2.896
CA-2018-130771,Phones,0.623871615,Phones,124.792
CA-2018-130834,Paper,0.022066199,Paper,16.272
CA-2018-130841,Binders,0.621865597,Binders,9.984
CA-2018-130841,Phones,0.621865597,Phones,"1,145.6"
CA-2018-130841,Storage,0.621865597,Storage,14.98
CA-2018-130904,Art,0.020060181,Art,22.744
CA-2018-130967,Phones,0.418254764,Phones,53.982
CA-2018-131016,Art,0.616850552,Art,8.928
CA-2018-131016,Storage,0.616850552,Storage,47.584
CA-2018-131037,Tables,0.416248746,Tables,210.008
CA-2018-131156,Furnishings,0.612838516,Furnishings,25.472
CA-2018-131212,Binders,0.411233701,Binders,39.792
CA-2018-131233,Binders,0.210631896,Binders,10.776
CA-2018-131233,Bookcases,0.210631896,Bookcases,242.352
CA-2018-131254,Art,0.010030090,Art,13.04
CA-2018-131254,Binders,0.010030090,Binders,"1,525.188"
CA-2018-131254,Chairs,0.010030090,Chairs,191.058
CA-2018-131282,Art,0.409227683,Art,7.12
CA-2018-131282,Binders,0.409227683,Binders,243.992
CA-2018-131303,Labels,0.208625878,Labels,62.65
CA-2018-131366,Paper,0.606820461,Paper,229.544
CA-2018-131366,Phones,0.606820461,Phones,89.988
CA-2018-131492,Envelopes,0.403209629,Envelopes,8.96
CA-2018-131492,Furnishings,0.403209629,Furnishings,30.56
CA-2018-131492,Labels,0.403209629,Labels,31.5
CA-2018-131492,Tables,0.403209629,Tables,24.368
CA-2018-131618,Binders,0.199598796,Binders,11.664
CA-2018-131618,Paper,0.199598796,Paper,12.224
CA-2018-131625,Furnishings,0.799398195,Furnishings,114.9
CA-2018-131632,Art,0.399197593,Art,5.248
CA-2018-131653,Labels,0.198595787,Labels,5.22
CA-2018-131695,Furnishings,0.797392177,Furnishings,22.23
CA-2018-131695,Storage,0.797392177,Storage,248.57
CA-2018-131807,Appliances,0.394182548,Appliances,15.8
CA-2018-131807,Chairs,0.394182548,Chairs,435.168
CA-2018-131807,Fasteners,0.394182548,Fasteners,14.9
CA-2018-131807,Furnishings,0.394182548,Furnishings,72.9
CA-2018-131807,Phones,0.394182548,Phones,7.992
CA-2018-131807,Tables,0.394182548,Tables,206.352
CA-2018-131828,Chairs,0.193580742,Chairs,963.136
CA-2018-131828,Phones,0.193580742,Phones,88.776
CA-2018-131954,Accessories,0.989969910,Accessories,179.97
CA-2018-131954,Binders,0.989969910,Binders,146.352
CA-2018-131954,Bookcases,0.989969910,Bookcases,84.98
CA-2018-131954,Storage,0.989969910,Storage,242.94
CA-2018-132122,Storage,0.385155466,Storage,228.92
CA-2018-132178,Storage,0.183550652,Storage,832.96
CA-2018-132185,Appliances,0.783350050,Appliances,43.584
CA-2018-132185,Art,0.783350050,Art,8.76
CA-2018-132199,Binders,0.982948847,Binders,90.588
CA-2018-132199,Fasteners,0.982948847,Fasteners,8
CA-2018-132199,Furnishings,0.982948847,Furnishings,32.448
CA-2018-132199,Tables,0.982948847,Tables,373.47
CA-2018-132213,Art,0.182547643,Art,109.968
CA-2018-132234,Furnishings,0.981945838,Furnishings,547.3
CA-2018-132262,Accessories,0.381143430,Accessories,151.96
CA-2018-132290,Tables,0.780341023,Tables,933.408
CA-2018-132339,Binders,0.978936810,Binders,387.99
CA-2018-132346,Appliances,0.578736209,Appliances,100.94
CA-2018-132353,Phones,0.178535607,Phones,323.976
CA-2018-132430,Furnishings,0.776328987,Furnishings,45.888
CA-2018-132437,Storage,0.376128385,Storage,65.12
CA-2018-132521,Appliances,0.573721163,Appliances,119.96
CA-2018-132521,Binders,0.573721163,Binders,6.88
CA-2018-132521,Storage,0.573721163,Storage,31.44
CA-2018-132584,Storage,0.971915747,Storage,53.72
CA-2018-132619,Storage,0.970912738,Storage,193.95
CA-2018-132647,Paper,0.370110331,Paper,11.76
CA-2018-132647,Storage,0.370110331,Storage,166.45
CA-2018-132682,Paper,0.369107322,Paper,85.056
CA-2018-132682,Phones,0.369107322,Phones,381.576
CA-2018-132682,Supplies,0.369107322,Supplies,23.76
CA-2018-132738,Envelopes,0.167502508,Envelopes,8.784
CA-2018-132738,Paper,0.167502508,Paper,7.968
CA-2018-132934,Accessories,0.961885657,Accessories,149.95
CA-2018-132934,Binders,0.961885657,Binders,51.312
CA-2018-132955,Binders,0.761283852,Binders,102.93
CA-2018-132976,Labels,0.560682046,Labels,24.84
CA-2018-132976,Paper,0.560682046,Paper,29.824
CA-2018-132976,Storage,0.560682046,Storage,59.712
CA-2018-133004,Appliances,0.959879639,Appliances,638.73
CA-2018-133046,Accessories,0.558676028,Accessories,234.95
CA-2018-133046,Furnishings,0.558676028,Furnishings,23.88
CA-2018-133046,Paper,0.558676028,Paper,39.16
CA-2018-133067,Binders,0.358074223,Binders,11.598
CA-2018-133074,Paper,0.957873621,Paper,55.86
CA-2018-133095,Binders,0.757271815,Binders,117.62
CA-2018-133102,Appliances,0.357071214,Appliances,38.864
CA-2018-133102,Art,0.357071214,Art,8.016
CA-2018-133102,Chairs,0.357071214,Chairs,74.592
CA-2018-133102,Furnishings,0.357071214,Furnishings,16.784
CA-2018-133102,Supplies,0.357071214,Supplies,5.552
CA-2018-133207,Phones,0.354062187,Phones,57.568
CA-2018-133235,Phones,0.753259779,Phones,271.96
CA-2018-133249,Furnishings,0.952858576,Furnishings,145.9
CA-2018-133256,Art,0.552657974,Art,15.92
CA-2018-133256,Paper,0.552657974,Paper,4.54
CA-2018-133256,Phones,0.552657974,Phones,543.92
CA-2018-133263,Binders,0.152457372,Binders,98.66
CA-2018-133263,Copiers,0.152457372,Copiers,"2,999.95"
CA-2018-133333,Paper,0.150451354,Paper,22.72
CA-2018-133431,Binders,0.547642929,Binders,15.24
CA-2018-133431,Paper,0.547642929,Paper,13.23
CA-2018-133487,Appliances,0.346038114,Appliances,152.94
CA-2018-133501,Paper,0.545636911,Paper,5.184
CA-2018-133620,Storage,0.742226680,Storage,11.21
CA-2018-133641,Envelopes,0.541624875,Envelopes,48.69
CA-2018-133648,Art,0.141424273,Art,5.344
CA-2018-133648,Fasteners,0.141424273,Fasteners,11.304
CA-2018-133648,Labels,0.141424273,Labels,71.04
CA-2018-133718,Binders,0.139418255,Binders,15.192
CA-2018-133718,Paper,0.139418255,Paper,58.32
CA-2018-133823,Binders,0.136409228,Binders,26.032
CA-2018-133823,Labels,0.136409228,Labels,37.59
CA-2018-133823,Paper,0.136409228,Paper,37.44
CA-2018-133865,Copiers,0.735205617,Copiers,"3,359.952"
CA-2018-133928,Binders,0.133400201,Binders,4.572
CA-2018-134096,Binders,0.528585757,Binders,15.57
CA-2018-134096,Phones,0.528585757,Phones,383.96
CA-2018-134152,Accessories,0.326980943,Accessories,98.16
CA-2018-134152,Art,0.326980943,Art,31.44
CA-2018-134173,Paper,0.126379137,Paper,20.736
CA-2018-134194,Art,0.925777332,Art,31.744
CA-2018-134194,Binders,0.925777332,Binders,83.73
CA-2018-134194,Supplies,0.925777332,Supplies,44.688
CA-2018-134285,Fasteners,0.723169509,Fasteners,3.552
CA-2018-134285,Paper,0.723169509,Paper,15.552
CA-2018-134306,Art,0.522567703,Art,20.52
CA-2018-134306,Paper,0.522567703,Paper,24.56
CA-2018-134404,Art,0.919759278,Art,13.248
CA-2018-134404,Phones,0.919759278,Phones,164.388
CA-2018-134418,Art,0.119358074,Art,12.42
CA-2018-134439,Paper,0.918756269,Paper,15.96
CA-2018-134495,Appliances,0.717151454,Appliances,20.808
CA-2018-134495,Chairs,0.717151454,Chairs,218.352
CA-2018-134495,Labels,0.717151454,Labels,6.264
CA-2018-134495,Phones,0.717151454,Phones,23.976
CA-2018-134565,Binders,0.715145436,Binders,18.288
CA-2018-134565,Bookcases,0.715145436,Bookcases,174.42
CA-2018-134565,Machines,0.715145436,Machines,385.8
CA-2018-134565,Paper,0.715145436,Paper,37.94
CA-2018-134565,Storage,0.715145436,Storage,102.96
CA-2018-134607,Storage,0.313941825,Storage,22.58
CA-2018-134635,Paper,0.713139418,Paper,79.14
CA-2018-134649,Art,0.912738215,Art,15.47
CA-2018-134649,Binders,0.912738215,Binders,7.16
CA-2018-134796,Phones,0.508525577,Phones,148.48
CA-2018-134810,Chairs,0.708124373,Chairs,207
CA-2018-134810,Envelopes,0.708124373,Envelopes,65.232
CA-2018-134838,Art,0.107321966,Art,12.84
CA-2018-134838,Furnishings,0.107321966,Furnishings,44.67
CA-2018-134845,Binders,0.707121364,Binders,42.588
CA-2018-134845,Machines,0.707121364,Machines,"2,549.985"
CA-2018-134845,Paper,0.707121364,Paper,20.736
CA-2018-134880,Paper,0.706118355,Paper,44.784
CA-2018-134915,Accessories,0.705115346,Accessories,41.6
CA-2018-134915,Chairs,0.705115346,Chairs,113.888
CA-2018-134915,Furnishings,0.705115346,Furnishings,113.568
CA-2018-134915,Paper,0.705115346,Paper,23.12
CA-2018-134915,Phones,0.705115346,Phones,679.904
CA-2018-134978,Binders,0.103309930,Binders,15.92
CA-2018-135034,Phones,0.901705115,Phones,95.984
CA-2018-135069,Appliances,0.900702106,Appliances,195.104
CA-2018-135069,Furnishings,0.900702106,Furnishings,36.672
CA-2018-135076,Chairs,0.500501505,Chairs,436.704
CA-2018-135111,Art,0.499498495,Art,2.48
CA-2018-135111,Binders,0.499498495,Binders,25.9
CA-2018-135167,Art,0.297893681,Art,4.26
CA-2018-135279,Art,0.894684052,Art,35.97
CA-2018-135279,Labels,0.894684052,Labels,18.46
CA-2018-135279,Paper,0.894684052,Paper,204.56
CA-2018-135279,Storage,0.894684052,Storage,501.81
CA-2018-135307,Accessories,0.293881645,Accessories,38.04
CA-2018-135307,Furnishings,0.293881645,Furnishings,126.3
CA-2018-135377,Bookcases,0.291875627,Bookcases,287.976
CA-2018-135419,Tables,0.890672016,Tables,486.368
CA-2018-135587,Accessories,0.285857573,Accessories,52
CA-2018-135587,Appliances,0.285857573,Appliances,320.64
CA-2018-135650,Storage,0.684052156,Storage,143.728
CA-2018-135692,Bookcases,0.282848546,Bookcases,220.2656
CA-2018-135692,Labels,0.282848546,Labels,33.12
CA-2018-135783,Furnishings,0.080240722,Furnishings,18.28
CA-2018-135860,Binders,0.678034102,Binders,15.92
CA-2018-135860,Fasteners,0.678034102,Fasteners,52.29
CA-2018-135860,Phones,0.678034102,Phones,131.98
CA-2018-135860,Storage,0.678034102,Storage,175.91
CA-2018-135909,Accessories,0.876629890,Accessories,209.94
CA-2018-135909,Binders,0.876629890,Binders,"5,083.96"
CA-2018-135909,Phones,0.876629890,Phones,31.984
CA-2018-135937,Accessories,0.275827482,Accessories,31.992
CA-2018-135937,Envelopes,0.275827482,Envelopes,10.64
CA-2018-135937,Furnishings,0.275827482,Furnishings,68.704
CA-2018-135937,Phones,0.275827482,Phones,333.576
CA-2018-135937,Storage,0.275827482,Storage,51.168
CA-2018-135937,Tables,0.275827482,Tables,386.91
CA-2018-136000,Binders,0.674022066,Binders,40.176
CA-2018-136007,Fasteners,0.273821464,Fasteners,8.4
CA-2018-136007,Phones,0.273821464,Phones,71.96
CA-2018-136063,Art,0.072216650,Art,10.192
CA-2018-136238,Paper,0.067201605,Paper,16.032
CA-2018-136308,Machines,0.065195587,Machines,"1,919.976"
CA-2018-136350,Chairs,0.663991976,Chairs,172.764
CA-2018-136350,Furnishings,0.663991976,Furnishings,276.69
CA-2018-136364,Furnishings,0.863590772,Furnishings,91.008
CA-2018-136364,Phones,0.863590772,Phones,39.594
CA-2018-136448,Accessories,0.061183551,Accessories,119.96
CA-2018-136448,Binders,0.061183551,Binders,541.638
CA-2018-136448,Furnishings,0.061183551,Furnishings,22.512
CA-2018-136497,Binders,0.259779338,Binders,13.71
CA-2018-136511,Supplies,0.459378134,Supplies,347.58
CA-2018-136539,Art,0.858575727,Art,27.168
CA-2018-136539,Bookcases,0.858575727,Bookcases,78.8528
CA-2018-136609,Paper,0.856569709,Paper,115.296
CA-2018-136623,Binders,0.056168506,Binders,29.8
CA-2018-136623,Phones,0.056168506,Phones,71.952
CA-2018-136651,Binders,0.455366098,Binders,92.88
CA-2018-136651,Furnishings,0.455366098,Furnishings,90.5
CA-2018-136672,Accessories,0.254764293,Accessories,49.08
CA-2018-136826,Art,0.450351053,Art,14.016
CA-2018-136875,Paper,0.648946841,Paper,166.44
CA-2018-136882,Furnishings,0.248746239,Furnishings,477.3
CA-2018-137001,Art,0.445336008,Art,14.7
CA-2018-137022,Storage,0.244734203,Storage,811.28
CA-2018-137085,Binders,0.642928786,Binders,312.552
CA-2018-137099,Phones,0.842527583,Phones,374.376
CA-2018-137323,Storage,0.036108325,Storage,96.36
CA-2018-137344,Storage,0.835506520,Storage,40.29
CA-2018-137365,Accessories,0.634904714,Accessories,95.976
CA-2018-137414,Furnishings,0.833500502,Furnishings,17.46
CA-2018-137414,Machines,0.833500502,Machines,369.16
CA-2018-137421,Art,0.433299900,Art,9.344
CA-2018-137428,Binders,0.033099298,Binders,24.32
CA-2018-137428,Chairs,0.033099298,Chairs,178.752
CA-2018-137428,Furnishings,0.033099298,Furnishings,18.96
CA-2018-137449,Appliances,0.832497492,Appliances,21.392
CA-2018-137449,Bookcases,0.832497492,Bookcases,409.9992
CA-2018-137449,Tables,0.832497492,Tables,307.314
CA-2018-137456,Furnishings,0.432296891,Furnishings,15.92
CA-2018-137463,Accessories,0.032096289,Accessories,339.9
CA-2018-137463,Art,0.032096289,Art,29.95
CA-2018-137463,Binders,0.032096289,Binders,5.984
CA-2018-137463,Labels,0.032096289,Labels,44.4
CA-2018-137470,Paper,0.631895687,Paper,12.96
CA-2018-137498,Art,0.031093280,Art,6.56
CA-2018-137498,Chairs,0.031093280,Chairs,243.92
CA-2018-137498,Paper,0.031093280,Paper,47.52
CA-2018-137505,Tables,0.630892678,Tables,435.168
CA-2018-137582,Binders,0.228686058,Binders,11.808
CA-2018-137596,Accessories,0.428284855,Accessories,"1,928.78"
CA-2018-137596,Phones,0.428284855,Phones,"1,199.8"
CA-2018-137596,Storage,0.428284855,Storage,352.38
CA-2018-137624,Chairs,0.827482447,Chairs,241.424
CA-2018-137631,Phones,0.427281846,Phones,751.984
CA-2018-137785,Chairs,0.622868606,Chairs,458.43
CA-2018-137876,Envelopes,0.420260782,Envelopes,30.56
CA-2018-137876,Furnishings,0.420260782,Furnishings,64.96
CA-2018-137918,Supplies,0.019057172,Supplies,97.3
CA-2018-138149,Accessories,0.812437312,Accessories,62.31
CA-2018-138149,Art,0.812437312,Art,11.68
CA-2018-138149,Binders,0.812437312,Binders,895.92
CA-2018-138149,Storage,0.812437312,Storage,130.71
CA-2018-138156,Furnishings,0.412236710,Furnishings,147.568
CA-2018-138163,Art,0.012036108,Art,50.94
CA-2018-138289,Binders,0.808425276,Binders,"5,443.96"
CA-2018-138289,Chairs,0.808425276,Chairs,302.67
CA-2018-138289,Paper,0.808425276,Paper,56.07
CA-2018-138310,Accessories,0.607823470,Accessories,431.928
CA-2018-138380,Storage,0.605817452,Storage,"1,000.02"
CA-2018-138422,Envelopes,0.204613842,Envelopes,14.352
CA-2018-138464,Art,0.803410231,Art,31.36
CA-2018-138464,Binders,0.803410231,Binders,86.376
CA-2018-138464,Furnishings,0.803410231,Furnishings,15.84
CA-2018-138548,Appliances,0.001003009,Appliances,97.84
CA-2018-138611,Binders,0.399197593,Binders,3.648
CA-2018-138611,Phones,0.399197593,Phones,119.94
CA-2018-138618,Paper,0.998996991,Paper,10.368
CA-2018-138779,Envelopes,0.794383149,Envelopes,21.744
CA-2018-138779,Phones,0.794383149,Phones,7.92
CA-2018-138870,Furnishings,0.591775326,Furnishings,50.32
CA-2018-138870,Paper,0.591775326,Paper,24.56
CA-2018-138975,Accessories,0.588766299,Accessories,67.8
CA-2018-138975,Bookcases,0.588766299,Bookcases,"1,628.82"
CA-2018-138975,Paper,0.588766299,Paper,286.93
CA-2018-138975,Phones,0.588766299,Phones,377.97
CA-2018-139080,Binders,0.585757272,Binders,19.68
CA-2018-139080,Paper,0.585757272,Paper,32.4
CA-2018-139080,Phones,0.585757272,Phones,86.352
CA-2018-139199,Binders,0.782347041,Binders,41.54
CA-2018-139199,Chairs,0.782347041,Chairs,872.94
CA-2018-139199,Paper,0.782347041,Paper,12.96
CA-2018-139304,Art,0.779338014,Art,8.34
CA-2018-139304,Binders,0.779338014,Binders,119.616
CA-2018-139304,Supplies,0.779338014,Supplies,8.57
CA-2018-139311,Art,0.379137412,Art,9.184
CA-2018-139311,Binders,0.379137412,Binders,12.864
CA-2018-139311,Paper,0.379137412,Paper,29.664
CA-2018-139311,Phones,0.379137412,Phones,153.584
CA-2018-139353,Furnishings,0.977933801,Furnishings,77.952
CA-2018-139353,Paper,0.977933801,Paper,47.952
CA-2018-139353,Storage,0.977933801,Storage,147.184
CA-2018-139402,Binders,0.176529589,Binders,13.005
CA-2018-139402,Paper,0.176529589,Paper,419.4
CA-2018-139416,Furnishings,0.376128385,Furnishings,15.008
CA-2018-139437,Storage,0.175526580,Storage,87.92
CA-2018-139444,Labels,0.775325978,Labels,9.856
CA-2018-139493,Art,0.973921765,Art,15.92
CA-2018-139619,Storage,0.770310933,Storage,95.616
CA-2018-139661,Furnishings,0.369107322,Furnishings,9.64
CA-2018-139717,Appliances,0.167502508,Appliances,646.272
CA-2018-139717,Paper,0.167502508,Paper,10.368
CA-2018-139773,Chairs,0.965897693,Chairs,188.552
CA-2018-139787,Art,0.165496489,Art,35.4
CA-2018-139822,Accessories,0.164493480,Accessories,59.98
CA-2018-139822,Storage,0.164493480,Storage,38.62
CA-2018-139913,Furnishings,0.961885657,Furnishings,69.08
CA-2018-139913,Paper,0.961885657,Paper,37.96
CA-2018-139913,Phones,0.961885657,Phones,35.88
CA-2018-139948,Furnishings,0.960882648,Furnishings,7.904
CA-2018-140053,Furnishings,0.957873621,Furnishings,545.85
CA-2018-140088,Chairs,0.956870612,Chairs,301.96
CA-2018-140151,Copiers,0.355065196,Copiers,"13,999.96"
CA-2018-140151,Paper,0.355065196,Paper,20.04
CA-2018-140151,Storage,0.355065196,Storage,32.48
CA-2018-140186,Appliances,0.354062187,Appliances,97.84
CA-2018-140186,Binders,0.354062187,Binders,46.672
CA-2018-140186,Chairs,0.354062187,Chairs,72.784
CA-2018-140186,Fasteners,0.354062187,Fasteners,35
CA-2018-140186,Furnishings,0.354062187,Furnishings,51.75
CA-2018-140242,Accessories,0.152457372,Accessories,408.744
CA-2018-140242,Art,0.152457372,Art,6.408
CA-2018-140298,Art,0.950852558,Art,5.248
CA-2018-140298,Furnishings,0.950852558,Furnishings,7.996
CA-2018-140298,Paper,0.950852558,Paper,6.848
CA-2018-140298,Storage,0.950852558,Storage,74.416
CA-2018-140326,Art,0.350050150,Art,6.912
CA-2018-140326,Bookcases,0.350050150,Bookcases,825.174
CA-2018-140326,Paper,0.350050150,Paper,17.76
CA-2018-140480,Accessories,0.545636911,Accessories,141.9
CA-2018-140480,Art,0.545636911,Art,203.86
CA-2018-140480,Furnishings,0.545636911,Furnishings,123.9
CA-2018-140494,Accessories,0.745235707,Accessories,111.96
CA-2018-140508,Envelopes,0.944834504,Envelopes,114.848
CA-2018-140515,Appliances,0.544633902,Appliances,381.36
CA-2018-140536,Art,0.344032096,Art,7.04
CA-2018-140585,Accessories,0.542627884,Accessories,119.98
CA-2018-140585,Binders,0.542627884,Binders,46.672
CA-2018-140585,Bookcases,0.542627884,Bookcases,119.833
CA-2018-140627,Art,0.141424273,Art,12.264
CA-2018-140627,Furnishings,0.141424273,Furnishings,72.704
CA-2018-140627,Storage,0.141424273,Storage,218.352
CA-2018-140676,Appliances,0.340020060,Appliances,90.86
CA-2018-140676,Paper,0.340020060,Paper,134.75
CA-2018-140760,Envelopes,0.537612839,Envelopes,43.92
CA-2018-140760,Paper,0.537612839,Paper,25.344
CA-2018-140781,Accessories,0.337011033,Accessories,39.816
CA-2018-140802,Accessories,0.136409228,Accessories,47.976
CA-2018-140802,Paper,0.136409228,Paper,20.736
CA-2018-140844,Accessories,0.735205617,Accessories,103.12
CA-2018-140844,Paper,0.735205617,Paper,97.82
CA-2018-140872,Accessories,0.134403210,Accessories,316.392
CA-2018-140872,Appliances,0.134403210,Appliances,29.672
CA-2018-140872,Binders,0.134403210,Binders,4.554
CA-2018-140872,Bookcases,0.134403210,Bookcases,241.568
CA-2018-140872,Paper,0.134403210,Paper,15.552
CA-2018-140872,Phones,0.134403210,Phones,503.96
CA-2018-140949,Accessories,0.732196590,Accessories,128.66
CA-2018-140949,Art,0.732196590,Art,59.1
CA-2018-140949,Binders,0.732196590,Binders,9.144
CA-2018-140949,Labels,0.732196590,Labels,26.06
CA-2018-140949,Phones,0.732196590,Phones,119.7
CA-2018-140949,Storage,0.732196590,Storage,153.97
CA-2018-140963,Bookcases,0.931795386,Bookcases,514.165
CA-2018-140963,Labels,0.931795386,Labels,29.6
CA-2018-140963,Phones,0.931795386,Phones,279.96
CA-2018-141103,Phones,0.927783350,Phones,89.95
CA-2018-141117,Art,0.127382146,Art,95.144
CA-2018-141117,Binders,0.127382146,Binders,22.638
CA-2018-141117,Bookcases,0.127382146,Bookcases,217.764
CA-2018-141117,Supplies,0.127382146,Supplies,39.072
CA-2018-141138,Accessories,0.926780341,Accessories,111.79
CA-2018-141201,Bookcases,0.324974925,Bookcases,148.257
CA-2018-141425,Supplies,0.518555667,Supplies,384.592
CA-2018-141439,Chairs,0.718154463,Chairs,828.6
CA-2018-141439,Furnishings,0.718154463,Furnishings,27.46
CA-2018-141439,Phones,0.718154463,Phones,"1,969.94"
CA-2018-141439,Tables,0.718154463,Tables,257.94
CA-2018-141446,Accessories,0.317953862,Accessories,18
CA-2018-141481,Appliances,0.316950853,Appliances,61.44
CA-2018-141572,Furnishings,0.114343029,Furnishings,247.44
CA-2018-141614,Paper,0.713139418,Paper,20.736
CA-2018-141663,Fasteners,0.911735206,Fasteners,7.92
CA-2018-141705,Tables,0.510531595,Tables,517.405
CA-2018-141719,Accessories,0.710130391,Accessories,239.96
CA-2018-141733,Appliances,0.909729188,Appliances,87.444
CA-2018-141733,Chairs,0.909729188,Chairs,"1,962.09"
CA-2018-141747,Storage,0.109327984,Storage,16.06
CA-2018-141782,Envelopes,0.108324975,Envelopes,268.576
CA-2018-141789,Binders,0.708124373,Binders,"1,793.98"
CA-2018-141873,Binders,0.905717151,Binders,31.056
CA-2018-141873,Bookcases,0.905717151,Bookcases,314.352
CA-2018-141873,Paper,0.905717151,Paper,18.98
CA-2018-141929,Binders,0.704112337,Binders,487.984
CA-2018-141929,Phones,0.704112337,Phones,5.56
CA-2018-141929,Storage,0.704112337,Storage,217.85
CA-2018-141992,Storage,0.102306921,Storage,153.584
CA-2018-141992,Supplies,0.102306921,Supplies,11.184
CA-2018-142034,Accessories,0.701103310,Accessories,727.9
CA-2018-142034,Chairs,0.701103310,Chairs,603.92
CA-2018-142090,Accessories,0.499498495,Accessories,383.976
CA-2018-142090,Tables,0.499498495,Tables,"1,781.682"
CA-2018-142125,Binders,0.498495486,Binders,60.72
CA-2018-142174,Paper,0.697091274,Paper,89.568
CA-2018-142293,Accessories,0.893681043,Accessories,89.97
CA-2018-142328,Paper,0.892678034,Paper,50.04
CA-2018-142342,Bookcases,0.092276830,Bookcases,"1,194.165"
CA-2018-142342,Envelopes,0.092276830,Envelopes,57.9
CA-2018-142342,Paper,0.092276830,Paper,32.4
CA-2018-142342,Storage,0.092276830,Storage,10.56
CA-2018-142391,Furnishings,0.290872618,Furnishings,199.8
CA-2018-142461,Bookcases,0.288866600,Bookcases,204.6664
CA-2018-142489,Binders,0.688064193,Binders,21.99
CA-2018-142622,Bookcases,0.084252758,Bookcases,199.98
CA-2018-142622,Chairs,0.084252758,Chairs,711.84
CA-2018-142636,Chairs,0.283851555,Chairs,307.136
CA-2018-142636,Paper,0.283851555,Paper,139.86
CA-2018-142643,Furnishings,0.883650953,Furnishings,22.72
CA-2018-142643,Labels,0.883650953,Labels,152.65
CA-2018-142671,Binders,0.282848546,Binders,11.52
CA-2018-142776,Binders,0.279839519,Binders,5.4
CA-2018-142776,Envelopes,0.279839519,Envelopes,7.28
CA-2018-142867,Binders,0.077231695,Binders,13.776
CA-2018-142867,Paper,0.077231695,Paper,10.272
CA-2018-142888,Tables,0.876629890,Tables,70.98
CA-2018-142909,Tables,0.676028084,Tables,182.55
CA-2018-143021,Binders,0.272818455,Binders,58.408
CA-2018-143021,Tables,0.272818455,Tables,79.974
CA-2018-143035,Accessories,0.472417252,Accessories,371.97
CA-2018-143035,Art,0.472417252,Art,6.63
CA-2018-143035,Furnishings,0.472417252,Furnishings,83.92
CA-2018-143063,Envelopes,0.871614845,Envelopes,70.08
CA-2018-143063,Furnishings,0.871614845,Furnishings,121.3
CA-2018-143063,Phones,0.871614845,Phones,"1,454.49"
CA-2018-143084,Art,0.671013039,Art,13.9
CA-2018-143084,Envelopes,0.671013039,Envelopes,19.4
CA-2018-143112,Chairs,0.070210632,Chairs,221.382
CA-2018-143112,Machines,0.070210632,Machines,"5,199.96"
CA-2018-143112,Phones,0.070210632,Phones,87.8
CA-2018-143126,Tables,0.269809428,Tables,521.96
CA-2018-143217,Binders,0.067201605,Binders,18.24
CA-2018-143245,Chairs,0.466399198,Chairs,897.15
CA-2018-143245,Paper,0.466399198,Paper,19.44
CA-2018-143252,Accessories,0.066198596,Accessories,29.34
CA-2018-143252,Furnishings,0.066198596,Furnishings,99.95
CA-2018-143259,Binders,0.665997994,Binders,52.776
CA-2018-143259,Bookcases,0.665997994,Bookcases,323.136
CA-2018-143259,Phones,0.665997994,Phones,90.93
CA-2018-143294,Paper,0.664994985,Paper,10.688
CA-2018-143329,Furnishings,0.663991976,Furnishings,41.37
CA-2018-143343,Art,0.863590772,Art,16.4
CA-2018-143378,Art,0.862587763,Art,23.832
CA-2018-143378,Bookcases,0.862587763,Bookcases,72.588
CA-2018-143378,Furnishings,0.862587763,Furnishings,409.216
CA-2018-143378,Phones,0.862587763,Phones,191.976
CA-2018-143434,Furnishings,0.660982949,Furnishings,19.76
CA-2018-143455,Paper,0.460381143,Paper,10.368
CA-2018-143567,Accessories,0.057171515,Accessories,"2,249.91"
CA-2018-143567,Chairs,0.057171515,Chairs,975.92
CA-2018-143567,Envelopes,0.057171515,Envelopes,5.32
CA-2018-143567,Storage,0.057171515,Storage,59.92
CA-2018-143574,Bookcases,0.656970913,Bookcases,638.82
CA-2018-143574,Furnishings,0.656970913,Furnishings,25.16
CA-2018-143574,Supplies,0.656970913,Supplies,30.69
CA-2018-143651,Art,0.254764293,Art,23.1
CA-2018-143658,Art,0.854563691,Art,109.9
CA-2018-143665,Labels,0.454363089,Labels,39.28
CA-2018-143665,Paper,0.454363089,Paper,20.34
CA-2018-143686,Accessories,0.253761284,Accessories,"1,399.93"
CA-2018-143686,Furnishings,0.253761284,Furnishings,18.28
CA-2018-143756,Chairs,0.251755266,Chairs,701.96
CA-2018-143798,Furnishings,0.850551655,Furnishings,310.88
CA-2018-143798,Paper,0.850551655,Paper,10.368
CA-2018-143861,Furnishings,0.248746239,Furnishings,17.088
CA-2018-144036,Art,0.243731194,Art,35.712
CA-2018-144064,Binders,0.642928786,Binders,3.24
CA-2018-144064,Labels,0.642928786,Labels,47.36
CA-2018-144064,Storage,0.642928786,Storage,27.44
CA-2018-144113,Envelopes,0.841524574,Envelopes,17.568
CA-2018-144113,Phones,0.841524574,Phones,55.992
CA-2018-144225,Paper,0.438314945,Paper,164.88
CA-2018-144365,Fasteners,0.434302909,Fasteners,11.68
CA-2018-144456,Phones,0.231695085,Phones,158.376
CA-2018-144456,Storage,0.231695085,Storage,61.68
CA-2018-144463,Furnishings,0.831494483,Furnishings,474.43
CA-2018-144484,Appliances,0.630892678,Appliances,406.6
CA-2018-144484,Furnishings,0.630892678,Furnishings,32.36
CA-2018-144491,Accessories,0.230692076,Accessories,39.992
CA-2018-144491,Bookcases,0.230692076,Bookcases,"1,023.332"
CA-2018-144491,Chairs,0.230692076,Chairs,811.804
CA-2018-144498,Binders,0.830491474,Binders,68.541
CA-2018-144498,Labels,0.830491474,Labels,122.12
CA-2018-144498,Phones,0.830491474,Phones,627.168
CA-2018-144526,Binders,0.229689067,Binders,13.896
CA-2018-144526,Phones,0.229689067,Phones,677.58
CA-2018-144568,Fasteners,0.828485456,Fasteners,23.55
CA-2018-144589,Art,0.627883651,Art,24.2
CA-2018-144589,Phones,0.627883651,Phones,359.976
CA-2018-144596,Paper,0.227683049,Paper,318.96
CA-2018-144638,Art,0.826479438,Art,5.248
CA-2018-144638,Furnishings,0.826479438,Furnishings,50.568
CA-2018-144638,Phones,0.826479438,Phones,35.91
CA-2018-144680,Appliances,0.425275827,Appliances,33.62
CA-2018-144694,Accessories,0.624874624,Accessories,17.88
CA-2018-144694,Labels,0.624874624,Labels,235.944
CA-2018-144750,Paper,0.423269809,Paper,83.88
CA-2018-144820,Art,0.421263791,Art,20.64
CA-2018-144827,Storage,0.021063190,Storage,124.36
CA-2018-144848,Phones,0.820461384,Phones,160.24
CA-2018-144848,Supplies,0.820461384,Supplies,240.37
CA-2018-144862,Envelopes,0.020060181,Envelopes,104.68
CA-2018-144862,Phones,0.020060181,Phones,62.958
CA-2018-144883,Labels,0.819458375,Labels,50.4
CA-2018-144904,Art,0.618856570,Art,5.56
CA-2018-144904,Chairs,0.618856570,Chairs,488.646
CA-2018-144904,Furnishings,0.618856570,Furnishings,47.12
CA-2018-144904,Labels,0.618856570,Labels,20.7
CA-2018-144932,Art,0.018054162,Art,104.448
CA-2018-144932,Paper,0.018054162,Paper,13.872
CA-2018-145037,Paper,0.015045135,Paper,226.74
CA-2018-145037,Storage,0.015045135,Storage,10.9
CA-2018-145093,Binders,0.813440321,Binders,2.112
CA-2018-145128,Furnishings,0.812437312,Furnishings,526.45
CA-2018-145142,Tables,0.012036108,Tables,210.98
CA-2018-145219,Binders,0.609829488,Binders,90.48
CA-2018-145219,Copiers,0.609829488,Copiers,"2,879.952"
CA-2018-145226,Furnishings,0.209628887,Furnishings,109.48
CA-2018-145226,Paper,0.209628887,Paper,19.44
CA-2018-145226,Storage,0.209628887,Storage,304.86
CA-2018-145233,Appliances,0.809428285,Appliances,31.152
CA-2018-145233,Binders,0.809428285,Binders,6.783
CA-2018-145233,Phones,0.809428285,Phones,982.328
CA-2018-145275,Labels,0.408224674,Labels,14.94
CA-2018-145310,Envelopes,0.407221665,Envelopes,7.824
CA-2018-145338,Art,0.806419258,Art,4.768
CA-2018-145429,Binders,0.603811434,Binders,50.352
CA-2018-145429,Chairs,0.603811434,Chairs,225.296
CA-2018-145429,Paper,0.603811434,Paper,16.34
CA-2018-145443,Paper,0.803410231,Paper,177.2
CA-2018-145506,Storage,0.201604814,Storage,136.26
CA-2018-145653,Chairs,0.797392177,Chairs,498.26
CA-2018-145660,Furnishings,0.397191575,Furnishings,7.712
CA-2018-145702,Chairs,0.995987964,Chairs,314.352
CA-2018-145702,Paper,0.995987964,Paper,27.888
CA-2018-145737,Paper,0.994984955,Paper,163.96
CA-2018-145765,Accessories,0.394182548,Accessories,271.968
CA-2018-145765,Paper,0.394182548,Paper,15.552
CA-2018-145765,Phones,0.394182548,Phones,195.96
CA-2018-145772,Accessories,0.993981946,Accessories,44.75
CA-2018-145772,Binders,0.993981946,Binders,3.912
CA-2018-145772,Paper,0.993981946,Paper,11.96
CA-2018-145779,Paper,0.593781344,Paper,84.416
CA-2018-145807,Storage,0.992978937,Storage,354.9
CA-2018-145877,Envelopes,0.990972919,Envelopes,28.4
CA-2018-145877,Storage,0.990972919,Storage,94.2
CA-2018-145884,Phones,0.590772317,Phones,"1,439.92"
CA-2018-145884,Tables,0.590772317,Tables,262.11
CA-2018-146024,Binders,0.586760281,Binders,12.222
CA-2018-146024,Supplies,0.586760281,Supplies,6.976
CA-2018-146031,Art,0.186559679,Art,60.12
CA-2018-146136,Envelopes,0.183550652,Envelopes,24.448
CA-2018-146164,Storage,0.582748245,Storage,31.16
CA-2018-146164,Tables,0.582748245,Tables,607.52
CA-2018-146185,Art,0.382146439,Art,31.744
CA-2018-146192,Storage,0.981945838,Storage,675.06
CA-2018-146269,Art,0.579739218,Art,19.152
CA-2018-146269,Storage,0.579739218,Storage,290.336
CA-2018-146346,Storage,0.177532598,Storage,146.352
CA-2018-146360,Accessories,0.377131394,Accessories,155.34
CA-2018-146367,Binders,0.976930792,Binders,3.318
CA-2018-146458,Art,0.774322969,Art,22.96
CA-2018-146493,Binders,0.773319960,Binders,53.9
CA-2018-146535,Binders,0.372116349,Binders,2.88
CA-2018-146535,Storage,0.372116349,Storage,"1,443.96"
CA-2018-146626,Furnishings,0.169508526,Furnishings,101.12
CA-2018-146724,Art,0.566700100,Art,22
CA-2018-146780,Furnishings,0.365095286,Furnishings,41.96
CA-2018-146920,Paper,0.361083250,Paper,52.064
CA-2018-146983,Binders,0.759277834,Binders,"1,577.94"
CA-2018-147032,Binders,0.957873621,Binders,860.96
CA-2018-147032,Paper,0.957873621,Paper,11.54
CA-2018-147039,Appliances,0.557673019,Appliances,362.94
CA-2018-147039,Binders,0.557673019,Binders,11.54
CA-2018-147144,Art,0.554663992,Art,19.83
CA-2018-147207,Appliances,0.952858576,Appliances,5.432
CA-2018-147207,Art,0.952858576,Art,31.744
CA-2018-147207,Storage,0.952858576,Storage,372.144
CA-2018-147207,Tables,0.952858576,Tables,913.43
CA-2018-147228,Furnishings,0.752256770,Furnishings,14.136
CA-2018-147228,Paper,0.752256770,Paper,177.536
CA-2018-147228,Storage,0.752256770,Storage,258.48
CA-2018-147228,Supplies,0.752256770,Supplies,8.832
CA-2018-147277,Storage,0.950852558,Storage,665.408
CA-2018-147277,Tables,0.950852558,Tables,284.364
CA-2018-147291,Binders,0.150451354,Binders,895.92
CA-2018-147333,Accessories,0.749247743,Accessories,204.55
CA-2018-147354,Binders,0.548645938,Binders,30.84
CA-2018-147354,Copiers,0.548645938,Copiers,479.984
CA-2018-147361,Storage,0.148445336,Storage,685.26
CA-2018-147403,Paper,0.747241725,Paper,85.056
CA-2018-147410,Storage,0.347041123,Storage,421.1
CA-2018-147452,Appliances,0.945837513,Appliances,3.89
CA-2018-147452,Paper,0.945837513,Paper,179.7
CA-2018-147550,Furnishings,0.343029087,Furnishings,11.352
CA-2018-147564,Paper,0.542627884,Paper,49.12
CA-2018-147725,Art,0.338014042,Art,70.95
CA-2018-147753,Labels,0.737211635,Labels,25.06
CA-2018-147760,Phones,0.337011033,Phones,"1,359.96"
CA-2018-147760,Tables,0.337011033,Tables,523.764
CA-2018-147767,Binders,0.936810431,Binders,67.86
CA-2018-147844,Art,0.534603811,Art,59.52
CA-2018-147844,Paper,0.534603811,Paper,50.1
CA-2018-147942,Binders,0.931795386,Binders,121.68
CA-2018-147942,Labels,0.931795386,Labels,5.78
CA-2018-147956,Storage,0.131394183,Storage,"1,003.62"
CA-2018-148012,Art,0.929789368,Art,2.624
CA-2018-148068,Furnishings,0.728184554,Furnishings,9.82
CA-2018-148068,Paper,0.728184554,Paper,19.44
CA-2018-148138,Storage,0.726178536,Storage,51.168
CA-2018-148145,Art,0.325977934,Art,46.2
CA-2018-148166,Art,0.125376128,Art,17.856
CA-2018-148264,Furnishings,0.522567703,Furnishings,128.9
CA-2018-148264,Paper,0.522567703,Paper,60.12
CA-2018-148264,Storage,0.522567703,Storage,29.79
CA-2018-148320,Paper,0.320962889,Paper,35.88
CA-2018-148355,Binders,0.319959880,Binders,12.3
CA-2018-148355,Paper,0.319959880,Paper,19.44
CA-2018-148404,Binders,0.518555667,Binders,50.454
CA-2018-148404,Fasteners,0.518555667,Fasteners,18.936
CA-2018-148404,Phones,0.518555667,Phones,222.384
CA-2018-148404,Storage,0.518555667,Storage,580.672
CA-2018-148404,Tables,0.518555667,Tables,154.764
CA-2018-148411,Chairs,0.118355065,Chairs,520.464
CA-2018-148411,Paper,0.118355065,Paper,11.424
CA-2018-148446,Tables,0.117352056,Tables,"1,669.6"
CA-2018-148474,Binders,0.516549649,Binders,91.2
CA-2018-148474,Tables,0.516549649,Tables,452.94
CA-2018-148642,Art,0.911735206,Art,63.488
CA-2018-148642,Labels,0.911735206,Labels,4.928
CA-2018-148691,Binders,0.110330993,Binders,98.544
CA-2018-148691,Labels,0.110330993,Labels,3.15
CA-2018-148691,Phones,0.110330993,Phones,136.99
CA-2018-148810,Chairs,0.306920762,Chairs,273.552
CA-2018-148810,Labels,0.306920762,Labels,13.872
CA-2018-148922,Accessories,0.903711133,Accessories,599.97
CA-2018-148922,Binders,0.903711133,Binders,45.84
CA-2018-148922,Phones,0.903711133,Phones,38.97
CA-2018-148929,Storage,0.503510532,Storage,478.08
CA-2018-148985,Furnishings,0.301905717,Furnishings,34.92
CA-2018-148992,Paper,0.901705115,Paper,10.688
CA-2018-148999,Chairs,0.501504514,Chairs,419.136
CA-2018-149048,Binders,0.700100301,Binders,914.97
CA-2018-149048,Envelopes,0.700100301,Envelopes,180.96
CA-2018-149048,Paper,0.700100301,Paper,14.94
CA-2018-149048,Phones,0.700100301,Phones,587.97
CA-2018-149048,Storage,0.700100301,Storage,530.34
CA-2018-149076,Paper,0.099297894,Paper,154.9
CA-2018-149146,Paper,0.097291876,Paper,7.968
CA-2018-149160,Binders,0.296890672,Binders,287.92
CA-2018-149160,Furnishings,0.296890672,Furnishings,28.4
CA-2018-149181,Chairs,0.096288867,Chairs,47.992
CA-2018-149468,Binders,0.688064193,Binders,41.28
CA-2018-149489,Appliances,0.487462387,Appliances,99.28
CA-2018-149489,Binders,0.487462387,Binders,8.706
CA-2018-149559,Chairs,0.485456369,Chairs,"2,054.272"
CA-2018-149559,Envelopes,0.485456369,Envelopes,22.18
CA-2018-149559,Paper,0.485456369,Paper,12.96
CA-2018-149699,Accessories,0.481444333,Accessories,474.95
CA-2018-149706,Accessories,0.081243731,Accessories,116.312
CA-2018-149720,Furnishings,0.280842528,Furnishings,30.336
CA-2018-149853,Appliances,0.677031093,Appliances,17.92
CA-2018-149853,Paper,0.677031093,Paper,15.552
CA-2018-149881,Bookcases,0.076228686,Bookcases,482.664
CA-2018-149881,Machines,0.076228686,Machines,"4,799.984"
CA-2018-149888,Phones,0.676028084,Phones,359.97
CA-2018-149888,Tables,0.676028084,Tables,350.352
CA-2018-149895,Phones,0.275827482,Phones,258.528
CA-2018-149944,Appliances,0.474423270,Appliances,76.12
CA-2018-149944,Fasteners,0.474423270,Fasteners,18.24
CA-2018-150091,Accessories,0.070210632,Accessories,45
CA-2018-150091,Bookcases,0.070210632,Bookcases,"2,154.9"
CA-2018-150091,Fasteners,0.070210632,Fasteners,17.9
CA-2018-150091,Furnishings,0.070210632,Furnishings,40.48
CA-2018-150189,Labels,0.467402207,Labels,75.18
CA-2018-150266,Appliances,0.065195587,Appliances,67.84
CA-2018-150266,Art,0.065195587,Art,18.688
CA-2018-150266,Chairs,0.065195587,Chairs,853.93
CA-2018-150266,Phones,0.065195587,Phones,299.96
CA-2018-150420,Accessories,0.260782347,Accessories,"1,099.5"
CA-2018-150469,Fasteners,0.459378134,Fasteners,11.84
CA-2018-150497,Binders,0.858575727,Binders,735.98
CA-2018-150504,Storage,0.458375125,Storage,18.16
CA-2018-150525,Appliances,0.257773320,Appliances,13.11
CA-2018-150525,Art,0.257773320,Art,6.56
CA-2018-150602,Furnishings,0.855566700,Furnishings,21.12
CA-2018-150609,Binders,0.455366098,Binders,23.24
CA-2018-150623,Accessories,0.654964895,Accessories,99.99
CA-2018-150623,Storage,0.654964895,Storage,286.15
CA-2018-150707,Binders,0.852557673,Binders,37.66
CA-2018-150910,Accessories,0.246740221,Accessories,46.864
CA-2018-150910,Appliances,0.246740221,Appliances,59.24
CA-2018-150910,Art,0.246740221,Art,23.128
CA-2018-150910,Storage,0.246740221,Storage,26.16
CA-2018-150910,Tables,0.246740221,Tables,934.956
CA-2018-150931,Binders,0.046138415,Binders,33.74
CA-2018-150959,Binders,0.445336008,Binders,18.336
CA-2018-150959,Labels,0.445336008,Labels,10.44
CA-2018-150987,Paper,0.844533601,Paper,440.31
CA-2018-151008,Furnishings,0.643931795,Furnishings,25.16
CA-2018-151008,Phones,0.643931795,Phones,126.56
CA-2018-151071,Binders,0.042126379,Binders,13.904
CA-2018-151176,Art,0.039117352,Art,10.71
CA-2018-151176,Supplies,0.039117352,Supplies,25.02
CA-2018-151183,Accessories,0.638916750,Accessories,46.36
CA-2018-151190,Paper,0.238716148,Paper,20.07
CA-2018-151211,Accessories,0.038114343,Accessories,98.16
CA-2018-151211,Binders,0.038114343,Binders,102.93
CA-2018-151218,Storage,0.637913741,Storage,4.464
CA-2018-151225,Phones,0.237713139,Phones,71.96
CA-2018-151225,Tables,0.237713139,Tables,189.576
CA-2018-151281,Furnishings,0.036108325,Furnishings,139.58
CA-2018-151358,Storage,0.633901705,Storage,323.1
CA-2018-151428,Binders,0.631895687,Binders,20.16
CA-2018-151484,Furnishings,0.430290873,Furnishings,94.376
CA-2018-151484,Storage,0.430290873,Storage,384.04
CA-2018-151596,Storage,0.027081244,Storage,42.76
CA-2018-151750,Appliances,0.222668004,Appliances,15.224
CA-2018-151750,Art,0.222668004,Art,12.736
CA-2018-151750,Binders,0.222668004,Binders,20.218
CA-2018-151750,Chairs,0.222668004,Chairs,310.744
CA-2018-151750,Furnishings,0.222668004,Furnishings,141.42
CA-2018-151750,Storage,0.222668004,Storage,454.56
CA-2018-151799,Copiers,0.421263791,Copiers,"1,199.98"
CA-2018-151799,Fasteners,0.421263791,Fasteners,17.28
CA-2018-151799,Storage,0.421263791,Storage,73.85
CA-2018-151799,Supplies,0.421263791,Supplies,25.71
CA-2018-151799,Tables,0.421263791,Tables,526.582
CA-2018-151855,Accessories,0.219658977,Accessories,27.192
CA-2018-151855,Binders,0.219658977,Binders,12.06
CA-2018-151911,Envelopes,0.018054162,Envelopes,62.96
CA-2018-151981,Art,0.016048144,Art,227.88
CA-2018-151981,Labels,0.016048144,Labels,24.64
CA-2018-151981,Phones,0.016048144,Phones,824.95
CA-2018-152079,Labels,0.413239719,Labels,11.52
CA-2018-152093,Binders,0.612838516,Binders,762.594
CA-2018-152135,Phones,0.211634905,Phones,445.44
CA-2018-152142,Chairs,0.811434303,Chairs,321.568
CA-2018-152198,Binders,0.609829488,Binders,11.118
CA-2018-152198,Labels,0.609829488,Labels,17.712
CA-2018-152205,Binders,0.209628887,Binders,2.655
CA-2018-152226,Labels,0.009027081,Labels,5.904
CA-2018-152261,Binders,0.008024072,Binders,18.528
CA-2018-152275,Art,0.207622869,Art,6.672
CA-2018-152310,Accessories,0.206619860,Accessories,174.95
CA-2018-152310,Binders,0.206619860,Binders,100.704
CA-2018-152310,Copiers,0.206619860,Copiers,299.99
CA-2018-152310,Paper,0.206619860,Paper,192.16
CA-2018-152310,Phones,0.206619860,Phones,242.624
CA-2018-152310,Storage,0.206619860,Storage,46.74
CA-2018-152436,Storage,0.003009027,Storage,592.74
CA-2018-152485,Art,0.201604814,Art,23.312
CA-2018-152485,Storage,0.201604814,Storage,16.784
CA-2018-152499,Art,0.401203611,Art,7.872
CA-2018-152499,Fasteners,0.401203611,Fasteners,15.12
CA-2018-152583,Furnishings,0.598796389,Furnishings,16.192
CA-2018-152583,Storage,0.598796389,Storage,54.192
CA-2018-152583,Tables,0.598796389,Tables,251.006
CA-2018-152660,Storage,0.196589769,Storage,61.568
CA-2018-152695,Appliances,0.195586760,Appliances,426.79
CA-2018-152695,Envelopes,0.195586760,Envelopes,10.86
CA-2018-152702,Chairs,0.795386158,Chairs,254.604
CA-2018-152709,Storage,0.395185557,Storage,85.52
CA-2018-152737,Accessories,0.794383149,Accessories,439.8
CA-2018-152737,Binders,0.794383149,Binders,21.792
CA-2018-152786,Binders,0.992978937,Binders,40.41
CA-2018-152807,Accessories,0.792377131,Accessories,442.4
CA-2018-152807,Furnishings,0.792377131,Furnishings,7.168
CA-2018-152807,Paper,0.792377131,Paper,20.736
CA-2018-152807,Storage,0.792377131,Storage,11.168
CA-2018-152856,Accessories,0.990972919,Accessories,116.832
CA-2018-152912,Accessories,0.789368104,Accessories,826.62
CA-2018-152912,Binders,0.789368104,Binders,9.64
CA-2018-152912,Storage,0.789368104,Storage,"2,177.52"
CA-2018-152926,Appliances,0.988966901,Appliances,37.208
CA-2018-152933,Accessories,0.588766299,Accessories,791.88
CA-2018-152933,Paper,0.588766299,Paper,10.368
CA-2018-152933,Phones,0.588766299,Phones,369.544
CA-2018-152961,Paper,0.987963892,Paper,12.7
CA-2018-152968,Accessories,0.587763290,Accessories,23.08
CA-2018-152975,Art,0.187562688,Art,29.95
CA-2018-152975,Chairs,0.187562688,Chairs,589.41
CA-2018-152975,Phones,0.187562688,Phones,"1,079.85"
CA-2018-152975,Storage,0.187562688,Storage,70.98
CA-2018-153045,Chairs,0.185556670,Chairs,887.271
CA-2018-153045,Furnishings,0.185556670,Furnishings,31.968
CA-2018-153045,Paper,0.185556670,Paper,21.696
CA-2018-153045,Phones,0.185556670,Phones,429.6
CA-2018-153080,Accessories,0.184553661,Accessories,68.46
CA-2018-153227,Paper,0.780341023,Paper,11.76
CA-2018-153339,Furnishings,0.377131394,Furnishings,15.992
CA-2018-153654,Binders,0.368104313,Binders,19.008
CA-2018-153787,Appliances,0.764292879,Appliances,97.16
CA-2018-153822,Accessories,0.763289870,Accessories,89.584
CA-2018-153822,Binders,0.763289870,Binders,18.18
CA-2018-153822,Phones,0.763289870,Phones,471.92
CA-2018-153822,Storage,0.763289870,Storage,12.624
CA-2018-153843,Appliances,0.562688064,Appliances,465.16
CA-2018-153843,Binders,0.562688064,Binders,30.88
CA-2018-153843,Paper,0.562688064,Paper,27.12
CA-2018-153871,Appliances,0.961885657,Appliances,22.75
CA-2018-153871,Binders,0.961885657,Binders,776.18
CA-2018-154011,Binders,0.957873621,Binders,6.888
CA-2018-154011,Tables,0.957873621,Tables,457.485
CA-2018-154039,Phones,0.357071214,Phones,124.792
CA-2018-154039,Tables,0.357071214,Tables,480.96
CA-2018-154074,Chairs,0.356068205,Chairs,569.568
CA-2018-154074,Storage,0.356068205,Storage,149.73
CA-2018-154088,Paper,0.555667001,Paper,26.72
CA-2018-154102,Paper,0.755265797,Paper,29.9
CA-2018-154109,Chairs,0.355065196,Chairs,127.372
CA-2018-154109,Paper,0.355065196,Paper,47.952
CA-2018-154116,Appliances,0.954864594,Appliances,54.32
CA-2018-154116,Paper,0.954864594,Paper,22.83
CA-2018-154116,Phones,0.954864594,Phones,196.776
CA-2018-154123,Furnishings,0.554663992,Furnishings,27.58
CA-2018-154137,Storage,0.754262788,Storage,35.48
CA-2018-154214,Furnishings,0.352056169,Furnishings,2.91
CA-2018-154410,Storage,0.146439318,Storage,909.12
CA-2018-154466,Binders,0.944834504,Binders,3.6
CA-2018-154501,Art,0.943831494,Art,9.78
CA-2018-154676,Storage,0.938816449,Storage,151.056
CA-2018-154718,Labels,0.537612839,Labels,6
CA-2018-154732,Binders,0.737211635,Binders,16.03
CA-2018-154760,Binders,0.136409228,Binders,274.491
CA-2018-154809,Appliances,0.335005015,Appliances,90.64
CA-2018-154816,Paper,0.934804413,Paper,5.78
CA-2018-154907,Bookcases,0.732196590,Bookcases,205.3328
CA-2018-154935,Binders,0.131394183,Binders,17.88
CA-2018-154949,Labels,0.330992979,Labels,14.73
CA-2018-155047,Art,0.728184554,Art,5.952
CA-2018-155075,Binders,0.127382146,Binders,631.176
CA-2018-155089,Binders,0.326980943,Binders,45.66
CA-2018-155152,Accessories,0.725175527,Accessories,252
CA-2018-155159,Paper,0.324974925,Paper,48.87
CA-2018-155292,Chairs,0.721163490,Chairs,33.94
CA-2018-155292,Labels,0.721163490,Labels,30
CA-2018-155292,Storage,0.721163490,Storage,105.98
CA-2018-155292,Supplies,0.721163490,Supplies,35.06
CA-2018-155362,Storage,0.719157472,Storage,32.56
CA-2018-155376,Appliances,0.918756269,Appliances,839.43
CA-2018-155460,Binders,0.116349047,Binders,895.92
CA-2018-155460,Paper,0.116349047,Paper,5.28
CA-2018-155558,Accessories,0.513540622,Accessories,19.99
CA-2018-155558,Labels,0.513540622,Labels,6.16
CA-2018-155607,Appliances,0.712136409,Appliances,58.73
CA-2018-155607,Binders,0.712136409,Binders,93.344
CA-2018-155621,Furnishings,0.911735206,Furnishings,274.2
CA-2018-155642,Furnishings,0.711133400,Furnishings,24.5
CA-2018-155698,Appliances,0.509528586,Appliances,647.84
CA-2018-155698,Labels,0.509528586,Labels,20.7
CA-2018-155705,Chairs,0.109327984,Chairs,866.4
CA-2018-155712,Binders,0.709127382,Binders,107.648
CA-2018-155740,Binders,0.108324975,Binders,76.776
CA-2018-155824,Appliances,0.305917753,Appliances,48.784
CA-2018-155824,Binders,0.305917753,Binders,13.092
CA-2018-155873,Paper,0.504513541,Paper,211.6
CA-2018-155873,Supplies,0.504513541,Supplies,16.68
CA-2018-155880,Chairs,0.104312939,Chairs,"1,986.52"
CA-2018-155929,Paper,0.302908726,Paper,6.368
CA-2018-155936,Binders,0.902708124,Binders,3.036
CA-2018-155957,Appliances,0.702106319,Appliances,265.408
CA-2018-155985,Furnishings,0.101303912,Furnishings,211.84
CA-2018-156237,Binders,0.694082247,Binders,22.194
CA-2018-156237,Chairs,0.694082247,Chairs,113.372
CA-2018-156237,Furnishings,0.694082247,Furnishings,127.936
CA-2018-156237,Machines,0.694082247,Machines,253.755
CA-2018-156272,Appliances,0.693079238,Appliances,64.384
CA-2018-156363,Envelopes,0.490471414,Envelopes,31.68
CA-2018-156363,Phones,0.490471414,Phones,32.7
CA-2018-156391,Art,0.889669007,Art,2.224
CA-2018-156412,Binders,0.689067202,Binders,5.346
CA-2018-156622,Binders,0.683049147,Binders,6.104
CA-2018-156622,Paper,0.683049147,Paper,114.592
CA-2018-156622,Tables,0.683049147,Tables,127.785
CA-2018-156664,Appliances,0.281845537,Appliances,130.112
CA-2018-156664,Binders,0.281845537,Binders,7.236
CA-2018-156664,Fasteners,0.281845537,Fasteners,4.824
CA-2018-156664,Paper,0.281845537,Paper,91.36
CA-2018-156720,Fasteners,0.080240722,Fasteners,3.024
CA-2018-156769,Art,0.278836510,Art,54.66
CA-2018-156776,Accessories,0.878635908,Accessories,55.76
CA-2018-156776,Appliances,0.878635908,Appliances,"1,473.1"
CA-2018-156776,Binders,0.878635908,Binders,43.08
CA-2018-156776,Chairs,0.878635908,Chairs,207.184
CA-2018-156776,Furnishings,0.878635908,Furnishings,51.75
CA-2018-156776,Paper,0.878635908,Paper,24.56
CA-2018-156776,Phones,0.878635908,Phones,707.88
CA-2018-156818,Accessories,0.477432297,Accessories,132.6
CA-2018-156895,Chairs,0.075225677,Chairs,128.058
CA-2018-156951,Binders,0.873620863,Binders,81.088
CA-2018-156951,Chairs,0.873620863,Chairs,451.152
CA-2018-156951,Paper,0.873620863,Paper,111.28
CA-2018-156958,Binders,0.473420261,Binders,265.968
CA-2018-156958,Furnishings,0.473420261,Furnishings,199.9
CA-2018-156958,Phones,0.473420261,Phones,31.176
CA-2018-157091,Furnishings,0.869608826,Furnishings,526.45
CA-2018-157112,Binders,0.669007021,Binders,11.76
CA-2018-157112,Paper,0.669007021,Paper,5.344
CA-2018-157196,Paper,0.866599799,Paper,12.96
CA-2018-157252,Chairs,0.664994985,Chairs,207.846
CA-2018-157273,Phones,0.464393180,Phones,604.768
CA-2018-157350,Furnishings,0.062186560,Furnishings,64.96
CA-2018-157413,Storage,0.460381143,Storage,324.744
CA-2018-157420,Phones,0.060180542,Phones,55.176
CA-2018-157448,Furnishings,0.459378134,Furnishings,132.36
CA-2018-157469,Art,0.258776329,Art,19.728
CA-2018-157469,Phones,0.258776329,Phones,151.188
CA-2018-157483,Art,0.458375125,Art,181.86
CA-2018-157651,Accessories,0.853560682,Accessories,14.2
CA-2018-157672,Accessories,0.652958877,Accessories,63.824
CA-2018-157833,Binders,0.448345035,Binders,51.312
CA-2018-157854,Binders,0.247743230,Binders,"2,690.97"
CA-2018-157854,Furnishings,0.247743230,Furnishings,56.28
CA-2018-157903,Phones,0.446339017,Phones,383.84
CA-2018-157931,Chairs,0.845536610,Chairs,723.92
CA-2018-157931,Paper,0.845536610,Paper,106.32
CA-2018-157966,Art,0.844533601,Art,49.216
CA-2018-157966,Chairs,0.844533601,Chairs,89.768
CA-2018-157966,Copiers,0.844533601,Copiers,959.984
CA-2018-157966,Machines,0.844533601,Machines,209.986
CA-2018-157966,Paper,0.844533601,Paper,15.552
CA-2018-157966,Phones,0.844533601,Phones,34.36
CA-2018-157980,Accessories,0.044132397,Accessories,127.984
CA-2018-157987,Accessories,0.643931795,Accessories,405.97
CA-2018-157987,Appliances,0.643931795,Appliances,12.98
CA-2018-157987,Art,0.643931795,Art,28.02
CA-2018-157987,Binders,0.643931795,Binders,26.432
CA-2018-157987,Chairs,0.643931795,Chairs,"1,282.41"
CA-2018-157987,Furnishings,0.643931795,Furnishings,11.54
CA-2018-157987,Labels,0.643931795,Labels,18.9
CA-2018-157987,Paper,0.643931795,Paper,17.12
CA-2018-157987,Phones,0.643931795,Phones,197.97
CA-2018-157987,Tables,0.643931795,Tables,254.526
CA-2018-158036,Accessories,0.842527583,Accessories,9.096
CA-2018-158071,Labels,0.841524574,Labels,11.56
CA-2018-158071,Phones,0.841524574,Phones,88.776
CA-2018-158071,Storage,0.841524574,Storage,15.58
CA-2018-158106,Art,0.840521565,Art,8.64
CA-2018-158120,Binders,0.040120361,Binders,4.158
CA-2018-158120,Paper,0.040120361,Paper,19.608
CA-2018-158169,Appliances,0.238716148,Appliances,542.94
CA-2018-158169,Furnishings,0.238716148,Furnishings,54.92
CA-2018-158246,Chairs,0.836509529,Chairs,215.976
CA-2018-158344,Accessories,0.233701103,Accessories,63.96
CA-2018-158379,Accessories,0.232698094,Accessories,79.984
CA-2018-158379,Binders,0.232698094,Binders,5.607
CA-2018-158379,Supplies,0.232698094,Supplies,"4,663.736"
CA-2018-158386,Binders,0.832497492,Binders,124.75
CA-2018-158407,Furnishings,0.631895687,Furnishings,31.984
CA-2018-158407,Phones,0.631895687,Phones,71.984
CA-2018-158561,Appliances,0.827482447,Appliances,"1,158.12"
CA-2018-158673,Paper,0.424272818,Paper,209.7
CA-2018-158722,Paper,0.622868606,Paper,45.528
CA-2018-158729,Supplies,0.222668004,Supplies,"1,665.62"
CA-2018-158736,Art,0.822467402,Art,5.76
CA-2018-158743,Art,0.422266800,Art,13.36
CA-2018-158743,Binders,0.422266800,Binders,145.85
CA-2018-158743,Paper,0.422266800,Paper,39.96
CA-2018-158876,Art,0.818455366,Art,99.136
CA-2018-158876,Furnishings,0.818455366,Furnishings,15.992
CA-2018-158876,Paper,0.818455366,Paper,16.896
CA-2018-158876,Supplies,0.818455366,Supplies,6.672
CA-2018-158883,Paper,0.418254764,Paper,25.344
CA-2018-158953,Binders,0.416248746,Binders,6.37
CA-2018-158967,Furnishings,0.615847543,Furnishings,19.104
CA-2018-159100,Accessories,0.012036108,Accessories,18.528
CA-2018-159100,Tables,0.012036108,Tables,"1,875.258"
CA-2018-159107,Fasteners,0.611835507,Fasteners,2.88
CA-2018-159135,Art,0.011033099,Art,4.3
CA-2018-159149,Art,0.210631896,Art,175.44
CA-2018-159149,Bookcases,0.210631896,Bookcases,89.0664
CA-2018-159149,Phones,0.210631896,Phones,438.336
CA-2018-159156,Phones,0.810431294,Phones,629.95
CA-2018-159226,Bookcases,0.808425276,Bookcases,344.981
CA-2018-159282,Machines,0.606820461,Machines,599.985
CA-2018-159352,Phones,0.604814443,Phones,69.93
CA-2018-159366,Machines,0.804413240,Machines,"3,059.982"
CA-2018-159457,Phones,0.601805416,Phones,16.68
CA-2018-159464,Appliances,0.201604814,Appliances,17.24
CA-2018-159464,Binders,0.201604814,Binders,113.94
CA-2018-159464,Bookcases,0.201604814,Bookcases,302.94
CA-2018-159464,Phones,0.201604814,Phones,90.73
CA-2018-159506,Binders,0.800401204,Binders,497.94
CA-2018-159506,Paper,0.800401204,Paper,158.28
CA-2018-159597,Accessories,0.597793380,Accessories,99.99
CA-2018-159597,Storage,0.597793380,Storage,63.56
CA-2018-159604,Binders,0.197592778,Binders,8.76
CA-2018-159667,Accessories,0.595787362,Accessories,191.976
CA-2018-159667,Phones,0.595787362,Phones,499.168
CA-2018-159688,Accessories,0.395185557,Accessories,79.99
CA-2018-159793,Bookcases,0.392176530,Bookcases,130.98
CA-2018-159884,Fasteners,0.189568706,Fasteners,8.376
CA-2018-159884,Storage,0.189568706,Storage,10.744
CA-2018-159954,Binders,0.187562688,Binders,2.78
CA-2018-160017,Paper,0.585757272,Paper,10.368
CA-2018-160031,Paper,0.785356068,Paper,74.352
CA-2018-160045,Furnishings,0.984954865,Furnishings,1.988
CA-2018-160087,Art,0.583751254,Art,23.832
CA-2018-160122,Chairs,0.582748245,Chairs,127.386
CA-2018-160122,Envelopes,0.582748245,Envelopes,55.584
CA-2018-160325,Phones,0.976930792,Phones,829.83
CA-2018-160416,Accessories,0.774322969,Accessories,163.96
CA-2018-160423,Binders,0.374122367,Binders,35.784
CA-2018-160423,Storage,0.374122367,Storage,348.208
CA-2018-160458,Paper,0.373119358,Paper,25.92
CA-2018-160514,Paper,0.171514544,Paper,10.56
CA-2018-160633,Accessories,0.368104313,Accessories,139.96
CA-2018-160633,Art,0.368104313,Art,86.352
CA-2018-160633,Copiers,0.368104313,Copiers,899.982
CA-2018-160661,Labels,0.767301906,Labels,21.93
CA-2018-160724,Binders,0.165496489,Binders,34.5
CA-2018-160801,Binders,0.763289870,Binders,4.842
CA-2018-160885,Phones,0.960882648,Phones,"2,479.96"
CA-2018-160899,Binders,0.160481444,Binders,477.51
CA-2018-160927,Furnishings,0.559679037,Furnishings,14.91
CA-2018-160927,Paper,0.559679037,Paper,107.81
CA-2018-160927,Storage,0.559679037,Storage,13.48
CA-2018-160934,Art,0.159478435,Art,21.4
CA-2018-160962,Art,0.558676028,Art,6.848
CA-2018-160962,Storage,0.558676028,Storage,8.384
CA-2018-160983,Paper,0.358074223,Paper,46.96
CA-2018-161018,Furnishings,0.357071214,Furnishings,96.53
CA-2018-161046,Accessories,0.756268806,Accessories,299.97
CA-2018-161046,Appliances,0.756268806,Appliances,262.24
CA-2018-161046,Binders,0.756268806,Binders,234.36
CA-2018-161046,Envelopes,0.756268806,Envelopes,42.68
CA-2018-161053,Accessories,0.356068205,Accessories,34.95
CA-2018-161053,Binders,0.356068205,Binders,691.96
CA-2018-161067,Art,0.555667001,Art,5.56
CA-2018-161067,Chairs,0.555667001,Chairs,272.565
CA-2018-161067,Paper,0.555667001,Paper,419.4
CA-2018-161088,Binders,0.355065196,Binders,29.84
CA-2018-161102,Furnishings,0.554663992,Furnishings,36.96
CA-2018-161102,Storage,0.554663992,Storage,56.56
CA-2018-161130,Phones,0.953861585,Phones,361.376
CA-2018-161172,Accessories,0.552657974,Accessories,159.984
CA-2018-161172,Binders,0.552657974,Binders,5.193
CA-2018-161172,Furnishings,0.552657974,Furnishings,51.264
CA-2018-161172,Phones,0.552657974,Phones,44.376
CA-2018-161172,Storage,0.552657974,Storage,54.224
CA-2018-161200,Bookcases,0.951855567,Bookcases,145.74
CA-2018-161200,Furnishings,0.951855567,Furnishings,15.4
CA-2018-161333,Appliances,0.348044132,Appliances,46.8
CA-2018-161333,Furnishings,0.348044132,Furnishings,86.26
CA-2018-161333,Storage,0.348044132,Storage,139.04
CA-2018-161340,Bookcases,0.947843531,Bookcases,115.96
CA-2018-161340,Paper,0.947843531,Paper,13.872
CA-2018-161410,Phones,0.945837513,Phones,904.116
CA-2018-161459,Paper,0.144433300,Paper,34.08
CA-2018-161459,Phones,0.144433300,Phones,39.96
CA-2018-161480,Bookcases,0.943831494,Bookcases,191.984
CA-2018-161557,Furnishings,0.541624875,Furnishings,108.4
CA-2018-161578,Paper,0.341023069,Paper,13.36
CA-2018-161578,Storage,0.341023069,Storage,158.9
CA-2018-161592,Binders,0.540621866,Binders,8.1
CA-2018-161655,Binders,0.938816449,Binders,299.52
CA-2018-161739,Furnishings,0.136409228,Furnishings,341.96
CA-2018-161774,Art,0.135406219,Art,46.2
CA-2018-161774,Chairs,0.135406219,Chairs,899.43
CA-2018-161774,Paper,0.135406219,Paper,124.816
CA-2018-161774,Phones,0.135406219,Phones,7.992
CA-2018-161809,Phones,0.134403210,Phones,160.776
CA-2018-161823,Art,0.334002006,Art,5.96
CA-2018-161851,Binders,0.733199599,Binders,15.57
CA-2018-161893,Accessories,0.331995988,Accessories,95.984
CA-2018-161893,Binders,0.331995988,Binders,4.938
CA-2018-161956,Appliances,0.730190572,Appliances,321.92
CA-2018-161956,Binders,0.730190572,Binders,841.568
CA-2018-161956,Chairs,0.730190572,Chairs,230.28
CA-2018-161956,Copiers,0.730190572,Copiers,879.984
CA-2018-161956,Furnishings,0.730190572,Furnishings,198.46
CA-2018-161956,Paper,0.730190572,Paper,116.28
CA-2018-161956,Storage,0.730190572,Storage,354.9
CA-2018-161956,Supplies,0.730190572,Supplies,28.4
CA-2018-161970,Art,0.929789368,Art,17.94
CA-2018-161970,Paper,0.929789368,Paper,12.96
CA-2018-161984,Fasteners,0.129388164,Fasteners,7.16
CA-2018-161984,Paper,0.129388164,Paper,7.61
CA-2018-162015,Accessories,0.357071214,Accessories,"1,287.45"
CA-2018-162015,Appliances,0.357071214,Appliances,168.1
CA-2018-162033,Accessories,0.327983952,Accessories,53.25
CA-2018-162033,Fasteners,0.327983952,Fasteners,3.76
CA-2018-162075,Phones,0.926780341,Phones,537.544
CA-2018-162096,Art,0.726178536,Art,7.8
CA-2018-162173,Envelopes,0.323971916,Envelopes,251.58
CA-2018-162173,Tables,0.323971916,Tables,356.85
CA-2018-162250,Paper,0.921765296,Paper,7.78
CA-2018-162474,Phones,0.115346038,Phones,7.992
CA-2018-162481,Binders,0.715145436,Binders,8.26
CA-2018-162481,Chairs,0.715145436,Chairs,269.97
CA-2018-162565,Chairs,0.912738215,Chairs,520.464
CA-2018-162565,Furnishings,0.912738215,Furnishings,77.72
CA-2018-162565,Paper,0.912738215,Paper,10.368
CA-2018-162572,Accessories,0.512537613,Accessories,119.96
CA-2018-162572,Art,0.512537613,Art,10.608
CA-2018-162635,Paper,0.910732197,Paper,10.816
CA-2018-162691,Machines,0.709127382,Machines,"1,439.982"
CA-2018-162691,Paper,0.709127382,Paper,36.288
CA-2018-162712,Paper,0.508525577,Paper,74.352
CA-2018-162789,Accessories,0.106318957,Accessories,"1,071"
CA-2018-162789,Furnishings,0.106318957,Furnishings,12.07
CA-2018-162880,Binders,0.903711133,Binders,3.856
CA-2018-162929,Binders,0.102306921,Binders,41.28
CA-2018-162929,Paper,0.102306921,Paper,13.36
CA-2018-162936,Accessories,0.702106319,Accessories,23.18
CA-2018-162978,Paper,0.300902708,Paper,17.61
CA-2018-162978,Phones,0.300902708,Phones,183.96
CA-2018-162978,Tables,0.300902708,Tables,300.904
CA-2018-163006,Chairs,0.700100301,Chairs,569.058
CA-2018-163006,Furnishings,0.700100301,Furnishings,14.224
CA-2018-163006,Phones,0.700100301,Phones,"1,001.584"
CA-2018-163020,Furnishings,0.899699097,Furnishings,35.56
CA-2018-163069,Art,0.098294885,Art,9.912
CA-2018-163097,Furnishings,0.497492477,Furnishings,120.576
CA-2018-163125,Art,0.896690070,Art,67.144
CA-2018-163125,Chairs,0.896690070,Chairs,254.058
CA-2018-163139,Accessories,0.096288867,Accessories,20.37
CA-2018-163139,Binders,0.096288867,Binders,17.52
CA-2018-163139,Storage,0.096288867,Storage,221.55
CA-2018-163160,Binders,0.895687061,Binders,96.784
CA-2018-163160,Furnishings,0.895687061,Furnishings,10.476
CA-2018-163160,Paper,0.895687061,Paper,63.312
CA-2018-163188,Binders,0.294884654,Binders,38.16
CA-2018-163209,Art,0.094282849,Art,22.96
CA-2018-163209,Paper,0.094282849,Paper,25.92
CA-2018-163265,Art,0.892678034,Art,28.032
CA-2018-163265,Chairs,0.892678034,Chairs,600.558
CA-2018-163265,Fasteners,0.892678034,Fasteners,18.368
CA-2018-163265,Furnishings,0.892678034,Furnishings,7.692
CA-2018-163265,Storage,0.892678034,Storage,50.352
CA-2018-163321,Accessories,0.691073220,Accessories,79.992
CA-2018-163335,Binders,0.890672016,Binders,38.71
CA-2018-163335,Storage,0.890672016,Storage,40.29
CA-2018-163405,Art,0.888665998,Art,12.51
CA-2018-163510,Chairs,0.885656971,Chairs,304.45
CA-2018-163510,Storage,0.885656971,Storage,95.94
CA-2018-163531,Phones,0.685055165,Phones,239.97
CA-2018-163566,Labels,0.684052156,Labels,16.52
CA-2018-163629,Accessories,0.082246740,Accessories,79.99
CA-2018-163629,Phones,0.082246740,Phones,206.1
CA-2018-163671,Binders,0.681043129,Binders,21.312
CA-2018-163692,Binders,0.480441324,Binders,7.857
CA-2018-163818,Furnishings,0.276830491,Furnishings,19.98
CA-2018-163860,Binders,0.875626881,Binders,1.68
CA-2018-163860,Chairs,0.875626881,Chairs,113.372
CA-2018-163860,Furnishings,0.875626881,Furnishings,10.928
CA-2018-163874,Binders,0.075225677,Binders,26.352
CA-2018-163902,Accessories,0.474423270,Accessories,479.94
CA-2018-163902,Phones,0.474423270,Phones,196.776
CA-2018-163979,Storage,0.072216650,Storage,725.84
CA-2018-164000,Art,0.871614845,Art,18.704
CA-2018-164028,Accessories,0.270812437,Accessories,223.58
CA-2018-164042,Appliances,0.470411234,Appliances,18.32
CA-2018-164042,Binders,0.470411234,Binders,1.188
CA-2018-164042,Fasteners,0.470411234,Fasteners,1.824
CA-2018-164042,Storage,0.470411234,Storage,48.816
CA-2018-164049,Paper,0.070210632,Paper,23.85
CA-2018-164098,Storage,0.268806419,Storage,18.16
CA-2018-164112,Storage,0.468405216,Storage,"1,085.42"
CA-2018-164168,Accessories,0.266800401,Accessories,44.784
CA-2018-164168,Binders,0.266800401,Binders,30.56
CA-2018-164168,Envelopes,0.266800401,Envelopes,12.224
CA-2018-164168,Furnishings,0.266800401,Furnishings,22.848
CA-2018-164168,Phones,0.266800401,Phones,67.992
CA-2018-164168,Storage,0.266800401,Storage,77.952
CA-2018-164329,Storage,0.062186560,Storage,129.3
CA-2018-164364,Art,0.061183551,Art,9.21
CA-2018-164364,Labels,0.061183551,Labels,9.96
CA-2018-164364,Supplies,0.061183551,Supplies,27.93
CA-2018-164378,Accessories,0.260782347,Accessories,41.9
CA-2018-164378,Art,0.260782347,Art,6.56
CA-2018-164378,Chairs,0.260782347,Chairs,664.146
CA-2018-164378,Labels,0.260782347,Labels,7.83
CA-2018-164378,Paper,0.260782347,Paper,8.96
CA-2018-164707,Accessories,0.451354062,Accessories,109.53
CA-2018-164707,Labels,0.451354062,Labels,9.82
CA-2018-164707,Phones,0.451354062,Phones,167.976
CA-2018-164756,Art,0.649949850,Art,113.94
CA-2018-164756,Furnishings,0.649949850,Furnishings,20.32
CA-2018-164756,Paper,0.649949850,Paper,321.43
CA-2018-164756,Phones,0.649949850,Phones,507.66
CA-2018-164756,Supplies,0.649949850,Supplies,34.48
CA-2018-164819,Labels,0.048144433,Labels,13.05
CA-2018-164826,Binders,0.647943831,Binders,33.264
CA-2018-164826,Fasteners,0.647943831,Fasteners,13.96
CA-2018-164826,Labels,0.647943831,Labels,72.45
CA-2018-164826,Phones,0.647943831,Phones,14.85
CA-2018-164917,Art,0.445336008,Art,47.96
CA-2018-164959,Labels,0.044132397,Labels,8.67
CA-2018-165008,Binders,0.242728185,Binders,295.056
CA-2018-165029,Art,0.042126379,Art,12.84
CA-2018-165099,Appliances,0.040120361,Appliances,1.392
CA-2018-165155,Storage,0.838515547,Storage,15.51
CA-2018-165204,Paper,0.037111334,Paper,8.904
CA-2018-165204,Storage,0.037111334,Storage,720.064
CA-2018-165323,Accessories,0.233701103,Accessories,101.34
CA-2018-165323,Machines,0.233701103,Machines,"3,404.5"
CA-2018-165386,Bookcases,0.631895687,Bookcases,183.372
CA-2018-165491,Accessories,0.628886660,Accessories,265.93
CA-2018-165603,Paper,0.225677031,Paper,12.96
CA-2018-165603,Storage,0.225677031,Storage,49.96
CA-2018-165687,Appliances,0.423269809,Appliances,35.04
CA-2018-165715,Art,0.822467402,Art,32.776
CA-2018-165757,Binders,0.421263791,Binders,41.487
CA-2018-165757,Storage,0.421263791,Storage,8.928
CA-2018-165841,Paper,0.618856570,Paper,166.44
CA-2018-165841,Phones,0.618856570,Phones,281.97
CA-2018-165841,Supplies,0.618856570,Supplies,69.5
CA-2018-165904,Art,0.017051153,Art,16.256
CA-2018-165904,Phones,0.017051153,Phones,219.184
CA-2018-166093,Appliances,0.211634905,Appliances,"2,518.29"
CA-2018-166093,Binders,0.211634905,Binders,234.976
CA-2018-166093,Envelopes,0.211634905,Envelopes,23.36
CA-2018-166093,Paper,0.211634905,Paper,8.56
CA-2018-166093,Phones,0.211634905,Phones,71.976
CA-2018-166093,Storage,0.211634905,Storage,540.57
CA-2018-166128,Accessories,0.210631896,Accessories,199.95
CA-2018-166128,Art,0.210631896,Art,41.86
CA-2018-166142,Binders,0.410230692,Binders,26.55
CA-2018-166142,Tables,0.410230692,Tables,310.443
CA-2018-166184,Chairs,0.009027081,Chairs,207.846
CA-2018-166184,Envelopes,0.009027081,Envelopes,47.01
CA-2018-166184,Phones,0.009027081,Phones,469.99
CA-2018-166198,Accessories,0.208625878,Accessories,11.54
CA-2018-166198,Furnishings,0.208625878,Furnishings,162.6
CA-2018-166296,Paper,0.605817452,Paper,314.55
CA-2018-166317,Accessories,0.405215647,Accessories,98.16
CA-2018-166317,Binders,0.405215647,Binders,33.04
CA-2018-166317,Paper,0.405215647,Paper,219.84
CA-2018-166317,Phones,0.405215647,Phones,86.97
CA-2018-166415,Fasteners,0.802407222,Fasteners,11.22
CA-2018-166436,Chairs,0.601805416,Chairs,977.292
CA-2018-166436,Paper,0.601805416,Paper,5.88
CA-2018-166499,Art,0,Art,8.94
CA-2018-166576,Storage,0.597793380,Storage,221.024
CA-2018-166695,Chairs,0.794383149,Chairs,518.272
CA-2018-166695,Furnishings,0.794383149,Furnishings,6.98
CA-2018-166695,Machines,0.794383149,Machines,343.2
CA-2018-166709,Copiers,0.993981946,Copiers,"10,499.97"
CA-2018-166835,Storage,0.790371113,Storage,221.024
CA-2018-166849,Furnishings,0.989969910,Furnishings,44.4
CA-2018-166856,Accessories,0.589769308,Accessories,101.34
CA-2018-166856,Binders,0.589769308,Binders,10.08
CA-2018-166898,Paper,0.188565697,Paper,19.44
CA-2018-166898,Phones,0.188565697,Phones,143.952
CA-2018-166919,Phones,0.987963892,Phones,195.96
CA-2018-166926,Bookcases,0.587763290,Bookcases,141.96
CA-2018-166926,Paper,0.587763290,Paper,41.86
CA-2018-166933,Fasteners,0.187562688,Fasteners,1.81
CA-2018-167003,Tables,0.185556670,Tables,171.288
CA-2018-167017,Supplies,0.385155466,Supplies,4.36
CA-2018-167080,Art,0.783350050,Art,8.4
CA-2018-167094,Accessories,0.982948847,Accessories,28.4
CA-2018-167094,Chairs,0.982948847,Chairs,478.48
CA-2018-167094,Paper,0.982948847,Paper,5.184
CA-2018-167101,Accessories,0.582748245,Accessories,26
CA-2018-167101,Paper,0.582748245,Paper,221.92
CA-2018-167150,Binders,0.781344032,Binders,85.504
CA-2018-167227,Appliances,0.379137412,Appliances,83.9
CA-2018-167227,Paper,0.379137412,Paper,11.76
CA-2018-167381,Bookcases,0.574724173,Bookcases,241.96
CA-2018-167381,Labels,0.574724173,Labels,27.72
CA-2018-167395,Appliances,0.774322969,Appliances,286.86
CA-2018-167395,Phones,0.774322969,Phones,979.95
CA-2018-167395,Supplies,0.774322969,Supplies,4.36
CA-2018-167542,Labels,0.370110331,Labels,17.544
CA-2018-167549,Tables,0.969909729,Tables,298.116
CA-2018-167626,Accessories,0.567703109,Accessories,100.8
CA-2018-167626,Paper,0.567703109,Paper,8.904
CA-2018-167640,Art,0.767301906,Art,23.88
CA-2018-167640,Labels,0.767301906,Labels,11.52
CA-2018-167640,Paper,0.767301906,Paper,286.93
CA-2018-167640,Phones,0.767301906,Phones,206.384
CA-2018-167661,Binders,0.566700100,Binders,59.856
CA-2018-167661,Paper,0.566700100,Paper,61.96
CA-2018-167668,Labels,0.166499498,Labels,59.2
CA-2018-167703,Binders,0.165496489,Binders,5.229
CA-2018-167703,Storage,0.165496489,Storage,285.552
CA-2018-167752,Appliances,0.364092277,Appliances,"1,958.544"
CA-2018-167871,Paper,0.560682046,Paper,44.384
CA-2018-167871,Supplies,0.560682046,Supplies,2.944
CA-2018-167899,Art,0.959879639,Art,17.97
CA-2018-167899,Furnishings,0.959879639,Furnishings,520.05
CA-2018-167913,Labels,0.159478435,Labels,26.25
CA-2018-167913,Storage,0.159478435,Storage,330.4
CA-2018-167941,Appliances,0.558676028,Appliances,499.584
CA-2018-167941,Binders,0.558676028,Binders,13.272
CA-2018-167941,Furnishings,0.558676028,Furnishings,28.272
CA-2018-167941,Paper,0.558676028,Paper,31.104
CA-2018-167941,Storage,0.558676028,Storage,259.136
CA-2018-167976,Supplies,0.557673019,Supplies,25.5
CA-2018-168102,Storage,0.354062187,Storage,113.568
CA-2018-168109,Accessories,0.953861585,Accessories,"1,747.78"
CA-2018-168109,Machines,0.953861585,Machines,"2,395.2"
CA-2018-168109,Phones,0.953861585,Phones,7.992
CA-2018-168123,Binders,0.153460381,Binders,146.65
CA-2018-168123,Fasteners,0.153460381,Fasteners,7.9
CA-2018-168123,Storage,0.153460381,Storage,221.16
CA-2018-168172,Supplies,0.352056169,Supplies,70.12
CA-2018-168179,Paper,0.951855567,Paper,19.44
CA-2018-168193,Furnishings,0.151454363,Furnishings,71.97
CA-2018-168193,Paper,0.151454363,Paper,26.38
CA-2018-168228,Art,0.150451354,Art,183.61
CA-2018-168389,Art,0.945837513,Art,13.584
CA-2018-168389,Chairs,0.945837513,Chairs,64.784
CA-2018-168389,Phones,0.945837513,Phones,73.568
CA-2018-168389,Tables,0.945837513,Tables,721.875
CA-2018-168396,Furnishings,0.545636911,Furnishings,123.96
CA-2018-168396,Labels,0.545636911,Labels,51.75
CA-2018-168403,Appliances,0.145436309,Appliances,11.176
CA-2018-168403,Paper,0.145436309,Paper,31.104
CA-2018-168641,Art,0.538615848,Art,16.38
CA-2018-168641,Bookcases,0.538615848,Bookcases,321.568
CA-2018-168641,Envelopes,0.538615848,Envelopes,167.96
CA-2018-168641,Paper,0.538615848,Paper,12.96
CA-2018-168655,Accessories,0.738214644,Accessories,595
CA-2018-168655,Binders,0.738214644,Binders,79.872
CA-2018-168739,Furnishings,0.935807422,Furnishings,65.424
CA-2018-168837,Furnishings,0.332998997,Furnishings,9.46
CA-2018-168858,Appliances,0.132397192,Appliances,"2,504.74"
CA-2018-168858,Envelopes,0.132397192,Envelopes,16.74
CA-2018-168900,Binders,0.731193581,Binders,2.313
CA-2018-168942,Storage,0.329989970,Storage,186.54
CA-2018-169005,Art,0.728184554,Art,5.56
CA-2018-169012,Appliances,0.327983952,Appliances,41.91
CA-2018-169054,Furnishings,0.926780341,Furnishings,254.352
CA-2018-169124,Furnishings,0.924774323,Furnishings,129.39
CA-2018-169264,Art,0.920762287,Art,16.68
CA-2018-169264,Labels,0.920762287,Labels,5.76
CA-2018-169285,Paper,0.720160481,Paper,283.18
CA-2018-169327,Appliances,0.318956871,Appliances,43.1
CA-2018-169327,Binders,0.318956871,Binders,147.92
CA-2018-169327,Furnishings,0.318956871,Furnishings,511.5
CA-2018-169362,Accessories,0.317953862,Accessories,39.984
CA-2018-169404,Binders,0.916750251,Binders,37.896
CA-2018-169404,Paper,0.916750251,Paper,65.584
CA-2018-169411,Furnishings,0.516549649,Furnishings,37.93
CA-2018-169439,Art,0.915747242,Art,25.92
CA-2018-169439,Furnishings,0.915747242,Furnishings,66.112
CA-2018-169474,Appliances,0.914744233,Appliances,32.67
CA-2018-169607,Paper,0.310932798,Paper,9.96
CA-2018-169691,Labels,0.508525577,Labels,44.4
CA-2018-169691,Paper,0.508525577,Paper,17.94
CA-2018-169691,Storage,0.508525577,Storage,84.55
CA-2018-169810,Labels,0.705115346,Labels,20.23
CA-2018-169817,Binders,0.304914744,Binders,1.908
CA-2018-169859,Binders,0.903711133,Binders,64.96
CA-2018-169859,Envelopes,0.903711133,Envelopes,43.7
CA-2018-169859,Furnishings,0.903711133,Furnishings,26.25
CA-2018-169894,Binders,0.902708124,Binders,20.724
CA-2018-169894,Storage,0.902708124,Storage,415.872
CA-2018-169901,Phones,0.502507523,Phones,47.976
CA-2018-169929,Storage,0.901705115,Storage,39.9
CA-2018-169978,Binders,0.100300903,Binders,14.376
CA-2018-169978,Chairs,0.100300903,Chairs,271.764
CA-2018-169999,Binders,0.899699097,Binders,11.568
CA-2018-169999,Storage,0.899699097,Storage,129.3
US-2015-100279,Paper,0.897693079,Paper,22.38
US-2015-100853,Appliances,0.081243731,Appliances,52.448
US-2015-100853,Labels,0.081243731,Labels,20.16
US-2015-102071,Accessories,0.446339017,Accessories,235.77
US-2015-102631,Furnishings,0.430290873,Furnishings,94.428
US-2015-102715,Accessories,0.627883651,Accessories,719.92
US-2015-102715,Fasteners,0.627883651,Fasteners,6.912
US-2015-102715,Paper,0.627883651,Paper,10.368
US-2015-103338,Art,0.010030090,Art,7.98
US-2015-103905,Binders,0.593781344,Binders,29.932
US-2015-103905,Phones,0.593781344,Phones,38.272
US-2015-104759,Accessories,0.769307924,Accessories,79.984
US-2015-104759,Binders,0.769307924,Binders,8.134
US-2015-105137,Binders,0.158475426,Binders,18.264
US-2015-105137,Machines,0.158475426,Machines,101.994
US-2015-105151,Art,0.358074223,Art,10.5
US-2015-105767,Art,0.140421264,Art,21.168
US-2015-105767,Binders,0.140421264,Binders,3.282
US-2015-105767,Phones,0.140421264,Phones,55.188
US-2015-106299,Accessories,0.725175527,Accessories,21.2
US-2015-106299,Binders,0.725175527,Binders,26.7
US-2015-106299,Storage,0.725175527,Storage,838.38
US-2015-106334,Chairs,0.724172518,Chairs,230.28
US-2015-106334,Paper,0.724172518,Paper,12.84
US-2015-106992,Machines,0.105315948,Machines,"5,579.94"
US-2015-107405,Storage,0.493480441,Storage,16.272
US-2015-107699,Binders,0.685055165,Binders,57.42
US-2015-107993,Art,0.876629890,Art,51.016
US-2015-109036,Labels,0.246740221,Labels,31.05
US-2015-109162,Chairs,0.043129388,Chairs,170.352
US-2015-109456,Accessories,0.234704112,Accessories,179.97
US-2015-109456,Binders,0.234704112,Binders,14.352
US-2015-110674,Chairs,0.599799398,Chairs,129.568
US-2015-111171,Binders,0.185556670,Binders,8.69
US-2015-111353,Labels,0.780341023,Labels,25.06
US-2015-112200,Binders,0.356068205,Binders,9.98
US-2015-112564,Binders,0.545636911,Binders,2.502
US-2015-112795,Paper,0.339017051,Paper,19.44
US-2015-112872,Storage,0.936810431,Storage,53.424
US-2015-112872,Tables,0.936810431,Tables,275.49
US-2015-112914,Binders,0.535606820,Binders,2.724
US-2015-112914,Bookcases,0.535606820,Bookcases,300.5328
US-2015-112914,Envelopes,0.535606820,Envelopes,3.264
US-2015-112914,Paper,0.535606820,Paper,33.792
US-2015-112949,Appliances,0.534603811,Appliances,471.9
US-2015-112949,Art,0.534603811,Art,3.52
US-2015-112991,Chairs,0.133400201,Chairs,338.352
US-2015-112991,Paper,0.133400201,Paper,117.28
US-2015-113124,Storage,0.529588766,Storage,129.3
US-2015-114188,Appliances,0.699097292,Appliances,33.28
US-2015-114188,Art,0.699097292,Art,38.52
US-2015-114188,Furnishings,0.699097292,Furnishings,139.86
US-2015-114377,Chairs,0.893681043,Chairs,149.9
US-2015-115189,Phones,0.470411234,Phones,251.964
US-2015-115189,Tables,0.470411234,Tables,523.764
US-2015-115196,Machines,0.070210632,Machines,"1,299.99"
US-2015-115413,Accessories,0.663991976,Accessories,149.97
US-2015-115413,Art,0.663991976,Art,8.64
US-2015-115987,Binders,0.847542628,Binders,51.184
US-2015-117058,Binders,0.616850552,Binders,17.46
US-2015-117135,Furnishings,0.214643932,Furnishings,104.01
US-2015-117135,Phones,0.214643932,Phones,284.82
US-2015-117135,Storage,0.214643932,Storage,36.84
US-2015-117163,Art,0.613841525,Art,36.44
US-2015-117163,Storage,0.613841525,Storage,57.23
US-2015-117163,Tables,0.613841525,Tables,333
US-2015-117170,Accessories,0.213640923,Accessories,47.984
US-2015-117170,Paper,0.213640923,Paper,4.624
US-2015-117380,Tables,0.207622869,Tables,330.588
US-2015-117744,Art,0.397191575,Art,16.464
US-2015-117744,Furnishings,0.397191575,Furnishings,98.32
US-2015-117968,Appliances,0.590772317,Appliances,79.47
US-2015-117968,Art,0.590772317,Art,4.56
US-2015-117968,Chairs,0.590772317,Chairs,"1,133.35"
US-2015-118486,Accessories,0.975927783,Accessories,116.784
US-2015-118486,Supplies,0.975927783,Supplies,10.304
US-2015-118486,Tables,0.975927783,Tables,154.764
US-2015-118997,Tables,0.761283852,Tables,"1,215.92"
US-2015-119081,Accessories,0.958876630,Accessories,57.4
US-2015-119081,Binders,0.958876630,Binders,331.96
US-2015-119081,Furnishings,0.958876630,Furnishings,40.56
US-2015-119081,Supplies,0.958876630,Supplies,357.93
US-2015-119137,Accessories,0.757271815,Accessories,"1,502.976"
US-2015-119137,Art,0.757271815,Art,9.24
US-2015-119137,Binders,0.757271815,Binders,8.16
US-2015-120175,Envelopes,0.413239719,Envelopes,64.02
US-2015-120236,Binders,0.925777332,Binders,7.68
US-2015-120313,Phones,0.523570712,Phones,73.584
US-2015-120740,Appliances,0.111334002,Appliances,106.96
US-2015-120740,Furnishings,0.111334002,Furnishings,187.76
US-2015-121566,Art,0.887662989,Art,6.6
US-2015-121566,Binders,0.887662989,Binders,2.688
US-2015-121734,Binders,0.282848546,Binders,9.584
US-2015-122021,Chairs,0.874623872,Chairs,183.372
US-2015-122021,Paper,0.874623872,Paper,7.968
US-2015-122959,Binders,0.247743230,Binders,210.392
US-2015-123183,Binders,0.441323972,Binders,213.08
US-2015-123183,Bookcases,0.441323972,Bookcases,"1,025.88"
US-2015-123183,Labels,0.441323972,Labels,32.46
US-2015-123519,Accessories,0.231695085,Accessories,263.96
US-2015-123519,Art,0.231695085,Art,2.624
US-2015-123519,Tables,0.231695085,Tables,136.53
US-2015-124625,Accessories,0,Accessories,89.97
US-2015-125521,Chairs,0.774322969,Chairs,"1,139.92"
US-2015-126340,Phones,0.950852558,Phones,333.576
US-2015-126571,Envelopes,0.744232698,Envelopes,201.432
US-2015-126571,Storage,0.744232698,Storage,281.904
US-2015-127635,Binders,0.913741224,Binders,8.552
US-2015-127635,Fasteners,0.913741224,Fasteners,6.048
US-2015-127635,Furnishings,0.913741224,Furnishings,9.96
US-2015-127635,Paper,0.913741224,Paper,6.848
US-2015-127978,Bookcases,0.303911735,Bookcases,302.45
US-2015-127978,Labels,0.303911735,Labels,15.12
US-2015-127978,Storage,0.303911735,Storage,44.672
US-2015-128685,Binders,0.883650953,Binders,7.184
US-2015-129609,Art,0.057171515,Art,16.28
US-2015-130358,Art,0.235707121,Art,20.016
US-2015-130358,Supplies,0.235707121,Supplies,3.104
US-2015-130379,Appliances,0.035105316,Appliances,75.6
US-2015-130379,Furnishings,0.035105316,Furnishings,29.32
US-2015-131275,Furnishings,0.809428285,Furnishings,111
US-2015-131275,Machines,0.809428285,Machines,"1,279.968"
US-2015-131275,Storage,0.809428285,Storage,"1,856.19"
US-2015-131870,Art,0.792377131,Art,30.816
US-2015-131870,Furnishings,0.792377131,Furnishings,60.672
US-2015-131982,Binders,0.389167503,Binders,107.648
US-2015-132745,Fasteners,0.767301906,Fasteners,4.71
US-2015-133130,Chairs,0.756268806,Chairs,603.92
US-2015-133130,Paper,0.756268806,Paper,81.98
US-2015-133949,Phones,0.932798395,Phones,475.944
US-2015-134054,Art,0.929789368,Art,255.85
US-2015-134187,Art,0.325977934,Art,2.94
US-2015-134614,Tables,0.913741224,Tables,617.7
US-2015-134712,Fasteners,0.310932798,Fasteners,12.624
US-2015-134733,Bookcases,0.110330993,Bookcases,435.999
US-2015-134733,Phones,0.110330993,Phones,83.984
US-2015-134971,Binders,0.503510532,Binders,12.462
US-2015-135881,Appliances,0.477432297,Appliances,208.16
US-2015-135881,Binders,0.477432297,Binders,17.96
US-2015-135881,Supplies,0.477432297,Supplies,5.04
US-2015-135972,Copiers,0.274824473,Copiers,"1,799.97"
US-2015-135972,Phones,0.274824473,Phones,246.384
US-2015-137155,Appliances,0.640922768,Appliances,533.94
US-2015-137155,Furnishings,0.640922768,Furnishings,31.68
US-2015-137155,Paper,0.640922768,Paper,167.94
US-2015-137680,Paper,0.625877633,Paper,55.672
US-2015-137869,Envelopes,0.820461384,Envelopes,6.12
US-2015-137869,Tables,0.820461384,Tables,"1,184.72"
US-2015-138247,Accessories,0.209628887,Accessories,62.85
US-2015-138247,Appliances,0.209628887,Appliances,361.96
US-2015-138247,Furnishings,0.209628887,Furnishings,23.99
US-2015-138247,Phones,0.209628887,Phones,992.032
US-2015-138247,Storage,0.209628887,Storage,20.34
US-2015-138758,Chairs,0.994984955,Chairs,172.186
US-2015-138758,Furnishings,0.994984955,Furnishings,69.008
US-2015-138828,Art,0.992978937,Art,57.75
US-2015-138828,Paper,0.992978937,Paper,14.94
US-2015-138835,Binders,0.592778335,Binders,9.64
US-2015-139500,Chairs,0.573721163,Chairs,37.296
US-2015-139640,Art,0.569709127,Art,120.768
US-2015-139640,Paper,0.569709127,Paper,25.92
US-2015-140116,Art,0.356068205,Art,83.168
US-2015-140116,Storage,0.356068205,Storage,636.408
US-2015-140452,Appliances,0.146439318,Appliances,14.016
US-2015-140452,Binders,0.146439318,Binders,4.6
US-2015-140452,Furnishings,0.146439318,Furnishings,10.776
US-2015-140452,Phones,0.146439318,Phones,35.04
US-2015-140452,Storage,0.146439318,Storage,35.168
US-2015-140452,Tables,0.146439318,Tables,214.95
US-2015-140914,Chairs,0.733199599,Chairs,797.944
US-2015-140914,Furnishings,0.733199599,Furnishings,10.984
US-2015-141215,Binders,0.524573721,Binders,8.568
US-2015-141215,Chairs,0.524573721,Chairs,797.944
US-2015-141215,Tables,0.524573721,Tables,99.918
US-2015-141257,Chairs,0.123370110,Chairs,585.552
US-2015-143231,Accessories,0.266800401,Accessories,113.97
US-2015-143231,Furnishings,0.266800401,Furnishings,63.2
US-2015-143287,Paper,0.065195587,Paper,270.27
US-2015-143287,Supplies,0.065195587,Supplies,7.3
US-2015-143581,Storage,0.256770311,Storage,344.91
US-2015-143707,Phones,0.053159478,Phones,5.94
US-2015-143721,Chairs,0.252758275,Chairs,155.372
US-2015-144078,Art,0.842527583,Art,7.44
US-2015-144078,Chairs,0.842527583,Chairs,725.344
US-2015-144078,Phones,0.842527583,Phones,539.92
US-2015-146353,Binders,0.777331996,Binders,22.92
US-2015-146353,Storage,0.777331996,Storage,269.9
US-2015-147606,Furnishings,0.141424273,Furnishings,19.3
US-2015-147627,Art,0.940822467,Art,29.59
US-2015-147627,Chairs,0.940822467,Chairs,"1,067.94"
US-2015-147627,Envelopes,0.940822467,Envelopes,23.34
US-2015-147627,Furnishings,0.940822467,Furnishings,38.6
US-2015-147627,Phones,0.940822467,Phones,699.93
US-2015-147648,Paper,0.740220662,Paper,81.98
US-2015-147704,Binders,0.538615848,Binders,29.12
US-2015-147704,Envelopes,0.538615848,Envelopes,78.35
US-2015-147704,Paper,0.538615848,Paper,31.68
US-2015-147704,Storage,0.538615848,Storage,169.45
US-2015-147774,Binders,0.536609829,Binders,67.194
US-2015-148194,Appliances,0.524573721,Appliances,57.68
US-2015-148194,Furnishings,0.524573721,Furnishings,12.18
US-2015-148838,Paper,0.706118355,Paper,189.9
US-2015-148838,Tables,0.706118355,Tables,"3,265.23"
US-2015-149034,Accessories,0.500501505,Accessories,47.496
US-2015-150119,Binders,0.469408225,Binders,7.488
US-2015-150119,Chairs,0.469408225,Chairs,562.744
US-2015-150119,Furnishings,0.469408225,Furnishings,22.336
US-2015-150126,Paper,0.069207623,Paper,65.78
US-2015-150434,Binders,0.460381143,Binders,24.69
US-2015-150434,Phones,0.460381143,Phones,359.98
US-2015-150434,Tables,0.460381143,Tables,70.56
US-2015-150532,Storage,0.857572718,Storage,55.92
US-2015-150574,Accessories,0.456369107,Accessories,247.8
US-2015-150574,Binders,0.456369107,Binders,4.812
US-2015-150924,Binders,0.446339017,Binders,5.18
US-2015-151015,Binders,0.243731194,Binders,2.946
US-2015-151015,Paper,0.243731194,Paper,341.328
US-2015-151925,Chairs,0.217652959,Chairs,145.568
US-2015-152030,Chairs,0.214643932,Chairs,600.558
US-2015-152723,Binders,0.594784353,Binders,0.876
US-2015-154655,Supplies,0.139418255,Supplies,22.24
US-2015-154879,Art,0.332998997,Art,107.94
US-2015-154879,Labels,0.332998997,Labels,5.78
US-2015-155502,Furnishings,0.715145436,Furnishings,75.24
US-2015-155502,Paper,0.715145436,Paper,36.12
US-2015-155502,Phones,0.715145436,Phones,343.33
US-2015-155502,Storage,0.715145436,Storage,489.92
US-2015-155544,Chairs,0.313941825,Chairs,218.376
US-2015-155544,Furnishings,0.313941825,Furnishings,32.952
US-2015-155544,Labels,0.313941825,Labels,59.2
US-2015-155817,Art,0.706118355,Art,6.192
US-2015-155817,Storage,0.706118355,Storage,61.568
US-2015-155894,Storage,0.303911735,Storage,123.552
US-2015-156216,Binders,0.894684052,Binders,18.648
US-2015-156559,Bookcases,0.284854564,Bookcases,638.82
US-2015-157021,Binders,0.871614845,Binders,17.088
US-2015-157021,Labels,0.871614845,Labels,29.6
US-2015-157070,Appliances,0.070210632,Appliances,65.52
US-2015-157070,Binders,0.070210632,Binders,138.56
US-2015-157231,Binders,0.865596790,Binders,115.36
US-2015-157385,Accessories,0.061183551,Accessories,29.99
US-2015-157385,Chairs,0.061183551,Chairs,985.36
US-2015-157385,Envelopes,0.061183551,Envelopes,21.84
US-2015-157406,Art,0.860581745,Art,6.24
US-2015-157406,Paper,0.860581745,Paper,10.368
US-2015-157847,Paper,0.647943831,Paper,60.208
US-2015-158057,Binders,0.641925777,Binders,59.109
US-2015-158365,Paper,0.033099298,Paper,32.4
US-2015-158400,Binders,0.032096289,Binders,49.408
US-2015-158638,Binders,0.425275827,Binders,5.892
US-2015-159611,Furnishings,0.797392177,Furnishings,182.352
US-2015-159611,Storage,0.797392177,Storage,118.16
US-2015-159618,Accessories,0.397191575,Accessories,79.512
US-2015-159618,Art,0.397191575,Art,2.672
US-2015-159618,Bookcases,0.397191575,Bookcases,67.9932
US-2015-159618,Paper,0.397191575,Paper,36.288
US-2015-159618,Supplies,0.397191575,Supplies,16.656
US-2015-159926,Binders,0.788365095,Binders,52.941
US-2015-159926,Furnishings,0.788365095,Furnishings,60.312
US-2015-159926,Phones,0.788365095,Phones,539.964
US-2015-159926,Storage,0.788365095,Storage,76.792
US-2015-160444,Storage,0.173520562,Storage,502.2
US-2015-160780,Binders,0.963891675,Binders,36.252
US-2015-161305,Binders,0.948846540,Binders,24.588
US-2015-161305,Envelopes,0.948846540,Envelopes,13.984
US-2015-161613,Chairs,0.340020060,Chairs,674.058
US-2015-163146,Accessories,0.696088265,Accessories,56.4
US-2015-163797,Fasteners,0.477432297,Fasteners,49.792
US-2015-164406,Appliances,0.659979940,Appliances,152.91
US-2015-164406,Binders,0.659979940,Binders,64.296
US-2015-164406,Chairs,0.659979940,Chairs,195.136
US-2015-164406,Paper,0.659979940,Paper,92.94
US-2015-164616,Binders,0.653961886,Binders,76.776
US-2015-164616,Supplies,0.653961886,Supplies,9.184
US-2015-164644,Storage,0.053159478,Storage,26.632
US-2015-164763,Appliances,0.249749248,Appliances,32.67
US-2015-164763,Binders,0.249749248,Binders,41.87
US-2015-164763,Paper,0.249749248,Paper,28.96
US-2015-165589,Furnishings,0.026078235,Furnishings,25.16
US-2015-165659,Furnishings,0.024072217,Furnishings,22.2
US-2015-165659,Phones,0.024072217,Phones,881.93
US-2015-165862,Tables,0.418254764,Tables,351.216
US-2015-166310,Furnishings,0.805416249,Furnishings,8.544
US-2015-166828,Paper,0.190571715,Paper,11.56
US-2015-167262,Phones,0.378134403,Phones,742.336
US-2015-167633,Paper,0.167502508,Paper,15.552
US-2015-167738,Chairs,0.164493480,Chairs,292.272
US-2015-167738,Storage,0.164493480,Storage,142.86
US-2015-168501,Envelopes,0.542627884,Envelopes,1.632
US-2015-168501,Phones,0.542627884,Phones,267.96
US-2015-169390,Storage,0.717151454,Storage,64.96
US-2015-169789,Binders,0.905717151,Binders,551.985
US-2016-100069,Phones,0.903711133,Phones,269.98
US-2016-100377,Copiers,0.294884654,Copiers,"2,799.96"
US-2016-100531,Binders,0.490471414,Binders,15.08
US-2016-100531,Furnishings,0.490471414,Furnishings,24.288
US-2016-101399,Furnishings,0.865596790,Furnishings,254.744
US-2016-101511,Chairs,0.462387161,Chairs,396.802
US-2016-101511,Supplies,0.462387161,Supplies,15.88
US-2016-103471,Art,0.406218656,Art,14.04
US-2016-103471,Bookcases,0.406218656,Bookcases,590.058
US-2016-103996,Accessories,0.391173521,Accessories,53.25
US-2016-103996,Furnishings,0.391173521,Furnishings,19.92
US-2016-103996,Paper,0.391173521,Paper,222.51
US-2016-104185,Storage,0.585757272,Storage,120.33
US-2016-104430,Binders,0.578736209,Binders,5.176
US-2016-105676,Furnishings,0.343029087,Furnishings,6.688
US-2016-106495,Accessories,0.519558676,Accessories,11.672
US-2016-106873,Accessories,0.908726179,Accessories,23.2
US-2016-106873,Art,0.908726179,Art,31.04
US-2016-107349,Binders,0.695085256,Binders,41.568
US-2016-107944,Accessories,0.678034102,Accessories,239.97
US-2016-107944,Paper,0.678034102,Paper,192.72
US-2016-108966,Storage,0.248746239,Storage,22.368
US-2016-108966,Tables,0.248746239,Tables,957.5775
US-2016-109015,Appliances,0.447342026,Appliances,8.39
US-2016-109015,Phones,0.447342026,Phones,337.98
US-2016-110163,Art,0.814443330,Art,7.88
US-2016-110261,Phones,0.211634905,Phones,158.376
US-2016-110569,Appliances,0.602808425,Appliances,121.792
US-2016-110569,Binders,0.602808425,Binders,19.194
US-2016-111927,Binders,0.963891675,Binders,19.96
US-2016-111927,Furnishings,0.963891675,Furnishings,76.14
US-2016-112508,Appliances,0.747241725,Appliances,6.992
US-2016-113327,Accessories,0.923771314,Accessories,167.944
US-2016-113327,Envelopes,0.923771314,Envelopes,12.224
US-2016-113327,Paper,0.923771314,Paper,172
US-2016-113593,Storage,0.716148445,Storage,115.44
US-2016-114741,Labels,0.083249749,Labels,14.94
US-2016-114741,Paper,0.083249749,Paper,6.48
US-2016-114741,Storage,0.083249749,Storage,"1,325.85"
US-2016-114839,Chairs,0.480441324,Chairs,408.422
US-2016-115238,Furnishings,0.669007021,Furnishings,65.18
US-2016-115238,Paper,0.669007021,Paper,6.48
US-2016-115238,Phones,0.669007021,Phones,209.5
US-2016-115343,Accessories,0.665997994,Accessories,617.976
US-2016-115343,Supplies,0.665997994,Supplies,55.6
US-2016-116981,Appliances,0.019057172,Appliances,13.11
US-2016-116981,Storage,0.019057172,Storage,"1,085.42"
US-2016-117184,Binders,0.413239719,Binders,33.28
US-2016-117184,Paper,0.413239719,Paper,14.088
US-2016-117492,Appliances,0.804413240,Appliances,77.58
US-2016-118766,Binders,0.967903711,Binders,3.96
US-2016-118766,Envelopes,0.967903711,Envelopes,4.464
US-2016-118906,Storage,0.963891675,Storage,89.82
US-2016-118983,Appliances,0.561685055,Appliances,68.81
US-2016-118983,Binders,0.561685055,Binders,2.544
US-2016-119312,Storage,0.752256770,Storage,270.34
US-2016-120161,Storage,0.213640923,Storage,646.776
US-2016-120502,Appliances,0.718154463,Appliances,75.84
US-2016-120502,Furnishings,0.718154463,Furnishings,37.68
US-2016-120502,Phones,0.718154463,Phones,258.576
US-2016-120572,Binders,0.716148445,Binders,12.828
US-2016-120712,Storage,0.712136409,Storage,88.8
US-2016-120957,Paper,0.705115346,Paper,12.96
US-2016-122140,Accessories,0.071213641,Accessories,98.096
US-2016-122140,Appliances,0.071213641,Appliances,32.192
US-2016-122784,Binders,0.252758275,Binders,2.88
US-2016-122784,Bookcases,0.252758275,Bookcases,"1,298.374"
US-2016-122784,Phones,0.252758275,Phones,153.584
US-2016-122910,Phones,0.049147442,Phones,201.584
US-2016-123218,Accessories,0.440320963,Accessories,255.968
US-2016-123218,Bookcases,0.440320963,Bookcases,359.058
US-2016-123218,Phones,0.440320963,Phones,159.984
US-2016-123918,Furnishings,0.420260782,Furnishings,131.376
US-2016-123918,Paper,0.420260782,Paper,5.344
US-2016-123960,Accessories,0.019057172,Accessories,53.7
US-2016-123960,Art,0.019057172,Art,56.3
US-2016-123960,Binders,0.019057172,Binders,36.26
US-2016-123960,Furnishings,0.019057172,Furnishings,29.16
US-2016-123960,Paper,0.019057172,Paper,32.4
US-2016-124219,Binders,0.211634905,Binders,28.4
US-2016-124219,Furnishings,0.211634905,Furnishings,212.94
US-2016-125374,Chairs,0.178535607,Chairs,107.772
US-2016-126214,Accessories,0.154463390,Accessories,99.6
US-2016-126214,Tables,0.154463390,Tables,"1,618.37"
US-2016-126235,Furnishings,0.953861585,Furnishings,17.14
US-2016-126753,Accessories,0.339017051,Accessories,31.176
US-2016-126753,Binders,0.339017051,Binders,6.486
US-2016-126753,Furnishings,0.339017051,Furnishings,254.352
US-2016-126753,Paper,0.339017051,Paper,20.64
US-2016-126753,Phones,0.339017051,Phones,519.792
US-2016-126977,Accessories,0.532597793,Accessories,659.9
US-2016-126977,Bookcases,0.532597793,Bookcases,"6,232.624"
US-2016-126977,Chairs,0.532597793,Chairs,199.764
US-2016-126977,Labels,0.532597793,Labels,87.71
US-2016-126977,Paper,0.532597793,Paper,110.96
US-2016-126977,Phones,0.532597793,Phones,277.77
US-2016-126977,Storage,0.532597793,Storage,109.5
US-2016-127040,Accessories,0.930792377,Accessories,"1,619.91"
US-2016-127040,Furnishings,0.930792377,Furnishings,113.92
US-2016-127040,Paper,0.930792377,Paper,48.34
US-2016-128090,Art,0.900702106,Art,2.304
US-2016-128090,Labels,0.900702106,Labels,5.04
US-2016-128090,Paper,0.900702106,Paper,313.024
US-2016-128090,Phones,0.900702106,Phones,"1,879.96"
US-2016-128587,Copiers,0.486459378,Copiers,"4,899.93"
US-2016-128587,Furnishings,0.486459378,Furnishings,9.68
US-2016-129007,Binders,0.474423270,Binders,25.032
US-2016-129007,Chairs,0.474423270,Chairs,717.72
US-2016-129007,Furnishings,0.474423270,Furnishings,383.9
US-2016-129007,Paper,0.474423270,Paper,209.7
US-2016-129553,Phones,0.258776329,Phones,29.97
US-2016-129637,Art,0.456369107,Art,13.12
US-2016-129637,Furnishings,0.456369107,Furnishings,41.552
US-2016-129637,Storage,0.456369107,Storage,180.016
US-2016-130491,Art,0.631895687,Art,5.76
US-2016-130491,Fasteners,0.631895687,Fasteners,5.81
US-2016-130491,Paper,0.631895687,Paper,9.54
US-2016-130512,Accessories,0.431293882,Accessories,21.728
US-2016-130512,Binders,0.431293882,Binders,99.588
US-2016-130512,Paper,0.431293882,Paper,49.568
US-2016-130512,Storage,0.431293882,Storage,663.072
US-2016-130512,Supplies,0.431293882,Supplies,3.488
US-2016-130519,Furnishings,0.031093280,Furnishings,71.68
US-2016-130519,Paper,0.031093280,Paper,15.552
US-2016-130519,Storage,0.031093280,Storage,24.672
US-2016-131359,Copiers,0.007021063,Copiers,439.992
US-2016-131359,Furnishings,0.007021063,Furnishings,15.488
US-2016-131359,Machines,0.007021063,Machines,59.994
US-2016-131359,Phones,0.007021063,Phones,87.96
US-2016-131842,Chairs,0.393179539,Chairs,97.424
US-2016-132836,Binders,0.564694082,Binders,403.68
US-2016-132836,Labels,0.564694082,Labels,28.91
US-2016-132836,Phones,0.564694082,Phones,341.88
US-2016-134026,Chairs,0.530591775,Chairs,831.936
US-2016-134026,Furnishings,0.530591775,Furnishings,97.04
US-2016-134026,Storage,0.530591775,Storage,72.784
US-2016-134271,Labels,0.523570712,Labels,21.93
US-2016-134558,Accessories,0.115346038,Accessories,"2,249.91"
US-2016-134558,Paper,0.115346038,Paper,29.9
US-2016-134558,Tables,0.115346038,Tables,"1,053.164"
US-2016-136259,Binders,0.866599799,Binders,7.218
US-2016-136259,Supplies,0.866599799,Supplies,27.2
US-2016-136427,Phones,0.261785356,Phones,125.944
US-2016-136476,Binders,0.460381143,Binders,157.794
US-2016-136749,Binders,0.852557673,Binders,157.9
US-2016-136749,Furnishings,0.852557673,Furnishings,275.88
US-2016-136987,Copiers,0.245737212,Copiers,639.968
US-2016-136987,Paper,0.245737212,Paper,52.76
US-2016-137008,Accessories,0.045135406,Accessories,90
US-2016-137008,Envelopes,0.045135406,Envelopes,51.12
US-2016-137008,Paper,0.045135406,Paper,94.85
US-2016-137533,Paper,0.030090271,Paper,20.736
US-2016-137960,Accessories,0.617853561,Accessories,166.24
US-2016-138093,Art,0.014042126,Art,27.36
US-2016-138093,Chairs,0.014042126,Chairs,542.94
US-2016-138093,Paper,0.014042126,Paper,71.15
US-2016-138093,Phones,0.014042126,Phones,134.99
US-2016-138121,Binders,0.413239719,Binders,29.52
US-2016-138121,Chairs,0.413239719,Chairs,991.96
US-2016-138121,Furnishings,0.413239719,Furnishings,212.13
US-2016-138303,Envelopes,0.008024072,Envelopes,52.512
US-2016-138303,Storage,0.008024072,Storage,36.336
US-2016-138303,Supplies,0.008024072,Supplies,666.248
US-2016-138716,Binders,0.396188566,Binders,25.032
US-2016-138919,Tables,0.790371113,Tables,344.22
US-2016-139675,Chairs,0.568706118,Chairs,915.136
US-2016-139675,Furnishings,0.568706118,Furnishings,327.76
US-2016-139759,Appliances,0.766298897,Appliances,105.96
US-2016-139759,Chairs,0.766298897,Chairs,40.784
US-2016-140200,Tables,0.553660983,Tables,393.165
US-2016-140851,Paper,0.335005015,Paper,38.88
US-2016-141453,Binders,0.917753260,Binders,3.882
US-2016-141684,Paper,0.711133400,Paper,24.96
US-2016-142020,Furnishings,0.501504514,Furnishings,35.28
US-2016-142020,Paper,0.501504514,Paper,30.44
US-2016-142811,Phones,0.278836510,Phones,87.8
US-2016-144771,Accessories,0.222668004,Accessories,53.04
US-2016-144771,Furnishings,0.222668004,Furnishings,11.032
US-2016-145121,Binders,0.212637914,Binders,26.9
US-2016-145422,Bookcases,0.004012036,Bookcases,359.499
US-2016-145436,Chairs,0.203610832,Chairs,551.264
US-2016-146745,Binders,0.366098295,Binders,6.368
US-2016-146745,Chairs,0.366098295,Chairs,129.568
US-2016-147242,Appliances,0.951855567,Appliances,61.96
US-2016-147242,Bookcases,0.951855567,Bookcases,361.96
US-2016-147242,Paper,0.951855567,Paper,278.82
US-2016-147662,Accessories,0.939819458,Accessories,71.976
US-2016-147662,Art,0.939819458,Art,14.352
US-2016-147662,Binders,0.939819458,Binders,17.238
US-2016-147662,Phones,0.939819458,Phones,323.982
US-2016-147739,Furnishings,0.537612839,Furnishings,547.136
US-2016-148817,Binders,0.906720160,Binders,63.96
US-2016-148817,Storage,0.906720160,Storage,61.68
US-2016-149629,Bookcases,0.483450351,Bookcases,231.92
US-2016-149692,Binders,0.881644935,Binders,2.772
US-2016-150161,Binders,0.068204614,Binders,25.176
US-2016-150231,Art,0.066198596,Art,17.52
US-2016-150630,Art,0.254764293,Art,102.064
US-2016-150630,Binders,0.254764293,Binders,16.476
US-2016-150630,Bookcases,0.254764293,Bookcases,"3,083.43"
US-2016-150630,Envelopes,0.254764293,Envelopes,3.264
US-2016-150630,Furnishings,0.254764293,Furnishings,124.2
US-2016-151407,Phones,0.832497492,Phones,263.96
US-2016-151435,Tables,0.231695085,Tables,85.98
US-2016-152128,Art,0.611835507,Art,21.24
US-2016-152128,Binders,0.611835507,Binders,127.96
US-2016-153283,Envelopes,0.578736209,Envelopes,15.56
US-2016-153374,Accessories,0.376128385,Accessories,479.952
US-2016-153500,Furnishings,0.172517553,Furnishings,451.352
US-2016-153500,Paper,0.172517553,Paper,6.72
US-2016-154389,Phones,0.347041123,Phones,748.752
US-2016-155369,Appliances,0.318956871,Appliances,19.568
US-2016-155369,Binders,0.318956871,Binders,310.392
US-2016-156496,Appliances,0.886659980,Appliances,133.472
US-2016-156496,Phones,0.886659980,Phones,578.312
US-2016-156797,Art,0.678034102,Art,11.96
US-2016-156797,Phones,0.678034102,Phones,138
US-2016-156867,Accessories,0.676028084,Accessories,238.896
US-2016-156867,Binders,0.676028084,Binders,36.882
US-2016-156867,Furnishings,0.676028084,Furnishings,102.36
US-2016-157014,Accessories,0.271815446,Accessories,71.984
US-2016-157014,Binders,0.271815446,Binders,32.07
US-2016-157014,Bookcases,0.271815446,Bookcases,35.49
US-2016-157154,Tables,0.267803410,Tables,"1,018.104"
US-2016-158589,Furnishings,0.226680040,Furnishings,32.04
US-2016-158911,Furnishings,0.817452357,Furnishings,4.928
US-2016-158911,Labels,0.817452357,Labels,11.784
US-2016-159499,Accessories,0.200601805,Accessories,23.344
US-2016-159499,Appliances,0.200601805,Appliances,325.632
US-2016-159499,Labels,0.200601805,Labels,16.52
US-2016-159513,Machines,0.400200602,Machines,71.976
US-2016-159982,Furnishings,0.586760281,Furnishings,12.132
US-2016-159982,Phones,0.586760281,Phones,647.904
US-2016-159982,Storage,0.586760281,Storage,136.288
US-2016-160150,Binders,0.981945838,Binders,2.025
US-2016-160563,Accessories,0.370110331,Accessories,239.97
US-2016-160563,Furnishings,0.370110331,Furnishings,16.02
US-2016-160857,Chairs,0.561685055,Chairs,127.764
US-2016-160857,Copiers,0.561685055,Copiers,"2,799.944"
US-2016-160857,Furnishings,0.561685055,Furnishings,79.44
US-2016-160857,Paper,0.561685055,Paper,19.44
US-2016-160857,Supplies,0.561685055,Supplies,357.93
US-2016-161347,Binders,0.547642929,Binders,2.412
US-2016-161466,Art,0.744232698,Art,6.848
US-2016-161991,Binders,0.729187563,Binders,2.08
US-2016-161991,Phones,0.729187563,Phones,"1,114.4"
US-2016-163279,Furnishings,0.092276830,Furnishings,91.96
US-2016-163279,Paper,0.092276830,Paper,105.52
US-2016-163279,Phones,0.092276830,Phones,"1,487.976"
US-2016-163433,Accessories,0.287863591,Accessories,41.424
US-2016-163433,Art,0.287863591,Art,82.224
US-2016-163433,Binders,0.287863591,Binders,5.788
US-2016-163433,Chairs,0.287863591,Chairs,56.686
US-2016-163433,Paper,0.287863591,Paper,15.552
US-2016-163433,Phones,0.287863591,Phones,342.736
US-2016-163685,Binders,0.880641926,Binders,5.728
US-2016-163685,Paper,0.880641926,Paper,42.24
US-2016-163783,Storage,0.277833501,Storage,12.672
US-2016-163825,Binders,0.876629890,Binders,"3,050.376"
US-2016-163825,Phones,0.876629890,Phones,133.98
US-2016-164175,Chairs,0.866599799,Chairs,213.115
US-2016-164238,Bookcases,0.264794383,Bookcases,301.47
US-2016-164238,Storage,0.264794383,Storage,44.688
US-2016-164308,Phones,0.262788365,Phones,821.94
US-2016-164357,Art,0.461384152,Art,13.12
US-2016-164448,Binders,0.258776329,Binders,39.528
US-2016-164448,Envelopes,0.258776329,Envelopes,14.75
US-2016-164448,Labels,0.258776329,Labels,427.42
US-2016-164966,Chairs,0.643931795,Chairs,155.88
US-2016-165449,Accessories,0.030090271,Accessories,27.168
US-2016-165512,Binders,0.428284855,Binders,7.656
US-2016-165512,Chairs,0.428284855,Chairs,602.651
US-2016-165743,Binders,0.221664995,Binders,14.508
US-2016-165743,Bookcases,0.221664995,Bookcases,145.764
US-2016-166520,Accessories,0.799398195,Accessories,599.9
US-2016-166520,Paper,0.799398195,Paper,80.88
US-2016-167220,Accessories,0.779338014,Accessories,22.368
US-2016-168704,Phones,0.936810431,Phones,239.976
US-2016-168704,Tables,0.936810431,Tables,821.352
US-2016-168732,Accessories,0.336008024,Accessories,101.94
US-2016-168732,Art,0.336008024,Art,1.78
US-2016-168732,Paper,0.336008024,Paper,25.92
US-2016-168914,Appliances,0.930792377,Appliances,20.768
US-2016-168935,Accessories,0.730190572,Accessories,83.976
US-2016-168935,Tables,0.730190572,Tables,375.4575
US-2017-100405,Art,0.694082247,Art,8.26
US-2017-100419,Binders,0.893681043,Binders,4.788
US-2017-100461,Binders,0.492477432,Binders,106.05
US-2017-100461,Bookcases,0.492477432,Bookcases,"1,565.88"
US-2017-100566,Furnishings,0.489468405,Furnishings,83.952
US-2017-100720,Phones,0.685055165,Phones,638.358
US-2017-100720,Supplies,0.685055165,Supplies,5.84
US-2017-100839,Furnishings,0.881644935,Furnishings,24.96
US-2017-100839,Tables,0.881644935,Tables,727.45
US-2017-101196,Storage,0.471414243,Storage,82.368
US-2017-101497,Paper,0.262788365,Paper,18.97
US-2017-101616,Binders,0.459378134,Binders,87.28
US-2017-102141,Binders,0.444332999,Binders,146.688
US-2017-102232,Art,0.241725176,Art,197.05
US-2017-102239,Binders,0.841524574,Binders,5.728
US-2017-102239,Tables,0.841524574,Tables,"1,685.88"
US-2017-103646,Appliances,0.401203611,Appliances,48.792
US-2017-103646,Binders,0.401203611,Binders,44.848
US-2017-103646,Storage,0.401203611,Storage,102.336
US-2017-103674,Art,0.800401204,Art,18.69
US-2017-103674,Binders,0.800401204,Binders,450.848
US-2017-103674,Fasteners,0.800401204,Fasteners,13.86
US-2017-103674,Paper,0.800401204,Paper,13.36
US-2017-103674,Phones,0.800401204,Phones,521.544
US-2017-104794,Fasteners,0.768304915,Fasteners,3.68
US-2017-104815,Bookcases,0.567703109,Bookcases,198.744
US-2017-105452,Furnishings,0.149448345,Furnishings,327.42
US-2017-105578,Binders,0.945837513,Binders,39.948
US-2017-105578,Chairs,0.945837513,Chairs,801.568
US-2017-105578,Paper,0.945837513,Paper,32.792
US-2017-105830,Storage,0.538615848,Storage,156.512
US-2017-106313,Paper,0.924774323,Paper,19.44
US-2017-106600,Bookcases,0.516549649,Bookcases,354.9
US-2017-106677,Phones,0.114343029,Phones,23.988
US-2017-107440,Binders,0.492477432,Binders,25.3
US-2017-107440,Furnishings,0.492477432,Furnishings,9.96
US-2017-107440,Machines,0.492477432,Machines,"9,099.93"
US-2017-108098,Accessories,0.873620863,Accessories,177
US-2017-108455,Paper,0.463390171,Paper,66.38
US-2017-108455,Storage,0.463390171,Storage,33.87
US-2017-108497,Bookcases,0.062186560,Bookcases,599.165
US-2017-108504,Bookcases,0.661985958,Bookcases,239.98
US-2017-108504,Envelopes,0.661985958,Envelopes,167.96
US-2017-108504,Fasteners,0.661985958,Fasteners,9.45
US-2017-108504,Furnishings,0.661985958,Furnishings,18.84
US-2017-108504,Paper,0.661985958,Paper,814.18
US-2017-108504,Phones,0.661985958,Phones,589.68
US-2017-108504,Storage,0.661985958,Storage,235.42
US-2017-108637,Appliances,0.058174524,Appliances,160.32
US-2017-108637,Binders,0.058174524,Binders,46
US-2017-108637,Furnishings,0.058174524,Furnishings,127.88
US-2017-108777,Accessories,0.054162487,Accessories,383.952
US-2017-108777,Binders,0.054162487,Binders,18.693
US-2017-109260,Accessories,0.440320963,Accessories,431.976
US-2017-110156,Binders,0.214643932,Binders,11.972
US-2017-110156,Envelopes,0.214643932,Envelopes,40.968
US-2017-110156,Fasteners,0.214643932,Fasteners,58.368
US-2017-110156,Furnishings,0.214643932,Furnishings,2.328
US-2017-110156,Paper,0.214643932,Paper,10.368
US-2017-110156,Phones,0.214643932,Phones,71.96
US-2017-110156,Storage,0.214643932,Storage,100.704
US-2017-110170,Bookcases,0.414242728,Bookcases,956.6648
US-2017-111290,Accessories,0.382146439,Accessories,109.95
US-2017-111290,Art,0.382146439,Art,29.2
US-2017-111290,Paper,0.382146439,Paper,32.4
US-2017-111290,Storage,0.382146439,Storage,965.85
US-2017-111528,Binders,0.775325978,Binders,6.384
US-2017-111528,Storage,0.775325978,Storage,481.32
US-2017-111563,Furnishings,0.774322969,Furnishings,77.488
US-2017-112396,Accessories,0.150451354,Accessories,121.83
US-2017-112970,Art,0.334002006,Art,9.84
US-2017-112977,Bookcases,0.933801404,Bookcases,176.784
US-2017-113509,Accessories,0.518555667,Accessories,83.976
US-2017-113649,Appliances,0.514543631,Appliances,569.536
US-2017-113649,Paper,0.514543631,Paper,30.816
US-2017-113649,Phones,0.514543631,Phones,44.784
US-2017-113677,Labels,0.913741224,Labels,14.94
US-2017-113677,Phones,0.913741224,Phones,"2,279.96"
US-2017-113985,Appliances,0.304914744,Appliances,59.7
US-2017-113985,Binders,0.304914744,Binders,128.888
US-2017-113985,Furnishings,0.304914744,Furnishings,14.52
US-2017-114013,Accessories,0.704112337,Accessories,379.96
US-2017-114013,Binders,0.704112337,Binders,75.057
US-2017-114013,Chairs,0.704112337,Chairs,386.68
US-2017-114013,Machines,0.704112337,Machines,449.1
US-2017-114013,Paper,0.704112337,Paper,41.24
US-2017-114013,Phones,0.704112337,Phones,539.91
US-2017-114013,Storage,0.704112337,Storage,678.64
US-2017-114174,Bookcases,0.499498495,Bookcases,173.94
US-2017-114174,Labels,0.499498495,Labels,14.76
US-2017-114230,Storage,0.297893681,Storage,39.808
US-2017-114293,Chairs,0.696088265,Chairs,195.136
US-2017-114622,Binders,0.886659980,Binders,8.904
US-2017-114776,Paper,0.082246740,Paper,19.44
US-2017-114888,Binders,0.679037111,Binders,11.952
US-2017-114888,Supplies,0.679037111,Supplies,6.24
US-2017-115441,Accessories,0.063189569,Accessories,124.25
US-2017-115441,Chairs,0.063189569,Chairs,403.56
US-2017-115441,Furnishings,0.063189569,Furnishings,95.2
US-2017-115441,Paper,0.063189569,Paper,20.62
US-2017-115441,Phones,0.063189569,Phones,297.55
US-2017-115455,Furnishings,0.262788365,Furnishings,14.136
US-2017-115455,Tables,0.262788365,Tables,601.47
US-2017-115819,Art,0.452357071,Art,78.66
US-2017-115819,Binders,0.452357071,Binders,15.176
US-2017-115819,Paper,0.452357071,Paper,22.72
US-2017-115819,Phones,0.452357071,Phones,39.96
US-2017-115952,Binders,0.848545637,Binders,28.85
US-2017-116365,Accessories,0.236710130,Accessories,195.68
US-2017-116365,Phones,0.236710130,Phones,180.96
US-2017-116400,Furnishings,0.235707121,Furnishings,39.92
US-2017-116442,Furnishings,0.834503511,Furnishings,14.76
US-2017-116729,Accessories,0.426278837,Accessories,254.24
US-2017-116729,Paper,0.426278837,Paper,45.36
US-2017-116729,Phones,0.426278837,Phones,"2,575.944"
US-2017-117037,Binders,0.817452357,Binders,2.89
US-2017-117037,Fasteners,0.817452357,Fasteners,7.896
US-2017-117037,Furnishings,0.817452357,Furnishings,22.608
US-2017-117037,Paper,0.817452357,Paper,30.528
US-2017-117387,Binders,0.807422267,Binders,67.136
US-2017-117541,Furnishings,0.003009027,Furnishings,19.92
US-2017-117541,Paper,0.003009027,Paper,16.45
US-2017-117793,Accessories,0.595787362,Accessories,1.98
US-2017-117793,Labels,0.595787362,Labels,62.79
US-2017-117793,Storage,0.595787362,Storage,14.97
US-2017-118780,Paper,0.167502508,Paper,6.69
US-2017-118780,Storage,0.167502508,Storage,59.48
US-2017-119046,Binders,0.959879639,Binders,62.88
US-2017-119046,Paper,0.959879639,Paper,30.18
US-2017-119270,Paper,0.153460381,Paper,19.98
US-2017-119298,Phones,0.552657974,Phones,59.98
US-2017-120460,Furnishings,0.119358074,Furnishings,22.608
US-2017-120929,Tables,0.305917753,Tables,189.882
US-2017-121013,Labels,0.503510532,Labels,25.06
US-2017-121013,Tables,0.503510532,Tables,"1,652.94"
US-2017-122182,Accessories,0.670010030,Accessories,39.992
US-2017-122245,Tables,0.068204614,Tables,393.165
US-2017-123470,Appliances,0.033099298,Appliances,122.328
US-2017-123470,Binders,0.033099298,Binders,18.882
US-2017-123610,Accessories,0.029087262,Accessories,120
US-2017-123610,Appliances,0.029087262,Appliances,8.67
US-2017-123750,Accessories,0.025075226,Accessories,700.704
US-2017-123750,Binders,0.025075226,Binders,189.588
US-2017-123750,Storage,0.025075226,Storage,4.768
US-2017-124163,Accessories,0.413239719,Accessories,499.95
US-2017-124163,Art,0.413239719,Art,3.04
US-2017-124163,Chairs,0.413239719,Chairs,201.96
US-2017-124163,Furnishings,0.413239719,Furnishings,68.64
US-2017-125402,Art,0.577733200,Art,5.76
US-2017-125402,Chairs,0.577733200,Chairs,483.136
US-2017-125402,Copiers,0.577733200,Copiers,479.976
US-2017-125402,Labels,0.577733200,Labels,34.58
US-2017-125402,Paper,0.577733200,Paper,10.9
US-2017-125402,Phones,0.577733200,Phones,44.736
US-2017-125969,Chairs,0.161484453,Chairs,81.424
US-2017-125969,Furnishings,0.161484453,Furnishings,238.56
US-2017-126431,Accessories,0.748244734,Accessories,30.84
US-2017-126431,Labels,0.748244734,Labels,30.53
US-2017-126431,Paper,0.748244734,Paper,75.06
US-2017-126452,Accessories,0.547642929,Accessories,254.97
US-2017-126452,Binders,0.547642929,Binders,12.672
US-2017-126452,Paper,0.547642929,Paper,60.48
US-2017-126452,Phones,0.547642929,Phones,123.944
US-2017-126452,Tables,0.547642929,Tables,"2,887.056"
US-2017-126844,Furnishings,0.136409228,Furnishings,51.712
US-2017-126893,Phones,0.335005015,Phones,494.982
US-2017-127334,Appliances,0.122367101,Appliances,87.168
US-2017-127334,Tables,0.122367101,Tables,564.195
US-2017-127425,Accessories,0.919759278,Accessories,249.95
US-2017-127425,Phones,0.919759278,Phones,33
US-2017-127971,Chairs,0.704112337,Chairs,318.43
US-2017-127971,Furnishings,0.704112337,Furnishings,7.068
US-2017-127971,Phones,0.704112337,Phones,122.92
US-2017-128195,Binders,0.897693079,Binders,3.98
US-2017-128293,Storage,0.294884654,Storage,64.784
US-2017-128678,Binders,0.283851555,Binders,48.664
US-2017-128678,Paper,0.283851555,Paper,21.4
US-2017-128902,Tables,0.477432297,Tables,244.006
US-2017-128909,Furnishings,0.077231695,Furnishings,332.832
US-2017-128909,Paper,0.077231695,Paper,19.136
US-2017-129469,Art,0.061183551,Art,4.912
US-2017-129469,Furnishings,0.061183551,Furnishings,532.704
US-2017-131058,Labels,0.215646941,Labels,20.16
US-2017-131114,Accessories,0.014042126,Accessories,19.04
US-2017-131114,Appliances,0.014042126,Appliances,4.356
US-2017-131114,Supplies,0.014042126,Supplies,20.568
US-2017-131149,Art,0.013039117,Art,154.24
US-2017-131149,Storage,0.013039117,Storage,338.04
US-2017-131611,Accessories,0.599799398,Accessories,171.96
US-2017-131611,Binders,0.599799398,Binders,16.152
US-2017-131611,Bookcases,0.599799398,Bookcases,956.6648
US-2017-131611,Tables,0.599799398,Tables,863.128
US-2017-131674,Accessories,0.997993982,Accessories,58.416
US-2017-131891,Binders,0.591775326,Binders,2.214
US-2017-131912,Binders,0.391173521,Binders,11.744
US-2017-132423,Art,0.176529589,Art,33.488
US-2017-132423,Fasteners,0.176529589,Fasteners,8.04
US-2017-132577,Accessories,0.372116349,Accessories,24.032
US-2017-132577,Art,0.372116349,Art,23.616
US-2017-132577,Binders,0.372116349,Binders,10.704
US-2017-132577,Labels,0.372116349,Labels,2.088
US-2017-132857,Art,0.364092277,Art,6.672
US-2017-133508,Fasteners,0.145436309,Fasteners,29.05
US-2017-133879,Art,0.934804413,Art,13.392
US-2017-133879,Binders,0.934804413,Binders,3.168
US-2017-133879,Chairs,0.934804413,Chairs,528.43
US-2017-134369,Paper,0.920762287,Paper,12.96
US-2017-134488,Chairs,0.117352056,Chairs,155.372
US-2017-134656,Paper,0.512537613,Paper,99.136
US-2017-134761,Phones,0.509528586,Phones,36.192
US-2017-134908,Labels,0.105315948,Labels,7.56
US-2017-134908,Storage,0.105315948,Storage,124.608
US-2017-135209,Paper,0.896690070,Paper,62.752
US-2017-135720,Accessories,0.682046138,Accessories,119.8
US-2017-135720,Phones,0.682046138,Phones,300.768
US-2017-135720,Storage,0.682046138,Storage,243.384
US-2017-135923,Appliances,0.076228686,Appliances,64.864
US-2017-135923,Bookcases,0.076228686,Bookcases,451.136
US-2017-135923,Furnishings,0.076228686,Furnishings,14.272
US-2017-136581,Paper,0.457372116,Paper,31.104
US-2017-137295,Art,0.636910732,Art,47.616
US-2017-137295,Binders,0.636910732,Binders,30.828
US-2017-137295,Phones,0.636910732,Phones,108.784
US-2017-137547,Phones,0.229689067,Phones,21.072
US-2017-138408,Accessories,0.005015045,Accessories,"1,319.96"
US-2017-139087,Accessories,0.185556670,Accessories,428.4
US-2017-139087,Binders,0.185556670,Binders,12.816
US-2017-139087,Furnishings,0.185556670,Furnishings,37.17
US-2017-139087,Labels,0.185556670,Labels,87.71
US-2017-139087,Phones,0.185556670,Phones,20.784
US-2017-139087,Storage,0.185556670,Storage,69.52
US-2017-139262,Binders,0.180541625,Binders,38.622
US-2017-139262,Storage,0.180541625,Storage,432.456
US-2017-139388,Fasteners,0.976930792,Fasteners,14.96
US-2017-139486,Accessories,0.374122367,Accessories,66.26
US-2017-139486,Phones,0.374122367,Phones,55.176
US-2017-139710,Phones,0.567703109,Phones,177.48
US-2017-140158,Binders,0.954864594,Binders,30.4
US-2017-140158,Copiers,0.954864594,Copiers,"5,399.91"
US-2017-140158,Storage,0.954864594,Storage,119.1
US-2017-140172,Appliances,0.154463390,Appliances,207.144
US-2017-140172,Art,0.154463390,Art,13.9
US-2017-140809,Storage,0.736208626,Storage,56.45
US-2017-141264,Appliances,0.723169509,Appliances,58.924
US-2017-141264,Supplies,0.723169509,Supplies,185.376
US-2017-141544,Binders,0.715145436,Binders,37.764
US-2017-141544,Chairs,0.715145436,Chairs,786.744
US-2017-141544,Labels,0.715145436,Labels,100.24
US-2017-141544,Phones,0.715145436,Phones,290.898
US-2017-141544,Storage,0.715145436,Storage,54.224
US-2017-141880,Furnishings,0.505516550,Furnishings,98.328
US-2017-142251,Paper,0.294884654,Paper,32.064
US-2017-142685,Supplies,0.482447342,Supplies,835.17
US-2017-143280,Accessories,0.465396189,Accessories,36.24
US-2017-143280,Fasteners,0.465396189,Fasteners,10.65
US-2017-143280,Phones,0.465396189,Phones,445.96
US-2017-143448,Chairs,0.860581745,Chairs,"1,424.9"
US-2017-143819,Machines,0.649949850,Machines,"4,899.93"
US-2017-143819,Paper,0.649949850,Paper,26.38
US-2017-143819,Storage,0.649949850,Storage,362.92
US-2017-143819,Tables,0.649949850,Tables,836.592
US-2017-144057,Appliances,0.043129388,Appliances,48.784
US-2017-144057,Binders,0.043129388,Binders,31.712
US-2017-144057,Paper,0.043129388,Paper,76.64
US-2017-144057,Storage,0.043129388,Storage,856.656
US-2017-144211,Paper,0.238716148,Paper,15.48
US-2017-144211,Phones,0.238716148,Phones,108.576
US-2017-144351,Phones,0.234704112,Phones,89.97
US-2017-144393,Binders,0.833500502,Binders,17.616
US-2017-144477,Art,0.031093280,Art,37.312
US-2017-144547,Accessories,0.029087262,Accessories,279.944
US-2017-146066,Tables,0.185556670,Tables,815.292
US-2017-146570,Art,0.371113340,Art,100.3
US-2017-146570,Binders,0.371113340,Binders,511.84
US-2017-146710,Paper,0.367101304,Paper,8.152
US-2017-146710,Supplies,0.367101304,Supplies,106.688
US-2017-146794,Bookcases,0.564694082,Bookcases,424.9575
US-2017-146857,Appliances,0.962888666,Appliances,54.48
US-2017-147340,Furnishings,0.349047141,Furnishings,63.2
US-2017-147711,Binders,0.138415246,Binders,12.76
US-2017-147711,Bookcases,0.138415246,Bookcases,344.94
US-2017-147711,Furnishings,0.138415246,Furnishings,14.76
US-2017-147711,Labels,0.138415246,Labels,58.48
US-2017-147991,Furnishings,0.130391174,Furnishings,16.72
US-2017-148110,Chairs,0.326980943,Chairs,347.802
US-2017-148334,Binders,0.520561685,Binders,4.312
US-2017-148803,Storage,0.707121364,Storage,85.224
US-2017-148901,Art,0.104312939,Art,4.768
US-2017-148901,Binders,0.104312939,Binders,81.354
US-2017-148901,Furnishings,0.104312939,Furnishings,30.192
US-2017-148901,Paper,0.104312939,Paper,31.104
US-2017-148901,Phones,0.104312939,Phones,43.6
US-2017-148957,Labels,0.902708124,Labels,12.32
US-2017-149790,Binders,0.278836510,Binders,15.624
US-2017-150035,Furnishings,0.271815446,Furnishings,16.74
US-2017-150140,Phones,0.268806419,Phones,"1,294.75"
US-2017-150147,Binders,0.868605817,Binders,25.62
US-2017-150147,Phones,0.868605817,Phones,82.8
US-2017-150357,Binders,0.862587763,Binders,4.095
US-2017-150357,Supplies,0.862587763,Supplies,20.608
US-2017-150567,Binders,0.856569709,Binders,29.97
US-2017-150861,Chairs,0.048144433,Chairs,542.646
US-2017-150861,Labels,0.048144433,Labels,6.3
US-2017-150861,Paper,0.048144433,Paper,182.72
US-2017-150861,Storage,0.048144433,Storage,33.63
US-2017-150861,Tables,0.048144433,Tables,400.032
US-2017-151260,Appliances,0.236710130,Appliances,73.536
US-2017-151827,Accessories,0.820461384,Accessories,31.984
US-2017-151827,Phones,0.820461384,Phones,280.782
US-2017-151862,Phones,0.819458375,Phones,159.984
US-2017-152051,Binders,0.014042126,Binders,38.088
US-2017-152051,Chairs,0.014042126,Chairs,422.058
US-2017-152051,Storage,0.014042126,Storage,254.352
US-2017-152373,Storage,0.604814443,Storage,93.456
US-2017-152415,Furnishings,0.203610832,Furnishings,206.64
US-2017-152835,Art,0.191574724,Art,21.4
US-2017-153129,Paper,0.383149448,Paper,33.9
US-2017-153815,Chairs,0.163490471,Chairs,207.984
US-2017-153815,Furnishings,0.163490471,Furnishings,35.568
US-2017-153815,Paper,0.163490471,Paper,124.88
US-2017-154256,Labels,0.950852558,Labels,25.83
US-2017-154361,Furnishings,0.947843531,Furnishings,21.88
US-2017-155103,Binders,0.526579739,Binders,450.408
US-2017-155103,Paper,0.526579739,Paper,54.96
US-2017-155173,Binders,0.524573721,Binders,2.043
US-2017-155173,Phones,0.524573721,Phones,500.178
US-2017-155180,Binders,0.124373119,Binders,26.336
US-2017-155404,Furnishings,0.317953862,Furnishings,13.28
US-2017-155768,Envelopes,0.507522568,Envelopes,22.92
US-2017-155768,Furnishings,0.507522568,Furnishings,31.96
US-2017-155768,Paper,0.507522568,Paper,47.9
US-2017-155768,Storage,0.507522568,Storage,"1,112.94"
US-2017-155971,Labels,0.901705115,Labels,22.05
US-2017-155971,Paper,0.901705115,Paper,99.9
US-2017-156097,Binders,0.698094283,Binders,2.308
US-2017-156097,Chairs,0.698094283,Chairs,701.372
US-2017-156692,Accessories,0.681043129,Accessories,71.98
US-2017-156692,Appliances,0.681043129,Appliances,17.34
US-2017-156986,Binders,0.872617854,Binders,16.821
US-2017-156986,Paper,0.872617854,Paper,31.104
US-2017-156986,Phones,0.872617854,Phones,84.784
US-2017-157308,Binders,0.463390171,Binders,15.712
US-2017-157490,Accessories,0.058174524,Accessories,67.96
US-2017-157490,Binders,0.058174524,Binders,29.88
US-2017-157490,Machines,0.058174524,Machines,703.71
US-2017-157728,Paper,0.451354062,Paper,35.56
US-2017-157728,Phones,0.451354062,Phones,97.98
US-2017-157840,Paper,0.048144433,Paper,33.9
US-2017-157945,Chairs,0.045135406,Chairs,747.558
US-2017-157945,Envelopes,0.045135406,Envelopes,8.928
US-2017-158288,Binders,0.435305918,Binders,78.759
US-2017-158309,Binders,0.234704112,Binders,3.744
US-2017-158680,Binders,0.024072217,Binders,2.496
US-2017-158708,Accessories,0.423269809,Accessories,13.616
US-2017-159093,Paper,0.412236710,Paper,32.04
US-2017-159415,Furnishings,0.003009027,Furnishings,79.12
US-2017-159856,Chairs,0.790371113,Chairs,307.92
US-2017-160206,Phones,0.780341023,Phones,12.99
US-2017-160528,Accessories,0.371113340,Accessories,666.4
US-2017-160528,Furnishings,0.371113340,Furnishings,22.608
US-2017-160528,Storage,0.371113340,Storage,727.296
US-2017-161396,Paper,0.746238716,Paper,419.4
US-2017-161396,Tables,0.746238716,Tables,205.176
US-2017-161683,Appliances,0.338014042,Appliances,394.816
US-2017-161683,Binders,0.338014042,Binders,18.192
US-2017-161844,Binders,0.133400201,Binders,2.946
US-2017-161844,Tables,0.133400201,Tables,79.974
US-2017-162026,Paper,0.728184554,Paper,61.96
US-2017-162103,Binders,0.325977934,Binders,3.136
US-2017-162677,Accessories,0.509528586,Accessories,119.976
US-2017-162677,Storage,0.509528586,Storage,67.64
US-2017-162852,Chairs,0.504513541,Chairs,845.488
US-2017-162859,Binders,0.104312939,Binders,398.352
US-2017-162859,Fasteners,0.104312939,Fasteners,8.72
US-2017-163258,Binders,0.292878636,Binders,11.232
US-2017-163461,Paper,0.687061184,Paper,76.864
US-2017-163538,Accessories,0.284854564,Accessories,47.97
US-2017-163881,Accessories,0.675025075,Accessories,"1,219.82"
US-2017-163881,Chairs,0.675025075,Chairs,"1,684.752"
US-2017-164189,Phones,0.066198596,Phones,403.168
US-2017-164196,Tables,0.665997994,Tables,"2,678.94"
US-2017-164588,Art,0.254764293,Art,12.84
US-2017-164630,Copiers,0.853560682,Copiers,959.968
US-2017-164945,Binders,0.844533601,Binders,134.272
US-2017-165078,Art,0.240722166,Art,39.68
US-2017-165078,Binders,0.240722166,Binders,104.9
US-2017-165078,Labels,0.240722166,Labels,51.75
US-2017-165505,Accessories,0.828485456,Accessories,99.98
US-2017-165505,Art,0.828485456,Art,8.04
US-2017-165505,Storage,0.828485456,Storage,"1,564.29"
US-2017-165953,Art,0.215646941,Art,47.616
US-2017-165953,Paper,0.215646941,Paper,23.48
US-2017-166660,Bookcases,0.795386158,Bookcases,48.58
US-2017-166660,Chairs,0.795386158,Chairs,435.168
US-2017-167339,Chairs,0.975927783,Chairs,"1,167.056"
US-2017-167472,Accessories,0.372116349,Accessories,530.16
US-2017-167472,Binders,0.372116349,Binders,75.81
US-2017-167472,Paper,0.372116349,Paper,72.9
US-2017-168095,Chairs,0.754262788,Chairs,230.28
US-2017-168095,Paper,0.754262788,Paper,105.52
US-2017-168410,Furnishings,0.745235707,Furnishings,68.95
US-2017-168410,Phones,0.745235707,Phones,39.98
US-2017-168410,Storage,0.745235707,Storage,296.37
US-2017-168620,Accessories,0.739217653,Accessories,255.68
US-2017-168620,Binders,0.739217653,Binders,27.882
US-2017-168620,Storage,0.739217653,Storage,540.048
US-2017-169040,Binders,0.727181545,Binders,107.016
US-2017-169040,Envelopes,0.727181545,Envelopes,35.89
US-2017-169040,Paper,0.727181545,Paper,437.78
US-2017-169040,Phones,0.727181545,Phones,588.768
US-2017-169369,Accessories,0.917753260,Accessories,249.95
US-2017-169369,Paper,0.917753260,Paper,49.12
US-2018-100048,Accessories,0.104312939,Accessories,299.97
US-2018-100048,Appliances,0.104312939,Appliances,281.34
US-2018-100048,Phones,0.104312939,Phones,307.98
US-2018-100209,Binders,0.899699097,Binders,1.08
US-2018-100398,Binders,0.094282849,Binders,102.72
US-2018-100482,Accessories,0.291875627,Accessories,27.12
US-2018-100482,Storage,0.291875627,Storage,16.768
US-2018-100930,Accessories,0.679037111,Accessories,617.976
US-2018-100930,Binders,0.679037111,Binders,5.328
US-2018-100930,Furnishings,0.679037111,Furnishings,258.072
US-2018-100930,Tables,0.679037111,Tables,854.4745
US-2018-101518,Accessories,0.062186560,Accessories,40.776
US-2018-101539,Paper,0.861584754,Paper,6.48
US-2018-101539,Phones,0.861584754,Phones,659.976
US-2018-101539,Storage,0.861584754,Storage,46.51
US-2018-101721,Paper,0.456369107,Paper,63.312
US-2018-101784,Chairs,0.854563691,Chairs,122.136
US-2018-101840,Binders,0.652958877,Binders,46.24
US-2018-101840,Phones,0.652958877,Phones,227.46
US-2018-102183,Binders,0.043129388,Binders,"4,337.64"
US-2018-102288,Appliances,0.040120361,Appliances,2.708
US-2018-102288,Paper,0.040120361,Paper,146.176
US-2018-102638,Fasteners,0.030090271,Fasteners,6.03
US-2018-102890,Tables,0.622868606,Tables,"1,044.63"
US-2018-102904,Accessories,0.822467402,Accessories,239.92
US-2018-103226,Paper,0.413239719,Paper,27.18
US-2018-103247,Binders,0.212637914,Binders,75.792
US-2018-103247,Phones,0.212637914,Phones,160.93
US-2018-103814,Paper,0.796389168,Paper,143.856
US-2018-103828,Appliances,0.995987964,Appliances,83.79
US-2018-103828,Art,0.995987964,Art,59.52
US-2018-103828,Storage,0.995987964,Storage,31.44
US-2018-103828,Supplies,0.995987964,Supplies,31.92
US-2018-104094,Accessories,0.788365095,Accessories,13.48
US-2018-104437,Phones,0.178535607,Phones,137.94
US-2018-104451,Appliances,0.378134403,Appliances,81.08
US-2018-104661,Accessories,0.372116349,Accessories,110.576
US-2018-104661,Binders,0.372116349,Binders,37.06
US-2018-104955,Labels,0.563691073,Labels,28.91
US-2018-105046,Furnishings,0.361083250,Furnishings,39.08
US-2018-105046,Paper,0.361083250,Paper,99.9
US-2018-105046,Phones,0.361083250,Phones,269.98
US-2018-105389,Art,0.751253761,Art,10.272
US-2018-105389,Binders,0.751253761,Binders,3.564
US-2018-105389,Phones,0.751253761,Phones,823.96
US-2018-105697,Storage,0.142427282,Storage,25.696
US-2018-105935,Furnishings,0.535606820,Furnishings,62.72
US-2018-105935,Phones,0.535606820,Phones,"2,939.93"
US-2018-105998,Accessories,0.933801404,Accessories,199.75
US-2018-105998,Tables,0.933801404,Tables,"1,673.184"
US-2018-106131,Accessories,0.329989970,Accessories,169.064
US-2018-106131,Storage,0.329989970,Storage,168.624
US-2018-106145,Binders,0.529588766,Binders,948.216
US-2018-106145,Envelopes,0.529588766,Envelopes,71.88
US-2018-106145,Furnishings,0.529588766,Furnishings,9.24
US-2018-106145,Paper,0.529588766,Paper,35.88
US-2018-106551,Chairs,0.317953862,Chairs,526.344
US-2018-106579,Binders,0.717151454,Binders,12.176
US-2018-106663,Furnishings,0.914744233,Furnishings,23.976
US-2018-106663,Paper,0.914744233,Paper,36.352
US-2018-106663,Tables,0.914744233,Tables,108.925
US-2018-106705,Paper,0.513540622,Paper,44.75
US-2018-106796,Art,0.310932798,Art,10.272
US-2018-107272,Binders,0.097291876,Binders,2.388
US-2018-107272,Storage,0.097291876,Storage,243.992
US-2018-107384,Accessories,0.694082247,Accessories,542.75
US-2018-107384,Art,0.694082247,Art,8.8
US-2018-107636,Labels,0.286860582,Labels,5.76
US-2018-107888,Furnishings,0.879638917,Furnishings,139.92
US-2018-107888,Paper,0.879638917,Paper,73.68
US-2018-107888,Phones,0.879638917,Phones,107.88
US-2018-107888,Storage,0.879638917,Storage,33.29
US-2018-107979,Accessories,0.677031093,Accessories,89.544
US-2018-107979,Binders,0.677031093,Binders,72.588
US-2018-107979,Storage,0.677031093,Storage,35.168
US-2018-108014,Binders,0.676028084,Binders,59.913
US-2018-108063,Art,0.874623872,Art,34.65
US-2018-108245,Binders,0.469408225,Binders,11.228
US-2018-108245,Envelopes,0.469408225,Envelopes,13.392
US-2018-108315,Binders,0.467402207,Binders,4.842
US-2018-108315,Furnishings,0.467402207,Furnishings,220.704
US-2018-108343,Chairs,0.866599799,Chairs,163.764
US-2018-108343,Furnishings,0.866599799,Furnishings,183.92
US-2018-108343,Paper,0.866599799,Paper,13.36
US-2018-108700,Paper,0.456369107,Paper,38.016
US-2018-109253,Appliances,0.840521565,Appliances,203.52
US-2018-109253,Art,0.840521565,Art,17.12
US-2018-109253,Binders,0.840521565,Binders,117.144
US-2018-109253,Furnishings,0.840521565,Furnishings,129.92
US-2018-109253,Labels,0.840521565,Labels,51.75
US-2018-109253,Phones,0.840521565,Phones,431.968
US-2018-109253,Tables,0.840521565,Tables,568.728
US-2018-109316,Bookcases,0.238716148,Bookcases,"1,497.666"
US-2018-109316,Phones,0.238716148,Phones,17.52
US-2018-109484,Binders,0.633901705,Binders,5.682
US-2018-109582,Paper,0.031093280,Paper,166.44
US-2018-109610,Chairs,0.430290873,Chairs,701.96
US-2018-110149,Binders,0.614844534,Binders,3.273
US-2018-110149,Furnishings,0.614844534,Furnishings,87.92
US-2018-110576,Furnishings,0.202607823,Furnishings,"1,523.72"
US-2018-110576,Paper,0.202607823,Paper,40.896
US-2018-110576,Tables,0.202607823,Tables,"2,065.32"
US-2018-110604,Chairs,0.601805416,Chairs,263.584
US-2018-110604,Furnishings,0.601805416,Furnishings,39.96
US-2018-110646,Binders,0.200601805,Binders,33.282
US-2018-110646,Labels,0.200601805,Labels,14.76
US-2018-110646,Phones,0.200601805,Phones,118.65
US-2018-110989,Accessories,0.590772317,Accessories,43.5
US-2018-110996,Chairs,0.190571715,Chairs,283.92
US-2018-111024,Paper,0.589769308,Paper,63.856
US-2018-111024,Tables,0.589769308,Tables,215.148
US-2018-111241,Binders,0.183550652,Binders,239.12
US-2018-111423,Binders,0.778335005,Binders,895.92
US-2018-111423,Chairs,0.778335005,Chairs,462.564
US-2018-111745,Accessories,0.369107322,Accessories,159.99
US-2018-111920,Art,0.364092277,Art,36.44
US-2018-112347,Binders,0.951855567,Binders,36.624
US-2018-112347,Bookcases,0.951855567,Bookcases,242.352
US-2018-112347,Chairs,0.951855567,Chairs,906.68
US-2018-112347,Furnishings,0.951855567,Furnishings,508.704
US-2018-112347,Phones,0.951855567,Phones,106.976
US-2018-112347,Storage,0.951855567,Storage,114.288
US-2018-112613,Phones,0.744232698,Phones,54.368
US-2018-112928,Appliances,0.735205617,Appliances,17.48
US-2018-113201,Paper,0.127382146,Paper,204.95
US-2018-113852,Accessories,0.908726179,Accessories,90.57
US-2018-113992,Tables,0.904714142,Tables,974.988
US-2018-114034,Paper,0.503510532,Paper,38.88
US-2018-114356,Phones,0.094282849,Phones,35.96
US-2018-114657,Machines,0.885656971,Machines,52.44
US-2018-115252,Paper,0.868605817,Paper,14.352
US-2018-115252,Phones,0.868605817,Phones,15.984
US-2018-115301,Bookcases,0.067201605,Bookcases,115.96
US-2018-115595,Paper,0.258776329,Paper,35.2
US-2018-115609,Appliances,0.458375125,Appliances,168.1
US-2018-116491,Phones,0.033099298,Phones,35.184
US-2018-116505,Binders,0.232698094,Binders,43.8
US-2018-116652,Appliances,0.828485456,Appliances,108.96
US-2018-116652,Art,0.828485456,Art,99.3
US-2018-116652,Binders,0.828485456,Binders,2.688
US-2018-116652,Chairs,0.828485456,Chairs,218.352
US-2018-116652,Furnishings,0.828485456,Furnishings,529.9
US-2018-116659,Phones,0.428284855,Phones,370.782
US-2018-116701,Appliances,0.027081244,Appliances,66.284
US-2018-116897,Furnishings,0.821464393,Furnishings,35
US-2018-116897,Phones,0.821464393,Phones,302.376
US-2018-116897,Storage,0.821464393,Storage,477.15
US-2018-117247,Tables,0.811434303,Tables,719.095
US-2018-117331,Binders,0.009027081,Binders,8.559
US-2018-117450,Chairs,0.205616851,Chairs,97.184
US-2018-117450,Paper,0.205616851,Paper,10.368
US-2018-117534,Appliances,0.403209629,Appliances,176.04
US-2018-117534,Art,0.403209629,Art,16.02
US-2018-117534,Binders,0.403209629,Binders,185.92
US-2018-117534,Copiers,0.403209629,Copiers,479.984
US-2018-117534,Phones,0.403209629,Phones,211.168
US-2018-117723,Storage,0.597793380,Storage,"1,801.632"
US-2018-118038,Binders,0.588766299,Binders,1.248
US-2018-118038,Furnishings,0.588766299,Furnishings,9.708
US-2018-118038,Storage,0.588766299,Storage,27.24
US-2018-118087,Accessories,0.787362086,Accessories,354.576
US-2018-118087,Art,0.787362086,Art,4.672
US-2018-118087,Binders,0.787362086,Binders,7.539
US-2018-118087,Chairs,0.787362086,Chairs,141.372
US-2018-118087,Furnishings,0.787362086,Furnishings,17.024
US-2018-118087,Phones,0.787362086,Phones,"1,931.958"
US-2018-118157,Envelopes,0.785356068,Envelopes,15.28
US-2018-118535,Labels,0.174523571,Labels,20.7
US-2018-118556,Binders,0.973921765,Binders,3.564
US-2018-118556,Chairs,0.973921765,Chairs,106.869
US-2018-118598,Phones,0.572718154,Phones,119.94
US-2018-118941,Art,0.962888666,Art,237.42
US-2018-118941,Chairs,0.962888666,Chairs,"1,779.9"
US-2018-119039,Binders,0.360080241,Binders,14.976
US-2018-119319,Furnishings,0.352056169,Furnishings,30.56
US-2018-119438,Accessories,0.548645938,Accessories,27.816
US-2018-119438,Appliances,0.548645938,Appliances,2.688
US-2018-119438,Binders,0.548645938,Binders,182.994
US-2018-119438,Furnishings,0.548645938,Furnishings,82.524
US-2018-119662,Storage,0.742226680,Storage,230.376
US-2018-119816,Furnishings,0.937813440,Furnishings,103.5
US-2018-119816,Labels,0.937813440,Labels,2.464
US-2018-119816,Storage,0.937813440,Storage,8.72
US-2018-120089,Appliances,0.329989970,Appliances,663.936
US-2018-120147,Art,0.014042126,Art,6.08
US-2018-120147,Phones,0.014042126,Phones,164.792
US-2018-120390,Binders,0.121364092,Binders,"1,633.188"
US-2018-120418,Art,0.520561685,Art,103.912
US-2018-120418,Chairs,0.520561685,Chairs,280.792
US-2018-120418,Storage,0.520561685,Storage,284.04
US-2018-120607,Paper,0.715145436,Paper,195.64
US-2018-120649,Art,0.313941825,Art,3.52
US-2018-120908,Labels,0.506519559,Labels,20.664
US-2018-121251,Bookcases,0.896690070,Bookcases,257.568
US-2018-121251,Phones,0.896690070,Phones,119.96
US-2018-122637,Binders,0.656970913,Binders,42.616
US-2018-122672,Accessories,0.655967904,Accessories,70.72
US-2018-122672,Storage,0.655967904,Storage,194.352
US-2018-122714,Binders,0.254764293,Binders,"1,889.99"
US-2018-123204,Appliances,0.240722166,Appliances,17.48
US-2018-123281,Furnishings,0.838515547,Furnishings,25.11
US-2018-123463,Art,0.433299900,Art,13.48
US-2018-123834,Tables,0.222668004,Tables,124.404
US-2018-123862,Fasteners,0.621865597,Fasteners,7.89
US-2018-123862,Storage,0.621865597,Storage,214.8
US-2018-123862,Supplies,0.621865597,Supplies,110.11
US-2018-124303,Binders,0.409227683,Binders,2.946
US-2018-124303,Paper,0.409227683,Paper,16.056
US-2018-124779,Binders,0.195586760,Binders,42.616
US-2018-124779,Chairs,0.195586760,Chairs,213.43
US-2018-124779,Copiers,0.195586760,Copiers,319.984
US-2018-124779,Fasteners,0.195586760,Fasteners,45.92
US-2018-124779,Furnishings,0.195586760,Furnishings,21.184
US-2018-124779,Paper,0.195586760,Paper,20.736
US-2018-124821,Tables,0.794383149,Tables,871.4
US-2018-124926,Appliances,0.791374122,Appliances,9.324
US-2018-124968,Tables,0.390170512,Tables,765.625
US-2018-125213,Fasteners,0.383149448,Fasteners,6.54
US-2018-125647,Appliances,0.570712136,Appliances,73.176
US-2018-125647,Paper,0.570712136,Paper,20.736
US-2018-125647,Phones,0.570712136,Phones,39.984
US-2018-125717,Accessories,0.568706118,Accessories,54.384
US-2018-125717,Appliances,0.568706118,Appliances,209.792
US-2018-125717,Binders,0.568706118,Binders,76.776
US-2018-125717,Furnishings,0.568706118,Furnishings,32.776
US-2018-125717,Paper,0.568706118,Paper,14.352
US-2018-125717,Storage,0.568706118,Storage,147.184
US-2018-125808,Paper,0.366098295,Paper,11.56
US-2018-126053,Furnishings,0.359077232,Furnishings,41.96
US-2018-126053,Labels,0.359077232,Labels,9.45
US-2018-126060,Bookcases,0.958876630,Bookcases,198.272
US-2018-126081,Paper,0.758274824,Paper,5.184
US-2018-126179,Furnishings,0.155466399,Furnishings,23.99
US-2018-126179,Phones,0.155466399,Phones,287.97
US-2018-127292,Appliances,0.523570712,Appliances,542.94
US-2018-127292,Envelopes,0.523570712,Envelopes,2.04
US-2018-127292,Paper,0.523570712,Paper,92.2
US-2018-127341,Binders,0.722166499,Binders,12.128
US-2018-127719,Paper,0.111334002,Paper,6.48
US-2018-128118,Binders,0.299899699,Binders,11.673
US-2018-128118,Envelopes,0.299899699,Envelopes,64.848
US-2018-128398,Accessories,0.291875627,Accessories,159.56
US-2018-128447,Appliances,0.490471414,Appliances,400.8
US-2018-128447,Binders,0.490471414,Binders,28.792
US-2018-128832,Accessories,0.479438315,Accessories,69.98
US-2018-128951,Appliances,0.676028084,Appliances,179.94
US-2018-128951,Paper,0.676028084,Paper,12.96
US-2018-128951,Tables,0.676028084,Tables,872.94
US-2018-129203,Storage,0.268806419,Storage,195.136
US-2018-129224,Labels,0.068204614,Labels,4.608
US-2018-129441,Furnishings,0.661985958,Furnishings,47.94
US-2018-129777,Accessories,0.452357071,Accessories,258.9
US-2018-129777,Paper,0.452357071,Paper,24.56
US-2018-130603,Binders,0.228686058,Binders,11.646
US-2018-130687,Art,0.426278837,Art,25.98
US-2018-130687,Furnishings,0.426278837,Furnishings,80.96
US-2018-130687,Phones,0.426278837,Phones,455.712
US-2018-130953,Appliances,0.218655968,Appliances,137.62
US-2018-130953,Binders,0.218655968,Binders,33.48
US-2018-130953,Chairs,0.218655968,Chairs,302.67
US-2018-130953,Phones,0.218655968,Phones,461.97
US-2018-131583,Paper,0.200601805,Paper,40.032
US-2018-131849,Furnishings,0.992978937,Furnishings,4.95
US-2018-131849,Storage,0.992978937,Storage,26.4
US-2018-131961,Art,0.589769308,Art,13.248
US-2018-131961,Phones,0.589769308,Phones,83.988
US-2018-132031,Accessories,0.587763290,Accessories,45.408
US-2018-132031,Bookcases,0.587763290,Bookcases,387.136
US-2018-132031,Furnishings,0.587763290,Furnishings,77.952
US-2018-132031,Labels,0.587763290,Labels,3
US-2018-132059,Accessories,0.986960883,Accessories,47.984
US-2018-132059,Bookcases,0.986960883,Bookcases,180.588
US-2018-132206,Binders,0.582748245,Binders,5.936
US-2018-132220,Accessories,0.782347041,Accessories,62.352
US-2018-132297,Binders,0.380140421,Binders,58.34
US-2018-132297,Phones,0.380140421,Phones,539.97
US-2018-132381,Tables,0.577733200,Tables,314.532
US-2018-132444,Accessories,0.975927783,Accessories,132.52
US-2018-132444,Binders,0.975927783,Binders,8.448
US-2018-132444,Fasteners,0.975927783,Fasteners,2.96
US-2018-132444,Storage,0.975927783,Storage,265.62
US-2018-132675,Art,0.769307924,Art,27
US-2018-132675,Labels,0.769307924,Labels,15.75
US-2018-132675,Phones,0.769307924,Phones,89.9
US-2018-132675,Storage,0.769307924,Storage,15.51
US-2018-132927,Binders,0.362086259,Binders,11.088
US-2018-133081,Accessories,0.557673019,Accessories,63.88
US-2018-133081,Furnishings,0.557673019,Furnishings,26.72
US-2018-133200,Binders,0.754262788,Binders,11.06
US-2018-133200,Bookcases,0.754262788,Bookcases,623.4648
US-2018-133200,Storage,0.754262788,Storage,772.68
US-2018-133312,Bookcases,0.351053159,Bookcases,359.499
US-2018-133312,Storage,0.351053159,Storage,10.48
US-2018-133361,Accessories,0.549648947,Accessories,89.97
US-2018-133361,Art,0.549648947,Art,55.66
US-2018-133361,Chairs,0.549648947,Chairs,261.96
US-2018-133361,Labels,0.549648947,Labels,74
US-2018-133781,Envelopes,0.537612839,Envelopes,37.608
US-2018-134481,Tables,0.517552658,Tables,"1,488.424"
US-2018-134642,Bookcases,0.312938816,Bookcases,231.92
US-2018-134642,Chairs,0.312938816,Chairs,196.784
US-2018-135013,Copiers,0.102306921,Copiers,"2,399.96"
US-2018-135062,Paper,0.300902708,Paper,229.544
US-2018-135230,Art,0.696088265,Art,7.58
US-2018-135503,Furnishings,0.088264794,Furnishings,14.76
US-2018-135986,Paper,0.474423270,Paper,32.4
US-2018-135986,Phones,0.474423270,Phones,503.96
US-2018-136189,Furnishings,0.868605817,Furnishings,82.38
US-2018-136679,Accessories,0.854563691,Accessories,167.952
US-2018-136679,Art,0.854563691,Art,45.04
US-2018-136707,Binders,0.253761284,Binders,14.016
US-2018-136721,Furnishings,0.453360080,Furnishings,580.86
US-2018-136784,Paper,0.851554664,Paper,163.96
US-2018-136868,Accessories,0.049147442,Accessories,319.96
US-2018-136868,Paper,0.049147442,Paper,17.04
US-2018-136868,Storage,0.049147442,Storage,344.91
US-2018-137491,Chairs,0.431293882,Chairs,305.312
US-2018-138086,Appliances,0.414242728,Appliances,40.74
US-2018-139465,Binders,0.574724173,Binders,37.008
US-2018-139465,Phones,0.574724173,Phones,347.97
US-2018-139465,Storage,0.574724173,Storage,63.84
US-2018-139577,Accessories,0.171514544,Accessories,104.75
US-2018-139647,Bookcases,0.169508526,Bookcases,209.979
US-2018-139955,Supplies,0.560682046,Supplies,1.744
US-2018-139969,Chairs,0.760280843,Chairs,233.058
US-2018-140074,Paper,0.757271815,Paper,25.68
US-2018-140312,Phones,0.150451354,Phones,22
US-2018-140907,Accessories,0.133400201,Accessories,49.08
US-2018-140907,Art,0.133400201,Art,18.24
US-2018-140907,Storage,0.133400201,Storage,324.9
US-2018-141509,Art,0.716148445,Art,99.2
US-2018-141558,Binders,0.914744233,Binders,12.294
US-2018-141558,Phones,0.914744233,Phones,776.85
US-2018-141558,Storage,0.914744233,Storage,43.28
US-2018-141558,Tables,0.914744233,Tables,154.764
US-2018-141677,Accessories,0.111334002,Accessories,143.96
US-2018-141677,Appliances,0.111334002,Appliances,87.168
US-2018-141677,Copiers,0.111334002,Copiers,"2,399.96"
US-2018-141677,Paper,0.111334002,Paper,74.352
US-2018-141677,Storage,0.111334002,Storage,32.232
US-2018-141698,Paper,0.910732197,Paper,20.736
US-2018-141852,Furnishings,0.106318957,Furnishings,47.12
US-2018-141943,Envelopes,0.903711133,Envelopes,23.16
US-2018-142188,Binders,0.896690070,Binders,"1,471.96"
US-2018-142188,Chairs,0.896690070,Chairs,177.568
US-2018-142188,Paper,0.896690070,Paper,90.72
US-2018-142188,Phones,0.896690070,Phones,79.96
US-2018-142573,Binders,0.885656971,Binders,7.656
US-2018-142573,Chairs,0.885656971,Chairs,473.544
US-2018-142573,Paper,0.885656971,Paper,16.096
US-2018-142573,Tables,0.885656971,Tables,801.6
US-2018-143028,Binders,0.872617854,Binders,11.364
US-2018-143175,Storage,0.468405216,Storage,99.87
US-2018-143770,Accessories,0.451354062,Accessories,238
US-2018-143770,Paper,0.451354062,Paper,61.96
US-2018-144582,Binders,0.028084253,Binders,43.372
US-2018-145366,Envelopes,0.205616851,Envelopes,57.576
US-2018-145366,Storage,0.205616851,Storage,37.208
US-2018-145597,Art,0.998996991,Art,54.336
US-2018-145863,Binders,0.791374122,Binders,5.628
US-2018-146213,Accessories,0.781344032,Accessories,159.96
US-2018-146416,Binders,0.175526580,Binders,20.928
US-2018-146416,Labels,0.175526580,Labels,3.75
US-2018-146822,Paper,0.963891675,Paper,49.12
US-2018-146878,Binders,0.762286861,Binders,12.294
US-2018-146906,Phones,0.161484453,Phones,299.9
US-2018-147221,Appliances,0.152457372,Appliances,294.62
US-2018-147221,Furnishings,0.152457372,Furnishings,8.752
US-2018-147655,Binders,0.340020060,Binders,88.074
US-2018-147669,Accessories,0.539618857,Accessories,158.928
US-2018-147669,Binders,0.539618857,Binders,13.023
US-2018-147669,Fasteners,0.539618857,Fasteners,39.312
US-2018-147669,Tables,0.539618857,Tables,273.06
US-2018-147886,Furnishings,0.133400201,Furnishings,48.04
US-2018-147886,Machines,0.133400201,Machines,532.72
US-2018-147886,Paper,0.133400201,Paper,59.72
US-2018-147886,Storage,0.133400201,Storage,795.48
US-2018-147984,Paper,0.530591775,Paper,279.9
US-2018-147998,Binders,0.730190572,Binders,133.12
US-2018-148054,Appliances,0.528585757,Appliances,227.84
US-2018-148054,Furnishings,0.528585757,Furnishings,41.96
US-2018-148054,Paper,0.528585757,Paper,37.94
US-2018-148362,Binders,0.919759278,Binders,169.99
US-2018-148362,Paper,0.919759278,Paper,25.92
US-2018-148362,Storage,0.919759278,Storage,443.92
US-2018-148551,Binders,0.114343029,Binders,760.98
US-2018-148768,Phones,0.708124373,Phones,71.976
US-2018-148831,Storage,0.106318957,Storage,348.56
US-2018-148866,Paper,0.105315948,Paper,32.4
US-2018-149006,Storage,0.101303912,Storage,10.68
US-2018-149510,Appliances,0.286860582,Appliances,45.216
US-2018-149510,Binders,0.286860582,Binders,28.782
US-2018-149510,Paper,0.286860582,Paper,24.448
US-2018-150070,Chairs,0.270812437,Chairs,161.568
US-2018-150595,Binders,0.255767302,Binders,1.592
US-2018-150595,Chairs,0.255767302,Chairs,181.986
US-2018-150595,Supplies,0.255767302,Supplies,22.344
US-2018-150847,Paper,0.848545637,Paper,10.368
US-2018-151127,Art,0.840521565,Art,49.56
US-2018-151316,Binders,0.035105316,Binders,182.994
US-2018-151316,Paper,0.035105316,Paper,10.272
US-2018-152002,Paper,0.815446339,Paper,122.97
US-2018-152366,Appliances,0.005015045,Appliances,97.264
US-2018-152380,Tables,0.204613842,Tables,219.075
US-2018-152492,Chairs,0.801404213,Chairs,239.24
US-2018-152569,Paper,0.399197593,Paper,56.704
US-2018-152569,Phones,0.399197593,Phones,11.12
US-2018-152842,Chairs,0.791374122,Chairs,242.352
US-2018-152898,Appliances,0.589769308,Appliances,67.9
US-2018-153255,Bookcases,0.179538616,Bookcases,239.666
US-2018-153633,Art,0.568706118,Art,2.064
US-2018-153948,Accessories,0.559679037,Accessories,16.95
US-2018-153948,Labels,0.559679037,Labels,41.4
US-2018-153948,Paper,0.559679037,Paper,131.7
US-2018-154851,Binders,0.933801404,Binders,5.715
US-2018-154872,Binders,0.733199599,Binders,58.17
US-2018-154872,Labels,0.733199599,Labels,5.04
US-2018-154872,Paper,0.733199599,Paper,24.784
US-2018-155299,Appliances,0.320962889,Appliances,1.624
US-2018-155425,Accessories,0.117352056,Accessories,239.952
US-2018-155425,Binders,0.117352056,Binders,38.388
US-2018-155425,Chairs,0.117352056,Chairs,899.136
US-2018-155425,Machines,0.117352056,Machines,95.994
US-2018-155425,Phones,0.117352056,Phones,201.584
US-2018-155866,Furnishings,0.904714142,Furnishings,187.76
US-2018-155866,Paper,0.904714142,Paper,38.88
US-2018-155999,Binders,0.300902708,Binders,13.76
US-2018-155999,Phones,0.300902708,Phones,159.96
US-2018-156083,Paper,0.498495486,Paper,9.664
US-2018-156356,Binders,0.890672016,Binders,28.942
US-2018-156356,Storage,0.890672016,Storage,32.544
US-2018-156909,Chairs,0.274824473,Chairs,71.372
US-2018-157224,Labels,0.265797392,Labels,56.7
US-2018-157896,Paper,0.846539619,Paper,146.82
US-2018-158218,Binders,0.437311936,Binders,34.24
US-2018-158218,Storage,0.437311936,Storage,127.92
US-2018-158505,Art,0.029087262,Art,25.99
US-2018-158505,Phones,0.029087262,Phones,71.928
US-2018-158512,Furnishings,0.628886660,Furnishings,37.68
US-2018-158512,Paper,0.628886660,Paper,40.08
US-2018-158526,Art,0.828485456,Art,34.58
US-2018-158526,Binders,0.828485456,Binders,12.53
US-2018-158526,Chairs,0.828485456,Chairs,"1,767.57"
US-2018-158946,Art,0.816449348,Art,38.864
US-2018-159205,Furnishings,0.009027081,Furnishings,61
US-2018-159205,Phones,0.009027081,Phones,671.93
US-2018-159562,Envelopes,0.598796389,Envelopes,17.48
US-2018-160143,Supplies,0.382146439,Supplies,29.7
US-2018-160465,Binders,0.972918756,Binders,33.93
US-2018-160465,Phones,0.972918756,Phones,210.564
US-2018-160465,Storage,0.972918756,Storage,222.32
US-2018-160759,Chairs,0.164493480,Chairs,63.686
US-2018-160836,Appliances,0.762286861,Appliances,1.556
US-2018-160836,Paper,0.762286861,Paper,10.272
US-2018-160836,Tables,0.762286861,Tables,512.19
US-2018-161193,Furnishings,0.352056169,Furnishings,82.256
US-2018-161935,Art,0.930792377,Art,13.12
US-2018-161935,Furnishings,0.930792377,Furnishings,396.92
US-2018-161935,Paper,0.930792377,Paper,9.248
US-2018-161935,Phones,0.930792377,Phones,"1,889.946"
US-2018-161935,Storage,0.930792377,Storage,301.496
US-2018-162068,Binders,0.326980943,Binders,1.188
US-2018-162124,Accessories,0.125376128,Accessories,191.968
US-2018-162208,Envelopes,0.322968907,Envelopes,2.896
US-2018-162558,Binders,0.312938816,Binders,61.596
US-2018-162558,Furnishings,0.312938816,Furnishings,41.224
US-2018-162558,Paper,0.312938816,Paper,20.736
US-2018-162558,Tables,0.312938816,Tables,"2,314.116"
US-2018-162670,Envelopes,0.909729188,Envelopes,182.94
US-2018-162670,Paper,0.909729188,Paper,44.96
US-2018-162670,Phones,0.909729188,Phones,494.97
US-2018-162670,Storage,0.909729188,Storage,430
US-2018-163195,Phones,0.894684052,Phones,29.16
US-2018-163300,Binders,0.891675025,Binders,"2,357.488"
US-2018-163300,Chairs,0.891675025,Chairs,184.752
US-2018-163300,Phones,0.891675025,Phones,369.544
US-2018-163657,Binders,0.481444333,Binders,18.72
US-2018-163657,Tables,0.481444333,Tables,236.528
US-2018-163790,Art,0.877632899,Art,8.8
US-2018-163790,Binders,0.877632899,Binders,590.352
US-2018-163790,Envelopes,0.877632899,Envelopes,76.58
US-2018-163790,Fasteners,0.877632899,Fasteners,5.58
US-2018-163790,Furnishings,0.877632899,Furnishings,25.02
US-2018-163790,Storage,0.877632899,Storage,452.55
US-2018-164056,Tables,0.670010030,Tables,"1,048.35"
US-2018-164147,Fasteners,0.467402207,Fasteners,21.456
US-2018-164147,Paper,0.467402207,Paper,78.304
US-2018-164147,Phones,0.467402207,Phones,59.97
US-2018-165344,Accessories,0.033099298,Accessories,60.864
US-2018-165344,Binders,0.033099298,Binders,11.22
US-2018-165344,Machines,0.033099298,Machines,652.995
US-2018-165358,Chairs,0.232698094,Chairs,198.744
US-2018-165358,Copiers,0.232698094,Copiers,599.97
US-2018-165358,Supplies,0.232698094,Supplies,9.184
US-2018-165456,Chairs,0.629889669,Chairs,"1,079.316"
US-2018-165869,Appliances,0.018054162,Appliances,155.88
US-2018-165869,Binders,0.018054162,Binders,17.52
US-2018-166037,Accessories,0.413239719,Accessories,449.91
US-2018-166233,Accessories,0.207622869,Accessories,24
US-2018-166324,Binders,0.005015045,Binders,8.7
US-2018-166324,Phones,0.005015045,Phones,122.382
US-2018-166324,Storage,0.005015045,Storage,848.544
US-2018-166394,Fasteners,0.003009027,Fasteners,14.82
US-2018-166611,Binders,0.596790371,Binders,68.742
US-2018-166688,Appliances,0.194583751,Appliances,64.9
US-2018-166688,Binders,0.194583751,Binders,8.288
US-2018-166688,Phones,0.194583751,Phones,"1,123.128"
US-2018-167318,Accessories,0.176529589,Accessories,"1,649.95"
US-2018-167318,Chairs,0.176529589,Chairs,362.352
US-2018-167402,Art,0.374122367,Art,209.94
US-2018-167402,Bookcases,0.374122367,Bookcases,212.94
US-2018-167402,Paper,0.374122367,Paper,32.4
US-2018-167402,Supplies,0.374122367,Supplies,"4,164.05"
US-2018-167570,Chairs,0.769307924,Chairs,215.544
US-2018-167920,Accessories,0.759277834,Accessories,146.45
US-2018-167920,Appliances,0.759277834,Appliances,214.9
US-2018-167920,Binders,0.759277834,Binders,45.28
US-2018-167920,Copiers,0.759277834,Copiers,"1,399.98"
US-2018-167920,Labels,0.759277834,Labels,5.76
US-2018-167920,Storage,0.759277834,Storage,15.14
US-2018-168116,Appliances,0.553660983,Appliances,167.44
US-2018-168116,Machines,0.553660983,Machines,"7,999.98"
US-2018-168613,Chairs,0.139418255,Chairs,145.764
US-2018-168690,Binders,0.737211635,Binders,2.808
US-2018-168802,Binders,0.334002006,Binders,18.368
US-2018-169320,Accessories,0.719157472,Accessories,159.75
US-2018-169320,Art,0.719157472,Art,11.68
US-2018-169488,Paper,0.114343029,Paper,56.86
US-2018-169502,Appliances,0.313941825,Appliances,91.6
US-2018-169502,Supplies,0.313941825,Supplies,21.81
US-2018-169551,Accessories,0.512537613,Accessories,544.696
US-2018-169551,Bookcases,0.512537613,Bookcases,87.21
US-2018-169551,Paper,0.512537613,Paper,15.552
US-2018-169551,Phones,0.512537613,Phones,683.988
US-2018-169551,Storage,0.512537613,Storage,13.392
