Order ID,Sub-Category,Jitter,Order ID,Sales
CA-2015-100006,Phones,*,CA-2015-100006,$378
CA-2015-100090,Binders,*,CA-2015-100090,$197
CA-2015-100090,Tables,*,CA-2015-100090,$502
CA-2015-100293,Paper,*,CA-2015-100293,$91
CA-2015-100328,Binders,*,CA-2015-100328,$4
CA-2015-100363,Fasteners,*,CA-2015-100363,$2
CA-2015-100363,Paper,*,CA-2015-100363,$19
CA-2015-100391,Paper,*,CA-2015-100391,$15
CA-2015-100678,Accessories,*,CA-2015-100678,$228
CA-2015-100678,Art,*,CA-2015-100678,$3
CA-2015-100678,Chairs,*,CA-2015-100678,$317
CA-2015-100678,Envelopes,*,CA-2015-100678,$149
CA-2015-100706,Accessories,*,CA-2015-100706,$100
CA-2015-100706,Furnishings,*,CA-2015-100706,$29
CA-2015-100762,Art,*,CA-2015-100762,$152
CA-2015-100762,Labels,*,CA-2015-100762,$197
CA-2015-100762,Paper,*,CA-2015-100762,$160
CA-2015-100860,Labels,*,CA-2015-100860,$19
CA-2015-100867,Phones,*,CA-2015-100867,$322
CA-2015-100881,Phones,*,CA-2015-100881,$302
CA-2015-100895,Art,*,CA-2015-100895,$9
CA-2015-100895,Phones,*,CA-2015-100895,$240
CA-2015-100895,Storage,*,CA-2015-100895,$357
CA-2015-100916,Art,*,CA-2015-100916,$3
CA-2015-100916,Storage,*,CA-2015-100916,$195
CA-2015-100916,Tables,*,CA-2015-100916,$591
CA-2015-100972,Paper,*,CA-2015-100972,$166
CA-2015-101147,Appliances,*,CA-2015-101147,$2
CA-2015-101175,Storage,*,CA-2015-101175,$101
CA-2015-101266,Paper,*,CA-2015-101266,$13
CA-2015-101364,Binders,*,CA-2015-101364,$297
CA-2015-101392,Storage,*,CA-2015-101392,$269
CA-2015-101427,Art,*,CA-2015-101427,$8
CA-2015-101462,Furnishings,*,CA-2015-101462,$60
CA-2015-101476,Machines,*,CA-2015-101476,$70
CA-2015-101560,Art,*,CA-2015-101560,$13
CA-2015-101560,Binders,*,CA-2015-101560,$46
CA-2015-101560,Furnishings,*,CA-2015-101560,$398
CA-2015-101560,Paper,*,CA-2015-101560,$86
CA-2015-101602,Chairs,*,CA-2015-101602,$763
CA-2015-101602,Phones,*,CA-2015-101602,$41
CA-2015-101770,Binders,*,CA-2015-101770,$2
CA-2015-101833,Paper,*,CA-2015-101833,$34
CA-2015-101931,Binders,*,CA-2015-101931,$7
CA-2015-101931,Bookcases,*,CA-2015-101931,$617
CA-2015-101931,Storage,*,CA-2015-101931,$141
CA-2015-101931,Supplies,*,CA-2015-101931,$487
CA-2015-102008,Paper,*,CA-2015-102008,$49
CA-2015-102085,Labels,*,CA-2015-102085,$29
CA-2015-102274,Art,*,CA-2015-102274,$5
CA-2015-102274,Paper,*,CA-2015-102274,$629
CA-2015-102274,Phones,*,CA-2015-102274,$37
CA-2015-102274,Storage,*,CA-2015-102274,$194
CA-2015-102295,Chairs,*,CA-2015-102295,$121
CA-2015-102330,Labels,*,CA-2015-102330,$89
CA-2015-102330,Phones,*,CA-2015-102330,$320
CA-2015-102645,Paper,*,CA-2015-102645,$40
CA-2015-102652,Furnishings,*,CA-2015-102652,$125
CA-2015-102652,Paper,*,CA-2015-102652,$75
CA-2015-102673,Art,*,CA-2015-102673,$10
CA-2015-102673,Fasteners,*,CA-2015-102673,$8
CA-2015-102673,Labels,*,CA-2015-102673,$48
CA-2015-102673,Phones,*,CA-2015-102673,$979
CA-2015-102869,Accessories,*,CA-2015-102869,$65
CA-2015-102869,Furnishings,*,CA-2015-102869,$17
CA-2015-102869,Paper,*,CA-2015-102869,$16
CA-2015-102869,Phones,*,CA-2015-102869,$136
CA-2015-102988,Art,*,CA-2015-102988,$46
CA-2015-102988,Paper,*,CA-2015-102988,$13
CA-2015-102988,Phones,*,CA-2015-102988,$29
CA-2015-102988,Supplies,*,CA-2015-102988,"$4,164"
CA-2015-103058,Accessories,*,CA-2015-103058,$100
CA-2015-103086,Furnishings,*,CA-2015-103086,$5
CA-2015-103100,Binders,*,CA-2015-103100,"$1,104"
CA-2015-103100,Labels,*,CA-2015-103100,$4
CA-2015-103191,Storage,*,CA-2015-103191,$332
CA-2015-103219,Furnishings,*,CA-2015-103219,$57
CA-2015-103310,Chairs,*,CA-2015-103310,$257
CA-2015-103310,Paper,*,CA-2015-103310,$40
CA-2015-103310,Phones,*,CA-2015-103310,"$1,432"
CA-2015-103310,Supplies,*,CA-2015-103310,$41
CA-2015-103317,Binders,*,CA-2015-103317,$10
CA-2015-103317,Furnishings,*,CA-2015-103317,$233
CA-2015-103331,Furnishings,*,CA-2015-103331,$11
CA-2015-103331,Paper,*,CA-2015-103331,$21
CA-2015-103366,Accessories,*,CA-2015-103366,$150
CA-2015-103373,Phones,*,CA-2015-103373,$780
CA-2015-103401,Paper,*,CA-2015-103401,$13
CA-2015-103429,Appliances,*,CA-2015-103429,$236
CA-2015-103429,Binders,*,CA-2015-103429,$26
CA-2015-103429,Paper,*,CA-2015-103429,$40
CA-2015-103429,Phones,*,CA-2015-103429,$464
CA-2015-103492,Binders,*,CA-2015-103492,$13
CA-2015-103492,Phones,*,CA-2015-103492,"$1,476"
CA-2015-103527,Paper,*,CA-2015-103527,$11
CA-2015-103590,Envelopes,*,CA-2015-103590,$62
CA-2015-103660,Phones,*,CA-2015-103660,"$1,008"
CA-2015-103702,Binders,*,CA-2015-103702,$64
CA-2015-103744,Binders,*,CA-2015-103744,$4
CA-2015-103744,Labels,*,CA-2015-103744,$7
CA-2015-103800,Paper,*,CA-2015-103800,$16
CA-2015-103807,Accessories,*,CA-2015-103807,$6
CA-2015-103807,Paper,*,CA-2015-103807,$15
CA-2015-103849,Accessories,*,CA-2015-103849,$58
CA-2015-103849,Furnishings,*,CA-2015-103849,$66
CA-2015-103849,Phones,*,CA-2015-103849,$101
CA-2015-103940,Binders,*,CA-2015-103940,$137
CA-2015-103940,Furnishings,*,CA-2015-103940,$35
CA-2015-103940,Storage,*,CA-2015-103940,$88
CA-2015-103989,Accessories,*,CA-2015-103989,$170
CA-2015-103989,Binders,*,CA-2015-103989,$34
CA-2015-103989,Furnishings,*,CA-2015-103989,$25
CA-2015-103989,Labels,*,CA-2015-103989,$12
CA-2015-103989,Phones,*,CA-2015-103989,$324
CA-2015-103989,Storage,*,CA-2015-103989,$26
CA-2015-104178,Accessories,*,CA-2015-104178,$95
CA-2015-104178,Furnishings,*,CA-2015-104178,$6
CA-2015-104178,Paper,*,CA-2015-104178,$26
CA-2015-104178,Storage,*,CA-2015-104178,$49
CA-2015-104269,Chairs,*,CA-2015-104269,$458
CA-2015-104283,Accessories,*,CA-2015-104283,$224
CA-2015-104283,Storage,*,CA-2015-104283,$306
CA-2015-104283,Tables,*,CA-2015-104283,$86
CA-2015-104402,Machines,*,CA-2015-104402,$66
CA-2015-104472,Binders,*,CA-2015-104472,$60
CA-2015-104472,Furnishings,*,CA-2015-104472,$73
CA-2015-104563,Art,*,CA-2015-104563,$21
CA-2015-104563,Chairs,*,CA-2015-104563,$918
CA-2015-104563,Storage,*,CA-2015-104563,$205
CA-2015-104738,Accessories,*,CA-2015-104738,$48
CA-2015-104738,Binders,*,CA-2015-104738,$2
CA-2015-104738,Envelopes,*,CA-2015-104738,$13
CA-2015-104738,Phones,*,CA-2015-104738,$546
CA-2015-104773,Storage,*,CA-2015-104773,$60
CA-2015-104780,Art,*,CA-2015-104780,$32
CA-2015-104808,Binders,*,CA-2015-104808,$17
CA-2015-104829,Paper,*,CA-2015-104829,$22
CA-2015-104976,Paper,*,CA-2015-104976,$35
CA-2015-105165,Accessories,*,CA-2015-105165,$47
CA-2015-105165,Art,*,CA-2015-105165,$22
CA-2015-105165,Binders,*,CA-2015-105165,$3
CA-2015-105165,Phones,*,CA-2015-105165,$197
CA-2015-105165,Tables,*,CA-2015-105165,$201
CA-2015-105172,Labels,*,CA-2015-105172,$19
CA-2015-105249,Bookcases,*,CA-2015-105249,$411
CA-2015-105249,Labels,*,CA-2015-105249,$41
CA-2015-105249,Supplies,*,CA-2015-105249,$7
CA-2015-105270,Art,*,CA-2015-105270,$30
CA-2015-105270,Chairs,*,CA-2015-105270,$113
CA-2015-105340,Binders,*,CA-2015-105340,$7
CA-2015-105417,Binders,*,CA-2015-105417,$10
CA-2015-105417,Furnishings,*,CA-2015-105417,$77
CA-2015-105648,Tables,*,CA-2015-105648,$626
CA-2015-105872,Binders,*,CA-2015-105872,$70
CA-2015-105893,Storage,*,CA-2015-105893,$666
CA-2015-105984,Chairs,*,CA-2015-105984,$611
CA-2015-105984,Phones,*,CA-2015-105984,"$1,050"
CA-2015-106054,Art,*,CA-2015-106054,$13
CA-2015-106229,Tables,*,CA-2015-106229,$269
CA-2015-106264,Furnishings,*,CA-2015-106264,$3
CA-2015-106264,Supplies,*,CA-2015-106264,$12
CA-2015-106376,Art,*,CA-2015-106376,"$1,113"
CA-2015-106376,Phones,*,CA-2015-106376,$168
CA-2015-106439,Accessories,*,CA-2015-106439,$252
CA-2015-106439,Art,*,CA-2015-106439,$12
CA-2015-106439,Binders,*,CA-2015-106439,$35
CA-2015-106439,Chairs,*,CA-2015-106439,$146
CA-2015-106439,Fasteners,*,CA-2015-106439,$11
CA-2015-106439,Paper,*,CA-2015-106439,$65
CA-2015-106439,Storage,*,CA-2015-106439,$486
CA-2015-106572,Storage,*,CA-2015-106572,$264
CA-2015-106719,Binders,*,CA-2015-106719,$8
CA-2015-106726,Storage,*,CA-2015-106726,"$1,261"
CA-2015-106803,Accessories,*,CA-2015-106803,$120
CA-2015-106803,Storage,*,CA-2015-106803,$25
CA-2015-106810,Furnishings,*,CA-2015-106810,$311
CA-2015-106971,Accessories,*,CA-2015-106971,$476
CA-2015-107139,Binders,*,CA-2015-107139,$181
CA-2015-107153,Storage,*,CA-2015-107153,$46
CA-2015-107181,Binders,*,CA-2015-107181,$83
CA-2015-107181,Paper,*,CA-2015-107181,$34
CA-2015-107398,Binders,*,CA-2015-107398,$30
CA-2015-107454,Furnishings,*,CA-2015-107454,$89
CA-2015-107454,Labels,*,CA-2015-107454,$35
CA-2015-107524,Envelopes,*,CA-2015-107524,$11
CA-2015-107524,Paper,*,CA-2015-107524,$36
CA-2015-107573,Envelopes,*,CA-2015-107573,$23
CA-2015-107594,Art,*,CA-2015-107594,$6
CA-2015-107594,Phones,*,CA-2015-107594,$74
CA-2015-107706,Paper,*,CA-2015-107706,$16
CA-2015-107755,Accessories,*,CA-2015-107755,$115
CA-2015-107769,Phones,*,CA-2015-107769,$258
CA-2015-107811,Chairs,*,CA-2015-107811,$562
CA-2015-107811,Storage,*,CA-2015-107811,$100
CA-2015-107818,Art,*,CA-2015-107818,$310
CA-2015-107818,Chairs,*,CA-2015-107818,$976
CA-2015-107818,Storage,*,CA-2015-107818,$486
CA-2015-107916,Binders,*,CA-2015-107916,$13
CA-2015-107916,Furnishings,*,CA-2015-107916,$13
CA-2015-108147,Binders,*,CA-2015-108147,$68
CA-2015-108147,Storage,*,CA-2015-108147,"$1,677"
CA-2015-108182,Binders,*,CA-2015-108182,$9
CA-2015-108189,Accessories,*,CA-2015-108189,$7
CA-2015-108189,Envelopes,*,CA-2015-108189,$13
CA-2015-108189,Fasteners,*,CA-2015-108189,$5
CA-2015-108189,Paper,*,CA-2015-108189,$9
CA-2015-108189,Phones,*,CA-2015-108189,$549
CA-2015-108189,Supplies,*,CA-2015-108189,$15
CA-2015-108273,Furnishings,*,CA-2015-108273,$57
CA-2015-108273,Paper,*,CA-2015-108273,$36
CA-2015-108609,Tables,*,CA-2015-108609,"$1,422"
CA-2015-108707,Paper,*,CA-2015-108707,$10
CA-2015-108861,Binders,*,CA-2015-108861,$137
CA-2015-108903,Accessories,*,CA-2015-108903,$142
CA-2015-108903,Art,*,CA-2015-108903,$56
CA-2015-108903,Envelopes,*,CA-2015-108903,$14
CA-2015-109043,Appliances,*,CA-2015-109043,$152
CA-2015-109043,Paper,*,CA-2015-109043,$91
CA-2015-109127,Labels,*,CA-2015-109127,$17
CA-2015-109134,Furnishings,*,CA-2015-109134,$20
CA-2015-109218,Art,*,CA-2015-109218,$32
CA-2015-109232,Chairs,*,CA-2015-109232,$546
CA-2015-109302,Binders,*,CA-2015-109302,$196
CA-2015-109491,Accessories,*,CA-2015-109491,$62
CA-2015-109491,Furnishings,*,CA-2015-109491,$20
CA-2015-109680,Storage,*,CA-2015-109680,$386
CA-2015-109855,Accessories,*,CA-2015-109855,$357
CA-2015-109855,Binders,*,CA-2015-109855,$24
CA-2015-109890,Phones,*,CA-2015-109890,$36
CA-2015-109897,Furnishings,*,CA-2015-109897,$85
CA-2015-109897,Phones,*,CA-2015-109897,$806
CA-2015-109904,Art,*,CA-2015-109904,$18
CA-2015-109918,Binders,*,CA-2015-109918,$84
CA-2015-109918,Paper,*,CA-2015-109918,$21
CA-2015-109918,Supplies,*,CA-2015-109918,$27
CA-2015-109932,Paper,*,CA-2015-109932,$11
CA-2015-109932,Storage,*,CA-2015-109932,$237
CA-2015-110030,Furnishings,*,CA-2015-110030,$24
CA-2015-110065,Art,*,CA-2015-110065,$16
CA-2015-110065,Phones,*,CA-2015-110065,$136
CA-2015-110072,Furnishings,*,CA-2015-110072,$94
CA-2015-110100,Phones,*,CA-2015-110100,$302
CA-2015-110184,Phones,*,CA-2015-110184,$256
CA-2015-110184,Storage,*,CA-2015-110184,$250
CA-2015-110219,Chairs,*,CA-2015-110219,$128
CA-2015-110352,Labels,*,CA-2015-110352,$24
CA-2015-110408,Chairs,*,CA-2015-110408,$546
CA-2015-110408,Phones,*,CA-2015-110408,"$1,395"
CA-2015-110408,Storage,*,CA-2015-110408,$276
CA-2015-110422,Furnishings,*,CA-2015-110422,$25
CA-2015-110527,Labels,*,CA-2015-110527,$21
CA-2015-110555,Accessories,*,CA-2015-110555,$217
CA-2015-110555,Phones,*,CA-2015-110555,$106
CA-2015-110555,Storage,*,CA-2015-110555,$87
CA-2015-110611,Storage,*,CA-2015-110611,$84
CA-2015-110639,Paper,*,CA-2015-110639,$72
CA-2015-110786,Binders,*,CA-2015-110786,$14
CA-2015-110786,Furnishings,*,CA-2015-110786,$95
CA-2015-110786,Labels,*,CA-2015-110786,$275
CA-2015-110786,Machines,*,CA-2015-110786,$768
CA-2015-110786,Paper,*,CA-2015-110786,$21
CA-2015-110786,Phones,*,CA-2015-110786,$192
CA-2015-110849,Art,*,CA-2015-110849,$24
CA-2015-110849,Fasteners,*,CA-2015-110849,$12
CA-2015-110849,Machines,*,CA-2015-110849,$288
CA-2015-111003,Art,*,CA-2015-111003,$289
CA-2015-111003,Binders,*,CA-2015-111003,$45
CA-2015-111059,Binders,*,CA-2015-111059,$97
CA-2015-111150,Accessories,*,CA-2015-111150,$48
CA-2015-111150,Art,*,CA-2015-111150,$30
CA-2015-111157,Accessories,*,CA-2015-111157,$151
CA-2015-111157,Paper,*,CA-2015-111157,$3
CA-2015-111192,Bookcases,*,CA-2015-111192,"$1,368"
CA-2015-111360,Binders,*,CA-2015-111360,$6
CA-2015-111451,Binders,*,CA-2015-111451,$79
CA-2015-111451,Chairs,*,CA-2015-111451,$230
CA-2015-111451,Fasteners,*,CA-2015-111451,$28
CA-2015-111451,Furnishings,*,CA-2015-111451,$519
CA-2015-111500,Accessories,*,CA-2015-111500,$340
CA-2015-111500,Binders,*,CA-2015-111500,$18
CA-2015-111500,Fasteners,*,CA-2015-111500,$13
CA-2015-111500,Paper,*,CA-2015-111500,$114
CA-2015-111773,Binders,*,CA-2015-111773,$14
CA-2015-111857,Paper,*,CA-2015-111857,$49
CA-2015-111871,Bookcases,*,CA-2015-111871,"$1,198"
CA-2015-111899,Art,*,CA-2015-111899,$38
CA-2015-111899,Fasteners,*,CA-2015-111899,$5
CA-2015-111934,Binders,*,CA-2015-111934,$12
CA-2015-111934,Paper,*,CA-2015-111934,$35
CA-2015-111962,Binders,*,CA-2015-111962,$10
CA-2015-111962,Storage,*,CA-2015-111962,$808
CA-2015-112158,Accessories,*,CA-2015-112158,$120
CA-2015-112158,Binders,*,CA-2015-112158,$47
CA-2015-112158,Bookcases,*,CA-2015-112158,$884
CA-2015-112291,Accessories,*,CA-2015-112291,$222
CA-2015-112291,Envelopes,*,CA-2015-112291,$11
CA-2015-112326,Binders,*,CA-2015-112326,$4
CA-2015-112326,Labels,*,CA-2015-112326,$12
CA-2015-112326,Storage,*,CA-2015-112326,$273
CA-2015-112403,Binders,*,CA-2015-112403,$1
CA-2015-112718,Binders,*,CA-2015-112718,$1
CA-2015-112837,Furnishings,*,CA-2015-112837,$128
CA-2015-112851,Envelopes,*,CA-2015-112851,$183
CA-2015-113047,Fasteners,*,CA-2015-113047,$12
CA-2015-113166,Paper,*,CA-2015-113166,$10
CA-2015-113257,Accessories,*,CA-2015-113257,$320
CA-2015-113257,Furnishings,*,CA-2015-113257,$9
CA-2015-113271,Art,*,CA-2015-113271,$6
CA-2015-113271,Binders,*,CA-2015-113271,$14
CA-2015-113271,Bookcases,*,CA-2015-113271,$120
CA-2015-113271,Paper,*,CA-2015-113271,$32
CA-2015-113320,Furnishings,*,CA-2015-113320,$22
CA-2015-113320,Storage,*,CA-2015-113320,$9
CA-2015-113362,Envelopes,*,CA-2015-113362,$11
CA-2015-113362,Storage,*,CA-2015-113362,$449
CA-2015-113383,Appliances,*,CA-2015-113383,$82
CA-2015-113383,Furnishings,*,CA-2015-113383,$255
CA-2015-113579,Paper,*,CA-2015-113579,$90
CA-2015-113768,Chairs,*,CA-2015-113768,$279
CA-2015-113768,Paper,*,CA-2015-113768,$8
CA-2015-113859,Chairs,*,CA-2015-113859,$340
CA-2015-113880,Chairs,*,CA-2015-113880,$634
CA-2015-113880,Paper,*,CA-2015-113880,$17
CA-2015-113887,Paper,*,CA-2015-113887,$55
CA-2015-113929,Art,*,CA-2015-113929,$35
CA-2015-113929,Binders,*,CA-2015-113929,$40
CA-2015-113929,Envelopes,*,CA-2015-113929,$41
CA-2015-113964,Binders,*,CA-2015-113964,$18
CA-2015-114125,Binders,*,CA-2015-114125,$42
CA-2015-114125,Labels,*,CA-2015-114125,$3
CA-2015-114125,Storage,*,CA-2015-114125,$24
CA-2015-114181,Art,*,CA-2015-114181,$22
CA-2015-114181,Bookcases,*,CA-2015-114181,$350
CA-2015-114195,Binders,*,CA-2015-114195,$26
CA-2015-114195,Furnishings,*,CA-2015-114195,$69
CA-2015-114251,Accessories,*,CA-2015-114251,$110
CA-2015-114251,Binders,*,CA-2015-114251,$13
CA-2015-114251,Furnishings,*,CA-2015-114251,$274
CA-2015-114251,Storage,*,CA-2015-114251,"$1,080"
CA-2015-114314,Furnishings,*,CA-2015-114314,$9
CA-2015-114314,Labels,*,CA-2015-114314,$7
CA-2015-114321,Binders,*,CA-2015-114321,$897
CA-2015-114321,Chairs,*,CA-2015-114321,$500
CA-2015-114321,Paper,*,CA-2015-114321,$20
CA-2015-114335,Furnishings,*,CA-2015-114335,$337
CA-2015-114433,Accessories,*,CA-2015-114433,$150
CA-2015-114510,Accessories,*,CA-2015-114510,$83
CA-2015-114510,Binders,*,CA-2015-114510,$95
CA-2015-114510,Storage,*,CA-2015-114510,$102
CA-2015-114517,Appliances,*,CA-2015-114517,$57
CA-2015-114517,Tables,*,CA-2015-114517,$53
CA-2015-114643,Art,*,CA-2015-114643,$15
CA-2015-114790,Accessories,*,CA-2015-114790,$33
CA-2015-114790,Appliances,*,CA-2015-114790,$147
CA-2015-114790,Paper,*,CA-2015-114790,$15
CA-2015-114790,Phones,*,CA-2015-114790,$588
CA-2015-115049,Accessories,*,CA-2015-115049,$154
CA-2015-115056,Appliances,*,CA-2015-115056,$26
CA-2015-115084,Chairs,*,CA-2015-115084,$605
CA-2015-115133,Accessories,*,CA-2015-115133,$3
CA-2015-115133,Appliances,*,CA-2015-115133,$17
CA-2015-115133,Paper,*,CA-2015-115133,$33
CA-2015-115161,Bookcases,*,CA-2015-115161,$291
CA-2015-115259,Envelopes,*,CA-2015-115259,$135
CA-2015-115259,Fasteners,*,CA-2015-115259,$40
CA-2015-115259,Paper,*,CA-2015-115259,$24
CA-2015-115336,Binders,*,CA-2015-115336,$14
CA-2015-115357,Accessories,*,CA-2015-115357,$63
CA-2015-115791,Binders,*,CA-2015-115791,$19
CA-2015-115791,Furnishings,*,CA-2015-115791,$127
CA-2015-115791,Labels,*,CA-2015-115791,$30
CA-2015-115791,Phones,*,CA-2015-115791,$124
CA-2015-115812,Appliances,*,CA-2015-115812,$115
CA-2015-115812,Art,*,CA-2015-115812,$7
CA-2015-115812,Binders,*,CA-2015-115812,$19
CA-2015-115812,Furnishings,*,CA-2015-115812,$49
CA-2015-115812,Phones,*,CA-2015-115812,"$1,819"
CA-2015-115812,Tables,*,CA-2015-115812,"$1,706"
CA-2015-115889,Phones,*,CA-2015-115889,$46
CA-2015-115889,Storage,*,CA-2015-115889,$363
CA-2015-115973,Art,*,CA-2015-115973,$3
CA-2015-115980,Accessories,*,CA-2015-115980,$3
CA-2015-115980,Fasteners,*,CA-2015-115980,$7
CA-2015-116190,Chairs,*,CA-2015-116190,$68
CA-2015-116190,Furnishings,*,CA-2015-116190,$26
CA-2015-116190,Labels,*,CA-2015-116190,$163
CA-2015-116239,Storage,*,CA-2015-116239,$355
CA-2015-116246,Chairs,*,CA-2015-116246,"$3,785"
CA-2015-116407,Appliances,*,CA-2015-116407,$333
CA-2015-116407,Art,*,CA-2015-116407,$4
CA-2015-116407,Paper,*,CA-2015-116407,$25
CA-2015-116568,Chairs,*,CA-2015-116568,$186
CA-2015-116666,Copiers,*,CA-2015-116666,"$1,800"
CA-2015-116673,Furnishings,*,CA-2015-116673,$6
CA-2015-116757,Fasteners,*,CA-2015-116757,$21
CA-2015-116757,Paper,*,CA-2015-116757,$26
CA-2015-116785,Art,*,CA-2015-116785,$21
CA-2015-116785,Labels,*,CA-2015-116785,$13
CA-2015-116834,Accessories,*,CA-2015-116834,$345
CA-2015-116834,Furnishings,*,CA-2015-116834,$63
CA-2015-116904,Binders,*,CA-2015-116904,"$9,463"
CA-2015-116904,Paper,*,CA-2015-116904,$32
CA-2015-116904,Storage,*,CA-2015-116904,$405
CA-2015-116932,Art,*,CA-2015-116932,$99
CA-2015-116932,Chairs,*,CA-2015-116932,$802
CA-2015-116932,Tables,*,CA-2015-116932,$273
CA-2015-117016,Art,*,CA-2015-117016,$16
CA-2015-117317,Paper,*,CA-2015-117317,$13
CA-2015-117345,Appliances,*,CA-2015-117345,$63
CA-2015-117345,Furnishings,*,CA-2015-117345,$44
CA-2015-117345,Labels,*,CA-2015-117345,$18
CA-2015-117345,Paper,*,CA-2015-117345,$78
CA-2015-117429,Furnishings,*,CA-2015-117429,$130
CA-2015-117464,Art,*,CA-2015-117464,$12
CA-2015-117464,Chairs,*,CA-2015-117464,$718
CA-2015-117464,Storage,*,CA-2015-117464,$237
CA-2015-117464,Tables,*,CA-2015-117464,$170
CA-2015-117478,Binders,*,CA-2015-117478,$7
CA-2015-117639,Binders,*,CA-2015-117639,"$2,716"
CA-2015-117639,Phones,*,CA-2015-117639,$618
CA-2015-117709,Binders,*,CA-2015-117709,$47
CA-2015-117765,Binders,*,CA-2015-117765,$32
CA-2015-117765,Chairs,*,CA-2015-117765,$162
CA-2015-117765,Storage,*,CA-2015-117765,$20
CA-2015-117765,Tables,*,CA-2015-117765,$430
CA-2015-118192,Binders,*,CA-2015-118192,$3
CA-2015-118192,Paper,*,CA-2015-118192,$37
CA-2015-118276,Furnishings,*,CA-2015-118276,$9
CA-2015-118304,Phones,*,CA-2015-118304,$20
CA-2015-118339,Appliances,*,CA-2015-118339,$94
CA-2015-118339,Art,*,CA-2015-118339,$20
CA-2015-118339,Binders,*,CA-2015-118339,$89
CA-2015-118339,Paper,*,CA-2015-118339,$47
CA-2015-118962,Chairs,*,CA-2015-118962,$340
CA-2015-118962,Paper,*,CA-2015-118962,$132
CA-2015-118976,Art,*,CA-2015-118976,$5
CA-2015-118976,Binders,*,CA-2015-118976,$21
CA-2015-118976,Labels,*,CA-2015-118976,$3
CA-2015-118976,Storage,*,CA-2015-118976,$498
CA-2015-119032,Fasteners,*,CA-2015-119032,$4
CA-2015-119144,Bookcases,*,CA-2015-119144,$306
CA-2015-119144,Phones,*,CA-2015-119144,$80
CA-2015-119144,Storage,*,CA-2015-119144,$345
CA-2015-119151,Bookcases,*,CA-2015-119151,$276
CA-2015-119151,Storage,*,CA-2015-119151,"$1,118"
CA-2015-119172,Binders,*,CA-2015-119172,$105
CA-2015-119172,Paper,*,CA-2015-119172,$17
CA-2015-119375,Art,*,CA-2015-119375,$58
CA-2015-119375,Furnishings,*,CA-2015-119375,$124
CA-2015-119375,Storage,*,CA-2015-119375,"$2,934"
CA-2015-119466,Furnishings,*,CA-2015-119466,$9
CA-2015-119529,Binders,*,CA-2015-119529,$6
CA-2015-119977,Paper,*,CA-2015-119977,$124
CA-2015-120096,Appliances,*,CA-2015-120096,$32
CA-2015-120096,Paper,*,CA-2015-120096,$178
CA-2015-120243,Labels,*,CA-2015-120243,$12
CA-2015-120278,Appliances,*,CA-2015-120278,$246
CA-2015-120278,Binders,*,CA-2015-120278,$12
CA-2015-120278,Storage,*,CA-2015-120278,$59
CA-2015-120411,Bookcases,*,CA-2015-120411,$493
CA-2015-120411,Phones,*,CA-2015-120411,$11
CA-2015-120432,Supplies,*,CA-2015-120432,$26
CA-2015-120474,Art,*,CA-2015-120474,$47
CA-2015-120474,Chairs,*,CA-2015-120474,"$2,808"
CA-2015-120544,Accessories,*,CA-2015-120544,$6
CA-2015-120544,Appliances,*,CA-2015-120544,$34
CA-2015-120544,Furnishings,*,CA-2015-120544,$6
CA-2015-120670,Accessories,*,CA-2015-120670,$800
CA-2015-120768,Binders,*,CA-2015-120768,$153
CA-2015-120768,Chairs,*,CA-2015-120768,"$1,820"
CA-2015-120768,Supplies,*,CA-2015-120768,$7
CA-2015-120775,Binders,*,CA-2015-120775,$2
CA-2015-120775,Fasteners,*,CA-2015-120775,$19
CA-2015-120775,Furnishings,*,CA-2015-120775,$32
CA-2015-120775,Labels,*,CA-2015-120775,$5
CA-2015-120838,Phones,*,CA-2015-120838,$605
CA-2015-120838,Storage,*,CA-2015-120838,$330
CA-2015-120852,Accessories,*,CA-2015-120852,$65
CA-2015-120852,Appliances,*,CA-2015-120852,$19
CA-2015-120887,Furnishings,*,CA-2015-120887,$88
CA-2015-120950,Paper,*,CA-2015-120950,$44
CA-2015-121006,Art,*,CA-2015-121006,$4
CA-2015-121006,Chairs,*,CA-2015-121006,$564
CA-2015-121006,Paper,*,CA-2015-121006,$29
CA-2015-121006,Storage,*,CA-2015-121006,$598
CA-2015-121167,Binders,*,CA-2015-121167,$17
CA-2015-121286,Appliances,*,CA-2015-121286,$58
CA-2015-121286,Fasteners,*,CA-2015-121286,$8
CA-2015-121573,Binders,*,CA-2015-121573,$57
CA-2015-121573,Phones,*,CA-2015-121573,$784
CA-2015-121629,Machines,*,CA-2015-121629,$999
CA-2015-121664,Binders,*,CA-2015-121664,$141
CA-2015-121727,Art,*,CA-2015-121727,$11
CA-2015-121762,Accessories,*,CA-2015-121762,$240
CA-2015-121762,Appliances,*,CA-2015-121762,$82
CA-2015-121762,Supplies,*,CA-2015-121762,$239
CA-2015-121769,Tables,*,CA-2015-121769,$172
CA-2015-122070,Binders,*,CA-2015-122070,$10
CA-2015-122070,Envelopes,*,CA-2015-122070,$248
CA-2015-122217,Furnishings,*,CA-2015-122217,$111
CA-2015-122336,Art,*,CA-2015-122336,$18
CA-2015-122336,Binders,*,CA-2015-122336,$510
CA-2015-122336,Fasteners,*,CA-2015-122336,$31
CA-2015-122336,Phones,*,CA-2015-122336,$72
CA-2015-122567,Appliances,*,CA-2015-122567,$8
CA-2015-122567,Binders,*,CA-2015-122567,$1
CA-2015-122588,Furnishings,*,CA-2015-122588,$53
CA-2015-122609,Accessories,*,CA-2015-122609,$128
CA-2015-122609,Furnishings,*,CA-2015-122609,$25
CA-2015-122679,Art,*,CA-2015-122679,$20
CA-2015-122749,Phones,*,CA-2015-122749,$480
CA-2015-122882,Furnishings,*,CA-2015-122882,$42
CA-2015-122882,Machines,*,CA-2015-122882,$400
CA-2015-122882,Phones,*,CA-2015-122882,$32
CA-2015-122882,Storage,*,CA-2015-122882,$65
CA-2015-122931,Art,*,CA-2015-122931,$4
CA-2015-122931,Labels,*,CA-2015-122931,$55
CA-2015-122931,Paper,*,CA-2015-122931,$21
CA-2015-122931,Storage,*,CA-2015-122931,"$1,802"
CA-2015-122931,Tables,*,CA-2015-122931,$476
CA-2015-123064,Art,*,CA-2015-123064,$5
CA-2015-123127,Appliances,*,CA-2015-123127,$17
CA-2015-123225,Paper,*,CA-2015-123225,$10
CA-2015-123225,Phones,*,CA-2015-123225,$576
CA-2015-123253,Art,*,CA-2015-123253,$4
CA-2015-123260,Accessories,*,CA-2015-123260,$177
CA-2015-123295,Chairs,*,CA-2015-123295,$259
CA-2015-123316,Binders,*,CA-2015-123316,$8
CA-2015-123323,Binders,*,CA-2015-123323,$123
CA-2015-123344,Storage,*,CA-2015-123344,$212
CA-2015-123400,Binders,*,CA-2015-123400,$18
CA-2015-123400,Phones,*,CA-2015-123400,$181
CA-2015-123477,Appliances,*,CA-2015-123477,$65
CA-2015-123498,Binders,*,CA-2015-123498,$26
CA-2015-123498,Envelopes,*,CA-2015-123498,$74
CA-2015-123855,Phones,*,CA-2015-123855,$140
CA-2015-123925,Art,*,CA-2015-123925,$40
CA-2015-124023,Furnishings,*,CA-2015-124023,$9
CA-2015-124079,Binders,*,CA-2015-124079,$5
CA-2015-124079,Furnishings,*,CA-2015-124079,$88
CA-2015-124247,Chairs,*,CA-2015-124247,"$1,404"
CA-2015-124394,Accessories,*,CA-2015-124394,$120
CA-2015-124394,Binders,*,CA-2015-124394,$11
CA-2015-124429,Storage,*,CA-2015-124429,$359
CA-2015-124429,Tables,*,CA-2015-124429,$567
CA-2015-124464,Appliances,*,CA-2015-124464,$39
CA-2015-124478,Appliances,*,CA-2015-124478,$168
CA-2015-124478,Copiers,*,CA-2015-124478,$550
CA-2015-124478,Envelopes,*,CA-2015-124478,$38
CA-2015-124478,Furnishings,*,CA-2015-124478,$54
CA-2015-124478,Phones,*,CA-2015-124478,$300
CA-2015-124513,Art,*,CA-2015-124513,$66
CA-2015-124618,Copiers,*,CA-2015-124618,$480
CA-2015-124646,Storage,*,CA-2015-124646,$664
CA-2015-124688,Furnishings,*,CA-2015-124688,$29
CA-2015-124688,Phones,*,CA-2015-124688,$580
CA-2015-124688,Tables,*,CA-2015-124688,"$1,203"
CA-2015-124702,Furnishings,*,CA-2015-124702,$138
CA-2015-124702,Tables,*,CA-2015-124702,$730
CA-2015-124709,Accessories,*,CA-2015-124709,$238
CA-2015-124723,Tables,*,CA-2015-124723,$489
CA-2015-124730,Binders,*,CA-2015-124730,$30
CA-2015-124730,Labels,*,CA-2015-124730,$105
CA-2015-124730,Phones,*,CA-2015-124730,$280
CA-2015-124737,Furnishings,*,CA-2015-124737,$4
CA-2015-124737,Paper,*,CA-2015-124737,$270
CA-2015-124737,Phones,*,CA-2015-124737,$144
CA-2015-124737,Supplies,*,CA-2015-124737,$7
CA-2015-124807,Accessories,*,CA-2015-124807,$24
CA-2015-124807,Paper,*,CA-2015-124807,$36
CA-2015-124856,Furnishings,*,CA-2015-124856,$117
CA-2015-124856,Labels,*,CA-2015-124856,$19
CA-2015-124856,Paper,*,CA-2015-124856,$78
CA-2015-124856,Storage,*,CA-2015-124856,"$1,396"
CA-2015-125136,Paper,*,CA-2015-125136,$107
CA-2015-125150,Chairs,*,CA-2015-125150,$233
CA-2015-125171,Labels,*,CA-2015-125171,$14
CA-2015-125514,Appliances,*,CA-2015-125514,$62
CA-2015-125514,Paper,*,CA-2015-125514,$6
CA-2015-125542,Envelopes,*,CA-2015-125542,$348
CA-2015-125542,Storage,*,CA-2015-125542,$173
CA-2015-125556,Binders,*,CA-2015-125556,$44
CA-2015-125556,Phones,*,CA-2015-125556,$833
CA-2015-125612,Paper,*,CA-2015-125612,$40
CA-2015-125612,Storage,*,CA-2015-125612,$21
CA-2015-125612,Supplies,*,CA-2015-125612,$102
CA-2015-125682,Paper,*,CA-2015-125682,$10
CA-2015-125731,Chairs,*,CA-2015-125731,"$1,487"
CA-2015-125731,Envelopes,*,CA-2015-125731,$22
CA-2015-125759,Furnishings,*,CA-2015-125759,$15
CA-2015-125829,Binders,*,CA-2015-125829,$22
CA-2015-125829,Machines,*,CA-2015-125829,$448
CA-2015-125829,Paper,*,CA-2015-125829,$19
CA-2015-125829,Phones,*,CA-2015-125829,$666
CA-2015-125829,Tables,*,CA-2015-125829,$574
CA-2015-125997,Appliances,*,CA-2015-125997,$31
CA-2015-125997,Bookcases,*,CA-2015-125997,$802
CA-2015-125997,Chairs,*,CA-2015-125997,$632
CA-2015-125997,Labels,*,CA-2015-125997,$75
CA-2015-125997,Phones,*,CA-2015-125997,"$1,980"
CA-2015-126032,Accessories,*,CA-2015-126032,$86
CA-2015-126193,Binders,*,CA-2015-126193,$309
CA-2015-126193,Fasteners,*,CA-2015-126193,$13
CA-2015-126200,Binders,*,CA-2015-126200,$38
CA-2015-126277,Binders,*,CA-2015-126277,$3
CA-2015-126333,Paper,*,CA-2015-126333,$5
CA-2015-126361,Appliances,*,CA-2015-126361,"$1,090"
CA-2015-126361,Art,*,CA-2015-126361,$16
CA-2015-126361,Binders,*,CA-2015-126361,$13
CA-2015-126361,Paper,*,CA-2015-126361,$448
CA-2015-126361,Phones,*,CA-2015-126361,$400
CA-2015-126361,Storage,*,CA-2015-126361,$159
CA-2015-126403,Chairs,*,CA-2015-126403,$786
CA-2015-126403,Paper,*,CA-2015-126403,$193
CA-2015-126403,Storage,*,CA-2015-126403,"$1,326"
CA-2015-126480,Paper,*,CA-2015-126480,$9
CA-2015-126522,Art,*,CA-2015-126522,$54
CA-2015-126683,Furnishings,*,CA-2015-126683,$6
CA-2015-126683,Tables,*,CA-2015-126683,"$2,349"
CA-2015-126760,Accessories,*,CA-2015-126760,$171
CA-2015-126760,Chairs,*,CA-2015-126760,$674
CA-2015-126760,Furnishings,*,CA-2015-126760,$134
CA-2015-126760,Phones,*,CA-2015-126760,$912
CA-2015-126802,Furnishings,*,CA-2015-126802,$39
CA-2015-126907,Paper,*,CA-2015-126907,$16
CA-2015-126963,Paper,*,CA-2015-126963,$37
CA-2015-127012,Art,*,CA-2015-127012,$41
CA-2015-127012,Fasteners,*,CA-2015-127012,$23
CA-2015-127012,Furnishings,*,CA-2015-127012,$12
CA-2015-127131,Binders,*,CA-2015-127131,$12
CA-2015-127131,Paper,*,CA-2015-127131,$26
CA-2015-127131,Storage,*,CA-2015-127131,$683
CA-2015-127159,Furnishings,*,CA-2015-127159,$35
CA-2015-127166,Binders,*,CA-2015-127166,$18
CA-2015-127166,Chairs,*,CA-2015-127166,$108
CA-2015-127166,Envelopes,*,CA-2015-127166,$56
CA-2015-127166,Paper,*,CA-2015-127166,$5
CA-2015-127187,Phones,*,CA-2015-127187,$130
CA-2015-127299,Machines,*,CA-2015-127299,"$2,625"
CA-2015-127299,Storage,*,CA-2015-127299,$67
CA-2015-127383,Envelopes,*,CA-2015-127383,$50
CA-2015-127446,Accessories,*,CA-2015-127446,$25
CA-2015-127446,Furnishings,*,CA-2015-127446,$6
CA-2015-127446,Labels,*,CA-2015-127446,$8
CA-2015-127446,Paper,*,CA-2015-127446,$16
CA-2015-127446,Tables,*,CA-2015-127446,"$1,219"
CA-2015-127488,Labels,*,CA-2015-127488,$5
CA-2015-127523,Appliances,*,CA-2015-127523,$36
CA-2015-127558,Accessories,*,CA-2015-127558,$772
CA-2015-127558,Furnishings,*,CA-2015-127558,$10
CA-2015-127558,Supplies,*,CA-2015-127558,$20
CA-2015-127586,Storage,*,CA-2015-127586,$310
CA-2015-127614,Accessories,*,CA-2015-127614,$234
CA-2015-127614,Binders,*,CA-2015-127614,$17
CA-2015-127614,Tables,*,CA-2015-127614,"$1,256"
CA-2015-127691,Accessories,*,CA-2015-127691,$160
CA-2015-127691,Art,*,CA-2015-127691,$6
CA-2015-127859,Paper,*,CA-2015-127859,$127
CA-2015-127866,Accessories,*,CA-2015-127866,$42
CA-2015-127866,Art,*,CA-2015-127866,$13
CA-2015-127866,Paper,*,CA-2015-127866,$12
CA-2015-127866,Storage,*,CA-2015-127866,$535
CA-2015-127936,Art,*,CA-2015-127936,$21
CA-2015-127964,Binders,*,CA-2015-127964,$151
CA-2015-127964,Phones,*,CA-2015-127964,$10
CA-2015-128055,Appliances,*,CA-2015-128055,$53
CA-2015-128055,Binders,*,CA-2015-128055,$674
CA-2015-128062,Paper,*,CA-2015-128062,$6
CA-2015-128146,Art,*,CA-2015-128146,$4
CA-2015-128146,Phones,*,CA-2015-128146,"$1,323"
CA-2015-128209,Binders,*,CA-2015-128209,"$2,153"
CA-2015-128209,Bookcases,*,CA-2015-128209,"$4,008"
CA-2015-128237,Accessories,*,CA-2015-128237,$45
CA-2015-128237,Art,*,CA-2015-128237,$47
CA-2015-128524,Accessories,*,CA-2015-128524,$102
CA-2015-128524,Appliances,*,CA-2015-128524,$23
CA-2015-128524,Binders,*,CA-2015-128524,"$2,034"
CA-2015-128538,Envelopes,*,CA-2015-128538,$8
CA-2015-128622,Supplies,*,CA-2015-128622,$11
CA-2015-128839,Fasteners,*,CA-2015-128839,$45
CA-2015-128839,Machines,*,CA-2015-128839,$210
CA-2015-128846,Paper,*,CA-2015-128846,$123
CA-2015-128846,Phones,*,CA-2015-128846,$630
CA-2015-128888,Envelopes,*,CA-2015-128888,$605
CA-2015-128986,Paper,*,CA-2015-128986,$93
CA-2015-129091,Appliances,*,CA-2015-129091,$675
CA-2015-129091,Binders,*,CA-2015-129091,$320
CA-2015-129091,Envelopes,*,CA-2015-129091,$28
CA-2015-129147,Binders,*,CA-2015-129147,$19
CA-2015-129147,Phones,*,CA-2015-129147,$590
CA-2015-129168,Paper,*,CA-2015-129168,$16
CA-2015-129189,Appliances,*,CA-2015-129189,$5
CA-2015-129189,Binders,*,CA-2015-129189,$1
CA-2015-129189,Chairs,*,CA-2015-129189,$658
CA-2015-129189,Envelopes,*,CA-2015-129189,$88
CA-2015-129364,Accessories,*,CA-2015-129364,$104
CA-2015-129364,Binders,*,CA-2015-129364,$6
CA-2015-129364,Labels,*,CA-2015-129364,$39
CA-2015-129364,Paper,*,CA-2015-129364,$10
CA-2015-129364,Phones,*,CA-2015-129364,$53
CA-2015-129364,Storage,*,CA-2015-129364,$39
CA-2015-129364,Supplies,*,CA-2015-129364,$14
CA-2015-129574,Paper,*,CA-2015-129574,$48
CA-2015-129819,Binders,*,CA-2015-129819,$12
CA-2015-129924,Binders,*,CA-2015-129924,$8
CA-2015-129924,Tables,*,CA-2015-129924,$698
CA-2015-129938,Chairs,*,CA-2015-129938,$446
CA-2015-130092,Furnishings,*,CA-2015-130092,$10
CA-2015-130155,Supplies,*,CA-2015-130155,$34
CA-2015-130274,Labels,*,CA-2015-130274,$22
CA-2015-130421,Appliances,*,CA-2015-130421,$177
CA-2015-130428,Art,*,CA-2015-130428,$4
CA-2015-130428,Binders,*,CA-2015-130428,$13
CA-2015-130428,Chairs,*,CA-2015-130428,"$1,125"
CA-2015-130449,Furnishings,*,CA-2015-130449,$42
CA-2015-130449,Labels,*,CA-2015-130449,$58
CA-2015-130575,Binders,*,CA-2015-130575,$9
CA-2015-130624,Appliances,*,CA-2015-130624,$60
CA-2015-130624,Paper,*,CA-2015-130624,$20
CA-2015-130624,Phones,*,CA-2015-130624,$618
CA-2015-130673,Accessories,*,CA-2015-130673,$21
CA-2015-130673,Furnishings,*,CA-2015-130673,$10
CA-2015-130673,Paper,*,CA-2015-130673,$10
CA-2015-130673,Storage,*,CA-2015-130673,$67
CA-2015-130729,Binders,*,CA-2015-130729,$34
CA-2015-130813,Paper,*,CA-2015-130813,$19
CA-2015-130869,Envelopes,*,CA-2015-130869,$7
CA-2015-130918,Supplies,*,CA-2015-130918,$8
CA-2015-130960,Art,*,CA-2015-130960,$10
CA-2015-131002,Binders,*,CA-2015-131002,$43
CA-2015-131002,Furnishings,*,CA-2015-131002,$880
CA-2015-131002,Paper,*,CA-2015-131002,$13
CA-2015-131002,Phones,*,CA-2015-131002,$105
CA-2015-131009,Chairs,*,CA-2015-131009,$362
CA-2015-131009,Fasteners,*,CA-2015-131009,$19
CA-2015-131009,Furnishings,*,CA-2015-131009,$64
CA-2015-131009,Storage,*,CA-2015-131009,$130
CA-2015-131051,Furnishings,*,CA-2015-131051,$58
CA-2015-131247,Bookcases,*,CA-2015-131247,$206
CA-2015-131310,Binders,*,CA-2015-131310,$11
CA-2015-131310,Chairs,*,CA-2015-131310,$123
CA-2015-131387,Phones,*,CA-2015-131387,"$1,680"
CA-2015-131450,Appliances,*,CA-2015-131450,$76
CA-2015-131450,Copiers,*,CA-2015-131450,"$1,200"
CA-2015-131450,Furnishings,*,CA-2015-131450,$328
CA-2015-131450,Phones,*,CA-2015-131450,$446
CA-2015-131527,Phones,*,CA-2015-131527,$96
CA-2015-131541,Envelopes,*,CA-2015-131541,$49
CA-2015-131541,Fasteners,*,CA-2015-131541,$14
CA-2015-131541,Furnishings,*,CA-2015-131541,$130
CA-2015-131800,Appliances,*,CA-2015-131800,$123
CA-2015-131800,Binders,*,CA-2015-131800,$35
CA-2015-131905,Labels,*,CA-2015-131905,$15
CA-2015-131905,Phones,*,CA-2015-131905,$307
CA-2015-131926,Appliances,*,CA-2015-131926,"$1,503"
CA-2015-131926,Chairs,*,CA-2015-131926,"$2,002"
CA-2015-131926,Paper,*,CA-2015-131926,$74
CA-2015-131926,Storage,*,CA-2015-131926,$167
CA-2015-131947,Accessories,*,CA-2015-131947,$56
CA-2015-131947,Art,*,CA-2015-131947,$44
CA-2015-131947,Machines,*,CA-2015-131947,$30
CA-2015-131947,Paper,*,CA-2015-131947,$189
CA-2015-132010,Accessories,*,CA-2015-132010,$23
CA-2015-132010,Binders,*,CA-2015-132010,$15
CA-2015-132010,Envelopes,*,CA-2015-132010,$36
CA-2015-132010,Storage,*,CA-2015-132010,$315
CA-2015-132227,Binders,*,CA-2015-132227,$52
CA-2015-132451,Chairs,*,CA-2015-132451,$586
CA-2015-132451,Paper,*,CA-2015-132451,$19
CA-2015-132500,Accessories,*,CA-2015-132500,$50
CA-2015-132542,Binders,*,CA-2015-132542,$15
CA-2015-132612,Tables,*,CA-2015-132612,"$1,441"
CA-2015-132787,Storage,*,CA-2015-132787,$93
CA-2015-132801,Storage,*,CA-2015-132801,$107
CA-2015-132864,Accessories,*,CA-2015-132864,$120
CA-2015-132913,Appliances,*,CA-2015-132913,$14
CA-2015-132962,Accessories,*,CA-2015-132962,$252
CA-2015-132962,Paper,*,CA-2015-132962,$16
CA-2015-132983,Accessories,*,CA-2015-132983,$160
CA-2015-133158,Binders,*,CA-2015-133158,$69
CA-2015-133158,Furnishings,*,CA-2015-133158,$289
CA-2015-133228,Art,*,CA-2015-133228,$79
CA-2015-133228,Furnishings,*,CA-2015-133228,$5
CA-2015-133270,Art,*,CA-2015-133270,$13
CA-2015-133305,Binders,*,CA-2015-133305,$18
CA-2015-133305,Paper,*,CA-2015-133305,$49
CA-2015-133354,Paper,*,CA-2015-133354,$19
CA-2015-133389,Binders,*,CA-2015-133389,$8
CA-2015-133424,Labels,*,CA-2015-133424,$44
CA-2015-133424,Storage,*,CA-2015-133424,$16
CA-2015-133543,Art,*,CA-2015-133543,$12
CA-2015-133592,Accessories,*,CA-2015-133592,"$1,688"
CA-2015-133592,Bookcases,*,CA-2015-133592,$342
CA-2015-133592,Chairs,*,CA-2015-133592,$606
CA-2015-133592,Paper,*,CA-2015-133592,$211
CA-2015-133634,Accessories,*,CA-2015-133634,$48
CA-2015-133690,Appliances,*,CA-2015-133690,$3
CA-2015-133690,Tables,*,CA-2015-133690,$219
CA-2015-133704,Appliances,*,CA-2015-133704,$44
CA-2015-133704,Binders,*,CA-2015-133704,$20
CA-2015-133753,Accessories,*,CA-2015-133753,$64
CA-2015-133753,Art,*,CA-2015-133753,$70
CA-2015-133753,Phones,*,CA-2015-133753,$8
CA-2015-133809,Binders,*,CA-2015-133809,$12
CA-2015-133809,Phones,*,CA-2015-133809,$10
CA-2015-133830,Art,*,CA-2015-133830,$26
CA-2015-133830,Fasteners,*,CA-2015-133830,$15
CA-2015-133830,Paper,*,CA-2015-133830,$49
CA-2015-133851,Art,*,CA-2015-133851,$23
CA-2015-133851,Supplies,*,CA-2015-133851,$7
CA-2015-133963,Paper,*,CA-2015-133963,$4
CA-2015-134061,Furnishings,*,CA-2015-134061,$17
CA-2015-134103,Paper,*,CA-2015-134103,$11
CA-2015-134103,Storage,*,CA-2015-134103,$230
CA-2015-134215,Accessories,*,CA-2015-134215,$255
CA-2015-134215,Appliances,*,CA-2015-134215,$102
CA-2015-134215,Paper,*,CA-2015-134215,$260
CA-2015-134278,Copiers,*,CA-2015-134278,$560
CA-2015-134313,Art,*,CA-2015-134313,$43
CA-2015-134313,Phones,*,CA-2015-134313,"$1,984"
CA-2015-134551,Appliances,*,CA-2015-134551,$44
CA-2015-134551,Chairs,*,CA-2015-134551,$663
CA-2015-134551,Paper,*,CA-2015-134551,$26
CA-2015-134572,Storage,*,CA-2015-134572,$45
CA-2015-134572,Tables,*,CA-2015-134572,"$1,146"
CA-2015-134621,Binders,*,CA-2015-134621,$18
CA-2015-134677,Accessories,*,CA-2015-134677,$9
CA-2015-134726,Accessories,*,CA-2015-134726,$42
CA-2015-134726,Phones,*,CA-2015-134726,$53
CA-2015-135090,Paper,*,CA-2015-135090,$54
CA-2015-135405,Accessories,*,CA-2015-135405,$31
CA-2015-135405,Art,*,CA-2015-135405,$9
CA-2015-135608,Chairs,*,CA-2015-135608,$604
CA-2015-135608,Paper,*,CA-2015-135608,$46
CA-2015-135657,Tables,*,CA-2015-135657,$516
CA-2015-135699,Paper,*,CA-2015-135699,$123
CA-2015-135755,Binders,*,CA-2015-135755,$51
CA-2015-135993,Accessories,*,CA-2015-135993,$28
CA-2015-135993,Phones,*,CA-2015-135993,$57
CA-2015-136280,Labels,*,CA-2015-136280,$5
CA-2015-136336,Storage,*,CA-2015-136336,$829
CA-2015-136399,Accessories,*,CA-2015-136399,$395
CA-2015-136399,Chairs,*,CA-2015-136399,$242
CA-2015-136399,Furnishings,*,CA-2015-136399,$44
CA-2015-136399,Phones,*,CA-2015-136399,$627
CA-2015-136567,Binders,*,CA-2015-136567,$62
CA-2015-136567,Storage,*,CA-2015-136567,$122
CA-2015-136567,Tables,*,CA-2015-136567,"$2,700"
CA-2015-136644,Chairs,*,CA-2015-136644,$648
CA-2015-136742,Binders,*,CA-2015-136742,$45
CA-2015-136861,Furnishings,*,CA-2015-136861,$32
CA-2015-137092,Accessories,*,CA-2015-137092,$320
CA-2015-137092,Binders,*,CA-2015-137092,$9
CA-2015-137092,Labels,*,CA-2015-137092,$24
CA-2015-137092,Paper,*,CA-2015-137092,$4
CA-2015-137092,Storage,*,CA-2015-137092,$505
CA-2015-137274,Tables,*,CA-2015-137274,$891
CA-2015-137351,Binders,*,CA-2015-137351,$43
CA-2015-137575,Accessories,*,CA-2015-137575,$200
CA-2015-137589,Supplies,*,CA-2015-137589,$286
CA-2015-137911,Paper,*,CA-2015-137911,$89
CA-2015-138023,Binders,*,CA-2015-138023,$31
CA-2015-138072,Accessories,*,CA-2015-138072,$28
CA-2015-138100,Furnishings,*,CA-2015-138100,$15
CA-2015-138100,Paper,*,CA-2015-138100,$15
CA-2015-138128,Copiers,*,CA-2015-138128,"$1,080"
CA-2015-138128,Envelopes,*,CA-2015-138128,$31
CA-2015-138177,Tables,*,CA-2015-138177,$74
CA-2015-138198,Binders,*,CA-2015-138198,$14
CA-2015-138240,Art,*,CA-2015-138240,$145
CA-2015-138240,Phones,*,CA-2015-138240,$16
CA-2015-138296,Storage,*,CA-2015-138296,$25
CA-2015-138317,Accessories,*,CA-2015-138317,$96
CA-2015-138317,Appliances,*,CA-2015-138317,$44
CA-2015-138317,Binders,*,CA-2015-138317,$9
CA-2015-138317,Envelopes,*,CA-2015-138317,$25
CA-2015-138317,Furnishings,*,CA-2015-138317,$4
CA-2015-138317,Machines,*,CA-2015-138317,$207
CA-2015-138359,Binders,*,CA-2015-138359,$6
CA-2015-138359,Storage,*,CA-2015-138359,$67
CA-2015-138436,Accessories,*,CA-2015-138436,$66
CA-2015-138450,Envelopes,*,CA-2015-138450,$53
CA-2015-138450,Paper,*,CA-2015-138450,$10
CA-2015-138450,Storage,*,CA-2015-138450,$187
CA-2015-138513,Paper,*,CA-2015-138513,$13
CA-2015-138527,Accessories,*,CA-2015-138527,$15
CA-2015-138527,Appliances,*,CA-2015-138527,$167
CA-2015-138527,Paper,*,CA-2015-138527,$10
CA-2015-138681,Accessories,*,CA-2015-138681,$72
CA-2015-138681,Chairs,*,CA-2015-138681,$242
CA-2015-138681,Furnishings,*,CA-2015-138681,$52
CA-2015-138681,Paper,*,CA-2015-138681,$230
CA-2015-138709,Binders,*,CA-2015-138709,$16
CA-2015-138709,Paper,*,CA-2015-138709,$22
CA-2015-138737,Art,*,CA-2015-138737,$9
CA-2015-138940,Phones,*,CA-2015-138940,$758
CA-2015-139017,Accessories,*,CA-2015-139017,$47
CA-2015-139192,Accessories,*,CA-2015-139192,$100
CA-2015-139192,Phones,*,CA-2015-139192,"$1,114"
CA-2015-139283,Binders,*,CA-2015-139283,$15
CA-2015-139423,Appliances,*,CA-2015-139423,$76
CA-2015-139451,Art,*,CA-2015-139451,$15
CA-2015-139451,Storage,*,CA-2015-139451,$21
CA-2015-139542,Accessories,*,CA-2015-139542,$41
CA-2015-139542,Binders,*,CA-2015-139542,$14
CA-2015-139598,Appliances,*,CA-2015-139598,$116
CA-2015-139598,Paper,*,CA-2015-139598,$18
CA-2015-139598,Storage,*,CA-2015-139598,$227
CA-2015-139633,Binders,*,CA-2015-139633,$5
CA-2015-139857,Fasteners,*,CA-2015-139857,$12
CA-2015-139892,Appliances,*,CA-2015-139892,$178
CA-2015-139892,Art,*,CA-2015-139892,$42
CA-2015-139892,Chairs,*,CA-2015-139892,"$1,740"
CA-2015-139892,Machines,*,CA-2015-139892,"$8,160"
CA-2015-139892,Phones,*,CA-2015-139892,$144
CA-2015-139892,Storage,*,CA-2015-139892,$276
CA-2015-140004,Art,*,CA-2015-140004,$13
CA-2015-140032,Binders,*,CA-2015-140032,$9
CA-2015-140039,Storage,*,CA-2015-140039,$79
CA-2015-140165,Binders,*,CA-2015-140165,$398
CA-2015-140165,Fasteners,*,CA-2015-140165,$7
CA-2015-140228,Labels,*,CA-2015-140228,$7
CA-2015-140228,Storage,*,CA-2015-140228,$205
CA-2015-140396,Binders,*,CA-2015-140396,$13
CA-2015-140396,Envelopes,*,CA-2015-140396,$35
CA-2015-140396,Paper,*,CA-2015-140396,$26
CA-2015-140396,Phones,*,CA-2015-140396,$834
CA-2015-140403,Chairs,*,CA-2015-140403,$122
CA-2015-140403,Envelopes,*,CA-2015-140403,$15
CA-2015-140473,Copiers,*,CA-2015-140473,$720
CA-2015-140487,Bookcases,*,CA-2015-140487,$213
CA-2015-140662,Accessories,*,CA-2015-140662,$100
CA-2015-140662,Appliances,*,CA-2015-140662,$241
CA-2015-140662,Paper,*,CA-2015-140662,$734
CA-2015-140732,Appliances,*,CA-2015-140732,$8
CA-2015-140732,Paper,*,CA-2015-140732,$124
CA-2015-140732,Phones,*,CA-2015-140732,$576
CA-2015-140795,Accessories,*,CA-2015-140795,$469
CA-2015-140816,Accessories,*,CA-2015-140816,$448
CA-2015-140858,Binders,*,CA-2015-140858,$34
CA-2015-140858,Chairs,*,CA-2015-140858,"$1,228"
CA-2015-140858,Paper,*,CA-2015-140858,$377
CA-2015-140886,Appliances,*,CA-2015-140886,$69
CA-2015-141005,Binders,*,CA-2015-141005,$63
CA-2015-141110,Appliances,*,CA-2015-141110,$41
CA-2015-141110,Binders,*,CA-2015-141110,$12
CA-2015-141110,Paper,*,CA-2015-141110,$15
CA-2015-141152,Binders,*,CA-2015-141152,$34
CA-2015-141173,Storage,*,CA-2015-141173,$67
CA-2015-141278,Art,*,CA-2015-141278,$21
CA-2015-141299,Envelopes,*,CA-2015-141299,$15
CA-2015-141313,Appliances,*,CA-2015-141313,"$1,737"
CA-2015-141313,Paper,*,CA-2015-141313,$142
CA-2015-141313,Storage,*,CA-2015-141313,$704
CA-2015-141355,Art,*,CA-2015-141355,$15
CA-2015-141607,Furnishings,*,CA-2015-141607,$43
CA-2015-141649,Appliances,*,CA-2015-141649,$795
CA-2015-141726,Binders,*,CA-2015-141726,$9
CA-2015-141726,Furnishings,*,CA-2015-141726,$43
CA-2015-141726,Paper,*,CA-2015-141726,$125
CA-2015-141796,Phones,*,CA-2015-141796,"$1,215"
CA-2015-141817,Art,*,CA-2015-141817,$20
CA-2015-141838,Art,*,CA-2015-141838,$3
CA-2015-141838,Binders,*,CA-2015-141838,$28
CA-2015-141838,Phones,*,CA-2015-141838,$29
CA-2015-141901,Paper,*,CA-2015-141901,$6
CA-2015-142048,Accessories,*,CA-2015-142048,$197
CA-2015-142314,Appliances,*,CA-2015-142314,$207
CA-2015-142510,Binders,*,CA-2015-142510,$18
CA-2015-142510,Paper,*,CA-2015-142510,$124
CA-2015-142510,Storage,*,CA-2015-142510,$132
CA-2015-142587,Appliances,*,CA-2015-142587,$122
CA-2015-142587,Tables,*,CA-2015-142587,$410
CA-2015-142727,Binders,*,CA-2015-142727,$18
CA-2015-142727,Chairs,*,CA-2015-142727,$52
CA-2015-142769,Accessories,*,CA-2015-142769,$463
CA-2015-142769,Appliances,*,CA-2015-142769,$23
CA-2015-142769,Fasteners,*,CA-2015-142769,$6
CA-2015-142769,Furnishings,*,CA-2015-142769,$14
CA-2015-142769,Paper,*,CA-2015-142769,$49
CA-2015-142769,Supplies,*,CA-2015-142769,$7
CA-2015-142839,Tables,*,CA-2015-142839,$853
CA-2015-142951,Accessories,*,CA-2015-142951,$23
CA-2015-142965,Binders,*,CA-2015-142965,$27
CA-2015-142965,Storage,*,CA-2015-142965,$26
CA-2015-142979,Art,*,CA-2015-142979,$40
CA-2015-143168,Binders,*,CA-2015-143168,$1
CA-2015-143168,Paper,*,CA-2015-143168,$62
CA-2015-143182,Furnishings,*,CA-2015-143182,$15
CA-2015-143210,Furnishings,*,CA-2015-143210,$56
CA-2015-143210,Phones,*,CA-2015-143210,$272
CA-2015-143336,Art,*,CA-2015-143336,$9
CA-2015-143336,Binders,*,CA-2015-143336,$23
CA-2015-143336,Phones,*,CA-2015-143336,$213
CA-2015-143371,Storage,*,CA-2015-143371,$999
CA-2015-143371,Supplies,*,CA-2015-143371,$51
CA-2015-143385,Accessories,*,CA-2015-143385,$93
CA-2015-143413,Paper,*,CA-2015-143413,$116
CA-2015-143637,Furnishings,*,CA-2015-143637,$40
CA-2015-143840,Phones,*,CA-2015-143840,$181
CA-2015-143903,Chairs,*,CA-2015-143903,$981
CA-2015-143903,Furnishings,*,CA-2015-143903,$17
CA-2015-143903,Storage,*,CA-2015-143903,$343
CA-2015-143917,Furnishings,*,CA-2015-143917,$78
CA-2015-143917,Storage,*,CA-2015-143917,$54
CA-2015-143917,Supplies,*,CA-2015-143917,"$8,188"
CA-2015-144029,Art,*,CA-2015-144029,$13
CA-2015-144029,Chairs,*,CA-2015-144029,$360
CA-2015-144029,Storage,*,CA-2015-144029,$103
CA-2015-144071,Furnishings,*,CA-2015-144071,$119
CA-2015-144281,Labels,*,CA-2015-144281,$492
CA-2015-144407,Labels,*,CA-2015-144407,$104
CA-2015-144414,Binders,*,CA-2015-144414,"$3,266"
CA-2015-144414,Fasteners,*,CA-2015-144414,$18
CA-2015-144414,Furnishings,*,CA-2015-144414,$6
CA-2015-144624,Phones,*,CA-2015-144624,"$4,549"
CA-2015-144666,Bookcases,*,CA-2015-144666,$223
CA-2015-144666,Paper,*,CA-2015-144666,$158
CA-2015-144666,Phones,*,CA-2015-144666,$704
CA-2015-144666,Storage,*,CA-2015-144666,$433
CA-2015-144974,Appliances,*,CA-2015-144974,$41
CA-2015-144974,Binders,*,CA-2015-144974,$6
CA-2015-144974,Furnishings,*,CA-2015-144974,$21
CA-2015-145212,Art,*,CA-2015-145212,$5
CA-2015-145254,Accessories,*,CA-2015-145254,$45
CA-2015-145254,Phones,*,CA-2015-145254,$907
CA-2015-145254,Supplies,*,CA-2015-145254,$41
CA-2015-145317,Art,*,CA-2015-145317,$8
CA-2015-145317,Fasteners,*,CA-2015-145317,$19
CA-2015-145317,Furnishings,*,CA-2015-145317,$153
CA-2015-145317,Machines,*,CA-2015-145317,"$23,460"
CA-2015-145317,Paper,*,CA-2015-145317,$21
CA-2015-145387,Art,*,CA-2015-145387,$49
CA-2015-145387,Binders,*,CA-2015-145387,$34
CA-2015-145387,Chairs,*,CA-2015-145387,"$1,605"
CA-2015-145387,Furnishings,*,CA-2015-145387,$32
CA-2015-145387,Paper,*,CA-2015-145387,$10
CA-2015-145387,Tables,*,CA-2015-145387,$386
CA-2015-145541,Machines,*,CA-2015-145541,"$7,000"
CA-2015-145576,Appliances,*,CA-2015-145576,$13
CA-2015-145576,Furnishings,*,CA-2015-145576,$13
CA-2015-145800,Tables,*,CA-2015-145800,$355
CA-2015-145926,Chairs,*,CA-2015-145926,$480
CA-2015-146283,Chairs,*,CA-2015-146283,$967
CA-2015-146283,Paper,*,CA-2015-146283,$200
CA-2015-146500,Binders,*,CA-2015-146500,$25
CA-2015-146500,Storage,*,CA-2015-146500,$96
CA-2015-146528,Paper,*,CA-2015-146528,$6
CA-2015-146528,Supplies,*,CA-2015-146528,$16
CA-2015-146591,Binders,*,CA-2015-146591,$32
CA-2015-146591,Bookcases,*,CA-2015-146591,$181
CA-2015-146591,Envelopes,*,CA-2015-146591,$109
CA-2015-146591,Paper,*,CA-2015-146591,$56
CA-2015-146640,Binders,*,CA-2015-146640,$335
CA-2015-146703,Storage,*,CA-2015-146703,$212
CA-2015-146731,Paper,*,CA-2015-146731,$147
CA-2015-146815,Art,*,CA-2015-146815,$4
CA-2015-146815,Chairs,*,CA-2015-146815,$173
CA-2015-146843,Accessories,*,CA-2015-146843,$102
CA-2015-146843,Supplies,*,CA-2015-146843,$48
CA-2015-146864,Storage,*,CA-2015-146864,$216
CA-2015-146885,Paper,*,CA-2015-146885,$14
CA-2015-146969,Fasteners,*,CA-2015-146969,$9
CA-2015-146969,Furnishings,*,CA-2015-146969,$205
CA-2015-146969,Machines,*,CA-2015-146969,$686
CA-2015-146969,Paper,*,CA-2015-146969,$6
CA-2015-146969,Storage,*,CA-2015-146969,$62
CA-2015-146990,Fasteners,*,CA-2015-146990,$6
CA-2015-146990,Paper,*,CA-2015-146990,$30
CA-2015-146997,Fasteners,*,CA-2015-146997,$6
CA-2015-147235,Paper,*,CA-2015-147235,$25
CA-2015-147298,Binders,*,CA-2015-147298,$18
CA-2015-147298,Chairs,*,CA-2015-147298,$230
CA-2015-147543,Chairs,*,CA-2015-147543,$478
CA-2015-147900,Paper,*,CA-2015-147900,$29
CA-2015-147914,Paper,*,CA-2015-147914,$16
CA-2015-148040,Chairs,*,CA-2015-148040,$314
CA-2015-148040,Paper,*,CA-2015-148040,$74
CA-2015-148285,Paper,*,CA-2015-148285,$22
CA-2015-148369,Binders,*,CA-2015-148369,$11
CA-2015-148383,Binders,*,CA-2015-148383,$947
CA-2015-148425,Binders,*,CA-2015-148425,$7
CA-2015-148488,Binders,*,CA-2015-148488,$106
CA-2015-148488,Paper,*,CA-2015-148488,$11
CA-2015-148586,Chairs,*,CA-2015-148586,$367
CA-2015-148614,Furnishings,*,CA-2015-148614,$19
CA-2015-148614,Paper,*,CA-2015-148614,$19
CA-2015-148761,Binders,*,CA-2015-148761,$92
CA-2015-148782,Phones,*,CA-2015-148782,$89
CA-2015-148915,Phones,*,CA-2015-148915,$156
CA-2015-148915,Storage,*,CA-2015-148915,$444
CA-2015-148950,Accessories,*,CA-2015-148950,$35
CA-2015-148950,Binders,*,CA-2015-148950,$5
CA-2015-148950,Fasteners,*,CA-2015-148950,$3
CA-2015-149020,Furnishings,*,CA-2015-149020,$52
CA-2015-149020,Labels,*,CA-2015-149020,$3
CA-2015-149055,Envelopes,*,CA-2015-149055,$63
CA-2015-149104,Art,*,CA-2015-149104,$41
CA-2015-149104,Binders,*,CA-2015-149104,$40
CA-2015-149104,Storage,*,CA-2015-149104,$690
CA-2015-149244,Furnishings,*,CA-2015-149244,$35
CA-2015-149524,Bookcases,*,CA-2015-149524,$62
CA-2015-149538,Accessories,*,CA-2015-149538,$100
CA-2015-149538,Paper,*,CA-2015-149538,$32
CA-2015-149538,Storage,*,CA-2015-149538,$233
CA-2015-149594,Furnishings,*,CA-2015-149594,$104
CA-2015-149643,Phones,*,CA-2015-149643,$274
CA-2015-149958,Binders,*,CA-2015-149958,$50
CA-2015-149958,Furnishings,*,CA-2015-149958,$46
CA-2015-149958,Paper,*,CA-2015-149958,$132
CA-2015-149958,Storage,*,CA-2015-149958,$143
CA-2015-150203,Appliances,*,CA-2015-150203,$250
CA-2015-150245,Bookcases,*,CA-2015-150245,"$1,573"
CA-2015-150301,Chairs,*,CA-2015-150301,$64
CA-2015-150329,Furnishings,*,CA-2015-150329,$47
CA-2015-150490,Accessories,*,CA-2015-150490,$16
CA-2015-150490,Art,*,CA-2015-150490,$46
CA-2015-150490,Storage,*,CA-2015-150490,$16
CA-2015-150518,Phones,*,CA-2015-150518,$282
CA-2015-150518,Storage,*,CA-2015-150518,$221
CA-2015-150581,Accessories,*,CA-2015-150581,$400
CA-2015-150581,Tables,*,CA-2015-150581,$100
CA-2015-150798,Chairs,*,CA-2015-150798,$910
CA-2015-150798,Copiers,*,CA-2015-150798,$660
CA-2015-150798,Furnishings,*,CA-2015-150798,$8
CA-2015-150798,Paper,*,CA-2015-150798,$36
CA-2015-151001,Storage,*,CA-2015-151001,$102
CA-2015-151078,Storage,*,CA-2015-151078,$50
CA-2015-151162,Binders,*,CA-2015-151162,$30
CA-2015-151162,Paper,*,CA-2015-151162,$116
CA-2015-151162,Phones,*,CA-2015-151162,$217
CA-2015-151295,Paper,*,CA-2015-151295,$12
CA-2015-151295,Tables,*,CA-2015-151295,$629
CA-2015-151330,Accessories,*,CA-2015-151330,$177
CA-2015-151330,Chairs,*,CA-2015-151330,"$1,629"
CA-2015-151330,Storage,*,CA-2015-151330,$79
CA-2015-151379,Paper,*,CA-2015-151379,$114
CA-2015-151554,Paper,*,CA-2015-151554,$21
CA-2015-151708,Accessories,*,CA-2015-151708,$96
CA-2015-151708,Furnishings,*,CA-2015-151708,$121
CA-2015-151792,Accessories,*,CA-2015-151792,$240
CA-2015-151897,Labels,*,CA-2015-151897,$100
CA-2015-151946,Appliances,*,CA-2015-151946,$16
CA-2015-151946,Bookcases,*,CA-2015-151946,$354
CA-2015-151946,Furnishings,*,CA-2015-151946,$71
CA-2015-151953,Art,*,CA-2015-151953,$3
CA-2015-151967,Furnishings,*,CA-2015-151967,$130
CA-2015-151995,Accessories,*,CA-2015-151995,$26
CA-2015-151995,Appliances,*,CA-2015-151995,$214
CA-2015-151995,Art,*,CA-2015-151995,$12
CA-2015-151995,Tables,*,CA-2015-151995,"$1,299"
CA-2015-152100,Chairs,*,CA-2015-152100,"$1,213"
CA-2015-152233,Accessories,*,CA-2015-152233,$100
CA-2015-152254,Paper,*,CA-2015-152254,$311
CA-2015-152268,Binders,*,CA-2015-152268,"$1,794"
CA-2015-152296,Binders,*,CA-2015-152296,$20
CA-2015-152345,Phones,*,CA-2015-152345,$24
CA-2015-152345,Storage,*,CA-2015-152345,$33
CA-2015-152422,Appliances,*,CA-2015-152422,$92
CA-2015-152443,Appliances,*,CA-2015-152443,$246
CA-2015-152443,Binders,*,CA-2015-152443,$448
CA-2015-152443,Paper,*,CA-2015-152443,$18
CA-2015-152562,Art,*,CA-2015-152562,$6
CA-2015-152562,Storage,*,CA-2015-152562,$70
CA-2015-152618,Machines,*,CA-2015-152618,$575
CA-2015-152618,Paper,*,CA-2015-152618,$8
CA-2015-152849,Art,*,CA-2015-152849,$4
CA-2015-152905,Storage,*,CA-2015-152905,$13
CA-2015-153087,Accessories,*,CA-2015-153087,$498
CA-2015-153087,Paper,*,CA-2015-153087,$24
CA-2015-153150,Binders,*,CA-2015-153150,$20
CA-2015-153479,Binders,*,CA-2015-153479,$96
CA-2015-153479,Labels,*,CA-2015-153479,$14
CA-2015-153619,Art,*,CA-2015-153619,$7
CA-2015-153808,Accessories,*,CA-2015-153808,$300
CA-2015-153808,Art,*,CA-2015-153808,$71
CA-2015-153808,Binders,*,CA-2015-153808,$66
CA-2015-153850,Furnishings,*,CA-2015-153850,$35
CA-2015-153850,Phones,*,CA-2015-153850,"$1,502"
CA-2015-153913,Chairs,*,CA-2015-153913,"$1,014"
CA-2015-153913,Fasteners,*,CA-2015-153913,$2
CA-2015-153927,Accessories,*,CA-2015-153927,$273
CA-2015-153927,Binders,*,CA-2015-153927,$14
CA-2015-153969,Art,*,CA-2015-153969,$60
CA-2015-153969,Envelopes,*,CA-2015-153969,$94
CA-2015-153969,Paper,*,CA-2015-153969,$58
CA-2015-153969,Phones,*,CA-2015-153969,$240
CA-2015-153976,Chairs,*,CA-2015-153976,$258
CA-2015-153983,Fasteners,*,CA-2015-153983,$30
CA-2015-153983,Phones,*,CA-2015-153983,$576
CA-2015-154095,Chairs,*,CA-2015-154095,$240
CA-2015-154095,Furnishings,*,CA-2015-154095,$61
CA-2015-154095,Labels,*,CA-2015-154095,$16
CA-2015-154095,Paper,*,CA-2015-154095,$147
CA-2015-154158,Art,*,CA-2015-154158,$1
CA-2015-154158,Chairs,*,CA-2015-154158,$65
CA-2015-154158,Paper,*,CA-2015-154158,$46
CA-2015-154158,Storage,*,CA-2015-154158,$508
CA-2015-154165,Art,*,CA-2015-154165,$54
CA-2015-154186,Supplies,*,CA-2015-154186,$3
CA-2015-154592,Paper,*,CA-2015-154592,$165
CA-2015-154599,Binders,*,CA-2015-154599,$18
CA-2015-154599,Bookcases,*,CA-2015-154599,$308
CA-2015-154599,Phones,*,CA-2015-154599,"$1,513"
CA-2015-154627,Phones,*,CA-2015-154627,"$2,736"
CA-2015-154641,Storage,*,CA-2015-154641,$375
CA-2015-154669,Storage,*,CA-2015-154669,$423
CA-2015-154781,Accessories,*,CA-2015-154781,$95
CA-2015-154781,Paper,*,CA-2015-154781,$7
CA-2015-154837,Binders,*,CA-2015-154837,$50
CA-2015-154893,Chairs,*,CA-2015-154893,"$1,898"
CA-2015-154963,Chairs,*,CA-2015-154963,"$1,024"
CA-2015-154963,Phones,*,CA-2015-154963,$83
CA-2015-155208,Art,*,CA-2015-155208,$39
CA-2015-155264,Binders,*,CA-2015-155264,$23
CA-2015-155264,Labels,*,CA-2015-155264,$19
CA-2015-155264,Paper,*,CA-2015-155264,$147
CA-2015-155264,Phones,*,CA-2015-155264,$118
CA-2015-155271,Furnishings,*,CA-2015-155271,$27
CA-2015-155390,Paper,*,CA-2015-155390,$42
CA-2015-155593,Supplies,*,CA-2015-155593,$12
CA-2015-155796,Bookcases,*,CA-2015-155796,$522
CA-2015-155796,Furnishings,*,CA-2015-155796,$24
CA-2015-155852,Art,*,CA-2015-155852,$19
CA-2015-155887,Tables,*,CA-2015-155887,$700
CA-2015-156006,Accessories,*,CA-2015-156006,$48
CA-2015-156160,Art,*,CA-2015-156160,$13
CA-2015-156160,Binders,*,CA-2015-156160,$4
CA-2015-156160,Chairs,*,CA-2015-156160,$580
CA-2015-156160,Furnishings,*,CA-2015-156160,$97
CA-2015-156244,Accessories,*,CA-2015-156244,$159
CA-2015-156244,Appliances,*,CA-2015-156244,$211
CA-2015-156244,Art,*,CA-2015-156244,$48
CA-2015-156244,Labels,*,CA-2015-156244,$3
CA-2015-156244,Paper,*,CA-2015-156244,$31
CA-2015-156244,Supplies,*,CA-2015-156244,$6
CA-2015-156314,Furnishings,*,CA-2015-156314,$30
CA-2015-156342,Paper,*,CA-2015-156342,$62
CA-2015-156349,Bookcases,*,CA-2015-156349,$291
CA-2015-156349,Phones,*,CA-2015-156349,$286
CA-2015-156433,Labels,*,CA-2015-156433,$10
CA-2015-156433,Paper,*,CA-2015-156433,$22
CA-2015-156545,Art,*,CA-2015-156545,$19
CA-2015-156587,Art,*,CA-2015-156587,$18
CA-2015-156587,Chairs,*,CA-2015-156587,$49
CA-2015-156587,Storage,*,CA-2015-156587,$243
CA-2015-156594,Art,*,CA-2015-156594,$51
CA-2015-156594,Binders,*,CA-2015-156594,$643
CA-2015-156601,Fasteners,*,CA-2015-156601,$7
CA-2015-156790,Bookcases,*,CA-2015-156790,$155
CA-2015-156993,Fasteners,*,CA-2015-156993,$6
CA-2015-157147,Art,*,CA-2015-157147,$20
CA-2015-157147,Bookcases,*,CA-2015-157147,$334
CA-2015-157147,Storage,*,CA-2015-157147,"$1,326"
CA-2015-157546,Binders,*,CA-2015-157546,$90
CA-2015-157546,Paper,*,CA-2015-157546,$23
CA-2015-157609,Phones,*,CA-2015-157609,$472
CA-2015-157623,Art,*,CA-2015-157623,$3
CA-2015-157623,Paper,*,CA-2015-157623,$11
CA-2015-157644,Accessories,*,CA-2015-157644,$35
CA-2015-157644,Labels,*,CA-2015-157644,$19
CA-2015-157721,Appliances,*,CA-2015-157721,$20
CA-2015-157721,Furnishings,*,CA-2015-157721,$71
CA-2015-157784,Accessories,*,CA-2015-157784,$480
CA-2015-157784,Labels,*,CA-2015-157784,$15
CA-2015-157784,Paper,*,CA-2015-157784,$19
CA-2015-157882,Chairs,*,CA-2015-157882,$122
CA-2015-157882,Tables,*,CA-2015-157882,$143
CA-2015-157924,Chairs,*,CA-2015-157924,$434
CA-2015-157924,Storage,*,CA-2015-157924,$32
CA-2015-158029,Chairs,*,CA-2015-158029,$225
CA-2015-158064,Binders,*,CA-2015-158064,$17
CA-2015-158225,Storage,*,CA-2015-158225,$210
CA-2015-158274,Accessories,*,CA-2015-158274,$29
CA-2015-158274,Phones,*,CA-2015-158274,$654
CA-2015-158281,Machines,*,CA-2015-158281,$560
CA-2015-158337,Paper,*,CA-2015-158337,$109
CA-2015-158372,Accessories,*,CA-2015-158372,$11
CA-2015-158372,Furnishings,*,CA-2015-158372,$93
CA-2015-158372,Labels,*,CA-2015-158372,$40
CA-2015-158372,Paper,*,CA-2015-158372,$62
CA-2015-158372,Phones,*,CA-2015-158372,$602
CA-2015-158442,Art,*,CA-2015-158442,$4
CA-2015-158442,Paper,*,CA-2015-158442,$21
CA-2015-158470,Binders,*,CA-2015-158470,$58
CA-2015-158470,Paper,*,CA-2015-158470,$71
CA-2015-158540,Furnishings,*,CA-2015-158540,$152
CA-2015-158771,Labels,*,CA-2015-158771,$30
CA-2015-158771,Paper,*,CA-2015-158771,$45
CA-2015-158771,Storage,*,CA-2015-158771,$83
CA-2015-159121,Accessories,*,CA-2015-159121,$112
CA-2015-159184,Binders,*,CA-2015-159184,$7
CA-2015-159184,Furnishings,*,CA-2015-159184,$142
CA-2015-159310,Binders,*,CA-2015-159310,$1
CA-2015-159310,Chairs,*,CA-2015-159310,$683
CA-2015-159310,Supplies,*,CA-2015-159310,$41
CA-2015-159338,Tables,*,CA-2015-159338,$448
CA-2015-159478,Furnishings,*,CA-2015-159478,$15
CA-2015-159520,Binders,*,CA-2015-159520,$150
CA-2015-159520,Supplies,*,CA-2015-159520,$17
CA-2015-159520,Tables,*,CA-2015-159520,$992
CA-2015-159625,Envelopes,*,CA-2015-159625,$23
CA-2015-159681,Paper,*,CA-2015-159681,$106
CA-2015-159709,Envelopes,*,CA-2015-159709,$158
CA-2015-159709,Phones,*,CA-2015-159709,$44
CA-2015-159800,Accessories,*,CA-2015-159800,$140
CA-2015-159800,Appliances,*,CA-2015-159800,$44
CA-2015-159814,Furnishings,*,CA-2015-159814,$4
CA-2015-159835,Chairs,*,CA-2015-159835,$658
CA-2015-159835,Paper,*,CA-2015-159835,$12
CA-2015-159849,Fasteners,*,CA-2015-159849,$6
CA-2015-160066,Labels,*,CA-2015-160066,$5
CA-2015-160094,Art,*,CA-2015-160094,$175
CA-2015-160094,Storage,*,CA-2015-160094,$826
CA-2015-160157,Furnishings,*,CA-2015-160157,$191
CA-2015-160262,Art,*,CA-2015-160262,$18
CA-2015-160262,Furnishings,*,CA-2015-160262,$37
CA-2015-160262,Paper,*,CA-2015-160262,$79
CA-2015-160276,Furnishings,*,CA-2015-160276,$178
CA-2015-160738,Storage,*,CA-2015-160738,$45
CA-2015-160766,Appliances,*,CA-2015-160766,$601
CA-2015-160766,Envelopes,*,CA-2015-160766,$68
CA-2015-160766,Machines,*,CA-2015-160766,"$2,800"
CA-2015-160766,Paper,*,CA-2015-160766,$45
CA-2015-160766,Phones,*,CA-2015-160766,$305
CA-2015-160766,Tables,*,CA-2015-160766,$464
CA-2015-160773,Binders,*,CA-2015-160773,$5
CA-2015-160773,Phones,*,CA-2015-160773,$576
CA-2015-161032,Chairs,*,CA-2015-161032,$393
CA-2015-161249,Binders,*,CA-2015-161249,$9
CA-2015-161249,Fasteners,*,CA-2015-161249,$4
CA-2015-161508,Art,*,CA-2015-161508,$22
CA-2015-161508,Chairs,*,CA-2015-161508,$512
CA-2015-161508,Fasteners,*,CA-2015-161508,$3
CA-2015-161508,Paper,*,CA-2015-161508,$16
CA-2015-161634,Paper,*,CA-2015-161634,$32
CA-2015-162089,Chairs,*,CA-2015-162089,$127
CA-2015-162089,Envelopes,*,CA-2015-162089,$336
CA-2015-162089,Phones,*,CA-2015-162089,$252
CA-2015-162278,Furnishings,*,CA-2015-162278,$64
CA-2015-162278,Phones,*,CA-2015-162278,$384
CA-2015-162362,Binders,*,CA-2015-162362,$24
CA-2015-162684,Fasteners,*,CA-2015-162684,$6
CA-2015-162775,Accessories,*,CA-2015-162775,$647
CA-2015-162775,Binders,*,CA-2015-162775,$6
CA-2015-162775,Envelopes,*,CA-2015-162775,$62
CA-2015-162775,Storage,*,CA-2015-162775,$573
CA-2015-162866,Furnishings,*,CA-2015-162866,$33
CA-2015-162866,Storage,*,CA-2015-162866,$30
CA-2015-162992,Fasteners,*,CA-2015-162992,$23
CA-2015-162992,Labels,*,CA-2015-162992,$15
CA-2015-162992,Phones,*,CA-2015-162992,$795
CA-2015-163013,Art,*,CA-2015-163013,$15
CA-2015-163034,Storage,*,CA-2015-163034,$646
CA-2015-163223,Art,*,CA-2015-163223,$9
CA-2015-163223,Binders,*,CA-2015-163223,$123
CA-2015-163223,Labels,*,CA-2015-163223,$14
CA-2015-163223,Paper,*,CA-2015-163223,$123
CA-2015-163223,Phones,*,CA-2015-163223,"$3,500"
CA-2015-163293,Accessories,*,CA-2015-163293,$117
CA-2015-163412,Chairs,*,CA-2015-163412,$192
CA-2015-163419,Art,*,CA-2015-163419,$3
CA-2015-163419,Chairs,*,CA-2015-163419,$604
CA-2015-163419,Phones,*,CA-2015-163419,$560
CA-2015-163447,Chairs,*,CA-2015-163447,$767
CA-2015-163468,Binders,*,CA-2015-163468,$3
CA-2015-163468,Bookcases,*,CA-2015-163468,$424
CA-2015-163468,Furnishings,*,CA-2015-163468,$9
CA-2015-163468,Storage,*,CA-2015-163468,$382
CA-2015-163468,Tables,*,CA-2015-163468,$292
CA-2015-163552,Chairs,*,CA-2015-163552,$855
CA-2015-163552,Furnishings,*,CA-2015-163552,$124
CA-2015-163552,Labels,*,CA-2015-163552,$14
CA-2015-163552,Paper,*,CA-2015-163552,$177
CA-2015-163552,Phones,*,CA-2015-163552,$198
CA-2015-163559,Binders,*,CA-2015-163559,$139
CA-2015-163650,Art,*,CA-2015-163650,$10
CA-2015-163650,Binders,*,CA-2015-163650,$35
CA-2015-163748,Appliances,*,CA-2015-163748,$3
CA-2015-163748,Copiers,*,CA-2015-163748,"$2,000"
CA-2015-163867,Furnishings,*,CA-2015-163867,$62
CA-2015-163867,Labels,*,CA-2015-163867,$16
CA-2015-163867,Storage,*,CA-2015-163867,$133
CA-2015-164182,Art,*,CA-2015-164182,$42
CA-2015-164182,Furnishings,*,CA-2015-164182,$32
CA-2015-164182,Phones,*,CA-2015-164182,$37
CA-2015-164210,Paper,*,CA-2015-164210,$36
CA-2015-164210,Tables,*,CA-2015-164210,$146
CA-2015-164224,Furnishings,*,CA-2015-164224,$149
CA-2015-164224,Paper,*,CA-2015-164224,$16
CA-2015-164259,Art,*,CA-2015-164259,$99
CA-2015-164315,Appliances,*,CA-2015-164315,$155
CA-2015-164315,Paper,*,CA-2015-164315,$16
CA-2015-164315,Phones,*,CA-2015-164315,"$1,050"
CA-2015-164385,Appliances,*,CA-2015-164385,$144
CA-2015-164469,Art,*,CA-2015-164469,$81
CA-2015-164469,Phones,*,CA-2015-164469,$264
CA-2015-164721,Appliances,*,CA-2015-164721,$321
CA-2015-164721,Furnishings,*,CA-2015-164721,$24
CA-2015-164721,Paper,*,CA-2015-164721,$27
CA-2015-164742,Binders,*,CA-2015-164742,$19
CA-2015-164742,Chairs,*,CA-2015-164742,$246
CA-2015-164749,Labels,*,CA-2015-164749,$10
CA-2015-164861,Paper,*,CA-2015-164861,$26
CA-2015-164903,Paper,*,CA-2015-164903,$13
CA-2015-164910,Art,*,CA-2015-164910,$8
CA-2015-164973,Accessories,*,CA-2015-164973,$360
CA-2015-164973,Chairs,*,CA-2015-164973,$136
CA-2015-164973,Machines,*,CA-2015-164973,"$3,992"
CA-2015-164973,Phones,*,CA-2015-164973,$276
CA-2015-164973,Storage,*,CA-2015-164973,$44
CA-2015-165309,Art,*,CA-2015-165309,$68
CA-2015-165309,Binders,*,CA-2015-165309,$898
CA-2015-165309,Paper,*,CA-2015-165309,$284
CA-2015-165309,Phones,*,CA-2015-165309,$390
CA-2015-165379,Paper,*,CA-2015-165379,$25
CA-2015-165393,Binders,*,CA-2015-165393,$5
CA-2015-165428,Binders,*,CA-2015-165428,$4
CA-2015-165428,Paper,*,CA-2015-165428,$31
CA-2015-165477,Appliances,*,CA-2015-165477,$48
CA-2015-165540,Binders,*,CA-2015-165540,$9
CA-2015-165568,Binders,*,CA-2015-165568,$21
CA-2015-165764,Binders,*,CA-2015-165764,$14
CA-2015-165764,Furnishings,*,CA-2015-165764,$410
CA-2015-165764,Storage,*,CA-2015-165764,$26
CA-2015-165764,Tables,*,CA-2015-165764,$945
CA-2015-165806,Paper,*,CA-2015-165806,$58
CA-2015-165806,Phones,*,CA-2015-165806,$201
CA-2015-165974,Art,*,CA-2015-165974,$33
CA-2015-166051,Phones,*,CA-2015-166051,$774
CA-2015-166086,Art,*,CA-2015-166086,$9
CA-2015-166086,Binders,*,CA-2015-166086,$16
CA-2015-166086,Chairs,*,CA-2015-166086,$872
CA-2015-166086,Tables,*,CA-2015-166086,$194
CA-2015-166191,Accessories,*,CA-2015-166191,$409
CA-2015-166191,Storage,*,CA-2015-166191,$25
CA-2015-166457,Art,*,CA-2015-166457,$7
CA-2015-166457,Paper,*,CA-2015-166457,$34
CA-2015-166471,Phones,*,CA-2015-166471,"$1,310"
CA-2015-166555,Phones,*,CA-2015-166555,$165
CA-2015-166590,Accessories,*,CA-2015-166590,$2
CA-2015-166590,Paper,*,CA-2015-166590,$76
CA-2015-166716,Chairs,*,CA-2015-166716,$421
CA-2015-166730,Storage,*,CA-2015-166730,$39
CA-2015-166744,Accessories,*,CA-2015-166744,$60
CA-2015-166744,Bookcases,*,CA-2015-166744,$363
CA-2015-166744,Furnishings,*,CA-2015-166744,$164
CA-2015-166863,Binders,*,CA-2015-166863,$3
CA-2015-166863,Bookcases,*,CA-2015-166863,$193
CA-2015-166863,Machines,*,CA-2015-166863,$419
CA-2015-166863,Paper,*,CA-2015-166863,$27
CA-2015-166863,Phones,*,CA-2015-166863,$202
CA-2015-166863,Storage,*,CA-2015-166863,$509
CA-2015-166884,Fasteners,*,CA-2015-166884,$10
CA-2015-166884,Furnishings,*,CA-2015-166884,$8
CA-2015-166891,Chairs,*,CA-2015-166891,$589
CA-2015-166954,Appliances,*,CA-2015-166954,$271
CA-2015-166954,Chairs,*,CA-2015-166954,"$1,487"
CA-2015-166954,Furnishings,*,CA-2015-166954,$303
CA-2015-166961,Appliances,*,CA-2015-166961,$11
CA-2015-166961,Binders,*,CA-2015-166961,$37
CA-2015-166961,Fasteners,*,CA-2015-166961,$8
CA-2015-166961,Storage,*,CA-2015-166961,$51
CA-2015-166989,Chairs,*,CA-2015-166989,$69
CA-2015-166989,Paper,*,CA-2015-166989,$11
CA-2015-167164,Storage,*,CA-2015-167164,$56
CA-2015-167199,Art,*,CA-2015-167199,$5
CA-2015-167199,Binders,*,CA-2015-167199,$610
CA-2015-167199,Chairs,*,CA-2015-167199,"$2,574"
CA-2015-167199,Fasteners,*,CA-2015-167199,$31
CA-2015-167199,Paper,*,CA-2015-167199,$7
CA-2015-167199,Phones,*,CA-2015-167199,"$1,148"
CA-2015-167360,Accessories,*,CA-2015-167360,$112
CA-2015-167486,Furnishings,*,CA-2015-167486,$200
CA-2015-167724,Labels,*,CA-2015-167724,$8
CA-2015-167850,Paper,*,CA-2015-167850,$16
CA-2015-167850,Phones,*,CA-2015-167850,$178
CA-2015-167927,Appliances,*,CA-2015-167927,$248
CA-2015-167927,Art,*,CA-2015-167927,$44
CA-2015-167927,Binders,*,CA-2015-167927,$49
CA-2015-167927,Furnishings,*,CA-2015-167927,$288
CA-2015-167927,Storage,*,CA-2015-167927,$81
CA-2015-167997,Binders,*,CA-2015-167997,$11
CA-2015-167997,Bookcases,*,CA-2015-167997,$142
CA-2015-168130,Chairs,*,CA-2015-168130,$887
CA-2015-168158,Binders,*,CA-2015-168158,$6
CA-2015-168305,Labels,*,CA-2015-168305,$44
CA-2015-168305,Paper,*,CA-2015-168305,$21
CA-2015-168312,Storage,*,CA-2015-168312,$137
CA-2015-168312,Tables,*,CA-2015-168312,$377
CA-2015-168368,Binders,*,CA-2015-168368,$62
CA-2015-168368,Chairs,*,CA-2015-168368,$61
CA-2015-168368,Furnishings,*,CA-2015-168368,$333
CA-2015-168368,Labels,*,CA-2015-168368,$15
CA-2015-168368,Storage,*,CA-2015-168368,$65
CA-2015-168473,Storage,*,CA-2015-168473,$192
CA-2015-168494,Bookcases,*,CA-2015-168494,$255
CA-2015-168494,Tables,*,CA-2015-168494,"$4,376"
CA-2015-168592,Appliances,*,CA-2015-168592,$57
CA-2015-168592,Fasteners,*,CA-2015-168592,$4
CA-2015-168592,Storage,*,CA-2015-168592,$15
CA-2015-168823,Labels,*,CA-2015-168823,$21
CA-2015-168823,Paper,*,CA-2015-168823,$11
CA-2015-168984,Paper,*,CA-2015-168984,$16
CA-2015-168984,Phones,*,CA-2015-168984,$438
CA-2015-168984,Storage,*,CA-2015-168984,$669
CA-2015-169019,Accessories,*,CA-2015-169019,$431
CA-2015-169019,Appliances,*,CA-2015-169019,$5
CA-2015-169019,Binders,*,CA-2015-169019,"$2,203"
CA-2015-169019,Furnishings,*,CA-2015-169019,$17
CA-2015-169033,Art,*,CA-2015-169033,$50
CA-2015-169061,Accessories,*,CA-2015-169061,$480
CA-2015-169061,Art,*,CA-2015-169061,$60
CA-2015-169061,Binders,*,CA-2015-169061,$50
CA-2015-169061,Paper,*,CA-2015-169061,$98
CA-2015-169061,Supplies,*,CA-2015-169061,$19
CA-2015-169257,Binders,*,CA-2015-169257,$1
CA-2015-169257,Paper,*,CA-2015-169257,$62
CA-2015-169446,Paper,*,CA-2015-169446,$16
CA-2015-169446,Phones,*,CA-2015-169446,$324
CA-2015-169446,Storage,*,CA-2015-169446,$33
CA-2015-169460,Furnishings,*,CA-2015-169460,$76
CA-2015-169642,Storage,*,CA-2015-169642,$276
CA-2015-169649,Appliances,*,CA-2015-169649,$20
CA-2015-169649,Paper,*,CA-2015-169649,$8
CA-2015-169684,Storage,*,CA-2015-169684,$98
CA-2015-169684,Tables,*,CA-2015-169684,$329
CA-2015-169726,Binders,*,CA-2015-169726,"$2,061"
CA-2015-169775,Binders,*,CA-2015-169775,$505
CA-2015-169775,Envelopes,*,CA-2015-169775,$30
CA-2015-169775,Tables,*,CA-2015-169775,$174
CA-2015-169803,Accessories,*,CA-2015-169803,$34
CA-2015-169803,Tables,*,CA-2015-169803,$654
CA-2015-169852,Binders,*,CA-2015-169852,$36
CA-2016-100146,Bookcases,*,CA-2016-100146,$510
CA-2016-100146,Chairs,*,CA-2016-100146,$820
CA-2016-100146,Furnishings,*,CA-2016-100146,$123
CA-2016-100216,Paper,*,CA-2016-100216,$86
CA-2016-100251,Labels,*,CA-2016-100251,$32
CA-2016-100251,Supplies,*,CA-2016-100251,$56
CA-2016-100454,Art,*,CA-2016-100454,$72
CA-2016-100454,Bookcases,*,CA-2016-100454,$186
CA-2016-100545,Binders,*,CA-2016-100545,$12
CA-2016-100573,Envelopes,*,CA-2016-100573,$17
CA-2016-100657,Chairs,*,CA-2016-100657,$110
CA-2016-100685,Binders,*,CA-2016-100685,$7
CA-2016-100685,Fasteners,*,CA-2016-100685,$5
CA-2016-100685,Paper,*,CA-2016-100685,$116
CA-2016-100734,Binders,*,CA-2016-100734,$4
CA-2016-100734,Storage,*,CA-2016-100734,$147
CA-2016-100769,Accessories,*,CA-2016-100769,$256
CA-2016-100818,Binders,*,CA-2016-100818,$4
CA-2016-100818,Furnishings,*,CA-2016-100818,$52
CA-2016-100818,Labels,*,CA-2016-100818,$6
CA-2016-100818,Paper,*,CA-2016-100818,$173
CA-2016-100888,Paper,*,CA-2016-100888,$48
CA-2016-101000,Appliances,*,CA-2016-101000,$370
CA-2016-101007,Accessories,*,CA-2016-101007,$21
CA-2016-101091,Accessories,*,CA-2016-101091,$48
CA-2016-101091,Binders,*,CA-2016-101091,$26
CA-2016-101126,Storage,*,CA-2016-101126,$77
CA-2016-101154,Storage,*,CA-2016-101154,$444
CA-2016-101707,Labels,*,CA-2016-101707,$3
CA-2016-101707,Paper,*,CA-2016-101707,$114
CA-2016-101707,Supplies,*,CA-2016-101707,$33
CA-2016-101868,Accessories,*,CA-2016-101868,$73
CA-2016-101868,Binders,*,CA-2016-101868,$103
CA-2016-101889,Envelopes,*,CA-2016-101889,$20
CA-2016-101889,Tables,*,CA-2016-101889,"$1,549"
CA-2016-101910,Chairs,*,CA-2016-101910,$284
CA-2016-101924,Binders,*,CA-2016-101924,$10
CA-2016-102016,Art,*,CA-2016-102016,$9
CA-2016-102016,Envelopes,*,CA-2016-102016,$27
CA-2016-102016,Fasteners,*,CA-2016-102016,$1
CA-2016-102016,Labels,*,CA-2016-102016,$21
CA-2016-102016,Paper,*,CA-2016-102016,$29
CA-2016-102016,Storage,*,CA-2016-102016,$106
CA-2016-102036,Storage,*,CA-2016-102036,$200
CA-2016-102260,Art,*,CA-2016-102260,$3
CA-2016-102260,Binders,*,CA-2016-102260,$3
CA-2016-102260,Labels,*,CA-2016-102260,$12
CA-2016-102260,Storage,*,CA-2016-102260,$745
CA-2016-102281,Art,*,CA-2016-102281,$20
CA-2016-102281,Bookcases,*,CA-2016-102281,"$1,525"
CA-2016-102281,Paper,*,CA-2016-102281,$52
CA-2016-102281,Phones,*,CA-2016-102281,$72
CA-2016-102316,Chairs,*,CA-2016-102316,$185
CA-2016-102316,Phones,*,CA-2016-102316,$16
CA-2016-102491,Accessories,*,CA-2016-102491,$80
CA-2016-102491,Machines,*,CA-2016-102491,"$3,080"
CA-2016-102491,Phones,*,CA-2016-102491,$588
CA-2016-102582,Chairs,*,CA-2016-102582,"$1,057"
CA-2016-102582,Phones,*,CA-2016-102582,$60
CA-2016-102582,Tables,*,CA-2016-102582,$802
CA-2016-102722,Accessories,*,CA-2016-102722,$107
CA-2016-102778,Furnishings,*,CA-2016-102778,$18
CA-2016-102806,Binders,*,CA-2016-102806,$25
CA-2016-102848,Chairs,*,CA-2016-102848,$191
CA-2016-102855,Accessories,*,CA-2016-102855,$240
CA-2016-102855,Art,*,CA-2016-102855,$24
CA-2016-102876,Binders,*,CA-2016-102876,$14
CA-2016-102876,Phones,*,CA-2016-102876,$792
CA-2016-103072,Art,*,CA-2016-103072,$16
CA-2016-103072,Paper,*,CA-2016-103072,$26
CA-2016-103093,Envelopes,*,CA-2016-103093,$75
CA-2016-103135,Accessories,*,CA-2016-103135,$280
CA-2016-103135,Binders,*,CA-2016-103135,$225
CA-2016-103135,Furnishings,*,CA-2016-103135,$21
CA-2016-103177,Appliances,*,CA-2016-103177,$160
CA-2016-103177,Phones,*,CA-2016-103177,$369
CA-2016-103205,Phones,*,CA-2016-103205,$120
CA-2016-103716,Art,*,CA-2016-103716,$35
CA-2016-103716,Phones,*,CA-2016-103716,$20
CA-2016-103723,Art,*,CA-2016-103723,$14
CA-2016-103772,Art,*,CA-2016-103772,$141
CA-2016-103772,Binders,*,CA-2016-103772,$120
CA-2016-103793,Paper,*,CA-2016-103793,$74
CA-2016-103835,Appliances,*,CA-2016-103835,"$1,158"
CA-2016-103835,Furnishings,*,CA-2016-103835,$15
CA-2016-103870,Accessories,*,CA-2016-103870,$77
CA-2016-103870,Bookcases,*,CA-2016-103870,$131
CA-2016-103870,Furnishings,*,CA-2016-103870,$53
CA-2016-103870,Storage,*,CA-2016-103870,$23
CA-2016-103933,Accessories,*,CA-2016-103933,$900
CA-2016-103954,Bookcases,*,CA-2016-103954,$687
CA-2016-103961,Labels,*,CA-2016-103961,$20
CA-2016-104038,Paper,*,CA-2016-104038,$30
CA-2016-104038,Storage,*,CA-2016-104038,$147
CA-2016-104052,Phones,*,CA-2016-104052,$96
CA-2016-104059,Art,*,CA-2016-104059,$3
CA-2016-104115,Phones,*,CA-2016-104115,$56
CA-2016-104129,Phones,*,CA-2016-104129,$106
CA-2016-104129,Tables,*,CA-2016-104129,$494
CA-2016-104241,Furnishings,*,CA-2016-104241,$192
CA-2016-104297,Paper,*,CA-2016-104297,$85
CA-2016-104346,Accessories,*,CA-2016-104346,$58
CA-2016-104346,Art,*,CA-2016-104346,$17
CA-2016-104346,Bookcases,*,CA-2016-104346,$70
CA-2016-104346,Furnishings,*,CA-2016-104346,$107
CA-2016-104346,Paper,*,CA-2016-104346,$113
CA-2016-104346,Tables,*,CA-2016-104346,$365
CA-2016-104486,Binders,*,CA-2016-104486,$12
CA-2016-104486,Storage,*,CA-2016-104486,$37
CA-2016-104486,Supplies,*,CA-2016-104486,$35
CA-2016-104493,Binders,*,CA-2016-104493,$58
CA-2016-104514,Art,*,CA-2016-104514,$10
CA-2016-104514,Paper,*,CA-2016-104514,$20
CA-2016-104514,Storage,*,CA-2016-104514,$86
CA-2016-104626,Binders,*,CA-2016-104626,$115
CA-2016-104626,Chairs,*,CA-2016-104626,$61
CA-2016-104626,Furnishings,*,CA-2016-104626,$124
CA-2016-104626,Storage,*,CA-2016-104626,"$1,089"
CA-2016-104871,Chairs,*,CA-2016-104871,$367
CA-2016-104941,Art,*,CA-2016-104941,$25
CA-2016-104941,Binders,*,CA-2016-104941,$19
CA-2016-104941,Copiers,*,CA-2016-104941,$900
CA-2016-104941,Paper,*,CA-2016-104941,$32
CA-2016-104948,Binders,*,CA-2016-104948,$10
CA-2016-104948,Bookcases,*,CA-2016-104948,$683
CA-2016-104948,Paper,*,CA-2016-104948,$30
CA-2016-105102,Binders,*,CA-2016-105102,$80
CA-2016-105102,Bookcases,*,CA-2016-105102,$46
CA-2016-105102,Paper,*,CA-2016-105102,$13
CA-2016-105158,Furnishings,*,CA-2016-105158,$6
CA-2016-105158,Paper,*,CA-2016-105158,$37
CA-2016-105221,Accessories,*,CA-2016-105221,$35
CA-2016-105221,Fasteners,*,CA-2016-105221,$3
CA-2016-105312,Binders,*,CA-2016-105312,$4
CA-2016-105312,Envelopes,*,CA-2016-105312,$7
CA-2016-105347,Art,*,CA-2016-105347,$15
CA-2016-105347,Paper,*,CA-2016-105347,$369
CA-2016-105361,Paper,*,CA-2016-105361,$18
CA-2016-105508,Envelopes,*,CA-2016-105508,$40
CA-2016-105571,Binders,*,CA-2016-105571,"$1,362"
CA-2016-105599,Storage,*,CA-2016-105599,$14
CA-2016-105599,Tables,*,CA-2016-105599,$27
CA-2016-105613,Accessories,*,CA-2016-105613,$28
CA-2016-105613,Appliances,*,CA-2016-105613,$73
CA-2016-105627,Art,*,CA-2016-105627,$15
CA-2016-105627,Bookcases,*,CA-2016-105627,$513
CA-2016-105627,Chairs,*,CA-2016-105627,$861
CA-2016-105627,Furnishings,*,CA-2016-105627,$373
CA-2016-105627,Phones,*,CA-2016-105627,$770
CA-2016-105634,Art,*,CA-2016-105634,$12
CA-2016-105690,Bookcases,*,CA-2016-105690,$246
CA-2016-105690,Copiers,*,CA-2016-105690,$440
CA-2016-105690,Labels,*,CA-2016-105690,$12
CA-2016-105725,Labels,*,CA-2016-105725,$61
CA-2016-105725,Tables,*,CA-2016-105725,$36
CA-2016-105844,Art,*,CA-2016-105844,$79
CA-2016-105970,Art,*,CA-2016-105970,$10
CA-2016-105970,Envelopes,*,CA-2016-105970,$102
CA-2016-106187,Accessories,*,CA-2016-106187,$75
CA-2016-106187,Binders,*,CA-2016-106187,$166
CA-2016-106187,Furnishings,*,CA-2016-106187,$27
CA-2016-106208,Appliances,*,CA-2016-106208,$53
CA-2016-106215,Fasteners,*,CA-2016-106215,$13
CA-2016-106257,Phones,*,CA-2016-106257,$480
CA-2016-106257,Tables,*,CA-2016-106257,$242
CA-2016-106320,Tables,*,CA-2016-106320,"$1,045"
CA-2016-106362,Binders,*,CA-2016-106362,$10
CA-2016-106565,Paper,*,CA-2016-106565,$52
CA-2016-106978,Binders,*,CA-2016-106978,$1
CA-2016-106978,Envelopes,*,CA-2016-106978,$13
CA-2016-106978,Fasteners,*,CA-2016-106978,$5
CA-2016-107020,Binders,*,CA-2016-107020,$40
CA-2016-107083,Appliances,*,CA-2016-107083,$25
CA-2016-107083,Art,*,CA-2016-107083,$5
CA-2016-107083,Binders,*,CA-2016-107083,$10
CA-2016-107468,Art,*,CA-2016-107468,$7
CA-2016-107678,Binders,*,CA-2016-107678,$21
CA-2016-107678,Chairs,*,CA-2016-107678,$192
CA-2016-107678,Furnishings,*,CA-2016-107678,$210
CA-2016-107678,Phones,*,CA-2016-107678,$470
CA-2016-107685,Furnishings,*,CA-2016-107685,$81
CA-2016-107685,Paper,*,CA-2016-107685,$26
CA-2016-107741,Art,*,CA-2016-107741,$3
CA-2016-107902,Storage,*,CA-2016-107902,$470
CA-2016-107937,Furnishings,*,CA-2016-107937,$666
CA-2016-108119,Tables,*,CA-2016-108119,$302
CA-2016-108259,Binders,*,CA-2016-108259,$40
CA-2016-108259,Fasteners,*,CA-2016-108259,$32
CA-2016-108259,Furnishings,*,CA-2016-108259,$5
CA-2016-108259,Labels,*,CA-2016-108259,$5
CA-2016-108532,Accessories,*,CA-2016-108532,$115
CA-2016-108532,Phones,*,CA-2016-108532,$132
CA-2016-108588,Art,*,CA-2016-108588,$60
CA-2016-108588,Binders,*,CA-2016-108588,$13
CA-2016-108588,Envelopes,*,CA-2016-108588,$17
CA-2016-108665,Furnishings,*,CA-2016-108665,$170
CA-2016-108665,Phones,*,CA-2016-108665,$125
CA-2016-108665,Storage,*,CA-2016-108665,$602
CA-2016-108672,Furnishings,*,CA-2016-108672,$107
CA-2016-109001,Accessories,*,CA-2016-109001,$10
CA-2016-109001,Binders,*,CA-2016-109001,$3
CA-2016-109001,Phones,*,CA-2016-109001,$466
CA-2016-109113,Accessories,*,CA-2016-109113,$25
CA-2016-109169,Envelopes,*,CA-2016-109169,$181
CA-2016-109190,Binders,*,CA-2016-109190,$6
CA-2016-109190,Copiers,*,CA-2016-109190,$480
CA-2016-109190,Paper,*,CA-2016-109190,$61
CA-2016-109197,Binders,*,CA-2016-109197,$488
CA-2016-109337,Accessories,*,CA-2016-109337,$394
CA-2016-109337,Appliances,*,CA-2016-109337,$20
CA-2016-109337,Art,*,CA-2016-109337,$11
CA-2016-109337,Machines,*,CA-2016-109337,$84
CA-2016-109386,Appliances,*,CA-2016-109386,$44
CA-2016-109386,Art,*,CA-2016-109386,$294
CA-2016-109386,Furnishings,*,CA-2016-109386,$187
CA-2016-109386,Phones,*,CA-2016-109386,$226
CA-2016-109470,Binders,*,CA-2016-109470,$596
CA-2016-109512,Chairs,*,CA-2016-109512,$384
CA-2016-109512,Envelopes,*,CA-2016-109512,$29
CA-2016-109512,Storage,*,CA-2016-109512,$563
CA-2016-109575,Binders,*,CA-2016-109575,$65
CA-2016-109575,Phones,*,CA-2016-109575,"$1,760"
CA-2016-109575,Storage,*,CA-2016-109575,$679
CA-2016-109603,Paper,*,CA-2016-109603,$183
CA-2016-109638,Accessories,*,CA-2016-109638,$900
CA-2016-109638,Appliances,*,CA-2016-109638,$104
CA-2016-109638,Binders,*,CA-2016-109638,$51
CA-2016-109708,Phones,*,CA-2016-109708,$467
CA-2016-109736,Paper,*,CA-2016-109736,$45
CA-2016-109862,Chairs,*,CA-2016-109862,$291
CA-2016-109862,Phones,*,CA-2016-109862,$159
CA-2016-109939,Art,*,CA-2016-109939,$5
CA-2016-110016,Chairs,*,CA-2016-110016,"$1,107"
CA-2016-110016,Paper,*,CA-2016-110016,$20
CA-2016-110093,Accessories,*,CA-2016-110093,$37
CA-2016-110093,Paper,*,CA-2016-110093,$16
CA-2016-110247,Binders,*,CA-2016-110247,$8
CA-2016-110289,Envelopes,*,CA-2016-110289,$211
CA-2016-110289,Paper,*,CA-2016-110289,$33
CA-2016-110324,Art,*,CA-2016-110324,$4
CA-2016-110324,Paper,*,CA-2016-110324,$38
CA-2016-110345,Labels,*,CA-2016-110345,$5
CA-2016-110457,Tables,*,CA-2016-110457,$788
CA-2016-110548,Phones,*,CA-2016-110548,$946
CA-2016-110632,Accessories,*,CA-2016-110632,$15
CA-2016-110632,Storage,*,CA-2016-110632,$34
CA-2016-110667,Art,*,CA-2016-110667,$11
CA-2016-110667,Binders,*,CA-2016-110667,$91
CA-2016-110667,Furnishings,*,CA-2016-110667,$108
CA-2016-110744,Storage,*,CA-2016-110744,$672
CA-2016-110765,Phones,*,CA-2016-110765,$825
CA-2016-110814,Binders,*,CA-2016-110814,$232
CA-2016-110814,Chairs,*,CA-2016-110814,$165
CA-2016-110814,Paper,*,CA-2016-110814,$23
CA-2016-110863,Chairs,*,CA-2016-110863,"$1,324"
CA-2016-110863,Paper,*,CA-2016-110863,$106
CA-2016-110863,Storage,*,CA-2016-110863,$541
CA-2016-110870,Accessories,*,CA-2016-110870,$300
CA-2016-110870,Supplies,*,CA-2016-110870,$26
CA-2016-110877,Paper,*,CA-2016-110877,$36
CA-2016-110877,Phones,*,CA-2016-110877,$150
CA-2016-110891,Chairs,*,CA-2016-110891,$344
CA-2016-110947,Binders,*,CA-2016-110947,$113
CA-2016-111017,Supplies,*,CA-2016-111017,$53
CA-2016-111038,Chairs,*,CA-2016-111038,"$2,677"
CA-2016-111073,Tables,*,CA-2016-111073,$52
CA-2016-111094,Binders,*,CA-2016-111094,$123
CA-2016-111094,Paper,*,CA-2016-111094,$7
CA-2016-111164,Accessories,*,CA-2016-111164,$85
CA-2016-111164,Appliances,*,CA-2016-111164,$407
CA-2016-111164,Phones,*,CA-2016-111164,$22
CA-2016-111199,Paper,*,CA-2016-111199,$115
CA-2016-111206,Accessories,*,CA-2016-111206,$520
CA-2016-111234,Labels,*,CA-2016-111234,$9
CA-2016-111297,Binders,*,CA-2016-111297,$52
CA-2016-111325,Art,*,CA-2016-111325,$16
CA-2016-111325,Binders,*,CA-2016-111325,$4
CA-2016-111339,Chairs,*,CA-2016-111339,$317
CA-2016-111339,Fasteners,*,CA-2016-111339,$8
CA-2016-111339,Furnishings,*,CA-2016-111339,$42
CA-2016-111395,Binders,*,CA-2016-111395,$24
CA-2016-111395,Paper,*,CA-2016-111395,$336
CA-2016-111395,Storage,*,CA-2016-111395,$27
CA-2016-111458,Accessories,*,CA-2016-111458,$50
CA-2016-111507,Art,*,CA-2016-111507,$5
CA-2016-111514,Accessories,*,CA-2016-111514,$37
CA-2016-111514,Binders,*,CA-2016-111514,$137
CA-2016-111514,Bookcases,*,CA-2016-111514,"$1,553"
CA-2016-111514,Machines,*,CA-2016-111514,$240
CA-2016-111612,Fasteners,*,CA-2016-111612,$3
CA-2016-111612,Furnishings,*,CA-2016-111612,$71
CA-2016-111703,Paper,*,CA-2016-111703,$28
CA-2016-111780,Copiers,*,CA-2016-111780,"$1,200"
CA-2016-111780,Paper,*,CA-2016-111780,$31
CA-2016-111829,Copiers,*,CA-2016-111829,"$3,150"
CA-2016-111829,Paper,*,CA-2016-111829,$210
CA-2016-111829,Storage,*,CA-2016-111829,"$1,248"
CA-2016-111864,Labels,*,CA-2016-111864,$6
CA-2016-111948,Appliances,*,CA-2016-111948,$124
CA-2016-111948,Storage,*,CA-2016-111948,$418
CA-2016-111990,Binders,*,CA-2016-111990,$10
CA-2016-112014,Art,*,CA-2016-112014,$51
CA-2016-112053,Accessories,*,CA-2016-112053,$32
CA-2016-112116,Tables,*,CA-2016-112116,$172
CA-2016-112130,Accessories,*,CA-2016-112130,$28
CA-2016-112130,Appliances,*,CA-2016-112130,$42
CA-2016-112130,Art,*,CA-2016-112130,$60
CA-2016-112130,Chairs,*,CA-2016-112130,$844
CA-2016-112130,Paper,*,CA-2016-112130,$8
CA-2016-112130,Storage,*,CA-2016-112130,$77
CA-2016-112144,Furnishings,*,CA-2016-112144,$622
CA-2016-112144,Labels,*,CA-2016-112144,$6
CA-2016-112214,Binders,*,CA-2016-112214,$1
CA-2016-112214,Furnishings,*,CA-2016-112214,$15
CA-2016-112214,Storage,*,CA-2016-112214,$33
CA-2016-112214,Supplies,*,CA-2016-112214,$23
CA-2016-112305,Accessories,*,CA-2016-112305,$14
CA-2016-112305,Art,*,CA-2016-112305,$119
CA-2016-112305,Furnishings,*,CA-2016-112305,$22
CA-2016-112319,Paper,*,CA-2016-112319,$58
CA-2016-112375,Accessories,*,CA-2016-112375,$51
CA-2016-112375,Envelopes,*,CA-2016-112375,$27
CA-2016-112452,Appliances,*,CA-2016-112452,$644
CA-2016-112452,Binders,*,CA-2016-112452,$13
CA-2016-112452,Copiers,*,CA-2016-112452,$600
CA-2016-112452,Fasteners,*,CA-2016-112452,$6
CA-2016-112452,Phones,*,CA-2016-112452,$11
CA-2016-112522,Art,*,CA-2016-112522,$8
CA-2016-112557,Appliances,*,CA-2016-112557,$206
CA-2016-112571,Furnishings,*,CA-2016-112571,$205
CA-2016-112711,Phones,*,CA-2016-112711,$307
CA-2016-112767,Tables,*,CA-2016-112767,$278
CA-2016-112823,Accessories,*,CA-2016-112823,$25
CA-2016-113040,Binders,*,CA-2016-113040,$5
CA-2016-113110,Binders,*,CA-2016-113110,$18
CA-2016-113110,Labels,*,CA-2016-113110,$15
CA-2016-113110,Paper,*,CA-2016-113110,$40
CA-2016-113110,Supplies,*,CA-2016-113110,$33
CA-2016-113131,Art,*,CA-2016-113131,$17
CA-2016-113131,Binders,*,CA-2016-113131,$7
CA-2016-113131,Envelopes,*,CA-2016-113131,$16
CA-2016-113131,Labels,*,CA-2016-113131,$24
CA-2016-113131,Storage,*,CA-2016-113131,$34
CA-2016-113145,Accessories,*,CA-2016-113145,"$1,400"
CA-2016-113145,Furnishings,*,CA-2016-113145,$260
CA-2016-113145,Paper,*,CA-2016-113145,$14
CA-2016-113145,Phones,*,CA-2016-113145,$547
CA-2016-113152,Accessories,*,CA-2016-113152,$844
CA-2016-113152,Bookcases,*,CA-2016-113152,$450
CA-2016-113173,Binders,*,CA-2016-113173,$11
CA-2016-113173,Storage,*,CA-2016-113173,$250
CA-2016-113173,Supplies,*,CA-2016-113173,$9
CA-2016-113215,Furnishings,*,CA-2016-113215,$238
CA-2016-113222,Binders,*,CA-2016-113222,$11
CA-2016-113404,Chairs,*,CA-2016-113404,"$2,049"
CA-2016-113523,Binders,*,CA-2016-113523,$8
CA-2016-113628,Art,*,CA-2016-113628,$12
CA-2016-113628,Binders,*,CA-2016-113628,$10
CA-2016-113628,Chairs,*,CA-2016-113628,$670
CA-2016-113628,Phones,*,CA-2016-113628,$101
CA-2016-113740,Furnishings,*,CA-2016-113740,$15
CA-2016-113901,Binders,*,CA-2016-113901,$38
CA-2016-113901,Phones,*,CA-2016-113901,$150
CA-2016-113971,Furnishings,*,CA-2016-113971,$8
CA-2016-114048,Furnishings,*,CA-2016-114048,$29
CA-2016-114069,Binders,*,CA-2016-114069,$12
CA-2016-114069,Chairs,*,CA-2016-114069,"$1,931"
CA-2016-114069,Paper,*,CA-2016-114069,$10
CA-2016-114237,Bookcases,*,CA-2016-114237,$142
CA-2016-114300,Chairs,*,CA-2016-114300,$288
CA-2016-114300,Phones,*,CA-2016-114300,$84
CA-2016-114468,Appliances,*,CA-2016-114468,$6
CA-2016-114468,Fasteners,*,CA-2016-114468,$12
CA-2016-114468,Paper,*,CA-2016-114468,$10
CA-2016-114468,Supplies,*,CA-2016-114468,$32
CA-2016-114503,Storage,*,CA-2016-114503,$85
CA-2016-114811,Chairs,*,CA-2016-114811,$578
CA-2016-114811,Furnishings,*,CA-2016-114811,$12
CA-2016-114811,Machines,*,CA-2016-114811,"$4,644"
CA-2016-114811,Phones,*,CA-2016-114811,$550
CA-2016-114811,Storage,*,CA-2016-114811,$67
CA-2016-114923,Phones,*,CA-2016-114923,$108
CA-2016-115091,Appliances,*,CA-2016-115091,$29
CA-2016-115091,Art,*,CA-2016-115091,$46
CA-2016-115168,Paper,*,CA-2016-115168,$11
CA-2016-115392,Binders,*,CA-2016-115392,$22
CA-2016-115392,Phones,*,CA-2016-115392,$312
CA-2016-115399,Labels,*,CA-2016-115399,$7
CA-2016-115420,Envelopes,*,CA-2016-115420,$21
CA-2016-115511,Binders,*,CA-2016-115511,$66
CA-2016-115511,Bookcases,*,CA-2016-115511,$142
CA-2016-115567,Accessories,*,CA-2016-115567,$200
CA-2016-115567,Chairs,*,CA-2016-115567,"$1,516"
CA-2016-115693,Art,*,CA-2016-115693,$56
CA-2016-115742,Binders,*,CA-2016-115742,$38
CA-2016-115742,Chairs,*,CA-2016-115742,$90
CA-2016-115742,Furnishings,*,CA-2016-115742,$6
CA-2016-115742,Labels,*,CA-2016-115742,$75
CA-2016-115798,Bookcases,*,CA-2016-115798,$300
CA-2016-115798,Paper,*,CA-2016-115798,$42
CA-2016-115798,Phones,*,CA-2016-115798,$468
CA-2016-115847,Bookcases,*,CA-2016-115847,$62
CA-2016-115924,Binders,*,CA-2016-115924,$26
CA-2016-115938,Binders,*,CA-2016-115938,$187
CA-2016-115938,Chairs,*,CA-2016-115938,$333
CA-2016-115938,Storage,*,CA-2016-115938,$15
CA-2016-115945,Art,*,CA-2016-115945,$21
CA-2016-115945,Binders,*,CA-2016-115945,$89
CA-2016-115945,Storage,*,CA-2016-115945,$304
CA-2016-116092,Appliances,*,CA-2016-116092,$541
CA-2016-116092,Binders,*,CA-2016-116092,$53
CA-2016-116092,Paper,*,CA-2016-116092,$33
CA-2016-116260,Art,*,CA-2016-116260,$11
CA-2016-116484,Furnishings,*,CA-2016-116484,$64
CA-2016-116484,Storage,*,CA-2016-116484,$142
CA-2016-116512,Storage,*,CA-2016-116512,$18
CA-2016-116638,Tables,*,CA-2016-116638,"$4,298"
CA-2016-116687,Labels,*,CA-2016-116687,$9
CA-2016-116687,Phones,*,CA-2016-116687,$158
CA-2016-116750,Binders,*,CA-2016-116750,$7
CA-2016-116750,Furnishings,*,CA-2016-116750,$5
CA-2016-116841,Appliances,*,CA-2016-116841,$35
CA-2016-116876,Binders,*,CA-2016-116876,$26
CA-2016-116876,Phones,*,CA-2016-116876,$626
CA-2016-117086,Bookcases,*,CA-2016-117086,"$4,405"
CA-2016-117415,Bookcases,*,CA-2016-117415,$532
CA-2016-117415,Chairs,*,CA-2016-117415,$212
CA-2016-117415,Envelopes,*,CA-2016-117415,$113
CA-2016-117415,Phones,*,CA-2016-117415,$371
CA-2016-117611,Accessories,*,CA-2016-117611,$372
CA-2016-117611,Fasteners,*,CA-2016-117611,$5
CA-2016-117772,Storage,*,CA-2016-117772,$354
CA-2016-117800,Chairs,*,CA-2016-117800,$543
CA-2016-117800,Phones,*,CA-2016-117800,$590
CA-2016-117828,Appliances,*,CA-2016-117828,$194
CA-2016-117884,Accessories,*,CA-2016-117884,$448
CA-2016-117884,Storage,*,CA-2016-117884,$150
CA-2016-117898,Envelopes,*,CA-2016-117898,$12
CA-2016-117961,Binders,*,CA-2016-117961,$76
CA-2016-117961,Paper,*,CA-2016-117961,$11
CA-2016-117961,Storage,*,CA-2016-117961,$105
CA-2016-118227,Art,*,CA-2016-118227,$26
CA-2016-118423,Bookcases,*,CA-2016-118423,$359
CA-2016-118444,Appliances,*,CA-2016-118444,$387
CA-2016-118738,Paper,*,CA-2016-118738,$26
CA-2016-118738,Tables,*,CA-2016-118738,$347
CA-2016-118843,Furnishings,*,CA-2016-118843,$130
CA-2016-118843,Paper,*,CA-2016-118843,$70
CA-2016-118871,Envelopes,*,CA-2016-118871,$271
CA-2016-118871,Furnishings,*,CA-2016-118871,$36
CA-2016-118871,Phones,*,CA-2016-118871,$110
CA-2016-118948,Art,*,CA-2016-118948,$7
CA-2016-118955,Chairs,*,CA-2016-118955,$197
CA-2016-118955,Envelopes,*,CA-2016-118955,$29
CA-2016-118955,Paper,*,CA-2016-118955,$27
CA-2016-119102,Storage,*,CA-2016-119102,$51
CA-2016-119214,Labels,*,CA-2016-119214,$15
CA-2016-119214,Paper,*,CA-2016-119214,$29
CA-2016-119291,Art,*,CA-2016-119291,$201
CA-2016-119291,Binders,*,CA-2016-119291,$23
CA-2016-119291,Envelopes,*,CA-2016-119291,$201
CA-2016-119291,Labels,*,CA-2016-119291,$145
CA-2016-119480,Appliances,*,CA-2016-119480,$163
CA-2016-119480,Art,*,CA-2016-119480,$43
CA-2016-119480,Paper,*,CA-2016-119480,$158
CA-2016-119508,Art,*,CA-2016-119508,$17
CA-2016-119508,Furnishings,*,CA-2016-119508,$25
CA-2016-119550,Chairs,*,CA-2016-119550,$275
CA-2016-119592,Binders,*,CA-2016-119592,$4
CA-2016-119627,Accessories,*,CA-2016-119627,$283
CA-2016-119627,Art,*,CA-2016-119627,$10
CA-2016-119627,Paper,*,CA-2016-119627,$36
CA-2016-119634,Furnishings,*,CA-2016-119634,$46
CA-2016-119690,Binders,*,CA-2016-119690,$1
CA-2016-119690,Furnishings,*,CA-2016-119690,$75
CA-2016-119690,Labels,*,CA-2016-119690,$5
CA-2016-119690,Paper,*,CA-2016-119690,$48
CA-2016-119697,Accessories,*,CA-2016-119697,$54
CA-2016-119879,Phones,*,CA-2016-119879,$111
CA-2016-119879,Tables,*,CA-2016-119879,"$1,253"
CA-2016-119907,Binders,*,CA-2016-119907,$55
CA-2016-119942,Labels,*,CA-2016-119942,$24
CA-2016-120103,Furnishings,*,CA-2016-120103,$8
CA-2016-120103,Paper,*,CA-2016-120103,$106
CA-2016-120103,Phones,*,CA-2016-120103,$112
CA-2016-120320,Phones,*,CA-2016-120320,$32
CA-2016-120341,Binders,*,CA-2016-120341,$121
CA-2016-120341,Phones,*,CA-2016-120341,$46
CA-2016-120362,Tables,*,CA-2016-120362,$913
CA-2016-120397,Appliances,*,CA-2016-120397,$33
CA-2016-120439,Furnishings,*,CA-2016-120439,$51
CA-2016-120446,Labels,*,CA-2016-120446,$19
CA-2016-120516,Binders,*,CA-2016-120516,$6
CA-2016-120551,Binders,*,CA-2016-120551,$17
CA-2016-120621,Appliances,*,CA-2016-120621,$962
CA-2016-120621,Binders,*,CA-2016-120621,$13
CA-2016-120621,Paper,*,CA-2016-120621,$295
CA-2016-120677,Chairs,*,CA-2016-120677,"$2,568"
CA-2016-120782,Appliances,*,CA-2016-120782,$187
CA-2016-120782,Binders,*,CA-2016-120782,"$3,813"
CA-2016-120810,Appliances,*,CA-2016-120810,$69
CA-2016-120810,Furnishings,*,CA-2016-120810,$129
CA-2016-120845,Binders,*,CA-2016-120845,$12
CA-2016-120845,Paper,*,CA-2016-120845,$10
CA-2016-120880,Binders,*,CA-2016-120880,$168
CA-2016-120880,Paper,*,CA-2016-120880,$32
CA-2016-120880,Storage,*,CA-2016-120880,$541
CA-2016-120901,Fasteners,*,CA-2016-120901,$3
CA-2016-120901,Storage,*,CA-2016-120901,$153
CA-2016-120901,Supplies,*,CA-2016-120901,$6
CA-2016-120915,Appliances,*,CA-2016-120915,$294
CA-2016-120915,Phones,*,CA-2016-120915,$308
CA-2016-121041,Envelopes,*,CA-2016-121041,$7
CA-2016-121097,Paper,*,CA-2016-121097,$10
CA-2016-121132,Fasteners,*,CA-2016-121132,$14
CA-2016-121132,Labels,*,CA-2016-121132,$6
CA-2016-121188,Binders,*,CA-2016-121188,$41
CA-2016-121188,Bookcases,*,CA-2016-121188,$308
CA-2016-121188,Furnishings,*,CA-2016-121188,$4
CA-2016-121188,Phones,*,CA-2016-121188,$43
CA-2016-121188,Storage,*,CA-2016-121188,"$1,621"
CA-2016-121272,Appliances,*,CA-2016-121272,$73
CA-2016-121391,Storage,*,CA-2016-121391,$27
CA-2016-121405,Paper,*,CA-2016-121405,$24
CA-2016-121405,Phones,*,CA-2016-121405,$181
CA-2016-121552,Art,*,CA-2016-121552,$20
CA-2016-121608,Appliances,*,CA-2016-121608,$138
CA-2016-121608,Phones,*,CA-2016-121608,$100
CA-2016-121650,Art,*,CA-2016-121650,$4
CA-2016-121650,Chairs,*,CA-2016-121650,$192
CA-2016-121650,Labels,*,CA-2016-121650,$3
CA-2016-121650,Tables,*,CA-2016-121650,$802
CA-2016-121699,Binders,*,CA-2016-121699,$65
CA-2016-121720,Art,*,CA-2016-121720,$61
CA-2016-121720,Binders,*,CA-2016-121720,$82
CA-2016-121720,Chairs,*,CA-2016-121720,"$1,124"
CA-2016-121720,Furnishings,*,CA-2016-121720,$49
CA-2016-121720,Phones,*,CA-2016-121720,$250
CA-2016-121720,Storage,*,CA-2016-121720,"$1,600"
CA-2016-121776,Labels,*,CA-2016-121776,$88
CA-2016-121776,Paper,*,CA-2016-121776,$37
CA-2016-121783,Appliances,*,CA-2016-121783,$716
CA-2016-121783,Binders,*,CA-2016-121783,$75
CA-2016-121783,Copiers,*,CA-2016-121783,$550
CA-2016-121783,Furnishings,*,CA-2016-121783,$29
CA-2016-121783,Storage,*,CA-2016-121783,$796
CA-2016-121797,Furnishings,*,CA-2016-121797,$227
CA-2016-121797,Machines,*,CA-2016-121797,"$1,920"
CA-2016-121965,Envelopes,*,CA-2016-121965,$187
CA-2016-121965,Furnishings,*,CA-2016-121965,$13
CA-2016-121965,Paper,*,CA-2016-121965,$6
CA-2016-122168,Art,*,CA-2016-122168,$53
CA-2016-122210,Binders,*,CA-2016-122210,$153
CA-2016-122210,Fasteners,*,CA-2016-122210,$11
CA-2016-122210,Phones,*,CA-2016-122210,$95
CA-2016-122259,Supplies,*,CA-2016-122259,$70
CA-2016-122266,Art,*,CA-2016-122266,$3
CA-2016-122266,Tables,*,CA-2016-122266,$192
CA-2016-122287,Binders,*,CA-2016-122287,$14
CA-2016-122287,Furnishings,*,CA-2016-122287,$75
CA-2016-122287,Paper,*,CA-2016-122287,$12
CA-2016-122371,Envelopes,*,CA-2016-122371,$124
CA-2016-122371,Storage,*,CA-2016-122371,$64
CA-2016-122406,Accessories,*,CA-2016-122406,$200
CA-2016-122406,Chairs,*,CA-2016-122406,$111
CA-2016-122406,Paper,*,CA-2016-122406,$8
CA-2016-122406,Phones,*,CA-2016-122406,$129
CA-2016-122623,Chairs,*,CA-2016-122623,$48
CA-2016-122756,Furnishings,*,CA-2016-122756,$3
CA-2016-122756,Machines,*,CA-2016-122756,$482
CA-2016-122826,Phones,*,CA-2016-122826,$202
CA-2016-122973,Binders,*,CA-2016-122973,$3
CA-2016-122973,Furnishings,*,CA-2016-122973,$7
CA-2016-122973,Phones,*,CA-2016-122973,$136
CA-2016-123092,Art,*,CA-2016-123092,$9
CA-2016-123092,Binders,*,CA-2016-123092,$96
CA-2016-123092,Furnishings,*,CA-2016-123092,$78
CA-2016-123092,Phones,*,CA-2016-123092,$106
CA-2016-123113,Appliances,*,CA-2016-123113,"$2,625"
CA-2016-123113,Art,*,CA-2016-123113,$18
CA-2016-123141,Chairs,*,CA-2016-123141,"$1,114"
CA-2016-123155,Accessories,*,CA-2016-123155,$114
CA-2016-123155,Phones,*,CA-2016-123155,$360
CA-2016-123232,Phones,*,CA-2016-123232,$320
CA-2016-123330,Phones,*,CA-2016-123330,$108
CA-2016-123456,Appliances,*,CA-2016-123456,$49
CA-2016-123505,Paper,*,CA-2016-123505,$15
CA-2016-123568,Binders,*,CA-2016-123568,$92
CA-2016-123568,Fasteners,*,CA-2016-123568,$5
CA-2016-123568,Furnishings,*,CA-2016-123568,$67
CA-2016-123568,Paper,*,CA-2016-123568,$93
CA-2016-123673,Phones,*,CA-2016-123673,$300
CA-2016-123939,Labels,*,CA-2016-123939,$7
CA-2016-123939,Phones,*,CA-2016-123939,$27
CA-2016-123939,Storage,*,CA-2016-123939,$436
CA-2016-124044,Binders,*,CA-2016-124044,$11
CA-2016-124058,Chairs,*,CA-2016-124058,$572
CA-2016-124058,Phones,*,CA-2016-124058,$73
CA-2016-124107,Accessories,*,CA-2016-124107,$620
CA-2016-124107,Appliances,*,CA-2016-124107,$29
CA-2016-124107,Envelopes,*,CA-2016-124107,$58
CA-2016-124107,Phones,*,CA-2016-124107,$29
CA-2016-124268,Art,*,CA-2016-124268,$15
CA-2016-124450,Art,*,CA-2016-124450,$23
CA-2016-124450,Chairs,*,CA-2016-124450,"$1,268"
CA-2016-124450,Machines,*,CA-2016-124450,"$1,380"
CA-2016-124499,Appliances,*,CA-2016-124499,$270
CA-2016-124499,Chairs,*,CA-2016-124499,$390
CA-2016-124541,Accessories,*,CA-2016-124541,$25
CA-2016-124541,Art,*,CA-2016-124541,$42
CA-2016-124541,Binders,*,CA-2016-124541,$17
CA-2016-124541,Paper,*,CA-2016-124541,$8
CA-2016-124653,Labels,*,CA-2016-124653,$22
CA-2016-124653,Paper,*,CA-2016-124653,$146
CA-2016-124800,Appliances,*,CA-2016-124800,$61
CA-2016-124800,Binders,*,CA-2016-124800,$150
CA-2016-124800,Paper,*,CA-2016-124800,$86
CA-2016-124800,Phones,*,CA-2016-124800,$264
CA-2016-124800,Storage,*,CA-2016-124800,$484
CA-2016-124891,Accessories,*,CA-2016-124891,"$2,310"
CA-2016-124891,Paper,*,CA-2016-124891,$19
CA-2016-124891,Tables,*,CA-2016-124891,"$1,091"
CA-2016-124919,Paper,*,CA-2016-124919,$164
CA-2016-124919,Storage,*,CA-2016-124919,$81
CA-2016-124933,Paper,*,CA-2016-124933,$213
CA-2016-124975,Tables,*,CA-2016-124975,$796
CA-2016-125066,Art,*,CA-2016-125066,$56
CA-2016-125066,Furnishings,*,CA-2016-125066,$6
CA-2016-125178,Storage,*,CA-2016-125178,$15
CA-2016-125185,Chairs,*,CA-2016-125185,$99
CA-2016-125185,Furnishings,*,CA-2016-125185,$34
CA-2016-125234,Accessories,*,CA-2016-125234,$108
CA-2016-125234,Paper,*,CA-2016-125234,$114
CA-2016-125395,Accessories,*,CA-2016-125395,$42
CA-2016-125416,Accessories,*,CA-2016-125416,$448
CA-2016-125423,Labels,*,CA-2016-125423,$10
CA-2016-125563,Furnishings,*,CA-2016-125563,$122
CA-2016-125696,Binders,*,CA-2016-125696,$7
CA-2016-125710,Art,*,CA-2016-125710,$3
CA-2016-125934,Appliances,*,CA-2016-125934,$111
CA-2016-125934,Binders,*,CA-2016-125934,$210
CA-2016-125934,Furnishings,*,CA-2016-125934,$9
CA-2016-125934,Labels,*,CA-2016-125934,$31
CA-2016-125934,Paper,*,CA-2016-125934,$39
CA-2016-125976,Paper,*,CA-2016-125976,$155
CA-2016-125976,Phones,*,CA-2016-125976,"$1,872"
CA-2016-126137,Bookcases,*,CA-2016-126137,$121
CA-2016-126186,Furnishings,*,CA-2016-126186,$25
CA-2016-126347,Accessories,*,CA-2016-126347,$50
CA-2016-126445,Storage,*,CA-2016-126445,$485
CA-2016-126466,Fasteners,*,CA-2016-126466,$2
CA-2016-126557,Art,*,CA-2016-126557,$7
CA-2016-126557,Binders,*,CA-2016-126557,$2
CA-2016-126557,Chairs,*,CA-2016-126557,$384
CA-2016-126557,Furnishings,*,CA-2016-126557,$8
CA-2016-126557,Phones,*,CA-2016-126557,"$1,345"
CA-2016-126669,Paper,*,CA-2016-126669,$77
CA-2016-126697,Accessories,*,CA-2016-126697,$151
CA-2016-126697,Furnishings,*,CA-2016-126697,$5
CA-2016-126697,Phones,*,CA-2016-126697,$946
CA-2016-126725,Chairs,*,CA-2016-126725,$226
CA-2016-126725,Furnishings,*,CA-2016-126725,$118
CA-2016-126725,Paper,*,CA-2016-126725,$32
CA-2016-126725,Phones,*,CA-2016-126725,$416
CA-2016-126725,Storage,*,CA-2016-126725,"$1,082"
CA-2016-126739,Chairs,*,CA-2016-126739,$328
CA-2016-126970,Binders,*,CA-2016-126970,$3
CA-2016-127019,Appliances,*,CA-2016-127019,$61
CA-2016-127110,Paper,*,CA-2016-127110,$31
CA-2016-127110,Storage,*,CA-2016-127110,$78
CA-2016-127173,Binders,*,CA-2016-127173,$79
CA-2016-127173,Fasteners,*,CA-2016-127173,$34
CA-2016-127173,Machines,*,CA-2016-127173,$630
CA-2016-127327,Chairs,*,CA-2016-127327,$91
CA-2016-127418,Binders,*,CA-2016-127418,$37
CA-2016-127453,Appliances,*,CA-2016-127453,$527
CA-2016-127481,Paper,*,CA-2016-127481,$130
CA-2016-127502,Labels,*,CA-2016-127502,$6
CA-2016-127509,Binders,*,CA-2016-127509,$17
CA-2016-127509,Envelopes,*,CA-2016-127509,$26
CA-2016-127509,Paper,*,CA-2016-127509,$17
CA-2016-127509,Tables,*,CA-2016-127509,"$1,024"
CA-2016-127544,Accessories,*,CA-2016-127544,$80
CA-2016-127593,Furnishings,*,CA-2016-127593,$85
CA-2016-127607,Binders,*,CA-2016-127607,$3
CA-2016-127607,Fasteners,*,CA-2016-127607,$19
CA-2016-127754,Chairs,*,CA-2016-127754,$266
CA-2016-127824,Furnishings,*,CA-2016-127824,$10
CA-2016-127824,Paper,*,CA-2016-127824,$18
CA-2016-127824,Phones,*,CA-2016-127824,$250
CA-2016-128013,Furnishings,*,CA-2016-128013,$10
CA-2016-128013,Paper,*,CA-2016-128013,$144
CA-2016-128027,Storage,*,CA-2016-128027,$269
CA-2016-128083,Envelopes,*,CA-2016-128083,$9
CA-2016-128083,Furnishings,*,CA-2016-128083,$37
CA-2016-128125,Furnishings,*,CA-2016-128125,$22
CA-2016-128125,Paper,*,CA-2016-128125,$98
CA-2016-128139,Chairs,*,CA-2016-128139,$71
CA-2016-128139,Labels,*,CA-2016-128139,$295
CA-2016-128167,Fasteners,*,CA-2016-128167,$5
CA-2016-128356,Supplies,*,CA-2016-128356,$11
CA-2016-128608,Accessories,*,CA-2016-128608,$10
CA-2016-128608,Art,*,CA-2016-128608,$10
CA-2016-128608,Phones,*,CA-2016-128608,$369
CA-2016-128860,Furnishings,*,CA-2016-128860,$20
CA-2016-128958,Art,*,CA-2016-128958,$13
CA-2016-128993,Accessories,*,CA-2016-128993,$22
CA-2016-129042,Art,*,CA-2016-129042,$8
CA-2016-129098,Storage,*,CA-2016-129098,$31
CA-2016-129112,Accessories,*,CA-2016-129112,$21
CA-2016-129112,Binders,*,CA-2016-129112,$9
CA-2016-129217,Appliances,*,CA-2016-129217,$71
CA-2016-129217,Art,*,CA-2016-129217,$37
CA-2016-129322,Appliances,*,CA-2016-129322,$114
CA-2016-129322,Art,*,CA-2016-129322,$40
CA-2016-129322,Binders,*,CA-2016-129322,$448
CA-2016-129392,Paper,*,CA-2016-129392,$21
CA-2016-129476,Accessories,*,CA-2016-129476,$340
CA-2016-129525,Binders,*,CA-2016-129525,$167
CA-2016-129532,Accessories,*,CA-2016-129532,$236
CA-2016-129532,Storage,*,CA-2016-129532,$222
CA-2016-129546,Appliances,*,CA-2016-129546,$186
CA-2016-129546,Binders,*,CA-2016-129546,$82
CA-2016-129546,Phones,*,CA-2016-129546,$37
CA-2016-129546,Supplies,*,CA-2016-129546,$47
CA-2016-129700,Furnishings,*,CA-2016-129700,$22
CA-2016-129770,Paper,*,CA-2016-129770,$49
CA-2016-129854,Art,*,CA-2016-129854,$17
CA-2016-129896,Furnishings,*,CA-2016-129896,$405
CA-2016-129896,Paper,*,CA-2016-129896,$10
CA-2016-129896,Storage,*,CA-2016-129896,$82
CA-2016-129917,Binders,*,CA-2016-129917,$65
CA-2016-129917,Phones,*,CA-2016-129917,$504
CA-2016-130022,Art,*,CA-2016-130022,$30
CA-2016-130022,Labels,*,CA-2016-130022,$45
CA-2016-130113,Phones,*,CA-2016-130113,$668
CA-2016-130113,Storage,*,CA-2016-130113,$323
CA-2016-130183,Bookcases,*,CA-2016-130183,$614
CA-2016-130204,Accessories,*,CA-2016-130204,$147
CA-2016-130204,Storage,*,CA-2016-130204,$31
CA-2016-130218,Fasteners,*,CA-2016-130218,$32
CA-2016-130218,Storage,*,CA-2016-130218,$28
CA-2016-130253,Furnishings,*,CA-2016-130253,$15
CA-2016-130365,Chairs,*,CA-2016-130365,$128
CA-2016-130365,Storage,*,CA-2016-130365,$221
CA-2016-130456,Bookcases,*,CA-2016-130456,$586
CA-2016-130456,Storage,*,CA-2016-130456,$81
CA-2016-130554,Art,*,CA-2016-130554,$12
CA-2016-130610,Binders,*,CA-2016-130610,$19
CA-2016-130659,Chairs,*,CA-2016-130659,$384
CA-2016-130659,Envelopes,*,CA-2016-130659,$18
CA-2016-130659,Phones,*,CA-2016-130659,"$1,800"
CA-2016-130736,Fasteners,*,CA-2016-130736,$4
CA-2016-130736,Labels,*,CA-2016-130736,$3
CA-2016-130785,Binders,*,CA-2016-130785,$29
CA-2016-130785,Bookcases,*,CA-2016-130785,$705
CA-2016-130792,Appliances,*,CA-2016-130792,$9
CA-2016-130792,Binders,*,CA-2016-130792,$12
CA-2016-130792,Storage,*,CA-2016-130792,$24
CA-2016-130848,Chairs,*,CA-2016-130848,$582
CA-2016-130855,Supplies,*,CA-2016-130855,$6
CA-2016-130876,Storage,*,CA-2016-130876,$37
CA-2016-130883,Accessories,*,CA-2016-130883,$240
CA-2016-130883,Paper,*,CA-2016-130883,$173
CA-2016-130890,Tables,*,CA-2016-130890,"$1,039"
CA-2016-130974,Accessories,*,CA-2016-130974,$260
CA-2016-130974,Bookcases,*,CA-2016-130974,$171
CA-2016-130974,Furnishings,*,CA-2016-130974,$39
CA-2016-130974,Paper,*,CA-2016-130974,$255
CA-2016-130974,Tables,*,CA-2016-130974,$446
CA-2016-130995,Phones,*,CA-2016-130995,$5
CA-2016-131072,Binders,*,CA-2016-131072,$98
CA-2016-131128,Paper,*,CA-2016-131128,$34
CA-2016-131338,Accessories,*,CA-2016-131338,$248
CA-2016-131338,Binders,*,CA-2016-131338,"$1,218"
CA-2016-131338,Fasteners,*,CA-2016-131338,$11
CA-2016-131338,Furnishings,*,CA-2016-131338,$53
CA-2016-131338,Paper,*,CA-2016-131338,$144
CA-2016-131338,Phones,*,CA-2016-131338,"$1,288"
CA-2016-131338,Storage,*,CA-2016-131338,$42
CA-2016-131338,Tables,*,CA-2016-131338,$383
CA-2016-131352,Furnishings,*,CA-2016-131352,$73
CA-2016-131422,Chairs,*,CA-2016-131422,$207
CA-2016-131457,Envelopes,*,CA-2016-131457,$14
CA-2016-131534,Accessories,*,CA-2016-131534,$166
CA-2016-131534,Paper,*,CA-2016-131534,$33
CA-2016-131597,Tables,*,CA-2016-131597,$170
CA-2016-131758,Art,*,CA-2016-131758,$48
CA-2016-131758,Labels,*,CA-2016-131758,$13
CA-2016-131779,Storage,*,CA-2016-131779,$30
CA-2016-131856,Furnishings,*,CA-2016-131856,$22
CA-2016-131856,Paper,*,CA-2016-131856,$128
CA-2016-131856,Phones,*,CA-2016-131856,$619
CA-2016-131884,Art,*,CA-2016-131884,$37
CA-2016-131884,Chairs,*,CA-2016-131884,$71
CA-2016-131884,Phones,*,CA-2016-131884,$486
CA-2016-132080,Binders,*,CA-2016-132080,$50
CA-2016-132101,Phones,*,CA-2016-132101,$454
CA-2016-132136,Binders,*,CA-2016-132136,$9
CA-2016-132276,Appliances,*,CA-2016-132276,$27
CA-2016-132276,Binders,*,CA-2016-132276,$11
CA-2016-132318,Appliances,*,CA-2016-132318,$183
CA-2016-132374,Art,*,CA-2016-132374,$79
CA-2016-132388,Chairs,*,CA-2016-132388,$362
CA-2016-132388,Labels,*,CA-2016-132388,$31
CA-2016-132465,Accessories,*,CA-2016-132465,$20
CA-2016-132465,Furnishings,*,CA-2016-132465,$211
CA-2016-132465,Storage,*,CA-2016-132465,$851
CA-2016-132486,Accessories,*,CA-2016-132486,$148
CA-2016-132486,Chairs,*,CA-2016-132486,"$1,275"
CA-2016-132486,Envelopes,*,CA-2016-132486,$12
CA-2016-132486,Paper,*,CA-2016-132486,$12
CA-2016-132507,Storage,*,CA-2016-132507,$62
CA-2016-132570,Art,*,CA-2016-132570,$3
CA-2016-132570,Envelopes,*,CA-2016-132570,$80
CA-2016-132626,Art,*,CA-2016-132626,$79
CA-2016-132626,Binders,*,CA-2016-132626,$281
CA-2016-132626,Fasteners,*,CA-2016-132626,$16
CA-2016-132626,Furnishings,*,CA-2016-132626,$182
CA-2016-132626,Labels,*,CA-2016-132626,$12
CA-2016-132626,Machines,*,CA-2016-132626,$465
CA-2016-132626,Storage,*,CA-2016-132626,$98
CA-2016-132633,Binders,*,CA-2016-132633,$12
CA-2016-132815,Paper,*,CA-2016-132815,$23
CA-2016-132906,Supplies,*,CA-2016-132906,$52
CA-2016-132941,Accessories,*,CA-2016-132941,$208
CA-2016-132941,Paper,*,CA-2016-132941,$32
CA-2016-132941,Supplies,*,CA-2016-132941,$22
CA-2016-132948,Storage,*,CA-2016-132948,$84
CA-2016-133025,Paper,*,CA-2016-133025,$32
CA-2016-133242,Binders,*,CA-2016-133242,$68
CA-2016-133242,Furnishings,*,CA-2016-133242,$61
CA-2016-133242,Phones,*,CA-2016-133242,$468
CA-2016-133242,Storage,*,CA-2016-133242,$450
CA-2016-133396,Art,*,CA-2016-133396,$65
CA-2016-133445,Bookcases,*,CA-2016-133445,$66
CA-2016-133445,Chairs,*,CA-2016-133445,$291
CA-2016-133452,Accessories,*,CA-2016-133452,$200
CA-2016-133452,Tables,*,CA-2016-133452,$711
CA-2016-133494,Appliances,*,CA-2016-133494,$4
CA-2016-133536,Envelopes,*,CA-2016-133536,$23
CA-2016-133585,Art,*,CA-2016-133585,$55
CA-2016-133585,Bookcases,*,CA-2016-133585,"$1,228"
CA-2016-133627,Furnishings,*,CA-2016-133627,$22
CA-2016-133837,Storage,*,CA-2016-133837,$11
CA-2016-133977,Binders,*,CA-2016-133977,$3
CA-2016-134075,Furnishings,*,CA-2016-134075,$167
CA-2016-134075,Storage,*,CA-2016-134075,$360
CA-2016-134082,Binders,*,CA-2016-134082,$111
CA-2016-134117,Art,*,CA-2016-134117,$221
CA-2016-134117,Binders,*,CA-2016-134117,$93
CA-2016-134117,Phones,*,CA-2016-134117,$136
CA-2016-134201,Art,*,CA-2016-134201,$15
CA-2016-134201,Storage,*,CA-2016-134201,$142
CA-2016-134257,Envelopes,*,CA-2016-134257,$7
CA-2016-134257,Labels,*,CA-2016-134257,$492
CA-2016-134719,Storage,*,CA-2016-134719,"$1,802"
CA-2016-134747,Binders,*,CA-2016-134747,$13
CA-2016-134747,Phones,*,CA-2016-134747,$400
CA-2016-134782,Envelopes,*,CA-2016-134782,$105
CA-2016-134859,Furnishings,*,CA-2016-134859,$65
CA-2016-134859,Paper,*,CA-2016-134859,$21
CA-2016-134894,Appliances,*,CA-2016-134894,$153
CA-2016-134894,Chairs,*,CA-2016-134894,$284
CA-2016-134922,Envelopes,*,CA-2016-134922,$24
CA-2016-134943,Binders,*,CA-2016-134943,$153
CA-2016-134992,Furnishings,*,CA-2016-134992,$48
CA-2016-134992,Paper,*,CA-2016-134992,$32
CA-2016-135020,Binders,*,CA-2016-135020,$6
CA-2016-135020,Paper,*,CA-2016-135020,$45
CA-2016-135020,Phones,*,CA-2016-135020,$46
CA-2016-135020,Storage,*,CA-2016-135020,$535
CA-2016-135174,Phones,*,CA-2016-135174,"$1,023"
CA-2016-135251,Binders,*,CA-2016-135251,$6
CA-2016-135251,Bookcases,*,CA-2016-135251,$369
CA-2016-135251,Labels,*,CA-2016-135251,$36
CA-2016-135251,Paper,*,CA-2016-135251,$57
CA-2016-135272,Furnishings,*,CA-2016-135272,$80
CA-2016-135314,Phones,*,CA-2016-135314,$270
CA-2016-135363,Paper,*,CA-2016-135363,$21
CA-2016-135391,Furnishings,*,CA-2016-135391,$41
CA-2016-135391,Labels,*,CA-2016-135391,$40
CA-2016-135489,Phones,*,CA-2016-135489,$280
CA-2016-135510,Furnishings,*,CA-2016-135510,$68
CA-2016-135538,Chairs,*,CA-2016-135538,$884
CA-2016-135545,Accessories,*,CA-2016-135545,$14
CA-2016-135545,Binders,*,CA-2016-135545,$26
CA-2016-135545,Furnishings,*,CA-2016-135545,$80
CA-2016-135545,Paper,*,CA-2016-135545,$147
CA-2016-135580,Envelopes,*,CA-2016-135580,$271
CA-2016-135580,Machines,*,CA-2016-135580,"$2,549"
CA-2016-135580,Paper,*,CA-2016-135580,$69
CA-2016-135580,Phones,*,CA-2016-135580,$288
CA-2016-135580,Storage,*,CA-2016-135580,$75
CA-2016-135622,Paper,*,CA-2016-135622,$361
CA-2016-135622,Phones,*,CA-2016-135622,"$1,718"
CA-2016-135685,Accessories,*,CA-2016-135685,"$1,000"
CA-2016-135685,Furnishings,*,CA-2016-135685,$186
CA-2016-135685,Paper,*,CA-2016-135685,$180
CA-2016-135685,Tables,*,CA-2016-135685,$868
CA-2016-135727,Chairs,*,CA-2016-135727,$192
CA-2016-135853,Accessories,*,CA-2016-135853,$175
CA-2016-135853,Binders,*,CA-2016-135853,$23
CA-2016-135853,Phones,*,CA-2016-135853,$126
CA-2016-136105,Storage,*,CA-2016-136105,$25
CA-2016-136147,Accessories,*,CA-2016-136147,$112
CA-2016-136147,Binders,*,CA-2016-136147,$121
CA-2016-136196,Furnishings,*,CA-2016-136196,$323
CA-2016-136224,Art,*,CA-2016-136224,$10
CA-2016-136378,Binders,*,CA-2016-136378,$9
CA-2016-136420,Binders,*,CA-2016-136420,$90
CA-2016-136420,Labels,*,CA-2016-136420,$50
CA-2016-136469,Binders,*,CA-2016-136469,$221
CA-2016-136469,Phones,*,CA-2016-136469,$716
CA-2016-136469,Tables,*,CA-2016-136469,$200
CA-2016-136658,Art,*,CA-2016-136658,$6
CA-2016-136700,Paper,*,CA-2016-136700,$9
CA-2016-136728,Chairs,*,CA-2016-136728,$170
CA-2016-136728,Envelopes,*,CA-2016-136728,$8
CA-2016-136735,Envelopes,*,CA-2016-136735,$168
CA-2016-136798,Binders,*,CA-2016-136798,$44
CA-2016-136798,Furnishings,*,CA-2016-136798,$124
CA-2016-136798,Phones,*,CA-2016-136798,$378
CA-2016-136805,Appliances,*,CA-2016-136805,$851
CA-2016-136805,Furnishings,*,CA-2016-136805,$75
CA-2016-137064,Accessories,*,CA-2016-137064,$19
CA-2016-137064,Binders,*,CA-2016-137064,$3
CA-2016-137064,Storage,*,CA-2016-137064,$671
CA-2016-137071,Accessories,*,CA-2016-137071,$101
CA-2016-137106,Phones,*,CA-2016-137106,$80
CA-2016-137113,Chairs,*,CA-2016-137113,"$2,004"
CA-2016-137113,Paper,*,CA-2016-137113,$147
CA-2016-137113,Storage,*,CA-2016-137113,$147
CA-2016-137113,Tables,*,CA-2016-137113,"$1,913"
CA-2016-137225,Art,*,CA-2016-137225,$3
CA-2016-137281,Paper,*,CA-2016-137281,$6
CA-2016-137302,Art,*,CA-2016-137302,$60
CA-2016-137302,Binders,*,CA-2016-137302,$50
CA-2016-137302,Chairs,*,CA-2016-137302,$64
CA-2016-137302,Phones,*,CA-2016-137302,$312
CA-2016-137512,Paper,*,CA-2016-137512,$16
CA-2016-137512,Tables,*,CA-2016-137512,$244
CA-2016-137526,Binders,*,CA-2016-137526,$70
CA-2016-137526,Furnishings,*,CA-2016-137526,$542
CA-2016-137603,Art,*,CA-2016-137603,$8
CA-2016-137708,Paper,*,CA-2016-137708,$81
CA-2016-137708,Storage,*,CA-2016-137708,$34
CA-2016-137750,Furnishings,*,CA-2016-137750,$205
CA-2016-137897,Accessories,*,CA-2016-137897,$98
CA-2016-137897,Paper,*,CA-2016-137897,$37
CA-2016-137925,Bookcases,*,CA-2016-137925,$681
CA-2016-137925,Paper,*,CA-2016-137925,$24
CA-2016-137946,Binders,*,CA-2016-137946,$19
CA-2016-137946,Copiers,*,CA-2016-137946,$960
CA-2016-137974,Binders,*,CA-2016-137974,$9
CA-2016-137974,Bookcases,*,CA-2016-137974,$523
CA-2016-137974,Furnishings,*,CA-2016-137974,"$1,197"
CA-2016-137974,Phones,*,CA-2016-137974,$570
CA-2016-138002,Binders,*,CA-2016-138002,$6
CA-2016-138002,Furnishings,*,CA-2016-138002,$192
CA-2016-138009,Appliances,*,CA-2016-138009,$555
CA-2016-138009,Art,*,CA-2016-138009,$162
CA-2016-138009,Chairs,*,CA-2016-138009,$302
CA-2016-138009,Storage,*,CA-2016-138009,$523
CA-2016-138219,Paper,*,CA-2016-138219,$33
CA-2016-138331,Art,*,CA-2016-138331,$107
CA-2016-138457,Binders,*,CA-2016-138457,$13
CA-2016-138485,Accessories,*,CA-2016-138485,$539
CA-2016-138492,Storage,*,CA-2016-138492,$52
CA-2016-138534,Bookcases,*,CA-2016-138534,$195
CA-2016-138625,Appliances,*,CA-2016-138625,$198
CA-2016-138674,Accessories,*,CA-2016-138674,$251
CA-2016-138674,Fasteners,*,CA-2016-138674,$9
CA-2016-138898,Appliances,*,CA-2016-138898,$846
CA-2016-138954,Art,*,CA-2016-138954,$119
CA-2016-138954,Binders,*,CA-2016-138954,$35
CA-2016-138954,Storage,*,CA-2016-138954,$71
CA-2016-139094,Tables,*,CA-2016-139094,$207
CA-2016-139164,Fasteners,*,CA-2016-139164,$5
CA-2016-139164,Phones,*,CA-2016-139164,$362
CA-2016-139248,Phones,*,CA-2016-139248,$624
CA-2016-139290,Labels,*,CA-2016-139290,$6
CA-2016-139374,Chairs,*,CA-2016-139374,$180
CA-2016-139584,Accessories,*,CA-2016-139584,$26
CA-2016-139584,Tables,*,CA-2016-139584,$284
CA-2016-139731,Accessories,*,CA-2016-139731,$264
CA-2016-139731,Chairs,*,CA-2016-139731,"$2,453"
CA-2016-139738,Art,*,CA-2016-139738,$129
CA-2016-139780,Binders,*,CA-2016-139780,$116
CA-2016-139850,Furnishings,*,CA-2016-139850,$43
CA-2016-139850,Paper,*,CA-2016-139850,$21
CA-2016-139962,Binders,*,CA-2016-139962,$38
CA-2016-139962,Paper,*,CA-2016-139962,$19
CA-2016-140025,Accessories,*,CA-2016-140025,$384
CA-2016-140025,Appliances,*,CA-2016-140025,$463
CA-2016-140144,Furnishings,*,CA-2016-140144,$258
CA-2016-140144,Phones,*,CA-2016-140144,$126
CA-2016-140221,Appliances,*,CA-2016-140221,$181
CA-2016-140221,Binders,*,CA-2016-140221,$11
CA-2016-140221,Furnishings,*,CA-2016-140221,$5
CA-2016-140221,Storage,*,CA-2016-140221,$60
CA-2016-140375,Binders,*,CA-2016-140375,$7
CA-2016-140375,Paper,*,CA-2016-140375,$19
CA-2016-140410,Accessories,*,CA-2016-140410,$90
CA-2016-140410,Furnishings,*,CA-2016-140410,$43
CA-2016-140410,Phones,*,CA-2016-140410,"$1,213"
CA-2016-140557,Accessories,*,CA-2016-140557,$560
CA-2016-140718,Binders,*,CA-2016-140718,$3
CA-2016-140718,Furnishings,*,CA-2016-140718,$160
CA-2016-140718,Paper,*,CA-2016-140718,$9
CA-2016-140718,Phones,*,CA-2016-140718,$74
CA-2016-140830,Envelopes,*,CA-2016-140830,$89
CA-2016-140921,Accessories,*,CA-2016-140921,$150
CA-2016-140921,Furnishings,*,CA-2016-140921,$28
CA-2016-140984,Binders,*,CA-2016-140984,$13
CA-2016-140984,Copiers,*,CA-2016-140984,$880
CA-2016-140984,Storage,*,CA-2016-140984,$991
CA-2016-141012,Furnishings,*,CA-2016-141012,$355
CA-2016-141012,Phones,*,CA-2016-141012,$140
CA-2016-141040,Paper,*,CA-2016-141040,$24
CA-2016-141040,Phones,*,CA-2016-141040,$632
CA-2016-141145,Accessories,*,CA-2016-141145,$87
CA-2016-141243,Accessories,*,CA-2016-141243,$398
CA-2016-141243,Art,*,CA-2016-141243,$7
CA-2016-141243,Bookcases,*,CA-2016-141243,"$1,352"
CA-2016-141250,Chairs,*,CA-2016-141250,$199
CA-2016-141250,Tables,*,CA-2016-141250,$102
CA-2016-141327,Appliances,*,CA-2016-141327,$98
CA-2016-141327,Binders,*,CA-2016-141327,$6
CA-2016-141327,Furnishings,*,CA-2016-141327,$336
CA-2016-141565,Binders,*,CA-2016-141565,"$1,370"
CA-2016-141565,Storage,*,CA-2016-141565,$294
CA-2016-141593,Binders,*,CA-2016-141593,$90
CA-2016-141593,Paper,*,CA-2016-141593,$6
CA-2016-141593,Tables,*,CA-2016-141593,$274
CA-2016-141740,Chairs,*,CA-2016-141740,$205
CA-2016-141754,Labels,*,CA-2016-141754,$12
CA-2016-141768,Furnishings,*,CA-2016-141768,$15
CA-2016-141810,Binders,*,CA-2016-141810,$29
CA-2016-141810,Phones,*,CA-2016-141810,$345
CA-2016-141936,Binders,*,CA-2016-141936,$19
CA-2016-142027,Tables,*,CA-2016-142027,$370
CA-2016-142041,Binders,*,CA-2016-142041,$8
CA-2016-142055,Paper,*,CA-2016-142055,$38
CA-2016-142139,Paper,*,CA-2016-142139,$21
CA-2016-142202,Accessories,*,CA-2016-142202,$717
CA-2016-142237,Art,*,CA-2016-142237,$11
CA-2016-142237,Binders,*,CA-2016-142237,$9
CA-2016-142237,Chairs,*,CA-2016-142237,$341
CA-2016-142237,Furnishings,*,CA-2016-142237,$315
CA-2016-142377,Paper,*,CA-2016-142377,$86
CA-2016-142419,Binders,*,CA-2016-142419,$98
CA-2016-142419,Paper,*,CA-2016-142419,$30
CA-2016-142433,Paper,*,CA-2016-142433,$117
CA-2016-142454,Furnishings,*,CA-2016-142454,$104
CA-2016-142454,Storage,*,CA-2016-142454,$70
CA-2016-142475,Binders,*,CA-2016-142475,$590
CA-2016-142601,Paper,*,CA-2016-142601,$62
CA-2016-142601,Storage,*,CA-2016-142601,$947
CA-2016-142692,Binders,*,CA-2016-142692,$4
CA-2016-142734,Chairs,*,CA-2016-142734,$128
CA-2016-142755,Accessories,*,CA-2016-142755,$620
CA-2016-142755,Envelopes,*,CA-2016-142755,$15
CA-2016-142755,Paper,*,CA-2016-142755,$284
CA-2016-142930,Paper,*,CA-2016-142930,$336
CA-2016-142937,Art,*,CA-2016-142937,$45
CA-2016-142944,Copiers,*,CA-2016-142944,"$1,120"
CA-2016-142944,Furnishings,*,CA-2016-142944,$435
CA-2016-142993,Accessories,*,CA-2016-142993,$18
CA-2016-142993,Storage,*,CA-2016-142993,$82
CA-2016-143077,Binders,*,CA-2016-143077,$7
CA-2016-143077,Furnishings,*,CA-2016-143077,$22
CA-2016-143105,Copiers,*,CA-2016-143105,$800
CA-2016-143105,Labels,*,CA-2016-143105,$7
CA-2016-143105,Paper,*,CA-2016-143105,$226
CA-2016-143119,Chairs,*,CA-2016-143119,$518
CA-2016-143147,Chairs,*,CA-2016-143147,$211
CA-2016-143147,Machines,*,CA-2016-143147,$400
CA-2016-143238,Accessories,*,CA-2016-143238,$46
CA-2016-143364,Bookcases,*,CA-2016-143364,$128
CA-2016-143364,Chairs,*,CA-2016-143364,$442
CA-2016-143364,Paper,*,CA-2016-143364,$18
CA-2016-143364,Storage,*,CA-2016-143364,$273
CA-2016-143490,Art,*,CA-2016-143490,$120
CA-2016-143490,Phones,*,CA-2016-143490,$219
CA-2016-143532,Paper,*,CA-2016-143532,$14
CA-2016-143602,Binders,*,CA-2016-143602,$14
CA-2016-143616,Art,*,CA-2016-143616,$99
CA-2016-143700,Paper,*,CA-2016-143700,$10
CA-2016-143882,Paper,*,CA-2016-143882,$43
CA-2016-143980,Appliances,*,CA-2016-143980,$415
CA-2016-144043,Accessories,*,CA-2016-144043,$47
CA-2016-144099,Binders,*,CA-2016-144099,$4
CA-2016-144190,Paper,*,CA-2016-144190,$13
CA-2016-144253,Furnishings,*,CA-2016-144253,$27
CA-2016-144267,Chairs,*,CA-2016-144267,$544
CA-2016-144267,Paper,*,CA-2016-144267,$88
CA-2016-144274,Art,*,CA-2016-144274,$13
CA-2016-144274,Envelopes,*,CA-2016-144274,$17
CA-2016-144274,Paper,*,CA-2016-144274,$83
CA-2016-144274,Phones,*,CA-2016-144274,$308
CA-2016-144288,Labels,*,CA-2016-144288,$9
CA-2016-144288,Paper,*,CA-2016-144288,$10
CA-2016-144302,Binders,*,CA-2016-144302,$6
CA-2016-144386,Binders,*,CA-2016-144386,$25
CA-2016-144519,Furnishings,*,CA-2016-144519,$64
CA-2016-144519,Phones,*,CA-2016-144519,$340
CA-2016-144652,Art,*,CA-2016-144652,$19
CA-2016-144722,Furnishings,*,CA-2016-144722,$43
CA-2016-144806,Art,*,CA-2016-144806,$86
CA-2016-144806,Furnishings,*,CA-2016-144806,$206
CA-2016-144806,Paper,*,CA-2016-144806,$218
CA-2016-144806,Storage,*,CA-2016-144806,$247
CA-2016-144890,Paper,*,CA-2016-144890,$10
CA-2016-145065,Binders,*,CA-2016-145065,$24
CA-2016-145065,Fasteners,*,CA-2016-145065,$8
CA-2016-145184,Accessories,*,CA-2016-145184,$105
CA-2016-145184,Phones,*,CA-2016-145184,$84
CA-2016-145324,Furnishings,*,CA-2016-145324,$40
CA-2016-145352,Art,*,CA-2016-145352,$11
CA-2016-145352,Binders,*,CA-2016-145352,"$6,355"
CA-2016-145352,Storage,*,CA-2016-145352,$47
CA-2016-145394,Furnishings,*,CA-2016-145394,$35
CA-2016-145394,Phones,*,CA-2016-145394,$240
CA-2016-145394,Storage,*,CA-2016-145394,$21
CA-2016-145401,Paper,*,CA-2016-145401,$14
CA-2016-145415,Storage,*,CA-2016-145415,$41
CA-2016-145457,Furnishings,*,CA-2016-145457,$47
CA-2016-145485,Storage,*,CA-2016-145485,$63
CA-2016-145758,Machines,*,CA-2016-145758,"$1,036"
CA-2016-145814,Binders,*,CA-2016-145814,$6
CA-2016-145814,Phones,*,CA-2016-145814,$862
CA-2016-145821,Phones,*,CA-2016-145821,$89
CA-2016-145828,Accessories,*,CA-2016-145828,$53
CA-2016-145835,Fasteners,*,CA-2016-145835,$16
CA-2016-145835,Phones,*,CA-2016-145835,$222
CA-2016-145849,Art,*,CA-2016-145849,$24
CA-2016-145849,Storage,*,CA-2016-145849,$191
CA-2016-146038,Chairs,*,CA-2016-146038,$204
CA-2016-146087,Bookcases,*,CA-2016-146087,$302
CA-2016-146255,Accessories,*,CA-2016-146255,$120
CA-2016-146255,Binders,*,CA-2016-146255,$100
CA-2016-146255,Phones,*,CA-2016-146255,$588
CA-2016-146262,Accessories,*,CA-2016-146262,$90
CA-2016-146262,Bookcases,*,CA-2016-146262,$452
CA-2016-146262,Labels,*,CA-2016-146262,$24
CA-2016-146262,Machines,*,CA-2016-146262,"$1,188"
CA-2016-146262,Phones,*,CA-2016-146262,$63
CA-2016-146290,Art,*,CA-2016-146290,$126
CA-2016-146465,Binders,*,CA-2016-146465,$24
CA-2016-146486,Accessories,*,CA-2016-146486,$914
CA-2016-146486,Envelopes,*,CA-2016-146486,$12
CA-2016-146486,Storage,*,CA-2016-146486,$245
CA-2016-146563,Binders,*,CA-2016-146563,$3
CA-2016-146563,Storage,*,CA-2016-146563,"$1,724"
CA-2016-146563,Tables,*,CA-2016-146563,$919
CA-2016-146675,Accessories,*,CA-2016-146675,$44
CA-2016-146675,Copiers,*,CA-2016-146675,"$1,440"
CA-2016-146696,Binders,*,CA-2016-146696,$8
CA-2016-146829,Binders,*,CA-2016-146829,$1
CA-2016-146948,Chairs,*,CA-2016-146948,$151
CA-2016-146948,Envelopes,*,CA-2016-146948,$137
CA-2016-146948,Fasteners,*,CA-2016-146948,$12
CA-2016-147011,Art,*,CA-2016-147011,$14
CA-2016-147102,Accessories,*,CA-2016-147102,$66
CA-2016-147501,Binders,*,CA-2016-147501,$6
CA-2016-147501,Machines,*,CA-2016-147501,$558
CA-2016-147529,Envelopes,*,CA-2016-147529,$311
CA-2016-147529,Paper,*,CA-2016-147529,$13
CA-2016-147690,Storage,*,CA-2016-147690,$578
CA-2016-147788,Bookcases,*,CA-2016-147788,"$1,407"
CA-2016-147788,Labels,*,CA-2016-147788,$16
CA-2016-147788,Storage,*,CA-2016-147788,$323
CA-2016-147816,Phones,*,CA-2016-147816,$35
CA-2016-147830,Accessories,*,CA-2016-147830,"$2,025"
CA-2016-147830,Furnishings,*,CA-2016-147830,$263
CA-2016-147830,Machines,*,CA-2016-147830,"$1,800"
CA-2016-147830,Phones,*,CA-2016-147830,$102
CA-2016-147851,Binders,*,CA-2016-147851,$11
CA-2016-147879,Paper,*,CA-2016-147879,$46
CA-2016-148180,Art,*,CA-2016-148180,$99
CA-2016-148180,Binders,*,CA-2016-148180,$32
CA-2016-148250,Appliances,*,CA-2016-148250,$134
CA-2016-148250,Paper,*,CA-2016-148250,$13
CA-2016-148376,Appliances,*,CA-2016-148376,$107
CA-2016-148376,Labels,*,CA-2016-148376,$22
CA-2016-148432,Fasteners,*,CA-2016-148432,$26
CA-2016-148432,Paper,*,CA-2016-148432,$7
CA-2016-148495,Furnishings,*,CA-2016-148495,$32
CA-2016-148628,Paper,*,CA-2016-148628,$33
CA-2016-148635,Bookcases,*,CA-2016-148635,$705
CA-2016-148635,Chairs,*,CA-2016-148635,$562
CA-2016-148635,Fasteners,*,CA-2016-148635,$9
CA-2016-148635,Paper,*,CA-2016-148635,$13
CA-2016-148705,Labels,*,CA-2016-148705,$5
CA-2016-148712,Accessories,*,CA-2016-148712,$100
CA-2016-148712,Art,*,CA-2016-148712,$11
CA-2016-148712,Binders,*,CA-2016-148712,$62
CA-2016-148859,Storage,*,CA-2016-148859,$25
CA-2016-148873,Accessories,*,CA-2016-148873,$109
CA-2016-148873,Binders,*,CA-2016-148873,$3
CA-2016-148964,Furnishings,*,CA-2016-148964,$20
CA-2016-149083,Accessories,*,CA-2016-149083,$160
CA-2016-149083,Chairs,*,CA-2016-149083,$307
CA-2016-149083,Labels,*,CA-2016-149083,$13
CA-2016-149097,Furnishings,*,CA-2016-149097,$75
CA-2016-149097,Tables,*,CA-2016-149097,$365
CA-2016-149300,Machines,*,CA-2016-149300,$33
CA-2016-149342,Furnishings,*,CA-2016-149342,$595
CA-2016-149342,Paper,*,CA-2016-149342,$13
CA-2016-149342,Phones,*,CA-2016-149342,$288
CA-2016-149384,Binders,*,CA-2016-149384,$3
CA-2016-149517,Furnishings,*,CA-2016-149517,$61
CA-2016-149566,Accessories,*,CA-2016-149566,$39
CA-2016-149566,Labels,*,CA-2016-149566,$13
CA-2016-149587,Binders,*,CA-2016-149587,$33
CA-2016-149587,Furnishings,*,CA-2016-149587,$53
CA-2016-149587,Paper,*,CA-2016-149587,$13
CA-2016-149601,Storage,*,CA-2016-149601,$94
CA-2016-149636,Binders,*,CA-2016-149636,$2
CA-2016-149636,Paper,*,CA-2016-149636,$30
CA-2016-149650,Chairs,*,CA-2016-149650,$454
CA-2016-149678,Supplies,*,CA-2016-149678,$13
CA-2016-149713,Paper,*,CA-2016-149713,$181
CA-2016-149713,Supplies,*,CA-2016-149713,$7
CA-2016-149734,Envelopes,*,CA-2016-149734,$201
CA-2016-149748,Furnishings,*,CA-2016-149748,$8
CA-2016-149748,Paper,*,CA-2016-149748,$275
CA-2016-149748,Storage,*,CA-2016-149748,$62
CA-2016-149811,Binders,*,CA-2016-149811,$32
CA-2016-149811,Paper,*,CA-2016-149811,$40
CA-2016-149846,Labels,*,CA-2016-149846,$8
CA-2016-149846,Machines,*,CA-2016-149846,"$2,973"
CA-2016-149846,Phones,*,CA-2016-149846,$776
CA-2016-149846,Storage,*,CA-2016-149846,$105
CA-2016-149909,Paper,*,CA-2016-149909,$160
CA-2016-149909,Phones,*,CA-2016-149909,$51
CA-2016-149972,Chairs,*,CA-2016-149972,$602
CA-2016-149972,Fasteners,*,CA-2016-149972,$8
CA-2016-149993,Fasteners,*,CA-2016-149993,$11
CA-2016-150196,Paper,*,CA-2016-150196,$19
CA-2016-150308,Phones,*,CA-2016-150308,$246
CA-2016-150413,Binders,*,CA-2016-150413,$2
CA-2016-150441,Binders,*,CA-2016-150441,$11
CA-2016-150511,Paper,*,CA-2016-150511,$19
CA-2016-150560,Labels,*,CA-2016-150560,$197
CA-2016-150714,Appliances,*,CA-2016-150714,$204
CA-2016-150714,Binders,*,CA-2016-150714,$14
CA-2016-150714,Labels,*,CA-2016-150714,$147
CA-2016-150714,Paper,*,CA-2016-150714,$132
CA-2016-150714,Storage,*,CA-2016-150714,$719
CA-2016-150749,Art,*,CA-2016-150749,$6
CA-2016-150770,Accessories,*,CA-2016-150770,$340
CA-2016-150770,Art,*,CA-2016-150770,$9
CA-2016-150770,Binders,*,CA-2016-150770,$112
CA-2016-150791,Chairs,*,CA-2016-150791,$272
CA-2016-150875,Phones,*,CA-2016-150875,$305
CA-2016-150875,Tables,*,CA-2016-150875,$696
CA-2016-151043,Accessories,*,CA-2016-151043,$48
CA-2016-151253,Art,*,CA-2016-151253,$64
CA-2016-151253,Phones,*,CA-2016-151253,$89
CA-2016-151470,Binders,*,CA-2016-151470,$46
CA-2016-151547,Supplies,*,CA-2016-151547,$89
CA-2016-151589,Paper,*,CA-2016-151589,$196
CA-2016-151589,Phones,*,CA-2016-151589,$240
CA-2016-151624,Furnishings,*,CA-2016-151624,$21
CA-2016-151680,Furnishings,*,CA-2016-151680,$142
CA-2016-151722,Accessories,*,CA-2016-151722,$288
CA-2016-151785,Fasteners,*,CA-2016-151785,$7
CA-2016-151841,Appliances,*,CA-2016-151841,$44
CA-2016-151841,Supplies,*,CA-2016-151841,$6
CA-2016-151869,Chairs,*,CA-2016-151869,$103
CA-2016-151869,Paper,*,CA-2016-151869,$20
CA-2016-152513,Binders,*,CA-2016-152513,$23
CA-2016-152527,Storage,*,CA-2016-152527,$78
CA-2016-152611,Art,*,CA-2016-152611,$287
CA-2016-152681,Art,*,CA-2016-152681,$7
CA-2016-152891,Art,*,CA-2016-152891,$60
CA-2016-152891,Tables,*,CA-2016-152891,$253
CA-2016-153038,Envelopes,*,CA-2016-153038,$56
CA-2016-153038,Furnishings,*,CA-2016-153038,$20
CA-2016-153038,Labels,*,CA-2016-153038,$18
CA-2016-153073,Furnishings,*,CA-2016-153073,$17
CA-2016-153108,Appliances,*,CA-2016-153108,$61
CA-2016-153108,Phones,*,CA-2016-153108,$24
CA-2016-153220,Paper,*,CA-2016-153220,$16
CA-2016-153325,Binders,*,CA-2016-153325,$59
CA-2016-153381,Binders,*,CA-2016-153381,$15
CA-2016-153381,Chairs,*,CA-2016-153381,"$1,408"
CA-2016-153388,Art,*,CA-2016-153388,$7
CA-2016-153388,Tables,*,CA-2016-153388,"$1,005"
CA-2016-153416,Binders,*,CA-2016-153416,$95
CA-2016-153416,Paper,*,CA-2016-153416,$19
CA-2016-153416,Storage,*,CA-2016-153416,$455
CA-2016-153423,Binders,*,CA-2016-153423,"$1,218"
CA-2016-153535,Binders,*,CA-2016-153535,$6
CA-2016-153535,Furnishings,*,CA-2016-153535,$163
CA-2016-153549,Chairs,*,CA-2016-153549,"$1,167"
CA-2016-153612,Art,*,CA-2016-153612,$17
CA-2016-153626,Art,*,CA-2016-153626,$5
CA-2016-153717,Art,*,CA-2016-153717,$3
CA-2016-153717,Bookcases,*,CA-2016-153717,$161
CA-2016-153717,Paper,*,CA-2016-153717,$17
CA-2016-153717,Phones,*,CA-2016-153717,$74
CA-2016-153738,Binders,*,CA-2016-153738,$38
CA-2016-153752,Phones,*,CA-2016-153752,$174
CA-2016-153794,Art,*,CA-2016-153794,$266
CA-2016-153878,Appliances,*,CA-2016-153878,$272
CA-2016-153878,Art,*,CA-2016-153878,$58
CA-2016-153906,Phones,*,CA-2016-153906,$86
CA-2016-154144,Paper,*,CA-2016-154144,$55
CA-2016-154200,Art,*,CA-2016-154200,$52
CA-2016-154284,Accessories,*,CA-2016-154284,$637
CA-2016-154284,Art,*,CA-2016-154284,$60
CA-2016-154284,Furnishings,*,CA-2016-154284,$52
CA-2016-154284,Machines,*,CA-2016-154284,$601
CA-2016-154291,Envelopes,*,CA-2016-154291,$98
CA-2016-154291,Tables,*,CA-2016-154291,$359
CA-2016-154326,Accessories,*,CA-2016-154326,$140
CA-2016-154326,Phones,*,CA-2016-154326,$835
CA-2016-154340,Art,*,CA-2016-154340,$56
CA-2016-154620,Chairs,*,CA-2016-154620,$349
CA-2016-154746,Appliances,*,CA-2016-154746,$826
CA-2016-154746,Envelopes,*,CA-2016-154746,$34
CA-2016-154795,Envelopes,*,CA-2016-154795,$8
CA-2016-154795,Furnishings,*,CA-2016-154795,$14
CA-2016-154823,Binders,*,CA-2016-154823,$13
CA-2016-154823,Chairs,*,CA-2016-154823,$598
CA-2016-154823,Furnishings,*,CA-2016-154823,$26
CA-2016-154886,Accessories,*,CA-2016-154886,$120
CA-2016-154900,Labels,*,CA-2016-154900,$3
CA-2016-154900,Paper,*,CA-2016-154900,$23
CA-2016-154921,Envelopes,*,CA-2016-154921,$187
CA-2016-154956,Phones,*,CA-2016-154956,"$1,100"
CA-2016-154970,Chairs,*,CA-2016-154970,$62
CA-2016-155040,Accessories,*,CA-2016-155040,$80
CA-2016-155054,Accessories,*,CA-2016-155054,$68
CA-2016-155054,Binders,*,CA-2016-155054,$38
CA-2016-155068,Art,*,CA-2016-155068,$11
CA-2016-155068,Phones,*,CA-2016-155068,$68
CA-2016-155124,Phones,*,CA-2016-155124,$17
CA-2016-155145,Accessories,*,CA-2016-155145,$8
CA-2016-155306,Accessories,*,CA-2016-155306,$323
CA-2016-155306,Appliances,*,CA-2016-155306,"$1,448"
CA-2016-155306,Art,*,CA-2016-155306,$6
CA-2016-155306,Paper,*,CA-2016-155306,$12
CA-2016-155306,Phones,*,CA-2016-155306,$784
CA-2016-155334,Accessories,*,CA-2016-155334,$210
CA-2016-155334,Binders,*,CA-2016-155334,$11
CA-2016-155334,Furnishings,*,CA-2016-155334,$5
CA-2016-155453,Labels,*,CA-2016-155453,$5
CA-2016-155586,Art,*,CA-2016-155586,$2
CA-2016-155586,Envelopes,*,CA-2016-155586,$16
CA-2016-155586,Paper,*,CA-2016-155586,$36
CA-2016-155600,Art,*,CA-2016-155600,$37
CA-2016-155600,Binders,*,CA-2016-155600,"$1,598"
CA-2016-155635,Binders,*,CA-2016-155635,$49
CA-2016-155761,Accessories,*,CA-2016-155761,$160
CA-2016-155761,Storage,*,CA-2016-155761,$46
CA-2016-156013,Binders,*,CA-2016-156013,$24
CA-2016-156013,Paper,*,CA-2016-156013,$61
CA-2016-156104,Copiers,*,CA-2016-156104,"$1,000"
CA-2016-156118,Paper,*,CA-2016-156118,$16
CA-2016-156146,Phones,*,CA-2016-156146,$174
CA-2016-156153,Fasteners,*,CA-2016-156153,$8
CA-2016-156328,Phones,*,CA-2016-156328,$177
CA-2016-156335,Accessories,*,CA-2016-156335,$64
CA-2016-156335,Binders,*,CA-2016-156335,$14
CA-2016-156335,Phones,*,CA-2016-156335,$105
CA-2016-156377,Binders,*,CA-2016-156377,$4
CA-2016-156377,Furnishings,*,CA-2016-156377,$15
CA-2016-156440,Furnishings,*,CA-2016-156440,$44
CA-2016-156482,Art,*,CA-2016-156482,$6
CA-2016-156482,Bookcases,*,CA-2016-156482,$284
CA-2016-156482,Chairs,*,CA-2016-156482,"$1,269"
CA-2016-156510,Art,*,CA-2016-156510,$7
CA-2016-156510,Binders,*,CA-2016-156510,$11
CA-2016-156510,Paper,*,CA-2016-156510,$46
CA-2016-156524,Paper,*,CA-2016-156524,$20
CA-2016-156566,Phones,*,CA-2016-156566,$573
CA-2016-156608,Binders,*,CA-2016-156608,$4
CA-2016-156734,Binders,*,CA-2016-156734,$6
CA-2016-156734,Chairs,*,CA-2016-156734,$643
CA-2016-156734,Paper,*,CA-2016-156734,$21
CA-2016-156755,Storage,*,CA-2016-156755,$465
CA-2016-156853,Paper,*,CA-2016-156853,$185
CA-2016-156923,Paper,*,CA-2016-156923,$36
CA-2016-157028,Art,*,CA-2016-157028,$8
CA-2016-157035,Paper,*,CA-2016-157035,$34
CA-2016-157084,Accessories,*,CA-2016-157084,"$1,266"
CA-2016-157084,Phones,*,CA-2016-157084,$676
CA-2016-157133,Furnishings,*,CA-2016-157133,$152
CA-2016-157287,Chairs,*,CA-2016-157287,$423
CA-2016-157287,Storage,*,CA-2016-157287,$34
CA-2016-157322,Chairs,*,CA-2016-157322,$791
CA-2016-157322,Paper,*,CA-2016-157322,$11
CA-2016-157322,Storage,*,CA-2016-157322,$504
CA-2016-157343,Art,*,CA-2016-157343,$8
CA-2016-157343,Binders,*,CA-2016-157343,$18
CA-2016-157343,Paper,*,CA-2016-157343,$26
CA-2016-157434,Paper,*,CA-2016-157434,$8
CA-2016-157770,Accessories,*,CA-2016-157770,$285
CA-2016-157770,Binders,*,CA-2016-157770,$29
CA-2016-157770,Phones,*,CA-2016-157770,$494
CA-2016-157805,Phones,*,CA-2016-157805,$556
CA-2016-157812,Accessories,*,CA-2016-157812,$18
CA-2016-157812,Binders,*,CA-2016-157812,$14
CA-2016-157812,Storage,*,CA-2016-157812,$130
CA-2016-157959,Furnishings,*,CA-2016-157959,$137
CA-2016-158148,Appliances,*,CA-2016-158148,$36
CA-2016-158323,Furnishings,*,CA-2016-158323,$17
CA-2016-158351,Accessories,*,CA-2016-158351,$320
CA-2016-158421,Binders,*,CA-2016-158421,$15
CA-2016-158421,Chairs,*,CA-2016-158421,"$1,690"
CA-2016-158421,Envelopes,*,CA-2016-158421,$122
CA-2016-158421,Paper,*,CA-2016-158421,$24
CA-2016-158421,Phones,*,CA-2016-158421,$744
CA-2016-158421,Storage,*,CA-2016-158421,"$1,038"
CA-2016-158456,Binders,*,CA-2016-158456,$20
CA-2016-158456,Fasteners,*,CA-2016-158456,$46
CA-2016-158491,Accessories,*,CA-2016-158491,"$1,110"
CA-2016-158554,Paper,*,CA-2016-158554,$11
CA-2016-158659,Storage,*,CA-2016-158659,$714
CA-2016-158701,Appliances,*,CA-2016-158701,$87
CA-2016-158701,Binders,*,CA-2016-158701,$56
CA-2016-158792,Fasteners,*,CA-2016-158792,$22
CA-2016-158918,Paper,*,CA-2016-158918,$17
CA-2016-158939,Copiers,*,CA-2016-158939,$600
CA-2016-159380,Paper,*,CA-2016-159380,$39
CA-2016-159534,Binders,*,CA-2016-159534,"$1,138"
CA-2016-159534,Envelopes,*,CA-2016-159534,$24
CA-2016-159534,Phones,*,CA-2016-159534,$200
CA-2016-159534,Storage,*,CA-2016-159534,$84
CA-2016-159590,Art,*,CA-2016-159590,$6
CA-2016-159779,Binders,*,CA-2016-159779,$69
CA-2016-159786,Tables,*,CA-2016-159786,$210
CA-2016-159863,Accessories,*,CA-2016-159863,$134
CA-2016-160059,Binders,*,CA-2016-160059,$6
CA-2016-160171,Accessories,*,CA-2016-160171,$270
CA-2016-160171,Appliances,*,CA-2016-160171,"$1,641"
CA-2016-160213,Paper,*,CA-2016-160213,$19
CA-2016-160227,Chairs,*,CA-2016-160227,"$2,621"
CA-2016-160472,Accessories,*,CA-2016-160472,$831
CA-2016-160472,Envelopes,*,CA-2016-160472,$107
CA-2016-160472,Paper,*,CA-2016-160472,$124
CA-2016-160472,Storage,*,CA-2016-160472,$176
CA-2016-160696,Fasteners,*,CA-2016-160696,$7
CA-2016-160787,Binders,*,CA-2016-160787,$3
CA-2016-160794,Paper,*,CA-2016-160794,$27
CA-2016-160864,Binders,*,CA-2016-160864,$14
CA-2016-161214,Storage,*,CA-2016-161214,$78
CA-2016-161242,Paper,*,CA-2016-161242,$12
CA-2016-161263,Appliances,*,CA-2016-161263,$45
CA-2016-161263,Art,*,CA-2016-161263,$8
CA-2016-161263,Binders,*,CA-2016-161263,$55
CA-2016-161263,Fasteners,*,CA-2016-161263,$12
CA-2016-161263,Phones,*,CA-2016-161263,$119
CA-2016-161445,Art,*,CA-2016-161445,$141
CA-2016-161452,Chairs,*,CA-2016-161452,$892
CA-2016-161627,Chairs,*,CA-2016-161627,$170
CA-2016-161711,Envelopes,*,CA-2016-161711,$62
CA-2016-161711,Furnishings,*,CA-2016-161711,$68
CA-2016-161718,Chairs,*,CA-2016-161718,$726
CA-2016-161718,Furnishings,*,CA-2016-161718,$28
CA-2016-161718,Phones,*,CA-2016-161718,$40
CA-2016-161767,Machines,*,CA-2016-161767,$480
CA-2016-161795,Art,*,CA-2016-161795,$3
CA-2016-161830,Art,*,CA-2016-161830,$36
CA-2016-161830,Binders,*,CA-2016-161830,$15
CA-2016-161998,Art,*,CA-2016-161998,$173
CA-2016-161998,Furnishings,*,CA-2016-161998,$64
CA-2016-161998,Supplies,*,CA-2016-161998,$41
CA-2016-162047,Chairs,*,CA-2016-162047,"$1,449"
CA-2016-162166,Paper,*,CA-2016-162166,$26
CA-2016-162166,Storage,*,CA-2016-162166,$42
CA-2016-162201,Art,*,CA-2016-162201,$4
CA-2016-162201,Binders,*,CA-2016-162201,$18
CA-2016-162201,Furnishings,*,CA-2016-162201,$173
CA-2016-162201,Labels,*,CA-2016-162201,$9
CA-2016-162201,Paper,*,CA-2016-162201,$216
CA-2016-162201,Storage,*,CA-2016-162201,$517
CA-2016-162369,Storage,*,CA-2016-162369,$323
CA-2016-162376,Art,*,CA-2016-162376,$17
CA-2016-162376,Paper,*,CA-2016-162376,$60
CA-2016-162537,Envelopes,*,CA-2016-162537,$11
CA-2016-162537,Furnishings,*,CA-2016-162537,$57
CA-2016-162537,Storage,*,CA-2016-162537,$37
CA-2016-162544,Paper,*,CA-2016-162544,$5
CA-2016-162607,Binders,*,CA-2016-162607,$15
CA-2016-162621,Binders,*,CA-2016-162621,$21
CA-2016-162621,Supplies,*,CA-2016-162621,$69
CA-2016-162761,Art,*,CA-2016-162761,$37
CA-2016-162761,Binders,*,CA-2016-162761,$13
CA-2016-162782,Binders,*,CA-2016-162782,"$2,542"
CA-2016-162887,Chairs,*,CA-2016-162887,$715
CA-2016-162950,Bookcases,*,CA-2016-162950,$483
CA-2016-162950,Paper,*,CA-2016-162950,$16
CA-2016-162964,Envelopes,*,CA-2016-162964,$224
CA-2016-162964,Paper,*,CA-2016-162964,$16
CA-2016-162964,Storage,*,CA-2016-162964,$65
CA-2016-163055,Art,*,CA-2016-163055,$2
CA-2016-163055,Storage,*,CA-2016-163055,$22
CA-2016-163055,Tables,*,CA-2016-163055,$622
CA-2016-163090,Supplies,*,CA-2016-163090,$41
CA-2016-163104,Paper,*,CA-2016-163104,$12
CA-2016-163181,Art,*,CA-2016-163181,$24
CA-2016-163181,Binders,*,CA-2016-163181,$32
CA-2016-163181,Furnishings,*,CA-2016-163181,$65
CA-2016-163181,Machines,*,CA-2016-163181,$288
CA-2016-163181,Storage,*,CA-2016-163181,$262
CA-2016-163237,Labels,*,CA-2016-163237,$25
CA-2016-163237,Phones,*,CA-2016-163237,$495
CA-2016-163440,Phones,*,CA-2016-163440,$16
CA-2016-163587,Binders,*,CA-2016-163587,$672
CA-2016-163587,Labels,*,CA-2016-163587,$17
CA-2016-163734,Storage,*,CA-2016-163734,$229
CA-2016-163762,Art,*,CA-2016-163762,$30
CA-2016-163895,Binders,*,CA-2016-163895,$3
CA-2016-163923,Accessories,*,CA-2016-163923,$152
CA-2016-163965,Binders,*,CA-2016-163965,$70
CA-2016-163965,Bookcases,*,CA-2016-163965,$290
CA-2016-163965,Storage,*,CA-2016-163965,$17
CA-2016-164007,Accessories,*,CA-2016-164007,$2
CA-2016-164007,Appliances,*,CA-2016-164007,$143
CA-2016-164084,Accessories,*,CA-2016-164084,$90
CA-2016-164084,Binders,*,CA-2016-164084,$6
CA-2016-164084,Fasteners,*,CA-2016-164084,$7
CA-2016-164084,Storage,*,CA-2016-164084,$70
CA-2016-164084,Tables,*,CA-2016-164084,$481
CA-2016-164301,Tables,*,CA-2016-164301,"$3,394"
CA-2016-164336,Accessories,*,CA-2016-164336,$35
CA-2016-164336,Storage,*,CA-2016-164336,$39
CA-2016-164427,Accessories,*,CA-2016-164427,$240
CA-2016-164441,Binders,*,CA-2016-164441,$52
CA-2016-164441,Paper,*,CA-2016-164441,$18
CA-2016-164497,Appliances,*,CA-2016-164497,$45
CA-2016-164539,Appliances,*,CA-2016-164539,$523
CA-2016-164567,Phones,*,CA-2016-164567,$226
CA-2016-164623,Paper,*,CA-2016-164623,$25
CA-2016-164777,Chairs,*,CA-2016-164777,"$2,804"
CA-2016-164833,Art,*,CA-2016-164833,$9
CA-2016-164833,Labels,*,CA-2016-164833,$7
CA-2016-164882,Art,*,CA-2016-164882,$5
CA-2016-164882,Binders,*,CA-2016-164882,$398
CA-2016-164882,Bookcases,*,CA-2016-164882,$426
CA-2016-164882,Chairs,*,CA-2016-164882,$323
CA-2016-164882,Fasteners,*,CA-2016-164882,$17
CA-2016-164882,Paper,*,CA-2016-164882,$20
CA-2016-164882,Phones,*,CA-2016-164882,"$1,296"
CA-2016-164882,Storage,*,CA-2016-164882,$47
CA-2016-164882,Supplies,*,CA-2016-164882,$30
CA-2016-165050,Binders,*,CA-2016-165050,$28
CA-2016-165050,Phones,*,CA-2016-165050,$774
CA-2016-165057,Art,*,CA-2016-165057,$181
CA-2016-165057,Labels,*,CA-2016-165057,$9
CA-2016-165085,Appliances,*,CA-2016-165085,$356
CA-2016-165085,Paper,*,CA-2016-165085,$29
CA-2016-165162,Storage,*,CA-2016-165162,"$1,118"
CA-2016-165414,Phones,*,CA-2016-165414,$48
CA-2016-165554,Paper,*,CA-2016-165554,$11
CA-2016-165624,Accessories,*,CA-2016-165624,$252
CA-2016-165624,Appliances,*,CA-2016-165624,$569
CA-2016-165624,Labels,*,CA-2016-165624,$9
CA-2016-165624,Paper,*,CA-2016-165624,$313
CA-2016-165799,Chairs,*,CA-2016-165799,$118
CA-2016-165813,Storage,*,CA-2016-165813,$29
CA-2016-166135,Storage,*,CA-2016-166135,$139
CA-2016-166219,Phones,*,CA-2016-166219,"$1,100"
CA-2016-166219,Tables,*,CA-2016-166219,$103
CA-2016-166338,Binders,*,CA-2016-166338,$15
CA-2016-166464,Copiers,*,CA-2016-166464,$480
CA-2016-166464,Labels,*,CA-2016-166464,$13
CA-2016-166492,Paper,*,CA-2016-166492,$26
CA-2016-166492,Storage,*,CA-2016-166492,$23
CA-2016-166583,Phones,*,CA-2016-166583,$972
CA-2016-166604,Envelopes,*,CA-2016-166604,$18
CA-2016-166800,Appliances,*,CA-2016-166800,$31
CA-2016-166947,Chairs,*,CA-2016-166947,"$1,523"
CA-2016-166975,Furnishings,*,CA-2016-166975,$692
CA-2016-167010,Appliances,*,CA-2016-167010,$98
CA-2016-167010,Binders,*,CA-2016-167010,$10
CA-2016-167010,Bookcases,*,CA-2016-167010,$352
CA-2016-167010,Furnishings,*,CA-2016-167010,$555
CA-2016-167010,Phones,*,CA-2016-167010,$57
CA-2016-167010,Storage,*,CA-2016-167010,$564
CA-2016-167255,Paper,*,CA-2016-167255,$160
CA-2016-167255,Storage,*,CA-2016-167255,$16
CA-2016-167269,Envelopes,*,CA-2016-167269,$6
CA-2016-167374,Accessories,*,CA-2016-167374,$17
CA-2016-167374,Paper,*,CA-2016-167374,$40
CA-2016-167479,Paper,*,CA-2016-167479,$19
CA-2016-167696,Envelopes,*,CA-2016-167696,$31
CA-2016-167745,Art,*,CA-2016-167745,$12
CA-2016-167745,Furnishings,*,CA-2016-167745,$24
CA-2016-167745,Supplies,*,CA-2016-167745,$17
CA-2016-168004,Chairs,*,CA-2016-168004,$393
CA-2016-168088,Bookcases,*,CA-2016-168088,$383
CA-2016-168088,Paper,*,CA-2016-168088,$66
CA-2016-168186,Paper,*,CA-2016-168186,$15
CA-2016-168207,Binders,*,CA-2016-168207,$129
CA-2016-168207,Bookcases,*,CA-2016-168207,$512
CA-2016-168207,Furnishings,*,CA-2016-168207,$97
CA-2016-168277,Labels,*,CA-2016-168277,$12
CA-2016-168459,Binders,*,CA-2016-168459,$3
CA-2016-168459,Fasteners,*,CA-2016-168459,$55
CA-2016-168480,Art,*,CA-2016-168480,$26
CA-2016-168480,Bookcases,*,CA-2016-168480,$194
CA-2016-168529,Furnishings,*,CA-2016-168529,$146
CA-2016-168564,Binders,*,CA-2016-168564,$14
CA-2016-168564,Chairs,*,CA-2016-168564,$145
CA-2016-168634,Appliances,*,CA-2016-168634,$8
CA-2016-168746,Chairs,*,CA-2016-168746,$182
CA-2016-168746,Phones,*,CA-2016-168746,$587
CA-2016-168760,Appliances,*,CA-2016-168760,$61
CA-2016-168767,Binders,*,CA-2016-168767,$13
CA-2016-168809,Binders,*,CA-2016-168809,$4
CA-2016-168809,Furnishings,*,CA-2016-168809,$28
CA-2016-169201,Appliances,*,CA-2016-169201,$87
CA-2016-169278,Binders,*,CA-2016-169278,$27
CA-2016-169299,Art,*,CA-2016-169299,$7
CA-2016-169397,Art,*,CA-2016-169397,$27
CA-2016-169397,Binders,*,CA-2016-169397,$20
CA-2016-169397,Fasteners,*,CA-2016-169397,$6
CA-2016-169397,Furnishings,*,CA-2016-169397,$73
CA-2016-169397,Machines,*,CA-2016-169397,$480
CA-2016-169397,Paper,*,CA-2016-169397,$23
CA-2016-169537,Labels,*,CA-2016-169537,$8
CA-2016-169572,Binders,*,CA-2016-169572,$47
CA-2016-169656,Storage,*,CA-2016-169656,$423
CA-2016-169677,Labels,*,CA-2016-169677,$10
CA-2016-169733,Storage,*,CA-2016-169733,$10
CA-2016-169740,Accessories,*,CA-2016-169740,$30
CA-2016-169796,Machines,*,CA-2016-169796,"$2,322"
CA-2016-169796,Storage,*,CA-2016-169796,$18
CA-2017-100041,Binders,*,CA-2017-100041,$5
CA-2017-100041,Paper,*,CA-2017-100041,$324
CA-2017-100083,Paper,*,CA-2017-100083,$25
CA-2017-100153,Accessories,*,CA-2017-100153,$64
CA-2017-100202,Phones,*,CA-2017-100202,$302
CA-2017-100244,Art,*,CA-2017-100244,$12
CA-2017-100244,Binders,*,CA-2017-100244,$321
CA-2017-100244,Paper,*,CA-2017-100244,$143
CA-2017-100300,Appliances,*,CA-2017-100300,$241
CA-2017-100300,Machines,*,CA-2017-100300,"$4,477"
CA-2017-100300,Paper,*,CA-2017-100300,$105
CA-2017-100307,Paper,*,CA-2017-100307,$19
CA-2017-100468,Furnishings,*,CA-2017-100468,$10
CA-2017-100468,Phones,*,CA-2017-100468,$34
CA-2017-100510,Furnishings,*,CA-2017-100510,$10
CA-2017-100510,Phones,*,CA-2017-100510,$632
CA-2017-100587,Paper,*,CA-2017-100587,$6
CA-2017-100671,Storage,*,CA-2017-100671,$112
CA-2017-100790,Art,*,CA-2017-100790,$15
CA-2017-100790,Storage,*,CA-2017-100790,$704
CA-2017-100944,Chairs,*,CA-2017-100944,$563
CA-2017-100944,Envelopes,*,CA-2017-100944,$305
CA-2017-100965,Furnishings,*,CA-2017-100965,$216
CA-2017-100993,Labels,*,CA-2017-100993,$15
CA-2017-100993,Phones,*,CA-2017-100993,$160
CA-2017-100993,Storage,*,CA-2017-100993,$187
CA-2017-100993,Tables,*,CA-2017-100993,$558
CA-2017-101161,Art,*,CA-2017-101161,$35
CA-2017-101161,Furnishings,*,CA-2017-101161,$82
CA-2017-101161,Labels,*,CA-2017-101161,$25
CA-2017-101161,Paper,*,CA-2017-101161,$38
CA-2017-101161,Storage,*,CA-2017-101161,$100
CA-2017-101168,Furnishings,*,CA-2017-101168,$21
CA-2017-101189,Storage,*,CA-2017-101189,$93
CA-2017-101329,Art,*,CA-2017-101329,$35
CA-2017-101336,Art,*,CA-2017-101336,$141
CA-2017-101336,Storage,*,CA-2017-101336,$139
CA-2017-101343,Storage,*,CA-2017-101343,$78
CA-2017-101378,Accessories,*,CA-2017-101378,$29
CA-2017-101385,Art,*,CA-2017-101385,$17
CA-2017-101448,Binders,*,CA-2017-101448,$57
CA-2017-101469,Art,*,CA-2017-101469,$8
CA-2017-101525,Art,*,CA-2017-101525,$11
CA-2017-101525,Paper,*,CA-2017-101525,$129
CA-2017-101546,Binders,*,CA-2017-101546,"$1,794"
CA-2017-101623,Fasteners,*,CA-2017-101623,$36
CA-2017-101630,Labels,*,CA-2017-101630,$9
CA-2017-101630,Supplies,*,CA-2017-101630,$26
CA-2017-101651,Envelopes,*,CA-2017-101651,$40
CA-2017-101651,Furnishings,*,CA-2017-101651,$44
CA-2017-101672,Chairs,*,CA-2017-101672,$915
CA-2017-101672,Labels,*,CA-2017-101672,$6
CA-2017-101672,Paper,*,CA-2017-101672,$106
CA-2017-101693,Chairs,*,CA-2017-101693,$85
CA-2017-101693,Furnishings,*,CA-2017-101693,$33
CA-2017-101742,Binders,*,CA-2017-101742,$11
CA-2017-101791,Furnishings,*,CA-2017-101791,$31
CA-2017-101791,Storage,*,CA-2017-101791,"$1,297"
CA-2017-101938,Art,*,CA-2017-101938,$35
CA-2017-101966,Phones,*,CA-2017-101966,$420
CA-2017-101980,Binders,*,CA-2017-101980,$449
CA-2017-101987,Phones,*,CA-2017-101987,$441
CA-2017-102092,Tables,*,CA-2017-102092,"$1,057"
CA-2017-102127,Accessories,*,CA-2017-102127,$161
CA-2017-102127,Furnishings,*,CA-2017-102127,$38
CA-2017-102134,Furnishings,*,CA-2017-102134,$17
CA-2017-102162,Copiers,*,CA-2017-102162,"$1,600"
CA-2017-102162,Envelopes,*,CA-2017-102162,$11
CA-2017-102456,Appliances,*,CA-2017-102456,$171
CA-2017-102498,Art,*,CA-2017-102498,$73
CA-2017-102561,Art,*,CA-2017-102561,$11
CA-2017-102561,Paper,*,CA-2017-102561,$18
CA-2017-102561,Storage,*,CA-2017-102561,$284
CA-2017-102596,Fasteners,*,CA-2017-102596,$17
CA-2017-102792,Art,*,CA-2017-102792,$10
CA-2017-102813,Chairs,*,CA-2017-102813,$528
CA-2017-102813,Paper,*,CA-2017-102813,$41
CA-2017-102932,Binders,*,CA-2017-102932,$25
CA-2017-102932,Supplies,*,CA-2017-102932,$28
CA-2017-102981,Accessories,*,CA-2017-102981,$32
CA-2017-102981,Bookcases,*,CA-2017-102981,$722
CA-2017-103037,Labels,*,CA-2017-103037,$16
CA-2017-103107,Furnishings,*,CA-2017-103107,$25
CA-2017-103107,Phones,*,CA-2017-103107,$249
CA-2017-103128,Art,*,CA-2017-103128,$14
CA-2017-103163,Binders,*,CA-2017-103163,$5
CA-2017-103163,Paper,*,CA-2017-103163,$5
CA-2017-103359,Binders,*,CA-2017-103359,$26
CA-2017-103464,Accessories,*,CA-2017-103464,$595
CA-2017-103709,Art,*,CA-2017-103709,$15
CA-2017-103709,Paper,*,CA-2017-103709,$34
CA-2017-103709,Storage,*,CA-2017-103709,$262
CA-2017-103730,Binders,*,CA-2017-103730,$31
CA-2017-103730,Envelopes,*,CA-2017-103730,$115
CA-2017-103730,Furnishings,*,CA-2017-103730,$47
CA-2017-103730,Phones,*,CA-2017-103730,$68
CA-2017-103730,Storage,*,CA-2017-103730,$227
CA-2017-103891,Phones,*,CA-2017-103891,$96
CA-2017-103919,Furnishings,*,CA-2017-103919,$38
CA-2017-103947,Appliances,*,CA-2017-103947,$30
CA-2017-103947,Fasteners,*,CA-2017-103947,$32
CA-2017-103982,Accessories,*,CA-2017-103982,$42
CA-2017-103982,Fasteners,*,CA-2017-103982,$2
CA-2017-103982,Phones,*,CA-2017-103982,$432
CA-2017-103982,Supplies,*,CA-2017-103982,"$3,930"
CA-2017-104150,Accessories,*,CA-2017-104150,$167
CA-2017-104150,Envelopes,*,CA-2017-104150,$82
CA-2017-104157,Paper,*,CA-2017-104157,$66
CA-2017-104157,Storage,*,CA-2017-104157,$8
CA-2017-104157,Tables,*,CA-2017-104157,"$2,430"
CA-2017-104276,Phones,*,CA-2017-104276,$117
CA-2017-104276,Tables,*,CA-2017-104276,$331
CA-2017-104311,Labels,*,CA-2017-104311,$5
CA-2017-104311,Storage,*,CA-2017-104311,$32
CA-2017-104633,Paper,*,CA-2017-104633,$199
CA-2017-104689,Art,*,CA-2017-104689,$23
CA-2017-104969,Binders,*,CA-2017-104969,$121
CA-2017-104969,Envelopes,*,CA-2017-104969,$9
CA-2017-104983,Paper,*,CA-2017-104983,$124
CA-2017-105018,Binders,*,CA-2017-105018,$7
CA-2017-105081,Chairs,*,CA-2017-105081,$698
CA-2017-105081,Tables,*,CA-2017-105081,"$1,747"
CA-2017-105207,Binders,*,CA-2017-105207,$12
CA-2017-105207,Tables,*,CA-2017-105207,"$1,593"
CA-2017-105256,Phones,*,CA-2017-105256,"$1,364"
CA-2017-105263,Art,*,CA-2017-105263,$38
CA-2017-105277,Binders,*,CA-2017-105277,$16
CA-2017-105284,Fasteners,*,CA-2017-105284,$4
CA-2017-105291,Fasteners,*,CA-2017-105291,$4
CA-2017-105354,Binders,*,CA-2017-105354,$116
CA-2017-105459,Storage,*,CA-2017-105459,"$1,591"
CA-2017-105459,Tables,*,CA-2017-105459,$209
CA-2017-105473,Supplies,*,CA-2017-105473,$29
CA-2017-105494,Binders,*,CA-2017-105494,$70
CA-2017-105494,Storage,*,CA-2017-105494,$156
CA-2017-105585,Fasteners,*,CA-2017-105585,$10
CA-2017-105585,Paper,*,CA-2017-105585,$155
CA-2017-105662,Paper,*,CA-2017-105662,$93
CA-2017-105662,Phones,*,CA-2017-105662,$177
CA-2017-105732,Appliances,*,CA-2017-105732,$378
CA-2017-105732,Furnishings,*,CA-2017-105732,"$1,336"
CA-2017-105732,Labels,*,CA-2017-105732,$14
CA-2017-105732,Paper,*,CA-2017-105732,$35
CA-2017-105732,Phones,*,CA-2017-105732,$180
CA-2017-105732,Storage,*,CA-2017-105732,$414
CA-2017-105732,Supplies,*,CA-2017-105732,$17
CA-2017-105746,Chairs,*,CA-2017-105746,$171
CA-2017-105753,Furnishings,*,CA-2017-105753,$61
CA-2017-105760,Paper,*,CA-2017-105760,$17
CA-2017-105781,Accessories,*,CA-2017-105781,$90
CA-2017-105781,Chairs,*,CA-2017-105781,$327
CA-2017-105816,Fasteners,*,CA-2017-105816,$15
CA-2017-105816,Phones,*,CA-2017-105816,"$1,030"
CA-2017-105900,Art,*,CA-2017-105900,$33
CA-2017-105963,Accessories,*,CA-2017-105963,$99
CA-2017-106075,Binders,*,CA-2017-106075,$5
CA-2017-106243,Bookcases,*,CA-2017-106243,$524
CA-2017-106278,Chairs,*,CA-2017-106278,$216
CA-2017-106278,Envelopes,*,CA-2017-106278,$66
CA-2017-106306,Binders,*,CA-2017-106306,$10
CA-2017-106341,Art,*,CA-2017-106341,$7
CA-2017-106383,Bookcases,*,CA-2017-106383,$72
CA-2017-106397,Art,*,CA-2017-106397,$46
CA-2017-106397,Paper,*,CA-2017-106397,$13
CA-2017-106460,Paper,*,CA-2017-106460,$71
CA-2017-106530,Accessories,*,CA-2017-106530,$58
CA-2017-106530,Paper,*,CA-2017-106530,$21
CA-2017-106530,Storage,*,CA-2017-106530,"$1,031"
CA-2017-106558,Accessories,*,CA-2017-106558,$316
CA-2017-106621,Art,*,CA-2017-106621,$10
CA-2017-106656,Envelopes,*,CA-2017-106656,$4
CA-2017-106656,Labels,*,CA-2017-106656,$19
CA-2017-106894,Accessories,*,CA-2017-106894,$100
CA-2017-106894,Labels,*,CA-2017-106894,$8
CA-2017-106915,Art,*,CA-2017-106915,$18
CA-2017-106950,Accessories,*,CA-2017-106950,"$1,013"
CA-2017-106950,Appliances,*,CA-2017-106950,$309
CA-2017-106950,Art,*,CA-2017-106950,$19
CA-2017-106950,Binders,*,CA-2017-106950,$40
CA-2017-106950,Tables,*,CA-2017-106950,$473
CA-2017-107104,Appliances,*,CA-2017-107104,$65
CA-2017-107104,Art,*,CA-2017-107104,$37
CA-2017-107104,Bookcases,*,CA-2017-107104,"$3,407"
CA-2017-107104,Furnishings,*,CA-2017-107104,$595
CA-2017-107146,Chairs,*,CA-2017-107146,$483
CA-2017-107146,Furnishings,*,CA-2017-107146,$266
CA-2017-107202,Machines,*,CA-2017-107202,"$2,396"
CA-2017-107216,Accessories,*,CA-2017-107216,$29
CA-2017-107216,Art,*,CA-2017-107216,$16
CA-2017-107216,Furnishings,*,CA-2017-107216,$9
CA-2017-107328,Appliances,*,CA-2017-107328,$488
CA-2017-107328,Binders,*,CA-2017-107328,$15
CA-2017-107328,Tables,*,CA-2017-107328,$513
CA-2017-107475,Fasteners,*,CA-2017-107475,$10
CA-2017-107615,Accessories,*,CA-2017-107615,$59
CA-2017-107783,Appliances,*,CA-2017-107783,$9
CA-2017-107783,Binders,*,CA-2017-107783,"$1,370"
CA-2017-107783,Bookcases,*,CA-2017-107783,$177
CA-2017-107790,Phones,*,CA-2017-107790,$151
CA-2017-108056,Phones,*,CA-2017-108056,$859
CA-2017-108105,Binders,*,CA-2017-108105,$6
CA-2017-108105,Furnishings,*,CA-2017-108105,$318
CA-2017-108196,Accessories,*,CA-2017-108196,$60
CA-2017-108196,Binders,*,CA-2017-108196,$457
CA-2017-108196,Machines,*,CA-2017-108196,"$4,500"
CA-2017-108210,Accessories,*,CA-2017-108210,$224
CA-2017-108210,Phones,*,CA-2017-108210,$80
CA-2017-108224,Accessories,*,CA-2017-108224,$186
CA-2017-108350,Paper,*,CA-2017-108350,$106
CA-2017-108364,Binders,*,CA-2017-108364,$2
CA-2017-108434,Storage,*,CA-2017-108434,$465
CA-2017-108567,Binders,*,CA-2017-108567,$3
CA-2017-108581,Accessories,*,CA-2017-108581,$96
CA-2017-108581,Paper,*,CA-2017-108581,$10
CA-2017-108616,Accessories,*,CA-2017-108616,$210
CA-2017-108616,Art,*,CA-2017-108616,$26
CA-2017-108616,Binders,*,CA-2017-108616,$63
CA-2017-108630,Binders,*,CA-2017-108630,$61
CA-2017-108644,Binders,*,CA-2017-108644,$2
CA-2017-108735,Bookcases,*,CA-2017-108735,$257
CA-2017-108868,Art,*,CA-2017-108868,$70
CA-2017-108868,Phones,*,CA-2017-108868,$60
CA-2017-108875,Furnishings,*,CA-2017-108875,$21
CA-2017-108875,Storage,*,CA-2017-108875,$511
CA-2017-108882,Accessories,*,CA-2017-108882,$350
CA-2017-108882,Phones,*,CA-2017-108882,$378
CA-2017-108959,Storage,*,CA-2017-108959,$105
CA-2017-108987,Accessories,*,CA-2017-108987,$58
CA-2017-108987,Bookcases,*,CA-2017-108987,"$2,396"
CA-2017-108987,Storage,*,CA-2017-108987,$167
CA-2017-109057,Storage,*,CA-2017-109057,$24
CA-2017-109176,Art,*,CA-2017-109176,$79
CA-2017-109176,Envelopes,*,CA-2017-109176,$9
CA-2017-109344,Phones,*,CA-2017-109344,"$1,128"
CA-2017-109365,Appliances,*,CA-2017-109365,$43
CA-2017-109365,Binders,*,CA-2017-109365,$53
CA-2017-109365,Fasteners,*,CA-2017-109365,$15
CA-2017-109365,Paper,*,CA-2017-109365,$450
CA-2017-109400,Chairs,*,CA-2017-109400,$367
CA-2017-109407,Binders,*,CA-2017-109407,$31
CA-2017-109652,Art,*,CA-2017-109652,$14
CA-2017-109666,Art,*,CA-2017-109666,$75
CA-2017-109666,Binders,*,CA-2017-109666,$9
CA-2017-109666,Phones,*,CA-2017-109666,$26
CA-2017-109666,Storage,*,CA-2017-109666,$460
CA-2017-109666,Supplies,*,CA-2017-109666,$63
CA-2017-109722,Phones,*,CA-2017-109722,$700
CA-2017-109722,Storage,*,CA-2017-109722,$585
CA-2017-109743,Art,*,CA-2017-109743,$41
CA-2017-109743,Phones,*,CA-2017-109743,$64
CA-2017-109806,Art,*,CA-2017-109806,$20
CA-2017-109806,Paper,*,CA-2017-109806,$6
CA-2017-109806,Phones,*,CA-2017-109806,$74
CA-2017-109820,Binders,*,CA-2017-109820,$17
CA-2017-109820,Paper,*,CA-2017-109820,$16
CA-2017-109827,Accessories,*,CA-2017-109827,$146
CA-2017-109827,Chairs,*,CA-2017-109827,$48
CA-2017-109827,Machines,*,CA-2017-109827,$270
CA-2017-109827,Tables,*,CA-2017-109827,$35
CA-2017-109869,Appliances,*,CA-2017-109869,$78
CA-2017-109869,Binders,*,CA-2017-109869,$28
CA-2017-109869,Furnishings,*,CA-2017-109869,$24
CA-2017-109869,Supplies,*,CA-2017-109869,$185
CA-2017-109869,Tables,*,CA-2017-109869,"$1,273"
CA-2017-109911,Art,*,CA-2017-109911,$11
CA-2017-109925,Storage,*,CA-2017-109925,$85
CA-2017-109953,Appliances,*,CA-2017-109953,$152
CA-2017-109953,Furnishings,*,CA-2017-109953,$31
CA-2017-109953,Phones,*,CA-2017-109953,$110
CA-2017-110009,Furnishings,*,CA-2017-110009,$43
CA-2017-110009,Paper,*,CA-2017-110009,$31
CA-2017-110023,Binders,*,CA-2017-110023,$15
CA-2017-110044,Phones,*,CA-2017-110044,$360
CA-2017-110086,Phones,*,CA-2017-110086,$240
CA-2017-110254,Furnishings,*,CA-2017-110254,$110
CA-2017-110254,Labels,*,CA-2017-110254,$14
CA-2017-110254,Supplies,*,CA-2017-110254,$35
CA-2017-110366,Furnishings,*,CA-2017-110366,$83
CA-2017-110492,Binders,*,CA-2017-110492,$16
CA-2017-110492,Storage,*,CA-2017-110492,"$1,350"
CA-2017-110499,Copiers,*,CA-2017-110499,"$1,200"
CA-2017-110730,Supplies,*,CA-2017-110730,$14
CA-2017-110772,Accessories,*,CA-2017-110772,$256
CA-2017-110772,Bookcases,*,CA-2017-110772,$87
CA-2017-110772,Fasteners,*,CA-2017-110772,$19
CA-2017-110772,Labels,*,CA-2017-110772,$18
CA-2017-110898,Appliances,*,CA-2017-110898,$2
CA-2017-110898,Binders,*,CA-2017-110898,$2
CA-2017-110898,Furnishings,*,CA-2017-110898,$159
CA-2017-110898,Tables,*,CA-2017-110898,$146
CA-2017-110975,Chairs,*,CA-2017-110975,$867
CA-2017-110975,Tables,*,CA-2017-110975,$313
CA-2017-110982,Appliances,*,CA-2017-110982,$58
CA-2017-110982,Binders,*,CA-2017-110982,$22
CA-2017-111010,Fasteners,*,CA-2017-111010,$8
CA-2017-111115,Fasteners,*,CA-2017-111115,$21
CA-2017-111143,Appliances,*,CA-2017-111143,$55
CA-2017-111213,Binders,*,CA-2017-111213,$4
CA-2017-111213,Chairs,*,CA-2017-111213,"$1,317"
CA-2017-111213,Supplies,*,CA-2017-111213,$64
CA-2017-111283,Art,*,CA-2017-111283,$111
CA-2017-111318,Phones,*,CA-2017-111318,$115
CA-2017-111409,Labels,*,CA-2017-111409,$3
CA-2017-111416,Binders,*,CA-2017-111416,$232
CA-2017-111493,Accessories,*,CA-2017-111493,$98
CA-2017-111605,Labels,*,CA-2017-111605,$3
CA-2017-111682,Accessories,*,CA-2017-111682,$30
CA-2017-111682,Art,*,CA-2017-111682,$2
CA-2017-111682,Binders,*,CA-2017-111682,$48
CA-2017-111682,Chairs,*,CA-2017-111682,$319
CA-2017-111682,Paper,*,CA-2017-111682,$47
CA-2017-111682,Storage,*,CA-2017-111682,$209
CA-2017-111696,Paper,*,CA-2017-111696,$18
CA-2017-111794,Accessories,*,CA-2017-111794,$80
CA-2017-111794,Paper,*,CA-2017-111794,$28
CA-2017-111913,Binders,*,CA-2017-111913,$33
CA-2017-111913,Phones,*,CA-2017-111913,$302
CA-2017-111941,Binders,*,CA-2017-111941,$34
CA-2017-111976,Fasteners,*,CA-2017-111976,$6
CA-2017-111976,Phones,*,CA-2017-111976,$109
CA-2017-112025,Binders,*,CA-2017-112025,$9
CA-2017-112060,Paper,*,CA-2017-112060,$105
CA-2017-112102,Envelopes,*,CA-2017-112102,$64
CA-2017-112102,Paper,*,CA-2017-112102,$41
CA-2017-112102,Tables,*,CA-2017-112102,$344
CA-2017-112109,Binders,*,CA-2017-112109,$29
CA-2017-112109,Chairs,*,CA-2017-112109,$663
CA-2017-112109,Storage,*,CA-2017-112109,$33
CA-2017-112123,Binders,*,CA-2017-112123,$448
CA-2017-112123,Paper,*,CA-2017-112123,$166
CA-2017-112123,Phones,*,CA-2017-112123,$480
CA-2017-112256,Art,*,CA-2017-112256,$180
CA-2017-112256,Binders,*,CA-2017-112256,$5
CA-2017-112256,Paper,*,CA-2017-112256,$5
CA-2017-112256,Supplies,*,CA-2017-112256,$13
CA-2017-112277,Phones,*,CA-2017-112277,$520
CA-2017-112340,Paper,*,CA-2017-112340,$23
CA-2017-112382,Phones,*,CA-2017-112382,$19
CA-2017-112389,Appliances,*,CA-2017-112389,$12
CA-2017-112389,Storage,*,CA-2017-112389,$41
CA-2017-112578,Storage,*,CA-2017-112578,$14
CA-2017-112578,Supplies,*,CA-2017-112578,$28
CA-2017-112585,Appliances,*,CA-2017-112585,$716
CA-2017-112669,Chairs,*,CA-2017-112669,$934
CA-2017-112669,Storage,*,CA-2017-112669,$43
CA-2017-112676,Paper,*,CA-2017-112676,$14
CA-2017-112697,Appliances,*,CA-2017-112697,$195
CA-2017-112697,Binders,*,CA-2017-112697,$254
CA-2017-112697,Supplies,*,CA-2017-112697,$961
CA-2017-112739,Accessories,*,CA-2017-112739,$160
CA-2017-112739,Binders,*,CA-2017-112739,$9
CA-2017-112830,Furnishings,*,CA-2017-112830,$549
CA-2017-112893,Binders,*,CA-2017-112893,$55
CA-2017-112942,Paper,*,CA-2017-112942,$147
CA-2017-113061,Furnishings,*,CA-2017-113061,$87
CA-2017-113082,Furnishings,*,CA-2017-113082,$40
CA-2017-113096,Storage,*,CA-2017-113096,$47
CA-2017-113117,Paper,*,CA-2017-113117,$32
CA-2017-113138,Art,*,CA-2017-113138,$17
CA-2017-113138,Binders,*,CA-2017-113138,$18
CA-2017-113236,Accessories,*,CA-2017-113236,$48
CA-2017-113236,Storage,*,CA-2017-113236,$185
CA-2017-113243,Labels,*,CA-2017-113243,$21
CA-2017-113243,Paper,*,CA-2017-113243,$32
CA-2017-113243,Tables,*,CA-2017-113243,"$1,336"
CA-2017-113292,Appliances,*,CA-2017-113292,$872
CA-2017-113341,Chairs,*,CA-2017-113341,$194
CA-2017-113390,Art,*,CA-2017-113390,$33
CA-2017-113425,Bookcases,*,CA-2017-113425,$114
CA-2017-113516,Binders,*,CA-2017-113516,$100
CA-2017-113551,Binders,*,CA-2017-113551,$2
CA-2017-113551,Paper,*,CA-2017-113551,$84
CA-2017-113600,Binders,*,CA-2017-113600,$2
CA-2017-113607,Paper,*,CA-2017-113607,$112
CA-2017-113607,Phones,*,CA-2017-113607,"$1,092"
CA-2017-113621,Chairs,*,CA-2017-113621,$173
CA-2017-113621,Phones,*,CA-2017-113621,$180
CA-2017-113656,Furnishings,*,CA-2017-113656,$60
CA-2017-113726,Furnishings,*,CA-2017-113726,$82
CA-2017-113733,Accessories,*,CA-2017-113733,$85
CA-2017-113733,Phones,*,CA-2017-113733,$250
CA-2017-113747,Art,*,CA-2017-113747,$186
CA-2017-113803,Paper,*,CA-2017-113803,$22
CA-2017-113817,Binders,*,CA-2017-113817,$28
CA-2017-113831,Accessories,*,CA-2017-113831,"$1,980"
CA-2017-113831,Labels,*,CA-2017-113831,$62
CA-2017-113831,Tables,*,CA-2017-113831,"$2,276"
CA-2017-113845,Bookcases,*,CA-2017-113845,$290
CA-2017-113845,Phones,*,CA-2017-113845,$245
CA-2017-113845,Storage,*,CA-2017-113845,$40
CA-2017-113978,Appliances,*,CA-2017-113978,$286
CA-2017-113978,Storage,*,CA-2017-113978,$356
CA-2017-114104,Labels,*,CA-2017-114104,$15
CA-2017-114104,Phones,*,CA-2017-114104,$945
CA-2017-114209,Binders,*,CA-2017-114209,$2
CA-2017-114209,Paper,*,CA-2017-114209,$83
CA-2017-114307,Appliances,*,CA-2017-114307,$38
CA-2017-114307,Binders,*,CA-2017-114307,$5
CA-2017-114307,Furnishings,*,CA-2017-114307,$27
CA-2017-114307,Paper,*,CA-2017-114307,$52
CA-2017-114405,Appliances,*,CA-2017-114405,$34
CA-2017-114405,Storage,*,CA-2017-114405,$37
CA-2017-114482,Paper,*,CA-2017-114482,$40
CA-2017-114482,Phones,*,CA-2017-114482,$405
CA-2017-114489,Binders,*,CA-2017-114489,$172
CA-2017-114489,Chairs,*,CA-2017-114489,"$1,952"
CA-2017-114489,Phones,*,CA-2017-114489,$534
CA-2017-114538,Art,*,CA-2017-114538,$11
CA-2017-114601,Accessories,*,CA-2017-114601,$480
CA-2017-114601,Art,*,CA-2017-114601,$9
CA-2017-114601,Paper,*,CA-2017-114601,$12
CA-2017-114601,Phones,*,CA-2017-114601,$210
CA-2017-114601,Tables,*,CA-2017-114601,$448
CA-2017-114713,Supplies,*,CA-2017-114713,$46
CA-2017-114727,Binders,*,CA-2017-114727,$2
CA-2017-114727,Chairs,*,CA-2017-114727,"$1,398"
CA-2017-114727,Storage,*,CA-2017-114727,$932
CA-2017-114748,Art,*,CA-2017-114748,$1
CA-2017-114748,Furnishings,*,CA-2017-114748,$170
CA-2017-114860,Furnishings,*,CA-2017-114860,$885
CA-2017-114867,Paper,*,CA-2017-114867,$8
CA-2017-114867,Phones,*,CA-2017-114867,"$1,500"
CA-2017-114895,Paper,*,CA-2017-114895,$13
CA-2017-114944,Paper,*,CA-2017-114944,$157
CA-2017-114951,Furnishings,*,CA-2017-114951,$22
CA-2017-114972,Accessories,*,CA-2017-114972,$83
CA-2017-114972,Appliances,*,CA-2017-114972,"$1,101"
CA-2017-114972,Chairs,*,CA-2017-114972,$218
CA-2017-114972,Labels,*,CA-2017-114972,$88
CA-2017-115224,Storage,*,CA-2017-115224,$386
CA-2017-115378,Chairs,*,CA-2017-115378,$302
CA-2017-115476,Binders,*,CA-2017-115476,$33
CA-2017-115476,Phones,*,CA-2017-115476,$130
CA-2017-115483,Paper,*,CA-2017-115483,$220
CA-2017-115504,Paper,*,CA-2017-115504,$13
CA-2017-115525,Appliances,*,CA-2017-115525,$244
CA-2017-115574,Bookcases,*,CA-2017-115574,$141
CA-2017-115588,Storage,*,CA-2017-115588,$39
CA-2017-115588,Supplies,*,CA-2017-115588,$15
CA-2017-115756,Chairs,*,CA-2017-115756,$243
CA-2017-115756,Furnishings,*,CA-2017-115756,$12
CA-2017-115756,Labels,*,CA-2017-115756,$22
CA-2017-115756,Paper,*,CA-2017-115756,$91
CA-2017-115756,Storage,*,CA-2017-115756,$266
CA-2017-115917,Binders,*,CA-2017-115917,$15
CA-2017-115917,Furnishings,*,CA-2017-115917,"$1,049"
CA-2017-116232,Binders,*,CA-2017-116232,$8
CA-2017-116232,Labels,*,CA-2017-116232,$17
CA-2017-116337,Furnishings,*,CA-2017-116337,$44
CA-2017-116337,Storage,*,CA-2017-116337,$314
CA-2017-116344,Storage,*,CA-2017-116344,$85
CA-2017-116379,Binders,*,CA-2017-116379,$58
CA-2017-116526,Appliances,*,CA-2017-116526,$377
CA-2017-116526,Art,*,CA-2017-116526,$12
CA-2017-116526,Binders,*,CA-2017-116526,$80
CA-2017-116526,Phones,*,CA-2017-116526,$9
CA-2017-116540,Binders,*,CA-2017-116540,$8
CA-2017-116540,Fasteners,*,CA-2017-116540,$2
CA-2017-116547,Accessories,*,CA-2017-116547,$70
CA-2017-116547,Furnishings,*,CA-2017-116547,$80
CA-2017-116561,Binders,*,CA-2017-116561,$40
CA-2017-116561,Storage,*,CA-2017-116561,$333
CA-2017-116596,Binders,*,CA-2017-116596,$10
CA-2017-116596,Chairs,*,CA-2017-116596,$428
CA-2017-116596,Fasteners,*,CA-2017-116596,$41
CA-2017-116596,Storage,*,CA-2017-116596,$33
CA-2017-116603,Appliances,*,CA-2017-116603,$46
CA-2017-116722,Binders,*,CA-2017-116722,$32
CA-2017-116722,Chairs,*,CA-2017-116722,$451
CA-2017-116722,Furnishings,*,CA-2017-116722,$42
CA-2017-116736,Accessories,*,CA-2017-116736,$402
CA-2017-116736,Furnishings,*,CA-2017-116736,$323
CA-2017-116764,Labels,*,CA-2017-116764,$9
CA-2017-116799,Chairs,*,CA-2017-116799,$563
CA-2017-116799,Paper,*,CA-2017-116799,$43
CA-2017-116911,Binders,*,CA-2017-116911,$20
CA-2017-116911,Tables,*,CA-2017-116911,"$1,128"
CA-2017-116918,Art,*,CA-2017-116918,$31
CA-2017-116918,Binders,*,CA-2017-116918,$5
CA-2017-116974,Phones,*,CA-2017-116974,$24
CA-2017-117121,Binders,*,CA-2017-117121,"$9,893"
CA-2017-117226,Binders,*,CA-2017-117226,$7
CA-2017-117282,Binders,*,CA-2017-117282,$14
CA-2017-117408,Storage,*,CA-2017-117408,$24
CA-2017-117583,Art,*,CA-2017-117583,$35
CA-2017-117583,Binders,*,CA-2017-117583,$80
CA-2017-117583,Paper,*,CA-2017-117583,$231
CA-2017-117590,Furnishings,*,CA-2017-117590,$191
CA-2017-117590,Phones,*,CA-2017-117590,"$1,098"
CA-2017-117604,Paper,*,CA-2017-117604,$240
CA-2017-117625,Envelopes,*,CA-2017-117625,$7
CA-2017-117660,Labels,*,CA-2017-117660,$6
CA-2017-117660,Supplies,*,CA-2017-117660,$14
CA-2017-117681,Bookcases,*,CA-2017-117681,$557
CA-2017-117849,Paper,*,CA-2017-117849,$144
CA-2017-117912,Furnishings,*,CA-2017-117912,$14
CA-2017-117919,Paper,*,CA-2017-117919,$80
CA-2017-117919,Storage,*,CA-2017-117919,$14
CA-2017-118052,Fasteners,*,CA-2017-118052,$7
CA-2017-118052,Furnishings,*,CA-2017-118052,$55
CA-2017-118052,Paper,*,CA-2017-118052,$50
CA-2017-118073,Tables,*,CA-2017-118073,$562
CA-2017-118101,Binders,*,CA-2017-118101,$8
CA-2017-118101,Paper,*,CA-2017-118101,$369
CA-2017-118101,Storage,*,CA-2017-118101,$171
CA-2017-118129,Furnishings,*,CA-2017-118129,$304
CA-2017-118178,Binders,*,CA-2017-118178,$31
CA-2017-118255,Accessories,*,CA-2017-118255,$46
CA-2017-118255,Binders,*,CA-2017-118255,$17
CA-2017-118311,Accessories,*,CA-2017-118311,$450
CA-2017-118332,Chairs,*,CA-2017-118332,$564
CA-2017-118500,Supplies,*,CA-2017-118500,$50
CA-2017-118514,Chairs,*,CA-2017-118514,$866
CA-2017-118570,Paper,*,CA-2017-118570,$217
CA-2017-118626,Phones,*,CA-2017-118626,$706
CA-2017-118689,Art,*,CA-2017-118689,$34
CA-2017-118689,Binders,*,CA-2017-118689,$770
CA-2017-118689,Copiers,*,CA-2017-118689,"$17,500"
CA-2017-118689,Storage,*,CA-2017-118689,$32
CA-2017-118745,Tables,*,CA-2017-118745,$903
CA-2017-118759,Chairs,*,CA-2017-118759,$408
CA-2017-118759,Storage,*,CA-2017-118759,$40
CA-2017-118899,Chairs,*,CA-2017-118899,$168
CA-2017-118913,Appliances,*,CA-2017-118913,$61
CA-2017-118934,Binders,*,CA-2017-118934,$16
CA-2017-118969,Binders,*,CA-2017-118969,$55
CA-2017-119018,Binders,*,CA-2017-119018,$12
CA-2017-119018,Paper,*,CA-2017-119018,$39
CA-2017-119025,Appliances,*,CA-2017-119025,$490
CA-2017-119074,Binders,*,CA-2017-119074,$33
CA-2017-119074,Furnishings,*,CA-2017-119074,$60
CA-2017-119123,Binders,*,CA-2017-119123,$51
CA-2017-119165,Chairs,*,CA-2017-119165,$493
CA-2017-119186,Accessories,*,CA-2017-119186,$64
CA-2017-119186,Chairs,*,CA-2017-119186,$388
CA-2017-119186,Paper,*,CA-2017-119186,$25
CA-2017-119445,Storage,*,CA-2017-119445,$15
CA-2017-119515,Paper,*,CA-2017-119515,$16
CA-2017-119641,Furnishings,*,CA-2017-119641,$19
CA-2017-119683,Envelopes,*,CA-2017-119683,$29
CA-2017-119823,Paper,*,CA-2017-119823,$76
CA-2017-119865,Binders,*,CA-2017-119865,$223
CA-2017-119865,Bookcases,*,CA-2017-119865,$354
CA-2017-119935,Binders,*,CA-2017-119935,$82
CA-2017-119935,Furnishings,*,CA-2017-119935,$37
CA-2017-119963,Art,*,CA-2017-119963,$6
CA-2017-119963,Chairs,*,CA-2017-119963,$255
CA-2017-119963,Labels,*,CA-2017-119963,$49
CA-2017-119963,Paper,*,CA-2017-119963,$20
CA-2017-120005,Furnishings,*,CA-2017-120005,$35
CA-2017-120005,Supplies,*,CA-2017-120005,$25
CA-2017-120082,Art,*,CA-2017-120082,$60
CA-2017-120180,Supplies,*,CA-2017-120180,$12
CA-2017-120250,Furnishings,*,CA-2017-120250,$26
CA-2017-120257,Art,*,CA-2017-120257,$8
CA-2017-120355,Chairs,*,CA-2017-120355,$632
CA-2017-120355,Furnishings,*,CA-2017-120355,$61
CA-2017-120369,Furnishings,*,CA-2017-120369,$757
CA-2017-120530,Chairs,*,CA-2017-120530,$659
CA-2017-120558,Paper,*,CA-2017-120558,$32
CA-2017-120796,Binders,*,CA-2017-120796,$100
CA-2017-120803,Accessories,*,CA-2017-120803,$200
CA-2017-120824,Appliances,*,CA-2017-120824,$64
CA-2017-120824,Art,*,CA-2017-120824,$11
CA-2017-120824,Binders,*,CA-2017-120824,$2
CA-2017-120824,Chairs,*,CA-2017-120824,$379
CA-2017-120824,Furnishings,*,CA-2017-120824,$7
CA-2017-120824,Paper,*,CA-2017-120824,$16
CA-2017-120824,Storage,*,CA-2017-120824,$68
CA-2017-120859,Envelopes,*,CA-2017-120859,$22
CA-2017-120873,Chairs,*,CA-2017-120873,$291
CA-2017-121020,Phones,*,CA-2017-121020,$240
CA-2017-121034,Fasteners,*,CA-2017-121034,$11
CA-2017-121034,Paper,*,CA-2017-121034,$54
CA-2017-121223,Paper,*,CA-2017-121223,$8
CA-2017-121223,Phones,*,CA-2017-121223,$729
CA-2017-121356,Binders,*,CA-2017-121356,$128
CA-2017-121370,Chairs,*,CA-2017-121370,$380
CA-2017-121370,Copiers,*,CA-2017-121370,"$1,200"
CA-2017-121370,Furnishings,*,CA-2017-121370,$49
CA-2017-121377,Phones,*,CA-2017-121377,$286
CA-2017-121447,Furnishings,*,CA-2017-121447,$136
CA-2017-121601,Envelopes,*,CA-2017-121601,$60
CA-2017-121671,Paper,*,CA-2017-121671,$81
CA-2017-121671,Storage,*,CA-2017-121671,$508
CA-2017-121748,Accessories,*,CA-2017-121748,$460
CA-2017-121755,Accessories,*,CA-2017-121755,$91
CA-2017-121755,Binders,*,CA-2017-121755,$12
CA-2017-121958,Supplies,*,CA-2017-121958,$52
CA-2017-121993,Labels,*,CA-2017-121993,$24
CA-2017-122017,Appliances,*,CA-2017-122017,$82
CA-2017-122017,Furnishings,*,CA-2017-122017,$71
CA-2017-122063,Chairs,*,CA-2017-122063,$30
CA-2017-122063,Tables,*,CA-2017-122063,$582
CA-2017-122133,Storage,*,CA-2017-122133,$553
CA-2017-122322,Supplies,*,CA-2017-122322,$44
CA-2017-122392,Art,*,CA-2017-122392,$4
CA-2017-122392,Furnishings,*,CA-2017-122392,$12
CA-2017-122448,Chairs,*,CA-2017-122448,$122
CA-2017-122511,Furnishings,*,CA-2017-122511,$30
CA-2017-122518,Labels,*,CA-2017-122518,$10
CA-2017-122581,Chairs,*,CA-2017-122581,$573
CA-2017-122728,Paper,*,CA-2017-122728,$18
CA-2017-122728,Storage,*,CA-2017-122728,$104
CA-2017-122903,Chairs,*,CA-2017-122903,"$3,505"
CA-2017-122903,Paper,*,CA-2017-122903,$459
CA-2017-123015,Binders,*,CA-2017-123015,$5
CA-2017-123050,Accessories,*,CA-2017-123050,$90
CA-2017-123050,Furnishings,*,CA-2017-123050,$83
CA-2017-123050,Storage,*,CA-2017-123050,$31
CA-2017-123120,Binders,*,CA-2017-123120,$61
CA-2017-123120,Furnishings,*,CA-2017-123120,$64
CA-2017-123120,Supplies,*,CA-2017-123120,$23
CA-2017-123176,Art,*,CA-2017-123176,$14
CA-2017-123176,Paper,*,CA-2017-123176,$18
CA-2017-123274,Furnishings,*,CA-2017-123274,$44
CA-2017-123274,Storage,*,CA-2017-123274,$243
CA-2017-123337,Appliances,*,CA-2017-123337,$17
CA-2017-123337,Bookcases,*,CA-2017-123337,$274
CA-2017-123358,Appliances,*,CA-2017-123358,$114
CA-2017-123358,Binders,*,CA-2017-123358,$48
CA-2017-123358,Storage,*,CA-2017-123358,$730
CA-2017-123414,Labels,*,CA-2017-123414,$9
CA-2017-123414,Supplies,*,CA-2017-123414,$28
CA-2017-123512,Bookcases,*,CA-2017-123512,$240
CA-2017-123512,Labels,*,CA-2017-123512,$23
CA-2017-123512,Paper,*,CA-2017-123512,$220
CA-2017-123526,Paper,*,CA-2017-123526,$33
CA-2017-123533,Appliances,*,CA-2017-123533,$42
CA-2017-123533,Bookcases,*,CA-2017-123533,$340
CA-2017-123533,Paper,*,CA-2017-123533,$11
CA-2017-123540,Chairs,*,CA-2017-123540,"$1,455"
CA-2017-123617,Binders,*,CA-2017-123617,$7
CA-2017-123666,Storage,*,CA-2017-123666,$460
CA-2017-123722,Labels,*,CA-2017-123722,$16
CA-2017-123806,Furnishings,*,CA-2017-123806,$208
CA-2017-123932,Paper,*,CA-2017-123932,$42
CA-2017-123932,Phones,*,CA-2017-123932,$330
CA-2017-123946,Accessories,*,CA-2017-123946,$21
CA-2017-123946,Chairs,*,CA-2017-123946,"$1,059"
CA-2017-123946,Fasteners,*,CA-2017-123946,$11
CA-2017-123946,Storage,*,CA-2017-123946,$68
CA-2017-124016,Binders,*,CA-2017-124016,$12
CA-2017-124016,Furnishings,*,CA-2017-124016,$28
CA-2017-124016,Paper,*,CA-2017-124016,$12
CA-2017-124051,Paper,*,CA-2017-124051,$186
CA-2017-124100,Chairs,*,CA-2017-124100,$328
CA-2017-124149,Paper,*,CA-2017-124149,$187
CA-2017-124149,Storage,*,CA-2017-124149,$56
CA-2017-124233,Furnishings,*,CA-2017-124233,$25
CA-2017-124254,Paper,*,CA-2017-124254,$10
CA-2017-124254,Storage,*,CA-2017-124254,$182
CA-2017-124352,Appliances,*,CA-2017-124352,$869
CA-2017-124352,Binders,*,CA-2017-124352,$122
CA-2017-124352,Labels,*,CA-2017-124352,$50
CA-2017-124352,Paper,*,CA-2017-124352,$13
CA-2017-124352,Phones,*,CA-2017-124352,$6
CA-2017-124485,Accessories,*,CA-2017-124485,$88
CA-2017-124485,Binders,*,CA-2017-124485,$17
CA-2017-124485,Paper,*,CA-2017-124485,$18
CA-2017-124506,Accessories,*,CA-2017-124506,$96
CA-2017-124506,Chairs,*,CA-2017-124506,$48
CA-2017-124527,Binders,*,CA-2017-124527,$8
CA-2017-124562,Binders,*,CA-2017-124562,$13
CA-2017-124583,Envelopes,*,CA-2017-124583,$13
CA-2017-124590,Appliances,*,CA-2017-124590,$110
CA-2017-124590,Chairs,*,CA-2017-124590,"$3,461"
CA-2017-124590,Fasteners,*,CA-2017-124590,$17
CA-2017-124667,Accessories,*,CA-2017-124667,$60
CA-2017-124667,Storage,*,CA-2017-124667,$83
CA-2017-124681,Accessories,*,CA-2017-124681,$16
CA-2017-124772,Furnishings,*,CA-2017-124772,$192
CA-2017-124793,Chairs,*,CA-2017-124793,$197
CA-2017-124814,Binders,*,CA-2017-124814,$23
CA-2017-124814,Paper,*,CA-2017-124814,$13
CA-2017-125017,Furnishings,*,CA-2017-125017,$132
CA-2017-125080,Tables,*,CA-2017-125080,$661
CA-2017-125087,Chairs,*,CA-2017-125087,$344
CA-2017-125087,Furnishings,*,CA-2017-125087,$128
CA-2017-125087,Storage,*,CA-2017-125087,"$1,555"
CA-2017-125094,Accessories,*,CA-2017-125094,$480
CA-2017-125164,Binders,*,CA-2017-125164,$70
CA-2017-125206,Storage,*,CA-2017-125206,$114
CA-2017-125220,Accessories,*,CA-2017-125220,"$1,650"
CA-2017-125318,Phones,*,CA-2017-125318,$328
CA-2017-125661,Accessories,*,CA-2017-125661,$140
CA-2017-125661,Envelopes,*,CA-2017-125661,$41
CA-2017-125724,Furnishings,*,CA-2017-125724,$68
CA-2017-125738,Binders,*,CA-2017-125738,$42
CA-2017-125738,Paper,*,CA-2017-125738,$177
CA-2017-125794,Accessories,*,CA-2017-125794,$36
CA-2017-125815,Art,*,CA-2017-125815,$12
CA-2017-125843,Binders,*,CA-2017-125843,$22
CA-2017-125843,Labels,*,CA-2017-125843,$104
CA-2017-125850,Labels,*,CA-2017-125850,$65
CA-2017-125920,Binders,*,CA-2017-125920,$4
CA-2017-126004,Accessories,*,CA-2017-126004,$78
CA-2017-126004,Binders,*,CA-2017-126004,$2
CA-2017-126004,Furnishings,*,CA-2017-126004,$114
CA-2017-126004,Paper,*,CA-2017-126004,$41
CA-2017-126004,Storage,*,CA-2017-126004,$377
CA-2017-126102,Binders,*,CA-2017-126102,$277
CA-2017-126158,Binders,*,CA-2017-126158,$120
CA-2017-126158,Chairs,*,CA-2017-126158,$242
CA-2017-126158,Furnishings,*,CA-2017-126158,$325
CA-2017-126165,Tables,*,CA-2017-126165,$71
CA-2017-126270,Binders,*,CA-2017-126270,$18
CA-2017-126270,Envelopes,*,CA-2017-126270,$72
CA-2017-126284,Binders,*,CA-2017-126284,$84
CA-2017-126529,Paper,*,CA-2017-126529,$79
CA-2017-126529,Phones,*,CA-2017-126529,$16
CA-2017-126543,Furnishings,*,CA-2017-126543,$15
CA-2017-126613,Storage,*,CA-2017-126613,$17
CA-2017-126627,Binders,*,CA-2017-126627,$16
CA-2017-126627,Furnishings,*,CA-2017-126627,$14
CA-2017-126732,Art,*,CA-2017-126732,$19
CA-2017-126732,Binders,*,CA-2017-126732,$7
CA-2017-126732,Furnishings,*,CA-2017-126732,$95
CA-2017-126732,Phones,*,CA-2017-126732,"$1,091"
CA-2017-126732,Storage,*,CA-2017-126732,$24
CA-2017-126732,Tables,*,CA-2017-126732,$569
CA-2017-126795,Binders,*,CA-2017-126795,$34
CA-2017-126809,Binders,*,CA-2017-126809,$35
CA-2017-126858,Furnishings,*,CA-2017-126858,$32
CA-2017-126935,Binders,*,CA-2017-126935,$10
CA-2017-127138,Appliances,*,CA-2017-127138,$155
CA-2017-127138,Chairs,*,CA-2017-127138,$770
CA-2017-127138,Envelopes,*,CA-2017-127138,$31
CA-2017-127138,Storage,*,CA-2017-127138,$677
CA-2017-127194,Paper,*,CA-2017-127194,$63
CA-2017-127208,Appliances,*,CA-2017-127208,$208
CA-2017-127208,Binders,*,CA-2017-127208,$17
CA-2017-127236,Bookcases,*,CA-2017-127236,$300
CA-2017-127236,Phones,*,CA-2017-127236,$158
CA-2017-127243,Binders,*,CA-2017-127243,$7
CA-2017-127243,Chairs,*,CA-2017-127243,$348
CA-2017-127243,Fasteners,*,CA-2017-127243,$13
CA-2017-127243,Phones,*,CA-2017-127243,$340
CA-2017-127243,Storage,*,CA-2017-127243,$33
CA-2017-127250,Art,*,CA-2017-127250,$9
CA-2017-127369,Storage,*,CA-2017-127369,$714
CA-2017-127642,Paper,*,CA-2017-127642,$112
CA-2017-127649,Machines,*,CA-2017-127649,$838
CA-2017-127670,Tables,*,CA-2017-127670,$697
CA-2017-127698,Phones,*,CA-2017-127698,$864
CA-2017-127761,Binders,*,CA-2017-127761,$4
CA-2017-127761,Phones,*,CA-2017-127761,$882
CA-2017-127775,Accessories,*,CA-2017-127775,$240
CA-2017-127985,Furnishings,*,CA-2017-127985,$7
CA-2017-128111,Art,*,CA-2017-128111,$40
CA-2017-128223,Tables,*,CA-2017-128223,"$1,293"
CA-2017-128258,Paper,*,CA-2017-128258,$11
CA-2017-128307,Envelopes,*,CA-2017-128307,$21
CA-2017-128412,Accessories,*,CA-2017-128412,$45
CA-2017-128412,Appliances,*,CA-2017-128412,$100
CA-2017-128412,Binders,*,CA-2017-128412,$154
CA-2017-128412,Paper,*,CA-2017-128412,$124
CA-2017-128517,Binders,*,CA-2017-128517,$5
CA-2017-128517,Phones,*,CA-2017-128517,$518
CA-2017-128531,Accessories,*,CA-2017-128531,$393
CA-2017-128531,Art,*,CA-2017-128531,$14
CA-2017-128531,Fasteners,*,CA-2017-128531,$4
CA-2017-128531,Paper,*,CA-2017-128531,$74
CA-2017-128531,Storage,*,CA-2017-128531,$42
CA-2017-128594,Chairs,*,CA-2017-128594,"$1,603"
CA-2017-128671,Binders,*,CA-2017-128671,$119
CA-2017-128671,Paper,*,CA-2017-128671,$32
CA-2017-128706,Furnishings,*,CA-2017-128706,$16
CA-2017-128727,Phones,*,CA-2017-128727,$22
CA-2017-128811,Binders,*,CA-2017-128811,$21
CA-2017-128811,Fasteners,*,CA-2017-128811,$10
CA-2017-128811,Labels,*,CA-2017-128811,$11
CA-2017-128818,Accessories,*,CA-2017-128818,$200
CA-2017-128818,Binders,*,CA-2017-128818,$85
CA-2017-128818,Chairs,*,CA-2017-128818,$443
CA-2017-128818,Furnishings,*,CA-2017-128818,$64
CA-2017-128818,Labels,*,CA-2017-128818,$44
CA-2017-128818,Machines,*,CA-2017-128818,"$4,000"
CA-2017-128867,Art,*,CA-2017-128867,$76
CA-2017-128867,Binders,*,CA-2017-128867,$27
CA-2017-128916,Furnishings,*,CA-2017-128916,$15
CA-2017-128923,Art,*,CA-2017-128923,$9
CA-2017-128923,Paper,*,CA-2017-128923,$9
CA-2017-128972,Furnishings,*,CA-2017-128972,$30
CA-2017-129126,Binders,*,CA-2017-129126,$23
CA-2017-129126,Fasteners,*,CA-2017-129126,$21
CA-2017-129126,Furnishings,*,CA-2017-129126,$397
CA-2017-129126,Labels,*,CA-2017-129126,$6
CA-2017-129126,Paper,*,CA-2017-129126,$15
CA-2017-129126,Storage,*,CA-2017-129126,$17
CA-2017-129196,Accessories,*,CA-2017-129196,$68
CA-2017-129238,Paper,*,CA-2017-129238,$57
CA-2017-129238,Phones,*,CA-2017-129238,$110
CA-2017-129280,Accessories,*,CA-2017-129280,$564
CA-2017-129280,Furnishings,*,CA-2017-129280,$52
CA-2017-129280,Labels,*,CA-2017-129280,$6
CA-2017-129280,Machines,*,CA-2017-129280,$225
CA-2017-129280,Storage,*,CA-2017-129280,$196
CA-2017-129308,Binders,*,CA-2017-129308,$15
CA-2017-129308,Labels,*,CA-2017-129308,$10
CA-2017-129308,Phones,*,CA-2017-129308,$60
CA-2017-129630,Copiers,*,CA-2017-129630,"$2,800"
CA-2017-129630,Furnishings,*,CA-2017-129630,$24
CA-2017-129686,Accessories,*,CA-2017-129686,$62
CA-2017-129686,Storage,*,CA-2017-129686,$98
CA-2017-129693,Binders,*,CA-2017-129693,$7
CA-2017-129714,Accessories,*,CA-2017-129714,$7
CA-2017-129714,Binders,*,CA-2017-129714,"$4,358"
CA-2017-129714,Paper,*,CA-2017-129714,$74
CA-2017-129728,Furnishings,*,CA-2017-129728,$168
CA-2017-129847,Furnishings,*,CA-2017-129847,$84
CA-2017-129861,Tables,*,CA-2017-129861,$377
CA-2017-129868,Appliances,*,CA-2017-129868,$8
CA-2017-129868,Art,*,CA-2017-129868,$54
CA-2017-129868,Chairs,*,CA-2017-129868,$146
CA-2017-129868,Phones,*,CA-2017-129868,$302
CA-2017-129868,Supplies,*,CA-2017-129868,$18
CA-2017-129868,Tables,*,CA-2017-129868,$903
CA-2017-129903,Paper,*,CA-2017-129903,$24
CA-2017-130001,Paper,*,CA-2017-130001,$36
CA-2017-130029,Fasteners,*,CA-2017-130029,$4
CA-2017-130029,Paper,*,CA-2017-130029,$13
CA-2017-130050,Furnishings,*,CA-2017-130050,$10
CA-2017-130078,Paper,*,CA-2017-130078,$11
CA-2017-130162,Phones,*,CA-2017-130162,$302
CA-2017-130162,Storage,*,CA-2017-130162,$93
CA-2017-130225,Envelopes,*,CA-2017-130225,$100
CA-2017-130267,Paper,*,CA-2017-130267,$160
CA-2017-130288,Tables,*,CA-2017-130288,$313
CA-2017-130393,Appliances,*,CA-2017-130393,$12
CA-2017-130393,Chairs,*,CA-2017-130393,$334
CA-2017-130400,Accessories,*,CA-2017-130400,$28
CA-2017-130400,Binders,*,CA-2017-130400,$9
CA-2017-130400,Envelopes,*,CA-2017-130400,$146
CA-2017-130407,Art,*,CA-2017-130407,$75
CA-2017-130407,Furnishings,*,CA-2017-130407,$40
CA-2017-130442,Appliances,*,CA-2017-130442,$35
CA-2017-130477,Paper,*,CA-2017-130477,$33
CA-2017-130477,Storage,*,CA-2017-130477,$65
CA-2017-130484,Binders,*,CA-2017-130484,$26
CA-2017-130638,Furnishings,*,CA-2017-130638,$283
CA-2017-130638,Labels,*,CA-2017-130638,$28
CA-2017-130680,Phones,*,CA-2017-130680,$38
CA-2017-130778,Appliances,*,CA-2017-130778,$9
CA-2017-130778,Paper,*,CA-2017-130778,$45
CA-2017-130799,Furnishings,*,CA-2017-130799,$7
CA-2017-130820,Tables,*,CA-2017-130820,$630
CA-2017-130911,Art,*,CA-2017-130911,$19
CA-2017-130911,Bookcases,*,CA-2017-130911,$301
CA-2017-130946,Accessories,*,CA-2017-130946,$432
CA-2017-130946,Binders,*,CA-2017-130946,"$1,089"
CA-2017-130946,Chairs,*,CA-2017-130946,$96
CA-2017-131065,Accessories,*,CA-2017-131065,$500
CA-2017-131065,Binders,*,CA-2017-131065,$8
CA-2017-131065,Paper,*,CA-2017-131065,$5
CA-2017-131093,Storage,*,CA-2017-131093,$295
CA-2017-131205,Art,*,CA-2017-131205,$5
CA-2017-131205,Binders,*,CA-2017-131205,$114
CA-2017-131205,Furnishings,*,CA-2017-131205,$43
CA-2017-131205,Storage,*,CA-2017-131205,$130
CA-2017-131289,Art,*,CA-2017-131289,$9
CA-2017-131289,Paper,*,CA-2017-131289,$45
CA-2017-131289,Tables,*,CA-2017-131289,"$1,422"
CA-2017-131296,Tables,*,CA-2017-131296,$239
CA-2017-131380,Paper,*,CA-2017-131380,$6
CA-2017-131380,Storage,*,CA-2017-131380,$88
CA-2017-131499,Appliances,*,CA-2017-131499,$207
CA-2017-131576,Binders,*,CA-2017-131576,$49
CA-2017-131639,Binders,*,CA-2017-131639,$25
CA-2017-131737,Appliances,*,CA-2017-131737,$902
CA-2017-131737,Envelopes,*,CA-2017-131737,$200
CA-2017-131737,Furnishings,*,CA-2017-131737,$972
CA-2017-131744,Appliances,*,CA-2017-131744,$454
CA-2017-131744,Binders,*,CA-2017-131744,$5
CA-2017-131744,Paper,*,CA-2017-131744,$7
CA-2017-131835,Appliances,*,CA-2017-131835,$163
CA-2017-131835,Paper,*,CA-2017-131835,$55
CA-2017-131835,Phones,*,CA-2017-131835,$597
CA-2017-131968,Appliances,*,CA-2017-131968,$672
CA-2017-131968,Binders,*,CA-2017-131968,$10
CA-2017-132017,Binders,*,CA-2017-132017,$7
CA-2017-132066,Tables,*,CA-2017-132066,$142
CA-2017-132094,Accessories,*,CA-2017-132094,$48
CA-2017-132094,Art,*,CA-2017-132094,$5
CA-2017-132143,Paper,*,CA-2017-132143,$48
CA-2017-132304,Tables,*,CA-2017-132304,"$1,115"
CA-2017-132409,Appliances,*,CA-2017-132409,$35
CA-2017-132409,Art,*,CA-2017-132409,$2
CA-2017-132479,Binders,*,CA-2017-132479,$442
CA-2017-132549,Storage,*,CA-2017-132549,$73
CA-2017-132661,Paper,*,CA-2017-132661,$379
CA-2017-132731,Phones,*,CA-2017-132731,$658
CA-2017-132829,Furnishings,*,CA-2017-132829,$2
CA-2017-132829,Labels,*,CA-2017-132829,$45
CA-2017-132829,Phones,*,CA-2017-132829,$873
CA-2017-132899,Art,*,CA-2017-132899,$4
CA-2017-132990,Furnishings,*,CA-2017-132990,$19
CA-2017-132997,Binders,*,CA-2017-132997,$277
CA-2017-132997,Paper,*,CA-2017-132997,$13
CA-2017-132997,Phones,*,CA-2017-132997,$624
CA-2017-132997,Storage,*,CA-2017-132997,$117
CA-2017-133123,Binders,*,CA-2017-133123,$3
CA-2017-133123,Envelopes,*,CA-2017-133123,$96
CA-2017-133144,Paper,*,CA-2017-133144,$17
CA-2017-133319,Paper,*,CA-2017-133319,$192
CA-2017-133340,Accessories,*,CA-2017-133340,$60
CA-2017-133340,Appliances,*,CA-2017-133340,$62
CA-2017-133340,Phones,*,CA-2017-133340,$11
CA-2017-133368,Furnishings,*,CA-2017-133368,$316
CA-2017-133368,Paper,*,CA-2017-133368,$90
CA-2017-133550,Appliances,*,CA-2017-133550,$283
CA-2017-133550,Furnishings,*,CA-2017-133550,$273
CA-2017-133550,Phones,*,CA-2017-133550,$755
CA-2017-133613,Art,*,CA-2017-133613,$10
CA-2017-133613,Binders,*,CA-2017-133613,$8
CA-2017-133613,Phones,*,CA-2017-133613,$567
CA-2017-133669,Phones,*,CA-2017-133669,$235
CA-2017-133697,Chairs,*,CA-2017-133697,$57
CA-2017-133697,Fasteners,*,CA-2017-133697,$25
CA-2017-133697,Paper,*,CA-2017-133697,$51
CA-2017-133711,Binders,*,CA-2017-133711,$125
CA-2017-133711,Machines,*,CA-2017-133711,"$3,040"
CA-2017-133711,Paper,*,CA-2017-133711,$71
CA-2017-133725,Phones,*,CA-2017-133725,"$1,980"
CA-2017-133795,Accessories,*,CA-2017-133795,$845
CA-2017-133795,Furnishings,*,CA-2017-133795,$40
CA-2017-133802,Binders,*,CA-2017-133802,$42
CA-2017-133816,Phones,*,CA-2017-133816,$744
CA-2017-133872,Accessories,*,CA-2017-133872,$18
CA-2017-133872,Binders,*,CA-2017-133872,$40
CA-2017-133935,Chairs,*,CA-2017-133935,"$1,687"
CA-2017-133935,Paper,*,CA-2017-133935,$369
CA-2017-134110,Paper,*,CA-2017-134110,$15
CA-2017-134110,Phones,*,CA-2017-134110,$67
CA-2017-134138,Chairs,*,CA-2017-134138,$228
CA-2017-134180,Accessories,*,CA-2017-134180,$72
CA-2017-134180,Chairs,*,CA-2017-134180,$470
CA-2017-134208,Machines,*,CA-2017-134208,$396
CA-2017-134222,Binders,*,CA-2017-134222,$45
CA-2017-134334,Art,*,CA-2017-134334,$8
CA-2017-134334,Furnishings,*,CA-2017-134334,$11
CA-2017-134334,Paper,*,CA-2017-134334,$5
CA-2017-134334,Tables,*,CA-2017-134334,$550
CA-2017-134348,Accessories,*,CA-2017-134348,$32
CA-2017-134348,Binders,*,CA-2017-134348,$11
CA-2017-134362,Labels,*,CA-2017-134362,$16
CA-2017-134376,Appliances,*,CA-2017-134376,$61
CA-2017-134425,Phones,*,CA-2017-134425,$115
CA-2017-134474,Accessories,*,CA-2017-134474,$191
CA-2017-134474,Art,*,CA-2017-134474,$5
CA-2017-134474,Phones,*,CA-2017-134474,$59
CA-2017-134516,Chairs,*,CA-2017-134516,$98
CA-2017-134516,Furnishings,*,CA-2017-134516,$17
CA-2017-134544,Phones,*,CA-2017-134544,$85
CA-2017-134691,Binders,*,CA-2017-134691,$2
CA-2017-134775,Binders,*,CA-2017-134775,$50
CA-2017-134775,Paper,*,CA-2017-134775,$51
CA-2017-134789,Fasteners,*,CA-2017-134789,$30
CA-2017-134789,Furnishings,*,CA-2017-134789,$160
CA-2017-134789,Paper,*,CA-2017-134789,$26
CA-2017-134803,Accessories,*,CA-2017-134803,$132
CA-2017-134803,Appliances,*,CA-2017-134803,$262
CA-2017-134803,Binders,*,CA-2017-134803,$23
CA-2017-134803,Machines,*,CA-2017-134803,$558
CA-2017-134803,Paper,*,CA-2017-134803,$183
CA-2017-134887,Accessories,*,CA-2017-134887,"$1,287"
CA-2017-134936,Binders,*,CA-2017-134936,$16
CA-2017-134936,Tables,*,CA-2017-134936,$456
CA-2017-135265,Chairs,*,CA-2017-135265,$288
CA-2017-135265,Copiers,*,CA-2017-135265,"$2,800"
CA-2017-135265,Paper,*,CA-2017-135265,$49
CA-2017-135461,Phones,*,CA-2017-135461,$624
CA-2017-135594,Accessories,*,CA-2017-135594,$50
CA-2017-135636,Storage,*,CA-2017-135636,$388
CA-2017-135776,Art,*,CA-2017-135776,$13
CA-2017-135776,Envelopes,*,CA-2017-135776,$62
CA-2017-135776,Paper,*,CA-2017-135776,$86
CA-2017-135776,Storage,*,CA-2017-135776,"$1,345"
CA-2017-135965,Storage,*,CA-2017-135965,$128
CA-2017-136021,Machines,*,CA-2017-136021,$106
CA-2017-136021,Paper,*,CA-2017-136021,$16
CA-2017-136049,Binders,*,CA-2017-136049,$6
CA-2017-136126,Paper,*,CA-2017-136126,$192
CA-2017-136126,Supplies,*,CA-2017-136126,$70
CA-2017-136133,Appliances,*,CA-2017-136133,$355
CA-2017-136231,Binders,*,CA-2017-136231,$86
CA-2017-136231,Envelopes,*,CA-2017-136231,$23
CA-2017-136231,Paper,*,CA-2017-136231,$10
CA-2017-136231,Phones,*,CA-2017-136231,$109
CA-2017-136287,Labels,*,CA-2017-136287,$19
CA-2017-136301,Furnishings,*,CA-2017-136301,$28
CA-2017-136301,Supplies,*,CA-2017-136301,"$4,913"
CA-2017-136322,Binders,*,CA-2017-136322,$29
CA-2017-136322,Furnishings,*,CA-2017-136322,$46
CA-2017-136329,Chairs,*,CA-2017-136329,$408
CA-2017-136329,Furnishings,*,CA-2017-136329,$165
CA-2017-136371,Furnishings,*,CA-2017-136371,$35
CA-2017-136406,Chairs,*,CA-2017-136406,"$1,122"
CA-2017-136434,Furnishings,*,CA-2017-136434,$17
CA-2017-136483,Art,*,CA-2017-136483,$5
CA-2017-136595,Furnishings,*,CA-2017-136595,$21
CA-2017-136686,Appliances,*,CA-2017-136686,$57
CA-2017-136686,Furnishings,*,CA-2017-136686,$384
CA-2017-136770,Accessories,*,CA-2017-136770,$280
CA-2017-136770,Phones,*,CA-2017-136770,$507
CA-2017-136812,Storage,*,CA-2017-136812,"$1,118"
CA-2017-136924,Phones,*,CA-2017-136924,$381
CA-2017-136994,Paper,*,CA-2017-136994,$13
CA-2017-137043,Furnishings,*,CA-2017-137043,$859
CA-2017-137050,Art,*,CA-2017-137050,$42
CA-2017-137050,Binders,*,CA-2017-137050,$18
CA-2017-137050,Bookcases,*,CA-2017-137050,$579
CA-2017-137050,Fasteners,*,CA-2017-137050,$14
CA-2017-137050,Storage,*,CA-2017-137050,$11
CA-2017-137127,Labels,*,CA-2017-137127,$9
CA-2017-137176,Furnishings,*,CA-2017-137176,$15
CA-2017-137204,Chairs,*,CA-2017-137204,$42
CA-2017-137239,Appliances,*,CA-2017-137239,$114
CA-2017-137239,Binders,*,CA-2017-137239,$3
CA-2017-137239,Envelopes,*,CA-2017-137239,$134
CA-2017-137330,Appliances,*,CA-2017-137330,$60
CA-2017-137330,Art,*,CA-2017-137330,$19
CA-2017-137337,Binders,*,CA-2017-137337,$69
CA-2017-137337,Furnishings,*,CA-2017-137337,$114
CA-2017-137337,Paper,*,CA-2017-137337,$13
CA-2017-137393,Furnishings,*,CA-2017-137393,$42
CA-2017-137652,Binders,*,CA-2017-137652,$18
CA-2017-137673,Accessories,*,CA-2017-137673,$116
CA-2017-137729,Phones,*,CA-2017-137729,$246
CA-2017-137729,Storage,*,CA-2017-137729,$6
CA-2017-137736,Art,*,CA-2017-137736,$42
CA-2017-137743,Labels,*,CA-2017-137743,$9
CA-2017-137743,Storage,*,CA-2017-137743,"$1,037"
CA-2017-137848,Binders,*,CA-2017-137848,$50
CA-2017-137848,Envelopes,*,CA-2017-137848,$17
CA-2017-137848,Paper,*,CA-2017-137848,$60
CA-2017-137939,Phones,*,CA-2017-137939,$90
CA-2017-138037,Binders,*,CA-2017-138037,$27
CA-2017-138079,Furnishings,*,CA-2017-138079,$110
CA-2017-138233,Accessories,*,CA-2017-138233,$480
CA-2017-138282,Appliances,*,CA-2017-138282,$88
CA-2017-138478,Art,*,CA-2017-138478,$113
CA-2017-138478,Binders,*,CA-2017-138478,"$4,536"
CA-2017-138478,Paper,*,CA-2017-138478,$36
CA-2017-138520,Art,*,CA-2017-138520,$17
CA-2017-138520,Bookcases,*,CA-2017-138520,$389
CA-2017-138520,Envelopes,*,CA-2017-138520,$8
CA-2017-138520,Paper,*,CA-2017-138520,$34
CA-2017-138583,Art,*,CA-2017-138583,$17
CA-2017-138597,Chairs,*,CA-2017-138597,$564
CA-2017-138667,Accessories,*,CA-2017-138667,$40
CA-2017-138688,Labels,*,CA-2017-138688,$15
CA-2017-138695,Chairs,*,CA-2017-138695,$390
CA-2017-138695,Paper,*,CA-2017-138695,$62
CA-2017-138933,Binders,*,CA-2017-138933,$4
CA-2017-138968,Binders,*,CA-2017-138968,$5
CA-2017-138968,Chairs,*,CA-2017-138968,"$1,352"
CA-2017-139010,Accessories,*,CA-2017-139010,$13
CA-2017-139010,Binders,*,CA-2017-139010,$50
CA-2017-139010,Storage,*,CA-2017-139010,$449
CA-2017-139157,Tables,*,CA-2017-139157,$331
CA-2017-139234,Accessories,*,CA-2017-139234,$26
CA-2017-139234,Binders,*,CA-2017-139234,$3
CA-2017-139269,Furnishings,*,CA-2017-139269,$25
CA-2017-139269,Paper,*,CA-2017-139269,$19
CA-2017-139269,Storage,*,CA-2017-139269,"$1,268"
CA-2017-139381,Appliances,*,CA-2017-139381,$204
CA-2017-139381,Phones,*,CA-2017-139381,$30
CA-2017-139395,Art,*,CA-2017-139395,$14
CA-2017-139395,Furnishings,*,CA-2017-139395,$33
CA-2017-139395,Phones,*,CA-2017-139395,$658
CA-2017-139395,Storage,*,CA-2017-139395,$27
CA-2017-139409,Phones,*,CA-2017-139409,$44
CA-2017-139549,Chairs,*,CA-2017-139549,$387
CA-2017-139556,Chairs,*,CA-2017-139556,$435
CA-2017-139689,Binders,*,CA-2017-139689,$41
CA-2017-139808,Fasteners,*,CA-2017-139808,$93
CA-2017-139878,Phones,*,CA-2017-139878,$258
CA-2017-139885,Storage,*,CA-2017-139885,$213
CA-2017-139934,Phones,*,CA-2017-139934,$67
CA-2017-139941,Appliances,*,CA-2017-139941,$53
CA-2017-139941,Paper,*,CA-2017-139941,$93
CA-2017-139997,Copiers,*,CA-2017-139997,"$1,500"
CA-2017-140018,Chairs,*,CA-2017-140018,$128
CA-2017-140018,Furnishings,*,CA-2017-140018,$78
CA-2017-140018,Machines,*,CA-2017-140018,$30
CA-2017-140046,Labels,*,CA-2017-140046,$19
CA-2017-140081,Appliances,*,CA-2017-140081,$448
CA-2017-140081,Binders,*,CA-2017-140081,$30
CA-2017-140081,Paper,*,CA-2017-140081,$61
CA-2017-140130,Art,*,CA-2017-140130,$12
CA-2017-140130,Chairs,*,CA-2017-140130,$369
CA-2017-140130,Storage,*,CA-2017-140130,$333
CA-2017-140130,Supplies,*,CA-2017-140130,$22
CA-2017-140207,Binders,*,CA-2017-140207,$29
CA-2017-140249,Phones,*,CA-2017-140249,"$1,002"
CA-2017-140256,Art,*,CA-2017-140256,$6
CA-2017-140382,Labels,*,CA-2017-140382,$22
CA-2017-140382,Paper,*,CA-2017-140382,$20
CA-2017-140382,Phones,*,CA-2017-140382,$862
CA-2017-140382,Storage,*,CA-2017-140382,$94
CA-2017-140417,Binders,*,CA-2017-140417,$5
CA-2017-140417,Paper,*,CA-2017-140417,$60
CA-2017-140438,Phones,*,CA-2017-140438,$198
CA-2017-140501,Fasteners,*,CA-2017-140501,$4
CA-2017-140501,Labels,*,CA-2017-140501,$141
CA-2017-140501,Paper,*,CA-2017-140501,$147
CA-2017-140501,Storage,*,CA-2017-140501,$325
CA-2017-140543,Storage,*,CA-2017-140543,$192
CA-2017-140564,Art,*,CA-2017-140564,$34
CA-2017-140571,Paper,*,CA-2017-140571,$365
CA-2017-140613,Supplies,*,CA-2017-140613,$86
CA-2017-140634,Envelopes,*,CA-2017-140634,$16
CA-2017-140641,Binders,*,CA-2017-140641,$38
CA-2017-140746,Tables,*,CA-2017-140746,$182
CA-2017-140774,Art,*,CA-2017-140774,$108
CA-2017-140928,Tables,*,CA-2017-140928,$383
CA-2017-140935,Bookcases,*,CA-2017-140935,$342
CA-2017-140935,Phones,*,CA-2017-140935,$222
CA-2017-140977,Machines,*,CA-2017-140977,$91
CA-2017-141019,Furnishings,*,CA-2017-141019,$79
CA-2017-141082,Labels,*,CA-2017-141082,$126
CA-2017-141180,Binders,*,CA-2017-141180,$8
CA-2017-141397,Appliances,*,CA-2017-141397,$22
CA-2017-141397,Binders,*,CA-2017-141397,$18
CA-2017-141397,Chairs,*,CA-2017-141397,$162
CA-2017-141397,Paper,*,CA-2017-141397,$47
CA-2017-141397,Storage,*,CA-2017-141397,$162
CA-2017-141523,Art,*,CA-2017-141523,$4
CA-2017-141523,Binders,*,CA-2017-141523,$34
CA-2017-141551,Binders,*,CA-2017-141551,$6
CA-2017-141551,Paper,*,CA-2017-141551,$6
CA-2017-141586,Binders,*,CA-2017-141586,$18
CA-2017-141887,Furnishings,*,CA-2017-141887,$55
CA-2017-141957,Art,*,CA-2017-141957,$19
CA-2017-141957,Binders,*,CA-2017-141957,$11
CA-2017-141957,Storage,*,CA-2017-141957,$166
CA-2017-142097,Appliances,*,CA-2017-142097,$43
CA-2017-142097,Binders,*,CA-2017-142097,$233
CA-2017-142097,Envelopes,*,CA-2017-142097,$67
CA-2017-142335,Storage,*,CA-2017-142335,$296
CA-2017-142335,Tables,*,CA-2017-142335,"$1,653"
CA-2017-142370,Accessories,*,CA-2017-142370,$250
CA-2017-142370,Supplies,*,CA-2017-142370,$5
CA-2017-142398,Binders,*,CA-2017-142398,$13
CA-2017-142398,Chairs,*,CA-2017-142398,$638
CA-2017-142405,Accessories,*,CA-2017-142405,$390
CA-2017-142405,Binders,*,CA-2017-142405,$54
CA-2017-142405,Labels,*,CA-2017-142405,$15
CA-2017-142524,Accessories,*,CA-2017-142524,$280
CA-2017-142524,Envelopes,*,CA-2017-142524,$17
CA-2017-142545,Binders,*,CA-2017-142545,$14
CA-2017-142545,Furnishings,*,CA-2017-142545,$78
CA-2017-142545,Paper,*,CA-2017-142545,$89
CA-2017-142545,Storage,*,CA-2017-142545,"$1,082"
CA-2017-142594,Appliances,*,CA-2017-142594,$902
CA-2017-142594,Furnishings,*,CA-2017-142594,$111
CA-2017-142594,Phones,*,CA-2017-142594,$138
CA-2017-142594,Tables,*,CA-2017-142594,$366
CA-2017-142615,Accessories,*,CA-2017-142615,$28
CA-2017-142762,Furnishings,*,CA-2017-142762,$37
CA-2017-142895,Chairs,*,CA-2017-142895,$364
CA-2017-142895,Labels,*,CA-2017-142895,$6
CA-2017-142902,Chairs,*,CA-2017-142902,$467
CA-2017-142902,Furnishings,*,CA-2017-142902,$30
CA-2017-142902,Labels,*,CA-2017-142902,$6
CA-2017-142958,Binders,*,CA-2017-142958,$6
CA-2017-142958,Tables,*,CA-2017-142958,"$1,114"
CA-2017-143154,Accessories,*,CA-2017-143154,$166
CA-2017-143308,Fasteners,*,CA-2017-143308,$11
CA-2017-143406,Appliances,*,CA-2017-143406,$93
CA-2017-143406,Chairs,*,CA-2017-143406,$455
CA-2017-143441,Labels,*,CA-2017-143441,$12
CA-2017-143476,Art,*,CA-2017-143476,$3
CA-2017-143476,Paper,*,CA-2017-143476,$30
CA-2017-143609,Chairs,*,CA-2017-143609,$404
CA-2017-143714,Binders,*,CA-2017-143714,$6
CA-2017-143714,Copiers,*,CA-2017-143714,"$8,400"
CA-2017-143714,Paper,*,CA-2017-143714,$10
CA-2017-143714,Phones,*,CA-2017-143714,$122
CA-2017-143749,Bookcases,*,CA-2017-143749,$82
CA-2017-143805,Appliances,*,CA-2017-143805,"$2,105"
CA-2017-143805,Supplies,*,CA-2017-143805,$41
CA-2017-143910,Chairs,*,CA-2017-143910,$146
CA-2017-143924,Fasteners,*,CA-2017-143924,$20
CA-2017-143924,Paper,*,CA-2017-143924,$110
CA-2017-144015,Fasteners,*,CA-2017-144015,$18
CA-2017-144015,Paper,*,CA-2017-144015,$12
CA-2017-144015,Supplies,*,CA-2017-144015,$232
CA-2017-144092,Accessories,*,CA-2017-144092,$72
CA-2017-144092,Chairs,*,CA-2017-144092,$114
CA-2017-144092,Envelopes,*,CA-2017-144092,$158
CA-2017-144148,Tables,*,CA-2017-144148,$863
CA-2017-144218,Storage,*,CA-2017-144218,"$1,085"
CA-2017-144309,Binders,*,CA-2017-144309,$680
CA-2017-144309,Paper,*,CA-2017-144309,$19
CA-2017-144337,Paper,*,CA-2017-144337,$20
CA-2017-144344,Binders,*,CA-2017-144344,$37
CA-2017-144344,Furnishings,*,CA-2017-144344,$277
CA-2017-144400,Envelopes,*,CA-2017-144400,$58
CA-2017-144540,Appliances,*,CA-2017-144540,$63
CA-2017-144540,Fasteners,*,CA-2017-144540,$28
CA-2017-144554,Accessories,*,CA-2017-144554,$120
CA-2017-144645,Furnishings,*,CA-2017-144645,$74
CA-2017-144729,Storage,*,CA-2017-144729,$154
CA-2017-144764,Labels,*,CA-2017-144764,$29
CA-2017-144764,Machines,*,CA-2017-144764,"$1,363"
CA-2017-144764,Storage,*,CA-2017-144764,$35
CA-2017-144785,Art,*,CA-2017-144785,$7
CA-2017-144785,Supplies,*,CA-2017-144785,$7
CA-2017-144792,Furnishings,*,CA-2017-144792,$112
CA-2017-144855,Labels,*,CA-2017-144855,$6
CA-2017-144911,Accessories,*,CA-2017-144911,$35
CA-2017-144911,Binders,*,CA-2017-144911,$152
CA-2017-144939,Chairs,*,CA-2017-144939,$599
CA-2017-145009,Labels,*,CA-2017-145009,$12
CA-2017-145135,Accessories,*,CA-2017-145135,$60
CA-2017-145135,Paper,*,CA-2017-145135,$13
CA-2017-145177,Accessories,*,CA-2017-145177,$179
CA-2017-145177,Appliances,*,CA-2017-145177,$335
CA-2017-145177,Binders,*,CA-2017-145177,$70
CA-2017-145177,Furnishings,*,CA-2017-145177,$148
CA-2017-145177,Labels,*,CA-2017-145177,$9
CA-2017-145177,Paper,*,CA-2017-145177,$116
CA-2017-145177,Phones,*,CA-2017-145177,$42
CA-2017-145240,Storage,*,CA-2017-145240,$11
CA-2017-145247,Paper,*,CA-2017-145247,$79
CA-2017-145261,Accessories,*,CA-2017-145261,$113
CA-2017-145261,Art,*,CA-2017-145261,$19
CA-2017-145261,Binders,*,CA-2017-145261,$45
CA-2017-145261,Labels,*,CA-2017-145261,$16
CA-2017-145261,Paper,*,CA-2017-145261,$12
CA-2017-145261,Phones,*,CA-2017-145261,$29
CA-2017-145261,Tables,*,CA-2017-145261,$377
CA-2017-145303,Binders,*,CA-2017-145303,$23
CA-2017-145303,Bookcases,*,CA-2017-145303,$156
CA-2017-145492,Appliances,*,CA-2017-145492,$39
CA-2017-145499,Binders,*,CA-2017-145499,$3
CA-2017-145548,Accessories,*,CA-2017-145548,$36
CA-2017-145548,Art,*,CA-2017-145548,$93
CA-2017-145548,Binders,*,CA-2017-145548,$90
CA-2017-145548,Chairs,*,CA-2017-145548,$246
CA-2017-145548,Storage,*,CA-2017-145548,$28
CA-2017-145583,Art,*,CA-2017-145583,$12
CA-2017-145583,Binders,*,CA-2017-145583,$76
CA-2017-145583,Fasteners,*,CA-2017-145583,$4
CA-2017-145583,Furnishings,*,CA-2017-145583,$43
CA-2017-145583,Paper,*,CA-2017-145583,$55
CA-2017-145583,Supplies,*,CA-2017-145583,$66
CA-2017-145611,Appliances,*,CA-2017-145611,$393
CA-2017-145625,Accessories,*,CA-2017-145625,"$3,347"
CA-2017-145625,Paper,*,CA-2017-145625,$8
CA-2017-145709,Furnishings,*,CA-2017-145709,$12
CA-2017-145709,Phones,*,CA-2017-145709,$53
CA-2017-145730,Envelopes,*,CA-2017-145730,$37
CA-2017-145730,Machines,*,CA-2017-145730,$288
CA-2017-145730,Tables,*,CA-2017-145730,$638
CA-2017-145842,Storage,*,CA-2017-145842,$41
CA-2017-145898,Art,*,CA-2017-145898,$35
CA-2017-145898,Labels,*,CA-2017-145898,$8
CA-2017-145898,Paper,*,CA-2017-145898,$30
CA-2017-145898,Storage,*,CA-2017-145898,$51
CA-2017-145905,Chairs,*,CA-2017-145905,$351
CA-2017-145905,Paper,*,CA-2017-145905,$13
CA-2017-145905,Storage,*,CA-2017-145905,$900
CA-2017-145919,Furnishings,*,CA-2017-145919,$184
CA-2017-145919,Paper,*,CA-2017-145919,$39
CA-2017-145919,Supplies,*,CA-2017-145919,$579
CA-2017-145982,Binders,*,CA-2017-145982,$29
CA-2017-145982,Fasteners,*,CA-2017-145982,$12
CA-2017-145982,Paper,*,CA-2017-145982,$205
CA-2017-145982,Phones,*,CA-2017-145982,$60
CA-2017-145982,Tables,*,CA-2017-145982,$245
CA-2017-146010,Binders,*,CA-2017-146010,$41
CA-2017-146143,Furnishings,*,CA-2017-146143,$133
CA-2017-146150,Art,*,CA-2017-146150,$264
CA-2017-146157,Accessories,*,CA-2017-146157,$82
CA-2017-146157,Paper,*,CA-2017-146157,$38
CA-2017-146157,Storage,*,CA-2017-146157,$22
CA-2017-146171,Furnishings,*,CA-2017-146171,$77
CA-2017-146171,Storage,*,CA-2017-146171,$481
CA-2017-146206,Phones,*,CA-2017-146206,$720
CA-2017-146206,Tables,*,CA-2017-146206,$301
CA-2017-146318,Paper,*,CA-2017-146318,$13
CA-2017-146325,Chairs,*,CA-2017-146325,$81
CA-2017-146325,Storage,*,CA-2017-146325,$135
CA-2017-146374,Envelopes,*,CA-2017-146374,$110
CA-2017-146374,Furnishings,*,CA-2017-146374,$13
CA-2017-146374,Paper,*,CA-2017-146374,$5
CA-2017-146423,Art,*,CA-2017-146423,$15
CA-2017-146423,Paper,*,CA-2017-146423,$52
CA-2017-146437,Art,*,CA-2017-146437,$40
CA-2017-146521,Binders,*,CA-2017-146521,$2
CA-2017-146633,Binders,*,CA-2017-146633,"$1,055"
CA-2017-146682,Furnishings,*,CA-2017-146682,$67
CA-2017-146766,Art,*,CA-2017-146766,$193
CA-2017-146836,Binders,*,CA-2017-146836,$46
CA-2017-146836,Storage,*,CA-2017-146836,$45
CA-2017-146913,Chairs,*,CA-2017-146913,"$1,404"
CA-2017-146934,Accessories,*,CA-2017-146934,$95
CA-2017-146934,Appliances,*,CA-2017-146934,$663
CA-2017-146934,Envelopes,*,CA-2017-146934,$27
CA-2017-146934,Phones,*,CA-2017-146934,$603
CA-2017-146934,Tables,*,CA-2017-146934,$174
CA-2017-146941,Envelopes,*,CA-2017-146941,$362
CA-2017-146941,Storage,*,CA-2017-146941,$81
CA-2017-147067,Furnishings,*,CA-2017-147067,$19
CA-2017-147109,Accessories,*,CA-2017-147109,$166
CA-2017-147109,Paper,*,CA-2017-147109,$52
CA-2017-147123,Paper,*,CA-2017-147123,$80
CA-2017-147137,Bookcases,*,CA-2017-147137,"$1,279"
CA-2017-147137,Envelopes,*,CA-2017-147137,$44
CA-2017-147137,Furnishings,*,CA-2017-147137,$25
CA-2017-147137,Storage,*,CA-2017-147137,$28
CA-2017-147256,Appliances,*,CA-2017-147256,"$1,928"
CA-2017-147256,Phones,*,CA-2017-147256,$450
CA-2017-147368,Machines,*,CA-2017-147368,$696
CA-2017-147375,Machines,*,CA-2017-147375,"$1,008"
CA-2017-147375,Paper,*,CA-2017-147375,$313
CA-2017-147417,Copiers,*,CA-2017-147417,"$1,440"
CA-2017-147431,Storage,*,CA-2017-147431,$118
CA-2017-147473,Paper,*,CA-2017-147473,$39
CA-2017-147536,Accessories,*,CA-2017-147536,$90
CA-2017-147578,Furnishings,*,CA-2017-147578,$32
CA-2017-147585,Furnishings,*,CA-2017-147585,$15
CA-2017-147683,Furnishings,*,CA-2017-147683,$20
CA-2017-147970,Paper,*,CA-2017-147970,$16
CA-2017-148096,Tables,*,CA-2017-148096,$161
CA-2017-148201,Paper,*,CA-2017-148201,$6
CA-2017-148208,Accessories,*,CA-2017-148208,$55
CA-2017-148208,Phones,*,CA-2017-148208,$110
CA-2017-148516,Accessories,*,CA-2017-148516,$180
CA-2017-148593,Paper,*,CA-2017-148593,$46
CA-2017-148684,Accessories,*,CA-2017-148684,$400
CA-2017-148684,Art,*,CA-2017-148684,$20
CA-2017-148684,Furnishings,*,CA-2017-148684,$344
CA-2017-148684,Paper,*,CA-2017-148684,$106
CA-2017-148698,Art,*,CA-2017-148698,$86
CA-2017-148740,Phones,*,CA-2017-148740,$361
CA-2017-148747,Bookcases,*,CA-2017-148747,$478
CA-2017-148796,Chairs,*,CA-2017-148796,$384
CA-2017-148852,Chairs,*,CA-2017-148852,$485
CA-2017-148852,Fasteners,*,CA-2017-148852,$6
CA-2017-148852,Machines,*,CA-2017-148852,$372
CA-2017-148852,Paper,*,CA-2017-148852,$45
CA-2017-148852,Phones,*,CA-2017-148852,$211
CA-2017-148908,Binders,*,CA-2017-148908,$53
CA-2017-149111,Furnishings,*,CA-2017-149111,$19
CA-2017-149111,Phones,*,CA-2017-149111,$37
CA-2017-149195,Fasteners,*,CA-2017-149195,$16
CA-2017-149195,Paper,*,CA-2017-149195,$36
CA-2017-149223,Appliances,*,CA-2017-149223,$78
CA-2017-149237,Furnishings,*,CA-2017-149237,$27
CA-2017-149272,Binders,*,CA-2017-149272,$22
CA-2017-149272,Chairs,*,CA-2017-149272,$528
CA-2017-149279,Binders,*,CA-2017-149279,$3
CA-2017-149279,Chairs,*,CA-2017-149279,"$1,326"
CA-2017-149279,Paper,*,CA-2017-149279,$16
CA-2017-149314,Chairs,*,CA-2017-149314,$195
CA-2017-149335,Art,*,CA-2017-149335,$37
CA-2017-149349,Furnishings,*,CA-2017-149349,$23
CA-2017-149370,Paper,*,CA-2017-149370,$5
CA-2017-149454,Binders,*,CA-2017-149454,$10
CA-2017-149461,Furnishings,*,CA-2017-149461,$4
CA-2017-149482,Labels,*,CA-2017-149482,$7
CA-2017-149503,Binders,*,CA-2017-149503,$274
CA-2017-149671,Supplies,*,CA-2017-149671,$61
CA-2017-149685,Labels,*,CA-2017-149685,$60
CA-2017-149762,Art,*,CA-2017-149762,$22
CA-2017-149762,Bookcases,*,CA-2017-149762,$206
CA-2017-149762,Storage,*,CA-2017-149762,$49
CA-2017-149762,Tables,*,CA-2017-149762,$269
CA-2017-149783,Appliances,*,CA-2017-149783,$87
CA-2017-149783,Art,*,CA-2017-149783,$32
CA-2017-149783,Paper,*,CA-2017-149783,$12
CA-2017-149797,Binders,*,CA-2017-149797,$842
CA-2017-149902,Art,*,CA-2017-149902,$88
CA-2017-149916,Binders,*,CA-2017-149916,$55
CA-2017-149916,Machines,*,CA-2017-149916,$12
CA-2017-149965,Accessories,*,CA-2017-149965,$7
CA-2017-149965,Furnishings,*,CA-2017-149965,$58
CA-2017-149979,Chairs,*,CA-2017-149979,$369
CA-2017-149979,Storage,*,CA-2017-149979,$118
CA-2017-150000,Envelopes,*,CA-2017-150000,$18
CA-2017-150007,Binders,*,CA-2017-150007,$2
CA-2017-150007,Labels,*,CA-2017-150007,$6
CA-2017-150077,Phones,*,CA-2017-150077,$90
CA-2017-150343,Envelopes,*,CA-2017-150343,$11
CA-2017-150350,Appliances,*,CA-2017-150350,$43
CA-2017-150350,Chairs,*,CA-2017-150350,$533
CA-2017-150350,Envelopes,*,CA-2017-150350,$136
CA-2017-150350,Machines,*,CA-2017-150350,$838
CA-2017-150350,Paper,*,CA-2017-150350,$35
CA-2017-150350,Supplies,*,CA-2017-150350,$16
CA-2017-150483,Chairs,*,CA-2017-150483,$191
CA-2017-150483,Furnishings,*,CA-2017-150483,$32
CA-2017-150483,Paper,*,CA-2017-150483,$29
CA-2017-150658,Binders,*,CA-2017-150658,$11
CA-2017-150889,Phones,*,CA-2017-150889,$12
CA-2017-150945,Storage,*,CA-2017-150945,$900
CA-2017-151092,Phones,*,CA-2017-151092,$211
CA-2017-151141,Phones,*,CA-2017-151141,$15
CA-2017-151148,Chairs,*,CA-2017-151148,$83
CA-2017-151148,Phones,*,CA-2017-151148,$147
CA-2017-151155,Binders,*,CA-2017-151155,$15
CA-2017-151155,Furnishings,*,CA-2017-151155,$19
CA-2017-151169,Binders,*,CA-2017-151169,$8
CA-2017-151323,Fasteners,*,CA-2017-151323,$17
CA-2017-151372,Binders,*,CA-2017-151372,$12
CA-2017-151372,Fasteners,*,CA-2017-151372,$4
CA-2017-151372,Paper,*,CA-2017-151372,$96
CA-2017-151498,Binders,*,CA-2017-151498,$8
CA-2017-151512,Appliances,*,CA-2017-151512,$19
CA-2017-151561,Accessories,*,CA-2017-151561,$541
CA-2017-151561,Furnishings,*,CA-2017-151561,$192
CA-2017-151561,Supplies,*,CA-2017-151561,$11
CA-2017-151974,Labels,*,CA-2017-151974,$17
CA-2017-152072,Accessories,*,CA-2017-152072,$255
CA-2017-152072,Art,*,CA-2017-152072,$5
CA-2017-152072,Envelopes,*,CA-2017-152072,$52
CA-2017-152121,Phones,*,CA-2017-152121,$272
CA-2017-152156,Bookcases,*,CA-2017-152156,$262
CA-2017-152156,Chairs,*,CA-2017-152156,$732
CA-2017-152163,Binders,*,CA-2017-152163,$73
CA-2017-152163,Paper,*,CA-2017-152163,$13
CA-2017-152170,Appliances,*,CA-2017-152170,$38
CA-2017-152170,Art,*,CA-2017-152170,$21
CA-2017-152170,Binders,*,CA-2017-152170,$17
CA-2017-152170,Envelopes,*,CA-2017-152170,$288
CA-2017-152170,Paper,*,CA-2017-152170,$20
CA-2017-152247,Chairs,*,CA-2017-152247,"$1,603"
CA-2017-152289,Accessories,*,CA-2017-152289,$160
CA-2017-152289,Chairs,*,CA-2017-152289,"$1,025"
CA-2017-152331,Art,*,CA-2017-152331,$5
CA-2017-152408,Binders,*,CA-2017-152408,$14
CA-2017-152457,Paper,*,CA-2017-152457,$69
CA-2017-152471,Paper,*,CA-2017-152471,$16
CA-2017-152471,Phones,*,CA-2017-152471,$824
CA-2017-152520,Paper,*,CA-2017-152520,$13
CA-2017-152534,Art,*,CA-2017-152534,$5
CA-2017-152534,Paper,*,CA-2017-152534,$39
CA-2017-152555,Chairs,*,CA-2017-152555,$844
CA-2017-152555,Paper,*,CA-2017-152555,$46
CA-2017-152555,Phones,*,CA-2017-152555,$813
CA-2017-152632,Furnishings,*,CA-2017-152632,$40
CA-2017-152646,Paper,*,CA-2017-152646,$32
CA-2017-152688,Binders,*,CA-2017-152688,$316
CA-2017-152688,Bookcases,*,CA-2017-152688,$121
CA-2017-152730,Appliances,*,CA-2017-152730,$365
CA-2017-152730,Art,*,CA-2017-152730,$20
CA-2017-152730,Furnishings,*,CA-2017-152730,$47
CA-2017-152730,Paper,*,CA-2017-152730,$674
CA-2017-152730,Phones,*,CA-2017-152730,$126
CA-2017-152730,Storage,*,CA-2017-152730,$50
CA-2017-152765,Paper,*,CA-2017-152765,$173
CA-2017-152800,Envelopes,*,CA-2017-152800,$6
CA-2017-152814,Paper,*,CA-2017-152814,$29
CA-2017-152940,Storage,*,CA-2017-152940,$30
CA-2017-153101,Tables,*,CA-2017-153101,$146
CA-2017-153157,Phones,*,CA-2017-153157,$225
CA-2017-153178,Binders,*,CA-2017-153178,$674
CA-2017-153178,Phones,*,CA-2017-153178,$438
CA-2017-153185,Paper,*,CA-2017-153185,$31
CA-2017-153269,Binders,*,CA-2017-153269,$52
CA-2017-153269,Chairs,*,CA-2017-153269,$355
CA-2017-153269,Paper,*,CA-2017-153269,$18
CA-2017-153269,Storage,*,CA-2017-153269,$11
CA-2017-153318,Phones,*,CA-2017-153318,$784
CA-2017-153346,Art,*,CA-2017-153346,$9
CA-2017-153346,Paper,*,CA-2017-153346,$18
CA-2017-153353,Phones,*,CA-2017-153353,$40
CA-2017-153577,Chairs,*,CA-2017-153577,$540
CA-2017-153577,Paper,*,CA-2017-153577,$37
CA-2017-153598,Accessories,*,CA-2017-153598,"$1,650"
CA-2017-153598,Furnishings,*,CA-2017-153598,$112
CA-2017-153661,Binders,*,CA-2017-153661,$51
CA-2017-153661,Labels,*,CA-2017-153661,$26
CA-2017-153661,Storage,*,CA-2017-153661,$305
CA-2017-153682,Copiers,*,CA-2017-153682,$840
CA-2017-153836,Art,*,CA-2017-153836,$115
CA-2017-153836,Binders,*,CA-2017-153836,$29
CA-2017-154018,Accessories,*,CA-2017-154018,$192
CA-2017-154018,Art,*,CA-2017-154018,$16
CA-2017-154018,Binders,*,CA-2017-154018,$6
CA-2017-154018,Furnishings,*,CA-2017-154018,$140
CA-2017-154018,Paper,*,CA-2017-154018,$8
CA-2017-154053,Art,*,CA-2017-154053,$17
CA-2017-154060,Chairs,*,CA-2017-154060,$187
CA-2017-154067,Paper,*,CA-2017-154067,$106
CA-2017-154081,Phones,*,CA-2017-154081,$222
CA-2017-154235,Furnishings,*,CA-2017-154235,$128
CA-2017-154403,Paper,*,CA-2017-154403,$5
CA-2017-154508,Envelopes,*,CA-2017-154508,$28
CA-2017-154536,Binders,*,CA-2017-154536,$10
CA-2017-154662,Tables,*,CA-2017-154662,$693
CA-2017-154690,Chairs,*,CA-2017-154690,$225
CA-2017-154711,Art,*,CA-2017-154711,$21
CA-2017-154711,Binders,*,CA-2017-154711,$12
CA-2017-154711,Furnishings,*,CA-2017-154711,$40
CA-2017-154739,Chairs,*,CA-2017-154739,$322
CA-2017-154767,Appliances,*,CA-2017-154767,$284
CA-2017-154767,Binders,*,CA-2017-154767,$8
CA-2017-154767,Chairs,*,CA-2017-154767,$122
CA-2017-154767,Paper,*,CA-2017-154767,$62
CA-2017-154788,Binders,*,CA-2017-154788,$8
CA-2017-154998,Paper,*,CA-2017-154998,$38
CA-2017-155005,Phones,*,CA-2017-155005,$378
CA-2017-155033,Paper,*,CA-2017-155033,$11
CA-2017-155138,Accessories,*,CA-2017-155138,$35
CA-2017-155138,Paper,*,CA-2017-155138,$65
CA-2017-155166,Appliances,*,CA-2017-155166,$26
CA-2017-155166,Chairs,*,CA-2017-155166,$213
CA-2017-155187,Paper,*,CA-2017-155187,$42
CA-2017-155187,Storage,*,CA-2017-155187,$42
CA-2017-155383,Storage,*,CA-2017-155383,$47
CA-2017-155439,Paper,*,CA-2017-155439,$26
CA-2017-155446,Accessories,*,CA-2017-155446,$21
CA-2017-155474,Binders,*,CA-2017-155474,$19
CA-2017-155474,Phones,*,CA-2017-155474,$108
CA-2017-155481,Fasteners,*,CA-2017-155481,$17
CA-2017-155481,Paper,*,CA-2017-155481,$30
CA-2017-155481,Phones,*,CA-2017-155481,$24
CA-2017-155488,Art,*,CA-2017-155488,$44
CA-2017-155516,Binders,*,CA-2017-155516,$23
CA-2017-155516,Bookcases,*,CA-2017-155516,"$1,044"
CA-2017-155516,Storage,*,CA-2017-155516,$105
CA-2017-155516,Supplies,*,CA-2017-155516,$7
CA-2017-155530,Tables,*,CA-2017-155530,"$2,004"
CA-2017-155551,Paper,*,CA-2017-155551,$10
CA-2017-155551,Storage,*,CA-2017-155551,$230
CA-2017-155565,Supplies,*,CA-2017-155565,$55
CA-2017-155670,Binders,*,CA-2017-155670,$11
CA-2017-155670,Paper,*,CA-2017-155670,$10
CA-2017-155747,Tables,*,CA-2017-155747,$337
CA-2017-155845,Accessories,*,CA-2017-155845,"$1,400"
CA-2017-155978,Appliances,*,CA-2017-155978,$46
CA-2017-155978,Phones,*,CA-2017-155978,"$1,040"
CA-2017-155992,Furnishings,*,CA-2017-155992,$42
CA-2017-155992,Phones,*,CA-2017-155992,$70
CA-2017-156139,Binders,*,CA-2017-156139,$38
CA-2017-156251,Binders,*,CA-2017-156251,$9
CA-2017-156251,Bookcases,*,CA-2017-156251,$242
CA-2017-156265,Binders,*,CA-2017-156265,$13
CA-2017-156265,Phones,*,CA-2017-156265,$334
CA-2017-156265,Tables,*,CA-2017-156265,$136
CA-2017-156300,Chairs,*,CA-2017-156300,$754
CA-2017-156503,Accessories,*,CA-2017-156503,$23
CA-2017-156503,Chairs,*,CA-2017-156503,$103
CA-2017-156503,Envelopes,*,CA-2017-156503,$35
CA-2017-156503,Paper,*,CA-2017-156503,$132
CA-2017-156503,Supplies,*,CA-2017-156503,$13
CA-2017-156573,Art,*,CA-2017-156573,$4
CA-2017-156573,Binders,*,CA-2017-156573,$11
CA-2017-156573,Furnishings,*,CA-2017-156573,$45
CA-2017-156685,Art,*,CA-2017-156685,$48
CA-2017-156685,Phones,*,CA-2017-156685,$864
CA-2017-156748,Chairs,*,CA-2017-156748,$390
CA-2017-156748,Paper,*,CA-2017-156748,$47
CA-2017-156748,Storage,*,CA-2017-156748,$497
CA-2017-156811,Appliances,*,CA-2017-156811,$44
CA-2017-156811,Binders,*,CA-2017-156811,$25
CA-2017-157000,Paper,*,CA-2017-157000,$20
CA-2017-157000,Storage,*,CA-2017-157000,$37
CA-2017-157161,Accessories,*,CA-2017-157161,$76
CA-2017-157161,Art,*,CA-2017-157161,$22
CA-2017-157161,Binders,*,CA-2017-157161,$31
CA-2017-157161,Envelopes,*,CA-2017-157161,$10
CA-2017-157161,Paper,*,CA-2017-157161,$60
CA-2017-157217,Accessories,*,CA-2017-157217,$390
CA-2017-157217,Phones,*,CA-2017-157217,$36
CA-2017-157245,Chairs,*,CA-2017-157245,$642
CA-2017-157259,Furnishings,*,CA-2017-157259,$800
CA-2017-157266,Binders,*,CA-2017-157266,$10
CA-2017-157266,Furnishings,*,CA-2017-157266,$41
CA-2017-157266,Paper,*,CA-2017-157266,$32
CA-2017-157280,Accessories,*,CA-2017-157280,$90
CA-2017-157280,Furnishings,*,CA-2017-157280,"$1,031"
CA-2017-157336,Binders,*,CA-2017-157336,$88
CA-2017-157336,Chairs,*,CA-2017-157336,$752
CA-2017-157364,Art,*,CA-2017-157364,$18
CA-2017-157511,Art,*,CA-2017-157511,$3
CA-2017-157511,Chairs,*,CA-2017-157511,$99
CA-2017-157511,Furnishings,*,CA-2017-157511,$5
CA-2017-157588,Binders,*,CA-2017-157588,$36
CA-2017-157588,Furnishings,*,CA-2017-157588,$52
CA-2017-157686,Chairs,*,CA-2017-157686,$195
CA-2017-157707,Bookcases,*,CA-2017-157707,$91
CA-2017-157707,Chairs,*,CA-2017-157707,$121
CA-2017-157707,Phones,*,CA-2017-157707,$16
CA-2017-157714,Paper,*,CA-2017-157714,$10
CA-2017-157742,Envelopes,*,CA-2017-157742,$28
CA-2017-157749,Art,*,CA-2017-157749,$7
CA-2017-157749,Furnishings,*,CA-2017-157749,$435
CA-2017-157749,Paper,*,CA-2017-157749,$26
CA-2017-157749,Phones,*,CA-2017-157749,$32
CA-2017-157749,Tables,*,CA-2017-157749,$177
CA-2017-157763,Chairs,*,CA-2017-157763,$141
CA-2017-157791,Copiers,*,CA-2017-157791,"$2,000"
CA-2017-157868,Fasteners,*,CA-2017-157868,$25
CA-2017-158001,Appliances,*,CA-2017-158001,"$1,041"
CA-2017-158001,Art,*,CA-2017-158001,$51
CA-2017-158043,Envelopes,*,CA-2017-158043,$23
CA-2017-158099,Binders,*,CA-2017-158099,"$1,141"
CA-2017-158099,Phones,*,CA-2017-158099,$281
CA-2017-158155,Binders,*,CA-2017-158155,$90
CA-2017-158155,Furnishings,*,CA-2017-158155,$227
CA-2017-158155,Paper,*,CA-2017-158155,$13
CA-2017-158211,Art,*,CA-2017-158211,$5
CA-2017-158211,Binders,*,CA-2017-158211,$105
CA-2017-158260,Machines,*,CA-2017-158260,$686
CA-2017-158302,Paper,*,CA-2017-158302,$11
CA-2017-158358,Accessories,*,CA-2017-158358,$160
CA-2017-158435,Furnishings,*,CA-2017-158435,$173
CA-2017-158435,Labels,*,CA-2017-158435,$15
CA-2017-158435,Supplies,*,CA-2017-158435,$65
CA-2017-158547,Appliances,*,CA-2017-158547,$124
CA-2017-158568,Accessories,*,CA-2017-158568,$96
CA-2017-158568,Binders,*,CA-2017-158568,$2
CA-2017-158568,Paper,*,CA-2017-158568,$65
CA-2017-158575,Appliances,*,CA-2017-158575,$104
CA-2017-158610,Storage,*,CA-2017-158610,$70
CA-2017-158617,Paper,*,CA-2017-158617,$36
CA-2017-158694,Appliances,*,CA-2017-158694,$130
CA-2017-158694,Art,*,CA-2017-158694,$15
CA-2017-158694,Binders,*,CA-2017-158694,$5
CA-2017-158694,Furnishings,*,CA-2017-158694,$467
CA-2017-158694,Paper,*,CA-2017-158694,$129
CA-2017-158694,Storage,*,CA-2017-158694,$721
CA-2017-158778,Art,*,CA-2017-158778,$8
CA-2017-158778,Chairs,*,CA-2017-158778,$959
CA-2017-158778,Furnishings,*,CA-2017-158778,$58
CA-2017-158806,Furnishings,*,CA-2017-158806,$23
CA-2017-158806,Paper,*,CA-2017-158806,$26
CA-2017-158834,Appliances,*,CA-2017-158834,$158
CA-2017-158834,Phones,*,CA-2017-158834,$203
CA-2017-158841,Binders,*,CA-2017-158841,$36
CA-2017-158841,Furnishings,*,CA-2017-158841,$19
CA-2017-158841,Machines,*,CA-2017-158841,"$8,750"
CA-2017-158869,Paper,*,CA-2017-158869,$71
CA-2017-158925,Paper,*,CA-2017-158925,$16
CA-2017-159009,Binders,*,CA-2017-159009,$13
CA-2017-159009,Chairs,*,CA-2017-159009,$185
CA-2017-159016,Paper,*,CA-2017-159016,$15
CA-2017-159016,Phones,*,CA-2017-159016,"$4,159"
CA-2017-159023,Binders,*,CA-2017-159023,$4
CA-2017-159023,Machines,*,CA-2017-159023,$180
CA-2017-159142,Paper,*,CA-2017-159142,$28
CA-2017-159142,Phones,*,CA-2017-159142,$150
CA-2017-159212,Envelopes,*,CA-2017-159212,$252
CA-2017-159212,Phones,*,CA-2017-159212,$22
CA-2017-159345,Paper,*,CA-2017-159345,$112
CA-2017-159373,Binders,*,CA-2017-159373,$1
CA-2017-159373,Paper,*,CA-2017-159373,$70
CA-2017-159373,Tables,*,CA-2017-159373,$558
CA-2017-159639,Furnishings,*,CA-2017-159639,$32
CA-2017-159653,Labels,*,CA-2017-159653,$15
CA-2017-159695,Storage,*,CA-2017-159695,$158
CA-2017-159730,Chairs,*,CA-2017-159730,$114
CA-2017-159730,Phones,*,CA-2017-159730,$106
CA-2017-159737,Binders,*,CA-2017-159737,$9
CA-2017-159765,Art,*,CA-2017-159765,$28
CA-2017-159891,Binders,*,CA-2017-159891,"$1,271"
CA-2017-159891,Envelopes,*,CA-2017-159891,$125
CA-2017-159912,Binders,*,CA-2017-159912,$3
CA-2017-159912,Bookcases,*,CA-2017-159912,$164
CA-2017-159912,Fasteners,*,CA-2017-159912,$11
CA-2017-159912,Tables,*,CA-2017-159912,$242
CA-2017-159940,Chairs,*,CA-2017-159940,$253
CA-2017-159940,Fasteners,*,CA-2017-159940,$3
CA-2017-159940,Furnishings,*,CA-2017-159940,$60
CA-2017-159940,Paper,*,CA-2017-159940,$24
CA-2017-159989,Phones,*,CA-2017-159989,$41
CA-2017-160108,Bookcases,*,CA-2017-160108,$406
CA-2017-160108,Chairs,*,CA-2017-160108,$680
CA-2017-160129,Fasteners,*,CA-2017-160129,$16
CA-2017-160129,Furnishings,*,CA-2017-160129,$85
CA-2017-160136,Paper,*,CA-2017-160136,$9
CA-2017-160220,Phones,*,CA-2017-160220,$318
CA-2017-160220,Storage,*,CA-2017-160220,$21
CA-2017-160234,Phones,*,CA-2017-160234,$136
CA-2017-160241,Furnishings,*,CA-2017-160241,$242
CA-2017-160304,Bookcases,*,CA-2017-160304,$174
CA-2017-160304,Phones,*,CA-2017-160304,$232
CA-2017-160395,Art,*,CA-2017-160395,$4
CA-2017-160395,Binders,*,CA-2017-160395,$160
CA-2017-160479,Art,*,CA-2017-160479,$35
CA-2017-160486,Paper,*,CA-2017-160486,$72
CA-2017-160500,Binders,*,CA-2017-160500,$7
CA-2017-160500,Tables,*,CA-2017-160500,$299
CA-2017-160535,Machines,*,CA-2017-160535,$320
CA-2017-160535,Storage,*,CA-2017-160535,$563
CA-2017-160598,Paper,*,CA-2017-160598,$31
CA-2017-160717,Accessories,*,CA-2017-160717,$27
CA-2017-160717,Phones,*,CA-2017-160717,"$3,502"
CA-2017-160745,Accessories,*,CA-2017-160745,$316
CA-2017-160745,Furnishings,*,CA-2017-160745,$15
CA-2017-160745,Phones,*,CA-2017-160745,$302
CA-2017-160815,Phones,*,CA-2017-160815,$278
CA-2017-160941,Envelopes,*,CA-2017-160941,$420
CA-2017-160941,Labels,*,CA-2017-160941,$3
CA-2017-161025,Storage,*,CA-2017-161025,$773
CA-2017-161095,Binders,*,CA-2017-161095,$41
CA-2017-161158,Art,*,CA-2017-161158,$8
CA-2017-161207,Supplies,*,CA-2017-161207,$28
CA-2017-161361,Binders,*,CA-2017-161361,$17
CA-2017-161361,Paper,*,CA-2017-161361,$18
CA-2017-161389,Binders,*,CA-2017-161389,$408
CA-2017-161473,Binders,*,CA-2017-161473,$14
CA-2017-161473,Labels,*,CA-2017-161473,$21
CA-2017-161473,Supplies,*,CA-2017-161473,$11
CA-2017-161543,Paper,*,CA-2017-161543,$12
CA-2017-161662,Paper,*,CA-2017-161662,$30
CA-2017-161669,Binders,*,CA-2017-161669,$64
CA-2017-161669,Labels,*,CA-2017-161669,$15
CA-2017-161669,Supplies,*,CA-2017-161669,$11
CA-2017-161676,Supplies,*,CA-2017-161676,$34
CA-2017-161746,Art,*,CA-2017-161746,$12
CA-2017-161746,Chairs,*,CA-2017-161746,$242
CA-2017-161746,Furnishings,*,CA-2017-161746,$20
CA-2017-161746,Storage,*,CA-2017-161746,$341
CA-2017-161781,Art,*,CA-2017-161781,$41
CA-2017-161816,Labels,*,CA-2017-161816,$16
CA-2017-161816,Phones,*,CA-2017-161816,$370
CA-2017-161907,Phones,*,CA-2017-161907,$119
CA-2017-161907,Supplies,*,CA-2017-161907,$769
CA-2017-161928,Phones,*,CA-2017-161928,$202
CA-2017-162082,Art,*,CA-2017-162082,$146
CA-2017-162082,Bookcases,*,CA-2017-162082,$241
CA-2017-162082,Paper,*,CA-2017-162082,$5
CA-2017-162110,Phones,*,CA-2017-162110,$56
CA-2017-162138,Accessories,*,CA-2017-162138,$100
CA-2017-162138,Binders,*,CA-2017-162138,$252
CA-2017-162159,Chairs,*,CA-2017-162159,$122
CA-2017-162187,Appliances,*,CA-2017-162187,$387
CA-2017-162187,Chairs,*,CA-2017-162187,$458
CA-2017-162187,Storage,*,CA-2017-162187,$65
CA-2017-162187,Supplies,*,CA-2017-162187,$14
CA-2017-162187,Tables,*,CA-2017-162187,$329
CA-2017-162222,Paper,*,CA-2017-162222,$10
CA-2017-162236,Storage,*,CA-2017-162236,$45
CA-2017-162236,Supplies,*,CA-2017-162236,$185
CA-2017-162236,Tables,*,CA-2017-162236,$876
CA-2017-162313,Appliances,*,CA-2017-162313,$167
CA-2017-162348,Furnishings,*,CA-2017-162348,$10
CA-2017-162355,Art,*,CA-2017-162355,$36
CA-2017-162355,Bookcases,*,CA-2017-162355,"$1,267"
CA-2017-162383,Binders,*,CA-2017-162383,$18
CA-2017-162383,Chairs,*,CA-2017-162383,$85
CA-2017-162390,Binders,*,CA-2017-162390,"$1,191"
CA-2017-162390,Copiers,*,CA-2017-162390,$480
CA-2017-162404,Binders,*,CA-2017-162404,$11
CA-2017-162614,Binders,*,CA-2017-162614,$27
CA-2017-162726,Paper,*,CA-2017-162726,$34
CA-2017-162733,Paper,*,CA-2017-162733,$6
CA-2017-162747,Furnishings,*,CA-2017-162747,$86
CA-2017-162901,Storage,*,CA-2017-162901,$31
CA-2017-162943,Chairs,*,CA-2017-162943,$254
CA-2017-163048,Chairs,*,CA-2017-163048,$242
CA-2017-163153,Art,*,CA-2017-163153,$1
CA-2017-163153,Tables,*,CA-2017-163153,$99
CA-2017-163167,Accessories,*,CA-2017-163167,$102
CA-2017-163167,Chairs,*,CA-2017-163167,$183
CA-2017-163167,Storage,*,CA-2017-163167,"$2,389"
CA-2017-163174,Furnishings,*,CA-2017-163174,$187
CA-2017-163202,Binders,*,CA-2017-163202,$3
CA-2017-163216,Labels,*,CA-2017-163216,$5
CA-2017-163328,Chairs,*,CA-2017-163328,$755
CA-2017-163328,Labels,*,CA-2017-163328,$629
CA-2017-163328,Paper,*,CA-2017-163328,$63
CA-2017-163328,Supplies,*,CA-2017-163328,$18
CA-2017-163384,Binders,*,CA-2017-163384,$13
CA-2017-163384,Paper,*,CA-2017-163384,$32
CA-2017-163398,Appliances,*,CA-2017-163398,$26
CA-2017-163398,Art,*,CA-2017-163398,$27
CA-2017-163398,Binders,*,CA-2017-163398,$2
CA-2017-163573,Binders,*,CA-2017-163573,"$1,220"
CA-2017-163594,Binders,*,CA-2017-163594,$37
CA-2017-163594,Chairs,*,CA-2017-163594,$194
CA-2017-163594,Paper,*,CA-2017-163594,$19
CA-2017-163636,Art,*,CA-2017-163636,$4
CA-2017-163755,Furnishings,*,CA-2017-163755,$210
CA-2017-163776,Binders,*,CA-2017-163776,$86
CA-2017-163776,Bookcases,*,CA-2017-163776,$505
CA-2017-163776,Furnishings,*,CA-2017-163776,$186
CA-2017-163776,Paper,*,CA-2017-163776,$246
CA-2017-163776,Storage,*,CA-2017-163776,$88
CA-2017-163804,Furnishings,*,CA-2017-163804,$72
CA-2017-163804,Phones,*,CA-2017-163804,$630
CA-2017-163804,Storage,*,CA-2017-163804,"$2,079"
CA-2017-163937,Furnishings,*,CA-2017-163937,$25
CA-2017-163951,Art,*,CA-2017-163951,$17
CA-2017-163972,Bookcases,*,CA-2017-163972,$121
CA-2017-163986,Storage,*,CA-2017-163986,$55
CA-2017-164035,Paper,*,CA-2017-164035,$23
CA-2017-164091,Furnishings,*,CA-2017-164091,$109
CA-2017-164091,Phones,*,CA-2017-164091,$438
CA-2017-164154,Binders,*,CA-2017-164154,$22
CA-2017-164154,Storage,*,CA-2017-164154,$38
CA-2017-164350,Art,*,CA-2017-164350,$68
CA-2017-164399,Phones,*,CA-2017-164399,$204
CA-2017-164399,Tables,*,CA-2017-164399,$674
CA-2017-164483,Binders,*,CA-2017-164483,$17
CA-2017-164490,Paper,*,CA-2017-164490,$9
CA-2017-164511,Binders,*,CA-2017-164511,$14
CA-2017-164511,Storage,*,CA-2017-164511,$134
CA-2017-164574,Binders,*,CA-2017-164574,$27
CA-2017-164574,Storage,*,CA-2017-164574,$705
CA-2017-164637,Binders,*,CA-2017-164637,$128
CA-2017-164672,Furnishings,*,CA-2017-164672,$212
CA-2017-164735,Storage,*,CA-2017-164735,$81
CA-2017-164770,Bookcases,*,CA-2017-164770,$782
CA-2017-164770,Paper,*,CA-2017-164770,$31
CA-2017-164784,Binders,*,CA-2017-164784,$3
CA-2017-164784,Labels,*,CA-2017-164784,$4
CA-2017-164784,Tables,*,CA-2017-164784,$371
CA-2017-164889,Tables,*,CA-2017-164889,$71
CA-2017-164896,Paper,*,CA-2017-164896,$13
CA-2017-164924,Machines,*,CA-2017-164924,$342
CA-2017-164938,Phones,*,CA-2017-164938,$70
CA-2017-165015,Envelopes,*,CA-2017-165015,$47
CA-2017-165148,Furnishings,*,CA-2017-165148,$31
CA-2017-165169,Art,*,CA-2017-165169,$11
CA-2017-165169,Labels,*,CA-2017-165169,$15
CA-2017-165169,Storage,*,CA-2017-165169,$360
CA-2017-165218,Envelopes,*,CA-2017-165218,$149
CA-2017-165218,Storage,*,CA-2017-165218,$13
CA-2017-165316,Appliances,*,CA-2017-165316,$24
CA-2017-165316,Art,*,CA-2017-165316,$35
CA-2017-165316,Machines,*,CA-2017-165316,$265
CA-2017-165330,Accessories,*,CA-2017-165330,$120
CA-2017-165330,Appliances,*,CA-2017-165330,$83
CA-2017-165330,Art,*,CA-2017-165330,$23
CA-2017-165330,Binders,*,CA-2017-165330,$374
CA-2017-165330,Chairs,*,CA-2017-165330,$364
CA-2017-165330,Paper,*,CA-2017-165330,$31
CA-2017-165330,Storage,*,CA-2017-165330,$50
CA-2017-165330,Tables,*,CA-2017-165330,$892
CA-2017-165470,Paper,*,CA-2017-165470,$5
CA-2017-165484,Furnishings,*,CA-2017-165484,$16
CA-2017-165484,Paper,*,CA-2017-165484,$55
CA-2017-165561,Supplies,*,CA-2017-165561,$25
CA-2017-165673,Paper,*,CA-2017-165673,$15
CA-2017-165820,Paper,*,CA-2017-165820,$13
CA-2017-165827,Furnishings,*,CA-2017-165827,$50
CA-2017-165848,Bookcases,*,CA-2017-165848,$137
CA-2017-165848,Furnishings,*,CA-2017-165848,$61
CA-2017-165848,Machines,*,CA-2017-165848,"$1,350"
CA-2017-165848,Paper,*,CA-2017-165848,$15
CA-2017-165918,Binders,*,CA-2017-165918,$54
CA-2017-165918,Labels,*,CA-2017-165918,$7
CA-2017-165918,Paper,*,CA-2017-165918,$82
CA-2017-165995,Furnishings,*,CA-2017-165995,$47
CA-2017-165995,Phones,*,CA-2017-165995,$340
CA-2017-166163,Labels,*,CA-2017-166163,$3
CA-2017-166163,Phones,*,CA-2017-166163,$72
CA-2017-166226,Appliances,*,CA-2017-166226,$68
CA-2017-166226,Phones,*,CA-2017-166226,$61
CA-2017-166240,Appliances,*,CA-2017-166240,$9
CA-2017-166275,Accessories,*,CA-2017-166275,$200
CA-2017-166282,Accessories,*,CA-2017-166282,$35
CA-2017-166282,Paper,*,CA-2017-166282,$123
CA-2017-166373,Accessories,*,CA-2017-166373,$106
CA-2017-166380,Accessories,*,CA-2017-166380,$112
CA-2017-166380,Envelopes,*,CA-2017-166380,$27
CA-2017-166429,Copiers,*,CA-2017-166429,"$1,000"
CA-2017-166443,Furnishings,*,CA-2017-166443,$38
CA-2017-166485,Paper,*,CA-2017-166485,$16
CA-2017-166618,Art,*,CA-2017-166618,$24
CA-2017-166618,Phones,*,CA-2017-166618,$14
CA-2017-166625,Binders,*,CA-2017-166625,$25
CA-2017-166653,Envelopes,*,CA-2017-166653,$64
CA-2017-166674,Art,*,CA-2017-166674,$364
CA-2017-166674,Phones,*,CA-2017-166674,$35
CA-2017-166674,Storage,*,CA-2017-166674,$162
CA-2017-166772,Bookcases,*,CA-2017-166772,$164
CA-2017-166912,Paper,*,CA-2017-166912,$82
CA-2017-167115,Binders,*,CA-2017-167115,$589
CA-2017-167241,Furnishings,*,CA-2017-167241,$312
CA-2017-167241,Paper,*,CA-2017-167241,$38
CA-2017-167241,Phones,*,CA-2017-167241,$166
CA-2017-167241,Storage,*,CA-2017-167241,$18
CA-2017-167290,Art,*,CA-2017-167290,$12
CA-2017-167416,Envelopes,*,CA-2017-167416,$55
CA-2017-167507,Binders,*,CA-2017-167507,$31
CA-2017-167507,Furnishings,*,CA-2017-167507,$35
CA-2017-167556,Binders,*,CA-2017-167556,$71
CA-2017-167556,Furnishings,*,CA-2017-167556,$414
CA-2017-167556,Paper,*,CA-2017-167556,$13
CA-2017-167584,Paper,*,CA-2017-167584,$6
CA-2017-167605,Furnishings,*,CA-2017-167605,$30
CA-2017-167682,Furnishings,*,CA-2017-167682,$71
CA-2017-167682,Phones,*,CA-2017-167682,$260
CA-2017-167759,Phones,*,CA-2017-167759,$135
CA-2017-167983,Binders,*,CA-2017-167983,$33
CA-2017-168032,Binders,*,CA-2017-168032,$2
CA-2017-168032,Phones,*,CA-2017-168032,"$1,440"
CA-2017-168032,Tables,*,CA-2017-168032,$626
CA-2017-168046,Binders,*,CA-2017-168046,$43
CA-2017-168046,Furnishings,*,CA-2017-168046,$46
CA-2017-168046,Storage,*,CA-2017-168046,$429
CA-2017-168046,Tables,*,CA-2017-168046,$314
CA-2017-168081,Accessories,*,CA-2017-168081,$259
CA-2017-168354,Binders,*,CA-2017-168354,$50
CA-2017-168354,Chairs,*,CA-2017-168354,$872
CA-2017-168354,Paper,*,CA-2017-168354,$17
CA-2017-168354,Storage,*,CA-2017-168354,"$1,606"
CA-2017-168361,Binders,*,CA-2017-168361,$1
CA-2017-168536,Accessories,*,CA-2017-168536,$66
CA-2017-168543,Appliances,*,CA-2017-168543,$707
CA-2017-168557,Binders,*,CA-2017-168557,$9
CA-2017-168753,Binders,*,CA-2017-168753,$23
CA-2017-168753,Phones,*,CA-2017-168753,$980
CA-2017-168774,Storage,*,CA-2017-168774,$535
CA-2017-168830,Accessories,*,CA-2017-168830,$480
CA-2017-168844,Binders,*,CA-2017-168844,$7
CA-2017-168844,Phones,*,CA-2017-168844,$180
CA-2017-168893,Art,*,CA-2017-168893,$17
CA-2017-168893,Fasteners,*,CA-2017-168893,$20
CA-2017-168893,Furnishings,*,CA-2017-168893,$24
CA-2017-168893,Tables,*,CA-2017-168893,$843
CA-2017-168921,Binders,*,CA-2017-168921,$19
CA-2017-168956,Appliances,*,CA-2017-168956,$92
CA-2017-168956,Chairs,*,CA-2017-168956,$63
CA-2017-168956,Fasteners,*,CA-2017-168956,$7
CA-2017-168956,Paper,*,CA-2017-168956,$5
CA-2017-169026,Fasteners,*,CA-2017-169026,$23
CA-2017-169103,Furnishings,*,CA-2017-169103,$102
CA-2017-169103,Phones,*,CA-2017-169103,"$1,364"
CA-2017-169166,Accessories,*,CA-2017-169166,$94
CA-2017-169194,Accessories,*,CA-2017-169194,$45
CA-2017-169194,Phones,*,CA-2017-169194,$22
CA-2017-169215,Fasteners,*,CA-2017-169215,$30
CA-2017-169334,Storage,*,CA-2017-169334,$112
CA-2017-169663,Accessories,*,CA-2017-169663,$27
CA-2017-169663,Machines,*,CA-2017-169663,"$3,358"
CA-2017-169670,Chairs,*,CA-2017-169670,"$2,563"
CA-2017-169824,Art,*,CA-2017-169824,$11
CA-2017-169824,Furnishings,*,CA-2017-169824,$60
CA-2017-169824,Supplies,*,CA-2017-169824,$36
CA-2017-169838,Accessories,*,CA-2017-169838,$160
CA-2017-169838,Binders,*,CA-2017-169838,$17
CA-2017-169838,Tables,*,CA-2017-169838,"$1,569"
CA-2017-169887,Art,*,CA-2017-169887,$8
CA-2017-169887,Furnishings,*,CA-2017-169887,$102
CA-2017-169887,Paper,*,CA-2017-169887,$7
CA-2017-169922,Binders,*,CA-2017-169922,$10
CA-2017-169922,Furnishings,*,CA-2017-169922,$13
CA-2017-169943,Appliances,*,CA-2017-169943,$243
CA-2017-169943,Binders,*,CA-2017-169943,$48
CA-2017-169943,Furnishings,*,CA-2017-169943,$76
CA-2017-169943,Storage,*,CA-2017-169943,$455
CA-2017-169957,Accessories,*,CA-2017-169957,$100
CA-2017-169957,Appliances,*,CA-2017-169957,$237
CA-2017-169957,Paper,*,CA-2017-169957,$30
CA-2017-169971,Art,*,CA-2017-169971,$66
CA-2018-100013,Art,*,CA-2018-100013,$6
CA-2018-100013,Envelopes,*,CA-2018-100013,$15
CA-2018-100013,Furnishings,*,CA-2018-100013,$9
CA-2018-100055,Appliances,*,CA-2018-100055,$125
CA-2018-100055,Furnishings,*,CA-2018-100055,$27
CA-2018-100097,Furnishings,*,CA-2018-100097,$135
CA-2018-100097,Phones,*,CA-2018-100097,$980
CA-2018-100111,Accessories,*,CA-2018-100111,$345
CA-2018-100111,Binders,*,CA-2018-100111,$12
CA-2018-100111,Chairs,*,CA-2018-100111,"$5,496"
CA-2018-100111,Fasteners,*,CA-2018-100111,$4
CA-2018-100111,Paper,*,CA-2018-100111,$52
CA-2018-100111,Phones,*,CA-2018-100111,"$1,405"
CA-2018-100111,Storage,*,CA-2018-100111,$45
CA-2018-100160,Envelopes,*,CA-2018-100160,$5
CA-2018-100160,Labels,*,CA-2018-100160,$29
CA-2018-100160,Paper,*,CA-2018-100160,$16
CA-2018-100223,Binders,*,CA-2018-100223,$18
CA-2018-100223,Furnishings,*,CA-2018-100223,$332
CA-2018-100223,Paper,*,CA-2018-100223,$47
CA-2018-100230,Binders,*,CA-2018-100230,$15
CA-2018-100230,Paper,*,CA-2018-100230,$18
CA-2018-100230,Phones,*,CA-2018-100230,$117
CA-2018-100237,Art,*,CA-2018-100237,$12
CA-2018-100314,Envelopes,*,CA-2018-100314,$28
CA-2018-100314,Labels,*,CA-2018-100314,$8
CA-2018-100314,Machines,*,CA-2018-100314,$337
CA-2018-100335,Paper,*,CA-2018-100335,$73
CA-2018-100356,Appliances,*,CA-2018-100356,$24
CA-2018-100384,Art,*,CA-2018-100384,$421
CA-2018-100412,Chairs,*,CA-2018-100412,$142
CA-2018-100426,Paper,*,CA-2018-100426,$12
CA-2018-100433,Paper,*,CA-2018-100433,$26
CA-2018-100524,Furnishings,*,CA-2018-100524,$30
CA-2018-100524,Paper,*,CA-2018-100524,$75
CA-2018-100524,Phones,*,CA-2018-100524,$678
CA-2018-100580,Binders,*,CA-2018-100580,$36
CA-2018-100601,Storage,*,CA-2018-100601,$49
CA-2018-100615,Art,*,CA-2018-100615,$16
CA-2018-100615,Chairs,*,CA-2018-100615,$317
CA-2018-100615,Furnishings,*,CA-2018-100615,$15
CA-2018-100622,Art,*,CA-2018-100622,$56
CA-2018-100622,Binders,*,CA-2018-100622,$4
CA-2018-100622,Copiers,*,CA-2018-100622,$960
CA-2018-100622,Paper,*,CA-2018-100622,$11
CA-2018-100636,Storage,*,CA-2018-100636,$273
CA-2018-100650,Storage,*,CA-2018-100650,"$1,296"
CA-2018-100748,Labels,*,CA-2018-100748,$58
CA-2018-100783,Art,*,CA-2018-100783,$30
CA-2018-100811,Paper,*,CA-2018-100811,$8
CA-2018-100811,Storage,*,CA-2018-100811,$39
CA-2018-100825,Storage,*,CA-2018-100825,$100
CA-2018-100902,Accessories,*,CA-2018-100902,$431
CA-2018-100902,Paper,*,CA-2018-100902,$268
CA-2018-100951,Storage,*,CA-2018-100951,$721
CA-2018-101014,Furnishings,*,CA-2018-101014,$148
CA-2018-101042,Binders,*,CA-2018-101042,$22
CA-2018-101042,Furnishings,*,CA-2018-101042,$822
CA-2018-101049,Binders,*,CA-2018-101049,$41
CA-2018-101049,Furnishings,*,CA-2018-101049,$18
CA-2018-101077,Paper,*,CA-2018-101077,$7
CA-2018-101182,Paper,*,CA-2018-101182,$13
CA-2018-101182,Phones,*,CA-2018-101182,$43
CA-2018-101210,Art,*,CA-2018-101210,$10
CA-2018-101210,Paper,*,CA-2018-101210,$3
CA-2018-101245,Accessories,*,CA-2018-101245,$166
CA-2018-101245,Paper,*,CA-2018-101245,$245
CA-2018-101273,Appliances,*,CA-2018-101273,$14
CA-2018-101308,Fasteners,*,CA-2018-101308,$9
CA-2018-101308,Phones,*,CA-2018-101308,$85
CA-2018-101322,Chairs,*,CA-2018-101322,$341
CA-2018-101434,Accessories,*,CA-2018-101434,$240
CA-2018-101434,Labels,*,CA-2018-101434,$10
CA-2018-101483,Appliances,*,CA-2018-101483,$35
CA-2018-101483,Art,*,CA-2018-101483,$4
CA-2018-101483,Phones,*,CA-2018-101483,$22
CA-2018-101574,Furnishings,*,CA-2018-101574,$9
CA-2018-101581,Tables,*,CA-2018-101581,$177
CA-2018-101637,Storage,*,CA-2018-101637,$13
CA-2018-101665,Art,*,CA-2018-101665,$5
CA-2018-101700,Envelopes,*,CA-2018-101700,$19
CA-2018-101700,Furnishings,*,CA-2018-101700,$12
CA-2018-101728,Binders,*,CA-2018-101728,$2
CA-2018-101749,Tables,*,CA-2018-101749,$171
CA-2018-101798,Accessories,*,CA-2018-101798,$40
CA-2018-101798,Binders,*,CA-2018-101798,$23
CA-2018-101805,Binders,*,CA-2018-101805,$16
CA-2018-101805,Furnishings,*,CA-2018-101805,$71
CA-2018-101805,Storage,*,CA-2018-101805,$541
CA-2018-101945,Fasteners,*,CA-2018-101945,$11
CA-2018-101959,Binders,*,CA-2018-101959,$10
CA-2018-101959,Paper,*,CA-2018-101959,$8
CA-2018-102099,Art,*,CA-2018-102099,$7
CA-2018-102099,Paper,*,CA-2018-102099,$45
CA-2018-102155,Paper,*,CA-2018-102155,$14
CA-2018-102155,Storage,*,CA-2018-102155,$360
CA-2018-102197,Binders,*,CA-2018-102197,$50
CA-2018-102197,Paper,*,CA-2018-102197,$314
CA-2018-102204,Chairs,*,CA-2018-102204,"$2,804"
CA-2018-102204,Supplies,*,CA-2018-102204,$3
CA-2018-102204,Tables,*,CA-2018-102204,$933
CA-2018-102218,Labels,*,CA-2018-102218,$12
CA-2018-102267,Fasteners,*,CA-2018-102267,$2
CA-2018-102309,Accessories,*,CA-2018-102309,$200
CA-2018-102309,Paper,*,CA-2018-102309,$13
CA-2018-102337,Chairs,*,CA-2018-102337,$470
CA-2018-102337,Phones,*,CA-2018-102337,$48
CA-2018-102337,Storage,*,CA-2018-102337,$165
CA-2018-102379,Art,*,CA-2018-102379,$180
CA-2018-102379,Chairs,*,CA-2018-102379,"$1,159"
CA-2018-102379,Phones,*,CA-2018-102379,$40
CA-2018-102407,Appliances,*,CA-2018-102407,$189
CA-2018-102407,Art,*,CA-2018-102407,$11
CA-2018-102407,Tables,*,CA-2018-102407,$896
CA-2018-102414,Binders,*,CA-2018-102414,$5
CA-2018-102414,Paper,*,CA-2018-102414,$16
CA-2018-102414,Phones,*,CA-2018-102414,$30
CA-2018-102519,Accessories,*,CA-2018-102519,$144
CA-2018-102519,Furnishings,*,CA-2018-102519,$47
CA-2018-102554,Art,*,CA-2018-102554,$4
CA-2018-102610,Accessories,*,CA-2018-102610,$96
CA-2018-102610,Binders,*,CA-2018-102610,$4
CA-2018-102610,Labels,*,CA-2018-102610,$5
CA-2018-102610,Phones,*,CA-2018-102610,$144
CA-2018-102659,Binders,*,CA-2018-102659,$55
CA-2018-102729,Storage,*,CA-2018-102729,$56
CA-2018-102736,Accessories,*,CA-2018-102736,$90
CA-2018-102736,Art,*,CA-2018-102736,$72
CA-2018-102736,Paper,*,CA-2018-102736,$16
CA-2018-102750,Tables,*,CA-2018-102750,"$1,322"
CA-2018-102771,Phones,*,CA-2018-102771,$85
CA-2018-102820,Phones,*,CA-2018-102820,$420
CA-2018-102834,Accessories,*,CA-2018-102834,$200
CA-2018-102925,Binders,*,CA-2018-102925,$176
CA-2018-102925,Chairs,*,CA-2018-102925,$128
CA-2018-102925,Furnishings,*,CA-2018-102925,$101
CA-2018-102925,Paper,*,CA-2018-102925,$124
CA-2018-102925,Phones,*,CA-2018-102925,$100
CA-2018-102925,Tables,*,CA-2018-102925,$167
CA-2018-102946,Binders,*,CA-2018-102946,$76
CA-2018-102967,Storage,*,CA-2018-102967,$67
CA-2018-102974,Accessories,*,CA-2018-102974,$150
CA-2018-102974,Art,*,CA-2018-102974,$40
CA-2018-103009,Paper,*,CA-2018-103009,$26
CA-2018-103065,Art,*,CA-2018-103065,$4
CA-2018-103065,Furnishings,*,CA-2018-103065,$44
CA-2018-103065,Paper,*,CA-2018-103065,$7
CA-2018-103065,Storage,*,CA-2018-103065,$5
CA-2018-103156,Furnishings,*,CA-2018-103156,$24
CA-2018-103212,Labels,*,CA-2018-103212,$11
CA-2018-103212,Paper,*,CA-2018-103212,$26
CA-2018-103212,Tables,*,CA-2018-103212,"$1,505"
CA-2018-103352,Art,*,CA-2018-103352,$7
CA-2018-103352,Binders,*,CA-2018-103352,$107
CA-2018-103380,Appliances,*,CA-2018-103380,$9
CA-2018-103380,Art,*,CA-2018-103380,$6
CA-2018-103380,Fasteners,*,CA-2018-103380,$9
CA-2018-103380,Phones,*,CA-2018-103380,$660
CA-2018-103380,Storage,*,CA-2018-103380,$57
CA-2018-103415,Furnishings,*,CA-2018-103415,$14
CA-2018-103443,Binders,*,CA-2018-103443,$25
CA-2018-103443,Furnishings,*,CA-2018-103443,$124
CA-2018-103443,Storage,*,CA-2018-103443,$167
CA-2018-103478,Binders,*,CA-2018-103478,$97
CA-2018-103499,Chairs,*,CA-2018-103499,$210
CA-2018-103506,Labels,*,CA-2018-103506,$41
CA-2018-103520,Paper,*,CA-2018-103520,$9
CA-2018-103611,Furnishings,*,CA-2018-103611,$8
CA-2018-103765,Appliances,*,CA-2018-103765,$14
CA-2018-103877,Binders,*,CA-2018-103877,"$1,578"
CA-2018-103968,Furnishings,*,CA-2018-103968,$630
CA-2018-104003,Bookcases,*,CA-2018-104003,$308
CA-2018-104010,Supplies,*,CA-2018-104010,$55
CA-2018-104024,Art,*,CA-2018-104024,$9
CA-2018-104066,Accessories,*,CA-2018-104066,$205
CA-2018-104080,Art,*,CA-2018-104080,$3
CA-2018-104080,Binders,*,CA-2018-104080,$171
CA-2018-104108,Art,*,CA-2018-104108,$12
CA-2018-104136,Paper,*,CA-2018-104136,$231
CA-2018-104220,Art,*,CA-2018-104220,$40
CA-2018-104220,Binders,*,CA-2018-104220,$58
CA-2018-104220,Furnishings,*,CA-2018-104220,$35
CA-2018-104220,Phones,*,CA-2018-104220,$207
CA-2018-104318,Appliances,*,CA-2018-104318,$21
CA-2018-104381,Binders,*,CA-2018-104381,$33
CA-2018-104388,Phones,*,CA-2018-104388,$80
CA-2018-104577,Paper,*,CA-2018-104577,$88
CA-2018-104619,Appliances,*,CA-2018-104619,$26
CA-2018-104619,Binders,*,CA-2018-104619,$277
CA-2018-104619,Phones,*,CA-2018-104619,$110
CA-2018-104640,Binders,*,CA-2018-104640,$931
CA-2018-104640,Phones,*,CA-2018-104640,$431
CA-2018-104647,Paper,*,CA-2018-104647,$37
CA-2018-104731,Art,*,CA-2018-104731,$122
CA-2018-104731,Binders,*,CA-2018-104731,$15
CA-2018-104731,Bookcases,*,CA-2018-104731,$303
CA-2018-104731,Furnishings,*,CA-2018-104731,$9
CA-2018-104731,Phones,*,CA-2018-104731,$272
CA-2018-104731,Supplies,*,CA-2018-104731,$232
CA-2018-104745,Paper,*,CA-2018-104745,$26
CA-2018-104745,Storage,*,CA-2018-104745,$53
CA-2018-104801,Accessories,*,CA-2018-104801,$800
CA-2018-104801,Art,*,CA-2018-104801,$7
CA-2018-104801,Furnishings,*,CA-2018-104801,$108
CA-2018-104822,Labels,*,CA-2018-104822,$25
CA-2018-104850,Chairs,*,CA-2018-104850,$291
CA-2018-104864,Appliances,*,CA-2018-104864,$389
CA-2018-104864,Binders,*,CA-2018-104864,$20
CA-2018-104864,Paper,*,CA-2018-104864,$62
CA-2018-104864,Storage,*,CA-2018-104864,$81
CA-2018-104885,Art,*,CA-2018-104885,$60
CA-2018-104885,Bookcases,*,CA-2018-104885,$442
CA-2018-104885,Envelopes,*,CA-2018-104885,$58
CA-2018-104885,Paper,*,CA-2018-104885,$68
CA-2018-104906,Paper,*,CA-2018-104906,$18
CA-2018-104913,Phones,*,CA-2018-104913,$75
CA-2018-104927,Binders,*,CA-2018-104927,$6
CA-2018-104927,Paper,*,CA-2018-104927,$102
CA-2018-105053,Binders,*,CA-2018-105053,$17
CA-2018-105074,Paper,*,CA-2018-105074,$22
CA-2018-105130,Art,*,CA-2018-105130,$12
CA-2018-105130,Binders,*,CA-2018-105130,$41
CA-2018-105144,Labels,*,CA-2018-105144,$24
CA-2018-105193,Art,*,CA-2018-105193,$11
CA-2018-105214,Chairs,*,CA-2018-105214,"$1,213"
CA-2018-105214,Paper,*,CA-2018-105214,$19
CA-2018-105235,Appliances,*,CA-2018-105235,$255
CA-2018-105235,Furnishings,*,CA-2018-105235,$80
CA-2018-105326,Paper,*,CA-2018-105326,$26
CA-2018-105333,Phones,*,CA-2018-105333,$546
CA-2018-105333,Storage,*,CA-2018-105333,$353
CA-2018-105410,Accessories,*,CA-2018-105410,$300
CA-2018-105410,Binders,*,CA-2018-105410,$20
CA-2018-105410,Phones,*,CA-2018-105410,$658
CA-2018-105445,Fasteners,*,CA-2018-105445,$9
CA-2018-105480,Binders,*,CA-2018-105480,$7
CA-2018-105480,Paper,*,CA-2018-105480,$6
CA-2018-105487,Accessories,*,CA-2018-105487,$276
CA-2018-105487,Phones,*,CA-2018-105487,$103
CA-2018-105487,Storage,*,CA-2018-105487,$41
CA-2018-105543,Storage,*,CA-2018-105543,$33
CA-2018-105620,Furnishings,*,CA-2018-105620,$21
CA-2018-105620,Machines,*,CA-2018-105620,$120
CA-2018-105669,Art,*,CA-2018-105669,$10
CA-2018-105669,Binders,*,CA-2018-105669,$6
CA-2018-105669,Chairs,*,CA-2018-105669,$318
CA-2018-105669,Phones,*,CA-2018-105669,"$1,416"
CA-2018-105809,Furnishings,*,CA-2018-105809,$22
CA-2018-105809,Phones,*,CA-2018-105809,$216
CA-2018-105823,Chairs,*,CA-2018-105823,$488
CA-2018-105851,Supplies,*,CA-2018-105851,"$1,332"
CA-2018-105886,Furnishings,*,CA-2018-105886,$19
CA-2018-105914,Binders,*,CA-2018-105914,$112
CA-2018-105914,Storage,*,CA-2018-105914,"$1,575"
CA-2018-105921,Tables,*,CA-2018-105921,$418
CA-2018-105991,Binders,*,CA-2018-105991,$10
CA-2018-105991,Bookcases,*,CA-2018-105991,$90
CA-2018-105991,Envelopes,*,CA-2018-105991,$21
CA-2018-106033,Art,*,CA-2018-106033,$88
CA-2018-106047,Paper,*,CA-2018-106047,$4
CA-2018-106068,Accessories,*,CA-2018-106068,$55
CA-2018-106068,Binders,*,CA-2018-106068,$10
CA-2018-106068,Storage,*,CA-2018-106068,$273
CA-2018-106103,Accessories,*,CA-2018-106103,$133
CA-2018-106180,Art,*,CA-2018-106180,$9
CA-2018-106180,Envelopes,*,CA-2018-106180,$11
CA-2018-106180,Paper,*,CA-2018-106180,$144
CA-2018-106355,Art,*,CA-2018-106355,$11
CA-2018-106432,Binders,*,CA-2018-106432,$2
CA-2018-106432,Bookcases,*,CA-2018-106432,$328
CA-2018-106537,Paper,*,CA-2018-106537,$21
CA-2018-106691,Binders,*,CA-2018-106691,$1
CA-2018-106747,Furnishings,*,CA-2018-106747,$102
CA-2018-106782,Storage,*,CA-2018-106782,$375
CA-2018-106824,Fasteners,*,CA-2018-106824,$6
CA-2018-106831,Binders,*,CA-2018-106831,$4
CA-2018-106831,Paper,*,CA-2018-106831,$28
CA-2018-106831,Phones,*,CA-2018-106831,$158
CA-2018-106852,Art,*,CA-2018-106852,$5
CA-2018-106852,Paper,*,CA-2018-106852,$31
CA-2018-106859,Accessories,*,CA-2018-106859,$215
CA-2018-106859,Paper,*,CA-2018-106859,$334
CA-2018-106859,Phones,*,CA-2018-106859,$141
CA-2018-106859,Storage,*,CA-2018-106859,$91
CA-2018-106943,Binders,*,CA-2018-106943,$9
CA-2018-106964,Binders,*,CA-2018-106964,$12
CA-2018-107125,Binders,*,CA-2018-107125,$117
CA-2018-107125,Furnishings,*,CA-2018-107125,$19
CA-2018-107132,Binders,*,CA-2018-107132,$102
CA-2018-107132,Paper,*,CA-2018-107132,$69
CA-2018-107132,Storage,*,CA-2018-107132,$714
CA-2018-107132,Supplies,*,CA-2018-107132,$28
CA-2018-107167,Storage,*,CA-2018-107167,"$1,348"
CA-2018-107174,Accessories,*,CA-2018-107174,$109
CA-2018-107174,Chairs,*,CA-2018-107174,$450
CA-2018-107174,Tables,*,CA-2018-107174,"$2,037"
CA-2018-107209,Chairs,*,CA-2018-107209,$195
CA-2018-107244,Furnishings,*,CA-2018-107244,$20
CA-2018-107265,Paper,*,CA-2018-107265,$106
CA-2018-107293,Art,*,CA-2018-107293,$3
CA-2018-107314,Furnishings,*,CA-2018-107314,$26
CA-2018-107321,Binders,*,CA-2018-107321,$7
CA-2018-107321,Phones,*,CA-2018-107321,$689
CA-2018-107342,Paper,*,CA-2018-107342,$28
CA-2018-107461,Binders,*,CA-2018-107461,$24
CA-2018-107503,Furnishings,*,CA-2018-107503,$49
CA-2018-107517,Appliances,*,CA-2018-107517,"$1,641"
CA-2018-107517,Phones,*,CA-2018-107517,$371
CA-2018-107552,Paper,*,CA-2018-107552,$7
CA-2018-107629,Accessories,*,CA-2018-107629,$39
CA-2018-107629,Art,*,CA-2018-107629,$95
CA-2018-107629,Furnishings,*,CA-2018-107629,$323
CA-2018-107713,Binders,*,CA-2018-107713,$174
CA-2018-107720,Storage,*,CA-2018-107720,$46
CA-2018-107727,Paper,*,CA-2018-107727,$29
CA-2018-107748,Paper,*,CA-2018-107748,$13
CA-2018-107748,Phones,*,CA-2018-107748,$96
CA-2018-107797,Paper,*,CA-2018-107797,$41
CA-2018-107825,Furnishings,*,CA-2018-107825,$6
CA-2018-107825,Labels,*,CA-2018-107825,$7
CA-2018-107825,Storage,*,CA-2018-107825,$130
CA-2018-107832,Binders,*,CA-2018-107832,$7
CA-2018-107853,Paper,*,CA-2018-107853,$13
CA-2018-107874,Furnishings,*,CA-2018-107874,$27
CA-2018-107909,Accessories,*,CA-2018-107909,$20
CA-2018-107909,Binders,*,CA-2018-107909,$23
CA-2018-107958,Binders,*,CA-2018-107958,$5
CA-2018-107958,Paper,*,CA-2018-107958,$164
CA-2018-107986,Storage,*,CA-2018-107986,$31
CA-2018-108000,Envelopes,*,CA-2018-108000,$10
CA-2018-108035,Chairs,*,CA-2018-108035,$390
CA-2018-108035,Furnishings,*,CA-2018-108035,$102
CA-2018-108070,Bookcases,*,CA-2018-108070,$103
CA-2018-108070,Storage,*,CA-2018-108070,$206
CA-2018-108091,Art,*,CA-2018-108091,$23
CA-2018-108112,Furnishings,*,CA-2018-108112,$559
CA-2018-108287,Art,*,CA-2018-108287,$13
CA-2018-108294,Binders,*,CA-2018-108294,$35
CA-2018-108322,Accessories,*,CA-2018-108322,$2
CA-2018-108322,Furnishings,*,CA-2018-108322,$24
CA-2018-108329,Phones,*,CA-2018-108329,$445
CA-2018-108441,Art,*,CA-2018-108441,$64
CA-2018-108441,Binders,*,CA-2018-108441,$13
CA-2018-108441,Chairs,*,CA-2018-108441,$858
CA-2018-108441,Paper,*,CA-2018-108441,$19
CA-2018-108539,Binders,*,CA-2018-108539,$19
CA-2018-108539,Storage,*,CA-2018-108539,$726
CA-2018-108553,Appliances,*,CA-2018-108553,$122
CA-2018-108553,Supplies,*,CA-2018-108553,$123
CA-2018-108560,Accessories,*,CA-2018-108560,$50
CA-2018-108560,Binders,*,CA-2018-108560,$23
CA-2018-108560,Furnishings,*,CA-2018-108560,$198
CA-2018-108560,Labels,*,CA-2018-108560,$786
CA-2018-108574,Accessories,*,CA-2018-108574,"$1,116"
CA-2018-108574,Phones,*,CA-2018-108574,$209
CA-2018-108749,Binders,*,CA-2018-108749,$46
CA-2018-108749,Paper,*,CA-2018-108749,$45
CA-2018-108756,Accessories,*,CA-2018-108756,$32
CA-2018-108791,Furnishings,*,CA-2018-108791,$15
CA-2018-108791,Phones,*,CA-2018-108791,$544
CA-2018-108854,Binders,*,CA-2018-108854,$113
CA-2018-108854,Paper,*,CA-2018-108854,$88
CA-2018-108854,Storage,*,CA-2018-108854,$43
CA-2018-108910,Furnishings,*,CA-2018-108910,$103
CA-2018-108931,Paper,*,CA-2018-108931,$20
CA-2018-109085,Binders,*,CA-2018-109085,$6
CA-2018-109085,Chairs,*,CA-2018-109085,$899
CA-2018-109085,Furnishings,*,CA-2018-109085,$30
CA-2018-109085,Phones,*,CA-2018-109085,$58
CA-2018-109085,Tables,*,CA-2018-109085,$456
CA-2018-109099,Paper,*,CA-2018-109099,$41
CA-2018-109183,Machines,*,CA-2018-109183,$649
CA-2018-109211,Envelopes,*,CA-2018-109211,$17
CA-2018-109393,Bookcases,*,CA-2018-109393,$436
CA-2018-109589,Accessories,*,CA-2018-109589,$71
CA-2018-109701,Appliances,*,CA-2018-109701,$79
CA-2018-109701,Art,*,CA-2018-109701,$10
CA-2018-109701,Binders,*,CA-2018-109701,$78
CA-2018-109701,Paper,*,CA-2018-109701,$11
CA-2018-109715,Paper,*,CA-2018-109715,$16
CA-2018-109750,Phones,*,CA-2018-109750,$30
CA-2018-109757,Art,*,CA-2018-109757,$8
CA-2018-109757,Binders,*,CA-2018-109757,$30
CA-2018-109757,Paper,*,CA-2018-109757,$12
CA-2018-109778,Art,*,CA-2018-109778,$3
CA-2018-109946,Art,*,CA-2018-109946,$17
CA-2018-109960,Accessories,*,CA-2018-109960,$105
CA-2018-109960,Art,*,CA-2018-109960,$35
CA-2018-109960,Binders,*,CA-2018-109960,$34
CA-2018-109960,Paper,*,CA-2018-109960,$15
CA-2018-110198,Bookcases,*,CA-2018-110198,$314
CA-2018-110198,Labels,*,CA-2018-110198,$5
CA-2018-110212,Accessories,*,CA-2018-110212,$49
CA-2018-110310,Art,*,CA-2018-110310,$7
CA-2018-110310,Binders,*,CA-2018-110310,$6
CA-2018-110310,Paper,*,CA-2018-110310,$57
CA-2018-110373,Art,*,CA-2018-110373,$7
CA-2018-110373,Phones,*,CA-2018-110373,$27
CA-2018-110380,Art,*,CA-2018-110380,$7
CA-2018-110429,Binders,*,CA-2018-110429,$12
CA-2018-110443,Binders,*,CA-2018-110443,$151
CA-2018-110443,Machines,*,CA-2018-110443,"$1,040"
CA-2018-110443,Paper,*,CA-2018-110443,$52
CA-2018-110478,Art,*,CA-2018-110478,$9
CA-2018-110478,Envelopes,*,CA-2018-110478,$15
CA-2018-110625,Furnishings,*,CA-2018-110625,$27
CA-2018-110821,Accessories,*,CA-2018-110821,$119
CA-2018-110821,Storage,*,CA-2018-110821,$118
CA-2018-110842,Appliances,*,CA-2018-110842,$11
CA-2018-110842,Binders,*,CA-2018-110842,$122
CA-2018-110842,Paper,*,CA-2018-110842,$19
CA-2018-110884,Binders,*,CA-2018-110884,$26
CA-2018-110884,Labels,*,CA-2018-110884,$92
CA-2018-110905,Accessories,*,CA-2018-110905,$410
CA-2018-110905,Appliances,*,CA-2018-110905,$58
CA-2018-110905,Binders,*,CA-2018-110905,$30
CA-2018-110905,Paper,*,CA-2018-110905,$25
CA-2018-110905,Storage,*,CA-2018-110905,$286
CA-2018-110926,Fasteners,*,CA-2018-110926,$25
CA-2018-110940,Art,*,CA-2018-110940,$122
CA-2018-111178,Art,*,CA-2018-111178,$20
CA-2018-111220,Appliances,*,CA-2018-111220,$6
CA-2018-111220,Fasteners,*,CA-2018-111220,$16
CA-2018-111220,Storage,*,CA-2018-111220,$236
CA-2018-111262,Accessories,*,CA-2018-111262,$50
CA-2018-111262,Paper,*,CA-2018-111262,$16
CA-2018-111269,Accessories,*,CA-2018-111269,$480
CA-2018-111269,Art,*,CA-2018-111269,$24
CA-2018-111332,Art,*,CA-2018-111332,$179
CA-2018-111332,Fasteners,*,CA-2018-111332,$7
CA-2018-111332,Storage,*,CA-2018-111332,$705
CA-2018-111374,Binders,*,CA-2018-111374,$5
CA-2018-111388,Chairs,*,CA-2018-111388,$216
CA-2018-111556,Art,*,CA-2018-111556,$69
CA-2018-111556,Bookcases,*,CA-2018-111556,$184
CA-2018-111556,Paper,*,CA-2018-111556,$47
CA-2018-111556,Phones,*,CA-2018-111556,"$1,260"
CA-2018-111577,Paper,*,CA-2018-111577,$308
CA-2018-111591,Binders,*,CA-2018-111591,$31
CA-2018-111591,Fasteners,*,CA-2018-111591,$13
CA-2018-111591,Furnishings,*,CA-2018-111591,$22
CA-2018-111591,Storage,*,CA-2018-111591,$359
CA-2018-111647,Phones,*,CA-2018-111647,$168
CA-2018-111689,Binders,*,CA-2018-111689,$68
CA-2018-111689,Chairs,*,CA-2018-111689,"$1,243"
CA-2018-111717,Chairs,*,CA-2018-111717,$239
CA-2018-111738,Art,*,CA-2018-111738,$9
CA-2018-111738,Binders,*,CA-2018-111738,"$2,022"
CA-2018-111759,Paper,*,CA-2018-111759,$53
CA-2018-111808,Binders,*,CA-2018-111808,$11
CA-2018-111815,Accessories,*,CA-2018-111815,$100
CA-2018-111815,Chairs,*,CA-2018-111815,$181
CA-2018-112004,Binders,*,CA-2018-112004,$9
CA-2018-112004,Supplies,*,CA-2018-112004,$191
CA-2018-112039,Phones,*,CA-2018-112039,$470
CA-2018-112172,Fasteners,*,CA-2018-112172,$14
CA-2018-112333,Appliances,*,CA-2018-112333,$42
CA-2018-112333,Storage,*,CA-2018-112333,"$2,592"
CA-2018-112431,Accessories,*,CA-2018-112431,$436
CA-2018-112431,Art,*,CA-2018-112431,$6
CA-2018-112473,Storage,*,CA-2018-112473,$50
CA-2018-112487,Binders,*,CA-2018-112487,$3
CA-2018-112515,Binders,*,CA-2018-112515,$48
CA-2018-112515,Bookcases,*,CA-2018-112515,"$1,293"
CA-2018-112515,Labels,*,CA-2018-112515,$14
CA-2018-112515,Paper,*,CA-2018-112515,$165
CA-2018-112515,Storage,*,CA-2018-112515,$262
CA-2018-112529,Art,*,CA-2018-112529,$32
CA-2018-112529,Tables,*,CA-2018-112529,$718
CA-2018-112536,Binders,*,CA-2018-112536,$9
CA-2018-112536,Storage,*,CA-2018-112536,$9
CA-2018-112725,Art,*,CA-2018-112725,$22
CA-2018-112725,Chairs,*,CA-2018-112725,$121
CA-2018-112753,Bookcases,*,CA-2018-112753,$918
CA-2018-112753,Paper,*,CA-2018-112753,$39
CA-2018-112774,Furnishings,*,CA-2018-112774,$35
CA-2018-112809,Binders,*,CA-2018-112809,$28
CA-2018-112809,Storage,*,CA-2018-112809,$200
CA-2018-112844,Furnishings,*,CA-2018-112844,$155
CA-2018-112844,Phones,*,CA-2018-112844,$44
CA-2018-112865,Accessories,*,CA-2018-112865,$36
CA-2018-112900,Binders,*,CA-2018-112900,$478
CA-2018-112956,Furnishings,*,CA-2018-112956,$117
CA-2018-112956,Paper,*,CA-2018-112956,$277
CA-2018-112984,Paper,*,CA-2018-112984,$21
CA-2018-113075,Accessories,*,CA-2018-113075,$41
CA-2018-113208,Furnishings,*,CA-2018-113208,$61
CA-2018-113278,Accessories,*,CA-2018-113278,$172
CA-2018-113278,Fasteners,*,CA-2018-113278,$3
CA-2018-113278,Furnishings,*,CA-2018-113278,$19
CA-2018-113278,Paper,*,CA-2018-113278,$11
CA-2018-113278,Phones,*,CA-2018-113278,$68
CA-2018-113278,Storage,*,CA-2018-113278,$86
CA-2018-113355,Chairs,*,CA-2018-113355,$317
CA-2018-113355,Phones,*,CA-2018-113355,$220
CA-2018-113418,Machines,*,CA-2018-113418,"$1,705"
CA-2018-113453,Phones,*,CA-2018-113453,$330
CA-2018-113453,Storage,*,CA-2018-113453,$71
CA-2018-113460,Chairs,*,CA-2018-113460,$273
CA-2018-113474,Envelopes,*,CA-2018-113474,$326
CA-2018-113481,Binders,*,CA-2018-113481,$45
CA-2018-113481,Machines,*,CA-2018-113481,$696
CA-2018-113530,Accessories,*,CA-2018-113530,$36
CA-2018-113530,Art,*,CA-2018-113530,$9
CA-2018-113530,Chairs,*,CA-2018-113530,$681
CA-2018-113558,Chairs,*,CA-2018-113558,$684
CA-2018-113558,Furnishings,*,CA-2018-113558,$46
CA-2018-113572,Accessories,*,CA-2018-113572,$8
CA-2018-113670,Paper,*,CA-2018-113670,$205
CA-2018-113670,Tables,*,CA-2018-113670,$510
CA-2018-113705,Binders,*,CA-2018-113705,$18
CA-2018-113705,Labels,*,CA-2018-113705,$8
CA-2018-113705,Paper,*,CA-2018-113705,$18
CA-2018-113705,Phones,*,CA-2018-113705,$206
CA-2018-113705,Storage,*,CA-2018-113705,$333
CA-2018-113705,Tables,*,CA-2018-113705,$292
CA-2018-113873,Bookcases,*,CA-2018-113873,$206
CA-2018-113873,Storage,*,CA-2018-113873,$62
CA-2018-113908,Machines,*,CA-2018-113908,$79
CA-2018-113908,Paper,*,CA-2018-113908,$45
CA-2018-113908,Tables,*,CA-2018-113908,$385
CA-2018-114055,Fasteners,*,CA-2018-114055,$4
CA-2018-114055,Paper,*,CA-2018-114055,$725
CA-2018-114055,Phones,*,CA-2018-114055,$90
CA-2018-114216,Paper,*,CA-2018-114216,$12
CA-2018-114258,Phones,*,CA-2018-114258,$493
CA-2018-114370,Phones,*,CA-2018-114370,$50
CA-2018-114412,Paper,*,CA-2018-114412,$16
CA-2018-114440,Paper,*,CA-2018-114440,$19
CA-2018-114524,Binders,*,CA-2018-114524,$13
CA-2018-114552,Furnishings,*,CA-2018-114552,$15
CA-2018-114636,Paper,*,CA-2018-114636,$192
CA-2018-114804,Phones,*,CA-2018-114804,$53
CA-2018-115070,Binders,*,CA-2018-115070,$4
CA-2018-115070,Furnishings,*,CA-2018-115070,$12
CA-2018-115105,Bookcases,*,CA-2018-115105,$241
CA-2018-115119,Binders,*,CA-2018-115119,$81
CA-2018-115119,Phones,*,CA-2018-115119,$62
CA-2018-115154,Tables,*,CA-2018-115154,$893
CA-2018-115175,Paper,*,CA-2018-115175,$245
CA-2018-115322,Art,*,CA-2018-115322,$44
CA-2018-115364,Storage,*,CA-2018-115364,$84
CA-2018-115427,Binders,*,CA-2018-115427,$35
CA-2018-115448,Furnishings,*,CA-2018-115448,$89
CA-2018-115546,Phones,*,CA-2018-115546,$540
CA-2018-115546,Storage,*,CA-2018-115546,$23
CA-2018-115602,Appliances,*,CA-2018-115602,"$1,705"
CA-2018-115602,Art,*,CA-2018-115602,$42
CA-2018-115602,Chairs,*,CA-2018-115602,"$1,142"
CA-2018-115651,Appliances,*,CA-2018-115651,$58
CA-2018-115651,Art,*,CA-2018-115651,$9
CA-2018-115777,Paper,*,CA-2018-115777,$19
CA-2018-115805,Phones,*,CA-2018-115805,$37
CA-2018-115882,Appliances,*,CA-2018-115882,$943
CA-2018-115882,Paper,*,CA-2018-115882,$74
CA-2018-115931,Art,*,CA-2018-115931,$4
CA-2018-115931,Labels,*,CA-2018-115931,$18
CA-2018-115931,Phones,*,CA-2018-115931,$67
CA-2018-115931,Storage,*,CA-2018-115931,$37
CA-2018-115994,Accessories,*,CA-2018-115994,$240
CA-2018-115994,Furnishings,*,CA-2018-115994,$38
CA-2018-116113,Furnishings,*,CA-2018-116113,$10
CA-2018-116127,Bookcases,*,CA-2018-116127,$401
CA-2018-116204,Binders,*,CA-2018-116204,$21
CA-2018-116225,Accessories,*,CA-2018-116225,$391
CA-2018-116288,Storage,*,CA-2018-116288,$243
CA-2018-116358,Art,*,CA-2018-116358,$28
CA-2018-116358,Fasteners,*,CA-2018-116358,$18
CA-2018-116498,Art,*,CA-2018-116498,$35
CA-2018-116519,Appliances,*,CA-2018-116519,$905
CA-2018-116645,Art,*,CA-2018-116645,$156
CA-2018-116680,Binders,*,CA-2018-116680,$13
CA-2018-116680,Tables,*,CA-2018-116680,"$1,478"
CA-2018-116715,Paper,*,CA-2018-116715,$118
CA-2018-116715,Storage,*,CA-2018-116715,$560
CA-2018-116855,Chairs,*,CA-2018-116855,$505
CA-2018-116939,Storage,*,CA-2018-116939,$178
CA-2018-116946,Bookcases,*,CA-2018-116946,$102
CA-2018-116946,Furnishings,*,CA-2018-116946,$13
CA-2018-116946,Storage,*,CA-2018-116946,$78
CA-2018-116953,Phones,*,CA-2018-116953,$552
CA-2018-116988,Accessories,*,CA-2018-116988,"$1,287"
CA-2018-116988,Furnishings,*,CA-2018-116988,$126
CA-2018-116988,Paper,*,CA-2018-116988,$19
CA-2018-117009,Supplies,*,CA-2018-117009,$22
CA-2018-117023,Art,*,CA-2018-117023,$116
CA-2018-117044,Fasteners,*,CA-2018-117044,$11
CA-2018-117044,Paper,*,CA-2018-117044,$21
CA-2018-117079,Phones,*,CA-2018-117079,$864
CA-2018-117114,Envelopes,*,CA-2018-117114,$10
CA-2018-117114,Phones,*,CA-2018-117114,$509
CA-2018-117128,Labels,*,CA-2018-117128,$11
CA-2018-117128,Paper,*,CA-2018-117128,$22
CA-2018-117156,Envelopes,*,CA-2018-117156,$9
CA-2018-117198,Accessories,*,CA-2018-117198,$660
CA-2018-117212,Appliances,*,CA-2018-117212,$82
CA-2018-117212,Chairs,*,CA-2018-117212,$892
CA-2018-117212,Paper,*,CA-2018-117212,$247
CA-2018-117212,Phones,*,CA-2018-117212,$890
CA-2018-117240,Binders,*,CA-2018-117240,$13
CA-2018-117261,Storage,*,CA-2018-117261,$54
CA-2018-117324,Accessories,*,CA-2018-117324,$178
CA-2018-117324,Appliances,*,CA-2018-117324,"$1,090"
CA-2018-117324,Bookcases,*,CA-2018-117324,$460
CA-2018-117324,Labels,*,CA-2018-117324,$61
CA-2018-117324,Paper,*,CA-2018-117324,$28
CA-2018-117394,Accessories,*,CA-2018-117394,$19
CA-2018-117401,Appliances,*,CA-2018-117401,$707
CA-2018-117401,Binders,*,CA-2018-117401,$43
CA-2018-117401,Phones,*,CA-2018-117401,$115
CA-2018-117422,Appliances,*,CA-2018-117422,$162
CA-2018-117422,Binders,*,CA-2018-117422,$6
CA-2018-117422,Paper,*,CA-2018-117422,$4
CA-2018-117436,Binders,*,CA-2018-117436,$10
CA-2018-117443,Binders,*,CA-2018-117443,$14
CA-2018-117443,Paper,*,CA-2018-117443,$176
CA-2018-117457,Accessories,*,CA-2018-117457,$180
CA-2018-117457,Bookcases,*,CA-2018-117457,"$1,337"
CA-2018-117457,Chairs,*,CA-2018-117457,$114
CA-2018-117457,Copiers,*,CA-2018-117457,"$1,200"
CA-2018-117457,Labels,*,CA-2018-117457,$28
CA-2018-117457,Paper,*,CA-2018-117457,$93
CA-2018-117457,Tables,*,CA-2018-117457,"$1,004"
CA-2018-117485,Accessories,*,CA-2018-117485,$292
CA-2018-117513,Tables,*,CA-2018-117513,$400
CA-2018-117632,Appliances,*,CA-2018-117632,$8
CA-2018-117632,Binders,*,CA-2018-117632,$19
CA-2018-117632,Supplies,*,CA-2018-117632,$239
CA-2018-117632,Tables,*,CA-2018-117632,$285
CA-2018-117646,Furnishings,*,CA-2018-117646,$23
CA-2018-117646,Paper,*,CA-2018-117646,$7
CA-2018-117646,Storage,*,CA-2018-117646,$237
CA-2018-117653,Tables,*,CA-2018-117653,$91
CA-2018-117667,Accessories,*,CA-2018-117667,$256
CA-2018-117667,Art,*,CA-2018-117667,$13
CA-2018-117667,Chairs,*,CA-2018-117667,$240
CA-2018-117667,Furnishings,*,CA-2018-117667,$55
CA-2018-117667,Paper,*,CA-2018-117667,$24
CA-2018-117695,Paper,*,CA-2018-117695,$14
CA-2018-117702,Art,*,CA-2018-117702,$2
CA-2018-117702,Furnishings,*,CA-2018-117702,"$1,070"
CA-2018-117807,Paper,*,CA-2018-117807,$105
CA-2018-117821,Accessories,*,CA-2018-117821,$64
CA-2018-117863,Binders,*,CA-2018-117863,$3
CA-2018-117863,Furnishings,*,CA-2018-117863,$15
CA-2018-117870,Accessories,*,CA-2018-117870,$72
CA-2018-117870,Art,*,CA-2018-117870,$14
CA-2018-117870,Phones,*,CA-2018-117870,$108
CA-2018-117926,Appliances,*,CA-2018-117926,$69
CA-2018-117933,Appliances,*,CA-2018-117933,$36
CA-2018-117947,Binders,*,CA-2018-117947,$107
CA-2018-117947,Furnishings,*,CA-2018-117947,$138
CA-2018-117947,Phones,*,CA-2018-117947,$38
CA-2018-118003,Chairs,*,CA-2018-118003,$485
CA-2018-118003,Furnishings,*,CA-2018-118003,$13
CA-2018-118017,Accessories,*,CA-2018-118017,$179
CA-2018-118017,Art,*,CA-2018-118017,$13
CA-2018-118017,Furnishings,*,CA-2018-118017,$56
CA-2018-118017,Paper,*,CA-2018-118017,$10
CA-2018-118017,Supplies,*,CA-2018-118017,$47
CA-2018-118122,Binders,*,CA-2018-118122,$14
CA-2018-118136,Art,*,CA-2018-118136,$6
CA-2018-118136,Paper,*,CA-2018-118136,$9
CA-2018-118199,Accessories,*,CA-2018-118199,$200
CA-2018-118199,Binders,*,CA-2018-118199,$148
CA-2018-118199,Storage,*,CA-2018-118199,$171
CA-2018-118199,Tables,*,CA-2018-118199,$287
CA-2018-118213,Paper,*,CA-2018-118213,$240
CA-2018-118346,Accessories,*,CA-2018-118346,$400
CA-2018-118360,Paper,*,CA-2018-118360,$43
CA-2018-118367,Envelopes,*,CA-2018-118367,$48
CA-2018-118402,Storage,*,CA-2018-118402,$244
CA-2018-118437,Furnishings,*,CA-2018-118437,$155
CA-2018-118437,Storage,*,CA-2018-118437,$14
CA-2018-118521,Paper,*,CA-2018-118521,$38
CA-2018-118542,Binders,*,CA-2018-118542,$10
CA-2018-118542,Paper,*,CA-2018-118542,$45
CA-2018-118577,Paper,*,CA-2018-118577,$150
CA-2018-118640,Furnishings,*,CA-2018-118640,$9
CA-2018-118640,Storage,*,CA-2018-118640,$70
CA-2018-118668,Accessories,*,CA-2018-118668,$17
CA-2018-118724,Art,*,CA-2018-118724,$4
CA-2018-118724,Phones,*,CA-2018-118724,"$1,626"
CA-2018-118731,Binders,*,CA-2018-118731,$84
CA-2018-118731,Furnishings,*,CA-2018-118731,$43
CA-2018-118773,Accessories,*,CA-2018-118773,$128
CA-2018-118773,Appliances,*,CA-2018-118773,$13
CA-2018-118773,Binders,*,CA-2018-118773,$253
CA-2018-118773,Furnishings,*,CA-2018-118773,$4
CA-2018-118857,Furnishings,*,CA-2018-118857,$196
CA-2018-118864,Phones,*,CA-2018-118864,$120
CA-2018-118885,Chairs,*,CA-2018-118885,$394
CA-2018-118885,Phones,*,CA-2018-118885,$302
CA-2018-118892,Chairs,*,CA-2018-118892,"$4,416"
CA-2018-119004,Accessories,*,CA-2018-119004,$74
CA-2018-119004,Art,*,CA-2018-119004,$3
CA-2018-119004,Phones,*,CA-2018-119004,$28
CA-2018-119011,Phones,*,CA-2018-119011,$108
CA-2018-119011,Storage,*,CA-2018-119011,$227
CA-2018-119011,Supplies,*,CA-2018-119011,$17
CA-2018-119193,Binders,*,CA-2018-119193,$2
CA-2018-119193,Phones,*,CA-2018-119193,$630
CA-2018-119284,Appliances,*,CA-2018-119284,$77
CA-2018-119284,Furnishings,*,CA-2018-119284,$31
CA-2018-119284,Paper,*,CA-2018-119284,$91
CA-2018-119284,Phones,*,CA-2018-119284,"$2,480"
CA-2018-119284,Storage,*,CA-2018-119284,$143
CA-2018-119284,Tables,*,CA-2018-119284,$121
CA-2018-119305,Storage,*,CA-2018-119305,$174
CA-2018-119389,Furnishings,*,CA-2018-119389,$60
CA-2018-119424,Paper,*,CA-2018-119424,$19
CA-2018-119424,Phones,*,CA-2018-119424,$72
CA-2018-119452,Chairs,*,CA-2018-119452,"$1,806"
CA-2018-119494,Chairs,*,CA-2018-119494,$523
CA-2018-119564,Furnishings,*,CA-2018-119564,$23
CA-2018-119578,Bookcases,*,CA-2018-119578,$221
CA-2018-119578,Supplies,*,CA-2018-119578,$695
CA-2018-119655,Binders,*,CA-2018-119655,$183
CA-2018-119669,Fasteners,*,CA-2018-119669,$6
CA-2018-119746,Furnishings,*,CA-2018-119746,$6
CA-2018-119746,Labels,*,CA-2018-119746,$12
CA-2018-119746,Phones,*,CA-2018-119746,$222
CA-2018-119809,Binders,*,CA-2018-119809,"$2,794"
CA-2018-119809,Furnishings,*,CA-2018-119809,$66
CA-2018-119809,Storage,*,CA-2018-119809,"$1,000"
CA-2018-119914,Appliances,*,CA-2018-119914,$243
CA-2018-120019,Phones,*,CA-2018-120019,$15
CA-2018-120019,Storage,*,CA-2018-120019,$580
CA-2018-120061,Chairs,*,CA-2018-120061,$155
CA-2018-120168,Accessories,*,CA-2018-120168,$120
CA-2018-120168,Binders,*,CA-2018-120168,$664
CA-2018-120168,Fasteners,*,CA-2018-120168,$3
CA-2018-120168,Furnishings,*,CA-2018-120168,$19
CA-2018-120222,Binders,*,CA-2018-120222,$73
CA-2018-120222,Paper,*,CA-2018-120222,$19
CA-2018-120327,Fasteners,*,CA-2018-120327,$46
CA-2018-120376,Accessories,*,CA-2018-120376,$285
CA-2018-120376,Chairs,*,CA-2018-120376,"$1,587"
CA-2018-120376,Tables,*,CA-2018-120376,$412
CA-2018-120404,Accessories,*,CA-2018-120404,$3
CA-2018-120404,Furnishings,*,CA-2018-120404,$51
CA-2018-120404,Phones,*,CA-2018-120404,$570
CA-2018-120614,Paper,*,CA-2018-120614,$38
CA-2018-120705,Storage,*,CA-2018-120705,$147
CA-2018-120719,Binders,*,CA-2018-120719,$35
CA-2018-120761,Accessories,*,CA-2018-120761,$92
CA-2018-120894,Appliances,*,CA-2018-120894,$28
CA-2018-120936,Storage,*,CA-2018-120936,$481
CA-2018-120936,Supplies,*,CA-2018-120936,$14
CA-2018-120999,Phones,*,CA-2018-120999,$147
CA-2018-121027,Accessories,*,CA-2018-121027,"$2,340"
CA-2018-121048,Accessories,*,CA-2018-121048,$141
CA-2018-121048,Art,*,CA-2018-121048,$72
CA-2018-121048,Binders,*,CA-2018-121048,$4
CA-2018-121048,Fasteners,*,CA-2018-121048,$5
CA-2018-121048,Furnishings,*,CA-2018-121048,$296
CA-2018-121048,Phones,*,CA-2018-121048,$470
CA-2018-121083,Art,*,CA-2018-121083,$119
CA-2018-121083,Paper,*,CA-2018-121083,$275
CA-2018-121083,Phones,*,CA-2018-121083,$258
CA-2018-121083,Storage,*,CA-2018-121083,$196
CA-2018-121125,Accessories,*,CA-2018-121125,$35
CA-2018-121125,Furnishings,*,CA-2018-121125,$14
CA-2018-121125,Phones,*,CA-2018-121125,$157
CA-2018-121160,Binders,*,CA-2018-121160,$13
CA-2018-121160,Storage,*,CA-2018-121160,$53
CA-2018-121195,Storage,*,CA-2018-121195,$264
CA-2018-121216,Appliances,*,CA-2018-121216,$29
CA-2018-121216,Paper,*,CA-2018-121216,$29
CA-2018-121258,Furnishings,*,CA-2018-121258,$92
CA-2018-121258,Paper,*,CA-2018-121258,$30
CA-2018-121258,Phones,*,CA-2018-121258,$259
CA-2018-121293,Furnishings,*,CA-2018-121293,$20
CA-2018-121293,Paper,*,CA-2018-121293,$21
CA-2018-121293,Storage,*,CA-2018-121293,$260
CA-2018-121293,Supplies,*,CA-2018-121293,$38
CA-2018-121293,Tables,*,CA-2018-121293,$139
CA-2018-121300,Accessories,*,CA-2018-121300,$240
CA-2018-121300,Chairs,*,CA-2018-121300,$64
CA-2018-121300,Furnishings,*,CA-2018-121300,$21
CA-2018-121300,Paper,*,CA-2018-121300,$24
CA-2018-121300,Tables,*,CA-2018-121300,$344
CA-2018-121314,Paper,*,CA-2018-121314,$252
CA-2018-121398,Binders,*,CA-2018-121398,$154
CA-2018-121398,Storage,*,CA-2018-121398,$271
CA-2018-121412,Furnishings,*,CA-2018-121412,$29
CA-2018-121419,Accessories,*,CA-2018-121419,$360
CA-2018-121419,Tables,*,CA-2018-121419,$412
CA-2018-121468,Phones,*,CA-2018-121468,$32
CA-2018-121489,Accessories,*,CA-2018-121489,$33
CA-2018-121489,Chairs,*,CA-2018-121489,$389
CA-2018-121489,Storage,*,CA-2018-121489,$573
CA-2018-121503,Machines,*,CA-2018-121503,$597
CA-2018-121503,Paper,*,CA-2018-121503,$274
CA-2018-121538,Paper,*,CA-2018-121538,$89
CA-2018-121559,Accessories,*,CA-2018-121559,$124
CA-2018-121559,Appliances,*,CA-2018-121559,"$2,405"
CA-2018-121559,Binders,*,CA-2018-121559,$17
CA-2018-121559,Chairs,*,CA-2018-121559,"$1,926"
CA-2018-121580,Appliances,*,CA-2018-121580,$465
CA-2018-121580,Binders,*,CA-2018-121580,$43
CA-2018-121580,Furnishings,*,CA-2018-121580,$6
CA-2018-121580,Paper,*,CA-2018-121580,$8
CA-2018-121615,Labels,*,CA-2018-121615,$15
CA-2018-121615,Paper,*,CA-2018-121615,$9
CA-2018-121615,Storage,*,CA-2018-121615,$52
CA-2018-121643,Phones,*,CA-2018-121643,$345
CA-2018-121678,Binders,*,CA-2018-121678,$2
CA-2018-121706,Appliances,*,CA-2018-121706,$357
CA-2018-121741,Storage,*,CA-2018-121741,$751
CA-2018-121790,Art,*,CA-2018-121790,$9
CA-2018-121790,Phones,*,CA-2018-121790,"$2,003"
CA-2018-121790,Supplies,*,CA-2018-121790,$32
CA-2018-121790,Tables,*,CA-2018-121790,$69
CA-2018-121804,Appliances,*,CA-2018-121804,$73
CA-2018-121818,Art,*,CA-2018-121818,$53
CA-2018-121839,Phones,*,CA-2018-121839,"$1,170"
CA-2018-121853,Binders,*,CA-2018-121853,$73
CA-2018-121853,Chairs,*,CA-2018-121853,$595
CA-2018-121853,Paper,*,CA-2018-121853,$211
CA-2018-121888,Art,*,CA-2018-121888,$16
CA-2018-121888,Binders,*,CA-2018-121888,$242
CA-2018-121888,Bookcases,*,CA-2018-121888,$783
CA-2018-121888,Phones,*,CA-2018-121888,$40
CA-2018-121909,Paper,*,CA-2018-121909,$55
CA-2018-122007,Appliances,*,CA-2018-122007,$91
CA-2018-122028,Binders,*,CA-2018-122028,$11
CA-2018-122035,Accessories,*,CA-2018-122035,$390
CA-2018-122035,Appliances,*,CA-2018-122035,$416
CA-2018-122035,Binders,*,CA-2018-122035,$104
CA-2018-122035,Chairs,*,CA-2018-122035,$183
CA-2018-122035,Labels,*,CA-2018-122035,$15
CA-2018-122056,Art,*,CA-2018-122056,$182
CA-2018-122077,Labels,*,CA-2018-122077,$13
CA-2018-122077,Phones,*,CA-2018-122077,$96
CA-2018-122105,Art,*,CA-2018-122105,$96
CA-2018-122112,Envelopes,*,CA-2018-122112,$24
CA-2018-122154,Binders,*,CA-2018-122154,$17
CA-2018-122154,Labels,*,CA-2018-122154,$15
CA-2018-122154,Paper,*,CA-2018-122154,$252
CA-2018-122175,Accessories,*,CA-2018-122175,$87
CA-2018-122175,Furnishings,*,CA-2018-122175,$43
CA-2018-122175,Labels,*,CA-2018-122175,$6
CA-2018-122175,Supplies,*,CA-2018-122175,$17
CA-2018-122196,Phones,*,CA-2018-122196,$392
CA-2018-122280,Paper,*,CA-2018-122280,$19
CA-2018-122308,Chairs,*,CA-2018-122308,$272
CA-2018-122364,Machines,*,CA-2018-122364,$506
CA-2018-122364,Phones,*,CA-2018-122364,$859
CA-2018-122490,Binders,*,CA-2018-122490,$563
CA-2018-122490,Chairs,*,CA-2018-122490,"$2,405"
CA-2018-122490,Labels,*,CA-2018-122490,$9
CA-2018-122490,Storage,*,CA-2018-122490,$345
CA-2018-122504,Accessories,*,CA-2018-122504,$60
CA-2018-122504,Phones,*,CA-2018-122504,$762
CA-2018-122539,Binders,*,CA-2018-122539,$8
CA-2018-122539,Chairs,*,CA-2018-122539,$399
CA-2018-122539,Labels,*,CA-2018-122539,$16
CA-2018-122595,Accessories,*,CA-2018-122595,$228
CA-2018-122595,Furnishings,*,CA-2018-122595,$2
CA-2018-122595,Phones,*,CA-2018-122595,$53
CA-2018-122644,Accessories,*,CA-2018-122644,$19
CA-2018-122644,Paper,*,CA-2018-122644,$11
CA-2018-122693,Appliances,*,CA-2018-122693,"$1,246"
CA-2018-122700,Phones,*,CA-2018-122700,$221
CA-2018-122707,Accessories,*,CA-2018-122707,$26
CA-2018-122707,Supplies,*,CA-2018-122707,$477
CA-2018-122735,Binders,*,CA-2018-122735,$30
CA-2018-122735,Paper,*,CA-2018-122735,$40
CA-2018-122763,Paper,*,CA-2018-122763,$331
CA-2018-122770,Furnishings,*,CA-2018-122770,$201
CA-2018-122770,Labels,*,CA-2018-122770,$9
CA-2018-122770,Paper,*,CA-2018-122770,$52
CA-2018-122798,Paper,*,CA-2018-122798,$4
CA-2018-122798,Storage,*,CA-2018-122798,$118
CA-2018-122945,Furnishings,*,CA-2018-122945,$17
CA-2018-122987,Binders,*,CA-2018-122987,$13
CA-2018-122987,Storage,*,CA-2018-122987,$67
CA-2018-122994,Bookcases,*,CA-2018-122994,$360
CA-2018-123001,Art,*,CA-2018-123001,$9
CA-2018-123001,Labels,*,CA-2018-123001,$74
CA-2018-123001,Phones,*,CA-2018-123001,$202
CA-2018-123022,Accessories,*,CA-2018-123022,$285
CA-2018-123022,Binders,*,CA-2018-123022,$83
CA-2018-123029,Accessories,*,CA-2018-123029,$160
CA-2018-123036,Accessories,*,CA-2018-123036,$37
CA-2018-123036,Phones,*,CA-2018-123036,$260
CA-2018-123043,Binders,*,CA-2018-123043,$28
CA-2018-123071,Paper,*,CA-2018-123071,$10
CA-2018-123085,Accessories,*,CA-2018-123085,"$1,049"
CA-2018-123085,Chairs,*,CA-2018-123085,$170
CA-2018-123134,Furnishings,*,CA-2018-123134,$130
CA-2018-123239,Furnishings,*,CA-2018-123239,$91
CA-2018-123246,Art,*,CA-2018-123246,$11
CA-2018-123351,Appliances,*,CA-2018-123351,$80
CA-2018-123372,Envelopes,*,CA-2018-123372,$80
CA-2018-123372,Phones,*,CA-2018-123372,"$1,980"
CA-2018-123491,Appliances,*,CA-2018-123491,"$1,702"
CA-2018-123491,Art,*,CA-2018-123491,$20
CA-2018-123491,Chairs,*,CA-2018-123491,$72
CA-2018-123491,Labels,*,CA-2018-123491,$44
CA-2018-123491,Paper,*,CA-2018-123491,$7
CA-2018-123491,Phones,*,CA-2018-123491,$148
CA-2018-123624,Accessories,*,CA-2018-123624,$83
CA-2018-123638,Chairs,*,CA-2018-123638,$192
CA-2018-123659,Paper,*,CA-2018-123659,$23
CA-2018-123687,Appliances,*,CA-2018-123687,$208
CA-2018-123687,Supplies,*,CA-2018-123687,$26
CA-2018-123701,Art,*,CA-2018-123701,$28
CA-2018-123778,Appliances,*,CA-2018-123778,$161
CA-2018-123778,Binders,*,CA-2018-123778,$26
CA-2018-123967,Binders,*,CA-2018-123967,$25
CA-2018-123967,Tables,*,CA-2018-123967,"$2,666"
CA-2018-123981,Phones,*,CA-2018-123981,$66
CA-2018-124086,Bookcases,*,CA-2018-124086,$204
CA-2018-124114,Binders,*,CA-2018-124114,$1
CA-2018-124191,Furnishings,*,CA-2018-124191,$9
CA-2018-124205,Chairs,*,CA-2018-124205,$513
CA-2018-124205,Furnishings,*,CA-2018-124205,$47
CA-2018-124205,Phones,*,CA-2018-124205,$396
CA-2018-124205,Storage,*,CA-2018-124205,$82
CA-2018-124261,Art,*,CA-2018-124261,$34
CA-2018-124296,Chairs,*,CA-2018-124296,$233
CA-2018-124296,Machines,*,CA-2018-124296,$480
CA-2018-124401,Accessories,*,CA-2018-124401,$280
CA-2018-124401,Storage,*,CA-2018-124401,$38
CA-2018-124436,Binders,*,CA-2018-124436,$42
CA-2018-124436,Furnishings,*,CA-2018-124436,$31
CA-2018-124436,Tables,*,CA-2018-124436,$697
CA-2018-124576,Binders,*,CA-2018-124576,$55
CA-2018-124597,Art,*,CA-2018-124597,$16
CA-2018-124597,Labels,*,CA-2018-124597,$17
CA-2018-124674,Bookcases,*,CA-2018-124674,$328
CA-2018-124716,Paper,*,CA-2018-124716,$169
CA-2018-124744,Binders,*,CA-2018-124744,$89
CA-2018-124744,Paper,*,CA-2018-124744,$448
CA-2018-124765,Bookcases,*,CA-2018-124765,$724
CA-2018-124828,Art,*,CA-2018-124828,$10
CA-2018-124898,Paper,*,CA-2018-124898,$185
CA-2018-124940,Accessories,*,CA-2018-124940,$48
CA-2018-125101,Storage,*,CA-2018-125101,$68
CA-2018-125115,Accessories,*,CA-2018-125115,$96
CA-2018-125115,Paper,*,CA-2018-125115,$10
CA-2018-125199,Art,*,CA-2018-125199,$123
CA-2018-125199,Paper,*,CA-2018-125199,$24
CA-2018-125199,Phones,*,CA-2018-125199,$310
CA-2018-125269,Binders,*,CA-2018-125269,$10
CA-2018-125269,Storage,*,CA-2018-125269,$73
CA-2018-125290,Art,*,CA-2018-125290,$14
CA-2018-125290,Paper,*,CA-2018-125290,$26
CA-2018-125367,Binders,*,CA-2018-125367,$14
CA-2018-125381,Accessories,*,CA-2018-125381,$108
CA-2018-125388,Furnishings,*,CA-2018-125388,$57
CA-2018-125388,Storage,*,CA-2018-125388,$33
CA-2018-125451,Appliances,*,CA-2018-125451,$2
CA-2018-125451,Furnishings,*,CA-2018-125451,$246
CA-2018-125451,Paper,*,CA-2018-125451,$43
CA-2018-125451,Tables,*,CA-2018-125451,$879
CA-2018-125472,Binders,*,CA-2018-125472,$4
CA-2018-125472,Bookcases,*,CA-2018-125472,$242
CA-2018-125472,Furnishings,*,CA-2018-125472,$8
CA-2018-125640,Labels,*,CA-2018-125640,$3
CA-2018-125745,Furnishings,*,CA-2018-125745,$20
CA-2018-125752,Accessories,*,CA-2018-125752,$41
CA-2018-125878,Binders,*,CA-2018-125878,$2
CA-2018-125913,Furnishings,*,CA-2018-125913,$28
CA-2018-125913,Tables,*,CA-2018-125913,$400
CA-2018-125990,Binders,*,CA-2018-125990,$40
CA-2018-126046,Labels,*,CA-2018-126046,$12
CA-2018-126067,Art,*,CA-2018-126067,$6
CA-2018-126067,Binders,*,CA-2018-126067,$100
CA-2018-126067,Phones,*,CA-2018-126067,$35
CA-2018-126067,Tables,*,CA-2018-126067,"$1,138"
CA-2018-126074,Art,*,CA-2018-126074,$57
CA-2018-126074,Binders,*,CA-2018-126074,$61
CA-2018-126074,Furnishings,*,CA-2018-126074,$158
CA-2018-126123,Binders,*,CA-2018-126123,$41
CA-2018-126144,Phones,*,CA-2018-126144,$286
CA-2018-126221,Appliances,*,CA-2018-126221,$209
CA-2018-126242,Furnishings,*,CA-2018-126242,$19
CA-2018-126242,Storage,*,CA-2018-126242,$305
CA-2018-126354,Binders,*,CA-2018-126354,$4
CA-2018-126354,Paper,*,CA-2018-126354,$115
CA-2018-126382,Furnishings,*,CA-2018-126382,$35
CA-2018-126396,Accessories,*,CA-2018-126396,$85
CA-2018-126438,Art,*,CA-2018-126438,$15
CA-2018-126536,Accessories,*,CA-2018-126536,$1
CA-2018-126536,Binders,*,CA-2018-126536,$102
CA-2018-126550,Storage,*,CA-2018-126550,$81
CA-2018-126634,Furnishings,*,CA-2018-126634,$94
CA-2018-126662,Copiers,*,CA-2018-126662,$480
CA-2018-126676,Envelopes,*,CA-2018-126676,$8
CA-2018-126718,Labels,*,CA-2018-126718,$5
CA-2018-126774,Art,*,CA-2018-126774,$5
CA-2018-126788,Phones,*,CA-2018-126788,$470
CA-2018-126865,Paper,*,CA-2018-126865,$93
CA-2018-126914,Bookcases,*,CA-2018-126914,$78
CA-2018-126914,Chairs,*,CA-2018-126914,$698
CA-2018-126928,Machines,*,CA-2018-126928,$480
CA-2018-126928,Storage,*,CA-2018-126928,$34
CA-2018-126956,Envelopes,*,CA-2018-126956,$15
CA-2018-126956,Fasteners,*,CA-2018-126956,$35
CA-2018-126956,Supplies,*,CA-2018-126956,$37
CA-2018-127026,Accessories,*,CA-2018-127026,$620
CA-2018-127026,Binders,*,CA-2018-127026,$104
CA-2018-127026,Machines,*,CA-2018-127026,$351
CA-2018-127026,Phones,*,CA-2018-127026,$165
CA-2018-127096,Tables,*,CA-2018-127096,$301
CA-2018-127117,Furnishings,*,CA-2018-127117,$74
CA-2018-127180,Copiers,*,CA-2018-127180,"$11,200"
CA-2018-127180,Envelopes,*,CA-2018-127180,$64
CA-2018-127180,Phones,*,CA-2018-127180,"$2,453"
CA-2018-127264,Art,*,CA-2018-127264,$7
CA-2018-127285,Binders,*,CA-2018-127285,$103
CA-2018-127306,Binders,*,CA-2018-127306,$8
CA-2018-127306,Envelopes,*,CA-2018-127306,$18
CA-2018-127306,Paper,*,CA-2018-127306,$36
CA-2018-127306,Phones,*,CA-2018-127306,$112
CA-2018-127313,Furnishings,*,CA-2018-127313,$79
CA-2018-127313,Storage,*,CA-2018-127313,$37
CA-2018-127397,Accessories,*,CA-2018-127397,"$1,320"
CA-2018-127397,Paper,*,CA-2018-127397,$124
CA-2018-127432,Copiers,*,CA-2018-127432,"$3,000"
CA-2018-127432,Paper,*,CA-2018-127432,$12
CA-2018-127432,Storage,*,CA-2018-127432,"$1,177"
CA-2018-127460,Storage,*,CA-2018-127460,$298
CA-2018-127474,Furnishings,*,CA-2018-127474,$22
CA-2018-127474,Paper,*,CA-2018-127474,$490
CA-2018-127516,Storage,*,CA-2018-127516,$65
CA-2018-127621,Paper,*,CA-2018-127621,$27
CA-2018-127656,Art,*,CA-2018-127656,$30
CA-2018-127705,Phones,*,CA-2018-127705,$3
CA-2018-127705,Storage,*,CA-2018-127705,$27
CA-2018-127712,Supplies,*,CA-2018-127712,$6
CA-2018-127726,Appliances,*,CA-2018-127726,$196
CA-2018-127726,Fasteners,*,CA-2018-127726,$14
CA-2018-127782,Appliances,*,CA-2018-127782,$20
CA-2018-127782,Envelopes,*,CA-2018-127782,$9
CA-2018-127782,Furnishings,*,CA-2018-127782,$3
CA-2018-127782,Phones,*,CA-2018-127782,$859
CA-2018-127803,Binders,*,CA-2018-127803,$26
CA-2018-127922,Envelopes,*,CA-2018-127922,$16
CA-2018-127922,Paper,*,CA-2018-127922,$8
CA-2018-127929,Furnishings,*,CA-2018-127929,$182
CA-2018-128041,Appliances,*,CA-2018-128041,$315
CA-2018-128041,Tables,*,CA-2018-128041,$284
CA-2018-128076,Binders,*,CA-2018-128076,$31
CA-2018-128076,Furnishings,*,CA-2018-128076,$211
CA-2018-128076,Machines,*,CA-2018-128076,$240
CA-2018-128160,Binders,*,CA-2018-128160,$37
CA-2018-128265,Storage,*,CA-2018-128265,"$1,248"
CA-2018-128300,Binders,*,CA-2018-128300,$328
CA-2018-128300,Phones,*,CA-2018-128300,$79
CA-2018-128328,Accessories,*,CA-2018-128328,$80
CA-2018-128328,Binders,*,CA-2018-128328,$126
CA-2018-128328,Labels,*,CA-2018-128328,$133
CA-2018-128335,Envelopes,*,CA-2018-128335,$23
CA-2018-128335,Paper,*,CA-2018-128335,$52
CA-2018-128363,Accessories,*,CA-2018-128363,$2
CA-2018-128363,Appliances,*,CA-2018-128363,$272
CA-2018-128363,Binders,*,CA-2018-128363,"$1,615"
CA-2018-128363,Chairs,*,CA-2018-128363,$424
CA-2018-128363,Envelopes,*,CA-2018-128363,$15
CA-2018-128363,Fasteners,*,CA-2018-128363,$24
CA-2018-128363,Furnishings,*,CA-2018-128363,$32
CA-2018-128370,Binders,*,CA-2018-128370,$7
CA-2018-128370,Chairs,*,CA-2018-128370,$362
CA-2018-128426,Binders,*,CA-2018-128426,$4
CA-2018-128475,Accessories,*,CA-2018-128475,$72
CA-2018-128629,Furnishings,*,CA-2018-128629,$19
CA-2018-128699,Accessories,*,CA-2018-128699,$48
CA-2018-128734,Chairs,*,CA-2018-128734,$842
CA-2018-128734,Furnishings,*,CA-2018-128734,$9
CA-2018-128755,Paper,*,CA-2018-128755,$42
CA-2018-128755,Storage,*,CA-2018-128755,$588
CA-2018-128769,Appliances,*,CA-2018-128769,$82
CA-2018-128783,Accessories,*,CA-2018-128783,$114
CA-2018-128783,Furnishings,*,CA-2018-128783,$135
CA-2018-128853,Chairs,*,CA-2018-128853,$909
CA-2018-128944,Accessories,*,CA-2018-128944,$122
CA-2018-128944,Chairs,*,CA-2018-128944,$760
CA-2018-128944,Furnishings,*,CA-2018-128944,$39
CA-2018-128965,Accessories,*,CA-2018-128965,$275
CA-2018-128965,Chairs,*,CA-2018-128965,$218
CA-2018-128965,Fasteners,*,CA-2018-128965,$11
CA-2018-128965,Labels,*,CA-2018-128965,$30
CA-2018-128965,Paper,*,CA-2018-128965,$28
CA-2018-129000,Storage,*,CA-2018-129000,$502
CA-2018-129021,Appliances,*,CA-2018-129021,$161
CA-2018-129021,Furnishings,*,CA-2018-129021,$3
CA-2018-129021,Paper,*,CA-2018-129021,$58
CA-2018-129021,Phones,*,CA-2018-129021,"$4,368"
CA-2018-129028,Furnishings,*,CA-2018-129028,$128
CA-2018-129294,Appliances,*,CA-2018-129294,$141
CA-2018-129294,Binders,*,CA-2018-129294,$90
CA-2018-129294,Storage,*,CA-2018-129294,$310
CA-2018-129357,Paper,*,CA-2018-129357,$440
CA-2018-129357,Supplies,*,CA-2018-129357,$64
CA-2018-129378,Appliances,*,CA-2018-129378,$242
CA-2018-129378,Binders,*,CA-2018-129378,$63
CA-2018-129378,Chairs,*,CA-2018-129378,$109
CA-2018-129462,Appliances,*,CA-2018-129462,$181
CA-2018-129462,Chairs,*,CA-2018-129462,$302
CA-2018-129462,Phones,*,CA-2018-129462,$258
CA-2018-129490,Chairs,*,CA-2018-129490,$419
CA-2018-129567,Binders,*,CA-2018-129567,$17
CA-2018-129581,Phones,*,CA-2018-129581,$129
CA-2018-129707,Art,*,CA-2018-129707,$9
CA-2018-129805,Furnishings,*,CA-2018-129805,$7
CA-2018-129833,Binders,*,CA-2018-129833,$10
CA-2018-129833,Paper,*,CA-2018-129833,$33
CA-2018-129910,Storage,*,CA-2018-129910,$60
CA-2018-130036,Accessories,*,CA-2018-130036,"$1,120"
CA-2018-130036,Paper,*,CA-2018-130036,$13
CA-2018-130043,Paper,*,CA-2018-130043,$32
CA-2018-130106,Art,*,CA-2018-130106,$13
CA-2018-130141,Binders,*,CA-2018-130141,$3
CA-2018-130141,Chairs,*,CA-2018-130141,$579
CA-2018-130148,Paper,*,CA-2018-130148,$31
CA-2018-130148,Supplies,*,CA-2018-130148,$7
CA-2018-130211,Storage,*,CA-2018-130211,$333
CA-2018-130211,Tables,*,CA-2018-130211,$249
CA-2018-130302,Accessories,*,CA-2018-130302,$896
CA-2018-130309,Storage,*,CA-2018-130309,$544
CA-2018-130351,Accessories,*,CA-2018-130351,$99
CA-2018-130351,Appliances,*,CA-2018-130351,$61
CA-2018-130351,Paper,*,CA-2018-130351,$39
CA-2018-130386,Paper,*,CA-2018-130386,$239
CA-2018-130386,Storage,*,CA-2018-130386,$540
CA-2018-130505,Tables,*,CA-2018-130505,$673
CA-2018-130526,Binders,*,CA-2018-130526,$34
CA-2018-130631,Fasteners,*,CA-2018-130631,$20
CA-2018-130631,Furnishings,*,CA-2018-130631,$68
CA-2018-130715,Fasteners,*,CA-2018-130715,$18
CA-2018-130764,Bookcases,*,CA-2018-130764,$557
CA-2018-130764,Phones,*,CA-2018-130764,$96
CA-2018-130771,Fasteners,*,CA-2018-130771,$3
CA-2018-130771,Phones,*,CA-2018-130771,$125
CA-2018-130834,Paper,*,CA-2018-130834,$16
CA-2018-130841,Binders,*,CA-2018-130841,$10
CA-2018-130841,Phones,*,CA-2018-130841,"$1,146"
CA-2018-130841,Storage,*,CA-2018-130841,$15
CA-2018-130904,Art,*,CA-2018-130904,$23
CA-2018-130967,Phones,*,CA-2018-130967,$54
CA-2018-131016,Art,*,CA-2018-131016,$9
CA-2018-131016,Storage,*,CA-2018-131016,$48
CA-2018-131037,Tables,*,CA-2018-131037,$210
CA-2018-131156,Furnishings,*,CA-2018-131156,$25
CA-2018-131212,Binders,*,CA-2018-131212,$40
CA-2018-131233,Binders,*,CA-2018-131233,$11
CA-2018-131233,Bookcases,*,CA-2018-131233,$242
CA-2018-131254,Art,*,CA-2018-131254,$13
CA-2018-131254,Binders,*,CA-2018-131254,"$1,525"
CA-2018-131254,Chairs,*,CA-2018-131254,$191
CA-2018-131282,Art,*,CA-2018-131282,$7
CA-2018-131282,Binders,*,CA-2018-131282,$244
CA-2018-131303,Labels,*,CA-2018-131303,$63
CA-2018-131366,Paper,*,CA-2018-131366,$230
CA-2018-131366,Phones,*,CA-2018-131366,$90
CA-2018-131492,Envelopes,*,CA-2018-131492,$9
CA-2018-131492,Furnishings,*,CA-2018-131492,$31
CA-2018-131492,Labels,*,CA-2018-131492,$32
CA-2018-131492,Tables,*,CA-2018-131492,$24
CA-2018-131618,Binders,*,CA-2018-131618,$12
CA-2018-131618,Paper,*,CA-2018-131618,$12
CA-2018-131625,Furnishings,*,CA-2018-131625,$115
CA-2018-131632,Art,*,CA-2018-131632,$5
CA-2018-131653,Labels,*,CA-2018-131653,$5
CA-2018-131695,Furnishings,*,CA-2018-131695,$22
CA-2018-131695,Storage,*,CA-2018-131695,$249
CA-2018-131807,Appliances,*,CA-2018-131807,$16
CA-2018-131807,Chairs,*,CA-2018-131807,$435
CA-2018-131807,Fasteners,*,CA-2018-131807,$15
CA-2018-131807,Furnishings,*,CA-2018-131807,$73
CA-2018-131807,Phones,*,CA-2018-131807,$8
CA-2018-131807,Tables,*,CA-2018-131807,$206
CA-2018-131828,Chairs,*,CA-2018-131828,$963
CA-2018-131828,Phones,*,CA-2018-131828,$89
CA-2018-131954,Accessories,*,CA-2018-131954,$180
CA-2018-131954,Binders,*,CA-2018-131954,$146
CA-2018-131954,Bookcases,*,CA-2018-131954,$85
CA-2018-131954,Storage,*,CA-2018-131954,$243
CA-2018-132122,Storage,*,CA-2018-132122,$229
CA-2018-132178,Storage,*,CA-2018-132178,$833
CA-2018-132185,Appliances,*,CA-2018-132185,$44
CA-2018-132185,Art,*,CA-2018-132185,$9
CA-2018-132199,Binders,*,CA-2018-132199,$91
CA-2018-132199,Fasteners,*,CA-2018-132199,$8
CA-2018-132199,Furnishings,*,CA-2018-132199,$32
CA-2018-132199,Tables,*,CA-2018-132199,$373
CA-2018-132213,Art,*,CA-2018-132213,$110
CA-2018-132234,Furnishings,*,CA-2018-132234,$547
CA-2018-132262,Accessories,*,CA-2018-132262,$152
CA-2018-132290,Tables,*,CA-2018-132290,$933
CA-2018-132339,Binders,*,CA-2018-132339,$388
CA-2018-132346,Appliances,*,CA-2018-132346,$101
CA-2018-132353,Phones,*,CA-2018-132353,$324
CA-2018-132430,Furnishings,*,CA-2018-132430,$46
CA-2018-132437,Storage,*,CA-2018-132437,$65
CA-2018-132521,Appliances,*,CA-2018-132521,$120
CA-2018-132521,Binders,*,CA-2018-132521,$7
CA-2018-132521,Storage,*,CA-2018-132521,$31
CA-2018-132584,Storage,*,CA-2018-132584,$54
CA-2018-132619,Storage,*,CA-2018-132619,$194
CA-2018-132647,Paper,*,CA-2018-132647,$12
CA-2018-132647,Storage,*,CA-2018-132647,$166
CA-2018-132682,Paper,*,CA-2018-132682,$85
CA-2018-132682,Phones,*,CA-2018-132682,$382
CA-2018-132682,Supplies,*,CA-2018-132682,$24
CA-2018-132738,Envelopes,*,CA-2018-132738,$9
CA-2018-132738,Paper,*,CA-2018-132738,$8
CA-2018-132934,Accessories,*,CA-2018-132934,$150
CA-2018-132934,Binders,*,CA-2018-132934,$51
CA-2018-132955,Binders,*,CA-2018-132955,$103
CA-2018-132976,Labels,*,CA-2018-132976,$25
CA-2018-132976,Paper,*,CA-2018-132976,$30
CA-2018-132976,Storage,*,CA-2018-132976,$60
CA-2018-133004,Appliances,*,CA-2018-133004,$639
CA-2018-133046,Accessories,*,CA-2018-133046,$235
CA-2018-133046,Furnishings,*,CA-2018-133046,$24
CA-2018-133046,Paper,*,CA-2018-133046,$39
CA-2018-133067,Binders,*,CA-2018-133067,$12
CA-2018-133074,Paper,*,CA-2018-133074,$56
CA-2018-133095,Binders,*,CA-2018-133095,$118
CA-2018-133102,Appliances,*,CA-2018-133102,$39
CA-2018-133102,Art,*,CA-2018-133102,$8
CA-2018-133102,Chairs,*,CA-2018-133102,$75
CA-2018-133102,Furnishings,*,CA-2018-133102,$17
CA-2018-133102,Supplies,*,CA-2018-133102,$6
CA-2018-133207,Phones,*,CA-2018-133207,$58
CA-2018-133235,Phones,*,CA-2018-133235,$272
CA-2018-133249,Furnishings,*,CA-2018-133249,$146
CA-2018-133256,Art,*,CA-2018-133256,$16
CA-2018-133256,Paper,*,CA-2018-133256,$5
CA-2018-133256,Phones,*,CA-2018-133256,$544
CA-2018-133263,Binders,*,CA-2018-133263,$99
CA-2018-133263,Copiers,*,CA-2018-133263,"$3,000"
CA-2018-133333,Paper,*,CA-2018-133333,$23
CA-2018-133431,Binders,*,CA-2018-133431,$15
CA-2018-133431,Paper,*,CA-2018-133431,$13
CA-2018-133487,Appliances,*,CA-2018-133487,$153
CA-2018-133501,Paper,*,CA-2018-133501,$5
CA-2018-133620,Storage,*,CA-2018-133620,$11
CA-2018-133641,Envelopes,*,CA-2018-133641,$49
CA-2018-133648,Art,*,CA-2018-133648,$5
CA-2018-133648,Fasteners,*,CA-2018-133648,$11
CA-2018-133648,Labels,*,CA-2018-133648,$71
CA-2018-133718,Binders,*,CA-2018-133718,$15
CA-2018-133718,Paper,*,CA-2018-133718,$58
CA-2018-133823,Binders,*,CA-2018-133823,$26
CA-2018-133823,Labels,*,CA-2018-133823,$38
CA-2018-133823,Paper,*,CA-2018-133823,$37
CA-2018-133865,Copiers,*,CA-2018-133865,"$3,360"
CA-2018-133928,Binders,*,CA-2018-133928,$5
CA-2018-134096,Binders,*,CA-2018-134096,$16
CA-2018-134096,Phones,*,CA-2018-134096,$384
CA-2018-134152,Accessories,*,CA-2018-134152,$98
CA-2018-134152,Art,*,CA-2018-134152,$31
CA-2018-134173,Paper,*,CA-2018-134173,$21
CA-2018-134194,Art,*,CA-2018-134194,$32
CA-2018-134194,Binders,*,CA-2018-134194,$84
CA-2018-134194,Supplies,*,CA-2018-134194,$45
CA-2018-134285,Fasteners,*,CA-2018-134285,$4
CA-2018-134285,Paper,*,CA-2018-134285,$16
CA-2018-134306,Art,*,CA-2018-134306,$21
CA-2018-134306,Paper,*,CA-2018-134306,$25
CA-2018-134404,Art,*,CA-2018-134404,$13
CA-2018-134404,Phones,*,CA-2018-134404,$164
CA-2018-134418,Art,*,CA-2018-134418,$12
CA-2018-134439,Paper,*,CA-2018-134439,$16
CA-2018-134495,Appliances,*,CA-2018-134495,$21
CA-2018-134495,Chairs,*,CA-2018-134495,$218
CA-2018-134495,Labels,*,CA-2018-134495,$6
CA-2018-134495,Phones,*,CA-2018-134495,$24
CA-2018-134565,Binders,*,CA-2018-134565,$18
CA-2018-134565,Bookcases,*,CA-2018-134565,$174
CA-2018-134565,Machines,*,CA-2018-134565,$386
CA-2018-134565,Paper,*,CA-2018-134565,$38
CA-2018-134565,Storage,*,CA-2018-134565,$103
CA-2018-134607,Storage,*,CA-2018-134607,$23
CA-2018-134635,Paper,*,CA-2018-134635,$79
CA-2018-134649,Art,*,CA-2018-134649,$15
CA-2018-134649,Binders,*,CA-2018-134649,$7
CA-2018-134796,Phones,*,CA-2018-134796,$148
CA-2018-134810,Chairs,*,CA-2018-134810,$207
CA-2018-134810,Envelopes,*,CA-2018-134810,$65
CA-2018-134838,Art,*,CA-2018-134838,$13
CA-2018-134838,Furnishings,*,CA-2018-134838,$45
CA-2018-134845,Binders,*,CA-2018-134845,$43
CA-2018-134845,Machines,*,CA-2018-134845,"$2,550"
CA-2018-134845,Paper,*,CA-2018-134845,$21
CA-2018-134880,Paper,*,CA-2018-134880,$45
CA-2018-134915,Accessories,*,CA-2018-134915,$42
CA-2018-134915,Chairs,*,CA-2018-134915,$114
CA-2018-134915,Furnishings,*,CA-2018-134915,$114
CA-2018-134915,Paper,*,CA-2018-134915,$23
CA-2018-134915,Phones,*,CA-2018-134915,$680
CA-2018-134978,Binders,*,CA-2018-134978,$16
CA-2018-135034,Phones,*,CA-2018-135034,$96
CA-2018-135069,Appliances,*,CA-2018-135069,$195
CA-2018-135069,Furnishings,*,CA-2018-135069,$37
CA-2018-135076,Chairs,*,CA-2018-135076,$437
CA-2018-135111,Art,*,CA-2018-135111,$2
CA-2018-135111,Binders,*,CA-2018-135111,$26
CA-2018-135167,Art,*,CA-2018-135167,$4
CA-2018-135279,Art,*,CA-2018-135279,$36
CA-2018-135279,Labels,*,CA-2018-135279,$18
CA-2018-135279,Paper,*,CA-2018-135279,$205
CA-2018-135279,Storage,*,CA-2018-135279,$502
CA-2018-135307,Accessories,*,CA-2018-135307,$38
CA-2018-135307,Furnishings,*,CA-2018-135307,$126
CA-2018-135377,Bookcases,*,CA-2018-135377,$288
CA-2018-135419,Tables,*,CA-2018-135419,$486
CA-2018-135587,Accessories,*,CA-2018-135587,$52
CA-2018-135587,Appliances,*,CA-2018-135587,$321
CA-2018-135650,Storage,*,CA-2018-135650,$144
CA-2018-135692,Bookcases,*,CA-2018-135692,$220
CA-2018-135692,Labels,*,CA-2018-135692,$33
CA-2018-135783,Furnishings,*,CA-2018-135783,$18
CA-2018-135860,Binders,*,CA-2018-135860,$16
CA-2018-135860,Fasteners,*,CA-2018-135860,$52
CA-2018-135860,Phones,*,CA-2018-135860,$132
CA-2018-135860,Storage,*,CA-2018-135860,$176
CA-2018-135909,Accessories,*,CA-2018-135909,$210
CA-2018-135909,Binders,*,CA-2018-135909,"$5,084"
CA-2018-135909,Phones,*,CA-2018-135909,$32
CA-2018-135937,Accessories,*,CA-2018-135937,$32
CA-2018-135937,Envelopes,*,CA-2018-135937,$11
CA-2018-135937,Furnishings,*,CA-2018-135937,$69
CA-2018-135937,Phones,*,CA-2018-135937,$334
CA-2018-135937,Storage,*,CA-2018-135937,$51
CA-2018-135937,Tables,*,CA-2018-135937,$387
CA-2018-136000,Binders,*,CA-2018-136000,$40
CA-2018-136007,Fasteners,*,CA-2018-136007,$8
CA-2018-136007,Phones,*,CA-2018-136007,$72
CA-2018-136063,Art,*,CA-2018-136063,$10
CA-2018-136238,Paper,*,CA-2018-136238,$16
CA-2018-136308,Machines,*,CA-2018-136308,"$1,920"
CA-2018-136350,Chairs,*,CA-2018-136350,$173
CA-2018-136350,Furnishings,*,CA-2018-136350,$277
CA-2018-136364,Furnishings,*,CA-2018-136364,$91
CA-2018-136364,Phones,*,CA-2018-136364,$40
CA-2018-136448,Accessories,*,CA-2018-136448,$120
CA-2018-136448,Binders,*,CA-2018-136448,$542
CA-2018-136448,Furnishings,*,CA-2018-136448,$23
CA-2018-136497,Binders,*,CA-2018-136497,$14
CA-2018-136511,Supplies,*,CA-2018-136511,$348
CA-2018-136539,Art,*,CA-2018-136539,$27
CA-2018-136539,Bookcases,*,CA-2018-136539,$79
CA-2018-136609,Paper,*,CA-2018-136609,$115
CA-2018-136623,Binders,*,CA-2018-136623,$30
CA-2018-136623,Phones,*,CA-2018-136623,$72
CA-2018-136651,Binders,*,CA-2018-136651,$93
CA-2018-136651,Furnishings,*,CA-2018-136651,$91
CA-2018-136672,Accessories,*,CA-2018-136672,$49
CA-2018-136826,Art,*,CA-2018-136826,$14
CA-2018-136875,Paper,*,CA-2018-136875,$166
CA-2018-136882,Furnishings,*,CA-2018-136882,$477
CA-2018-137001,Art,*,CA-2018-137001,$15
CA-2018-137022,Storage,*,CA-2018-137022,$811
CA-2018-137085,Binders,*,CA-2018-137085,$313
CA-2018-137099,Phones,*,CA-2018-137099,$374
CA-2018-137323,Storage,*,CA-2018-137323,$96
CA-2018-137344,Storage,*,CA-2018-137344,$40
CA-2018-137365,Accessories,*,CA-2018-137365,$96
CA-2018-137414,Furnishings,*,CA-2018-137414,$17
CA-2018-137414,Machines,*,CA-2018-137414,$369
CA-2018-137421,Art,*,CA-2018-137421,$9
CA-2018-137428,Binders,*,CA-2018-137428,$24
CA-2018-137428,Chairs,*,CA-2018-137428,$179
CA-2018-137428,Furnishings,*,CA-2018-137428,$19
CA-2018-137449,Appliances,*,CA-2018-137449,$21
CA-2018-137449,Bookcases,*,CA-2018-137449,$410
CA-2018-137449,Tables,*,CA-2018-137449,$307
CA-2018-137456,Furnishings,*,CA-2018-137456,$16
CA-2018-137463,Accessories,*,CA-2018-137463,$340
CA-2018-137463,Art,*,CA-2018-137463,$30
CA-2018-137463,Binders,*,CA-2018-137463,$6
CA-2018-137463,Labels,*,CA-2018-137463,$44
CA-2018-137470,Paper,*,CA-2018-137470,$13
CA-2018-137498,Art,*,CA-2018-137498,$7
CA-2018-137498,Chairs,*,CA-2018-137498,$244
CA-2018-137498,Paper,*,CA-2018-137498,$48
CA-2018-137505,Tables,*,CA-2018-137505,$435
CA-2018-137582,Binders,*,CA-2018-137582,$12
CA-2018-137596,Accessories,*,CA-2018-137596,"$1,929"
CA-2018-137596,Phones,*,CA-2018-137596,"$1,200"
CA-2018-137596,Storage,*,CA-2018-137596,$352
CA-2018-137624,Chairs,*,CA-2018-137624,$241
CA-2018-137631,Phones,*,CA-2018-137631,$752
CA-2018-137785,Chairs,*,CA-2018-137785,$458
CA-2018-137876,Envelopes,*,CA-2018-137876,$31
CA-2018-137876,Furnishings,*,CA-2018-137876,$65
CA-2018-137918,Supplies,*,CA-2018-137918,$97
CA-2018-138149,Accessories,*,CA-2018-138149,$62
CA-2018-138149,Art,*,CA-2018-138149,$12
CA-2018-138149,Binders,*,CA-2018-138149,$896
CA-2018-138149,Storage,*,CA-2018-138149,$131
CA-2018-138156,Furnishings,*,CA-2018-138156,$148
CA-2018-138163,Art,*,CA-2018-138163,$51
CA-2018-138289,Binders,*,CA-2018-138289,"$5,444"
CA-2018-138289,Chairs,*,CA-2018-138289,$303
CA-2018-138289,Paper,*,CA-2018-138289,$56
CA-2018-138310,Accessories,*,CA-2018-138310,$432
CA-2018-138380,Storage,*,CA-2018-138380,"$1,000"
CA-2018-138422,Envelopes,*,CA-2018-138422,$14
CA-2018-138464,Art,*,CA-2018-138464,$31
CA-2018-138464,Binders,*,CA-2018-138464,$86
CA-2018-138464,Furnishings,*,CA-2018-138464,$16
CA-2018-138548,Appliances,*,CA-2018-138548,$98
CA-2018-138611,Binders,*,CA-2018-138611,$4
CA-2018-138611,Phones,*,CA-2018-138611,$120
CA-2018-138618,Paper,*,CA-2018-138618,$10
CA-2018-138779,Envelopes,*,CA-2018-138779,$22
CA-2018-138779,Phones,*,CA-2018-138779,$8
CA-2018-138870,Furnishings,*,CA-2018-138870,$50
CA-2018-138870,Paper,*,CA-2018-138870,$25
CA-2018-138975,Accessories,*,CA-2018-138975,$68
CA-2018-138975,Bookcases,*,CA-2018-138975,"$1,629"
CA-2018-138975,Paper,*,CA-2018-138975,$287
CA-2018-138975,Phones,*,CA-2018-138975,$378
CA-2018-139080,Binders,*,CA-2018-139080,$20
CA-2018-139080,Paper,*,CA-2018-139080,$32
CA-2018-139080,Phones,*,CA-2018-139080,$86
CA-2018-139199,Binders,*,CA-2018-139199,$42
CA-2018-139199,Chairs,*,CA-2018-139199,$873
CA-2018-139199,Paper,*,CA-2018-139199,$13
CA-2018-139304,Art,*,CA-2018-139304,$8
CA-2018-139304,Binders,*,CA-2018-139304,$120
CA-2018-139304,Supplies,*,CA-2018-139304,$9
CA-2018-139311,Art,*,CA-2018-139311,$9
CA-2018-139311,Binders,*,CA-2018-139311,$13
CA-2018-139311,Paper,*,CA-2018-139311,$30
CA-2018-139311,Phones,*,CA-2018-139311,$154
CA-2018-139353,Furnishings,*,CA-2018-139353,$78
CA-2018-139353,Paper,*,CA-2018-139353,$48
CA-2018-139353,Storage,*,CA-2018-139353,$147
CA-2018-139402,Binders,*,CA-2018-139402,$13
CA-2018-139402,Paper,*,CA-2018-139402,$419
CA-2018-139416,Furnishings,*,CA-2018-139416,$15
CA-2018-139437,Storage,*,CA-2018-139437,$88
CA-2018-139444,Labels,*,CA-2018-139444,$10
CA-2018-139493,Art,*,CA-2018-139493,$16
CA-2018-139619,Storage,*,CA-2018-139619,$96
CA-2018-139661,Furnishings,*,CA-2018-139661,$10
CA-2018-139717,Appliances,*,CA-2018-139717,$646
CA-2018-139717,Paper,*,CA-2018-139717,$10
CA-2018-139773,Chairs,*,CA-2018-139773,$189
CA-2018-139787,Art,*,CA-2018-139787,$35
CA-2018-139822,Accessories,*,CA-2018-139822,$60
CA-2018-139822,Storage,*,CA-2018-139822,$39
CA-2018-139913,Furnishings,*,CA-2018-139913,$69
CA-2018-139913,Paper,*,CA-2018-139913,$38
CA-2018-139913,Phones,*,CA-2018-139913,$36
CA-2018-139948,Furnishings,*,CA-2018-139948,$8
CA-2018-140053,Furnishings,*,CA-2018-140053,$546
CA-2018-140088,Chairs,*,CA-2018-140088,$302
CA-2018-140151,Copiers,*,CA-2018-140151,"$14,000"
CA-2018-140151,Paper,*,CA-2018-140151,$20
CA-2018-140151,Storage,*,CA-2018-140151,$32
CA-2018-140186,Appliances,*,CA-2018-140186,$98
CA-2018-140186,Binders,*,CA-2018-140186,$47
CA-2018-140186,Chairs,*,CA-2018-140186,$73
CA-2018-140186,Fasteners,*,CA-2018-140186,$35
CA-2018-140186,Furnishings,*,CA-2018-140186,$52
CA-2018-140242,Accessories,*,CA-2018-140242,$409
CA-2018-140242,Art,*,CA-2018-140242,$6
CA-2018-140298,Art,*,CA-2018-140298,$5
CA-2018-140298,Furnishings,*,CA-2018-140298,$8
CA-2018-140298,Paper,*,CA-2018-140298,$7
CA-2018-140298,Storage,*,CA-2018-140298,$74
CA-2018-140326,Art,*,CA-2018-140326,$7
CA-2018-140326,Bookcases,*,CA-2018-140326,$825
CA-2018-140326,Paper,*,CA-2018-140326,$18
CA-2018-140480,Accessories,*,CA-2018-140480,$142
CA-2018-140480,Art,*,CA-2018-140480,$204
CA-2018-140480,Furnishings,*,CA-2018-140480,$124
CA-2018-140494,Accessories,*,CA-2018-140494,$112
CA-2018-140508,Envelopes,*,CA-2018-140508,$115
CA-2018-140515,Appliances,*,CA-2018-140515,$381
CA-2018-140536,Art,*,CA-2018-140536,$7
CA-2018-140585,Accessories,*,CA-2018-140585,$120
CA-2018-140585,Binders,*,CA-2018-140585,$47
CA-2018-140585,Bookcases,*,CA-2018-140585,$120
CA-2018-140627,Art,*,CA-2018-140627,$12
CA-2018-140627,Furnishings,*,CA-2018-140627,$73
CA-2018-140627,Storage,*,CA-2018-140627,$218
CA-2018-140676,Appliances,*,CA-2018-140676,$91
CA-2018-140676,Paper,*,CA-2018-140676,$135
CA-2018-140760,Envelopes,*,CA-2018-140760,$44
CA-2018-140760,Paper,*,CA-2018-140760,$25
CA-2018-140781,Accessories,*,CA-2018-140781,$40
CA-2018-140802,Accessories,*,CA-2018-140802,$48
CA-2018-140802,Paper,*,CA-2018-140802,$21
CA-2018-140844,Accessories,*,CA-2018-140844,$103
CA-2018-140844,Paper,*,CA-2018-140844,$98
CA-2018-140872,Accessories,*,CA-2018-140872,$316
CA-2018-140872,Appliances,*,CA-2018-140872,$30
CA-2018-140872,Binders,*,CA-2018-140872,$5
CA-2018-140872,Bookcases,*,CA-2018-140872,$242
CA-2018-140872,Paper,*,CA-2018-140872,$16
CA-2018-140872,Phones,*,CA-2018-140872,$504
CA-2018-140949,Accessories,*,CA-2018-140949,$129
CA-2018-140949,Art,*,CA-2018-140949,$59
CA-2018-140949,Binders,*,CA-2018-140949,$9
CA-2018-140949,Labels,*,CA-2018-140949,$26
CA-2018-140949,Phones,*,CA-2018-140949,$120
CA-2018-140949,Storage,*,CA-2018-140949,$154
CA-2018-140963,Bookcases,*,CA-2018-140963,$514
CA-2018-140963,Labels,*,CA-2018-140963,$30
CA-2018-140963,Phones,*,CA-2018-140963,$280
CA-2018-141103,Phones,*,CA-2018-141103,$90
CA-2018-141117,Art,*,CA-2018-141117,$95
CA-2018-141117,Binders,*,CA-2018-141117,$23
CA-2018-141117,Bookcases,*,CA-2018-141117,$218
CA-2018-141117,Supplies,*,CA-2018-141117,$39
CA-2018-141138,Accessories,*,CA-2018-141138,$112
CA-2018-141201,Bookcases,*,CA-2018-141201,$148
CA-2018-141425,Supplies,*,CA-2018-141425,$385
CA-2018-141439,Chairs,*,CA-2018-141439,$829
CA-2018-141439,Furnishings,*,CA-2018-141439,$27
CA-2018-141439,Phones,*,CA-2018-141439,"$1,970"
CA-2018-141439,Tables,*,CA-2018-141439,$258
CA-2018-141446,Accessories,*,CA-2018-141446,$18
CA-2018-141481,Appliances,*,CA-2018-141481,$61
CA-2018-141572,Furnishings,*,CA-2018-141572,$247
CA-2018-141614,Paper,*,CA-2018-141614,$21
CA-2018-141663,Fasteners,*,CA-2018-141663,$8
CA-2018-141705,Tables,*,CA-2018-141705,$517
CA-2018-141719,Accessories,*,CA-2018-141719,$240
CA-2018-141733,Appliances,*,CA-2018-141733,$87
CA-2018-141733,Chairs,*,CA-2018-141733,"$1,962"
CA-2018-141747,Storage,*,CA-2018-141747,$16
CA-2018-141782,Envelopes,*,CA-2018-141782,$269
CA-2018-141789,Binders,*,CA-2018-141789,"$1,794"
CA-2018-141873,Binders,*,CA-2018-141873,$31
CA-2018-141873,Bookcases,*,CA-2018-141873,$314
CA-2018-141873,Paper,*,CA-2018-141873,$19
CA-2018-141929,Binders,*,CA-2018-141929,$488
CA-2018-141929,Phones,*,CA-2018-141929,$6
CA-2018-141929,Storage,*,CA-2018-141929,$218
CA-2018-141992,Storage,*,CA-2018-141992,$154
CA-2018-141992,Supplies,*,CA-2018-141992,$11
CA-2018-142034,Accessories,*,CA-2018-142034,$728
CA-2018-142034,Chairs,*,CA-2018-142034,$604
CA-2018-142090,Accessories,*,CA-2018-142090,$384
CA-2018-142090,Tables,*,CA-2018-142090,"$1,782"
CA-2018-142125,Binders,*,CA-2018-142125,$61
CA-2018-142174,Paper,*,CA-2018-142174,$90
CA-2018-142293,Accessories,*,CA-2018-142293,$90
CA-2018-142328,Paper,*,CA-2018-142328,$50
CA-2018-142342,Bookcases,*,CA-2018-142342,"$1,194"
CA-2018-142342,Envelopes,*,CA-2018-142342,$58
CA-2018-142342,Paper,*,CA-2018-142342,$32
CA-2018-142342,Storage,*,CA-2018-142342,$11
CA-2018-142391,Furnishings,*,CA-2018-142391,$200
CA-2018-142461,Bookcases,*,CA-2018-142461,$205
CA-2018-142489,Binders,*,CA-2018-142489,$22
CA-2018-142622,Bookcases,*,CA-2018-142622,$200
CA-2018-142622,Chairs,*,CA-2018-142622,$712
CA-2018-142636,Chairs,*,CA-2018-142636,$307
CA-2018-142636,Paper,*,CA-2018-142636,$140
CA-2018-142643,Furnishings,*,CA-2018-142643,$23
CA-2018-142643,Labels,*,CA-2018-142643,$153
CA-2018-142671,Binders,*,CA-2018-142671,$12
CA-2018-142776,Binders,*,CA-2018-142776,$5
CA-2018-142776,Envelopes,*,CA-2018-142776,$7
CA-2018-142867,Binders,*,CA-2018-142867,$14
CA-2018-142867,Paper,*,CA-2018-142867,$10
CA-2018-142888,Tables,*,CA-2018-142888,$71
CA-2018-142909,Tables,*,CA-2018-142909,$183
CA-2018-143021,Binders,*,CA-2018-143021,$58
CA-2018-143021,Tables,*,CA-2018-143021,$80
CA-2018-143035,Accessories,*,CA-2018-143035,$372
CA-2018-143035,Art,*,CA-2018-143035,$7
CA-2018-143035,Furnishings,*,CA-2018-143035,$84
CA-2018-143063,Envelopes,*,CA-2018-143063,$70
CA-2018-143063,Furnishings,*,CA-2018-143063,$121
CA-2018-143063,Phones,*,CA-2018-143063,"$1,454"
CA-2018-143084,Art,*,CA-2018-143084,$14
CA-2018-143084,Envelopes,*,CA-2018-143084,$19
CA-2018-143112,Chairs,*,CA-2018-143112,$221
CA-2018-143112,Machines,*,CA-2018-143112,"$5,200"
CA-2018-143112,Phones,*,CA-2018-143112,$88
CA-2018-143126,Tables,*,CA-2018-143126,$522
CA-2018-143217,Binders,*,CA-2018-143217,$18
CA-2018-143245,Chairs,*,CA-2018-143245,$897
CA-2018-143245,Paper,*,CA-2018-143245,$19
CA-2018-143252,Accessories,*,CA-2018-143252,$29
CA-2018-143252,Furnishings,*,CA-2018-143252,$100
CA-2018-143259,Binders,*,CA-2018-143259,$53
CA-2018-143259,Bookcases,*,CA-2018-143259,$323
CA-2018-143259,Phones,*,CA-2018-143259,$91
CA-2018-143294,Paper,*,CA-2018-143294,$11
CA-2018-143329,Furnishings,*,CA-2018-143329,$41
CA-2018-143343,Art,*,CA-2018-143343,$16
CA-2018-143378,Art,*,CA-2018-143378,$24
CA-2018-143378,Bookcases,*,CA-2018-143378,$73
CA-2018-143378,Furnishings,*,CA-2018-143378,$409
CA-2018-143378,Phones,*,CA-2018-143378,$192
CA-2018-143434,Furnishings,*,CA-2018-143434,$20
CA-2018-143455,Paper,*,CA-2018-143455,$10
CA-2018-143567,Accessories,*,CA-2018-143567,"$2,250"
CA-2018-143567,Chairs,*,CA-2018-143567,$976
CA-2018-143567,Envelopes,*,CA-2018-143567,$5
CA-2018-143567,Storage,*,CA-2018-143567,$60
CA-2018-143574,Bookcases,*,CA-2018-143574,$639
CA-2018-143574,Furnishings,*,CA-2018-143574,$25
CA-2018-143574,Supplies,*,CA-2018-143574,$31
CA-2018-143651,Art,*,CA-2018-143651,$23
CA-2018-143658,Art,*,CA-2018-143658,$110
CA-2018-143665,Labels,*,CA-2018-143665,$39
CA-2018-143665,Paper,*,CA-2018-143665,$20
CA-2018-143686,Accessories,*,CA-2018-143686,"$1,400"
CA-2018-143686,Furnishings,*,CA-2018-143686,$18
CA-2018-143756,Chairs,*,CA-2018-143756,$702
CA-2018-143798,Furnishings,*,CA-2018-143798,$311
CA-2018-143798,Paper,*,CA-2018-143798,$10
CA-2018-143861,Furnishings,*,CA-2018-143861,$17
CA-2018-144036,Art,*,CA-2018-144036,$36
CA-2018-144064,Binders,*,CA-2018-144064,$3
CA-2018-144064,Labels,*,CA-2018-144064,$47
CA-2018-144064,Storage,*,CA-2018-144064,$27
CA-2018-144113,Envelopes,*,CA-2018-144113,$18
CA-2018-144113,Phones,*,CA-2018-144113,$56
CA-2018-144225,Paper,*,CA-2018-144225,$165
CA-2018-144365,Fasteners,*,CA-2018-144365,$12
CA-2018-144456,Phones,*,CA-2018-144456,$158
CA-2018-144456,Storage,*,CA-2018-144456,$62
CA-2018-144463,Furnishings,*,CA-2018-144463,$474
CA-2018-144484,Appliances,*,CA-2018-144484,$407
CA-2018-144484,Furnishings,*,CA-2018-144484,$32
CA-2018-144491,Accessories,*,CA-2018-144491,$40
CA-2018-144491,Bookcases,*,CA-2018-144491,"$1,023"
CA-2018-144491,Chairs,*,CA-2018-144491,$812
CA-2018-144498,Binders,*,CA-2018-144498,$69
CA-2018-144498,Labels,*,CA-2018-144498,$122
CA-2018-144498,Phones,*,CA-2018-144498,$627
CA-2018-144526,Binders,*,CA-2018-144526,$14
CA-2018-144526,Phones,*,CA-2018-144526,$678
CA-2018-144568,Fasteners,*,CA-2018-144568,$24
CA-2018-144589,Art,*,CA-2018-144589,$24
CA-2018-144589,Phones,*,CA-2018-144589,$360
CA-2018-144596,Paper,*,CA-2018-144596,$319
CA-2018-144638,Art,*,CA-2018-144638,$5
CA-2018-144638,Furnishings,*,CA-2018-144638,$51
CA-2018-144638,Phones,*,CA-2018-144638,$36
CA-2018-144680,Appliances,*,CA-2018-144680,$34
CA-2018-144694,Accessories,*,CA-2018-144694,$18
CA-2018-144694,Labels,*,CA-2018-144694,$236
CA-2018-144750,Paper,*,CA-2018-144750,$84
CA-2018-144820,Art,*,CA-2018-144820,$21
CA-2018-144827,Storage,*,CA-2018-144827,$124
CA-2018-144848,Phones,*,CA-2018-144848,$160
CA-2018-144848,Supplies,*,CA-2018-144848,$240
CA-2018-144862,Envelopes,*,CA-2018-144862,$105
CA-2018-144862,Phones,*,CA-2018-144862,$63
CA-2018-144883,Labels,*,CA-2018-144883,$50
CA-2018-144904,Art,*,CA-2018-144904,$6
CA-2018-144904,Chairs,*,CA-2018-144904,$489
CA-2018-144904,Furnishings,*,CA-2018-144904,$47
CA-2018-144904,Labels,*,CA-2018-144904,$21
CA-2018-144932,Art,*,CA-2018-144932,$104
CA-2018-144932,Paper,*,CA-2018-144932,$14
CA-2018-145037,Paper,*,CA-2018-145037,$227
CA-2018-145037,Storage,*,CA-2018-145037,$11
CA-2018-145093,Binders,*,CA-2018-145093,$2
CA-2018-145128,Furnishings,*,CA-2018-145128,$526
CA-2018-145142,Tables,*,CA-2018-145142,$211
CA-2018-145219,Binders,*,CA-2018-145219,$90
CA-2018-145219,Copiers,*,CA-2018-145219,"$2,880"
CA-2018-145226,Furnishings,*,CA-2018-145226,$109
CA-2018-145226,Paper,*,CA-2018-145226,$19
CA-2018-145226,Storage,*,CA-2018-145226,$305
CA-2018-145233,Appliances,*,CA-2018-145233,$31
CA-2018-145233,Binders,*,CA-2018-145233,$7
CA-2018-145233,Phones,*,CA-2018-145233,$982
CA-2018-145275,Labels,*,CA-2018-145275,$15
CA-2018-145310,Envelopes,*,CA-2018-145310,$8
CA-2018-145338,Art,*,CA-2018-145338,$5
CA-2018-145429,Binders,*,CA-2018-145429,$50
CA-2018-145429,Chairs,*,CA-2018-145429,$225
CA-2018-145429,Paper,*,CA-2018-145429,$16
CA-2018-145443,Paper,*,CA-2018-145443,$177
CA-2018-145506,Storage,*,CA-2018-145506,$136
CA-2018-145653,Chairs,*,CA-2018-145653,$498
CA-2018-145660,Furnishings,*,CA-2018-145660,$8
CA-2018-145702,Chairs,*,CA-2018-145702,$314
CA-2018-145702,Paper,*,CA-2018-145702,$28
CA-2018-145737,Paper,*,CA-2018-145737,$164
CA-2018-145765,Accessories,*,CA-2018-145765,$272
CA-2018-145765,Paper,*,CA-2018-145765,$16
CA-2018-145765,Phones,*,CA-2018-145765,$196
CA-2018-145772,Accessories,*,CA-2018-145772,$45
CA-2018-145772,Binders,*,CA-2018-145772,$4
CA-2018-145772,Paper,*,CA-2018-145772,$12
CA-2018-145779,Paper,*,CA-2018-145779,$84
CA-2018-145807,Storage,*,CA-2018-145807,$355
CA-2018-145877,Envelopes,*,CA-2018-145877,$28
CA-2018-145877,Storage,*,CA-2018-145877,$94
CA-2018-145884,Phones,*,CA-2018-145884,"$1,440"
CA-2018-145884,Tables,*,CA-2018-145884,$262
CA-2018-146024,Binders,*,CA-2018-146024,$12
CA-2018-146024,Supplies,*,CA-2018-146024,$7
CA-2018-146031,Art,*,CA-2018-146031,$60
CA-2018-146136,Envelopes,*,CA-2018-146136,$24
CA-2018-146164,Storage,*,CA-2018-146164,$31
CA-2018-146164,Tables,*,CA-2018-146164,$608
CA-2018-146185,Art,*,CA-2018-146185,$32
CA-2018-146192,Storage,*,CA-2018-146192,$675
CA-2018-146269,Art,*,CA-2018-146269,$19
CA-2018-146269,Storage,*,CA-2018-146269,$290
CA-2018-146346,Storage,*,CA-2018-146346,$146
CA-2018-146360,Accessories,*,CA-2018-146360,$155
CA-2018-146367,Binders,*,CA-2018-146367,$3
CA-2018-146458,Art,*,CA-2018-146458,$23
CA-2018-146493,Binders,*,CA-2018-146493,$54
CA-2018-146535,Binders,*,CA-2018-146535,$3
CA-2018-146535,Storage,*,CA-2018-146535,"$1,444"
CA-2018-146626,Furnishings,*,CA-2018-146626,$101
CA-2018-146724,Art,*,CA-2018-146724,$22
CA-2018-146780,Furnishings,*,CA-2018-146780,$42
CA-2018-146920,Paper,*,CA-2018-146920,$52
CA-2018-146983,Binders,*,CA-2018-146983,"$1,578"
CA-2018-147032,Binders,*,CA-2018-147032,$861
CA-2018-147032,Paper,*,CA-2018-147032,$12
CA-2018-147039,Appliances,*,CA-2018-147039,$363
CA-2018-147039,Binders,*,CA-2018-147039,$12
CA-2018-147144,Art,*,CA-2018-147144,$20
CA-2018-147207,Appliances,*,CA-2018-147207,$5
CA-2018-147207,Art,*,CA-2018-147207,$32
CA-2018-147207,Storage,*,CA-2018-147207,$372
CA-2018-147207,Tables,*,CA-2018-147207,$913
CA-2018-147228,Furnishings,*,CA-2018-147228,$14
CA-2018-147228,Paper,*,CA-2018-147228,$178
CA-2018-147228,Storage,*,CA-2018-147228,$258
CA-2018-147228,Supplies,*,CA-2018-147228,$9
CA-2018-147277,Storage,*,CA-2018-147277,$665
CA-2018-147277,Tables,*,CA-2018-147277,$284
CA-2018-147291,Binders,*,CA-2018-147291,$896
CA-2018-147333,Accessories,*,CA-2018-147333,$205
CA-2018-147354,Binders,*,CA-2018-147354,$31
CA-2018-147354,Copiers,*,CA-2018-147354,$480
CA-2018-147361,Storage,*,CA-2018-147361,$685
CA-2018-147403,Paper,*,CA-2018-147403,$85
CA-2018-147410,Storage,*,CA-2018-147410,$421
CA-2018-147452,Appliances,*,CA-2018-147452,$4
CA-2018-147452,Paper,*,CA-2018-147452,$180
CA-2018-147550,Furnishings,*,CA-2018-147550,$11
CA-2018-147564,Paper,*,CA-2018-147564,$49
CA-2018-147725,Art,*,CA-2018-147725,$71
CA-2018-147753,Labels,*,CA-2018-147753,$25
CA-2018-147760,Phones,*,CA-2018-147760,"$1,360"
CA-2018-147760,Tables,*,CA-2018-147760,$524
CA-2018-147767,Binders,*,CA-2018-147767,$68
CA-2018-147844,Art,*,CA-2018-147844,$60
CA-2018-147844,Paper,*,CA-2018-147844,$50
CA-2018-147942,Binders,*,CA-2018-147942,$122
CA-2018-147942,Labels,*,CA-2018-147942,$6
CA-2018-147956,Storage,*,CA-2018-147956,"$1,004"
CA-2018-148012,Art,*,CA-2018-148012,$3
CA-2018-148068,Furnishings,*,CA-2018-148068,$10
CA-2018-148068,Paper,*,CA-2018-148068,$19
CA-2018-148138,Storage,*,CA-2018-148138,$51
CA-2018-148145,Art,*,CA-2018-148145,$46
CA-2018-148166,Art,*,CA-2018-148166,$18
CA-2018-148264,Furnishings,*,CA-2018-148264,$129
CA-2018-148264,Paper,*,CA-2018-148264,$60
CA-2018-148264,Storage,*,CA-2018-148264,$30
CA-2018-148320,Paper,*,CA-2018-148320,$36
CA-2018-148355,Binders,*,CA-2018-148355,$12
CA-2018-148355,Paper,*,CA-2018-148355,$19
CA-2018-148404,Binders,*,CA-2018-148404,$50
CA-2018-148404,Fasteners,*,CA-2018-148404,$19
CA-2018-148404,Phones,*,CA-2018-148404,$222
CA-2018-148404,Storage,*,CA-2018-148404,$581
CA-2018-148404,Tables,*,CA-2018-148404,$155
CA-2018-148411,Chairs,*,CA-2018-148411,$520
CA-2018-148411,Paper,*,CA-2018-148411,$11
CA-2018-148446,Tables,*,CA-2018-148446,"$1,670"
CA-2018-148474,Binders,*,CA-2018-148474,$91
CA-2018-148474,Tables,*,CA-2018-148474,$453
CA-2018-148642,Art,*,CA-2018-148642,$63
CA-2018-148642,Labels,*,CA-2018-148642,$5
CA-2018-148691,Binders,*,CA-2018-148691,$99
CA-2018-148691,Labels,*,CA-2018-148691,$3
CA-2018-148691,Phones,*,CA-2018-148691,$137
CA-2018-148810,Chairs,*,CA-2018-148810,$274
CA-2018-148810,Labels,*,CA-2018-148810,$14
CA-2018-148922,Accessories,*,CA-2018-148922,$600
CA-2018-148922,Binders,*,CA-2018-148922,$46
CA-2018-148922,Phones,*,CA-2018-148922,$39
CA-2018-148929,Storage,*,CA-2018-148929,$478
CA-2018-148985,Furnishings,*,CA-2018-148985,$35
CA-2018-148992,Paper,*,CA-2018-148992,$11
CA-2018-148999,Chairs,*,CA-2018-148999,$419
CA-2018-149048,Binders,*,CA-2018-149048,$915
CA-2018-149048,Envelopes,*,CA-2018-149048,$181
CA-2018-149048,Paper,*,CA-2018-149048,$15
CA-2018-149048,Phones,*,CA-2018-149048,$588
CA-2018-149048,Storage,*,CA-2018-149048,$530
CA-2018-149076,Paper,*,CA-2018-149076,$155
CA-2018-149146,Paper,*,CA-2018-149146,$8
CA-2018-149160,Binders,*,CA-2018-149160,$288
CA-2018-149160,Furnishings,*,CA-2018-149160,$28
CA-2018-149181,Chairs,*,CA-2018-149181,$48
CA-2018-149468,Binders,*,CA-2018-149468,$41
CA-2018-149489,Appliances,*,CA-2018-149489,$99
CA-2018-149489,Binders,*,CA-2018-149489,$9
CA-2018-149559,Chairs,*,CA-2018-149559,"$2,054"
CA-2018-149559,Envelopes,*,CA-2018-149559,$22
CA-2018-149559,Paper,*,CA-2018-149559,$13
CA-2018-149699,Accessories,*,CA-2018-149699,$475
CA-2018-149706,Accessories,*,CA-2018-149706,$116
CA-2018-149720,Furnishings,*,CA-2018-149720,$30
CA-2018-149853,Appliances,*,CA-2018-149853,$18
CA-2018-149853,Paper,*,CA-2018-149853,$16
CA-2018-149881,Bookcases,*,CA-2018-149881,$483
CA-2018-149881,Machines,*,CA-2018-149881,"$4,800"
CA-2018-149888,Phones,*,CA-2018-149888,$360
CA-2018-149888,Tables,*,CA-2018-149888,$350
CA-2018-149895,Phones,*,CA-2018-149895,$259
CA-2018-149944,Appliances,*,CA-2018-149944,$76
CA-2018-149944,Fasteners,*,CA-2018-149944,$18
CA-2018-150091,Accessories,*,CA-2018-150091,$45
CA-2018-150091,Bookcases,*,CA-2018-150091,"$2,155"
CA-2018-150091,Fasteners,*,CA-2018-150091,$18
CA-2018-150091,Furnishings,*,CA-2018-150091,$40
CA-2018-150189,Labels,*,CA-2018-150189,$75
CA-2018-150266,Appliances,*,CA-2018-150266,$68
CA-2018-150266,Art,*,CA-2018-150266,$19
CA-2018-150266,Chairs,*,CA-2018-150266,$854
CA-2018-150266,Phones,*,CA-2018-150266,$300
CA-2018-150420,Accessories,*,CA-2018-150420,"$1,100"
CA-2018-150469,Fasteners,*,CA-2018-150469,$12
CA-2018-150497,Binders,*,CA-2018-150497,$736
CA-2018-150504,Storage,*,CA-2018-150504,$18
CA-2018-150525,Appliances,*,CA-2018-150525,$13
CA-2018-150525,Art,*,CA-2018-150525,$7
CA-2018-150602,Furnishings,*,CA-2018-150602,$21
CA-2018-150609,Binders,*,CA-2018-150609,$23
CA-2018-150623,Accessories,*,CA-2018-150623,$100
CA-2018-150623,Storage,*,CA-2018-150623,$286
CA-2018-150707,Binders,*,CA-2018-150707,$38
CA-2018-150910,Accessories,*,CA-2018-150910,$47
CA-2018-150910,Appliances,*,CA-2018-150910,$59
CA-2018-150910,Art,*,CA-2018-150910,$23
CA-2018-150910,Storage,*,CA-2018-150910,$26
CA-2018-150910,Tables,*,CA-2018-150910,$935
CA-2018-150931,Binders,*,CA-2018-150931,$34
CA-2018-150959,Binders,*,CA-2018-150959,$18
CA-2018-150959,Labels,*,CA-2018-150959,$10
CA-2018-150987,Paper,*,CA-2018-150987,$440
CA-2018-151008,Furnishings,*,CA-2018-151008,$25
CA-2018-151008,Phones,*,CA-2018-151008,$127
CA-2018-151071,Binders,*,CA-2018-151071,$14
CA-2018-151176,Art,*,CA-2018-151176,$11
CA-2018-151176,Supplies,*,CA-2018-151176,$25
CA-2018-151183,Accessories,*,CA-2018-151183,$46
CA-2018-151190,Paper,*,CA-2018-151190,$20
CA-2018-151211,Accessories,*,CA-2018-151211,$98
CA-2018-151211,Binders,*,CA-2018-151211,$103
CA-2018-151218,Storage,*,CA-2018-151218,$4
CA-2018-151225,Phones,*,CA-2018-151225,$72
CA-2018-151225,Tables,*,CA-2018-151225,$190
CA-2018-151281,Furnishings,*,CA-2018-151281,$140
CA-2018-151358,Storage,*,CA-2018-151358,$323
CA-2018-151428,Binders,*,CA-2018-151428,$20
CA-2018-151484,Furnishings,*,CA-2018-151484,$94
CA-2018-151484,Storage,*,CA-2018-151484,$384
CA-2018-151596,Storage,*,CA-2018-151596,$43
CA-2018-151750,Appliances,*,CA-2018-151750,$15
CA-2018-151750,Art,*,CA-2018-151750,$13
CA-2018-151750,Binders,*,CA-2018-151750,$20
CA-2018-151750,Chairs,*,CA-2018-151750,$311
CA-2018-151750,Furnishings,*,CA-2018-151750,$141
CA-2018-151750,Storage,*,CA-2018-151750,$455
CA-2018-151799,Copiers,*,CA-2018-151799,"$1,200"
CA-2018-151799,Fasteners,*,CA-2018-151799,$17
CA-2018-151799,Storage,*,CA-2018-151799,$74
CA-2018-151799,Supplies,*,CA-2018-151799,$26
CA-2018-151799,Tables,*,CA-2018-151799,$527
CA-2018-151855,Accessories,*,CA-2018-151855,$27
CA-2018-151855,Binders,*,CA-2018-151855,$12
CA-2018-151911,Envelopes,*,CA-2018-151911,$63
CA-2018-151981,Art,*,CA-2018-151981,$228
CA-2018-151981,Labels,*,CA-2018-151981,$25
CA-2018-151981,Phones,*,CA-2018-151981,$825
CA-2018-152079,Labels,*,CA-2018-152079,$12
CA-2018-152093,Binders,*,CA-2018-152093,$763
CA-2018-152135,Phones,*,CA-2018-152135,$445
CA-2018-152142,Chairs,*,CA-2018-152142,$322
CA-2018-152198,Binders,*,CA-2018-152198,$11
CA-2018-152198,Labels,*,CA-2018-152198,$18
CA-2018-152205,Binders,*,CA-2018-152205,$3
CA-2018-152226,Labels,*,CA-2018-152226,$6
CA-2018-152261,Binders,*,CA-2018-152261,$19
CA-2018-152275,Art,*,CA-2018-152275,$7
CA-2018-152310,Accessories,*,CA-2018-152310,$175
CA-2018-152310,Binders,*,CA-2018-152310,$101
CA-2018-152310,Copiers,*,CA-2018-152310,$300
CA-2018-152310,Paper,*,CA-2018-152310,$192
CA-2018-152310,Phones,*,CA-2018-152310,$243
CA-2018-152310,Storage,*,CA-2018-152310,$47
CA-2018-152436,Storage,*,CA-2018-152436,$593
CA-2018-152485,Art,*,CA-2018-152485,$23
CA-2018-152485,Storage,*,CA-2018-152485,$17
CA-2018-152499,Art,*,CA-2018-152499,$8
CA-2018-152499,Fasteners,*,CA-2018-152499,$15
CA-2018-152583,Furnishings,*,CA-2018-152583,$16
CA-2018-152583,Storage,*,CA-2018-152583,$54
CA-2018-152583,Tables,*,CA-2018-152583,$251
CA-2018-152660,Storage,*,CA-2018-152660,$62
CA-2018-152695,Appliances,*,CA-2018-152695,$427
CA-2018-152695,Envelopes,*,CA-2018-152695,$11
CA-2018-152702,Chairs,*,CA-2018-152702,$255
CA-2018-152709,Storage,*,CA-2018-152709,$86
CA-2018-152737,Accessories,*,CA-2018-152737,$440
CA-2018-152737,Binders,*,CA-2018-152737,$22
CA-2018-152786,Binders,*,CA-2018-152786,$40
CA-2018-152807,Accessories,*,CA-2018-152807,$442
CA-2018-152807,Furnishings,*,CA-2018-152807,$7
CA-2018-152807,Paper,*,CA-2018-152807,$21
CA-2018-152807,Storage,*,CA-2018-152807,$11
CA-2018-152856,Accessories,*,CA-2018-152856,$117
CA-2018-152912,Accessories,*,CA-2018-152912,$827
CA-2018-152912,Binders,*,CA-2018-152912,$10
CA-2018-152912,Storage,*,CA-2018-152912,"$2,178"
CA-2018-152926,Appliances,*,CA-2018-152926,$37
CA-2018-152933,Accessories,*,CA-2018-152933,$792
CA-2018-152933,Paper,*,CA-2018-152933,$10
CA-2018-152933,Phones,*,CA-2018-152933,$370
CA-2018-152961,Paper,*,CA-2018-152961,$13
CA-2018-152968,Accessories,*,CA-2018-152968,$23
CA-2018-152975,Art,*,CA-2018-152975,$30
CA-2018-152975,Chairs,*,CA-2018-152975,$589
CA-2018-152975,Phones,*,CA-2018-152975,"$1,080"
CA-2018-152975,Storage,*,CA-2018-152975,$71
CA-2018-153045,Chairs,*,CA-2018-153045,$887
CA-2018-153045,Furnishings,*,CA-2018-153045,$32
CA-2018-153045,Paper,*,CA-2018-153045,$22
CA-2018-153045,Phones,*,CA-2018-153045,$430
CA-2018-153080,Accessories,*,CA-2018-153080,$68
CA-2018-153227,Paper,*,CA-2018-153227,$12
CA-2018-153339,Furnishings,*,CA-2018-153339,$16
CA-2018-153654,Binders,*,CA-2018-153654,$19
CA-2018-153787,Appliances,*,CA-2018-153787,$97
CA-2018-153822,Accessories,*,CA-2018-153822,$90
CA-2018-153822,Binders,*,CA-2018-153822,$18
CA-2018-153822,Phones,*,CA-2018-153822,$472
CA-2018-153822,Storage,*,CA-2018-153822,$13
CA-2018-153843,Appliances,*,CA-2018-153843,$465
CA-2018-153843,Binders,*,CA-2018-153843,$31
CA-2018-153843,Paper,*,CA-2018-153843,$27
CA-2018-153871,Appliances,*,CA-2018-153871,$23
CA-2018-153871,Binders,*,CA-2018-153871,$776
CA-2018-154011,Binders,*,CA-2018-154011,$7
CA-2018-154011,Tables,*,CA-2018-154011,$457
CA-2018-154039,Phones,*,CA-2018-154039,$125
CA-2018-154039,Tables,*,CA-2018-154039,$481
CA-2018-154074,Chairs,*,CA-2018-154074,$570
CA-2018-154074,Storage,*,CA-2018-154074,$150
CA-2018-154088,Paper,*,CA-2018-154088,$27
CA-2018-154102,Paper,*,CA-2018-154102,$30
CA-2018-154109,Chairs,*,CA-2018-154109,$127
CA-2018-154109,Paper,*,CA-2018-154109,$48
CA-2018-154116,Appliances,*,CA-2018-154116,$54
CA-2018-154116,Paper,*,CA-2018-154116,$23
CA-2018-154116,Phones,*,CA-2018-154116,$197
CA-2018-154123,Furnishings,*,CA-2018-154123,$28
CA-2018-154137,Storage,*,CA-2018-154137,$35
CA-2018-154214,Furnishings,*,CA-2018-154214,$3
CA-2018-154410,Storage,*,CA-2018-154410,$909
CA-2018-154466,Binders,*,CA-2018-154466,$4
CA-2018-154501,Art,*,CA-2018-154501,$10
CA-2018-154676,Storage,*,CA-2018-154676,$151
CA-2018-154718,Labels,*,CA-2018-154718,$6
CA-2018-154732,Binders,*,CA-2018-154732,$16
CA-2018-154760,Binders,*,CA-2018-154760,$274
CA-2018-154809,Appliances,*,CA-2018-154809,$91
CA-2018-154816,Paper,*,CA-2018-154816,$6
CA-2018-154907,Bookcases,*,CA-2018-154907,$205
CA-2018-154935,Binders,*,CA-2018-154935,$18
CA-2018-154949,Labels,*,CA-2018-154949,$15
CA-2018-155047,Art,*,CA-2018-155047,$6
CA-2018-155075,Binders,*,CA-2018-155075,$631
CA-2018-155089,Binders,*,CA-2018-155089,$46
CA-2018-155152,Accessories,*,CA-2018-155152,$252
CA-2018-155159,Paper,*,CA-2018-155159,$49
CA-2018-155292,Chairs,*,CA-2018-155292,$34
CA-2018-155292,Labels,*,CA-2018-155292,$30
CA-2018-155292,Storage,*,CA-2018-155292,$106
CA-2018-155292,Supplies,*,CA-2018-155292,$35
CA-2018-155362,Storage,*,CA-2018-155362,$33
CA-2018-155376,Appliances,*,CA-2018-155376,$839
CA-2018-155460,Binders,*,CA-2018-155460,$896
CA-2018-155460,Paper,*,CA-2018-155460,$5
CA-2018-155558,Accessories,*,CA-2018-155558,$20
CA-2018-155558,Labels,*,CA-2018-155558,$6
CA-2018-155607,Appliances,*,CA-2018-155607,$59
CA-2018-155607,Binders,*,CA-2018-155607,$93
CA-2018-155621,Furnishings,*,CA-2018-155621,$274
CA-2018-155642,Furnishings,*,CA-2018-155642,$25
CA-2018-155698,Appliances,*,CA-2018-155698,$648
CA-2018-155698,Labels,*,CA-2018-155698,$21
CA-2018-155705,Chairs,*,CA-2018-155705,$866
CA-2018-155712,Binders,*,CA-2018-155712,$108
CA-2018-155740,Binders,*,CA-2018-155740,$77
CA-2018-155824,Appliances,*,CA-2018-155824,$49
CA-2018-155824,Binders,*,CA-2018-155824,$13
CA-2018-155873,Paper,*,CA-2018-155873,$212
CA-2018-155873,Supplies,*,CA-2018-155873,$17
CA-2018-155880,Chairs,*,CA-2018-155880,"$1,987"
CA-2018-155929,Paper,*,CA-2018-155929,$6
CA-2018-155936,Binders,*,CA-2018-155936,$3
CA-2018-155957,Appliances,*,CA-2018-155957,$265
CA-2018-155985,Furnishings,*,CA-2018-155985,$212
CA-2018-156237,Binders,*,CA-2018-156237,$22
CA-2018-156237,Chairs,*,CA-2018-156237,$113
CA-2018-156237,Furnishings,*,CA-2018-156237,$128
CA-2018-156237,Machines,*,CA-2018-156237,$254
CA-2018-156272,Appliances,*,CA-2018-156272,$64
CA-2018-156363,Envelopes,*,CA-2018-156363,$32
CA-2018-156363,Phones,*,CA-2018-156363,$33
CA-2018-156391,Art,*,CA-2018-156391,$2
CA-2018-156412,Binders,*,CA-2018-156412,$5
CA-2018-156622,Binders,*,CA-2018-156622,$6
CA-2018-156622,Paper,*,CA-2018-156622,$115
CA-2018-156622,Tables,*,CA-2018-156622,$128
CA-2018-156664,Appliances,*,CA-2018-156664,$130
CA-2018-156664,Binders,*,CA-2018-156664,$7
CA-2018-156664,Fasteners,*,CA-2018-156664,$5
CA-2018-156664,Paper,*,CA-2018-156664,$91
CA-2018-156720,Fasteners,*,CA-2018-156720,$3
CA-2018-156769,Art,*,CA-2018-156769,$55
CA-2018-156776,Accessories,*,CA-2018-156776,$56
CA-2018-156776,Appliances,*,CA-2018-156776,"$1,473"
CA-2018-156776,Binders,*,CA-2018-156776,$43
CA-2018-156776,Chairs,*,CA-2018-156776,$207
CA-2018-156776,Furnishings,*,CA-2018-156776,$52
CA-2018-156776,Paper,*,CA-2018-156776,$25
CA-2018-156776,Phones,*,CA-2018-156776,$708
CA-2018-156818,Accessories,*,CA-2018-156818,$133
CA-2018-156895,Chairs,*,CA-2018-156895,$128
CA-2018-156951,Binders,*,CA-2018-156951,$81
CA-2018-156951,Chairs,*,CA-2018-156951,$451
CA-2018-156951,Paper,*,CA-2018-156951,$111
CA-2018-156958,Binders,*,CA-2018-156958,$266
CA-2018-156958,Furnishings,*,CA-2018-156958,$200
CA-2018-156958,Phones,*,CA-2018-156958,$31
CA-2018-157091,Furnishings,*,CA-2018-157091,$526
CA-2018-157112,Binders,*,CA-2018-157112,$12
CA-2018-157112,Paper,*,CA-2018-157112,$5
CA-2018-157196,Paper,*,CA-2018-157196,$13
CA-2018-157252,Chairs,*,CA-2018-157252,$208
CA-2018-157273,Phones,*,CA-2018-157273,$605
CA-2018-157350,Furnishings,*,CA-2018-157350,$65
CA-2018-157413,Storage,*,CA-2018-157413,$325
CA-2018-157420,Phones,*,CA-2018-157420,$55
CA-2018-157448,Furnishings,*,CA-2018-157448,$132
CA-2018-157469,Art,*,CA-2018-157469,$20
CA-2018-157469,Phones,*,CA-2018-157469,$151
CA-2018-157483,Art,*,CA-2018-157483,$182
CA-2018-157651,Accessories,*,CA-2018-157651,$14
CA-2018-157672,Accessories,*,CA-2018-157672,$64
CA-2018-157833,Binders,*,CA-2018-157833,$51
CA-2018-157854,Binders,*,CA-2018-157854,"$2,691"
CA-2018-157854,Furnishings,*,CA-2018-157854,$56
CA-2018-157903,Phones,*,CA-2018-157903,$384
CA-2018-157931,Chairs,*,CA-2018-157931,$724
CA-2018-157931,Paper,*,CA-2018-157931,$106
CA-2018-157966,Art,*,CA-2018-157966,$49
CA-2018-157966,Chairs,*,CA-2018-157966,$90
CA-2018-157966,Copiers,*,CA-2018-157966,$960
CA-2018-157966,Machines,*,CA-2018-157966,$210
CA-2018-157966,Paper,*,CA-2018-157966,$16
CA-2018-157966,Phones,*,CA-2018-157966,$34
CA-2018-157980,Accessories,*,CA-2018-157980,$128
CA-2018-157987,Accessories,*,CA-2018-157987,$406
CA-2018-157987,Appliances,*,CA-2018-157987,$13
CA-2018-157987,Art,*,CA-2018-157987,$28
CA-2018-157987,Binders,*,CA-2018-157987,$26
CA-2018-157987,Chairs,*,CA-2018-157987,"$1,282"
CA-2018-157987,Furnishings,*,CA-2018-157987,$12
CA-2018-157987,Labels,*,CA-2018-157987,$19
CA-2018-157987,Paper,*,CA-2018-157987,$17
CA-2018-157987,Phones,*,CA-2018-157987,$198
CA-2018-157987,Tables,*,CA-2018-157987,$255
CA-2018-158036,Accessories,*,CA-2018-158036,$9
CA-2018-158071,Labels,*,CA-2018-158071,$12
CA-2018-158071,Phones,*,CA-2018-158071,$89
CA-2018-158071,Storage,*,CA-2018-158071,$16
CA-2018-158106,Art,*,CA-2018-158106,$9
CA-2018-158120,Binders,*,CA-2018-158120,$4
CA-2018-158120,Paper,*,CA-2018-158120,$20
CA-2018-158169,Appliances,*,CA-2018-158169,$543
CA-2018-158169,Furnishings,*,CA-2018-158169,$55
CA-2018-158246,Chairs,*,CA-2018-158246,$216
CA-2018-158344,Accessories,*,CA-2018-158344,$64
CA-2018-158379,Accessories,*,CA-2018-158379,$80
CA-2018-158379,Binders,*,CA-2018-158379,$6
CA-2018-158379,Supplies,*,CA-2018-158379,"$4,664"
CA-2018-158386,Binders,*,CA-2018-158386,$125
CA-2018-158407,Furnishings,*,CA-2018-158407,$32
CA-2018-158407,Phones,*,CA-2018-158407,$72
CA-2018-158561,Appliances,*,CA-2018-158561,"$1,158"
CA-2018-158673,Paper,*,CA-2018-158673,$210
CA-2018-158722,Paper,*,CA-2018-158722,$46
CA-2018-158729,Supplies,*,CA-2018-158729,"$1,666"
CA-2018-158736,Art,*,CA-2018-158736,$6
CA-2018-158743,Art,*,CA-2018-158743,$13
CA-2018-158743,Binders,*,CA-2018-158743,$146
CA-2018-158743,Paper,*,CA-2018-158743,$40
CA-2018-158876,Art,*,CA-2018-158876,$99
CA-2018-158876,Furnishings,*,CA-2018-158876,$16
CA-2018-158876,Paper,*,CA-2018-158876,$17
CA-2018-158876,Supplies,*,CA-2018-158876,$7
CA-2018-158883,Paper,*,CA-2018-158883,$25
CA-2018-158953,Binders,*,CA-2018-158953,$6
CA-2018-158967,Furnishings,*,CA-2018-158967,$19
CA-2018-159100,Accessories,*,CA-2018-159100,$19
CA-2018-159100,Tables,*,CA-2018-159100,"$1,875"
CA-2018-159107,Fasteners,*,CA-2018-159107,$3
CA-2018-159135,Art,*,CA-2018-159135,$4
CA-2018-159149,Art,*,CA-2018-159149,$175
CA-2018-159149,Bookcases,*,CA-2018-159149,$89
CA-2018-159149,Phones,*,CA-2018-159149,$438
CA-2018-159156,Phones,*,CA-2018-159156,$630
CA-2018-159226,Bookcases,*,CA-2018-159226,$345
CA-2018-159282,Machines,*,CA-2018-159282,$600
CA-2018-159352,Phones,*,CA-2018-159352,$70
CA-2018-159366,Machines,*,CA-2018-159366,"$3,060"
CA-2018-159457,Phones,*,CA-2018-159457,$17
CA-2018-159464,Appliances,*,CA-2018-159464,$17
CA-2018-159464,Binders,*,CA-2018-159464,$114
CA-2018-159464,Bookcases,*,CA-2018-159464,$303
CA-2018-159464,Phones,*,CA-2018-159464,$91
CA-2018-159506,Binders,*,CA-2018-159506,$498
CA-2018-159506,Paper,*,CA-2018-159506,$158
CA-2018-159597,Accessories,*,CA-2018-159597,$100
CA-2018-159597,Storage,*,CA-2018-159597,$64
CA-2018-159604,Binders,*,CA-2018-159604,$9
CA-2018-159667,Accessories,*,CA-2018-159667,$192
CA-2018-159667,Phones,*,CA-2018-159667,$499
CA-2018-159688,Accessories,*,CA-2018-159688,$80
CA-2018-159793,Bookcases,*,CA-2018-159793,$131
CA-2018-159884,Fasteners,*,CA-2018-159884,$8
CA-2018-159884,Storage,*,CA-2018-159884,$11
CA-2018-159954,Binders,*,CA-2018-159954,$3
CA-2018-160017,Paper,*,CA-2018-160017,$10
CA-2018-160031,Paper,*,CA-2018-160031,$74
CA-2018-160045,Furnishings,*,CA-2018-160045,$2
CA-2018-160087,Art,*,CA-2018-160087,$24
CA-2018-160122,Chairs,*,CA-2018-160122,$127
CA-2018-160122,Envelopes,*,CA-2018-160122,$56
CA-2018-160325,Phones,*,CA-2018-160325,$830
CA-2018-160416,Accessories,*,CA-2018-160416,$164
CA-2018-160423,Binders,*,CA-2018-160423,$36
CA-2018-160423,Storage,*,CA-2018-160423,$348
CA-2018-160458,Paper,*,CA-2018-160458,$26
CA-2018-160514,Paper,*,CA-2018-160514,$11
CA-2018-160633,Accessories,*,CA-2018-160633,$140
CA-2018-160633,Art,*,CA-2018-160633,$86
CA-2018-160633,Copiers,*,CA-2018-160633,$900
CA-2018-160661,Labels,*,CA-2018-160661,$22
CA-2018-160724,Binders,*,CA-2018-160724,$35
CA-2018-160801,Binders,*,CA-2018-160801,$5
CA-2018-160885,Phones,*,CA-2018-160885,"$2,480"
CA-2018-160899,Binders,*,CA-2018-160899,$478
CA-2018-160927,Furnishings,*,CA-2018-160927,$15
CA-2018-160927,Paper,*,CA-2018-160927,$108
CA-2018-160927,Storage,*,CA-2018-160927,$13
CA-2018-160934,Art,*,CA-2018-160934,$21
CA-2018-160962,Art,*,CA-2018-160962,$7
CA-2018-160962,Storage,*,CA-2018-160962,$8
CA-2018-160983,Paper,*,CA-2018-160983,$47
CA-2018-161018,Furnishings,*,CA-2018-161018,$97
CA-2018-161046,Accessories,*,CA-2018-161046,$300
CA-2018-161046,Appliances,*,CA-2018-161046,$262
CA-2018-161046,Binders,*,CA-2018-161046,$234
CA-2018-161046,Envelopes,*,CA-2018-161046,$43
CA-2018-161053,Accessories,*,CA-2018-161053,$35
CA-2018-161053,Binders,*,CA-2018-161053,$692
CA-2018-161067,Art,*,CA-2018-161067,$6
CA-2018-161067,Chairs,*,CA-2018-161067,$273
CA-2018-161067,Paper,*,CA-2018-161067,$419
CA-2018-161088,Binders,*,CA-2018-161088,$30
CA-2018-161102,Furnishings,*,CA-2018-161102,$37
CA-2018-161102,Storage,*,CA-2018-161102,$57
CA-2018-161130,Phones,*,CA-2018-161130,$361
CA-2018-161172,Accessories,*,CA-2018-161172,$160
CA-2018-161172,Binders,*,CA-2018-161172,$5
CA-2018-161172,Furnishings,*,CA-2018-161172,$51
CA-2018-161172,Phones,*,CA-2018-161172,$44
CA-2018-161172,Storage,*,CA-2018-161172,$54
CA-2018-161200,Bookcases,*,CA-2018-161200,$146
CA-2018-161200,Furnishings,*,CA-2018-161200,$15
CA-2018-161333,Appliances,*,CA-2018-161333,$47
CA-2018-161333,Furnishings,*,CA-2018-161333,$86
CA-2018-161333,Storage,*,CA-2018-161333,$139
CA-2018-161340,Bookcases,*,CA-2018-161340,$116
CA-2018-161340,Paper,*,CA-2018-161340,$14
CA-2018-161410,Phones,*,CA-2018-161410,$904
CA-2018-161459,Paper,*,CA-2018-161459,$34
CA-2018-161459,Phones,*,CA-2018-161459,$40
CA-2018-161480,Bookcases,*,CA-2018-161480,$192
CA-2018-161557,Furnishings,*,CA-2018-161557,$108
CA-2018-161578,Paper,*,CA-2018-161578,$13
CA-2018-161578,Storage,*,CA-2018-161578,$159
CA-2018-161592,Binders,*,CA-2018-161592,$8
CA-2018-161655,Binders,*,CA-2018-161655,$300
CA-2018-161739,Furnishings,*,CA-2018-161739,$342
CA-2018-161774,Art,*,CA-2018-161774,$46
CA-2018-161774,Chairs,*,CA-2018-161774,$899
CA-2018-161774,Paper,*,CA-2018-161774,$125
CA-2018-161774,Phones,*,CA-2018-161774,$8
CA-2018-161809,Phones,*,CA-2018-161809,$161
CA-2018-161823,Art,*,CA-2018-161823,$6
CA-2018-161851,Binders,*,CA-2018-161851,$16
CA-2018-161893,Accessories,*,CA-2018-161893,$96
CA-2018-161893,Binders,*,CA-2018-161893,$5
CA-2018-161956,Appliances,*,CA-2018-161956,$322
CA-2018-161956,Binders,*,CA-2018-161956,$842
CA-2018-161956,Chairs,*,CA-2018-161956,$230
CA-2018-161956,Copiers,*,CA-2018-161956,$880
CA-2018-161956,Furnishings,*,CA-2018-161956,$198
CA-2018-161956,Paper,*,CA-2018-161956,$116
CA-2018-161956,Storage,*,CA-2018-161956,$355
CA-2018-161956,Supplies,*,CA-2018-161956,$28
CA-2018-161970,Art,*,CA-2018-161970,$18
CA-2018-161970,Paper,*,CA-2018-161970,$13
CA-2018-161984,Fasteners,*,CA-2018-161984,$7
CA-2018-161984,Paper,*,CA-2018-161984,$8
CA-2018-162015,Accessories,*,CA-2018-162015,"$1,287"
CA-2018-162015,Appliances,*,CA-2018-162015,$168
CA-2018-162033,Accessories,*,CA-2018-162033,$53
CA-2018-162033,Fasteners,*,CA-2018-162033,$4
CA-2018-162075,Phones,*,CA-2018-162075,$538
CA-2018-162096,Art,*,CA-2018-162096,$8
CA-2018-162173,Envelopes,*,CA-2018-162173,$252
CA-2018-162173,Tables,*,CA-2018-162173,$357
CA-2018-162250,Paper,*,CA-2018-162250,$8
CA-2018-162474,Phones,*,CA-2018-162474,$8
CA-2018-162481,Binders,*,CA-2018-162481,$8
CA-2018-162481,Chairs,*,CA-2018-162481,$270
CA-2018-162565,Chairs,*,CA-2018-162565,$520
CA-2018-162565,Furnishings,*,CA-2018-162565,$78
CA-2018-162565,Paper,*,CA-2018-162565,$10
CA-2018-162572,Accessories,*,CA-2018-162572,$120
CA-2018-162572,Art,*,CA-2018-162572,$11
CA-2018-162635,Paper,*,CA-2018-162635,$11
CA-2018-162691,Machines,*,CA-2018-162691,"$1,440"
CA-2018-162691,Paper,*,CA-2018-162691,$36
CA-2018-162712,Paper,*,CA-2018-162712,$74
CA-2018-162789,Accessories,*,CA-2018-162789,"$1,071"
CA-2018-162789,Furnishings,*,CA-2018-162789,$12
CA-2018-162880,Binders,*,CA-2018-162880,$4
CA-2018-162929,Binders,*,CA-2018-162929,$41
CA-2018-162929,Paper,*,CA-2018-162929,$13
CA-2018-162936,Accessories,*,CA-2018-162936,$23
CA-2018-162978,Paper,*,CA-2018-162978,$18
CA-2018-162978,Phones,*,CA-2018-162978,$184
CA-2018-162978,Tables,*,CA-2018-162978,$301
CA-2018-163006,Chairs,*,CA-2018-163006,$569
CA-2018-163006,Furnishings,*,CA-2018-163006,$14
CA-2018-163006,Phones,*,CA-2018-163006,"$1,002"
CA-2018-163020,Furnishings,*,CA-2018-163020,$36
CA-2018-163069,Art,*,CA-2018-163069,$10
CA-2018-163097,Furnishings,*,CA-2018-163097,$121
CA-2018-163125,Art,*,CA-2018-163125,$67
CA-2018-163125,Chairs,*,CA-2018-163125,$254
CA-2018-163139,Accessories,*,CA-2018-163139,$20
CA-2018-163139,Binders,*,CA-2018-163139,$18
CA-2018-163139,Storage,*,CA-2018-163139,$222
CA-2018-163160,Binders,*,CA-2018-163160,$97
CA-2018-163160,Furnishings,*,CA-2018-163160,$10
CA-2018-163160,Paper,*,CA-2018-163160,$63
CA-2018-163188,Binders,*,CA-2018-163188,$38
CA-2018-163209,Art,*,CA-2018-163209,$23
CA-2018-163209,Paper,*,CA-2018-163209,$26
CA-2018-163265,Art,*,CA-2018-163265,$28
CA-2018-163265,Chairs,*,CA-2018-163265,$601
CA-2018-163265,Fasteners,*,CA-2018-163265,$18
CA-2018-163265,Furnishings,*,CA-2018-163265,$8
CA-2018-163265,Storage,*,CA-2018-163265,$50
CA-2018-163321,Accessories,*,CA-2018-163321,$80
CA-2018-163335,Binders,*,CA-2018-163335,$39
CA-2018-163335,Storage,*,CA-2018-163335,$40
CA-2018-163405,Art,*,CA-2018-163405,$13
CA-2018-163510,Chairs,*,CA-2018-163510,$304
CA-2018-163510,Storage,*,CA-2018-163510,$96
CA-2018-163531,Phones,*,CA-2018-163531,$240
CA-2018-163566,Labels,*,CA-2018-163566,$17
CA-2018-163629,Accessories,*,CA-2018-163629,$80
CA-2018-163629,Phones,*,CA-2018-163629,$206
CA-2018-163671,Binders,*,CA-2018-163671,$21
CA-2018-163692,Binders,*,CA-2018-163692,$8
CA-2018-163818,Furnishings,*,CA-2018-163818,$20
CA-2018-163860,Binders,*,CA-2018-163860,$2
CA-2018-163860,Chairs,*,CA-2018-163860,$113
CA-2018-163860,Furnishings,*,CA-2018-163860,$11
CA-2018-163874,Binders,*,CA-2018-163874,$26
CA-2018-163902,Accessories,*,CA-2018-163902,$480
CA-2018-163902,Phones,*,CA-2018-163902,$197
CA-2018-163979,Storage,*,CA-2018-163979,$726
CA-2018-164000,Art,*,CA-2018-164000,$19
CA-2018-164028,Accessories,*,CA-2018-164028,$224
CA-2018-164042,Appliances,*,CA-2018-164042,$18
CA-2018-164042,Binders,*,CA-2018-164042,$1
CA-2018-164042,Fasteners,*,CA-2018-164042,$2
CA-2018-164042,Storage,*,CA-2018-164042,$49
CA-2018-164049,Paper,*,CA-2018-164049,$24
CA-2018-164098,Storage,*,CA-2018-164098,$18
CA-2018-164112,Storage,*,CA-2018-164112,"$1,085"
CA-2018-164168,Accessories,*,CA-2018-164168,$45
CA-2018-164168,Binders,*,CA-2018-164168,$31
CA-2018-164168,Envelopes,*,CA-2018-164168,$12
CA-2018-164168,Furnishings,*,CA-2018-164168,$23
CA-2018-164168,Phones,*,CA-2018-164168,$68
CA-2018-164168,Storage,*,CA-2018-164168,$78
CA-2018-164329,Storage,*,CA-2018-164329,$129
CA-2018-164364,Art,*,CA-2018-164364,$9
CA-2018-164364,Labels,*,CA-2018-164364,$10
CA-2018-164364,Supplies,*,CA-2018-164364,$28
CA-2018-164378,Accessories,*,CA-2018-164378,$42
CA-2018-164378,Art,*,CA-2018-164378,$7
CA-2018-164378,Chairs,*,CA-2018-164378,$664
CA-2018-164378,Labels,*,CA-2018-164378,$8
CA-2018-164378,Paper,*,CA-2018-164378,$9
CA-2018-164707,Accessories,*,CA-2018-164707,$110
CA-2018-164707,Labels,*,CA-2018-164707,$10
CA-2018-164707,Phones,*,CA-2018-164707,$168
CA-2018-164756,Art,*,CA-2018-164756,$114
CA-2018-164756,Furnishings,*,CA-2018-164756,$20
CA-2018-164756,Paper,*,CA-2018-164756,$321
CA-2018-164756,Phones,*,CA-2018-164756,$508
CA-2018-164756,Supplies,*,CA-2018-164756,$34
CA-2018-164819,Labels,*,CA-2018-164819,$13
CA-2018-164826,Binders,*,CA-2018-164826,$33
CA-2018-164826,Fasteners,*,CA-2018-164826,$14
CA-2018-164826,Labels,*,CA-2018-164826,$72
CA-2018-164826,Phones,*,CA-2018-164826,$15
CA-2018-164917,Art,*,CA-2018-164917,$48
CA-2018-164959,Labels,*,CA-2018-164959,$9
CA-2018-165008,Binders,*,CA-2018-165008,$295
CA-2018-165029,Art,*,CA-2018-165029,$13
CA-2018-165099,Appliances,*,CA-2018-165099,$1
CA-2018-165155,Storage,*,CA-2018-165155,$16
CA-2018-165204,Paper,*,CA-2018-165204,$9
CA-2018-165204,Storage,*,CA-2018-165204,$720
CA-2018-165323,Accessories,*,CA-2018-165323,$101
CA-2018-165323,Machines,*,CA-2018-165323,"$3,405"
CA-2018-165386,Bookcases,*,CA-2018-165386,$183
CA-2018-165491,Accessories,*,CA-2018-165491,$266
CA-2018-165603,Paper,*,CA-2018-165603,$13
CA-2018-165603,Storage,*,CA-2018-165603,$50
CA-2018-165687,Appliances,*,CA-2018-165687,$35
CA-2018-165715,Art,*,CA-2018-165715,$33
CA-2018-165757,Binders,*,CA-2018-165757,$41
CA-2018-165757,Storage,*,CA-2018-165757,$9
CA-2018-165841,Paper,*,CA-2018-165841,$166
CA-2018-165841,Phones,*,CA-2018-165841,$282
CA-2018-165841,Supplies,*,CA-2018-165841,$70
CA-2018-165904,Art,*,CA-2018-165904,$16
CA-2018-165904,Phones,*,CA-2018-165904,$219
CA-2018-166093,Appliances,*,CA-2018-166093,"$2,518"
CA-2018-166093,Binders,*,CA-2018-166093,$235
CA-2018-166093,Envelopes,*,CA-2018-166093,$23
CA-2018-166093,Paper,*,CA-2018-166093,$9
CA-2018-166093,Phones,*,CA-2018-166093,$72
CA-2018-166093,Storage,*,CA-2018-166093,$541
CA-2018-166128,Accessories,*,CA-2018-166128,$200
CA-2018-166128,Art,*,CA-2018-166128,$42
CA-2018-166142,Binders,*,CA-2018-166142,$27
CA-2018-166142,Tables,*,CA-2018-166142,$310
CA-2018-166184,Chairs,*,CA-2018-166184,$208
CA-2018-166184,Envelopes,*,CA-2018-166184,$47
CA-2018-166184,Phones,*,CA-2018-166184,$470
CA-2018-166198,Accessories,*,CA-2018-166198,$12
CA-2018-166198,Furnishings,*,CA-2018-166198,$163
CA-2018-166296,Paper,*,CA-2018-166296,$315
CA-2018-166317,Accessories,*,CA-2018-166317,$98
CA-2018-166317,Binders,*,CA-2018-166317,$33
CA-2018-166317,Paper,*,CA-2018-166317,$220
CA-2018-166317,Phones,*,CA-2018-166317,$87
CA-2018-166415,Fasteners,*,CA-2018-166415,$11
CA-2018-166436,Chairs,*,CA-2018-166436,$977
CA-2018-166436,Paper,*,CA-2018-166436,$6
CA-2018-166499,Art,*,CA-2018-166499,$9
CA-2018-166576,Storage,*,CA-2018-166576,$221
CA-2018-166695,Chairs,*,CA-2018-166695,$518
CA-2018-166695,Furnishings,*,CA-2018-166695,$7
CA-2018-166695,Machines,*,CA-2018-166695,$343
CA-2018-166709,Copiers,*,CA-2018-166709,"$10,500"
CA-2018-166835,Storage,*,CA-2018-166835,$221
CA-2018-166849,Furnishings,*,CA-2018-166849,$44
CA-2018-166856,Accessories,*,CA-2018-166856,$101
CA-2018-166856,Binders,*,CA-2018-166856,$10
CA-2018-166898,Paper,*,CA-2018-166898,$19
CA-2018-166898,Phones,*,CA-2018-166898,$144
CA-2018-166919,Phones,*,CA-2018-166919,$196
CA-2018-166926,Bookcases,*,CA-2018-166926,$142
CA-2018-166926,Paper,*,CA-2018-166926,$42
CA-2018-166933,Fasteners,*,CA-2018-166933,$2
CA-2018-167003,Tables,*,CA-2018-167003,$171
CA-2018-167017,Supplies,*,CA-2018-167017,$4
CA-2018-167080,Art,*,CA-2018-167080,$8
CA-2018-167094,Accessories,*,CA-2018-167094,$28
CA-2018-167094,Chairs,*,CA-2018-167094,$478
CA-2018-167094,Paper,*,CA-2018-167094,$5
CA-2018-167101,Accessories,*,CA-2018-167101,$26
CA-2018-167101,Paper,*,CA-2018-167101,$222
CA-2018-167150,Binders,*,CA-2018-167150,$86
CA-2018-167227,Appliances,*,CA-2018-167227,$84
CA-2018-167227,Paper,*,CA-2018-167227,$12
CA-2018-167381,Bookcases,*,CA-2018-167381,$242
CA-2018-167381,Labels,*,CA-2018-167381,$28
CA-2018-167395,Appliances,*,CA-2018-167395,$287
CA-2018-167395,Phones,*,CA-2018-167395,$980
CA-2018-167395,Supplies,*,CA-2018-167395,$4
CA-2018-167542,Labels,*,CA-2018-167542,$18
CA-2018-167549,Tables,*,CA-2018-167549,$298
CA-2018-167626,Accessories,*,CA-2018-167626,$101
CA-2018-167626,Paper,*,CA-2018-167626,$9
CA-2018-167640,Art,*,CA-2018-167640,$24
CA-2018-167640,Labels,*,CA-2018-167640,$12
CA-2018-167640,Paper,*,CA-2018-167640,$287
CA-2018-167640,Phones,*,CA-2018-167640,$206
CA-2018-167661,Binders,*,CA-2018-167661,$60
CA-2018-167661,Paper,*,CA-2018-167661,$62
CA-2018-167668,Labels,*,CA-2018-167668,$59
CA-2018-167703,Binders,*,CA-2018-167703,$5
CA-2018-167703,Storage,*,CA-2018-167703,$286
CA-2018-167752,Appliances,*,CA-2018-167752,"$1,959"
CA-2018-167871,Paper,*,CA-2018-167871,$44
CA-2018-167871,Supplies,*,CA-2018-167871,$3
CA-2018-167899,Art,*,CA-2018-167899,$18
CA-2018-167899,Furnishings,*,CA-2018-167899,$520
CA-2018-167913,Labels,*,CA-2018-167913,$26
CA-2018-167913,Storage,*,CA-2018-167913,$330
CA-2018-167941,Appliances,*,CA-2018-167941,$500
CA-2018-167941,Binders,*,CA-2018-167941,$13
CA-2018-167941,Furnishings,*,CA-2018-167941,$28
CA-2018-167941,Paper,*,CA-2018-167941,$31
CA-2018-167941,Storage,*,CA-2018-167941,$259
CA-2018-167976,Supplies,*,CA-2018-167976,$26
CA-2018-168102,Storage,*,CA-2018-168102,$114
CA-2018-168109,Accessories,*,CA-2018-168109,"$1,748"
CA-2018-168109,Machines,*,CA-2018-168109,"$2,395"
CA-2018-168109,Phones,*,CA-2018-168109,$8
CA-2018-168123,Binders,*,CA-2018-168123,$147
CA-2018-168123,Fasteners,*,CA-2018-168123,$8
CA-2018-168123,Storage,*,CA-2018-168123,$221
CA-2018-168172,Supplies,*,CA-2018-168172,$70
CA-2018-168179,Paper,*,CA-2018-168179,$19
CA-2018-168193,Furnishings,*,CA-2018-168193,$72
CA-2018-168193,Paper,*,CA-2018-168193,$26
CA-2018-168228,Art,*,CA-2018-168228,$184
CA-2018-168389,Art,*,CA-2018-168389,$14
CA-2018-168389,Chairs,*,CA-2018-168389,$65
CA-2018-168389,Phones,*,CA-2018-168389,$74
CA-2018-168389,Tables,*,CA-2018-168389,$722
CA-2018-168396,Furnishings,*,CA-2018-168396,$124
CA-2018-168396,Labels,*,CA-2018-168396,$52
CA-2018-168403,Appliances,*,CA-2018-168403,$11
CA-2018-168403,Paper,*,CA-2018-168403,$31
CA-2018-168641,Art,*,CA-2018-168641,$16
CA-2018-168641,Bookcases,*,CA-2018-168641,$322
CA-2018-168641,Envelopes,*,CA-2018-168641,$168
CA-2018-168641,Paper,*,CA-2018-168641,$13
CA-2018-168655,Accessories,*,CA-2018-168655,$595
CA-2018-168655,Binders,*,CA-2018-168655,$80
CA-2018-168739,Furnishings,*,CA-2018-168739,$65
CA-2018-168837,Furnishings,*,CA-2018-168837,$9
CA-2018-168858,Appliances,*,CA-2018-168858,"$2,505"
CA-2018-168858,Envelopes,*,CA-2018-168858,$17
CA-2018-168900,Binders,*,CA-2018-168900,$2
CA-2018-168942,Storage,*,CA-2018-168942,$187
CA-2018-169005,Art,*,CA-2018-169005,$6
CA-2018-169012,Appliances,*,CA-2018-169012,$42
CA-2018-169054,Furnishings,*,CA-2018-169054,$254
CA-2018-169124,Furnishings,*,CA-2018-169124,$129
CA-2018-169264,Art,*,CA-2018-169264,$17
CA-2018-169264,Labels,*,CA-2018-169264,$6
CA-2018-169285,Paper,*,CA-2018-169285,$283
CA-2018-169327,Appliances,*,CA-2018-169327,$43
CA-2018-169327,Binders,*,CA-2018-169327,$148
CA-2018-169327,Furnishings,*,CA-2018-169327,$512
CA-2018-169362,Accessories,*,CA-2018-169362,$40
CA-2018-169404,Binders,*,CA-2018-169404,$38
CA-2018-169404,Paper,*,CA-2018-169404,$66
CA-2018-169411,Furnishings,*,CA-2018-169411,$38
CA-2018-169439,Art,*,CA-2018-169439,$26
CA-2018-169439,Furnishings,*,CA-2018-169439,$66
CA-2018-169474,Appliances,*,CA-2018-169474,$33
CA-2018-169607,Paper,*,CA-2018-169607,$10
CA-2018-169691,Labels,*,CA-2018-169691,$44
CA-2018-169691,Paper,*,CA-2018-169691,$18
CA-2018-169691,Storage,*,CA-2018-169691,$85
CA-2018-169810,Labels,*,CA-2018-169810,$20
CA-2018-169817,Binders,*,CA-2018-169817,$2
CA-2018-169859,Binders,*,CA-2018-169859,$65
CA-2018-169859,Envelopes,*,CA-2018-169859,$44
CA-2018-169859,Furnishings,*,CA-2018-169859,$26
CA-2018-169894,Binders,*,CA-2018-169894,$21
CA-2018-169894,Storage,*,CA-2018-169894,$416
CA-2018-169901,Phones,*,CA-2018-169901,$48
CA-2018-169929,Storage,*,CA-2018-169929,$40
CA-2018-169978,Binders,*,CA-2018-169978,$14
CA-2018-169978,Chairs,*,CA-2018-169978,$272
CA-2018-169999,Binders,*,CA-2018-169999,$12
CA-2018-169999,Storage,*,CA-2018-169999,$129
US-2015-100279,Paper,*,US-2015-100279,$22
US-2015-100853,Appliances,*,US-2015-100853,$52
US-2015-100853,Labels,*,US-2015-100853,$20
US-2015-102071,Accessories,*,US-2015-102071,$236
US-2015-102631,Furnishings,*,US-2015-102631,$94
US-2015-102715,Accessories,*,US-2015-102715,$720
US-2015-102715,Fasteners,*,US-2015-102715,$7
US-2015-102715,Paper,*,US-2015-102715,$10
US-2015-103338,Art,*,US-2015-103338,$8
US-2015-103905,Binders,*,US-2015-103905,$30
US-2015-103905,Phones,*,US-2015-103905,$38
US-2015-104759,Accessories,*,US-2015-104759,$80
US-2015-104759,Binders,*,US-2015-104759,$8
US-2015-105137,Binders,*,US-2015-105137,$18
US-2015-105137,Machines,*,US-2015-105137,$102
US-2015-105151,Art,*,US-2015-105151,$11
US-2015-105767,Art,*,US-2015-105767,$21
US-2015-105767,Binders,*,US-2015-105767,$3
US-2015-105767,Phones,*,US-2015-105767,$55
US-2015-106299,Accessories,*,US-2015-106299,$21
US-2015-106299,Binders,*,US-2015-106299,$27
US-2015-106299,Storage,*,US-2015-106299,$838
US-2015-106334,Chairs,*,US-2015-106334,$230
US-2015-106334,Paper,*,US-2015-106334,$13
US-2015-106992,Machines,*,US-2015-106992,"$5,580"
US-2015-107405,Storage,*,US-2015-107405,$16
US-2015-107699,Binders,*,US-2015-107699,$57
US-2015-107993,Art,*,US-2015-107993,$51
US-2015-109036,Labels,*,US-2015-109036,$31
US-2015-109162,Chairs,*,US-2015-109162,$170
US-2015-109456,Accessories,*,US-2015-109456,$180
US-2015-109456,Binders,*,US-2015-109456,$14
US-2015-110674,Chairs,*,US-2015-110674,$130
US-2015-111171,Binders,*,US-2015-111171,$9
US-2015-111353,Labels,*,US-2015-111353,$25
US-2015-112200,Binders,*,US-2015-112200,$10
US-2015-112564,Binders,*,US-2015-112564,$3
US-2015-112795,Paper,*,US-2015-112795,$19
US-2015-112872,Storage,*,US-2015-112872,$53
US-2015-112872,Tables,*,US-2015-112872,$275
US-2015-112914,Binders,*,US-2015-112914,$3
US-2015-112914,Bookcases,*,US-2015-112914,$301
US-2015-112914,Envelopes,*,US-2015-112914,$3
US-2015-112914,Paper,*,US-2015-112914,$34
US-2015-112949,Appliances,*,US-2015-112949,$472
US-2015-112949,Art,*,US-2015-112949,$4
US-2015-112991,Chairs,*,US-2015-112991,$338
US-2015-112991,Paper,*,US-2015-112991,$117
US-2015-113124,Storage,*,US-2015-113124,$129
US-2015-114188,Appliances,*,US-2015-114188,$33
US-2015-114188,Art,*,US-2015-114188,$39
US-2015-114188,Furnishings,*,US-2015-114188,$140
US-2015-114377,Chairs,*,US-2015-114377,$150
US-2015-115189,Phones,*,US-2015-115189,$252
US-2015-115189,Tables,*,US-2015-115189,$524
US-2015-115196,Machines,*,US-2015-115196,"$1,300"
US-2015-115413,Accessories,*,US-2015-115413,$150
US-2015-115413,Art,*,US-2015-115413,$9
US-2015-115987,Binders,*,US-2015-115987,$51
US-2015-117058,Binders,*,US-2015-117058,$17
US-2015-117135,Furnishings,*,US-2015-117135,$104
US-2015-117135,Phones,*,US-2015-117135,$285
US-2015-117135,Storage,*,US-2015-117135,$37
US-2015-117163,Art,*,US-2015-117163,$36
US-2015-117163,Storage,*,US-2015-117163,$57
US-2015-117163,Tables,*,US-2015-117163,$333
US-2015-117170,Accessories,*,US-2015-117170,$48
US-2015-117170,Paper,*,US-2015-117170,$5
US-2015-117380,Tables,*,US-2015-117380,$331
US-2015-117744,Art,*,US-2015-117744,$16
US-2015-117744,Furnishings,*,US-2015-117744,$98
US-2015-117968,Appliances,*,US-2015-117968,$79
US-2015-117968,Art,*,US-2015-117968,$5
US-2015-117968,Chairs,*,US-2015-117968,"$1,133"
US-2015-118486,Accessories,*,US-2015-118486,$117
US-2015-118486,Supplies,*,US-2015-118486,$10
US-2015-118486,Tables,*,US-2015-118486,$155
US-2015-118997,Tables,*,US-2015-118997,"$1,216"
US-2015-119081,Accessories,*,US-2015-119081,$57
US-2015-119081,Binders,*,US-2015-119081,$332
US-2015-119081,Furnishings,*,US-2015-119081,$41
US-2015-119081,Supplies,*,US-2015-119081,$358
US-2015-119137,Accessories,*,US-2015-119137,"$1,503"
US-2015-119137,Art,*,US-2015-119137,$9
US-2015-119137,Binders,*,US-2015-119137,$8
US-2015-120175,Envelopes,*,US-2015-120175,$64
US-2015-120236,Binders,*,US-2015-120236,$8
US-2015-120313,Phones,*,US-2015-120313,$74
US-2015-120740,Appliances,*,US-2015-120740,$107
US-2015-120740,Furnishings,*,US-2015-120740,$188
US-2015-121566,Art,*,US-2015-121566,$7
US-2015-121566,Binders,*,US-2015-121566,$3
US-2015-121734,Binders,*,US-2015-121734,$10
US-2015-122021,Chairs,*,US-2015-122021,$183
US-2015-122021,Paper,*,US-2015-122021,$8
US-2015-122959,Binders,*,US-2015-122959,$210
US-2015-123183,Binders,*,US-2015-123183,$213
US-2015-123183,Bookcases,*,US-2015-123183,"$1,026"
US-2015-123183,Labels,*,US-2015-123183,$32
US-2015-123519,Accessories,*,US-2015-123519,$264
US-2015-123519,Art,*,US-2015-123519,$3
US-2015-123519,Tables,*,US-2015-123519,$137
US-2015-124625,Accessories,*,US-2015-124625,$90
US-2015-125521,Chairs,*,US-2015-125521,"$1,140"
US-2015-126340,Phones,*,US-2015-126340,$334
US-2015-126571,Envelopes,*,US-2015-126571,$201
US-2015-126571,Storage,*,US-2015-126571,$282
US-2015-127635,Binders,*,US-2015-127635,$9
US-2015-127635,Fasteners,*,US-2015-127635,$6
US-2015-127635,Furnishings,*,US-2015-127635,$10
US-2015-127635,Paper,*,US-2015-127635,$7
US-2015-127978,Bookcases,*,US-2015-127978,$302
US-2015-127978,Labels,*,US-2015-127978,$15
US-2015-127978,Storage,*,US-2015-127978,$45
US-2015-128685,Binders,*,US-2015-128685,$7
US-2015-129609,Art,*,US-2015-129609,$16
US-2015-130358,Art,*,US-2015-130358,$20
US-2015-130358,Supplies,*,US-2015-130358,$3
US-2015-130379,Appliances,*,US-2015-130379,$76
US-2015-130379,Furnishings,*,US-2015-130379,$29
US-2015-131275,Furnishings,*,US-2015-131275,$111
US-2015-131275,Machines,*,US-2015-131275,"$1,280"
US-2015-131275,Storage,*,US-2015-131275,"$1,856"
US-2015-131870,Art,*,US-2015-131870,$31
US-2015-131870,Furnishings,*,US-2015-131870,$61
US-2015-131982,Binders,*,US-2015-131982,$108
US-2015-132745,Fasteners,*,US-2015-132745,$5
US-2015-133130,Chairs,*,US-2015-133130,$604
US-2015-133130,Paper,*,US-2015-133130,$82
US-2015-133949,Phones,*,US-2015-133949,$476
US-2015-134054,Art,*,US-2015-134054,$256
US-2015-134187,Art,*,US-2015-134187,$3
US-2015-134614,Tables,*,US-2015-134614,$618
US-2015-134712,Fasteners,*,US-2015-134712,$13
US-2015-134733,Bookcases,*,US-2015-134733,$436
US-2015-134733,Phones,*,US-2015-134733,$84
US-2015-134971,Binders,*,US-2015-134971,$12
US-2015-135881,Appliances,*,US-2015-135881,$208
US-2015-135881,Binders,*,US-2015-135881,$18
US-2015-135881,Supplies,*,US-2015-135881,$5
US-2015-135972,Copiers,*,US-2015-135972,"$1,800"
US-2015-135972,Phones,*,US-2015-135972,$246
US-2015-137155,Appliances,*,US-2015-137155,$534
US-2015-137155,Furnishings,*,US-2015-137155,$32
US-2015-137155,Paper,*,US-2015-137155,$168
US-2015-137680,Paper,*,US-2015-137680,$56
US-2015-137869,Envelopes,*,US-2015-137869,$6
US-2015-137869,Tables,*,US-2015-137869,"$1,185"
US-2015-138247,Accessories,*,US-2015-138247,$63
US-2015-138247,Appliances,*,US-2015-138247,$362
US-2015-138247,Furnishings,*,US-2015-138247,$24
US-2015-138247,Phones,*,US-2015-138247,$992
US-2015-138247,Storage,*,US-2015-138247,$20
US-2015-138758,Chairs,*,US-2015-138758,$172
US-2015-138758,Furnishings,*,US-2015-138758,$69
US-2015-138828,Art,*,US-2015-138828,$58
US-2015-138828,Paper,*,US-2015-138828,$15
US-2015-138835,Binders,*,US-2015-138835,$10
US-2015-139500,Chairs,*,US-2015-139500,$37
US-2015-139640,Art,*,US-2015-139640,$121
US-2015-139640,Paper,*,US-2015-139640,$26
US-2015-140116,Art,*,US-2015-140116,$83
US-2015-140116,Storage,*,US-2015-140116,$636
US-2015-140452,Appliances,*,US-2015-140452,$14
US-2015-140452,Binders,*,US-2015-140452,$5
US-2015-140452,Furnishings,*,US-2015-140452,$11
US-2015-140452,Phones,*,US-2015-140452,$35
US-2015-140452,Storage,*,US-2015-140452,$35
US-2015-140452,Tables,*,US-2015-140452,$215
US-2015-140914,Chairs,*,US-2015-140914,$798
US-2015-140914,Furnishings,*,US-2015-140914,$11
US-2015-141215,Binders,*,US-2015-141215,$9
US-2015-141215,Chairs,*,US-2015-141215,$798
US-2015-141215,Tables,*,US-2015-141215,$100
US-2015-141257,Chairs,*,US-2015-141257,$586
US-2015-143231,Accessories,*,US-2015-143231,$114
US-2015-143231,Furnishings,*,US-2015-143231,$63
US-2015-143287,Paper,*,US-2015-143287,$270
US-2015-143287,Supplies,*,US-2015-143287,$7
US-2015-143581,Storage,*,US-2015-143581,$345
US-2015-143707,Phones,*,US-2015-143707,$6
US-2015-143721,Chairs,*,US-2015-143721,$155
US-2015-144078,Art,*,US-2015-144078,$7
US-2015-144078,Chairs,*,US-2015-144078,$725
US-2015-144078,Phones,*,US-2015-144078,$540
US-2015-146353,Binders,*,US-2015-146353,$23
US-2015-146353,Storage,*,US-2015-146353,$270
US-2015-147606,Furnishings,*,US-2015-147606,$19
US-2015-147627,Art,*,US-2015-147627,$30
US-2015-147627,Chairs,*,US-2015-147627,"$1,068"
US-2015-147627,Envelopes,*,US-2015-147627,$23
US-2015-147627,Furnishings,*,US-2015-147627,$39
US-2015-147627,Phones,*,US-2015-147627,$700
US-2015-147648,Paper,*,US-2015-147648,$82
US-2015-147704,Binders,*,US-2015-147704,$29
US-2015-147704,Envelopes,*,US-2015-147704,$78
US-2015-147704,Paper,*,US-2015-147704,$32
US-2015-147704,Storage,*,US-2015-147704,$169
US-2015-147774,Binders,*,US-2015-147774,$67
US-2015-148194,Appliances,*,US-2015-148194,$58
US-2015-148194,Furnishings,*,US-2015-148194,$12
US-2015-148838,Paper,*,US-2015-148838,$190
US-2015-148838,Tables,*,US-2015-148838,"$3,265"
US-2015-149034,Accessories,*,US-2015-149034,$47
US-2015-150119,Binders,*,US-2015-150119,$7
US-2015-150119,Chairs,*,US-2015-150119,$563
US-2015-150119,Furnishings,*,US-2015-150119,$22
US-2015-150126,Paper,*,US-2015-150126,$66
US-2015-150434,Binders,*,US-2015-150434,$25
US-2015-150434,Phones,*,US-2015-150434,$360
US-2015-150434,Tables,*,US-2015-150434,$71
US-2015-150532,Storage,*,US-2015-150532,$56
US-2015-150574,Accessories,*,US-2015-150574,$248
US-2015-150574,Binders,*,US-2015-150574,$5
US-2015-150924,Binders,*,US-2015-150924,$5
US-2015-151015,Binders,*,US-2015-151015,$3
US-2015-151015,Paper,*,US-2015-151015,$341
US-2015-151925,Chairs,*,US-2015-151925,$146
US-2015-152030,Chairs,*,US-2015-152030,$601
US-2015-152723,Binders,*,US-2015-152723,$1
US-2015-154655,Supplies,*,US-2015-154655,$22
US-2015-154879,Art,*,US-2015-154879,$108
US-2015-154879,Labels,*,US-2015-154879,$6
US-2015-155502,Furnishings,*,US-2015-155502,$75
US-2015-155502,Paper,*,US-2015-155502,$36
US-2015-155502,Phones,*,US-2015-155502,$343
US-2015-155502,Storage,*,US-2015-155502,$490
US-2015-155544,Chairs,*,US-2015-155544,$218
US-2015-155544,Furnishings,*,US-2015-155544,$33
US-2015-155544,Labels,*,US-2015-155544,$59
US-2015-155817,Art,*,US-2015-155817,$6
US-2015-155817,Storage,*,US-2015-155817,$62
US-2015-155894,Storage,*,US-2015-155894,$124
US-2015-156216,Binders,*,US-2015-156216,$19
US-2015-156559,Bookcases,*,US-2015-156559,$639
US-2015-157021,Binders,*,US-2015-157021,$17
US-2015-157021,Labels,*,US-2015-157021,$30
US-2015-157070,Appliances,*,US-2015-157070,$66
US-2015-157070,Binders,*,US-2015-157070,$139
US-2015-157231,Binders,*,US-2015-157231,$115
US-2015-157385,Accessories,*,US-2015-157385,$30
US-2015-157385,Chairs,*,US-2015-157385,$985
US-2015-157385,Envelopes,*,US-2015-157385,$22
US-2015-157406,Art,*,US-2015-157406,$6
US-2015-157406,Paper,*,US-2015-157406,$10
US-2015-157847,Paper,*,US-2015-157847,$60
US-2015-158057,Binders,*,US-2015-158057,$59
US-2015-158365,Paper,*,US-2015-158365,$32
US-2015-158400,Binders,*,US-2015-158400,$49
US-2015-158638,Binders,*,US-2015-158638,$6
US-2015-159611,Furnishings,*,US-2015-159611,$182
US-2015-159611,Storage,*,US-2015-159611,$118
US-2015-159618,Accessories,*,US-2015-159618,$80
US-2015-159618,Art,*,US-2015-159618,$3
US-2015-159618,Bookcases,*,US-2015-159618,$68
US-2015-159618,Paper,*,US-2015-159618,$36
US-2015-159618,Supplies,*,US-2015-159618,$17
US-2015-159926,Binders,*,US-2015-159926,$53
US-2015-159926,Furnishings,*,US-2015-159926,$60
US-2015-159926,Phones,*,US-2015-159926,$540
US-2015-159926,Storage,*,US-2015-159926,$77
US-2015-160444,Storage,*,US-2015-160444,$502
US-2015-160780,Binders,*,US-2015-160780,$36
US-2015-161305,Binders,*,US-2015-161305,$25
US-2015-161305,Envelopes,*,US-2015-161305,$14
US-2015-161613,Chairs,*,US-2015-161613,$674
US-2015-163146,Accessories,*,US-2015-163146,$56
US-2015-163797,Fasteners,*,US-2015-163797,$50
US-2015-164406,Appliances,*,US-2015-164406,$153
US-2015-164406,Binders,*,US-2015-164406,$64
US-2015-164406,Chairs,*,US-2015-164406,$195
US-2015-164406,Paper,*,US-2015-164406,$93
US-2015-164616,Binders,*,US-2015-164616,$77
US-2015-164616,Supplies,*,US-2015-164616,$9
US-2015-164644,Storage,*,US-2015-164644,$27
US-2015-164763,Appliances,*,US-2015-164763,$33
US-2015-164763,Binders,*,US-2015-164763,$42
US-2015-164763,Paper,*,US-2015-164763,$29
US-2015-165589,Furnishings,*,US-2015-165589,$25
US-2015-165659,Furnishings,*,US-2015-165659,$22
US-2015-165659,Phones,*,US-2015-165659,$882
US-2015-165862,Tables,*,US-2015-165862,$351
US-2015-166310,Furnishings,*,US-2015-166310,$9
US-2015-166828,Paper,*,US-2015-166828,$12
US-2015-167262,Phones,*,US-2015-167262,$742
US-2015-167633,Paper,*,US-2015-167633,$16
US-2015-167738,Chairs,*,US-2015-167738,$292
US-2015-167738,Storage,*,US-2015-167738,$143
US-2015-168501,Envelopes,*,US-2015-168501,$2
US-2015-168501,Phones,*,US-2015-168501,$268
US-2015-169390,Storage,*,US-2015-169390,$65
US-2015-169789,Binders,*,US-2015-169789,$552
US-2016-100069,Phones,*,US-2016-100069,$270
US-2016-100377,Copiers,*,US-2016-100377,"$2,800"
US-2016-100531,Binders,*,US-2016-100531,$15
US-2016-100531,Furnishings,*,US-2016-100531,$24
US-2016-101399,Furnishings,*,US-2016-101399,$255
US-2016-101511,Chairs,*,US-2016-101511,$397
US-2016-101511,Supplies,*,US-2016-101511,$16
US-2016-103471,Art,*,US-2016-103471,$14
US-2016-103471,Bookcases,*,US-2016-103471,$590
US-2016-103996,Accessories,*,US-2016-103996,$53
US-2016-103996,Furnishings,*,US-2016-103996,$20
US-2016-103996,Paper,*,US-2016-103996,$223
US-2016-104185,Storage,*,US-2016-104185,$120
US-2016-104430,Binders,*,US-2016-104430,$5
US-2016-105676,Furnishings,*,US-2016-105676,$7
US-2016-106495,Accessories,*,US-2016-106495,$12
US-2016-106873,Accessories,*,US-2016-106873,$23
US-2016-106873,Art,*,US-2016-106873,$31
US-2016-107349,Binders,*,US-2016-107349,$42
US-2016-107944,Accessories,*,US-2016-107944,$240
US-2016-107944,Paper,*,US-2016-107944,$193
US-2016-108966,Storage,*,US-2016-108966,$22
US-2016-108966,Tables,*,US-2016-108966,$958
US-2016-109015,Appliances,*,US-2016-109015,$8
US-2016-109015,Phones,*,US-2016-109015,$338
US-2016-110163,Art,*,US-2016-110163,$8
US-2016-110261,Phones,*,US-2016-110261,$158
US-2016-110569,Appliances,*,US-2016-110569,$122
US-2016-110569,Binders,*,US-2016-110569,$19
US-2016-111927,Binders,*,US-2016-111927,$20
US-2016-111927,Furnishings,*,US-2016-111927,$76
US-2016-112508,Appliances,*,US-2016-112508,$7
US-2016-113327,Accessories,*,US-2016-113327,$168
US-2016-113327,Envelopes,*,US-2016-113327,$12
US-2016-113327,Paper,*,US-2016-113327,$172
US-2016-113593,Storage,*,US-2016-113593,$115
US-2016-114741,Labels,*,US-2016-114741,$15
US-2016-114741,Paper,*,US-2016-114741,$6
US-2016-114741,Storage,*,US-2016-114741,"$1,326"
US-2016-114839,Chairs,*,US-2016-114839,$408
US-2016-115238,Furnishings,*,US-2016-115238,$65
US-2016-115238,Paper,*,US-2016-115238,$6
US-2016-115238,Phones,*,US-2016-115238,$210
US-2016-115343,Accessories,*,US-2016-115343,$618
US-2016-115343,Supplies,*,US-2016-115343,$56
US-2016-116981,Appliances,*,US-2016-116981,$13
US-2016-116981,Storage,*,US-2016-116981,"$1,085"
US-2016-117184,Binders,*,US-2016-117184,$33
US-2016-117184,Paper,*,US-2016-117184,$14
US-2016-117492,Appliances,*,US-2016-117492,$78
US-2016-118766,Binders,*,US-2016-118766,$4
US-2016-118766,Envelopes,*,US-2016-118766,$4
US-2016-118906,Storage,*,US-2016-118906,$90
US-2016-118983,Appliances,*,US-2016-118983,$69
US-2016-118983,Binders,*,US-2016-118983,$3
US-2016-119312,Storage,*,US-2016-119312,$270
US-2016-120161,Storage,*,US-2016-120161,$647
US-2016-120502,Appliances,*,US-2016-120502,$76
US-2016-120502,Furnishings,*,US-2016-120502,$38
US-2016-120502,Phones,*,US-2016-120502,$259
US-2016-120572,Binders,*,US-2016-120572,$13
US-2016-120712,Storage,*,US-2016-120712,$89
US-2016-120957,Paper,*,US-2016-120957,$13
US-2016-122140,Accessories,*,US-2016-122140,$98
US-2016-122140,Appliances,*,US-2016-122140,$32
US-2016-122784,Binders,*,US-2016-122784,$3
US-2016-122784,Bookcases,*,US-2016-122784,"$1,298"
US-2016-122784,Phones,*,US-2016-122784,$154
US-2016-122910,Phones,*,US-2016-122910,$202
US-2016-123218,Accessories,*,US-2016-123218,$256
US-2016-123218,Bookcases,*,US-2016-123218,$359
US-2016-123218,Phones,*,US-2016-123218,$160
US-2016-123918,Furnishings,*,US-2016-123918,$131
US-2016-123918,Paper,*,US-2016-123918,$5
US-2016-123960,Accessories,*,US-2016-123960,$54
US-2016-123960,Art,*,US-2016-123960,$56
US-2016-123960,Binders,*,US-2016-123960,$36
US-2016-123960,Furnishings,*,US-2016-123960,$29
US-2016-123960,Paper,*,US-2016-123960,$32
US-2016-124219,Binders,*,US-2016-124219,$28
US-2016-124219,Furnishings,*,US-2016-124219,$213
US-2016-125374,Chairs,*,US-2016-125374,$108
US-2016-126214,Accessories,*,US-2016-126214,$100
US-2016-126214,Tables,*,US-2016-126214,"$1,618"
US-2016-126235,Furnishings,*,US-2016-126235,$17
US-2016-126753,Accessories,*,US-2016-126753,$31
US-2016-126753,Binders,*,US-2016-126753,$6
US-2016-126753,Furnishings,*,US-2016-126753,$254
US-2016-126753,Paper,*,US-2016-126753,$21
US-2016-126753,Phones,*,US-2016-126753,$520
US-2016-126977,Accessories,*,US-2016-126977,$660
US-2016-126977,Bookcases,*,US-2016-126977,"$6,233"
US-2016-126977,Chairs,*,US-2016-126977,$200
US-2016-126977,Labels,*,US-2016-126977,$88
US-2016-126977,Paper,*,US-2016-126977,$111
US-2016-126977,Phones,*,US-2016-126977,$278
US-2016-126977,Storage,*,US-2016-126977,$110
US-2016-127040,Accessories,*,US-2016-127040,"$1,620"
US-2016-127040,Furnishings,*,US-2016-127040,$114
US-2016-127040,Paper,*,US-2016-127040,$48
US-2016-128090,Art,*,US-2016-128090,$2
US-2016-128090,Labels,*,US-2016-128090,$5
US-2016-128090,Paper,*,US-2016-128090,$313
US-2016-128090,Phones,*,US-2016-128090,"$1,880"
US-2016-128587,Copiers,*,US-2016-128587,"$4,900"
US-2016-128587,Furnishings,*,US-2016-128587,$10
US-2016-129007,Binders,*,US-2016-129007,$25
US-2016-129007,Chairs,*,US-2016-129007,$718
US-2016-129007,Furnishings,*,US-2016-129007,$384
US-2016-129007,Paper,*,US-2016-129007,$210
US-2016-129553,Phones,*,US-2016-129553,$30
US-2016-129637,Art,*,US-2016-129637,$13
US-2016-129637,Furnishings,*,US-2016-129637,$42
US-2016-129637,Storage,*,US-2016-129637,$180
US-2016-130491,Art,*,US-2016-130491,$6
US-2016-130491,Fasteners,*,US-2016-130491,$6
US-2016-130491,Paper,*,US-2016-130491,$10
US-2016-130512,Accessories,*,US-2016-130512,$22
US-2016-130512,Binders,*,US-2016-130512,$100
US-2016-130512,Paper,*,US-2016-130512,$50
US-2016-130512,Storage,*,US-2016-130512,$663
US-2016-130512,Supplies,*,US-2016-130512,$3
US-2016-130519,Furnishings,*,US-2016-130519,$72
US-2016-130519,Paper,*,US-2016-130519,$16
US-2016-130519,Storage,*,US-2016-130519,$25
US-2016-131359,Copiers,*,US-2016-131359,$440
US-2016-131359,Furnishings,*,US-2016-131359,$15
US-2016-131359,Machines,*,US-2016-131359,$60
US-2016-131359,Phones,*,US-2016-131359,$88
US-2016-131842,Chairs,*,US-2016-131842,$97
US-2016-132836,Binders,*,US-2016-132836,$404
US-2016-132836,Labels,*,US-2016-132836,$29
US-2016-132836,Phones,*,US-2016-132836,$342
US-2016-134026,Chairs,*,US-2016-134026,$832
US-2016-134026,Furnishings,*,US-2016-134026,$97
US-2016-134026,Storage,*,US-2016-134026,$73
US-2016-134271,Labels,*,US-2016-134271,$22
US-2016-134558,Accessories,*,US-2016-134558,"$2,250"
US-2016-134558,Paper,*,US-2016-134558,$30
US-2016-134558,Tables,*,US-2016-134558,"$1,053"
US-2016-136259,Binders,*,US-2016-136259,$7
US-2016-136259,Supplies,*,US-2016-136259,$27
US-2016-136427,Phones,*,US-2016-136427,$126
US-2016-136476,Binders,*,US-2016-136476,$158
US-2016-136749,Binders,*,US-2016-136749,$158
US-2016-136749,Furnishings,*,US-2016-136749,$276
US-2016-136987,Copiers,*,US-2016-136987,$640
US-2016-136987,Paper,*,US-2016-136987,$53
US-2016-137008,Accessories,*,US-2016-137008,$90
US-2016-137008,Envelopes,*,US-2016-137008,$51
US-2016-137008,Paper,*,US-2016-137008,$95
US-2016-137533,Paper,*,US-2016-137533,$21
US-2016-137960,Accessories,*,US-2016-137960,$166
US-2016-138093,Art,*,US-2016-138093,$27
US-2016-138093,Chairs,*,US-2016-138093,$543
US-2016-138093,Paper,*,US-2016-138093,$71
US-2016-138093,Phones,*,US-2016-138093,$135
US-2016-138121,Binders,*,US-2016-138121,$30
US-2016-138121,Chairs,*,US-2016-138121,$992
US-2016-138121,Furnishings,*,US-2016-138121,$212
US-2016-138303,Envelopes,*,US-2016-138303,$53
US-2016-138303,Storage,*,US-2016-138303,$36
US-2016-138303,Supplies,*,US-2016-138303,$666
US-2016-138716,Binders,*,US-2016-138716,$25
US-2016-138919,Tables,*,US-2016-138919,$344
US-2016-139675,Chairs,*,US-2016-139675,$915
US-2016-139675,Furnishings,*,US-2016-139675,$328
US-2016-139759,Appliances,*,US-2016-139759,$106
US-2016-139759,Chairs,*,US-2016-139759,$41
US-2016-140200,Tables,*,US-2016-140200,$393
US-2016-140851,Paper,*,US-2016-140851,$39
US-2016-141453,Binders,*,US-2016-141453,$4
US-2016-141684,Paper,*,US-2016-141684,$25
US-2016-142020,Furnishings,*,US-2016-142020,$35
US-2016-142020,Paper,*,US-2016-142020,$30
US-2016-142811,Phones,*,US-2016-142811,$88
US-2016-144771,Accessories,*,US-2016-144771,$53
US-2016-144771,Furnishings,*,US-2016-144771,$11
US-2016-145121,Binders,*,US-2016-145121,$27
US-2016-145422,Bookcases,*,US-2016-145422,$359
US-2016-145436,Chairs,*,US-2016-145436,$551
US-2016-146745,Binders,*,US-2016-146745,$6
US-2016-146745,Chairs,*,US-2016-146745,$130
US-2016-147242,Appliances,*,US-2016-147242,$62
US-2016-147242,Bookcases,*,US-2016-147242,$362
US-2016-147242,Paper,*,US-2016-147242,$279
US-2016-147662,Accessories,*,US-2016-147662,$72
US-2016-147662,Art,*,US-2016-147662,$14
US-2016-147662,Binders,*,US-2016-147662,$17
US-2016-147662,Phones,*,US-2016-147662,$324
US-2016-147739,Furnishings,*,US-2016-147739,$547
US-2016-148817,Binders,*,US-2016-148817,$64
US-2016-148817,Storage,*,US-2016-148817,$62
US-2016-149629,Bookcases,*,US-2016-149629,$232
US-2016-149692,Binders,*,US-2016-149692,$3
US-2016-150161,Binders,*,US-2016-150161,$25
US-2016-150231,Art,*,US-2016-150231,$18
US-2016-150630,Art,*,US-2016-150630,$102
US-2016-150630,Binders,*,US-2016-150630,$16
US-2016-150630,Bookcases,*,US-2016-150630,"$3,083"
US-2016-150630,Envelopes,*,US-2016-150630,$3
US-2016-150630,Furnishings,*,US-2016-150630,$124
US-2016-151407,Phones,*,US-2016-151407,$264
US-2016-151435,Tables,*,US-2016-151435,$86
US-2016-152128,Art,*,US-2016-152128,$21
US-2016-152128,Binders,*,US-2016-152128,$128
US-2016-153283,Envelopes,*,US-2016-153283,$16
US-2016-153374,Accessories,*,US-2016-153374,$480
US-2016-153500,Furnishings,*,US-2016-153500,$451
US-2016-153500,Paper,*,US-2016-153500,$7
US-2016-154389,Phones,*,US-2016-154389,$749
US-2016-155369,Appliances,*,US-2016-155369,$20
US-2016-155369,Binders,*,US-2016-155369,$310
US-2016-156496,Appliances,*,US-2016-156496,$133
US-2016-156496,Phones,*,US-2016-156496,$578
US-2016-156797,Art,*,US-2016-156797,$12
US-2016-156797,Phones,*,US-2016-156797,$138
US-2016-156867,Accessories,*,US-2016-156867,$239
US-2016-156867,Binders,*,US-2016-156867,$37
US-2016-156867,Furnishings,*,US-2016-156867,$102
US-2016-157014,Accessories,*,US-2016-157014,$72
US-2016-157014,Binders,*,US-2016-157014,$32
US-2016-157014,Bookcases,*,US-2016-157014,$35
US-2016-157154,Tables,*,US-2016-157154,"$1,018"
US-2016-158589,Furnishings,*,US-2016-158589,$32
US-2016-158911,Furnishings,*,US-2016-158911,$5
US-2016-158911,Labels,*,US-2016-158911,$12
US-2016-159499,Accessories,*,US-2016-159499,$23
US-2016-159499,Appliances,*,US-2016-159499,$326
US-2016-159499,Labels,*,US-2016-159499,$17
US-2016-159513,Machines,*,US-2016-159513,$72
US-2016-159982,Furnishings,*,US-2016-159982,$12
US-2016-159982,Phones,*,US-2016-159982,$648
US-2016-159982,Storage,*,US-2016-159982,$136
US-2016-160150,Binders,*,US-2016-160150,$2
US-2016-160563,Accessories,*,US-2016-160563,$240
US-2016-160563,Furnishings,*,US-2016-160563,$16
US-2016-160857,Chairs,*,US-2016-160857,$128
US-2016-160857,Copiers,*,US-2016-160857,"$2,800"
US-2016-160857,Furnishings,*,US-2016-160857,$79
US-2016-160857,Paper,*,US-2016-160857,$19
US-2016-160857,Supplies,*,US-2016-160857,$358
US-2016-161347,Binders,*,US-2016-161347,$2
US-2016-161466,Art,*,US-2016-161466,$7
US-2016-161991,Binders,*,US-2016-161991,$2
US-2016-161991,Phones,*,US-2016-161991,"$1,114"
US-2016-163279,Furnishings,*,US-2016-163279,$92
US-2016-163279,Paper,*,US-2016-163279,$106
US-2016-163279,Phones,*,US-2016-163279,"$1,488"
US-2016-163433,Accessories,*,US-2016-163433,$41
US-2016-163433,Art,*,US-2016-163433,$82
US-2016-163433,Binders,*,US-2016-163433,$6
US-2016-163433,Chairs,*,US-2016-163433,$57
US-2016-163433,Paper,*,US-2016-163433,$16
US-2016-163433,Phones,*,US-2016-163433,$343
US-2016-163685,Binders,*,US-2016-163685,$6
US-2016-163685,Paper,*,US-2016-163685,$42
US-2016-163783,Storage,*,US-2016-163783,$13
US-2016-163825,Binders,*,US-2016-163825,"$3,050"
US-2016-163825,Phones,*,US-2016-163825,$134
US-2016-164175,Chairs,*,US-2016-164175,$213
US-2016-164238,Bookcases,*,US-2016-164238,$301
US-2016-164238,Storage,*,US-2016-164238,$45
US-2016-164308,Phones,*,US-2016-164308,$822
US-2016-164357,Art,*,US-2016-164357,$13
US-2016-164448,Binders,*,US-2016-164448,$40
US-2016-164448,Envelopes,*,US-2016-164448,$15
US-2016-164448,Labels,*,US-2016-164448,$427
US-2016-164966,Chairs,*,US-2016-164966,$156
US-2016-165449,Accessories,*,US-2016-165449,$27
US-2016-165512,Binders,*,US-2016-165512,$8
US-2016-165512,Chairs,*,US-2016-165512,$603
US-2016-165743,Binders,*,US-2016-165743,$15
US-2016-165743,Bookcases,*,US-2016-165743,$146
US-2016-166520,Accessories,*,US-2016-166520,$600
US-2016-166520,Paper,*,US-2016-166520,$81
US-2016-167220,Accessories,*,US-2016-167220,$22
US-2016-168704,Phones,*,US-2016-168704,$240
US-2016-168704,Tables,*,US-2016-168704,$821
US-2016-168732,Accessories,*,US-2016-168732,$102
US-2016-168732,Art,*,US-2016-168732,$2
US-2016-168732,Paper,*,US-2016-168732,$26
US-2016-168914,Appliances,*,US-2016-168914,$21
US-2016-168935,Accessories,*,US-2016-168935,$84
US-2016-168935,Tables,*,US-2016-168935,$375
US-2017-100405,Art,*,US-2017-100405,$8
US-2017-100419,Binders,*,US-2017-100419,$5
US-2017-100461,Binders,*,US-2017-100461,$106
US-2017-100461,Bookcases,*,US-2017-100461,"$1,566"
US-2017-100566,Furnishings,*,US-2017-100566,$84
US-2017-100720,Phones,*,US-2017-100720,$638
US-2017-100720,Supplies,*,US-2017-100720,$6
US-2017-100839,Furnishings,*,US-2017-100839,$25
US-2017-100839,Tables,*,US-2017-100839,$727
US-2017-101196,Storage,*,US-2017-101196,$82
US-2017-101497,Paper,*,US-2017-101497,$19
US-2017-101616,Binders,*,US-2017-101616,$87
US-2017-102141,Binders,*,US-2017-102141,$147
US-2017-102232,Art,*,US-2017-102232,$197
US-2017-102239,Binders,*,US-2017-102239,$6
US-2017-102239,Tables,*,US-2017-102239,"$1,686"
US-2017-103646,Appliances,*,US-2017-103646,$49
US-2017-103646,Binders,*,US-2017-103646,$45
US-2017-103646,Storage,*,US-2017-103646,$102
US-2017-103674,Art,*,US-2017-103674,$19
US-2017-103674,Binders,*,US-2017-103674,$451
US-2017-103674,Fasteners,*,US-2017-103674,$14
US-2017-103674,Paper,*,US-2017-103674,$13
US-2017-103674,Phones,*,US-2017-103674,$522
US-2017-104794,Fasteners,*,US-2017-104794,$4
US-2017-104815,Bookcases,*,US-2017-104815,$199
US-2017-105452,Furnishings,*,US-2017-105452,$327
US-2017-105578,Binders,*,US-2017-105578,$40
US-2017-105578,Chairs,*,US-2017-105578,$802
US-2017-105578,Paper,*,US-2017-105578,$33
US-2017-105830,Storage,*,US-2017-105830,$157
US-2017-106313,Paper,*,US-2017-106313,$19
US-2017-106600,Bookcases,*,US-2017-106600,$355
US-2017-106677,Phones,*,US-2017-106677,$24
US-2017-107440,Binders,*,US-2017-107440,$25
US-2017-107440,Furnishings,*,US-2017-107440,$10
US-2017-107440,Machines,*,US-2017-107440,"$9,100"
US-2017-108098,Accessories,*,US-2017-108098,$177
US-2017-108455,Paper,*,US-2017-108455,$66
US-2017-108455,Storage,*,US-2017-108455,$34
US-2017-108497,Bookcases,*,US-2017-108497,$599
US-2017-108504,Bookcases,*,US-2017-108504,$240
US-2017-108504,Envelopes,*,US-2017-108504,$168
US-2017-108504,Fasteners,*,US-2017-108504,$9
US-2017-108504,Furnishings,*,US-2017-108504,$19
US-2017-108504,Paper,*,US-2017-108504,$814
US-2017-108504,Phones,*,US-2017-108504,$590
US-2017-108504,Storage,*,US-2017-108504,$235
US-2017-108637,Appliances,*,US-2017-108637,$160
US-2017-108637,Binders,*,US-2017-108637,$46
US-2017-108637,Furnishings,*,US-2017-108637,$128
US-2017-108777,Accessories,*,US-2017-108777,$384
US-2017-108777,Binders,*,US-2017-108777,$19
US-2017-109260,Accessories,*,US-2017-109260,$432
US-2017-110156,Binders,*,US-2017-110156,$12
US-2017-110156,Envelopes,*,US-2017-110156,$41
US-2017-110156,Fasteners,*,US-2017-110156,$58
US-2017-110156,Furnishings,*,US-2017-110156,$2
US-2017-110156,Paper,*,US-2017-110156,$10
US-2017-110156,Phones,*,US-2017-110156,$72
US-2017-110156,Storage,*,US-2017-110156,$101
US-2017-110170,Bookcases,*,US-2017-110170,$957
US-2017-111290,Accessories,*,US-2017-111290,$110
US-2017-111290,Art,*,US-2017-111290,$29
US-2017-111290,Paper,*,US-2017-111290,$32
US-2017-111290,Storage,*,US-2017-111290,$966
US-2017-111528,Binders,*,US-2017-111528,$6
US-2017-111528,Storage,*,US-2017-111528,$481
US-2017-111563,Furnishings,*,US-2017-111563,$77
US-2017-112396,Accessories,*,US-2017-112396,$122
US-2017-112970,Art,*,US-2017-112970,$10
US-2017-112977,Bookcases,*,US-2017-112977,$177
US-2017-113509,Accessories,*,US-2017-113509,$84
US-2017-113649,Appliances,*,US-2017-113649,$570
US-2017-113649,Paper,*,US-2017-113649,$31
US-2017-113649,Phones,*,US-2017-113649,$45
US-2017-113677,Labels,*,US-2017-113677,$15
US-2017-113677,Phones,*,US-2017-113677,"$2,280"
US-2017-113985,Appliances,*,US-2017-113985,$60
US-2017-113985,Binders,*,US-2017-113985,$129
US-2017-113985,Furnishings,*,US-2017-113985,$15
US-2017-114013,Accessories,*,US-2017-114013,$380
US-2017-114013,Binders,*,US-2017-114013,$75
US-2017-114013,Chairs,*,US-2017-114013,$387
US-2017-114013,Machines,*,US-2017-114013,$449
US-2017-114013,Paper,*,US-2017-114013,$41
US-2017-114013,Phones,*,US-2017-114013,$540
US-2017-114013,Storage,*,US-2017-114013,$679
US-2017-114174,Bookcases,*,US-2017-114174,$174
US-2017-114174,Labels,*,US-2017-114174,$15
US-2017-114230,Storage,*,US-2017-114230,$40
US-2017-114293,Chairs,*,US-2017-114293,$195
US-2017-114622,Binders,*,US-2017-114622,$9
US-2017-114776,Paper,*,US-2017-114776,$19
US-2017-114888,Binders,*,US-2017-114888,$12
US-2017-114888,Supplies,*,US-2017-114888,$6
US-2017-115441,Accessories,*,US-2017-115441,$124
US-2017-115441,Chairs,*,US-2017-115441,$404
US-2017-115441,Furnishings,*,US-2017-115441,$95
US-2017-115441,Paper,*,US-2017-115441,$21
US-2017-115441,Phones,*,US-2017-115441,$298
US-2017-115455,Furnishings,*,US-2017-115455,$14
US-2017-115455,Tables,*,US-2017-115455,$601
US-2017-115819,Art,*,US-2017-115819,$79
US-2017-115819,Binders,*,US-2017-115819,$15
US-2017-115819,Paper,*,US-2017-115819,$23
US-2017-115819,Phones,*,US-2017-115819,$40
US-2017-115952,Binders,*,US-2017-115952,$29
US-2017-116365,Accessories,*,US-2017-116365,$196
US-2017-116365,Phones,*,US-2017-116365,$181
US-2017-116400,Furnishings,*,US-2017-116400,$40
US-2017-116442,Furnishings,*,US-2017-116442,$15
US-2017-116729,Accessories,*,US-2017-116729,$254
US-2017-116729,Paper,*,US-2017-116729,$45
US-2017-116729,Phones,*,US-2017-116729,"$2,576"
US-2017-117037,Binders,*,US-2017-117037,$3
US-2017-117037,Fasteners,*,US-2017-117037,$8
US-2017-117037,Furnishings,*,US-2017-117037,$23
US-2017-117037,Paper,*,US-2017-117037,$31
US-2017-117387,Binders,*,US-2017-117387,$67
US-2017-117541,Furnishings,*,US-2017-117541,$20
US-2017-117541,Paper,*,US-2017-117541,$16
US-2017-117793,Accessories,*,US-2017-117793,$2
US-2017-117793,Labels,*,US-2017-117793,$63
US-2017-117793,Storage,*,US-2017-117793,$15
US-2017-118780,Paper,*,US-2017-118780,$7
US-2017-118780,Storage,*,US-2017-118780,$59
US-2017-119046,Binders,*,US-2017-119046,$63
US-2017-119046,Paper,*,US-2017-119046,$30
US-2017-119270,Paper,*,US-2017-119270,$20
US-2017-119298,Phones,*,US-2017-119298,$60
US-2017-120460,Furnishings,*,US-2017-120460,$23
US-2017-120929,Tables,*,US-2017-120929,$190
US-2017-121013,Labels,*,US-2017-121013,$25
US-2017-121013,Tables,*,US-2017-121013,"$1,653"
US-2017-122182,Accessories,*,US-2017-122182,$40
US-2017-122245,Tables,*,US-2017-122245,$393
US-2017-123470,Appliances,*,US-2017-123470,$122
US-2017-123470,Binders,*,US-2017-123470,$19
US-2017-123610,Accessories,*,US-2017-123610,$120
US-2017-123610,Appliances,*,US-2017-123610,$9
US-2017-123750,Accessories,*,US-2017-123750,$701
US-2017-123750,Binders,*,US-2017-123750,$190
US-2017-123750,Storage,*,US-2017-123750,$5
US-2017-124163,Accessories,*,US-2017-124163,$500
US-2017-124163,Art,*,US-2017-124163,$3
US-2017-124163,Chairs,*,US-2017-124163,$202
US-2017-124163,Furnishings,*,US-2017-124163,$69
US-2017-125402,Art,*,US-2017-125402,$6
US-2017-125402,Chairs,*,US-2017-125402,$483
US-2017-125402,Copiers,*,US-2017-125402,$480
US-2017-125402,Labels,*,US-2017-125402,$35
US-2017-125402,Paper,*,US-2017-125402,$11
US-2017-125402,Phones,*,US-2017-125402,$45
US-2017-125969,Chairs,*,US-2017-125969,$81
US-2017-125969,Furnishings,*,US-2017-125969,$239
US-2017-126431,Accessories,*,US-2017-126431,$31
US-2017-126431,Labels,*,US-2017-126431,$31
US-2017-126431,Paper,*,US-2017-126431,$75
US-2017-126452,Accessories,*,US-2017-126452,$255
US-2017-126452,Binders,*,US-2017-126452,$13
US-2017-126452,Paper,*,US-2017-126452,$60
US-2017-126452,Phones,*,US-2017-126452,$124
US-2017-126452,Tables,*,US-2017-126452,"$2,887"
US-2017-126844,Furnishings,*,US-2017-126844,$52
US-2017-126893,Phones,*,US-2017-126893,$495
US-2017-127334,Appliances,*,US-2017-127334,$87
US-2017-127334,Tables,*,US-2017-127334,$564
US-2017-127425,Accessories,*,US-2017-127425,$250
US-2017-127425,Phones,*,US-2017-127425,$33
US-2017-127971,Chairs,*,US-2017-127971,$318
US-2017-127971,Furnishings,*,US-2017-127971,$7
US-2017-127971,Phones,*,US-2017-127971,$123
US-2017-128195,Binders,*,US-2017-128195,$4
US-2017-128293,Storage,*,US-2017-128293,$65
US-2017-128678,Binders,*,US-2017-128678,$49
US-2017-128678,Paper,*,US-2017-128678,$21
US-2017-128902,Tables,*,US-2017-128902,$244
US-2017-128909,Furnishings,*,US-2017-128909,$333
US-2017-128909,Paper,*,US-2017-128909,$19
US-2017-129469,Art,*,US-2017-129469,$5
US-2017-129469,Furnishings,*,US-2017-129469,$533
US-2017-131058,Labels,*,US-2017-131058,$20
US-2017-131114,Accessories,*,US-2017-131114,$19
US-2017-131114,Appliances,*,US-2017-131114,$4
US-2017-131114,Supplies,*,US-2017-131114,$21
US-2017-131149,Art,*,US-2017-131149,$154
US-2017-131149,Storage,*,US-2017-131149,$338
US-2017-131611,Accessories,*,US-2017-131611,$172
US-2017-131611,Binders,*,US-2017-131611,$16
US-2017-131611,Bookcases,*,US-2017-131611,$957
US-2017-131611,Tables,*,US-2017-131611,$863
US-2017-131674,Accessories,*,US-2017-131674,$58
US-2017-131891,Binders,*,US-2017-131891,$2
US-2017-131912,Binders,*,US-2017-131912,$12
US-2017-132423,Art,*,US-2017-132423,$33
US-2017-132423,Fasteners,*,US-2017-132423,$8
US-2017-132577,Accessories,*,US-2017-132577,$24
US-2017-132577,Art,*,US-2017-132577,$24
US-2017-132577,Binders,*,US-2017-132577,$11
US-2017-132577,Labels,*,US-2017-132577,$2
US-2017-132857,Art,*,US-2017-132857,$7
US-2017-133508,Fasteners,*,US-2017-133508,$29
US-2017-133879,Art,*,US-2017-133879,$13
US-2017-133879,Binders,*,US-2017-133879,$3
US-2017-133879,Chairs,*,US-2017-133879,$528
US-2017-134369,Paper,*,US-2017-134369,$13
US-2017-134488,Chairs,*,US-2017-134488,$155
US-2017-134656,Paper,*,US-2017-134656,$99
US-2017-134761,Phones,*,US-2017-134761,$36
US-2017-134908,Labels,*,US-2017-134908,$8
US-2017-134908,Storage,*,US-2017-134908,$125
US-2017-135209,Paper,*,US-2017-135209,$63
US-2017-135720,Accessories,*,US-2017-135720,$120
US-2017-135720,Phones,*,US-2017-135720,$301
US-2017-135720,Storage,*,US-2017-135720,$243
US-2017-135923,Appliances,*,US-2017-135923,$65
US-2017-135923,Bookcases,*,US-2017-135923,$451
US-2017-135923,Furnishings,*,US-2017-135923,$14
US-2017-136581,Paper,*,US-2017-136581,$31
US-2017-137295,Art,*,US-2017-137295,$48
US-2017-137295,Binders,*,US-2017-137295,$31
US-2017-137295,Phones,*,US-2017-137295,$109
US-2017-137547,Phones,*,US-2017-137547,$21
US-2017-138408,Accessories,*,US-2017-138408,"$1,320"
US-2017-139087,Accessories,*,US-2017-139087,$428
US-2017-139087,Binders,*,US-2017-139087,$13
US-2017-139087,Furnishings,*,US-2017-139087,$37
US-2017-139087,Labels,*,US-2017-139087,$88
US-2017-139087,Phones,*,US-2017-139087,$21
US-2017-139087,Storage,*,US-2017-139087,$70
US-2017-139262,Binders,*,US-2017-139262,$39
US-2017-139262,Storage,*,US-2017-139262,$432
US-2017-139388,Fasteners,*,US-2017-139388,$15
US-2017-139486,Accessories,*,US-2017-139486,$66
US-2017-139486,Phones,*,US-2017-139486,$55
US-2017-139710,Phones,*,US-2017-139710,$177
US-2017-140158,Binders,*,US-2017-140158,$30
US-2017-140158,Copiers,*,US-2017-140158,"$5,400"
US-2017-140158,Storage,*,US-2017-140158,$119
US-2017-140172,Appliances,*,US-2017-140172,$207
US-2017-140172,Art,*,US-2017-140172,$14
US-2017-140809,Storage,*,US-2017-140809,$56
US-2017-141264,Appliances,*,US-2017-141264,$59
US-2017-141264,Supplies,*,US-2017-141264,$185
US-2017-141544,Binders,*,US-2017-141544,$38
US-2017-141544,Chairs,*,US-2017-141544,$787
US-2017-141544,Labels,*,US-2017-141544,$100
US-2017-141544,Phones,*,US-2017-141544,$291
US-2017-141544,Storage,*,US-2017-141544,$54
US-2017-141880,Furnishings,*,US-2017-141880,$98
US-2017-142251,Paper,*,US-2017-142251,$32
US-2017-142685,Supplies,*,US-2017-142685,$835
US-2017-143280,Accessories,*,US-2017-143280,$36
US-2017-143280,Fasteners,*,US-2017-143280,$11
US-2017-143280,Phones,*,US-2017-143280,$446
US-2017-143448,Chairs,*,US-2017-143448,"$1,425"
US-2017-143819,Machines,*,US-2017-143819,"$4,900"
US-2017-143819,Paper,*,US-2017-143819,$26
US-2017-143819,Storage,*,US-2017-143819,$363
US-2017-143819,Tables,*,US-2017-143819,$837
US-2017-144057,Appliances,*,US-2017-144057,$49
US-2017-144057,Binders,*,US-2017-144057,$32
US-2017-144057,Paper,*,US-2017-144057,$77
US-2017-144057,Storage,*,US-2017-144057,$857
US-2017-144211,Paper,*,US-2017-144211,$15
US-2017-144211,Phones,*,US-2017-144211,$109
US-2017-144351,Phones,*,US-2017-144351,$90
US-2017-144393,Binders,*,US-2017-144393,$18
US-2017-144477,Art,*,US-2017-144477,$37
US-2017-144547,Accessories,*,US-2017-144547,$280
US-2017-146066,Tables,*,US-2017-146066,$815
US-2017-146570,Art,*,US-2017-146570,$100
US-2017-146570,Binders,*,US-2017-146570,$512
US-2017-146710,Paper,*,US-2017-146710,$8
US-2017-146710,Supplies,*,US-2017-146710,$107
US-2017-146794,Bookcases,*,US-2017-146794,$425
US-2017-146857,Appliances,*,US-2017-146857,$54
US-2017-147340,Furnishings,*,US-2017-147340,$63
US-2017-147711,Binders,*,US-2017-147711,$13
US-2017-147711,Bookcases,*,US-2017-147711,$345
US-2017-147711,Furnishings,*,US-2017-147711,$15
US-2017-147711,Labels,*,US-2017-147711,$58
US-2017-147991,Furnishings,*,US-2017-147991,$17
US-2017-148110,Chairs,*,US-2017-148110,$348
US-2017-148334,Binders,*,US-2017-148334,$4
US-2017-148803,Storage,*,US-2017-148803,$85
US-2017-148901,Art,*,US-2017-148901,$5
US-2017-148901,Binders,*,US-2017-148901,$81
US-2017-148901,Furnishings,*,US-2017-148901,$30
US-2017-148901,Paper,*,US-2017-148901,$31
US-2017-148901,Phones,*,US-2017-148901,$44
US-2017-148957,Labels,*,US-2017-148957,$12
US-2017-149790,Binders,*,US-2017-149790,$16
US-2017-150035,Furnishings,*,US-2017-150035,$17
US-2017-150140,Phones,*,US-2017-150140,"$1,295"
US-2017-150147,Binders,*,US-2017-150147,$26
US-2017-150147,Phones,*,US-2017-150147,$83
US-2017-150357,Binders,*,US-2017-150357,$4
US-2017-150357,Supplies,*,US-2017-150357,$21
US-2017-150567,Binders,*,US-2017-150567,$30
US-2017-150861,Chairs,*,US-2017-150861,$543
US-2017-150861,Labels,*,US-2017-150861,$6
US-2017-150861,Paper,*,US-2017-150861,$183
US-2017-150861,Storage,*,US-2017-150861,$34
US-2017-150861,Tables,*,US-2017-150861,$400
US-2017-151260,Appliances,*,US-2017-151260,$74
US-2017-151827,Accessories,*,US-2017-151827,$32
US-2017-151827,Phones,*,US-2017-151827,$281
US-2017-151862,Phones,*,US-2017-151862,$160
US-2017-152051,Binders,*,US-2017-152051,$38
US-2017-152051,Chairs,*,US-2017-152051,$422
US-2017-152051,Storage,*,US-2017-152051,$254
US-2017-152373,Storage,*,US-2017-152373,$93
US-2017-152415,Furnishings,*,US-2017-152415,$207
US-2017-152835,Art,*,US-2017-152835,$21
US-2017-153129,Paper,*,US-2017-153129,$34
US-2017-153815,Chairs,*,US-2017-153815,$208
US-2017-153815,Furnishings,*,US-2017-153815,$36
US-2017-153815,Paper,*,US-2017-153815,$125
US-2017-154256,Labels,*,US-2017-154256,$26
US-2017-154361,Furnishings,*,US-2017-154361,$22
US-2017-155103,Binders,*,US-2017-155103,$450
US-2017-155103,Paper,*,US-2017-155103,$55
US-2017-155173,Binders,*,US-2017-155173,$2
US-2017-155173,Phones,*,US-2017-155173,$500
US-2017-155180,Binders,*,US-2017-155180,$26
US-2017-155404,Furnishings,*,US-2017-155404,$13
US-2017-155768,Envelopes,*,US-2017-155768,$23
US-2017-155768,Furnishings,*,US-2017-155768,$32
US-2017-155768,Paper,*,US-2017-155768,$48
US-2017-155768,Storage,*,US-2017-155768,"$1,113"
US-2017-155971,Labels,*,US-2017-155971,$22
US-2017-155971,Paper,*,US-2017-155971,$100
US-2017-156097,Binders,*,US-2017-156097,$2
US-2017-156097,Chairs,*,US-2017-156097,$701
US-2017-156692,Accessories,*,US-2017-156692,$72
US-2017-156692,Appliances,*,US-2017-156692,$17
US-2017-156986,Binders,*,US-2017-156986,$17
US-2017-156986,Paper,*,US-2017-156986,$31
US-2017-156986,Phones,*,US-2017-156986,$85
US-2017-157308,Binders,*,US-2017-157308,$16
US-2017-157490,Accessories,*,US-2017-157490,$68
US-2017-157490,Binders,*,US-2017-157490,$30
US-2017-157490,Machines,*,US-2017-157490,$704
US-2017-157728,Paper,*,US-2017-157728,$36
US-2017-157728,Phones,*,US-2017-157728,$98
US-2017-157840,Paper,*,US-2017-157840,$34
US-2017-157945,Chairs,*,US-2017-157945,$748
US-2017-157945,Envelopes,*,US-2017-157945,$9
US-2017-158288,Binders,*,US-2017-158288,$79
US-2017-158309,Binders,*,US-2017-158309,$4
US-2017-158680,Binders,*,US-2017-158680,$2
US-2017-158708,Accessories,*,US-2017-158708,$14
US-2017-159093,Paper,*,US-2017-159093,$32
US-2017-159415,Furnishings,*,US-2017-159415,$79
US-2017-159856,Chairs,*,US-2017-159856,$308
US-2017-160206,Phones,*,US-2017-160206,$13
US-2017-160528,Accessories,*,US-2017-160528,$666
US-2017-160528,Furnishings,*,US-2017-160528,$23
US-2017-160528,Storage,*,US-2017-160528,$727
US-2017-161396,Paper,*,US-2017-161396,$419
US-2017-161396,Tables,*,US-2017-161396,$205
US-2017-161683,Appliances,*,US-2017-161683,$395
US-2017-161683,Binders,*,US-2017-161683,$18
US-2017-161844,Binders,*,US-2017-161844,$3
US-2017-161844,Tables,*,US-2017-161844,$80
US-2017-162026,Paper,*,US-2017-162026,$62
US-2017-162103,Binders,*,US-2017-162103,$3
US-2017-162677,Accessories,*,US-2017-162677,$120
US-2017-162677,Storage,*,US-2017-162677,$68
US-2017-162852,Chairs,*,US-2017-162852,$845
US-2017-162859,Binders,*,US-2017-162859,$398
US-2017-162859,Fasteners,*,US-2017-162859,$9
US-2017-163258,Binders,*,US-2017-163258,$11
US-2017-163461,Paper,*,US-2017-163461,$77
US-2017-163538,Accessories,*,US-2017-163538,$48
US-2017-163881,Accessories,*,US-2017-163881,"$1,220"
US-2017-163881,Chairs,*,US-2017-163881,"$1,685"
US-2017-164189,Phones,*,US-2017-164189,$403
US-2017-164196,Tables,*,US-2017-164196,"$2,679"
US-2017-164588,Art,*,US-2017-164588,$13
US-2017-164630,Copiers,*,US-2017-164630,$960
US-2017-164945,Binders,*,US-2017-164945,$134
US-2017-165078,Art,*,US-2017-165078,$40
US-2017-165078,Binders,*,US-2017-165078,$105
US-2017-165078,Labels,*,US-2017-165078,$52
US-2017-165505,Accessories,*,US-2017-165505,$100
US-2017-165505,Art,*,US-2017-165505,$8
US-2017-165505,Storage,*,US-2017-165505,"$1,564"
US-2017-165953,Art,*,US-2017-165953,$48
US-2017-165953,Paper,*,US-2017-165953,$23
US-2017-166660,Bookcases,*,US-2017-166660,$49
US-2017-166660,Chairs,*,US-2017-166660,$435
US-2017-167339,Chairs,*,US-2017-167339,"$1,167"
US-2017-167472,Accessories,*,US-2017-167472,$530
US-2017-167472,Binders,*,US-2017-167472,$76
US-2017-167472,Paper,*,US-2017-167472,$73
US-2017-168095,Chairs,*,US-2017-168095,$230
US-2017-168095,Paper,*,US-2017-168095,$106
US-2017-168410,Furnishings,*,US-2017-168410,$69
US-2017-168410,Phones,*,US-2017-168410,$40
US-2017-168410,Storage,*,US-2017-168410,$296
US-2017-168620,Accessories,*,US-2017-168620,$256
US-2017-168620,Binders,*,US-2017-168620,$28
US-2017-168620,Storage,*,US-2017-168620,$540
US-2017-169040,Binders,*,US-2017-169040,$107
US-2017-169040,Envelopes,*,US-2017-169040,$36
US-2017-169040,Paper,*,US-2017-169040,$438
US-2017-169040,Phones,*,US-2017-169040,$589
US-2017-169369,Accessories,*,US-2017-169369,$250
US-2017-169369,Paper,*,US-2017-169369,$49
US-2018-100048,Accessories,*,US-2018-100048,$300
US-2018-100048,Appliances,*,US-2018-100048,$281
US-2018-100048,Phones,*,US-2018-100048,$308
US-2018-100209,Binders,*,US-2018-100209,$1
US-2018-100398,Binders,*,US-2018-100398,$103
US-2018-100482,Accessories,*,US-2018-100482,$27
US-2018-100482,Storage,*,US-2018-100482,$17
US-2018-100930,Accessories,*,US-2018-100930,$618
US-2018-100930,Binders,*,US-2018-100930,$5
US-2018-100930,Furnishings,*,US-2018-100930,$258
US-2018-100930,Tables,*,US-2018-100930,$854
US-2018-101518,Accessories,*,US-2018-101518,$41
US-2018-101539,Paper,*,US-2018-101539,$6
US-2018-101539,Phones,*,US-2018-101539,$660
US-2018-101539,Storage,*,US-2018-101539,$47
US-2018-101721,Paper,*,US-2018-101721,$63
US-2018-101784,Chairs,*,US-2018-101784,$122
US-2018-101840,Binders,*,US-2018-101840,$46
US-2018-101840,Phones,*,US-2018-101840,$227
US-2018-102183,Binders,*,US-2018-102183,"$4,338"
US-2018-102288,Appliances,*,US-2018-102288,$3
US-2018-102288,Paper,*,US-2018-102288,$146
US-2018-102638,Fasteners,*,US-2018-102638,$6
US-2018-102890,Tables,*,US-2018-102890,"$1,045"
US-2018-102904,Accessories,*,US-2018-102904,$240
US-2018-103226,Paper,*,US-2018-103226,$27
US-2018-103247,Binders,*,US-2018-103247,$76
US-2018-103247,Phones,*,US-2018-103247,$161
US-2018-103814,Paper,*,US-2018-103814,$144
US-2018-103828,Appliances,*,US-2018-103828,$84
US-2018-103828,Art,*,US-2018-103828,$60
US-2018-103828,Storage,*,US-2018-103828,$31
US-2018-103828,Supplies,*,US-2018-103828,$32
US-2018-104094,Accessories,*,US-2018-104094,$13
US-2018-104437,Phones,*,US-2018-104437,$138
US-2018-104451,Appliances,*,US-2018-104451,$81
US-2018-104661,Accessories,*,US-2018-104661,$111
US-2018-104661,Binders,*,US-2018-104661,$37
US-2018-104955,Labels,*,US-2018-104955,$29
US-2018-105046,Furnishings,*,US-2018-105046,$39
US-2018-105046,Paper,*,US-2018-105046,$100
US-2018-105046,Phones,*,US-2018-105046,$270
US-2018-105389,Art,*,US-2018-105389,$10
US-2018-105389,Binders,*,US-2018-105389,$4
US-2018-105389,Phones,*,US-2018-105389,$824
US-2018-105697,Storage,*,US-2018-105697,$26
US-2018-105935,Furnishings,*,US-2018-105935,$63
US-2018-105935,Phones,*,US-2018-105935,"$2,940"
US-2018-105998,Accessories,*,US-2018-105998,$200
US-2018-105998,Tables,*,US-2018-105998,"$1,673"
US-2018-106131,Accessories,*,US-2018-106131,$169
US-2018-106131,Storage,*,US-2018-106131,$169
US-2018-106145,Binders,*,US-2018-106145,$948
US-2018-106145,Envelopes,*,US-2018-106145,$72
US-2018-106145,Furnishings,*,US-2018-106145,$9
US-2018-106145,Paper,*,US-2018-106145,$36
US-2018-106551,Chairs,*,US-2018-106551,$526
US-2018-106579,Binders,*,US-2018-106579,$12
US-2018-106663,Furnishings,*,US-2018-106663,$24
US-2018-106663,Paper,*,US-2018-106663,$36
US-2018-106663,Tables,*,US-2018-106663,$109
US-2018-106705,Paper,*,US-2018-106705,$45
US-2018-106796,Art,*,US-2018-106796,$10
US-2018-107272,Binders,*,US-2018-107272,$2
US-2018-107272,Storage,*,US-2018-107272,$244
US-2018-107384,Accessories,*,US-2018-107384,$543
US-2018-107384,Art,*,US-2018-107384,$9
US-2018-107636,Labels,*,US-2018-107636,$6
US-2018-107888,Furnishings,*,US-2018-107888,$140
US-2018-107888,Paper,*,US-2018-107888,$74
US-2018-107888,Phones,*,US-2018-107888,$108
US-2018-107888,Storage,*,US-2018-107888,$33
US-2018-107979,Accessories,*,US-2018-107979,$90
US-2018-107979,Binders,*,US-2018-107979,$73
US-2018-107979,Storage,*,US-2018-107979,$35
US-2018-108014,Binders,*,US-2018-108014,$60
US-2018-108063,Art,*,US-2018-108063,$35
US-2018-108245,Binders,*,US-2018-108245,$11
US-2018-108245,Envelopes,*,US-2018-108245,$13
US-2018-108315,Binders,*,US-2018-108315,$5
US-2018-108315,Furnishings,*,US-2018-108315,$221
US-2018-108343,Chairs,*,US-2018-108343,$164
US-2018-108343,Furnishings,*,US-2018-108343,$184
US-2018-108343,Paper,*,US-2018-108343,$13
US-2018-108700,Paper,*,US-2018-108700,$38
US-2018-109253,Appliances,*,US-2018-109253,$204
US-2018-109253,Art,*,US-2018-109253,$17
US-2018-109253,Binders,*,US-2018-109253,$117
US-2018-109253,Furnishings,*,US-2018-109253,$130
US-2018-109253,Labels,*,US-2018-109253,$52
US-2018-109253,Phones,*,US-2018-109253,$432
US-2018-109253,Tables,*,US-2018-109253,$569
US-2018-109316,Bookcases,*,US-2018-109316,"$1,498"
US-2018-109316,Phones,*,US-2018-109316,$18
US-2018-109484,Binders,*,US-2018-109484,$6
US-2018-109582,Paper,*,US-2018-109582,$166
US-2018-109610,Chairs,*,US-2018-109610,$702
US-2018-110149,Binders,*,US-2018-110149,$3
US-2018-110149,Furnishings,*,US-2018-110149,$88
US-2018-110576,Furnishings,*,US-2018-110576,"$1,524"
US-2018-110576,Paper,*,US-2018-110576,$41
US-2018-110576,Tables,*,US-2018-110576,"$2,065"
US-2018-110604,Chairs,*,US-2018-110604,$264
US-2018-110604,Furnishings,*,US-2018-110604,$40
US-2018-110646,Binders,*,US-2018-110646,$33
US-2018-110646,Labels,*,US-2018-110646,$15
US-2018-110646,Phones,*,US-2018-110646,$119
US-2018-110989,Accessories,*,US-2018-110989,$44
US-2018-110996,Chairs,*,US-2018-110996,$284
US-2018-111024,Paper,*,US-2018-111024,$64
US-2018-111024,Tables,*,US-2018-111024,$215
US-2018-111241,Binders,*,US-2018-111241,$239
US-2018-111423,Binders,*,US-2018-111423,$896
US-2018-111423,Chairs,*,US-2018-111423,$463
US-2018-111745,Accessories,*,US-2018-111745,$160
US-2018-111920,Art,*,US-2018-111920,$36
US-2018-112347,Binders,*,US-2018-112347,$37
US-2018-112347,Bookcases,*,US-2018-112347,$242
US-2018-112347,Chairs,*,US-2018-112347,$907
US-2018-112347,Furnishings,*,US-2018-112347,$509
US-2018-112347,Phones,*,US-2018-112347,$107
US-2018-112347,Storage,*,US-2018-112347,$114
US-2018-112613,Phones,*,US-2018-112613,$54
US-2018-112928,Appliances,*,US-2018-112928,$17
US-2018-113201,Paper,*,US-2018-113201,$205
US-2018-113852,Accessories,*,US-2018-113852,$91
US-2018-113992,Tables,*,US-2018-113992,$975
US-2018-114034,Paper,*,US-2018-114034,$39
US-2018-114356,Phones,*,US-2018-114356,$36
US-2018-114657,Machines,*,US-2018-114657,$52
US-2018-115252,Paper,*,US-2018-115252,$14
US-2018-115252,Phones,*,US-2018-115252,$16
US-2018-115301,Bookcases,*,US-2018-115301,$116
US-2018-115595,Paper,*,US-2018-115595,$35
US-2018-115609,Appliances,*,US-2018-115609,$168
US-2018-116491,Phones,*,US-2018-116491,$35
US-2018-116505,Binders,*,US-2018-116505,$44
US-2018-116652,Appliances,*,US-2018-116652,$109
US-2018-116652,Art,*,US-2018-116652,$99
US-2018-116652,Binders,*,US-2018-116652,$3
US-2018-116652,Chairs,*,US-2018-116652,$218
US-2018-116652,Furnishings,*,US-2018-116652,$530
US-2018-116659,Phones,*,US-2018-116659,$371
US-2018-116701,Appliances,*,US-2018-116701,$66
US-2018-116897,Furnishings,*,US-2018-116897,$35
US-2018-116897,Phones,*,US-2018-116897,$302
US-2018-116897,Storage,*,US-2018-116897,$477
US-2018-117247,Tables,*,US-2018-117247,$719
US-2018-117331,Binders,*,US-2018-117331,$9
US-2018-117450,Chairs,*,US-2018-117450,$97
US-2018-117450,Paper,*,US-2018-117450,$10
US-2018-117534,Appliances,*,US-2018-117534,$176
US-2018-117534,Art,*,US-2018-117534,$16
US-2018-117534,Binders,*,US-2018-117534,$186
US-2018-117534,Copiers,*,US-2018-117534,$480
US-2018-117534,Phones,*,US-2018-117534,$211
US-2018-117723,Storage,*,US-2018-117723,"$1,802"
US-2018-118038,Binders,*,US-2018-118038,$1
US-2018-118038,Furnishings,*,US-2018-118038,$10
US-2018-118038,Storage,*,US-2018-118038,$27
US-2018-118087,Accessories,*,US-2018-118087,$355
US-2018-118087,Art,*,US-2018-118087,$5
US-2018-118087,Binders,*,US-2018-118087,$8
US-2018-118087,Chairs,*,US-2018-118087,$141
US-2018-118087,Furnishings,*,US-2018-118087,$17
US-2018-118087,Phones,*,US-2018-118087,"$1,932"
US-2018-118157,Envelopes,*,US-2018-118157,$15
US-2018-118535,Labels,*,US-2018-118535,$21
US-2018-118556,Binders,*,US-2018-118556,$4
US-2018-118556,Chairs,*,US-2018-118556,$107
US-2018-118598,Phones,*,US-2018-118598,$120
US-2018-118941,Art,*,US-2018-118941,$237
US-2018-118941,Chairs,*,US-2018-118941,"$1,780"
US-2018-119039,Binders,*,US-2018-119039,$15
US-2018-119319,Furnishings,*,US-2018-119319,$31
US-2018-119438,Accessories,*,US-2018-119438,$28
US-2018-119438,Appliances,*,US-2018-119438,$3
US-2018-119438,Binders,*,US-2018-119438,$183
US-2018-119438,Furnishings,*,US-2018-119438,$83
US-2018-119662,Storage,*,US-2018-119662,$230
US-2018-119816,Furnishings,*,US-2018-119816,$104
US-2018-119816,Labels,*,US-2018-119816,$2
US-2018-119816,Storage,*,US-2018-119816,$9
US-2018-120089,Appliances,*,US-2018-120089,$664
US-2018-120147,Art,*,US-2018-120147,$6
US-2018-120147,Phones,*,US-2018-120147,$165
US-2018-120390,Binders,*,US-2018-120390,"$1,633"
US-2018-120418,Art,*,US-2018-120418,$104
US-2018-120418,Chairs,*,US-2018-120418,$281
US-2018-120418,Storage,*,US-2018-120418,$284
US-2018-120607,Paper,*,US-2018-120607,$196
US-2018-120649,Art,*,US-2018-120649,$4
US-2018-120908,Labels,*,US-2018-120908,$21
US-2018-121251,Bookcases,*,US-2018-121251,$258
US-2018-121251,Phones,*,US-2018-121251,$120
US-2018-122637,Binders,*,US-2018-122637,$43
US-2018-122672,Accessories,*,US-2018-122672,$71
US-2018-122672,Storage,*,US-2018-122672,$194
US-2018-122714,Binders,*,US-2018-122714,"$1,890"
US-2018-123204,Appliances,*,US-2018-123204,$17
US-2018-123281,Furnishings,*,US-2018-123281,$25
US-2018-123463,Art,*,US-2018-123463,$13
US-2018-123834,Tables,*,US-2018-123834,$124
US-2018-123862,Fasteners,*,US-2018-123862,$8
US-2018-123862,Storage,*,US-2018-123862,$215
US-2018-123862,Supplies,*,US-2018-123862,$110
US-2018-124303,Binders,*,US-2018-124303,$3
US-2018-124303,Paper,*,US-2018-124303,$16
US-2018-124779,Binders,*,US-2018-124779,$43
US-2018-124779,Chairs,*,US-2018-124779,$213
US-2018-124779,Copiers,*,US-2018-124779,$320
US-2018-124779,Fasteners,*,US-2018-124779,$46
US-2018-124779,Furnishings,*,US-2018-124779,$21
US-2018-124779,Paper,*,US-2018-124779,$21
US-2018-124821,Tables,*,US-2018-124821,$871
US-2018-124926,Appliances,*,US-2018-124926,$9
US-2018-124968,Tables,*,US-2018-124968,$766
US-2018-125213,Fasteners,*,US-2018-125213,$7
US-2018-125647,Appliances,*,US-2018-125647,$73
US-2018-125647,Paper,*,US-2018-125647,$21
US-2018-125647,Phones,*,US-2018-125647,$40
US-2018-125717,Accessories,*,US-2018-125717,$54
US-2018-125717,Appliances,*,US-2018-125717,$210
US-2018-125717,Binders,*,US-2018-125717,$77
US-2018-125717,Furnishings,*,US-2018-125717,$33
US-2018-125717,Paper,*,US-2018-125717,$14
US-2018-125717,Storage,*,US-2018-125717,$147
US-2018-125808,Paper,*,US-2018-125808,$12
US-2018-126053,Furnishings,*,US-2018-126053,$42
US-2018-126053,Labels,*,US-2018-126053,$9
US-2018-126060,Bookcases,*,US-2018-126060,$198
US-2018-126081,Paper,*,US-2018-126081,$5
US-2018-126179,Furnishings,*,US-2018-126179,$24
US-2018-126179,Phones,*,US-2018-126179,$288
US-2018-127292,Appliances,*,US-2018-127292,$543
US-2018-127292,Envelopes,*,US-2018-127292,$2
US-2018-127292,Paper,*,US-2018-127292,$92
US-2018-127341,Binders,*,US-2018-127341,$12
US-2018-127719,Paper,*,US-2018-127719,$6
US-2018-128118,Binders,*,US-2018-128118,$12
US-2018-128118,Envelopes,*,US-2018-128118,$65
US-2018-128398,Accessories,*,US-2018-128398,$160
US-2018-128447,Appliances,*,US-2018-128447,$401
US-2018-128447,Binders,*,US-2018-128447,$29
US-2018-128832,Accessories,*,US-2018-128832,$70
US-2018-128951,Appliances,*,US-2018-128951,$180
US-2018-128951,Paper,*,US-2018-128951,$13
US-2018-128951,Tables,*,US-2018-128951,$873
US-2018-129203,Storage,*,US-2018-129203,$195
US-2018-129224,Labels,*,US-2018-129224,$5
US-2018-129441,Furnishings,*,US-2018-129441,$48
US-2018-129777,Accessories,*,US-2018-129777,$259
US-2018-129777,Paper,*,US-2018-129777,$25
US-2018-130603,Binders,*,US-2018-130603,$12
US-2018-130687,Art,*,US-2018-130687,$26
US-2018-130687,Furnishings,*,US-2018-130687,$81
US-2018-130687,Phones,*,US-2018-130687,$456
US-2018-130953,Appliances,*,US-2018-130953,$138
US-2018-130953,Binders,*,US-2018-130953,$33
US-2018-130953,Chairs,*,US-2018-130953,$303
US-2018-130953,Phones,*,US-2018-130953,$462
US-2018-131583,Paper,*,US-2018-131583,$40
US-2018-131849,Furnishings,*,US-2018-131849,$5
US-2018-131849,Storage,*,US-2018-131849,$26
US-2018-131961,Art,*,US-2018-131961,$13
US-2018-131961,Phones,*,US-2018-131961,$84
US-2018-132031,Accessories,*,US-2018-132031,$45
US-2018-132031,Bookcases,*,US-2018-132031,$387
US-2018-132031,Furnishings,*,US-2018-132031,$78
US-2018-132031,Labels,*,US-2018-132031,$3
US-2018-132059,Accessories,*,US-2018-132059,$48
US-2018-132059,Bookcases,*,US-2018-132059,$181
US-2018-132206,Binders,*,US-2018-132206,$6
US-2018-132220,Accessories,*,US-2018-132220,$62
US-2018-132297,Binders,*,US-2018-132297,$58
US-2018-132297,Phones,*,US-2018-132297,$540
US-2018-132381,Tables,*,US-2018-132381,$315
US-2018-132444,Accessories,*,US-2018-132444,$133
US-2018-132444,Binders,*,US-2018-132444,$8
US-2018-132444,Fasteners,*,US-2018-132444,$3
US-2018-132444,Storage,*,US-2018-132444,$266
US-2018-132675,Art,*,US-2018-132675,$27
US-2018-132675,Labels,*,US-2018-132675,$16
US-2018-132675,Phones,*,US-2018-132675,$90
US-2018-132675,Storage,*,US-2018-132675,$16
US-2018-132927,Binders,*,US-2018-132927,$11
US-2018-133081,Accessories,*,US-2018-133081,$64
US-2018-133081,Furnishings,*,US-2018-133081,$27
US-2018-133200,Binders,*,US-2018-133200,$11
US-2018-133200,Bookcases,*,US-2018-133200,$623
US-2018-133200,Storage,*,US-2018-133200,$773
US-2018-133312,Bookcases,*,US-2018-133312,$359
US-2018-133312,Storage,*,US-2018-133312,$10
US-2018-133361,Accessories,*,US-2018-133361,$90
US-2018-133361,Art,*,US-2018-133361,$56
US-2018-133361,Chairs,*,US-2018-133361,$262
US-2018-133361,Labels,*,US-2018-133361,$74
US-2018-133781,Envelopes,*,US-2018-133781,$38
US-2018-134481,Tables,*,US-2018-134481,"$1,488"
US-2018-134642,Bookcases,*,US-2018-134642,$232
US-2018-134642,Chairs,*,US-2018-134642,$197
US-2018-135013,Copiers,*,US-2018-135013,"$2,400"
US-2018-135062,Paper,*,US-2018-135062,$230
US-2018-135230,Art,*,US-2018-135230,$8
US-2018-135503,Furnishings,*,US-2018-135503,$15
US-2018-135986,Paper,*,US-2018-135986,$32
US-2018-135986,Phones,*,US-2018-135986,$504
US-2018-136189,Furnishings,*,US-2018-136189,$82
US-2018-136679,Accessories,*,US-2018-136679,$168
US-2018-136679,Art,*,US-2018-136679,$45
US-2018-136707,Binders,*,US-2018-136707,$14
US-2018-136721,Furnishings,*,US-2018-136721,$581
US-2018-136784,Paper,*,US-2018-136784,$164
US-2018-136868,Accessories,*,US-2018-136868,$320
US-2018-136868,Paper,*,US-2018-136868,$17
US-2018-136868,Storage,*,US-2018-136868,$345
US-2018-137491,Chairs,*,US-2018-137491,$305
US-2018-138086,Appliances,*,US-2018-138086,$41
US-2018-139465,Binders,*,US-2018-139465,$37
US-2018-139465,Phones,*,US-2018-139465,$348
US-2018-139465,Storage,*,US-2018-139465,$64
US-2018-139577,Accessories,*,US-2018-139577,$105
US-2018-139647,Bookcases,*,US-2018-139647,$210
US-2018-139955,Supplies,*,US-2018-139955,$2
US-2018-139969,Chairs,*,US-2018-139969,$233
US-2018-140074,Paper,*,US-2018-140074,$26
US-2018-140312,Phones,*,US-2018-140312,$22
US-2018-140907,Accessories,*,US-2018-140907,$49
US-2018-140907,Art,*,US-2018-140907,$18
US-2018-140907,Storage,*,US-2018-140907,$325
US-2018-141509,Art,*,US-2018-141509,$99
US-2018-141558,Binders,*,US-2018-141558,$12
US-2018-141558,Phones,*,US-2018-141558,$777
US-2018-141558,Storage,*,US-2018-141558,$43
US-2018-141558,Tables,*,US-2018-141558,$155
US-2018-141677,Accessories,*,US-2018-141677,$144
US-2018-141677,Appliances,*,US-2018-141677,$87
US-2018-141677,Copiers,*,US-2018-141677,"$2,400"
US-2018-141677,Paper,*,US-2018-141677,$74
US-2018-141677,Storage,*,US-2018-141677,$32
US-2018-141698,Paper,*,US-2018-141698,$21
US-2018-141852,Furnishings,*,US-2018-141852,$47
US-2018-141943,Envelopes,*,US-2018-141943,$23
US-2018-142188,Binders,*,US-2018-142188,"$1,472"
US-2018-142188,Chairs,*,US-2018-142188,$178
US-2018-142188,Paper,*,US-2018-142188,$91
US-2018-142188,Phones,*,US-2018-142188,$80
US-2018-142573,Binders,*,US-2018-142573,$8
US-2018-142573,Chairs,*,US-2018-142573,$474
US-2018-142573,Paper,*,US-2018-142573,$16
US-2018-142573,Tables,*,US-2018-142573,$802
US-2018-143028,Binders,*,US-2018-143028,$11
US-2018-143175,Storage,*,US-2018-143175,$100
US-2018-143770,Accessories,*,US-2018-143770,$238
US-2018-143770,Paper,*,US-2018-143770,$62
US-2018-144582,Binders,*,US-2018-144582,$43
US-2018-145366,Envelopes,*,US-2018-145366,$58
US-2018-145366,Storage,*,US-2018-145366,$37
US-2018-145597,Art,*,US-2018-145597,$54
US-2018-145863,Binders,*,US-2018-145863,$6
US-2018-146213,Accessories,*,US-2018-146213,$160
US-2018-146416,Binders,*,US-2018-146416,$21
US-2018-146416,Labels,*,US-2018-146416,$4
US-2018-146822,Paper,*,US-2018-146822,$49
US-2018-146878,Binders,*,US-2018-146878,$12
US-2018-146906,Phones,*,US-2018-146906,$300
US-2018-147221,Appliances,*,US-2018-147221,$295
US-2018-147221,Furnishings,*,US-2018-147221,$9
US-2018-147655,Binders,*,US-2018-147655,$88
US-2018-147669,Accessories,*,US-2018-147669,$159
US-2018-147669,Binders,*,US-2018-147669,$13
US-2018-147669,Fasteners,*,US-2018-147669,$39
US-2018-147669,Tables,*,US-2018-147669,$273
US-2018-147886,Furnishings,*,US-2018-147886,$48
US-2018-147886,Machines,*,US-2018-147886,$533
US-2018-147886,Paper,*,US-2018-147886,$60
US-2018-147886,Storage,*,US-2018-147886,$795
US-2018-147984,Paper,*,US-2018-147984,$280
US-2018-147998,Binders,*,US-2018-147998,$133
US-2018-148054,Appliances,*,US-2018-148054,$228
US-2018-148054,Furnishings,*,US-2018-148054,$42
US-2018-148054,Paper,*,US-2018-148054,$38
US-2018-148362,Binders,*,US-2018-148362,$170
US-2018-148362,Paper,*,US-2018-148362,$26
US-2018-148362,Storage,*,US-2018-148362,$444
US-2018-148551,Binders,*,US-2018-148551,$761
US-2018-148768,Phones,*,US-2018-148768,$72
US-2018-148831,Storage,*,US-2018-148831,$349
US-2018-148866,Paper,*,US-2018-148866,$32
US-2018-149006,Storage,*,US-2018-149006,$11
US-2018-149510,Appliances,*,US-2018-149510,$45
US-2018-149510,Binders,*,US-2018-149510,$29
US-2018-149510,Paper,*,US-2018-149510,$24
US-2018-150070,Chairs,*,US-2018-150070,$162
US-2018-150595,Binders,*,US-2018-150595,$2
US-2018-150595,Chairs,*,US-2018-150595,$182
US-2018-150595,Supplies,*,US-2018-150595,$22
US-2018-150847,Paper,*,US-2018-150847,$10
US-2018-151127,Art,*,US-2018-151127,$50
US-2018-151316,Binders,*,US-2018-151316,$183
US-2018-151316,Paper,*,US-2018-151316,$10
US-2018-152002,Paper,*,US-2018-152002,$123
US-2018-152366,Appliances,*,US-2018-152366,$97
US-2018-152380,Tables,*,US-2018-152380,$219
US-2018-152492,Chairs,*,US-2018-152492,$239
US-2018-152569,Paper,*,US-2018-152569,$57
US-2018-152569,Phones,*,US-2018-152569,$11
US-2018-152842,Chairs,*,US-2018-152842,$242
US-2018-152898,Appliances,*,US-2018-152898,$68
US-2018-153255,Bookcases,*,US-2018-153255,$240
US-2018-153633,Art,*,US-2018-153633,$2
US-2018-153948,Accessories,*,US-2018-153948,$17
US-2018-153948,Labels,*,US-2018-153948,$41
US-2018-153948,Paper,*,US-2018-153948,$132
US-2018-154851,Binders,*,US-2018-154851,$6
US-2018-154872,Binders,*,US-2018-154872,$58
US-2018-154872,Labels,*,US-2018-154872,$5
US-2018-154872,Paper,*,US-2018-154872,$25
US-2018-155299,Appliances,*,US-2018-155299,$2
US-2018-155425,Accessories,*,US-2018-155425,$240
US-2018-155425,Binders,*,US-2018-155425,$38
US-2018-155425,Chairs,*,US-2018-155425,$899
US-2018-155425,Machines,*,US-2018-155425,$96
US-2018-155425,Phones,*,US-2018-155425,$202
US-2018-155866,Furnishings,*,US-2018-155866,$188
US-2018-155866,Paper,*,US-2018-155866,$39
US-2018-155999,Binders,*,US-2018-155999,$14
US-2018-155999,Phones,*,US-2018-155999,$160
US-2018-156083,Paper,*,US-2018-156083,$10
US-2018-156356,Binders,*,US-2018-156356,$29
US-2018-156356,Storage,*,US-2018-156356,$33
US-2018-156909,Chairs,*,US-2018-156909,$71
US-2018-157224,Labels,*,US-2018-157224,$57
US-2018-157896,Paper,*,US-2018-157896,$147
US-2018-158218,Binders,*,US-2018-158218,$34
US-2018-158218,Storage,*,US-2018-158218,$128
US-2018-158505,Art,*,US-2018-158505,$26
US-2018-158505,Phones,*,US-2018-158505,$72
US-2018-158512,Furnishings,*,US-2018-158512,$38
US-2018-158512,Paper,*,US-2018-158512,$40
US-2018-158526,Art,*,US-2018-158526,$35
US-2018-158526,Binders,*,US-2018-158526,$13
US-2018-158526,Chairs,*,US-2018-158526,"$1,768"
US-2018-158946,Art,*,US-2018-158946,$39
US-2018-159205,Furnishings,*,US-2018-159205,$61
US-2018-159205,Phones,*,US-2018-159205,$672
US-2018-159562,Envelopes,*,US-2018-159562,$17
US-2018-160143,Supplies,*,US-2018-160143,$30
US-2018-160465,Binders,*,US-2018-160465,$34
US-2018-160465,Phones,*,US-2018-160465,$211
US-2018-160465,Storage,*,US-2018-160465,$222
US-2018-160759,Chairs,*,US-2018-160759,$64
US-2018-160836,Appliances,*,US-2018-160836,$2
US-2018-160836,Paper,*,US-2018-160836,$10
US-2018-160836,Tables,*,US-2018-160836,$512
US-2018-161193,Furnishings,*,US-2018-161193,$82
US-2018-161935,Art,*,US-2018-161935,$13
US-2018-161935,Furnishings,*,US-2018-161935,$397
US-2018-161935,Paper,*,US-2018-161935,$9
US-2018-161935,Phones,*,US-2018-161935,"$1,890"
US-2018-161935,Storage,*,US-2018-161935,$301
US-2018-162068,Binders,*,US-2018-162068,$1
US-2018-162124,Accessories,*,US-2018-162124,$192
US-2018-162208,Envelopes,*,US-2018-162208,$3
US-2018-162558,Binders,*,US-2018-162558,$62
US-2018-162558,Furnishings,*,US-2018-162558,$41
US-2018-162558,Paper,*,US-2018-162558,$21
US-2018-162558,Tables,*,US-2018-162558,"$2,314"
US-2018-162670,Envelopes,*,US-2018-162670,$183
US-2018-162670,Paper,*,US-2018-162670,$45
US-2018-162670,Phones,*,US-2018-162670,$495
US-2018-162670,Storage,*,US-2018-162670,$430
US-2018-163195,Phones,*,US-2018-163195,$29
US-2018-163300,Binders,*,US-2018-163300,"$2,357"
US-2018-163300,Chairs,*,US-2018-163300,$185
US-2018-163300,Phones,*,US-2018-163300,$370
US-2018-163657,Binders,*,US-2018-163657,$19
US-2018-163657,Tables,*,US-2018-163657,$237
US-2018-163790,Art,*,US-2018-163790,$9
US-2018-163790,Binders,*,US-2018-163790,$590
US-2018-163790,Envelopes,*,US-2018-163790,$77
US-2018-163790,Fasteners,*,US-2018-163790,$6
US-2018-163790,Furnishings,*,US-2018-163790,$25
US-2018-163790,Storage,*,US-2018-163790,$453
US-2018-164056,Tables,*,US-2018-164056,"$1,048"
US-2018-164147,Fasteners,*,US-2018-164147,$21
US-2018-164147,Paper,*,US-2018-164147,$78
US-2018-164147,Phones,*,US-2018-164147,$60
US-2018-165344,Accessories,*,US-2018-165344,$61
US-2018-165344,Binders,*,US-2018-165344,$11
US-2018-165344,Machines,*,US-2018-165344,$653
US-2018-165358,Chairs,*,US-2018-165358,$199
US-2018-165358,Copiers,*,US-2018-165358,$600
US-2018-165358,Supplies,*,US-2018-165358,$9
US-2018-165456,Chairs,*,US-2018-165456,"$1,079"
US-2018-165869,Appliances,*,US-2018-165869,$156
US-2018-165869,Binders,*,US-2018-165869,$18
US-2018-166037,Accessories,*,US-2018-166037,$450
US-2018-166233,Accessories,*,US-2018-166233,$24
US-2018-166324,Binders,*,US-2018-166324,$9
US-2018-166324,Phones,*,US-2018-166324,$122
US-2018-166324,Storage,*,US-2018-166324,$849
US-2018-166394,Fasteners,*,US-2018-166394,$15
US-2018-166611,Binders,*,US-2018-166611,$69
US-2018-166688,Appliances,*,US-2018-166688,$65
US-2018-166688,Binders,*,US-2018-166688,$8
US-2018-166688,Phones,*,US-2018-166688,"$1,123"
US-2018-167318,Accessories,*,US-2018-167318,"$1,650"
US-2018-167318,Chairs,*,US-2018-167318,$362
US-2018-167402,Art,*,US-2018-167402,$210
US-2018-167402,Bookcases,*,US-2018-167402,$213
US-2018-167402,Paper,*,US-2018-167402,$32
US-2018-167402,Supplies,*,US-2018-167402,"$4,164"
US-2018-167570,Chairs,*,US-2018-167570,$216
US-2018-167920,Accessories,*,US-2018-167920,$146
US-2018-167920,Appliances,*,US-2018-167920,$215
US-2018-167920,Binders,*,US-2018-167920,$45
US-2018-167920,Copiers,*,US-2018-167920,"$1,400"
US-2018-167920,Labels,*,US-2018-167920,$6
US-2018-167920,Storage,*,US-2018-167920,$15
US-2018-168116,Appliances,*,US-2018-168116,$167
US-2018-168116,Machines,*,US-2018-168116,"$8,000"
US-2018-168613,Chairs,*,US-2018-168613,$146
US-2018-168690,Binders,*,US-2018-168690,$3
US-2018-168802,Binders,*,US-2018-168802,$18
US-2018-169320,Accessories,*,US-2018-169320,$160
US-2018-169320,Art,*,US-2018-169320,$12
US-2018-169488,Paper,*,US-2018-169488,$57
US-2018-169502,Appliances,*,US-2018-169502,$92
US-2018-169502,Supplies,*,US-2018-169502,$22
US-2018-169551,Accessories,*,US-2018-169551,$545
US-2018-169551,Bookcases,*,US-2018-169551,$87
US-2018-169551,Paper,*,US-2018-169551,$16
US-2018-169551,Phones,*,US-2018-169551,$684
US-2018-169551,Storage,*,US-2018-169551,$13
